num_acc;senc;catv;occutc;obs;obsm;choc;manv;num_veh
201400000778;0;7;0;;;3;;A01
201400000778;0;32;0;;;3;;B02
201400000779;0;33;0;0;2;1;13;A01
201400000779;0;7;0;0;2;6;1;B02
201400000779;0;7;0;0;2;3;1;C03
201400000780;0;2;0;0;2;1;5;A01
201400000780;0;7;0;0;2;2;1;B02
201400000781;0;33;0;0;0;8;1;A01
201400000782;0;7;0;0;2;1;1;A01
201400000782;0;2;0;0;2;7;1;B02
201400000783;0;7;0;0;2;1;1;A01
201400000783;0;1;0;0;0;4;1;B02
201400000784;0;7;0;8;0;1;1;A01
201400000785;0;7;0;2;0;8;1;A01
201400000786;0;7;0;0;2;1;13;A01
201400000786;0;7;0;0;2;1;1;B02
201400000787;0;7;0;1;2;8;1;B02
201400000787;0;7;0;1;2;1;1;A01
201400000788;0;33;0;9;0;1;1;A01
201400000789;0;33;0;0;2;8;17;A01
201400000789;0;7;0;0;2;3;1;B02
201400000790;0;7;0;0;2;2;13;A01
201400000790;0;7;0;0;2;2;1;B02
201400000791;0;7;0;0;2;7;13;A01
201400000791;0;14;0;0;2;1;1;B02
201400000792;0;7;0;8;1;1;19;A01
201400000793;0;7;0;2;0;2;1;A01
201400000794;0;7;0;0;2;3;13;A01
201400000794;0;14;0;0;2;3;1;B02
201400000795;0;7;0;0;2;2;19;A01
201400000795;0;7;0;0;2;3;1;B02
201400000796;0;7;0;0;5;1;13;A01
201400000797;0;7;0;0;9;3;1;A01
201400000797;0;1;0;0;2;2;1;B02
201400000798;0;32;0;0;2;1;13;A01
201400000798;0;7;0;0;2;1;1;B02
201400000799;0;7;0;0;2;1;15;B02
201400000799;0;33;0;0;2;7;1;A01
201400000800;0;33;0;0;0;1;1;A01
201400000801;0;33;0;0;2;1;17;A01
201400000801;0;7;0;0;2;3;15;B02
201400000802;0;7;0;13;0;1;1;A01
201400000803;0;30;0;13;2;8;1;B02
201400000803;0;7;0;0;2;1;1;A01
201400000804;0;2;0;0;2;8;1;B02
201400000804;0;7;0;0;2;3;15;A01
201400000805;0;7;0;13;2;1;1;A01
201400000806;0;7;0;0;2;3;19;A01
201400000806;0;2;0;0;2;1;1;B02
201400000807;0;2;0;0;0;0;1;A01
201400000808;0;7;0;0;2;3;0;A01
201400000808;0;7;0;0;2;3;0;B02
201400000809;0;31;0;9;0;2;1;A01
201400000810;0;7;0;0;2;3;15;A01
201400000810;0;10;0;0;2;3;1;B02
201400000811;0;7;0;0;2;2;15;A01
201400000811;0;2;0;0;2;1;1;B02
201400000812;0;7;0;0;2;8;15;B02
201400000812;0;33;0;0;2;1;17;A01
201400000813;0;33;0;0;2;1;2;A01
201400000813;0;7;0;0;0;4;15;B02
201400000814;0;20;0;0;2;3;15;A01
201400000814;0;33;0;0;2;1;1;B02
201400000815;0;7;0;13;0;2;1;A01
201400000816;0;1;0;0;2;1;1;B02
201400000816;0;21;0;0;9;6;13;A01
201400000817;0;7;0;8;0;0;1;A01
201400000818;0;33;0;0;2;1;17;A01
201400000818;0;14;0;0;0;5;23;B02
201400000819;0;7;0;0;2;8;19;A01
201400000819;0;7;0;0;2;3;1;B02
201400000820;0;7;0;8;0;2;1;A01
201400000821;0;7;0;0;0;9;1;A01
201400000822;0;7;0;0;9;2;1;A01
201400000822;0;1;0;0;2;8;19;B02
201400000823;0;7;0;0;2;1;1;A01
201400000823;0;7;0;0;2;1;1;B02
201400000824;0;33;0;14;0;1;1;A01
201400000825;0;33;0;1;2;1;21;B02
201400000825;0;7;0;0;2;0;10;A01
201400000826;0;7;0;0;0;6;15;B02
201400000826;0;30;0;0;2;1;17;A01
201400000827;0;7;0;0;2;1;1;B02
201400000827;0;30;0;0;0;7;15;A01
201400000828;0;7;0;0;0;3;13;A01
201400000828;0;10;0;0;0;3;1;B02
201400000829;0;7;0;0;2;8;19;A01
201400000829;0;7;0;0;2;1;1;B02
201400000830;0;30;0;0;2;1;17;A01
201400000830;0;7;0;0;2;3;1;C03
201400000830;0;10;0;0;2;6;15;B02
201400000831;0;7;0;0;2;1;15;A01
201400000831;0;7;0;0;2;1;1;B02
201400000832;0;7;0;0;2;1;13;A01
201400000832;0;7;0;0;2;3;0;B02
201400000833;0;7;0;0;2;7;19;A01
201400000833;0;33;0;0;2;1;1;B02
201400000834;0;7;0;0;1;1;1;C03
201400000834;0;7;0;0;1;1;1;B02
201400000834;0;7;0;0;1;3;1;A01
201400000835;0;10;0;0;1;2;16;A01
201400000836;0;10;0;0;2;5;15;B02
201400000836;0;30;0;0;2;1;2;A01
201400000837;0;7;0;0;1;2;1;A01
201400000838;0;7;0;0;2;1;17;A01
201400000838;0;21;0;0;0;6;15;B02
201400000839;0;7;0;0;0;3;1;B02
201400000839;0;7;0;0;0;1;13;A01
201400000840;0;33;0;0;2;1;1;A01
201400000840;0;7;0;0;2;8;19;B02
201400000841;0;31;0;12;0;4;1;A01
201400000842;0;7;0;0;2;7;1;A01
201400000842;0;7;0;0;2;1;1;B02
201400000843;0;14;0;0;1;1;1;A01
201400000844;0;33;0;0;2;1;1;B02
201400000844;0;7;0;0;2;8;9;A01
201400000845;0;7;0;13;0;9;1;A01
201400000846;0;30;0;15;0;1;1;A01
201400000847;0;7;0;13;0;1;2;A01
201400000848;0;7;0;8;0;1;14;A01
201400000849;0;33;0;9;0;1;1;A01
201400000850;0;7;0;8;0;1;0;A01
201400000851;0;7;0;8;0;9;1;A01
201400000852;0;7;0;0;2;3;5;B02
201400000852;0;7;0;0;2;1;19;A01
201400000853;0;7;0;0;2;1;1;B02
201400000853;0;7;0;0;2;1;13;A01
201400000854;0;7;0;16;0;1;1;A01
201400000855;0;2;0;0;2;7;15;A01
201400000855;0;7;0;0;2;1;1;B02
201400000856;0;7;0;0;2;1;2;A01
201400000856;0;7;0;0;2;1;1;C03
201400000856;0;36;0;0;0;4;15;B02
201400000857;0;10;0;0;2;3;15;A01
201400000857;0;33;0;0;2;1;17;B02
201400000858;0;7;0;0;2;3;1;B02
201400000858;0;33;0;0;2;1;1;C03
201400000858;0;33;0;0;2;1;13;A01
201400000859;0;21;0;1;0;4;4;A01
201400000859;0;33;0;0;2;1;23;B02
201400000860;0;7;0;1;0;4;24;A01
201400000860;0;1;0;1;0;1;1;B02
201400000861;0;7;0;0;2;8;15;A01
201400000861;0;7;0;0;2;8;15;B02
201400000862;0;1;0;0;2;1;1;B02
201400000862;0;7;0;0;2;7;19;A01
201400000863;0;2;0;0;2;6;23;B02
201400000863;0;7;0;0;2;2;21;A01
201400000864;0;7;0;0;1;1;1;A01
201400000865;0;7;0;0;1;3;1;A01
201400000866;0;7;0;6;2;2;1;A01
201400000866;0;7;0;0;2;3;1;B02
201400000867;0;7;0;0;2;1;1;B02
201400000867;0;33;0;0;2;1;1;A01
201400000868;0;33;0;13;0;0;6;A01
201400000869;0;7;0;2;0;1;2;A01
201400000870;0;13;0;0;2;3;21;B02
201400000870;0;7;0;0;2;2;19;A01
201400000871;0;7;0;0;2;1;1;A01
201400000871;0;7;0;0;2;8;9;B02
201400000872;0;7;0;0;2;1;1;A01
201400000872;0;7;0;0;2;1;1;B02
201400000873;0;1;0;0;2;1;1;B02
201400000873;0;1;0;0;2;1;1;A01
201400000873;0;7;0;0;2;8;15;C03
201400000874;0;7;0;0;2;6;1;A01
201400000874;0;7;0;0;2;2;0;B02
201400000875;0;31;0;0;2;1;1;B01
201400000875;0;7;0;0;2;1;0;A02
201400000876;0;2;0;14;0;0;1;A01
201400000877;0;10;0;0;2;8;23;C03
201400000877;0;7;0;0;0;0;19;B02
201400000877;0;33;0;1;0;1;21;A01
201400000878;0;7;0;0;2;1;17;A01
201400000878;0;7;0;0;2;1;1;B02
201400000879;0;33;0;0;2;1;1;B02
201400000879;0;7;0;0;2;2;15;A01
201400000880;0;10;0;0;2;3;1;A01
201400000880;0;7;0;0;2;3;1;B02
201400000881;0;7;0;0;2;1;13;B02
201400000881;0;7;0;0;2;1;11;A01
201400000882;0;7;0;0;0;4;23;B02
201400000882;0;7;0;0;2;1;1;A01
201400000883;0;7;0;0;1;2;1;A01
201400000884;0;10;0;13;0;3;1;A01
201400000885;0;7;0;1;2;0;0;A01
201400000885;0;7;0;0;2;0;0;B02
201400000886;1;33;0;0;1;1;1;A01
201400000887;0;13;0;0;0;8;1;A01
201400000887;0;7;0;0;2;2;19;B02
201400000888;0;7;0;0;2;3;15;A01
201400000888;0;33;0;0;2;1;17;B02
201400000889;0;33;0;0;0;0;1;A01
201400000890;0;7;0;0;2;1;1;A01
201400000890;0;16;0;0;0;4;1;B02
201400000891;0;7;0;0;1;2;1;A01
201400000892;0;7;0;0;9;1;16;A01
201400000892;0;1;0;0;2;8;1;B02
201400000893;0;1;0;0;0;0;1;A01
201400000894;0;7;0;0;1;1;1;A01
201400000895;0;7;0;0;2;1;1;A01
201400000895;0;7;0;0;2;1;1;B02
201400000896;0;7;0;0;2;3;16;B02
201400000896;0;3;0;0;2;2;1;A01
201400000897;0;10;0;0;0;0;4;A01
201400000898;0;7;0;0;1;5;1;A01
201400000899;0;7;0;0;1;1;1;A01
201400000900;0;7;0;0;2;2;15;A01
201400000900;0;7;0;0;2;1;1;B02
201400000901;0;7;0;0;9;3;1;A01
201400000901;0;1;0;0;2;5;15;B02
201400000902;0;7;0;6;0;2;1;A01
201400000903;0;7;0;0;2;1;1;E05
201400000903;0;7;0;0;2;1;1;B02
201400000903;0;7;0;0;2;1;1;C03
201400000903;0;14;0;0;2;1;0;D04
201400000903;0;7;0;0;2;9;1;A01
201400000904;0;7;0;0;2;1;1;B02
201400000904;0;7;0;0;2;7;19;A01
201400000905;0;7;0;0;2;1;1;A01
201400000905;0;30;0;0;0;4;1;B02
201400000906;0;15;0;0;9;6;24;B02
201400000906;0;1;0;1;0;2;17;A01
201400000907;0;7;0;2;0;8;2;A01
201400000908;0;33;0;0;2;1;1;A01
201400000908;0;7;0;0;2;1;15;B02
201400000909;0;33;0;8;0;1;1;A01
201400000909;0;33;0;6;0;1;1;B02
201400000910;0;7;0;8;1;2;1;A01
201400000911;0;7;0;0;2;3;1;A01
201400000911;0;2;0;0;2;1;9;B02
201400000912;0;36;0;0;0;0;1;A01
201400000913;0;7;0;0;0;0;16;B02
201400000913;0;7;0;0;0;1;1;A01
201400000914;0;2;0;0;2;8;15;B02
201400000914;0;33;0;0;2;7;17;A01
201400000915;0;7;0;0;2;2;1;A01
201400000915;0;7;0;0;2;3;16;B02
201400000916;0;7;0;2;0;8;1;A01
201400000917;0;10;0;13;0;2;1;A01
201400000918;0;33;0;0;2;3;2;A01
201400000918;0;33;0;0;0;7;2;B02
201400000919;0;7;0;0;1;1;1;A01
201400000920;0;7;0;0;1;3;1;A01
201400000921;0;33;0;0;0;0;21;A01
201400000922;0;21;0;0;2;6;15;A01
201400000922;0;33;0;0;2;3;1;B02
201400000923;0;33;0;0;2;1;1;A01
201400000923;0;10;0;0;0;7;15;B02
201400000924;0;2;0;13;0;8;13;A01
201400000925;0;7;0;13;0;9;1;A01
201400000926;1;7;0;0;0;0;15;B02
201400000926;0;2;0;0;2;0;1;A01
201400000927;1;7;0;0;1;3;0;A01
201400000928;0;33;0;0;0;8;1;A01
201400000928;0;7;0;0;0;0;1;B02
201400000929;0;7;0;8;9;1;16;A01
201400000930;0;7;0;0;1;0;1;A01
201400000931;0;7;0;0;0;1;1;B02
201400000931;0;7;0;0;2;1;13;A01
201400000932;0;1;0;0;2;1;1;B02
201400000932;0;7;0;0;9;2;15;A01
201400000933;0;1;0;0;2;4;1;B02
201400000933;0;7;0;0;2;2;1;A01
201400000934;0;7;0;0;2;3;1;B02
201400000934;0;2;0;0;2;7;1;A01
201400000935;0;7;0;8;0;3;13;A01
201400000936;0;31;0;3;0;8;1;A01
201400000937;0;7;0;0;2;2;2;B02
201400000937;0;7;0;0;2;1;2;C03
201400000937;0;7;0;0;5;6;0;A01
201400000937;0;31;0;0;2;1;2;D04
201400000938;0;1;0;0;2;8;1;B02
201400000938;0;7;0;0;2;7;17;A01
201400000939;0;7;0;0;1;1;1;A01
201400000940;0;7;0;0;2;2;24;A01
201400000940;0;2;0;0;2;1;1;B02
201400000941;0;7;0;0;2;1;13;A01
201400000941;0;7;0;0;2;1;1;B02
201400000942;0;7;0;6;0;1;1;A01
201400000943;0;33;0;0;1;1;1;A01
201400000944;0;2;0;0;2;1;1;B02
201400000944;0;7;0;0;2;1;13;A01
201400000945;0;7;0;0;1;4;4;A01
201400000946;0;7;0;0;2;1;1;A01
201400000946;0;30;0;0;2;8;1;B02
201400000947;0;7;0;2;0;1;13;A01
201400000948;0;7;0;0;1;1;16;A01
201400000949;0;7;0;0;0;3;1;A01
201400000950;0;7;0;8;0;8;1;A01
201400000951;0;21;0;0;2;8;1;B02
201400000951;0;2;0;0;2;1;16;A01
201400000952;0;7;0;0;1;3;1;A01
201400000953;0;7;0;0;1;2;0;A01
201400000954;0;7;0;0;2;8;19;B02
201400000954;0;7;0;0;2;1;1;A01
201400000955;0;7;0;0;2;1;1;B02
201400000955;0;7;0;0;2;7;15;A01
201400000956;0;7;0;13;0;1;1;A01
201400000957;0;7;0;3;0;1;1;A01
201400000958;0;7;0;8;0;1;1;A01
201400000959;0;33;0;0;2;7;1;A01
201400000959;0;7;0;0;2;1;1;B02
201400000960;0;7;0;13;0;9;1;A01
201400000961;0;21;0;0;2;8;15;A01
201400000961;0;33;0;0;2;1;17;B02
201400000962;0;17;0;6;0;3;1;A01
201400000963;0;33;0;0;0;1;0;A01
201400000964;0;7;0;0;1;1;1;A01
201400000965;0;3;0;0;1;3;11;A01
201400000966;0;7;0;0;0;1;1;A01
201400000967;0;7;0;0;2;3;15;A01
201400000967;0;30;0;0;2;1;1;B02
201400000968;0;99;0;0;2;3;1;B02
201400000968;0;99;0;0;2;3;19;A01
201400000969;0;10;0;0;2;1;1;A01
201400000969;0;7;0;0;2;3;0;B02
201400000970;0;7;0;14;0;1;0;D04
201400000970;0;7;0;14;0;1;1;B02
201400000970;0;7;0;14;0;1;1;C03
201400000970;0;15;0;3;0;7;1;A01
201400000971;0;10;0;0;2;3;15;A01
201400000971;0;33;0;0;2;1;1;B02
201400000972;0;99;0;0;2;1;1;B02
201400000972;0;10;0;0;2;1;21;A01
201400000973;0;7;0;0;2;3;13;A01
201400000973;0;7;0;0;2;3;1;B02
201400000974;0;10;0;0;2;1;5;A01
201400000974;0;7;0;0;2;1;1;B02
201400000975;0;33;0;0;5;1;1;A01
201400000976;0;7;0;0;0;1;1;A01
201400000977;0;7;0;13;0;7;1;A01
201400000978;0;7;0;2;0;3;1;A01
201400000979;0;7;0;0;2;1;13;A01
201400000979;0;7;0;0;2;1;1;B02
201400000980;0;7;0;0;2;1;1;B02
201400000980;0;7;0;0;2;7;13;A01
201400000981;0;7;0;0;1;1;1;A01
201400000982;0;3;0;0;2;8;19;B02
201400000982;0;7;0;0;2;1;1;A01
201400000983;0;7;0;0;2;6;23;B02
201400000983;0;7;0;1;0;2;21;C03
201400000983;0;7;0;3;0;8;1;A01
201400000984;0;7;0;13;0;1;13;A01
201400000985;0;31;0;0;2;1;2;A01
201400000985;0;7;0;0;2;5;2;B02
201400000986;0;7;0;0;2;1;1;B02
201400000986;0;7;0;0;2;2;15;A01
201400000987;0;2;0;0;2;4;2;B02
201400000987;0;7;0;0;2;1;2;A01
201400000988;0;7;0;0;2;1;5;A01
201400000988;0;7;0;0;2;3;1;B02
201400000989;0;7;0;0;2;1;15;B02
201400000989;0;33;0;0;2;1;1;A01
201400000990;0;21;0;0;0;3;15;B02
201400000990;0;33;0;0;2;1;17;A01
201400000991;0;7;0;0;1;3;1;A01
201400000992;0;7;0;13;0;8;14;A01
201400000993;0;7;0;16;0;1;1;A01
201400000994;0;7;0;0;2;1;1;A01
201400000994;0;7;0;0;2;8;19;B02
201400000995;0;10;0;0;2;1;1;A01
201400000995;0;7;0;0;2;3;19;B02
201400000996;0;33;0;0;0;7;16;A01
201400000997;0;33;0;0;2;3;1;A01
201400000997;0;7;0;0;2;2;19;B02
201400000998;0;7;0;0;2;1;1;A01
201400000998;0;7;0;0;2;3;1;B02
201400000998;0;7;0;0;2;4;2;C03
201400000999;0;7;0;0;2;7;19;A01
201400000999;0;7;0;0;2;1;1;B02
201400001000;1;7;0;0;1;;0;A01
201400001001;0;7;0;0;2;1;9;A01
201400001001;0;2;0;0;2;5;2;B02
201400001002;0;7;0;0;2;3;13;A01
201400001002;0;7;0;0;2;2;1;B02
201400001003;0;7;0;0;1;2;1;A01
201400001004;0;10;0;0;1;2;1;A01
201400001005;0;2;0;0;2;7;1;B02
201400001005;0;10;0;0;2;1;15;A01
201400001006;0;7;0;0;1;2;1;A01
201400001007;0;7;0;0;0;3;23;C03
201400001007;0;7;0;0;2;1;15;A01
201400001007;0;7;0;0;2;1;1;B02
201400001008;0;7;0;13;0;5;1;A01
201400001009;0;7;0;0;0;5;13;A01
201400001009;0;10;0;0;2;1;1;B02
201400001010;0;7;0;0;0;1;1;A01
201400001010;0;7;0;0;0;1;1;B02
201400001011;0;7;0;0;2;7;13;A01
201400001011;0;7;0;0;2;1;1;B02
201400001012;0;7;0;0;2;1;5;A01
201400001012;0;2;0;0;2;1;1;B02
201400001013;0;3;0;0;2;1;13;A01
201400001013;0;7;0;0;2;1;1;B02
201400001014;0;7;0;0;2;1;17;A01
201400001014;0;7;0;0;2;1;1;B02
201400001015;0;7;0;0;1;2;2;A01
201400001016;0;7;0;0;0;0;23;A01
201400001017;0;10;0;0;1;2;1;A01
201400001018;0;7;0;0;2;3;2;A01
201400001018;0;1;0;0;2;4;2;B02
201400001019;0;7;0;0;2;7;13;A01
201400001019;0;7;0;0;2;1;1;B02
201400001020;0;7;0;0;2;3;1;A01
201400001020;0;7;0;0;2;3;1;B02
201400001021;0;7;0;6;0;1;1;A01
201400001022;1;7;0;0;1;0;4;A01
201400001023;0;7;0;0;2;7;16;A01
201400001023;0;1;0;0;2;8;2;B02
201400001024;0;7;0;8;0;9;1;A01
201400001025;0;7;0;0;2;2;1;A01
201400001025;0;7;0;0;2;3;1;B02
201400001025;0;10;0;0;2;2;1;C03
201400001026;0;7;0;0;2;3;13;A01
201400001026;0;7;0;0;2;3;1;B02
201400001027;0;7;0;0;0;9;14;A01
201400001028;0;7;0;0;1;2;1;A01
201400001029;0;10;0;0;1;0;1;A01
201400001030;0;33;0;0;2;1;1;A01
201400001030;0;7;0;0;2;6;19;B02
201400001031;0;7;0;0;2;3;13;A01
201400001031;0;7;0;0;2;2;1;B02
201400001032;0;7;0;0;2;6;19;A01
201400001032;0;33;0;0;2;1;1;B02
201400001033;0;7;0;0;2;2;17;A01
201400001033;0;1;0;0;2;4;1;B02
201400001034;0;33;0;13;0;1;1;A01
201400001035;0;7;0;0;2;8;1;A01
201400001035;0;7;0;0;2;8;1;B02
201400001035;0;33;0;0;2;1;13;C03
201400001035;0;33;0;0;2;1;13;D04
201400001036;0;7;0;0;1;2;1;A01
201400001037;0;7;0;0;2;2;19;A01
201400001037;0;1;0;0;2;1;1;B02
201400001038;0;7;0;6;0;1;1;A01
201400001039;0;14;0;13;0;1;1;A01
201400001040;0;7;0;0;2;3;13;A01
201400001040;0;7;0;0;2;3;1;B02
201400001040;0;10;0;0;2;1;1;C03
201400001041;0;7;0;0;1;2;1;A01
201400001042;0;10;0;0;2;1;1;A01
201400001042;0;30;0;0;2;8;9;B02
201400001043;0;7;0;0;1;1;1;A01
201400001044;0;7;0;13;0;1;1;A01
201400001045;0;33;0;0;2;3;1;A01
201400001045;0;7;0;0;2;3;15;B02
201400001046;0;7;0;0;1;3;1;A01
201400001047;0;2;0;0;2;2;9;A01
201400001047;0;7;0;0;2;3;1;B02
201400001048;0;99;0;13;0;0;0;A01
201400001049;0;33;0;0;2;1;1;A01
201400001049;0;7;0;0;2;2;1;B02
201400001050;0;13;0;0;2;7;10;A01
201400001050;0;10;0;0;2;3;2;B02
201400001051;0;33;0;0;2;1;17;A01
201400001051;0;7;0;0;2;8;15;B02
201400001052;0;7;0;0;2;6;1;A01
201400001052;0;1;0;0;2;2;15;B02
201400001053;0;7;0;0;2;4;20;A01
201400001053;0;30;0;0;2;7;1;B02
201400001054;0;7;0;0;1;2;14;A01
201400001055;0;30;0;6;0;1;13;A01
201400001056;0;7;0;0;1;2;1;A01
201400001057;0;7;0;8;0;5;1;A01
201400001058;0;7;0;6;0;1;1;A01
201400001059;0;7;0;0;1;3;1;A01
201400001060;0;7;0;0;1;2;1;A01
201400001061;0;7;0;13;0;1;1;A01
201400001062;0;7;0;0;2;1;13;A01
201400001062;0;7;0;0;2;1;1;B02
201400001062;0;7;0;0;2;6;2;C03
201400001063;0;7;0;8;0;7;1;A01
201400001064;0;1;0;0;2;4;1;A01
201400001064;0;10;0;0;2;2;1;B02
201400001065;0;7;0;2;0;3;13;A01
201400001066;0;7;0;2;0;3;6;A01
201400001067;0;7;0;0;2;1;13;A01
201400001067;0;7;0;0;2;1;21;B02
201400001068;0;7;0;0;2;1;13;A01
201400001068;0;10;0;0;2;3;1;B02
201400001069;0;10;0;0;0;3;17;A01
201400001069;0;7;0;0;2;8;21;B02
201400001070;0;10;0;0;2;3;17;A01
201400001070;0;7;0;0;2;3;1;B02
201400001071;0;7;0;13;0;9;1;A01
201400001072;0;7;0;0;2;6;1;A01
201400001072;0;7;0;0;2;1;2;B02
201400001073;0;10;0;0;2;3;17;A01
201400001073;0;7;0;0;2;3;1;B02
201400001073;0;17;0;0;2;8;17;C03
201400001074;0;7;0;0;2;1;1;A01
201400001074;0;7;0;0;2;1;0;B02
201400001075;0;7;0;0;1;1;1;A01
201400001076;0;30;0;0;2;1;13;A01
201400001076;0;7;0;0;2;1;1;B02
201400001077;0;7;0;0;1;2;1;A01
201400001078;0;14;0;0;2;1;1;B02
201400001078;0;2;0;0;2;8;1;A01
201400001079;0;2;0;13;0;1;13;A01
201400001080;0;7;0;0;2;1;13;A01
201400001080;0;10;0;0;2;1;1;B02
201400001081;0;7;0;0;2;6;19;B02
201400001081;0;30;0;0;2;1;1;A01
201400001082;0;7;0;0;1;3;1;A01
201400001083;0;7;0;0;2;8;13;A01
201400001083;0;14;0;0;2;1;1;B02
201400001084;0;10;0;0;1;7;1;A01
201400001085;0;7;0;0;2;3;1;A01
201400001085;0;2;0;0;2;7;19;B02
201400001086;0;7;0;0;2;7;1;A01
201400001086;0;7;0;0;2;3;1;B02
201400001087;0;1;0;0;0;1;1;A01
201400001088;0;7;0;0;1;1;1;A01
201400001089;0;30;0;8;0;2;16;A01
201400001090;0;33;0;7;0;1;17;A01
201400001091;0;33;0;0;2;1;17;A01
201400001091;0;7;0;0;2;3;1;B02
201400001092;0;7;0;0;2;3;13;A01
201400001092;0;7;0;0;2;3;1;B02
201400001093;0;7;0;0;0;3;0;A01
201400001093;0;1;0;0;0;1;0;B02
201400001094;0;1;0;0;2;8;15;A01
201400001094;0;7;0;0;2;7;15;B02
201400001095;0;7;0;0;2;3;1;A01
201400001095;0;3;0;0;2;3;1;B02
201400001096;0;7;0;0;2;3;1;B02
201400001096;0;7;0;0;2;6;13;A01
201400001097;0;7;0;0;1;3;1;A01
201400001098;0;33;0;0;1;7;1;A01
201400001099;0;7;0;0;0;1;0;B02
201400001099;0;7;0;0;0;1;1;A01
201400001100;0;7;0;13;0;2;14;A01
201400001101;0;7;0;0;2;3;13;A01
201400001101;0;7;0;10;2;3;1;B02
201400001102;0;7;0;0;1;1;1;A01
201400001103;0;7;0;0;1;3;1;A01
201400001104;0;7;0;0;2;2;1;B02
201400001104;0;7;0;0;2;2;0;A01
201400001105;0;7;0;13;0;1;0;A01
201400001106;0;7;0;0;1;2;1;A01
201400001107;0;33;0;8;0;1;0;A01
201400001108;1;7;0;0;1;6;19;A01
201400001109;0;7;0;0;2;3;13;A01
201400001109;0;7;0;0;2;3;1;B02
201400001110;0;7;0;0;2;1;15;A01
201400001110;0;30;0;0;2;1;1;B02
201400001111;0;7;0;0;1;2;1;A01
201400001112;0;33;0;0;2;1;1;A01
201400001112;0;7;0;0;2;2;15;B02
201400001113;0;30;0;0;2;1;1;A01
201400001113;2;7;0;0;2;8;19;B02
201400001114;0;7;0;0;2;2;2;A01
201400001114;0;7;0;0;2;1;1;B02
201400001114;0;7;0;0;2;1;0;C03
201400001114;0;10;0;13;0;2;1;D04
201400001115;0;7;0;0;2;1;13;A01
201400001115;0;7;0;0;2;1;1;B02
201400001116;0;7;0;0;2;6;15;A01
201400001116;0;33;0;0;2;1;17;B02
201400001117;0;7;0;0;1;1;1;A01
201400001118;0;31;0;5;0;1;1;A01
201400001119;0;7;0;0;2;8;1;B02
201400001119;0;7;0;0;2;1;15;A01
201400001120;0;7;0;0;2;2;1;A01
201400001120;0;2;0;0;2;1;13;B02
201400001121;0;1;0;0;0;0;1;A01
201400001122;0;7;0;13;0;3;0;A01
201400001123;0;7;0;2;0;9;1;A01
201400001124;0;30;0;0;1;1;0;A01
201400001124;0;30;0;0;2;1;2;B02
201400001125;0;14;0;0;2;3;21;B02
201400001125;0;7;0;0;2;3;13;A01
201400001126;0;7;0;13;0;2;1;A01
201400001127;0;7;0;0;1;2;1;A01
201400001128;0;7;0;13;0;7;1;A01
201400001129;0;7;0;0;2;1;1;A01
201400001129;0;7;0;0;2;8;1;B02
201400001130;0;10;0;0;2;3;15;A01
201400001130;0;10;0;0;2;5;1;B02
201400001131;0;7;0;0;2;3;1;A01
201400001131;0;7;0;0;2;1;19;B02
201400001132;0;7;0;13;0;2;1;A01
201400001133;0;7;0;13;0;1;1;A01
201400001134;0;14;0;0;2;1;0;A01
201400001134;0;7;0;0;2;1;5;B02
201400001135;0;7;0;0;2;1;13;A01
201400001135;0;7;0;0;2;1;1;B02
201400001136;0;7;0;0;2;2;15;A01
201400001136;0;7;0;0;2;1;1;B02
201400001136;0;7;0;0;0;8;23;C03
201400001137;0;21;0;0;0;4;4;A01
201400001137;0;1;0;0;2;1;1;B02
201400001138;0;7;0;6;0;3;1;A01
201400001139;0;7;0;13;0;1;1;A01
201400001140;0;17;0;13;0;3;1;A01
201400001141;0;10;0;0;2;1;1;A01
201400001141;0;10;0;0;2;1;1;B02
201400001142;0;7;0;0;2;2;15;A01
201400001142;0;1;0;0;2;1;1;B02
201400001143;0;7;0;2;0;9;1;A01
201400001144;0;7;0;0;1;3;17;A01
201400001144;0;7;0;14;0;0;1;B02
201400001145;0;7;0;0;2;2;1;A01
201400001145;0;7;0;0;2;6;1;B02
201400001146;0;7;0;0;1;8;1;A01
201400001147;1;7;0;0;1;2;2;A01
201400001148;0;10;0;0;2;7;15;A01
201400001148;0;7;0;0;2;1;1;B02
201400001149;0;7;0;0;2;2;15;A01
201400001149;0;2;0;0;2;8;0;B02
201400001150;0;7;0;0;2;2;1;A01
201400001150;0;7;0;0;2;3;1;B02
201400001151;0;33;0;0;2;1;1;A01
201400001151;0;7;0;0;2;6;6;B02
201400001152;0;10;0;8;0;7;17;A01
201400001153;0;7;0;0;2;1;1;A01
201400001153;0;7;0;0;2;3;2;B02
201400001154;0;36;0;6;0;9;20;A01
201400001155;0;7;0;0;2;1;5;A01
201400001155;0;7;0;0;2;1;1;B02
201400001156;0;7;0;2;0;1;1;A01
201400001157;0;1;0;0;2;4;1;B02
201400001157;0;7;0;0;2;2;1;A01
201400001158;0;7;0;0;2;1;1;A01
201400001158;0;7;0;0;2;3;5;B02
201400001159;0;7;0;0;2;2;1;A01
201400001159;0;7;0;0;2;1;1;B02
201400001160;0;7;0;0;2;5;13;A01
201400001160;0;7;0;0;2;2;1;B02
201400001161;0;30;0;0;1;1;2;A01
201400001162;0;7;0;0;0;0;1;B02