num_acc;senc;catv;occutc;obs;obsm;choc;manv;num_veh
201400001546;0;7;0;0;2;1;1;B01
201400001546;0;33;0;0;2;1;5;A01
201400001547;0;7;0;0;0;2;1;A01
201400001547;0;1;0;0;2;1;19;B01
201400001548;0;7;0;0;0;1;1;B01
201400001548;0;7;0;0;0;0;21;C01
201400001549;0;7;0;0;2;3;1;A01
201400001549;0;21;0;0;2;6;19;B01
201400001550;0;30;0;0;1;1;17;A01
201400001551;0;33;0;8;2;1;17;A01
201400001551;0;7;0;0;2;8;15;B01
201400001552;0;1;0;0;2;1;19;A01
201400001552;1;7;0;0;2;8;1;B01
201400001553;0;7;0;0;2;1;2;A01
201400001553;0;7;0;0;2;4;15;B01
201400001554;0;7;0;0;2;1;1;B01
201400001554;0;7;0;0;2;7;1;A01
201400001555;0;7;0;0;2;3;2;B01
201400001555;0;7;0;0;2;3;1;A01
201400001556;0;7;0;0;2;3;13;A01
201400001556;0;7;0;0;2;3;1;B01
201400001557;0;7;0;0;2;4;15;B01
201400001557;0;7;0;0;2;1;2;A01
201400001558;0;30;0;0;2;1;1;B01
201400001558;0;7;0;0;2;3;19;A01
201400001559;0;7;0;1;2;8;10;A01
201400001559;0;7;0;0;2;1;1;B01
201400001560;0;7;0;0;2;1;1;B01
201400001560;0;7;0;0;0;8;15;A01
201400001561;0;7;0;0;2;2;15;A01
201400001561;0;7;0;0;2;1;1;B01
201400001562;0;7;0;8;0;3;1;A01
201400001563;0;7;0;0;2;6;1;B02
201400001563;0;7;0;0;2;2;2;A01
201400001563;0;1;0;0;2;4;1;C03
201400001564;0;7;0;13;0;1;1;A01
201400001565;0;7;0;0;2;1;0;B01
201400001565;0;30;0;0;2;8;19;A01
201400001566;0;7;0;0;1;3;15;A01
201400001567;0;7;0;8;0;1;14;A01
201400001568;0;7;0;0;1;2;20;A01
201400001569;0;7;0;0;0;1;1;C01
201400001569;0;10;0;0;0;1;2;A01
201400001569;0;7;0;0;0;4;15;B01
201400001570;0;7;0;0;2;4;2;C01
201400001570;0;17;0;0;2;1;2;A01
201400001570;0;7;0;0;2;4;2;B01
201400001571;0;7;0;0;9;8;15;A01
201400001571;0;1;0;0;2;0;19;B01
201400001572;0;10;0;0;0;8;0;A01
201400001572;0;2;0;0;2;1;1;B01
201400001573;0;7;0;0;0;4;1;B01
201400001573;1;7;0;0;0;2;10;Z01
201400001574;0;7;0;0;2;6;9;A01
201400001574;0;33;0;0;2;3;1;B01
201400001575;0;7;0;0;1;3;13;A01
201400001576;0;7;0;0;2;2;16;B01
201400001576;0;1;0;0;2;1;1;A01
201400001577;0;2;0;0;2;2;21;B01
201400001577;0;7;0;0;2;6;0;A01
201400001578;0;7;0;0;2;3;0;A01
201400001578;0;7;0;0;2;2;1;B01
201400001579;0;7;0;0;2;2;21;B01
201400001579;0;7;0;0;2;1;13;A01
201400001580;0;10;0;0;2;1;1;B01
201400001580;0;7;0;0;2;8;15;A01
201400001581;0;7;0;0;1;2;1;A01
201400001582;0;7;0;0;2;7;16;A01
201400001582;0;1;0;0;2;1;1;B01
201400001583;0;7;0;0;2;4;2;C01
201400001583;0;7;0;0;2;1;2;A01
201400001583;0;7;0;0;2;4;2;B01
201400001584;0;7;0;0;2;1;2;A01
201400001584;0;30;0;0;0;4;2;B01
201400001585;0;7;0;0;1;2;16;A01
201400001586;0;33;0;0;2;1;21;A01
201400001586;0;7;0;0;0;2;1;B01
201400001587;0;30;0;1;0;1;14;A01
201400001588;0;7;0;0;1;2;15;A01
201400001589;0;7;0;0;2;7;19;A01
201400001589;0;33;0;0;2;1;1;B01
201400001590;0;7;0;0;2;4;23;C01
201400001590;0;7;0;0;2;4;23;B01
201400001590;0;7;0;0;2;1;2;A01
201400001591;0;10;0;0;2;3;13;A01
201400001591;0;10;0;0;2;3;1;B01
201400001592;0;1;0;0;2;8;15;Y01
201400001592;0;7;0;0;9;2;1;A01
201400001593;0;10;0;0;2;3;13;A01
201400001593;0;7;0;0;2;3;1;B01
201400001594;0;7;0;0;1;2;1;A01
201400001595;0;7;0;0;1;1;2;A01
201400001596;0;7;0;0;1;1;1;A01
201400001596;0;7;0;0;0;0;24;B01
201400001597;0;7;0;0;1;1;15;A01
201400001598;0;7;0;0;1;2;1;A01
201400001599;0;7;0;0;2;1;1;C01
201400001599;0;7;0;0;2;1;1;A01
201400001599;0;7;0;0;2;6;1;B01
201400001600;0;7;0;0;2;1;1;B01
201400001600;0;2;0;0;2;3;1;A01
201400001601;0;7;0;0;0;4;2;C01
201400001601;0;10;0;0;2;1;2;A01
201400001601;0;7;0;0;0;6;2;B01
201400001602;0;7;0;0;1;3;15;A01
201400001603;0;7;0;0;2;1;1;A01
201400001603;0;7;0;0;0;7;15;B01
201400001604;0;7;0;0;2;4;2;B01
201400001604;0;7;0;0;0;4;2;C01
201400001604;0;7;0;0;2;1;2;A01
201400001605;0;7;0;0;2;1;0;A01
201400001605;0;7;0;0;2;3;0;C01
201400001605;0;7;0;0;2;1;0;B01
201400001606;0;7;0;0;0;4;2;B01
201400001606;0;33;0;0;2;1;2;A01
201400001607;0;10;0;0;2;1;19;A01
201400001607;0;7;0;0;2;1;1;B01
201400001608;0;7;0;0;2;1;1;B01
201400001608;0;10;0;0;2;2;13;A01
201400001609;0;7;0;0;2;2;17;A01
201400001609;0;7;0;0;2;8;2;B01
201400001610;0;7;0;0;2;2;2;A01
201400001610;0;7;0;0;0;4;2;B01
201400001611;0;32;0;0;0;3;21;B01
201400001611;0;7;0;0;2;2;9;A01
201400001612;0;7;0;0;1;2;0;A01
201400001613;0;7;0;3;2;4;2;A01
201400001613;0;7;0;0;0;4;2;C01
201400001613;0;7;0;0;2;5;2;B01
201400001614;0;7;0;0;1;1;1;A01
201400001615;0;7;0;0;2;8;24;A01
201400001615;0;1;0;1;0;1;1;B01
201400001616;0;7;0;0;1;1;24;A01
201400001617;0;7;0;0;2;4;23;B02
201400001617;0;7;0;0;2;1;2;A01
201400001618;0;7;0;13;0;3;13;A01
201400001619;0;7;0;13;0;1;1;A01
201400001620;0;99;0;0;0;0;1;A01
201400001621;0;7;0;13;0;3;13;A01
201400001622;0;7;0;0;2;2;21;A01
201400001622;0;7;0;0;2;8;15;B02
201400001623;0;7;0;0;0;2;15;A01
201400001623;0;30;0;0;0;1;1;B02
201400001624;0;7;0;0;2;1;15;A01
201400001624;0;7;0;0;2;1;1;B02
201400001625;0;7;0;0;2;0;1;A01
201400001625;0;7;0;0;2;0;0;B02
201400001626;0;10;0;0;2;1;1;A01
201400001626;0;7;0;0;2;8;19;B02
201400001627;0;7;0;0;1;1;1;A01
201400001628;0;7;0;2;0;1;1;A01
201400001629;0;7;0;0;2;3;13;A01
201400001629;0;7;0;0;2;3;1;B02
201400001630;0;10;0;0;1;2;1;A01
201400001631;0;10;0;0;2;2;1;B02
201400001631;0;2;0;0;2;3;15;A01
201400001632;0;33;0;2;2;2;1;A01
201400001632;0;7;0;0;2;3;1;B02
201400001633;0;1;0;0;2;1;16;A01
201400001633;0;7;0;0;9;3;1;B02
201400001634;0;36;0;2;0;9;0;A01
201400001635;0;7;0;0;1;4;4;A01
201400001636;0;7;0;0;2;1;19;A01
201400001636;0;33;0;0;2;7;1;B02
201400001637;0;7;0;0;2;3;1;B02
201400001637;0;7;0;0;2;3;1;A01
201400001638;0;7;0;13;0;9;1;A01
201400001639;0;7;0;2;0;2;1;A01
201400001640;0;7;0;0;2;1;19;A01
201400001640;0;3;0;0;2;2;1;B02
201400001641;0;7;0;0;0;9;0;A01
201400001642;0;21;0;0;2;5;17;A01
201400001642;0;1;0;0;2;8;1;B02
201400001643;0;21;0;13;0;7;1;A01
201400001644;0;10;0;0;2;1;1;B02
201400001644;0;7;0;0;2;1;13;A01
201400001645;0;33;0;0;6;1;1;A01
201400001646;0;7;0;0;2;1;17;A01
201400001646;0;7;0;0;2;1;1;B02
201400001647;0;7;0;2;0;9;1;A01
201400001648;0;7;0;0;1;7;1;A01
201400001649;0;7;0;0;2;3;1;C03
201400001649;0;7;0;0;2;3;2;A01
201400001649;0;7;0;0;2;4;23;B02
201400001650;0;7;0;0;1;2;1;A01
201400001651;0;7;0;0;1;1;16;A01
201400001652;0;7;0;15;1;1;21;A01
201400001653;0;2;0;0;2;7;1;A01
201400001653;1;7;0;0;2;2;0;B02
201400001654;0;33;0;0;1;2;1;A01
201400001655;0;33;0;0;2;7;1;B02
201400001655;0;7;0;0;2;2;1;A01
201400001656;0;7;0;0;2;2;16;A01
201400001656;0;1;0;0;2;8;1;B02
201400001657;0;33;0;5;0;1;1;A01
201400001658;0;2;0;0;2;1;1;B02
201400001658;0;2;0;0;2;8;15;A01
201400001659;0;7;0;13;0;3;1;A01
201400001660;0;33;0;0;2;1;1;B02
201400001660;0;7;0;0;2;8;19;A01
201400001661;0;7;0;13;0;9;1;A01
201400001662;0;7;0;6;0;1;1;A01
201400001663;0;1;0;0;2;1;1;B02
201400001663;0;7;0;0;2;2;9;A01
201400001664;0;7;0;0;2;3;1;A01
201400001664;0;2;0;0;2;7;16;B02
201400001665;0;7;0;2;0;8;0;A01
201400001666;0;1;0;0;2;0;0;A02
201400001666;0;7;0;0;2;3;1;B01
201400001667;0;7;0;0;2;1;15;A01
201400001667;0;7;0;0;2;1;1;B02
201400001668;0;7;0;0;2;8;10;A01
201400001668;0;30;0;0;2;1;17;B02
201400001669;0;33;0;0;2;0;17;A01
201400001669;0;7;0;0;2;0;19;B02
201400001670;0;33;0;0;2;8;1;B02
201400001670;0;7;0;0;2;8;1;A01
201400001671;0;7;0;0;2;1;13;A01
201400001671;0;7;0;0;2;1;1;B02
201400001672;0;30;0;6;0;1;1;A01
201400001673;0;7;0;0;1;2;1;A01
201400001674;0;14;0;0;2;3;1;B02
201400001674;0;7;0;0;2;1;13;A01
201400001675;0;7;0;0;0;2;1;A01
201400001676;0;7;0;0;2;6;9;A01
201400001676;0;33;0;0;2;2;1;B02
201400001677;0;7;0;0;2;9;15;B02
201400001677;0;7;0;1;0;1;1;A01
201400001677;0;10;0;0;2;8;5;C03
201400001678;0;7;0;13;0;1;1;A01
201400001679;2;7;0;0;1;0;0;A01
201400001680;0;17;0;0;2;1;1;B02
201400001680;0;7;0;0;2;1;13;A01
201400001681;0;7;0;7;0;1;1;A01
201400001682;0;2;0;0;2;3;13;A01
201400001682;0;7;0;0;0;3;1;B02
201400001683;2;7;0;0;2;8;23;A01
201400001683;0;7;0;1;0;1;1;B02
201400001684;0;7;0;0;2;1;15;A01
201400001684;0;7;0;0;2;1;1;B02
201400001685;0;10;0;0;1;2;1;A01
201400001686;0;7;0;0;2;1;1;B02
201400001686;0;7;0;0;2;1;17;A01
201400001687;0;7;0;13;0;1;1;A01
201400001688;0;7;0;0;2;4;1;A01
201400001688;0;33;0;0;2;1;1;B02
201400001689;0;7;0;0;1;2;1;A01
201400001690;0;1;0;0;0;1;1;B02
201400001690;0;1;0;0;0;1;13;A01
201400001691;0;7;0;0;2;2;1;A01
201400001691;0;2;0;0;2;1;1;B02
201400001692;0;10;0;0;0;3;13;A01
201400001692;0;7;0;0;2;3;1;B02
201400001693;0;33;0;13;0;1;1;A01
201400001694;0;7;0;0;2;2;1;A01
201400001694;0;1;0;0;2;8;1;B02
201400001695;0;17;0;0;2;3;1;B02
201400001695;0;7;0;0;2;3;13;A01
201400001696;0;7;0;0;0;1;1;B02
201400001696;0;7;0;0;0;7;13;A01
201400001697;0;10;0;1;0;3;1;A01
201400001697;0;7;0;0;0;3;24;B02
201400001698;0;10;0;0;2;3;1;A01
201400001698;0;7;0;0;2;3;13;B02
201400001699;0;7;0;0;2;8;1;C03
201400001699;0;7;0;0;2;8;1;B02
201400001699;0;7;0;0;2;3;1;A01
201400001700;0;7;0;2;0;9;1;A01
201400001701;0;30;0;8;0;1;1;A01
201400001702;0;21;0;0;9;1;1;A01
201400001702;0;1;0;0;2;1;16;B02
201400001703;0;7;0;0;2;2;21;B02
201400001703;0;7;0;0;2;3;19;A01
201400001704;0;7;0;13;0;3;13;A01
201400001705;0;7;0;2;0;2;14;A01
201400001706;0;10;0;13;0;2;13;A01
201400001707;0;30;0;0;0;0;1;A01
201400001708;0;7;0;0;2;1;0;B02
201400001708;0;99;0;0;0;1;0;A01
201400001709;0;30;0;0;2;1;17;B02
201400001709;0;21;0;0;2;3;15;A01
201400001710;0;33;0;0;2;1;2;B02
201400001710;0;7;0;0;0;4;15;A01
201400001711;0;7;0;0;0;5;0;A01
201400001711;0;33;0;0;0;5;0;B02
201400001712;0;30;0;0;2;1;1;B02
201400001712;0;7;0;0;2;3;17;A01
201400001713;0;33;0;0;2;1;2;A01
201400001713;0;7;0;0;0;5;0;B02
201400001714;0;34;0;2;0;1;0;A01
201400001715;0;33;0;7;0;2;1;A01
201400001716;0;7;0;0;2;3;9;A01
201400001716;0;33;0;0;2;7;1;B02
201400001717;0;30;0;0;1;1;1;A01
201400001718;0;34;0;0;1;1;1;A01
201400001719;0;7;0;8;0;1;1;A01
201400001720;0;7;0;0;0;1;14;A01
201400001721;0;10;0;0;2;1;1;B02
201400001721;0;7;0;0;2;1;13;A01
201400001722;0;2;0;0;2;1;1;B02
201400001722;0;7;0;0;0;6;15;A01
201400001723;0;7;0;0;2;6;1;B02
201400001723;0;31;0;0;2;1;1;A01
201400001724;0;1;0;0;0;8;1;B02
201400001724;0;7;0;0;2;2;1;A01
201400001725;0;7;0;2;0;1;0;A01
201400001726;0;7;0;0;2;1;1;A01
201400001726;0;7;0;0;2;2;9;B02
201400001727;0;10;0;0;1;7;1;A01
201400001728;0;7;0;13;0;1;13;A01
201400001729;0;1;0;0;2;8;1;B02
201400001729;0;7;0;0;2;2;1;A01
201400001730;0;7;0;2;0;1;13;A01
201400001731;0;7;0;0;2;1;1;B02
201400001731;0;7;0;0;2;7;13;A01
201400001732;0;7;0;0;2;5;1;B02
201400001732;0;33;0;0;2;3;9;A01
201400001733;0;7;0;0;1;3;15;A01
201400001734;0;7;0;0;1;2;1;A01
201400001735;0;7;0;0;1;2;1;A01
201400001736;0;7;0;2;0;7;14;A01
201400001737;0;7;0;8;0;2;1;A01
201400001738;0;7;0;0;1;2;1;A01
201400001739;0;7;0;0;2;1;1;B02
201400001739;0;7;0;0;2;3;1;A01
201400001740;0;7;0;0;2;1;13;A01
201400001740;0;7;0;0;2;1;1;B02
201400001741;0;7;0;0;2;1;1;A01
201400001741;0;7;0;0;0;8;19;B02
201400001742;0;7;0;0;2;7;19;A01
201400001742;0;7;0;0;2;1;1;B02
201400001743;0;7;0;2;0;7;1;A01
201400001744;0;7;0;2;0;1;1;A01
201400001745;0;7;0;0;1;1;1;A01
201400001746;0;10;0;0;1;1;1;A01
201400001747;0;7;0;0;0;3;1;A01
201400001748;0;7;0;0;2;6;19;A01
201400001748;0;7;0;0;2;1;1;B02
201400001749;0;7;0;0;2;1;13;A01
201400001749;0;7;0;0;2;1;1;B02
201400001750;0;7;0;2;0;9;1;A01
201400001751;0;7;0;2;0;6;1;A01
201400001752;0;10;0;0;1;7;1;A01
201400001753;0;7;0;0;2;1;1;B02
201400001753;0;7;0;0;2;7;19;A01
201400001753;0;7;0;0;2;8;23;C03
201400001754;0;7;0;13;0;2;1;A01
201400001755;0;7;0;0;2;3;15;A01
201400001755;0;30;0;0;2;1;17;B02
201400001756;0;7;0;0;2;3;9;B02
201400001756;0;2;0;0;2;1;15;A01
201400001757;0;33;0;0;2;1;1;A01
201400001757;0;7;0;0;2;7;19;B02
201400001758;0;7;0;13;0;2;13;A01
201400001759;0;7;0;0;1;2;1;A01
201400001760;0;1;0;0;2;1;13;B02
201400001760;0;7;0;0;2;8;1;A01
201400001761;0;30;0;0;1;1;1;A01
201400001762;0;7;0;0;2;3;9;B02
201400001762;0;33;0;0;2;1;1;A01
201400001763;0;7;0;0;2;3;1;A01
201400001763;0;7;0;0;2;3;13;B02
201400001764;0;7;0;0;1;7;16;A01
201400001765;0;7;0;0;1;1;1;A01
201400001766;0;30;0;0;0;1;1;A01
201400001767;0;7;0;0;2;2;1;B02
201400001767;0;7;0;0;2;3;13;A01
201400001768;0;7;0;0;2;9;1;B02
201400001768;0;14;0;0;2;9;1;E05
201400001768;0;7;0;0;2;4;1;A01
201400001768;0;7;0;0;2;9;1;C03
201400001768;0;7;0;0;2;9;1;D04
201400001769;0;99;0;6;0;9;20;A01
201400001770;0;32;0;0;2;1;13;B02
201400001770;0;7;0;0;2;3;1;A01
201400001771;0;7;0;6;0;3;1;A01
201400001772;0;10;0;0;2;3;1;A01
201400001772;0;10;0;0;2;3;1;B02
201400001773;0;7;0;0;2;3;13;A01
201400001773;0;7;0;0;2;3;1;B02
201400001774;0;7;0;0;2;4;0;B02
201400001774;0;2;0;0;2;1;0;A01
201400001775;0;7;0;0;2;3;19;B02
201400001775;0;7;0;0;2;2;1;A01
201400001776;0;7;0;2;0;1;1;A01
201400001777;0;7;0;13;0;2;14;A01
201400001778;0;2;0;0;2;1;13;A01
201400001778;0;7;0;0;2;2;1;B02
201400001779;0;1;0;0;2;6;2;A01
201400001779;0;3;0;0;2;2;17;B02
201400001780;0;7;0;6;0;2;1;A01
201400001781;0;7;0;0;2;1;1;B02
201400001781;0;7;0;0;2;2;15;A01
201400001782;0;7;0;0;2;2;1;B02
201400001782;0;7;0;0;2;3;13;A01
201400001782;0;7;0;14;0;1;1;C03
201400001783;0;7;0;1;0;1;2;A01
201400001783;0;7;0;0;0;4;23;B02
201400001784;0;10;0;0;1;2;1;A01
201400001785;0;1;0;0;2;8;1;A01
201400001785;0;10;0;0;9;7;1;B02
201400001786;0;2;0;0;2;1;1;B02
201400001786;0;7;0;0;2;7;15;A01
201400001787;0;7;0;0;2;1;1;B02
201400001787;0;7;0;0;2;7;13;A01
201400001788;0;7;0;0;2;8;9;A01
201400001788;0;32;0;0;2;7;1;B02
201400001789;0;7;0;0;2;2;15;A01
201400001789;0;7;0;0;2;3;1;B02
201400001789;0;7;0;0;2;3;16;C03
201400001790;0;1;0;0;0;4;2;B02
201400001790;0;7;0;0;2;2;2;A01
201400001791;0;7;0;0;2;4;1;B02
201400001791;0;33;0;0;2;1;1;A01
201400001792;0;7;0;0;0;9;2;A01
201400001793;0;10;0;0;0;8;10;A01
201400001793;0;15;0;0;2;1;1;B02
201400001794;0;33;0;0;2;1;2;A01
201400001794;0;33;0;0;2;3;15;B02
201400001795;0;30;0;0;2;3;1;A01
201400001795;0;7;0;0;2;3;0;B02
201400001796;0;7;0;0;2;3;1;B02
201400001796;0;7;0;0;2;3;13;A01
201400001797;0;7;0;0;2;3;1;B02
201400001797;0;7;0;0;2;2;13;A01
201400001798;0;30;0;1;0;6;1;A01
201400001799;0;7;0;0;0;2;1;A01
201400001800;0;2;0;0;2;1;19;A01
201400001800;0;7;0;0;2;2;1;B02
201400001801;0;14;0;0;1;2;2;A01
201400001802;0;30;0;0;2;1;2;B02
201400001802;0;7;0;0;0;3;2;A01
201400001803;0;7;0;0;5;1;1;A01
201400001804;0;7;0;0;2;1;1;B02
201400001804;0;7;0;0;2;2;19;A01
201400001804;0;7;0;1;0;1;23;C03
201400001805;0;7;0;0;1;3;9;A01
201400001806;0;7;0;0;2;2;1;B02
201400001806;0;7;0;0;2;8;19;A01
201400001807;0;7;0;0;2;1;13;A01
201400001807;0;7;0;0;2;1;1;B02
201400001808;0;1;0;0;2;7;1;B02
201400001808;0;7;0;0;2;1;19;A01
201400001809;0;7;0;2;0;7;1;A01
201400001810;0;33;0;7;0;1;14;A01
201400001811;0;7;0;0;2;6;0;B02
201400001811;0;30;0;1;0;1;1;A01
201400001812;0;7;0;0;1;1;1;A01
201400001813;0;31;0;0;2;0;1;A01
201400001813;0;21;0;0;2;8;1;B02
201400001814;0;7;0;0;2;7;1;A01
201400001814;0;1;0;0;2;8;1;B02
201400001815;0;33;0;0;2;1;1;A01
201400001815;0;7;0;0;2;8;19;B02
201400001816;0;7;0;0;2;3;13;A01
201400001816;0;7;0;0;0;3;0;B02
201400001817;0;7;0;0;2;1;1;A01
201400001817;0;7;0;0;0;1;1;C03
201400001817;0;7;0;0;2;4;23;B02
201400001818;0;31;0;0;2;1;1;B02
201400001818;0;7;0;0;2;3;16;A01
201400001819;0;7;0;16;0;1;1;A01
201400001820;0;7;0;0;2;3;15;A01
201400001820;0;33;0;0;2;1;1;B02
201400001821;0;30;0;0;0;1;1;A01
201400001822;0;7;0;0;2;1;13;A01
201400001822;0;7;0;0;2;8;1;B02
201400001822;0;7;0;0;2;3;1;C03
201400001823;0;7;0;0;2;1;1;C03
201400001823;0;10;0;0;2;1;1;B02
201400001823;0;7;0;0;2;1;1;A01
201400001824;0;7;0;0;2;3;1;C03
201400001824;0;7;0;0;2;3;1;B02
201400001824;0;10;0;0;2;3;13;A01
201400001825;0;7;0;0;2;7;1;B02
201400001825;0;2;0;0;2;1;19;A01
201400001826;0;7;0;8;0;9;1;A01
201400001827;0;7;0;0;2;4;2;B02
201400001827;0;30;0;0;2;1;2;A01
201400001828;0;7;0;0;1;2;1;A01
201400001829;0;7;0;0;1;2;1;A01
201400001830;0;30;0;0;2;1;1;A01
201400001830;0;7;0;0;2;1;15;B02
201400001831;0;7;0;0;2;2;15;A01
201400001831;0;7;0;0;2;1;1;B02
201400001832;0;7;0;0;2;3;1;A01
201400001832;0;10;0;0;2;1;1;C03
201400001832;0;7;0;0;2;3;13;B02
201400001833;0;7;0;0;2;3;13;A01
201400001833;0;10;0;0;2;3;1;B02
201400001834;0;7;0;2;0;1;1;A01
201400001835;0;7;0;0;2;2;15;A01
201400001835;0;31;0;0;2;6;1;B02
201400001836;0;7;0;0;2;2;1;A01
201400001836;0;1;0;0;0;4;15;B02
201400001837;0;7;0;0;2;1;1;B02
201400001837;0;7;0;0;2;1;13;A01
201400001838;0;7;0;6;0;1;1;A01
201400001839;0;10;0;0;2;1;17;A01
201400001839;0;2;0;0;2;1;1;B02
201400001840;0;7;0;0;2;2;15;A01
201400001840;0;10;0;0;2;1;1;B02
201400001841;0;21;0;0;2;3;19;B02
201400001841;0;33;0;0;2;1;21;A01
201400001842;0;7;0;0;2;1;1;A01
201400001842;0;7;0;0;2;4;15;C03
201400001842;0;10;0;0;2;3;1;B02
201400001843;0;7;0;5;0;3;1;A01
201400001844;0;7;0;0;2;3;19;A01
201400001844;0;30;0;0;2;1;0;B02
201400001845;0;7;0;2;0;2;1;A01
201400001846;0;7;0;8;2;1;19;A01
201400001846;0;7;0;0;2;2;1;B02
201400001847;0;17;0;0;1;0;2;A01
201400001848;0;33;0;12;0;1;1;A01
201400001849;0;7;0;0;2;3;1;A01
201400001849;0;30;0;0;2;7;19;B02
201400001850;0;31;0;7;0;1;0;A01
201400001851;0;10;0;2;0;1;1;A01
201400001852;0;7;0;0;1;1;1;A01
201400001853;0;7;0;0;1;1;2;A01
201400001854;0;33;0;10;0;1;1;A01
201400001855;0;7;0;0;2;1;2;A01
201400001855;0;36;0;0;0;4;2;B02
201400001856;0;10;0;13;0;1;0;A01
201400001857;0;10;0;0;2;1;2;A01
201400001857;0;10;0;0;0;4;23;B02
201400001857;0;33;0;0;2;1;1;C03
201400001857;0;33;0;0;2;1;1;D04
201400001858;0;33;0;3;0;1;1;A01
201400001859;0;33;0;0;0;1;1;A01
201400001860;0;7;0;0;1;3;1;A01
201400001861;0;7;0;0;2;3;1;A01
201400001861;0;1;0;0;2;3;1;B02
201400001862;0;7;0;2;0;1;1;A01
201400001863;0;7;0;2;0;1;1;A01
201400001864;0;7;0;0;1;2;1;A01
201400001865;0;7;0;0;2;1;13;A01
201400001865;0;7;0;0;2;1;1;B02
201400001865;0;7;0;14;0;1;1;C03
201400001866;0;30;0;1;0;1;1;A01
201400001866;0;7;0;0;0;5;23;B02
201400001867;0;2;0;12;0;3;1;A01
201400001868;0;14;0;0;1;2;1;A01
201400001869;0;10;0;0;2;1;1;A01
201400001869;0;10;0;0;6;1;1;B02
201400001870;0;7;0;0;1;1;2;A01
201400001871;0;7;0;0;1;3;1;A01
201400001872;0;7;0;2;0;1;1;A01
201400001873;0;7;0;0;2;1;1;A01
201400001873;0;1;0;0;2;8;14;B02
201400001874;0;33;0;0;2;1;1;B02
201400001874;0;7;0;0;2;3;19;A01
201400001875;0;2;0;0;2;1;9;A01
201400001875;0;7;0;0;2;6;9;B02
201400001876;0;15;0;0;2;2;1;A01
201400001876;0;99;0;0;2;1;1;B02
201400001877;0;7;0;0;2;3;19;A01
201400001877;0;7;0;0;2;2;1;B02
201400001878;0;33;0;0;2;1;1;A01
201400001878;0;7;0;0;2;8;19;B02
201400001879;0;7;0;0;2;1;19;A01
201400001879;0;7;0;0;2;8;1;B02
201400001880;0;7;0;0;2;1;19;A01
201400001880;0;7;0;0;2;3;1;B02
201400001881;0;7;0;0;2;1;1;A01
201400001881;0;7;0;0;2;4;1;B02
201400001881;0;7;0;0;0;4;1;C03
201400001882;0;7;0;13;0;3;13;A01
201400001883;0;1;0;0;0;0;0;A01
201400001883;0;7;0;0;0;0;1;B02
201400001884;0;10;0;0;2;7;0;A01
201400001884;0;7;0;0;2;3;0;B02
201400001885;0;7;0;0;2;2;1;A01
201400001885;0;7;0;0;2;2;1;B02
201400001886;0;7;0;0;2;5;15;A01
201400001886;0;31;0;0;2;1;1;B02
201400001887;0;10;0;0;2;3;13;A01
201400001887;0;30;0;0;2;3;1;B02
201400001888;0;30;0;0;0;8;1;A01
201400001889;0;30;0;0;2;8;1;A01
201400001889;0;7;0;0;2;1;19;B02
201400001890;0;7;0;12;0;9;1;A01
201400001891;0;7;0;0;2;1;1;A01
201400001891;0;7;0;0;2;1;1;B02
201400001892;0;7;0;13;0;3;1;A01
201400001893;0;7;0;0;1;7;1;A01
201400001894;0;7;0;0;2;1;1;A01
201400001894;0;7;0;0;2;4;1;B02
201400001895;0;33;0;15;0;3;1;A01
201400001896;0;34;0;9;0;7;1;A01
201400001897;0;7;0;0;2;1;1;A01
201400001897;0;7;0;0;2;3;19;B02
201400001898;0;33;0;0;2;1;1;A01
201400001898;0;7;0;0;0;7;15;B02
201400001899;0;30;0;0;2;5;15;A01
201400001899;0;7;0;0;2;2;1;B02
201400001900;0;10;0;0;9;2;15;A01
201400001900;0;1;0;0;2;1;1;B02
201400001901;0;7;0;6;0;2;14;A01
201400001902;0;7;0;0;2;3;13;A01
201400001902;0;7;0;0;2;3;1;B02
201400001903;0;31;0;0;2;7;17;A01
201400001903;0;7;0;0;2;3;15;B02
201400001904;0;33;0;13;0;1;1;A01
201400001905;0;30;0;5;0;1;1;A01
201400001906;0;7;0;0;2;7;19;A01
201400001906;0;33;0;0;2;1;1;B02
201400001907;0;7;0;13;0;9;1;A01
201400001908;0;10;0;0;2;1;13;A01
201400001908;0;15;0;0;2;3;1;B02
201400001909;0;7;0;1;2;2;1;A01
201400001909;0;1;0;0;2;7;19;B02
201400001910;0;7;0;0;2;2;10;A01
201400001910;0;33;0;0;2;1;1;B02
201400001911;0;7;0;0;2;1;13;A01
201400001911;0;7;0;0;2;1;1;B02
201400001912;0;7;0;0;2;8;20;A01
201400001912;0;31;0;0;2;1;1;B02
201400001913;0;33;0;15;0;0;1;A01
201400001914;0;36;0;2;0;1;1;A01
201400001915;0;7;0;0;2;3;13;A01
201400001915;0;7;0;0;2;3;1;B02
201400001916;0;7;0;0;1;7;1;A01
201400001917;0;7;0;0;2;6;15;B02
201400001917;0;31;0;0;2;1;17;A01
201400001918;0;33;0;12;0;1;1;A01
201400001919;0;10;0;13;0;7;1;A01
201400001920;0;2;0;0;2;1;1;A01
201400001920;0;2;0;0;2;1;1;B02
201400001921;0;7;0;2;0;1;1;A01
201400001922;0;7;0;0;0;1;14;A01