num_acc;senc;catv;occutc;obs;obsm;choc;manv;num_veh
201400001923;0;7;0;0;2;6;15;A01
201400001923;0;2;0;0;2;1;1;B02
201400001924;0;7;0;13;0;1;1;A01
201400001925;0;10;0;0;1;2;13;A01
201400001926;0;7;0;0;1;2;1;A01
201400001927;0;7;0;0;1;4;20;A01
201400001928;0;7;0;0;2;2;15;A01
201400001928;0;33;0;0;2;0;1;B02
201400001929;0;7;0;0;9;8;15;A01
201400001929;0;2;0;0;2;1;1;B02
201400001930;0;7;0;0;2;0;13;A01
201400001930;0;14;0;0;2;3;1;B02
201400001931;0;7;0;0;2;5;1;A01
201400001931;0;33;0;0;2;1;1;B02
201400001932;0;7;0;0;1;2;1;A01
201400001933;0;10;0;0;1;1;1;A01
201400001934;0;7;0;16;0;9;1;A01
201400001935;0;7;0;13;0;1;13;A01
201400001936;0;7;0;0;2;7;13;A01
201400001936;0;14;0;0;2;1;1;B02
201400001937;0;7;0;13;0;2;1;A01
201400001938;0;7;0;0;2;2;17;A01
201400001938;0;2;0;0;2;3;1;B02
201400001939;0;7;0;13;0;1;1;A01
201400001940;0;7;0;2;0;6;1;A01
201400001941;0;36;0;2;0;3;1;A01
201400001942;0;7;0;0;2;2;13;A01
201400001942;0;7;0;0;2;1;1;B02
201400001943;0;7;0;0;9;3;1;A01
201400001943;0;1;0;0;2;1;1;B02
201400001944;0;30;0;0;0;7;1;A01
201400001945;0;33;0;11;0;9;1;A01
201400001946;0;31;0;6;0;3;13;A01
201400001947;0;7;0;0;0;8;15;A01
201400001947;0;7;0;0;0;2;17;B02
201400001948;0;2;0;0;0;1;1;A01
201400001948;0;7;0;0;0;3;15;B02
201400001949;0;33;0;13;0;1;1;A01
201400001950;0;31;0;0;2;1;13;A01
201400001950;0;7;0;0;2;1;1;B02
201400001951;0;7;0;0;2;2;15;A01
201400001951;0;33;0;0;2;1;1;B02
201400001952;0;7;0;0;2;1;13;A01
201400001952;0;7;0;0;2;1;1;B02
201400001953;0;10;0;16;0;8;1;A01
201400001954;0;7;0;13;0;0;1;A01
201400001955;0;33;0;13;0;0;1;A01
201400001956;0;7;0;0;2;2;15;A01
201400001956;0;2;0;0;2;1;1;B02
201400001957;0;7;0;0;1;8;1;A01
201400001958;0;7;0;6;0;1;13;A01
201400001959;0;10;0;0;2;6;24;B02
201400001959;0;2;0;1;2;1;1;A01
201400001960;0;30;0;0;2;1;21;A01
201400001960;0;7;0;0;2;4;1;B02
201400001960;0;15;0;0;2;8;1;C03
201400001961;0;7;0;0;2;3;5;A01
201400001961;0;7;0;0;2;3;1;B02
201400001962;0;15;0;0;2;1;1;B02
201400001962;0;10;0;0;2;1;13;A01
201400001963;0;7;0;6;0;1;1;A01
201400001964;0;7;0;0;0;3;9;A01
201400001964;0;30;0;0;0;1;1;B02
201400001965;0;2;0;0;2;1;1;A01
201400001965;0;7;0;0;0;4;23;B02
201400001966;0;7;0;0;2;1;1;A01
201400001966;0;7;0;0;2;1;1;B02
201400001967;0;15;0;0;2;3;1;A01
201400001967;0;10;0;0;2;3;13;B02
201400001968;0;36;0;6;1;2;14;A01
201400001969;0;2;0;0;2;1;13;A01
201400001969;0;7;0;0;2;3;1;B02
201400001970;0;7;0;7;0;1;1;A01
201400001971;0;7;0;0;2;4;13;A01
201400001971;0;7;0;0;2;2;1;B02
201400001972;0;33;0;13;0;1;1;A01
201400001973;0;30;0;0;2;3;15;A01
201400001973;0;14;0;0;2;3;1;B02
201400001974;0;7;0;13;0;1;1;A01
201400001975;0;7;0;0;1;3;13;A01
201400001976;0;31;0;13;0;1;1;A01
201400001977;0;7;0;0;1;1;23;A01
201400001978;0;7;0;6;0;9;1;A01
201400001979;0;7;0;2;0;3;1;A01
201400001980;0;7;0;2;0;3;1;A01
201400001981;0;33;0;0;0;7;17;A01
201400001982;0;14;0;0;2;1;1;B02
201400001982;0;7;0;0;2;8;15;A01
201400001983;0;7;0;13;0;3;1;A01
201400001984;0;7;0;13;0;1;1;A01
201400001985;0;33;0;3;0;8;1;A01
201400001986;0;7;0;0;2;1;2;A01
201400001986;0;7;0;0;2;4;23;B02
201400001986;0;7;0;0;2;4;23;C03
201400001987;0;7;0;0;0;2;1;A01
201400001988;0;7;0;0;2;3;1;A01
201400001988;0;7;0;0;2;8;15;B02
201400001989;0;7;0;0;1;3;1;A01
201400001990;0;30;0;12;0;7;15;A01
201400001991;0;10;0;0;2;2;2;A01
201400001991;0;30;0;0;0;4;2;B02
201400001992;0;7;0;6;0;2;2;A01
201400001993;0;7;0;0;2;1;1;A01
201400001993;0;7;0;0;2;8;1;B02
201400001994;0;33;0;0;2;1;1;B02
201400001994;0;7;0;0;2;7;1;A01
201400001995;0;15;0;8;0;2;1;A01
201400001996;0;7;0;13;0;1;1;A01
201400001997;0;7;0;0;0;7;1;A01
201400001998;0;14;0;0;2;1;15;A01
201400001998;0;7;0;0;2;1;1;B02
201400001999;0;10;0;2;0;1;1;A01
201400002000;0;10;0;0;2;8;15;A01
201400002000;0;31;0;0;2;7;17;B02
201400002001;0;7;0;0;2;3;13;A01
201400002001;0;10;0;0;2;3;1;B02
201400002002;0;33;0;0;2;1;17;A01
201400002002;0;7;0;0;2;8;15;B02
201400002003;0;7;0;0;2;9;15;A01
201400002003;0;7;0;0;2;1;1;B02
201400002004;0;7;0;0;2;1;1;A01
201400002004;0;7;0;0;0;8;19;B02
201400002005;0;7;0;13;0;3;1;A01
201400002006;0;7;0;13;0;1;1;A01
201400002007;0;7;0;0;2;1;5;A01
201400002007;0;33;0;0;2;1;1;B02
201400002008;0;7;0;0;0;2;0;A01
201400002008;0;30;0;0;0;0;0;B02
201400002009;0;33;0;13;0;2;1;A01
201400002010;0;33;0;11;0;3;13;A01
201400002011;0;7;0;0;2;2;2;A01
201400002011;0;1;0;0;2;6;2;B02
201400002012;0;7;0;13;0;0;14;A01
201400002013;0;7;0;0;2;1;2;A01
201400002013;0;7;0;0;2;1;1;B02
201400002013;0;7;0;0;2;4;23;C03
201400002014;0;7;0;0;1;2;1;A01
201400002015;0;7;0;8;0;9;0;A01
201400002016;0;30;0;0;2;7;21;B02
201400002016;0;7;0;0;2;3;12;A01
201400002017;0;7;0;0;0;9;1;A01
201400002018;0;30;0;0;2;1;9;B02
201400002018;0;7;0;0;2;2;2;A01
201400002019;0;7;0;0;2;2;15;A01
201400002019;0;7;0;0;2;1;1;B02
201400002020;0;7;0;2;0;1;0;A01
201400002021;0;7;0;0;2;3;1;A01
201400002021;0;21;0;0;2;3;1;B02
201400002022;0;7;0;0;2;7;1;A01
201400002022;0;7;0;0;2;3;1;B02
201400002023;0;7;0;0;2;7;1;B02
201400002023;0;30;0;0;2;7;1;A01
201400002024;0;7;0;0;2;5;20;A01
201400002024;0;30;0;0;2;2;1;B02
201400002025;0;7;0;0;2;7;1;A01
201400002025;0;7;0;0;2;1;1;B02
201400002026;0;7;0;0;2;2;19;A01
201400002026;0;7;0;0;2;1;1;B02
201400002027;0;7;0;8;0;0;0;A01
201400002028;0;7;0;0;2;7;13;A01
201400002028;0;7;0;0;2;1;1;B02
201400002028;0;7;0;0;2;2;1;C03
201400002029;0;7;0;0;2;3;13;A01
201400002029;0;7;0;0;2;3;1;B02
201400002030;0;17;0;0;0;4;2;A01
201400002030;0;7;0;0;2;1;2;B02
201400002031;0;7;0;0;2;1;1;A01
201400002031;0;7;0;0;2;1;1;B02
201400002032;0;7;0;0;1;2;1;A01
201400002033;0;33;0;0;0;7;1;A01
201400002034;0;30;0;0;2;1;1;B02
201400002034;0;7;0;0;2;3;15;A01
201400002035;0;33;0;1;0;1;1;A01
201400002036;0;7;0;0;2;1;1;A01
201400002036;0;1;0;0;2;8;15;B02
201400002037;0;7;0;0;2;1;13;A01
201400002037;0;7;0;0;2;1;1;B02
201400002037;0;7;0;0;2;7;21;C03
201400002038;0;7;0;0;2;3;13;A01
201400002038;0;7;0;0;2;3;1;B02
201400002039;0;7;0;0;2;1;9;A01
201400002039;0;7;0;0;2;2;15;B02
201400002040;0;7;0;0;1;2;1;A01
201400002040;0;7;0;0;1;1;1;B02
201400002041;0;7;0;0;2;1;1;A01
201400002041;0;2;0;0;2;1;17;B02
201400002041;0;7;0;6;0;0;23;C03
201400002042;0;31;0;13;0;1;2;A01
201400002043;0;7;0;0;0;2;0;A01
201400002043;0;2;0;0;0;1;0;B02
201400002044;0;10;0;0;2;8;2;A01
201400002044;0;33;0;0;2;2;17;B02
201400002045;0;7;0;0;2;4;1;A01
201400002045;0;7;0;0;2;1;1;B02
201400002046;0;33;0;0;0;0;0;A01
201400002047;0;7;0;0;2;2;1;A01
201400002047;0;7;0;0;2;3;1;B02
201400002048;0;7;0;0;2;1;13;A01
201400002048;0;7;0;0;2;1;1;B02
201400002048;0;7;0;0;2;1;2;C03
201400002049;0;7;0;0;0;9;14;A01
201400002050;0;7;0;12;0;2;14;A01
201400002051;0;7;0;0;1;8;1;A01
201400002052;0;7;0;0;2;1;6;A01
201400002052;0;7;0;0;2;1;1;B02
201400002053;0;7;0;0;2;3;13;A01
201400002053;0;7;0;0;2;3;1;B02
201400002054;0;3;0;0;2;6;15;A01
201400002054;0;7;0;0;2;2;17;B02
201400002055;0;7;0;0;2;1;13;A01
201400002055;0;7;0;13;2;6;1;B02
201400002055;0;10;0;0;2;3;1;C03
201400002056;0;10;0;0;2;1;1;A01
201400002056;0;21;0;0;0;4;15;B02
201400002057;0;10;0;0;1;3;1;A01
201400002058;0;7;0;0;2;1;2;A01
201400002058;0;21;0;0;2;5;2;B02
201400002059;0;7;0;6;0;8;14;A01
201400002060;0;7;0;13;0;3;2;A01
201400002060;0;7;0;13;0;2;17;B02
201400002061;0;7;0;0;2;9;13;A01
201400002061;0;7;0;0;2;1;1;B02
201400002062;0;30;0;12;0;1;1;A01
201400002063;0;7;0;6;0;7;1;A01
201400002064;0;7;0;0;2;1;1;A01
201400002064;0;7;0;0;2;8;19;B02
201400002065;0;7;0;13;0;1;1;A01
201400002066;0;7;0;2;0;1;1;A01
201400002067;0;7;0;0;0;1;17;A01
201400002068;0;7;0;0;2;2;17;A01
201400002068;0;7;0;0;2;8;15;B02
201400002069;0;7;0;0;2;1;1;B02
201400002069;0;7;0;0;2;8;19;A01
201400002070;0;7;0;0;1;1;1;A01
201400002071;0;7;0;0;1;3;24;A01
201400002072;0;7;0;0;2;1;11;A01
201400002072;0;10;0;0;2;1;1;B02
201400002073;0;33;0;3;0;3;1;A01
201400002074;0;7;0;0;2;1;13;A01
201400002074;0;7;0;0;2;1;1;B02
201400002075;0;7;0;0;2;1;13;A01
201400002075;0;10;0;0;2;1;1;B02
201400002076;0;7;0;16;0;1;1;A01
201400002077;0;7;0;8;0;7;1;A01
201400002078;1;10;0;0;2;1;2;A01
201400002078;0;2;0;0;2;4;2;B02
201400002079;0;30;0;0;2;1;1;A01
201400002079;0;7;0;0;2;1;20;B02
201400002080;0;1;0;0;0;1;2;B01
201400002080;0;7;0;0;2;1;0;A01
201400002081;0;7;0;2;0;9;1;A01
201400002082;0;7;0;0;1;3;1;A01
201400002083;0;7;0;0;2;7;15;A01
201400002083;0;2;0;0;2;1;1;B01
201400002084;0;7;0;0;2;3;1;B01
201400002084;0;7;0;0;2;1;16;A01
201400002085;0;7;0;0;2;5;1;A01
201400002085;0;1;0;0;2;1;9;B01
201400002086;0;7;0;0;1;2;15;A01
201400002087;0;33;0;12;0;1;11;A01
201400002088;0;7;0;0;9;2;0;B01
201400002088;0;30;0;0;2;1;9;A01
201400002089;0;7;0;0;2;1;2;B01
201400002089;0;7;0;0;2;3;15;A01
201400002090;0;33;0;0;2;0;1;A01
201400002090;0;21;0;0;2;6;15;B02
201400002091;0;7;0;0;2;1;19;A01
201400002091;0;7;0;0;2;8;19;B02
201400002092;0;2;0;0;2;8;1;A01
201400002092;0;7;0;0;2;2;1;B02
201400002093;0;7;0;0;2;3;13;A01
201400002093;0;15;0;0;2;3;1;B02
201400002094;0;2;0;12;0;7;1;A01
201400002095;0;7;0;0;1;2;1;A01
201400002096;0;3;0;0;2;4;1;B02
201400002096;0;33;0;0;2;1;1;A01
201400002097;0;7;0;0;2;2;0;B02
201400002097;0;7;0;0;2;3;19;A01
201400002098;0;7;0;2;0;8;1;A01
201400002099;0;7;0;0;1;1;1;A01
201400002100;0;33;0;0;6;1;1;A01
201400002101;0;30;0;0;2;1;2;A01
201400002101;0;7;0;0;2;4;2;B02
201400002102;0;7;0;0;2;1;1;A01
201400002102;0;7;0;0;2;8;1;B02
201400002103;0;7;0;0;2;1;1;D04
201400002103;0;7;0;0;2;2;1;C03
201400002103;0;7;0;0;2;6;1;B02
201400002103;0;7;0;0;2;1;17;A01
201400002104;0;30;0;0;0;2;1;A01
201400002105;0;7;0;0;2;3;0;B02
201400002105;0;7;0;0;2;7;0;A01
201400002105;0;7;0;0;2;3;0;C03
201400002106;0;7;0;0;2;7;1;A01
201400002106;0;7;0;0;2;1;1;B02
201400002107;0;7;0;0;2;3;1;A01
201400002107;0;7;0;0;0;2;1;B02
201400002108;0;7;0;0;2;1;1;C03
201400002108;0;7;0;0;2;4;1;B02
201400002108;0;7;0;0;2;1;1;A01
201400002109;0;7;0;0;2;1;1;B02
201400002109;0;33;0;0;2;1;13;A01
201400002110;0;33;0;0;0;7;1;A01
201400002111;0;33;0;0;2;1;1;B02
201400002111;0;7;0;0;2;5;15;A01
201400002112;0;7;0;0;1;4;4;A01
201400002113;0;31;0;0;2;1;1;B02
201400002113;0;7;0;0;2;7;15;A01
201400002114;0;14;0;0;2;3;13;A01
201400002114;0;14;0;0;2;3;1;B02
201400002115;0;7;0;0;0;5;15;A01
201400002115;0;31;0;0;2;1;1;B02
201400002116;0;7;0;0;2;2;1;A01
201400002116;0;7;0;0;2;3;1;B02
201400002117;0;33;0;0;2;7;1;B02
201400002117;0;7;0;0;2;5;15;A01
201400002118;0;31;0;0;9;1;1;B02
201400002118;0;7;0;0;2;1;1;A01
201400002119;0;7;0;0;0;0;15;B02
201400002119;0;33;0;0;0;0;1;A01
201400002120;0;7;0;0;2;1;1;A01
201400002120;0;30;0;0;2;8;23;B02
201400002120;0;7;0;0;2;2;19;C03
201400002121;0;21;0;0;2;5;17;A01
201400002121;0;1;0;0;2;8;1;B02
201400002122;0;30;0;0;6;0;1;A01
201400002123;0;31;0;0;2;9;2;A01
201400002123;0;21;0;0;0;7;16;B02
201400002124;0;33;0;3;0;7;1;A01
201400002125;0;33;0;0;0;9;1;C03
201400002125;0;7;0;0;0;6;1;A01
201400002125;0;7;0;0;0;2;1;B02
201400002126;0;10;0;0;2;3;1;A01
201400002126;0;10;0;0;2;2;1;B02
201400002127;0;30;0;3;0;7;14;A01
201400002128;0;1;0;13;0;1;14;A01
201400002129;0;33;0;13;0;1;1;A01
201400002130;0;7;0;0;2;3;13;A01
201400002130;0;10;0;0;2;1;1;C03
201400002130;0;7;0;0;2;3;1;B02
201400002131;0;10;0;0;2;3;13;A01
201400002131;0;15;0;0;2;3;1;B02
201400002132;0;7;0;0;2;8;15;B02
201400002132;0;10;0;0;2;1;17;A01
201400002133;0;7;0;0;2;7;15;A01
201400002133;0;33;0;0;2;1;1;B02
201400002134;0;7;0;2;0;2;1;A01
201400002135;0;15;0;0;1;1;1;A01
201400002136;0;7;0;0;2;1;1;B02
201400002136;0;7;0;0;2;2;1;C03
201400002136;0;7;0;0;2;3;13;A01
201400002137;0;1;0;0;2;4;2;A01
201400002137;0;7;0;0;2;1;2;B02
201400002138;0;30;0;6;0;1;0;A01
201400002139;0;7;0;0;2;3;5;A01
201400002139;0;99;0;0;2;3;1;B02
201400002140;0;7;0;0;2;3;15;A01
201400002140;0;2;0;0;2;7;1;B02
201400002141;0;30;0;0;2;7;1;A01
201400002141;0;7;0;0;2;6;16;B02
201400002142;0;2;0;8;0;8;0;A01
201400002143;0;32;0;16;0;9;1;A01
201400002144;0;7;0;0;0;3;1;B02
201400002144;0;2;0;0;0;1;13;A01
201400002145;0;7;0;0;0;2;1;B02
201400002145;0;1;0;0;0;1;19;A01
201400002146;0;30;0;1;0;1;1;A01
201400002147;0;7;0;0;2;2;19;B02
201400002147;0;2;0;0;2;1;1;A01
201400002148;0;10;0;0;1;4;4;A01
201400002149;0;7;0;2;0;2;1;A01
201400002150;0;30;0;12;0;7;1;A01
201400002151;0;10;0;8;0;1;1;A01
201400002152;0;7;0;0;2;2;1;B02
201400002152;0;30;0;0;2;3;16;A01
201400002153;0;7;0;13;0;2;1;A01
201400002154;0;7;0;0;0;6;13;A01
201400002154;0;17;0;0;0;2;17;B02
201400002155;0;7;0;13;0;0;17;A01
201400002156;0;10;0;13;0;0;1;A01
201400002157;0;2;0;0;0;8;1;B02
201400002157;0;7;0;0;2;3;1;A01
201400002158;0;1;0;0;0;8;1;A01
201400002158;0;7;0;0;0;8;17;B02
201400002159;0;7;0;6;0;7;1;A01
201400002160;0;7;0;13;0;9;1;A01
201400002161;0;31;0;0;0;0;1;A01
201400002162;0;7;0;0;2;1;2;A01
201400002162;0;7;0;0;2;4;2;B02
201400002163;0;7;0;8;0;9;1;A01
201400002164;0;14;0;0;2;3;1;B02
201400002164;0;7;0;0;2;3;1;A01
201400002165;0;7;0;0;2;1;1;B02
201400002165;0;7;0;0;2;1;1;A01
201400002166;0;30;0;0;2;1;1;B02
201400002166;0;15;0;0;2;7;1;A01
201400002167;0;33;0;0;2;3;1;A01
201400002168;0;7;0;2;0;1;1;A01
201400002169;0;7;0;13;0;1;13;A01
201400002170;0;34;0;0;2;1;2;B02
201400002170;0;7;0;0;2;2;2;A01
201400002171;1;99;0;0;0;0;2;B02
201400002171;0;1;0;0;2;0;2;A01
201400002172;0;7;0;0;1;2;1;A01
201400002173;0;33;0;0;0;8;1;A01
201400002174;0;30;0;3;0;1;1;A01
201400002175;0;30;0;12;0;1;1;A01
201400002176;0;33;0;6;0;3;1;A01
201400002177;0;7;0;0;0;1;1;A01
201400002177;0;7;0;0;2;1;1;B02
201400002178;0;7;0;0;2;1;1;B02
201400002178;0;7;0;0;2;8;19;A01
201400002179;0;10;0;0;0;3;1;B02
201400002179;0;32;0;0;2;1;0;A01
201400002180;0;14;0;0;0;2;0;A01
201400002180;0;30;0;0;0;0;0;B02
201400002181;0;7;0;0;1;2;1;A01
201400002182;0;10;0;1;1;2;1;A01
201400002183;1;7;0;1;0;1;2;B02
201400002183;0;7;0;0;2;4;23;A01
201400002184;0;7;0;0;2;4;2;D04
201400002184;0;7;0;0;2;4;2;C03
201400002184;0;7;0;9;2;1;1;A01
201400002184;0;7;0;0;2;6;19;B02
201400002185;0;7;0;0;2;2;5;A01
201400002185;0;7;0;0;2;2;1;B02
201400002186;0;31;0;0;2;3;2;A01
201400002186;0;10;0;0;0;5;1;B02
201400002187;1;30;0;0;1;1;1;A01
201400002188;0;7;0;6;1;1;16;A01
201400002189;0;7;0;0;2;1;1;A01
201400002189;0;10;0;0;2;8;19;C03
201400002189;0;30;0;0;2;7;19;B02
201400002190;0;33;0;13;0;7;1;A01
201400002191;0;31;0;7;0;1;1;A01
201400002192;0;7;0;2;0;3;1;A01
201400002193;0;7;0;0;1;2;1;A01
201400002194;0;30;0;0;2;1;1;B02
201400002194;0;7;0;0;2;8;19;A01
201400002195;0;7;0;0;0;5;15;A01
201400002195;0;2;0;0;2;1;1;B02
201400002196;0;7;0;0;1;1;1;A01
201400002197;0;7;0;0;1;8;15;A01
201400002198;0;1;0;0;2;1;1;B02
201400002198;0;1;0;0;0;4;1;A01
201400002199;0;3;0;0;1;1;1;A01
201400002200;0;7;0;13;0;8;1;A01
201400002201;0;7;0;0;2;7;21;A01
201400002201;0;7;0;0;2;1;19;B02
201400002202;0;7;0;0;2;1;1;B02
201400002202;0;7;0;0;2;1;17;A01
201400002203;0;7;0;0;2;1;13;A01
201400002203;0;10;0;0;2;3;1;B02
201400002204;0;33;0;6;0;1;1;A01
201400002205;0;21;0;0;2;4;2;A01
201400002205;0;7;0;0;2;1;2;B02
201400002206;0;10;0;0;2;1;1;A01
201400002206;0;30;0;0;2;1;9;B02
201400002207;0;33;0;0;2;1;13;A01
201400002207;0;7;0;0;2;3;23;B02
201400002208;0;15;0;0;2;3;1;A01
201400002208;0;30;0;0;2;1;1;B02
201400002209;0;7;0;0;1;1;1;A01
201400002210;0;7;0;2;0;3;1;A01
201400002211;0;7;0;2;0;8;1;A01
201400002212;0;2;0;0;2;1;1;A01
201400002212;0;7;0;0;2;3;15;B02
201400002213;0;1;0;0;2;8;19;B02
201400002213;0;7;0;0;2;1;1;A01
201400002214;0;2;0;0;2;1;18;A01
201400002214;0;7;0;0;0;2;16;B02
201400002215;0;7;0;0;2;1;1;C03
201400002215;0;7;0;0;2;4;15;B02
201400002215;0;7;0;0;2;3;2;A01
201400002216;0;7;0;0;2;1;1;B02
201400002216;0;33;0;0;2;1;13;A01
201400002217;0;15;0;0;2;1;1;B02
201400002217;0;7;0;0;2;1;1;A01
201400002218;0;10;0;0;1;1;1;A01
201400002219;0;10;0;0;2;1;1;B02
201400002219;0;7;0;0;2;7;19;A01
201400002220;0;7;0;0;2;1;1;B02
201400002220;0;7;0;0;2;1;13;A01
201400002221;0;7;0;0;2;1;1;B02
201400002221;0;7;0;0;2;7;9;A01
201400002222;0;7;0;0;2;1;19;B02
201400002222;0;7;0;0;2;8;1;A01
201400002223;0;7;0;0;2;5;1;A01
201400002223;0;7;0;0;2;1;19;B02
201400002224;0;7;0;0;1;1;15;A01
201400002225;0;33;0;0;0;4;23;B02
201400002225;0;10;0;0;0;1;1;A01
201400002226;0;7;0;0;1;1;1;A01
201400002227;0;15;0;0;2;2;21;B02
201400002227;0;7;0;0;2;3;19;A01
201400002228;0;7;0;0;2;3;1;B02
201400002228;0;7;0;0;2;3;1;A01
201400002229;0;7;0;0;2;3;13;A01
201400002229;0;7;0;0;2;9;1;B02
201400002230;0;31;0;0;2;1;1;B02
201400002230;0;7;0;0;2;8;15;A01
201400002231;0;31;0;0;2;1;13;A01
201400002231;0;7;0;0;2;3;1;B02
201400002232;0;7;0;2;0;5;13;A01
201400002233;0;7;0;6;0;1;14;A01
201400002234;0;7;0;0;2;8;0;B02
201400002234;0;30;0;0;2;2;17;A01
201400002235;0;7;0;13;0;2;1;A01
201400002236;0;7;0;0;2;3;5;A01
201400002236;0;7;0;0;2;3;1;B02
201400002237;0;1;0;0;2;4;1;B02
201400002237;0;7;0;0;2;2;1;A01
201400002238;0;10;0;0;2;1;1;B02
201400002238;0;7;0;0;2;2;1;A01
201400002239;0;7;0;0;2;7;2;A01
201400002239;0;10;0;0;2;1;1;B02
201400002240;0;2;0;0;2;1;13;A01
201400002240;0;7;0;0;2;1;1;B02
201400002241;0;7;0;0;1;2;1;A01
201400002242;0;30;0;0;2;1;1;A01
201400002242;0;7;0;0;2;3;15;B02
201400002243;0;2;0;15;2;1;1;A01
201400002243;0;2;0;0;2;4;1;B02
201400002244;0;7;0;0;1;2;1;A01
201400002245;0;7;0;2;0;2;1;A01
201400002246;0;3;0;0;2;3;0;B02
201400002246;0;7;0;0;2;3;0;A01
201400002247;0;32;0;0;2;1;1;B02
201400002247;0;7;0;0;2;2;15;A01
201400002248;0;7;0;2;0;1;14;A01
201400002249;0;7;0;0;2;1;13;A01
201400002249;0;7;0;0;2;3;1;B02
201400002250;0;7;0;0;2;4;13;A01
201400002250;0;7;0;0;2;1;1;B02
201400002251;0;7;0;0;2;1;1;A01
201400002251;0;7;0;0;2;2;13;B02
201400002252;0;7;0;0;1;3;15;A01
201400002253;0;21;0;0;2;8;1;B02
201400002253;0;1;0;0;2;1;1;A01
201400002254;0;30;0;0;2;1;18;B02
201400002254;0;7;0;0;2;2;15;A01
201400002255;0;7;0;0;2;1;1;A01
201400002255;0;7;0;0;2;8;19;B02
201400002256;0;7;0;13;9;2;14;A01
201400002257;0;7;0;0;2;3;13;A01
201400002257;0;7;0;0;2;3;1;B02
201400002258;0;10;0;0;1;7;1;A01
201400002259;0;10;0;0;9;8;1;C03
201400002259;0;7;0;16;2;1;1;A01
201400002260;0;33;0;0;2;1;6;A01
201400002260;0;15;0;0;2;3;1;B02
201400002261;0;7;0;0;2;3;1;B02
201400002261;0;7;0;0;2;1;1;A01
201400002261;0;7;0;0;2;6;1;C03
201400002262;0;7;0;0;2;8;13;A01
201400002262;0;7;0;0;2;1;1;C03
201400002262;0;10;0;0;2;1;1;B02
201400002263;0;7;0;0;0;2;17;B02
201400002263;0;1;0;0;0;4;1;A01
201400002264;0;7;0;0;2;3;1;A01
201400002264;0;30;0;0;2;9;19;B02
201400002265;0;7;0;0;1;7;2;A01
201400002266;0;30;0;0;2;3;15;A01
201400002266;0;10;0;0;9;2;1;B02
201400002267;0;1;0;0;2;1;3;B02
201400002267;0;7;0;0;2;1;21;A01
201400002268;0;21;0;0;2;3;15;B02
201400002268;0;33;0;0;2;1;17;A01
201400002269;0;33;0;0;0;9;0;A01
201400002270;0;7;0;2;0;2;1;A01
201400002271;0;30;0;0;2;3;10;A01
201400002271;0;10;0;0;2;2;1;B02
201400002272;0;7;0;2;0;9;1;A01
201400002273;0;7;0;13;0;9;1;A01
201400002274;0;10;0;0;2;1;1;A01
201400002274;0;3;0;0;2;4;1;B02
201400002275;0;7;0;13;0;1;1;A01
201400002276;0;10;0;0;9;1;17;B02
201400002276;0;1;0;0;2;8;10;A01
201400002277;0;7;0;2;0;9;1;A01
201400002278;0;7;0;5;0;2;1;A01
201400002279;0;33;0;0;2;8;1;A01
201400002279;0;7;0;0;2;8;1;B02
201400002280;0;7;0;0;1;7;1;A01
201400002281;0;7;0;0;0;8;1;B02
201400002281;0;7;0;0;2;1;19;A01
201400002282;0;10;0;0;2;3;19;A01
201400002282;0;33;0;0;2;1;1;B02
201400002283;0;17;0;0;2;1;1;B02
201400002283;0;10;0;0;2;1;5;A01
201400002284;0;1;0;0;2;4;2;A01
201400002284;0;10;0;0;9;1;0;B02
201400002285;1;7;0;0;1;3;1;A01
201400002286;0;7;0;0;1;1;1;A01
201400002287;0;7;0;0;1;1;1;A01
201400002288;0;7;0;0;2;1;1;B02
201400002288;0;7;0;0;2;1;5;A01
201400002289;0;31;0;16;0;0;1;A01
201400002290;0;7;0;0;2;3;13;A01
201400002290;0;21;0;0;2;3;1;B02
201400002290;0;1;0;0;9;0;1;C03
201400002291;0;7;0;13;0;1;13;A01
201400002292;0;33;0;0;2;2;1;B02
201400002292;0;7;0;0;2;3;15;A01
201400002293;0;7;0;0;2;2;1;B02
201400002293;0;7;0;0;2;2;5;A01
201400002294;0;17;0;0;2;3;1;B02
201400002294;0;7;0;0;2;3;1;A01
201400002295;0;14;0;0;2;3;1;B02
201400002295;0;7;0;0;2;3;13;A01
201400002296;0;2;0;0;2;1;1;B02
201400002296;0;7;0;0;2;3;15;A01
201400002297;0;31;0;0;2;7;1;B02
201400002297;0;7;0;0;2;3;11;A01
201400002298;0;1;0;0;2;8;1;B02
201400002298;0;7;0;0;9;3;15;A01
201400002299;0;7;0;0;2;3;1;B02
201400002299;0;31;0;0;2;1;13;A01
201400002300;0;7;0;0;0;8;15;B02
201400002300;0;15;0;0;2;1;1;A01
201400002301;0;33;0;0;2;9;1;A01
201400002301;0;14;0;0;9;8;1;B02
201400002302;0;33;0;0;2;7;1;A01
201400002302;0;21;0;0;2;8;15;B02
201400002303;0;7;0;0;2;1;1;A01
201400002303;0;7;0;0;2;7;19;B02
201400002304;0;7;0;0;2;7;15;A01
201400002304;0;10;0;0;2;3;1;B02
201400002305;0;17;0;0;2;1;1;B02
201400002305;0;10;0;0;2;3;13;A01