num_acc;senc;catv;occutc;obs;obsm;choc;manv;num_veh
201400002306;0;7;0;2;0;3;13;A01
201400002307;0;7;0;0;0;4;15;B02
201400002307;0;31;0;0;2;1;2;A01
201400002308;0;2;0;0;2;8;1;A01
201400002308;0;7;0;0;2;3;1;B02
201400002309;0;10;0;0;2;3;13;A01
201400002309;0;30;0;0;2;1;1;B02
201400002310;0;7;0;0;2;1;1;B02
201400002310;0;10;0;0;2;7;1;C03
201400002310;0;3;0;0;2;7;15;A01
201400002311;0;7;0;0;0;9;1;A01
201400002312;0;10;0;2;0;2;1;A01
201400002313;0;7;0;0;2;1;13;A01
201400002313;0;7;0;0;2;1;1;B02
201400002314;0;33;0;13;0;0;1;A01
201400002315;0;7;0;0;2;0;21;A01
201400002316;0;7;0;0;2;2;1;B02
201400002316;0;7;0;0;0;2;0;A01
201400002317;0;7;0;0;2;1;1;B02
201400002317;0;7;0;0;2;1;12;A01
201400002318;0;7;0;0;2;1;2;A01
201400002318;0;38;1;0;2;4;2;B02
201400002319;0;7;0;0;1;2;20;A01
201400002320;0;7;0;0;2;5;4;A01
201400002320;0;7;0;0;2;1;1;B02
201400002321;0;7;0;0;1;1;1;A01
201400002322;0;7;0;0;2;1;15;A01
201400002322;0;30;0;0;2;2;1;B02
201400002323;0;7;0;6;0;1;1;A01
201400002324;0;7;0;0;0;2;1;A01
201400002324;0;1;0;0;0;4;1;B02
201400002325;0;2;0;0;2;2;15;A01
201400002326;0;33;0;6;0;1;1;A01
201400002327;0;7;0;0;2;1;1;B02
201400002327;0;10;0;0;2;1;13;A01
201400002328;0;7;0;0;2;3;19;A01
201400002328;0;30;0;0;2;1;1;B02
201400002329;0;30;0;0;2;1;1;A01
201400002329;0;7;0;0;2;7;1;B02
201400002330;0;7;0;0;2;2;2;B02
201400002330;0;2;0;0;2;6;2;A01
201400002331;0;7;0;13;0;3;1;A01
201400002332;0;7;0;13;0;2;1;A01
201400002333;0;7;0;0;2;1;13;A01
201400002333;0;7;0;0;2;1;1;B02
201400002334;0;7;0;6;0;1;1;A01
201400002335;0;7;0;6;0;3;1;A01
201400002336;0;7;0;0;2;5;17;A01
201400002336;0;2;0;0;2;8;15;B02
201400002337;0;10;0;0;2;2;17;A01
201400002337;0;1;0;0;2;8;1;B02
201400002338;0;3;0;0;1;1;1;A01
201400002339;0;32;0;0;2;1;1;A01
201400002339;0;30;0;0;2;4;15;B02
201400002340;0;30;0;0;0;8;13;A01
201400002340;1;7;0;0;2;2;1;B02
201400002341;0;7;0;0;2;8;1;B02
201400002341;0;31;0;0;2;1;1;A01
201400002342;0;30;0;9;0;1;0;A01
201400002343;0;33;0;13;0;1;1;A01
201400002344;0;7;0;0;2;1;15;B02
201400002344;0;30;0;0;2;3;1;A01
201400002345;0;7;0;0;2;1;19;A01
201400002345;0;7;0;0;2;8;1;B02
201400002346;0;31;0;0;2;3;9;A01
201400002346;0;7;0;0;2;2;1;B02
201400002347;0;30;0;0;2;1;1;B02
201400002347;0;7;0;0;2;7;15;A01
201400002348;0;7;0;6;0;2;0;A01
201400002349;0;7;0;0;2;3;1;A01
201400002349;0;1;0;0;0;7;19;B02
201400002350;0;30;0;15;0;1;13;A01
201400002351;0;7;0;0;1;2;1;A01
201400002352;1;14;0;0;1;2;2;A01
201400002353;0;1;0;0;2;7;1;B02
201400002353;0;7;0;0;9;1;1;A01
201400002354;0;1;0;0;9;3;0;B02
201400002354;0;39;10;0;9;2;0;A01
201400002355;0;10;0;0;2;7;1;B02
201400002355;0;2;0;0;2;1;19;A01
201400002356;0;1;0;0;2;1;1;B02
201400002356;0;7;0;0;9;3;15;A01
201400002357;0;7;0;0;9;2;1;A01
201400002357;0;1;0;0;2;0;19;B02
201400002358;0;10;0;0;9;8;19;A01
201400002358;0;1;0;0;2;1;1;B02
201400002359;0;7;0;0;2;3;1;A01
201400002359;0;7;0;0;2;3;1;B02
201400002360;0;7;0;13;0;1;1;A01
201400002361;0;7;0;0;2;3;9;A01
201400002361;0;30;0;0;2;7;1;B02
201400002362;0;7;0;0;1;1;1;A01
201400002363;0;33;0;0;9;1;17;A01
201400002363;0;1;0;;2;1;1;B02
201400002364;0;2;0;14;0;6;2;A01
201400002364;0;7;0;0;2;2;2;B02
201400002365;0;7;0;13;0;2;14;A01
201400002366;0;7;0;0;2;2;15;A01
201400002366;0;30;0;0;2;1;1;B02
201400002367;0;7;0;0;2;3;17;A01
201400002367;0;7;0;0;2;1;1;B02
201400002367;0;7;0;0;2;1;1;C03
201400002368;0;7;0;0;1;2;16;A01
201400002369;0;10;0;1;0;1;1;A01
201400002370;0;7;0;0;2;3;1;B02
201400002370;0;7;0;0;2;3;13;A01
201400002371;0;7;0;0;2;2;1;A01
201400002371;0;7;0;0;2;1;13;B02
201400002372;0;7;0;0;2;7;13;A01
201400002372;0;7;0;0;2;1;1;B02
201400002373;0;7;0;0;2;1;13;A01
201400002373;0;7;0;0;2;1;1;B02
201400002374;0;7;0;0;2;1;0;B02
201400002374;0;7;0;0;2;1;0;A01
201400002375;0;33;0;0;0;0;1;A01
201400002376;0;33;0;0;2;1;21;B02
201400002376;0;7;0;0;2;1;1;A01
201400002377;0;99;0;0;2;1;1;B02
201400002377;0;7;0;0;9;1;1;A01
201400002378;0;7;0;0;1;2;1;A01
201400002379;0;7;0;0;2;8;19;A01
201400002379;0;7;0;0;2;1;1;B02
201400002380;0;10;0;0;0;8;11;B02
201400002380;0;33;0;0;2;1;2;A01
201400002381;0;7;0;0;2;3;1;B02
201400002381;0;7;0;0;2;3;1;A01
201400002382;0;2;0;16;0;0;1;A01
201400002383;0;7;0;0;2;7;1;A01
201400002383;0;7;0;0;2;1;1;B02
201400002384;0;7;0;0;0;8;19;A01
201400002384;0;7;0;0;2;1;1;B02
201400002385;0;7;0;0;0;0;1;A01
201400002386;0;7;0;0;1;1;1;A01
201400002387;0;7;0;6;0;2;13;A01
201400002388;0;7;0;0;0;0;1;B02
201400002388;0;7;0;0;1;2;1;A01
201400002389;0;10;0;0;2;3;1;B02
201400002389;0;10;0;0;2;1;16;A01
201400002390;0;10;0;0;1;6;4;A01
201400002391;0;7;0;0;2;5;15;A01
201400002391;0;33;0;0;2;1;1;B02
201400002392;0;7;0;0;2;1;1;A01
201400002392;0;2;0;0;2;4;1;B02
201400002393;0;7;0;0;2;2;16;A01
201400002393;0;1;0;0;2;1;1;B02
201400002394;0;7;0;0;2;1;1;B02
201400002394;0;31;0;0;2;1;13;A01
201400002395;0;7;0;16;0;2;1;A01
201400002396;0;10;0;0;2;1;1;B02
201400002396;0;1;0;0;2;7;19;A01
201400002397;0;33;0;13;0;1;13;A01
201400002398;0;7;0;8;2;9;1;C03
201400002398;0;7;0;0;2;2;2;A01
201400002398;0;7;0;0;0;6;1;B02
201400002399;0;10;0;0;1;1;1;A01
201400002400;0;7;0;2;0;3;0;A01
201400002401;0;7;0;2;0;3;1;A01
201400002402;0;7;0;0;2;1;0;B02
201400002402;0;7;0;0;0;8;15;A01
201400002403;0;7;0;0;2;3;13;A01
201400002403;0;17;0;0;2;1;1;B02
201400002404;0;7;0;2;0;8;1;A01
201400002405;0;1;0;0;0;8;1;A01
201400002405;0;7;0;0;9;1;1;C03
201400002405;0;7;0;0;2;7;1;B02
201400002406;0;7;0;0;2;4;15;B02
201400002406;0;7;0;0;2;3;1;C03
201400002406;0;7;0;0;2;1;2;A01
201400002407;0;37;0;1;0;7;0;A01
201400002407;0;7;0;0;2;8;24;B02
201400002408;0;7;0;0;1;2;1;A01
201400002409;0;7;0;0;2;3;13;A01
201400002409;0;7;0;0;2;3;1;B02
201400002410;0;7;0;0;1;2;1;A01
201400002411;0;35;0;5;0;1;1;A01
201400002412;0;33;0;0;2;1;1;B02
201400002412;0;7;0;0;2;6;19;A01
201400002413;0;7;0;0;2;8;1;B02
201400002413;0;7;0;0;2;8;1;A01
201400002414;0;31;0;0;2;1;13;A01
201400002414;0;10;0;0;2;1;1;B02
201400002415;0;7;0;0;2;3;15;B02
201400002415;0;30;0;0;2;1;17;A01
201400002416;0;7;0;13;0;2;1;A01
201400002417;0;32;0;0;2;1;17;A01
201400002417;0;7;0;0;2;8;15;B02
201400002418;0;7;0;0;0;2;15;A01
201400002418;0;33;0;0;0;1;1;B02
201400002419;0;2;0;0;2;1;1;B02
201400002419;0;7;0;0;2;3;15;A01
201400002420;0;7;0;0;2;0;1;B02
201400002420;0;2;0;0;2;1;1;A01
201400002421;0;30;0;8;0;1;1;A01
201400002422;0;3;0;0;1;2;13;A01
201400002423;0;33;0;14;0;3;17;A01
201400002423;0;10;0;0;2;8;1;B02
201400002424;0;33;0;0;2;1;18;A01
201400002424;0;7;0;0;0;5;1;B02
201400002425;0;7;0;0;2;0;1;C03
201400002425;0;33;0;0;2;1;2;A01
201400002425;0;7;0;0;0;4;2;B02
201400002426;0;33;0;0;0;0;0;A01
201400002427;0;7;0;0;2;3;1;C03
201400002427;0;7;0;0;2;1;13;A01
201400002427;0;7;0;0;2;1;1;E05
201400002427;0;7;0;0;2;8;1;B02
201400002427;0;7;0;0;2;3;1;D04
201400002428;0;33;0;0;2;7;1;B02
201400002428;0;7;0;0;2;1;15;A01
201400002429;0;7;0;0;2;7;15;B02
201400002429;0;7;0;0;0;2;24;C03
201400002429;0;33;0;0;2;2;17;A01
201400002430;0;30;0;0;2;8;1;A01
201400002430;0;7;0;0;2;2;16;B02
201400002431;0;7;0;0;2;8;15;A01
201400002431;0;2;0;0;2;1;17;B02
201400002432;0;7;0;0;1;3;1;A01
201400002433;0;33;0;0;1;7;1;A01
201400002434;0;33;0;0;2;1;19;B02
201400002434;0;7;0;0;2;3;19;A01
201400002435;0;33;0;0;2;1;1;B02
201400002435;0;7;0;0;2;2;15;A01
201400002436;0;7;0;0;2;3;15;A01
201400002436;0;33;0;0;2;1;1;B02
201400002437;0;30;0;2;0;1;1;A01
201400002438;0;7;0;0;2;2;0;B02
201400002438;0;10;0;0;2;2;0;A01
201400002439;0;30;0;0;2;1;2;A01
201400002439;0;7;0;0;2;4;1;B02
201400002440;0;7;0;0;2;3;1;A01
201400002440;0;33;0;0;2;7;1;B02
201400002441;0;7;0;2;0;3;0;A01
201400002442;0;7;0;0;1;3;1;A01
201400002443;0;33;0;0;2;1;1;B02
201400002443;0;7;0;0;0;7;15;A01
201400002444;0;33;0;0;1;1;0;A01
201400002445;0;7;0;0;2;3;1;A01
201400002445;0;7;0;0;2;3;1;B02
201400002446;0;7;0;0;2;2;1;B02
201400002446;0;1;0;0;2;8;19;A01
201400002447;0;7;0;0;2;3;13;A01
201400002447;0;7;0;0;2;3;1;B02
201400002447;0;7;0;0;1;1;1;C03
201400002448;0;30;0;0;2;1;1;A01
201400002448;0;7;0;0;2;2;1;B02
201400002449;0;7;0;8;0;3;1;A01
201400002450;0;33;0;6;0;7;1;A01
201400002451;0;7;0;0;2;1;1;A01
201400002451;0;7;0;0;2;3;19;B02
201400002452;0;30;0;6;5;1;21;A01
201400002453;0;7;0;0;2;3;19;A01
201400002453;0;7;0;0;2;3;21;B02
201400002454;0;21;0;0;2;3;15;A01
201400002454;0;34;0;0;2;2;17;B02
201400002455;0;7;0;0;2;2;13;A01
201400002455;0;10;0;0;2;2;21;B02
201400002456;0;31;0;14;0;0;1;A01
201400002457;0;7;0;0;0;8;15;A01
201400002457;0;30;0;0;0;1;0;B02
201400002458;0;33;0;0;2;4;1;A01
201400002458;0;7;0;0;2;5;15;B02
201400002459;0;7;0;0;2;3;1;A01
201400002459;0;7;0;0;2;3;23;B02
201400002460;0;10;0;0;1;2;1;A01
201400002461;0;7;0;8;0;1;13;A01
201400002462;0;7;0;0;0;1;0;A01
201400002462;0;3;0;0;0;2;1;B02
201400002463;0;33;0;0;2;1;1;B02
201400002463;0;7;0;0;2;8;19;A01
201400002464;0;7;0;0;0;0;1;B02
201400002464;0;33;0;0;0;0;1;A01
201400002465;0;7;0;0;2;3;1;A01
201400002465;2;7;0;0;2;3;0;B02
201400002466;0;36;0;12;0;2;1;A01
201400002467;0;7;0;0;2;1;13;A01
201400002467;0;10;0;0;2;1;1;B02
201400002468;0;2;0;0;0;0;0;A01
201400002469;0;7;0;0;2;7;19;A01
201400002469;0;30;0;0;2;1;1;B02
201400002470;0;7;0;0;2;1;1;B02
201400002470;0;7;0;0;2;7;19;A01
201400002471;0;7;0;13;0;2;1;A01
201400002472;0;30;0;0;2;1;1;A01
201400002472;0;30;0;0;2;3;19;B02
201400002473;0;7;0;0;2;6;1;A01
201400002473;0;10;0;0;2;1;1;B02
201400002474;0;7;0;8;0;1;14;A01
201400002475;0;2;0;0;2;4;19;B02
201400002475;0;7;0;0;2;3;1;A01
201400002476;0;30;0;0;0;8;0;A01
201400002477;0;7;0;0;9;2;2;A01
201400002477;0;1;0;0;0;4;2;B02
201400002478;0;33;0;0;0;0;1;A01
201400002479;0;7;0;0;1;2;1;A01
201400002480;0;7;0;2;0;2;13;A01
201400002481;0;7;0;15;0;1;1;A01
201400002482;0;7;0;0;2;1;13;A01
201400002482;0;7;0;0;2;1;1;B02
201400002483;0;7;0;0;2;3;15;A01
201400002483;0;33;0;0;2;1;1;B02
201400002484;0;36;0;0;0;9;16;A01
201400002485;0;7;0;2;0;3;13;A01
201400002486;0;7;0;0;2;2;15;A01
201400002486;0;31;0;0;2;1;1;B02
201400002487;0;7;0;0;2;1;1;B02
201400002487;0;7;0;0;2;2;13;A01
201400002488;0;33;0;0;0;7;1;A01
201400002488;0;7;0;0;0;1;1;B02
201400002489;0;2;0;0;2;1;13;B02
201400002489;0;7;0;0;2;3;1;A01
201400002490;0;7;0;0;1;2;15;A01
201400002491;0;7;0;0;2;8;9;A01
201400002491;0;2;0;0;0;1;1;B02
201400002492;0;7;0;0;2;6;1;B02
201400002492;0;7;0;0;2;1;1;C03
201400002492;0;7;0;0;2;1;13;A01
201400002493;0;7;0;0;2;1;6;A01
201400002493;0;7;0;0;2;1;1;B02
201400002494;0;30;0;0;2;3;15;A01
201400002494;0;33;0;0;2;2;17;B02
201400002495;0;7;0;0;2;5;15;A01
201400002495;0;33;0;0;2;1;1;B02
201400002496;0;7;0;0;2;1;1;A01
201400002496;0;7;0;0;0;2;11;B02
201400002497;0;7;0;0;4;2;13;A01
201400002497;0;39;2;0;2;1;1;B02
201400002498;0;31;0;0;2;1;5;A01
201400002498;0;7;0;0;2;3;1;B02
201400002499;0;7;0;0;2;1;13;A01
201400002499;0;7;0;0;2;1;1;B02
201400002500;0;7;0;0;2;5;1;A01
201400002500;0;7;0;0;2;3;9;B02
201400002501;0;35;0;14;0;1;1;B02
201400002501;0;10;0;0;0;0;1;A01
201400002502;0;7;0;2;0;2;19;A01
201400002503;0;7;0;0;2;5;12;A01
201400002503;0;2;0;0;2;1;1;B02
201400002504;0;7;0;0;2;3;9;A01
201400002504;0;31;0;0;2;1;1;B02
201400002505;0;7;0;0;2;1;9;A01
201400002505;0;2;0;0;2;1;1;B02
201400002506;0;7;0;6;0;3;0;A01
201400002507;0;7;0;0;0;0;0;A01
201400002507;0;30;0;0;0;0;0;B02
201400002508;0;7;0;0;1;3;15;A01
201400002509;0;7;0;0;2;1;1;B02
201400002509;0;7;0;0;2;8;1;A01
201400002510;0;21;0;0;2;8;15;B02
201400002510;0;33;0;0;2;1;17;A01
201400002511;0;33;0;16;0;1;1;A01
201400002512;0;7;0;0;2;8;1;B02
201400002512;0;7;0;0;2;1;19;A01
201400002513;0;7;0;6;0;2;2;A01
201400002514;0;37;22;0;1;2;1;A01
201400002515;0;37;0;0;1;2;1;A01
201400002516;0;33;0;0;2;1;1;B02
201400002516;0;7;0;0;2;3;15;A01
201400002517;0;20;0;10;0;1;1;A01
201400002518;0;20;0;0;2;6;1;A01
201400002518;0;10;0;0;2;3;1;B02
201400002519;0;10;0;0;0;3;1;B02
201400002519;0;7;0;0;0;1;2;A01
201400002520;0;7;0;0;2;7;19;A01
201400002520;0;7;0;0;2;1;1;B02
201400002521;0;7;0;0;2;1;13;A01
201400002521;0;15;0;0;2;3;1;B02
201400002522;0;7;0;0;2;2;1;B02
201400002522;0;7;0;0;2;3;13;A01
201400002523;0;7;0;1;1;2;1;A01
201400002524;0;7;0;2;0;7;1;A01
201400002525;0;7;0;0;2;2;1;A01
201400002525;0;33;0;0;2;7;13;B02
201400002526;0;7;0;0;2;1;1;B02
201400002526;0;7;0;0;2;7;1;A01
201400002527;0;7;0;6;0;1;0;A01
201400002528;0;33;0;0;2;1;1;A01
201400002528;0;7;0;0;2;3;1;B02
201400002529;0;7;0;2;0;1;1;A01
201400002530;0;2;0;7;0;2;1;A01
201400002531;0;7;0;0;2;1;15;A01
201400002531;0;7;0;0;2;1;1;B02
201400002532;0;33;0;0;2;1;1;B02
201400002532;0;7;0;0;2;3;13;A01
201400002533;0;33;0;8;0;3;1;A01
201400002534;0;33;0;0;2;1;1;A01
201400002534;0;7;0;0;2;5;1;B02
201400002535;0;7;0;0;0;3;1;B02
201400002535;0;10;0;0;2;2;17;A01
201400002536;0;30;0;0;9;1;1;A01
201400002537;0;7;0;0;2;3;1;A01
201400002537;0;10;0;0;2;2;1;B02
201400002538;0;31;0;8;0;1;1;A01
201400002539;0;7;0;0;2;4;2;C03
201400002539;0;7;0;0;2;3;5;D04
201400002539;0;7;0;0;2;0;0;B02
201400002539;0;7;0;0;2;3;5;A01
201400002540;0;33;0;0;2;1;17;B02
201400002540;0;7;0;0;2;6;15;A01
201400002541;0;30;0;1;0;1;2;A01
201400002541;0;7;0;0;0;5;23;B02
201400002542;0;15;0;0;2;7;17;A01
201400002542;0;21;0;0;2;8;1;B02
201400002543;0;10;0;2;0;8;0;A01
201400002544;0;2;0;0;0;0;1;A01
201400002545;0;7;0;0;2;7;13;A01
201400002545;0;7;0;0;2;1;1;B02
201400002546;0;7;0;0;2;1;1;B02
201400002546;0;7;0;0;2;1;13;A01
201400002546;0;10;0;0;2;2;2;C03
201400002547;0;33;0;0;0;1;1;A01
201400002548;0;99;0;0;2;1;1;B02
201400002548;0;7;0;0;9;2;9;A01
201400002549;0;7;0;0;2;3;13;A01
201400002549;0;14;0;0;2;3;1;B02
201400002550;0;33;0;0;2;1;5;B02
201400002550;0;33;0;0;2;7;5;C03
201400002550;0;7;0;0;2;1;15;A01
201400002551;0;30;0;0;2;0;5;A01
201400002552;0;7;0;6;0;9;1;A01
201400002553;0;7;0;0;2;7;0;B02
201400002553;0;31;0;0;2;8;0;A01
201400002554;0;7;0;0;2;3;1;B02
201400002554;0;7;0;0;2;3;1;A01
201400002555;0;7;0;0;9;2;15;A01
201400002555;0;1;0;0;2;1;1;B02
201400002556;0;2;0;0;2;1;13;A01
201400002556;0;7;0;0;0;1;1;B02
201400002557;0;7;0;2;0;1;1;A01
201400002558;0;7;0;8;4;1;1;A01
201400002558;0;39;0;0;2;2;1;B02
201400002559;0;7;0;0;2;1;11;A01
201400002559;0;7;0;0;2;1;1;B02
201400002560;0;33;0;0;2;2;1;A01
201400002560;0;7;0;0;2;3;19;B02
201400002561;0;7;0;0;2;7;19;A01
201400002561;0;10;0;0;2;1;1;B02
201400002562;0;7;0;0;2;7;1;B02
201400002562;0;10;0;0;2;1;19;A01
201400002563;0;7;0;6;0;1;1;A01
201400002564;0;10;0;0;2;3;1;A01
201400002564;0;7;0;0;2;3;1;B02
201400002565;0;7;0;0;2;8;9;A01
201400002565;0;33;0;0;2;1;1;B02
201400002566;0;99;0;0;0;1;13;A01
201400002566;0;7;0;0;0;3;1;B02
201400002567;0;7;0;0;2;1;19;A01
201400002567;0;1;0;0;2;8;5;B02
201400002568;0;7;0;0;0;9;1;A01
201400002569;0;37;0;0;2;2;1;B02
201400002569;0;7;0;0;2;8;19;A01
201400002570;0;7;0;0;2;2;15;A01
201400002570;0;2;0;0;2;1;1;B02
201400002571;0;7;0;0;1;1;19;A01
201400002572;0;7;0;0;2;3;1;B02
201400002572;0;30;0;0;2;1;15;A01
201400002573;0;7;0;0;1;1;1;A01
201400002574;0;33;0;0;0;6;2;A01
201400002574;0;7;0;0;0;3;2;B02
201400002575;0;17;0;0;2;8;15;A01
201400002575;0;33;0;0;9;1;1;B02
201400002576;0;7;0;6;0;2;1;A01
201400002577;0;7;0;0;0;6;15;A01
201400002577;0;33;0;0;2;1;11;B02
201400002578;0;7;0;13;0;1;14;A01
201400002579;0;7;0;2;0;1;1;A01
201400002580;0;7;0;13;0;1;1;A01
201400002581;0;7;0;0;1;1;1;A01
201400002582;0;7;0;0;2;6;15;A01
201400002582;0;30;0;0;2;1;13;B02
201400002583;0;7;0;0;2;1;1;A01
201400002583;0;7;0;0;2;1;15;B02
201400002584;0;7;0;0;2;1;1;B02
201400002584;0;7;0;0;2;2;15;A01
201400002585;0;7;0;0;2;5;15;A01
201400002585;0;7;0;0;2;1;1;B02
201400002586;0;7;0;0;1;2;14;A01
201400002587;0;7;0;0;2;1;15;A01
201400002587;0;7;0;0;2;1;1;B02
201400002588;0;7;0;0;0;3;2;B02
201400002588;0;7;0;0;0;2;15;A01
201400002589;0;7;0;0;2;8;15;A01
201400002589;0;33;0;0;2;1;1;B02
201400002590;0;7;0;2;0;7;1;A01
201400002591;0;7;0;7;0;1;1;A01
201400002591;0;7;0;0;2;1;1;B02
201400002592;0;7;0;0;2;3;15;A01
201400002592;0;31;0;0;2;1;0;B02
201400002593;0;10;0;0;2;7;13;B02
201400002593;0;7;0;0;2;3;1;A01
201400002594;0;7;0;2;0;0;1;A01
201400002595;0;33;0;0;6;1;1;A01
201400002596;0;7;0;16;0;1;1;A01
201400002597;0;31;0;0;0;3;9;A01
201400002597;0;33;0;0;0;1;17;B02
201400002598;0;7;0;6;0;1;0;A01
201400002599;0;7;0;0;2;3;1;B02
201400002599;0;7;0;0;2;2;19;A01
201400002600;0;33;0;0;2;1;1;A01
201400002600;0;7;0;0;2;4;15;B02
201400002601;0;7;0;13;0;9;21;A01
201400002602;0;7;0;0;2;1;15;A01
201400002602;0;33;0;0;2;1;1;B02
201400002603;0;7;0;0;0;8;9;A01
201400002603;0;7;0;0;0;1;0;B02
201400002604;0;33;0;0;0;0;1;A01
201400002605;0;7;0;0;2;1;0;A01
201400002605;0;33;0;0;2;1;19;B02
201400002606;0;7;0;0;1;3;20;A01
201400002607;0;7;0;2;0;2;1;A01
201400002608;0;7;0;8;2;8;1;A01
201400002608;0;7;0;0;2;1;1;B02
201400002609;0;7;0;0;0;1;13;A01
201400002610;0;7;0;0;2;3;1;A01
201400002610;0;1;0;0;2;1;15;B02
201400002611;0;7;0;0;2;8;1;A01
201400002611;0;7;0;0;2;1;1;B02
201400002612;0;7;0;2;0;1;1;A01
201400002613;0;7;0;0;2;1;1;A01
201400002613;0;7;0;0;2;3;19;B02
201400002614;0;10;0;0;2;2;13;A01
201400002614;0;7;0;0;2;3;1;B02
201400002615;0;10;0;0;2;3;23;C03
201400002615;0;7;0;0;2;2;15;A01
201400002615;0;7;0;0;2;1;1;B02
201400002616;0;7;0;13;0;2;1;A01
201400002617;0;7;0;2;0;4;13;A01
201400002618;0;7;0;13;0;1;13;A01
201400002619;0;7;0;13;0;9;1;A01
201400002620;0;7;0;6;0;1;2;A01
201400002621;0;1;0;0;2;8;19;A01
201400002621;0;7;0;0;9;1;1;B02
201400002622;0;7;0;13;0;3;1;A01
201400002623;0;33;0;0;2;1;17;A01
201400002623;0;7;0;0;2;2;1;B02
201400002624;0;7;0;0;2;1;5;A01
201400002624;0;10;0;0;2;1;1;B02
201400002625;0;14;0;0;2;3;15;A01
201400002625;0;33;0;0;2;3;1;B02
201400002626;0;7;0;3;2;2;17;A01
201400002626;0;7;0;0;2;3;1;B02
201400002627;0;7;0;0;2;8;1;A01
201400002627;0;10;0;0;2;2;1;B02
201400002628;0;7;0;0;2;3;19;A01
201400002628;0;7;0;0;2;1;1;B02
201400002628;0;7;0;0;2;1;23;C03
201400002629;0;15;0;0;0;8;0;A01
201400002629;0;10;0;0;0;3;0;B02
201400002630;0;7;0;0;2;3;19;B02
201400002630;0;10;0;0;2;1;1;A01
201400002631;0;7;0;0;2;5;15;A01
201400002631;0;33;0;0;2;1;1;B02
201400002632;0;33;0;0;2;1;1;B02
201400002632;0;7;0;0;2;2;9;A01
201400002633;0;7;0;3;0;2;14;A01
201400002634;0;7;0;13;0;3;1;A01
201400002635;0;7;0;13;0;1;5;A01
201400002636;0;7;0;0;1;1;1;A01
201400002637;0;2;0;0;2;1;17;A01
201400002637;0;7;0;0;2;1;1;B02
201400002638;0;30;0;0;2;6;2;B02
201400002638;0;14;0;0;2;2;2;A01
201400002639;0;7;0;0;2;2;1;A01
201400002639;0;7;0;0;2;3;19;B02
201400002640;0;10;0;0;2;2;1;A01
201400002640;0;7;0;0;2;3;9;B02
201400002641;0;33;0;13;0;8;1;A01
201400002642;0;7;0;13;0;1;14;A01
201400002643;0;7;0;2;0;2;1;A01
201400002644;0;7;0;0;2;7;13;A01
201400002644;0;7;0;0;2;1;1;B02
201400002645;0;7;0;0;2;2;17;A01
201400002645;0;30;0;0;2;1;15;B02
201400002646;0;7;0;14;0;2;1;A01
201400002646;0;7;0;14;0;1;1;B02
201400002647;0;7;0;8;0;9;0;A01
201400002647;0;7;0;8;0;1;21;B02
201400002648;0;33;0;13;0;0;1;A01
201400002649;0;7;0;2;0;1;1;A01
201400002650;0;10;0;0;1;3;1;A01
201400002651;0;7;0;0;0;2;1;A01
201400002652;0;30;0;6;0;1;1;A01
201400002653;0;7;0;0;2;3;20;A01
201400002653;0;2;0;0;2;1;1;B02
201400002654;0;33;0;0;2;8;13;A01
201400002654;0;7;0;0;2;8;1;B02
201400002655;0;7;0;0;2;1;1;A01
201400002655;0;7;0;0;2;7;1;B02
201400002656;0;10;0;0;2;3;17;B02
201400002656;0;10;0;0;2;6;15;A01
201400002657;0;7;0;0;2;7;1;A01
201400002657;0;10;0;0;2;1;1;B02
201400002658;0;10;0;0;2;2;13;A01
201400002658;0;10;0;0;2;1;1;B02
201400002659;0;7;0;0;2;2;13;A01
201400002659;0;14;0;0;2;2;1;B02
201400002660;0;21;0;0;0;0;1;A01
201400002661;0;7;0;0;2;3;1;A01
201400002661;0;15;0;0;2;3;1;B02
201400002662;0;7;0;0;1;2;1;A01
201400002663;0;10;0;0;6;3;1;A01
201400002664;0;7;0;0;2;7;13;A01
201400002664;0;7;0;0;2;1;1;B02
201400002665;0;36;0;6;0;3;13;A01
201400002666;0;7;0;0;2;1;1;A01
201400002666;0;7;0;0;2;3;19;B02
201400002667;0;1;0;0;2;2;1;B02
201400002667;0;7;0;0;2;2;15;A01
201400002668;0;7;0;0;2;7;1;A01
201400002668;0;1;0;0;2;7;15;B02
201400002669;0;7;0;0;2;1;13;A01
201400002669;0;7;0;0;2;3;1;B02
201400002670;0;7;0;0;2;7;19;B02
201400002670;0;7;0;0;2;1;1;A01
201400002671;0;7;0;0;2;3;5;A01
201400002671;0;33;0;0;2;1;1;B02
201400002672;0;7;0;0;2;8;1;A01
201400002672;0;3;0;0;2;3;19;B02
201400002673;0;14;0;0;2;1;1;A01
201400002673;0;10;0;0;2;1;1;B02
201400002674;0;7;0;6;0;2;1;A01
201400002675;0;7;0;16;0;1;14;A01
201400002676;0;7;0;2;0;8;1;A01
201400002677;0;7;0;0;2;1;1;B02
201400002677;0;7;0;0;2;8;6;A01
201400002678;0;7;0;0;2;3;1;A01
201400002678;0;10;0;0;2;2;12;B02
201400002679;0;7;0;0;0;1;1;A01
201400002680;0;31;0;0;0;1;1;A01
201400002681;0;7;0;0;1;3;15;A01
201400002682;0;7;0;2;0;8;1;A01
201400002683;0;7;0;13;0;1;1;A01