num_acc;senc;catv;occutc;obs;obsm;choc;manv;num_veh
201400002684;0;7;0;0;2;6;15;A01
201400002684;0;10;0;0;2;3;1;B02
201400002685;0;33;0;0;2;3;1;A01
201400002685;0;99;0;0;2;3;1;B02
201400002686;0;2;0;8;0;2;1;A01
201400002687;0;2;0;0;2;2;1;B02
201400002687;0;7;0;0;2;3;15;A01
201400002688;0;30;0;0;0;7;15;A01
201400002689;0;7;0;0;0;0;0;A01
201400002689;0;7;0;0;0;0;0;B02
201400002690;0;21;0;0;0;1;1;A01
201400002691;0;7;0;0;1;3;1;A01
201400002692;0;7;0;0;2;3;1;A01
201400002692;0;7;0;0;2;3;1;B02
201400002693;0;7;0;2;0;9;1;A01
201400002694;0;10;0;1;0;5;1;A01
201400002694;0;7;0;0;2;8;24;B02
201400002695;0;7;0;0;1;8;1;A01
201400002696;0;7;0;0;0;2;13;B02
201400002696;0;30;0;0;0;3;15;A01
201400002697;0;14;0;16;0;8;1;A01
201400002698;0;33;0;0;2;1;1;B02
201400002698;0;33;0;0;2;1;1;A01
201400002698;0;7;0;0;2;3;1;C03
201400002699;0;33;0;12;0;8;13;A01
201400002700;0;7;0;0;2;3;13;A01
201400002700;0;33;0;0;2;3;1;B02
201400002701;0;7;0;13;0;3;14;A01
201400002702;0;10;0;0;2;1;13;A01
201400002702;0;7;0;0;2;1;1;B02
201400002703;0;33;0;0;2;8;5;C03
201400002703;0;7;0;0;2;6;2;D04
201400002703;0;7;0;0;2;5;2;B02
201400002703;0;7;0;0;2;1;2;A01
201400002704;0;7;0;0;2;1;13;A01
201400002704;0;7;0;0;2;1;1;B02
201400002705;0;10;0;0;2;2;15;A01
201400002705;0;33;0;0;2;1;1;B02
201400002706;0;7;0;13;0;2;14;A01
201400002707;0;7;0;0;1;2;1;A01
201400002708;0;1;0;0;2;1;2;B02
201400002708;0;7;0;0;2;2;2;A01
201400002709;0;7;0;2;0;3;13;A01
201400002710;0;7;0;0;2;1;0;B02
201400002710;0;10;0;0;2;3;15;A01
201400002711;0;7;0;2;6;3;1;A01
201400002712;0;7;0;0;2;2;15;A01
201400002712;0;7;0;0;2;1;1;B02
201400002713;0;7;0;0;2;2;15;A01
201400002713;0;31;0;0;2;3;1;B02
201400002714;0;10;0;0;2;1;13;A01
201400002714;0;17;0;0;2;3;1;B02
201400002714;0;10;0;0;2;1;1;C03
201400002715;0;7;0;13;0;1;19;A01
201400002716;0;10;0;0;2;1;19;B02
201400002716;0;10;0;0;2;7;1;A01
201400002717;0;7;0;2;0;1;1;A01
201400002718;0;7;0;0;2;1;17;A01
201400002718;0;31;0;0;2;1;1;B02
201400002719;0;10;0;2;0;1;19;A01
201400002720;0;7;0;0;1;6;4;A01
201400002721;0;7;0;3;0;1;14;A01
201400002722;1;17;0;0;2;5;2;A01
201400002722;0;1;0;0;2;8;1;B02
201400002723;0;33;0;0;1;1;1;A01
201400002724;0;7;0;0;2;2;13;A01
201400002724;0;7;0;0;2;3;1;B02
201400002725;0;7;0;12;0;1;1;A01
201400002726;0;7;0;0;4;3;1;A01
201400002726;0;39;1;0;2;2;1;B02
201400002727;0;33;0;15;0;1;1;A01
201400002728;0;7;0;2;0;1;1;A01
201400002729;0;7;0;0;2;6;15;A01
201400002729;0;2;0;0;2;1;17;B02
201400002730;0;7;0;0;2;1;13;A01
201400002730;0;7;0;0;2;1;1;B02
201400002731;0;7;0;2;0;7;1;A01
201400002732;0;10;0;0;2;3;1;A01
201400002732;0;7;0;0;2;3;1;B02
201400002732;0;17;0;0;2;8;1;C03
201400002732;0;7;0;0;2;8;1;D04
201400002733;0;7;0;0;2;3;10;A01
201400002733;0;33;0;0;2;1;1;B02
201400002734;0;7;0;0;2;1;1;A01
201400002734;0;7;0;0;2;1;1;B02
201400002735;0;7;0;0;1;3;1;A01
201400002736;0;30;0;8;0;1;1;A01
201400002737;0;7;0;1;1;1;2;A01
201400002738;0;30;0;0;0;0;1;A01
201400002739;0;33;0;0;2;1;1;A01
201400002739;0;7;0;0;2;3;15;B02
201400002740;0;7;0;0;2;7;1;A01
201400002740;0;1;0;0;2;1;19;B02
201400002741;0;7;0;0;2;6;10;A01
201400002741;0;33;0;0;2;1;2;B02
201400002742;0;33;0;0;2;1;1;B02
201400002742;0;7;0;0;2;3;19;A01
201400002743;0;7;0;0;2;3;15;A01
201400002743;0;2;0;0;2;1;1;B02
201400002744;0;7;0;2;0;1;1;A01
201400002745;0;7;0;0;2;2;13;A01
201400002745;0;7;0;0;2;1;1;B02
201400002745;0;7;0;0;2;2;1;C03
201400002746;0;7;0;0;2;1;1;A01
201400002746;0;7;0;0;2;7;19;B02
201400002747;0;7;0;0;2;7;17;A01
201400002747;0;30;0;0;2;8;15;B02
201400002748;0;7;0;0;2;3;1;B02
201400002748;0;30;0;0;2;8;1;A01
201400002749;0;14;0;14;2;1;1;A01
201400002749;0;15;0;0;0;0;23;B02
201400002750;0;10;0;0;2;3;19;A01
201400002750;0;7;0;0;2;7;1;B02
201400002751;0;7;0;0;2;3;13;A01
201400002751;0;7;0;0;0;3;1;B02
201400002752;0;7;0;0;2;1;17;A01
201400002752;0;7;0;0;0;6;15;B02
201400002753;0;7;0;6;0;1;13;A01
201400002754;0;30;0;0;6;1;1;A01
201400002755;0;7;0;0;0;7;14;A01
201400002756;0;7;0;13;0;1;1;A01
201400002757;0;7;0;0;1;2;1;A01
201400002758;0;7;0;0;2;3;13;A01
201400002758;0;14;0;0;2;3;1;B02
201400002759;0;7;0;0;2;3;13;A01
201400002759;0;20;0;0;2;8;1;B02
201400002760;0;7;0;13;0;9;0;A01
201400002761;0;33;0;0;2;1;17;A01
201400002761;0;7;0;0;2;8;15;B02
201400002762;0;33;0;0;2;1;1;A01
201400002762;0;21;0;0;2;5;15;B02
201400002763;0;7;0;0;2;1;13;A01
201400002763;0;33;0;0;2;1;1;B02
201400002764;0;33;0;0;2;1;17;A01
201400002764;0;7;0;0;2;8;15;B02
201400002765;0;30;0;0;9;7;14;A01
201400002766;0;7;0;2;0;1;14;A01
201400002767;0;33;0;0;1;1;19;A01
201400002768;0;30;0;7;0;0;0;A01
201400002769;0;7;0;0;0;3;9;A01
201400002769;0;30;0;0;2;2;1;B02
201400002770;0;33;0;0;2;7;1;A01
201400002770;0;7;0;0;2;2;15;B02
201400002771;0;7;0;0;1;2;1;A01
201400002772;0;30;0;3;0;8;13;A01
201400002773;0;7;0;0;2;8;1;A01
201400002773;0;7;0;0;2;2;1;B02
201400002774;0;7;0;0;1;1;1;A01
201400002775;0;31;0;0;0;0;1;A01
201400002776;0;7;0;13;0;1;1;A01
201400002777;0;33;0;0;2;1;13;A01
201400002777;0;7;0;0;2;1;0;B02
201400002778;0;30;0;0;2;1;17;A01
201400002778;0;7;0;0;2;3;15;B02
201400002779;0;7;0;0;0;8;19;A01
201400002779;0;34;0;0;2;1;1;B02
201400002780;0;33;0;0;2;1;17;A01
201400002780;0;33;0;0;2;1;1;B02
201400002780;0;7;0;0;2;8;11;C03
201400002781;0;7;0;0;0;7;15;A01
201400002781;0;2;0;0;2;1;1;B02
201400002782;0;1;0;0;2;1;19;A01
201400002782;0;7;0;0;2;7;1;B02
201400002783;0;7;0;3;2;0;13;A01
201400002783;0;14;0;3;2;1;21;B02
201400002783;0;7;0;0;2;2;21;C03
201400002784;0;7;0;0;2;3;0;B02
201400002784;0;34;0;0;2;3;0;A01
201400002785;0;7;0;0;2;2;13;A01
201400002785;0;7;0;0;2;1;0;B02
201400002786;0;7;0;0;2;2;0;A01
201400002786;0;33;0;0;2;1;0;B02
201400002787;0;33;0;0;2;1;13;A01
201400002787;0;7;0;0;2;6;0;B02
201400002788;0;7;0;10;0;3;1;A01
201400002789;0;7;0;0;2;3;13;A01
201400002789;0;7;0;0;2;1;1;B02
201400002790;0;7;0;0;0;9;1;A01
201400002791;0;7;0;2;0;1;14;A01
201400002792;0;7;0;0;0;3;2;A01
201400002792;0;7;0;0;0;5;0;B02
201400002793;0;33;0;2;0;0;1;A01
201400002794;0;7;0;0;2;2;15;A01
201400002794;0;7;0;0;2;2;1;B02
201400002795;0;15;0;0;2;6;20;A01
201400002795;0;7;0;0;2;3;2;B02
201400002796;0;7;0;0;2;1;1;A01
201400002796;0;10;0;0;2;3;1;B02
201400002797;0;7;0;0;2;1;21;B02
201400002797;0;3;0;0;2;3;0;A01
201400002798;0;7;0;0;2;1;0;A01
201400002798;0;7;0;0;2;3;0;B02
201400002799;0;7;0;0;2;1;1;A01
201400002799;0;7;0;0;2;7;19;B02
201400002800;0;7;0;0;2;0;2;B02
201400002800;0;7;0;0;2;0;15;A01
201400002801;0;7;0;0;1;1;1;A01
201400002802;0;7;0;0;2;2;17;A01
201400002802;0;2;0;0;2;6;13;B02
201400002803;0;7;0;0;1;3;15;A01
201400002804;0;2;0;0;2;1;13;A01
201400002804;0;7;0;0;2;3;1;B02
201400002805;0;7;0;6;0;1;1;A01
201400002806;0;33;0;0;2;3;1;A01
201400002806;0;7;0;0;2;3;1;B02
201400002807;0;7;0;0;1;1;15;A01
201400002808;0;7;0;0;2;3;9;A01
201400002808;0;7;0;0;2;1;1;B02
201400002809;0;7;0;6;0;1;17;A01
201400002810;0;7;0;0;2;3;13;A01
201400002810;0;7;0;0;2;3;1;B02
201400002811;0;7;0;0;2;1;13;A01
201400002811;0;7;0;0;2;1;1;B02
201400002812;0;7;0;0;0;2;1;A01
201400002813;0;7;0;13;0;1;1;A01
201400002814;0;7;0;2;0;8;13;A01
201400002815;0;33;0;0;0;8;1;A01
201400002816;0;7;0;0;0;3;9;A01
201400002816;0;14;0;6;1;1;1;B02
201400002817;0;7;0;0;2;3;15;A01
201400002817;0;1;0;0;2;1;1;B02
201400002818;0;7;0;0;9;2;2;B02
201400002818;0;1;0;0;2;1;1;A01
201400002819;0;7;0;0;2;1;15;A01
201400002819;0;33;0;0;2;3;1;B02
201400002820;0;35;0;0;2;7;1;A01
201400002820;0;7;0;0;0;8;1;B02
201400002821;0;7;0;0;2;1;1;B02
201400002821;0;7;0;0;2;1;5;A01
201400002822;0;10;0;0;2;8;1;B02
201400002822;0;7;0;0;2;8;13;A01
201400002822;0;10;0;0;2;3;1;C03
201400002823;0;7;0;0;9;1;1;B02
201400002823;0;7;0;2;2;8;17;A01
201400002824;0;10;0;0;2;2;1;B02
201400002824;0;31;0;0;2;8;19;A01
201400002825;0;33;0;0;2;1;17;A01
201400002825;0;10;0;0;2;3;15;B02
201400002826;0;7;0;0;2;3;1;B02
201400002826;0;2;0;0;2;1;13;A01
201400002827;0;1;0;0;2;2;1;B02
201400002827;0;7;0;0;2;1;15;A01
201400002828;0;7;0;0;0;0;0;A01
201400002828;0;7;0;0;2;1;1;B02
201400002829;0;99;0;1;0;1;13;A01
201400002829;0;7;0;0;2;1;24;B02
201400002830;0;7;0;0;2;8;9;A01
201400002830;0;33;0;0;2;1;1;B02
201400002831;0;7;0;0;0;9;1;A01
201400002832;0;30;0;0;2;1;1;A01
201400002832;0;7;0;0;2;3;9;B02
201400002833;0;7;0;0;2;1;15;A01
201400002833;0;1;0;0;2;1;1;B02
201400002834;0;7;0;0;2;5;1;A01
201400002834;0;7;0;0;2;1;1;B02
201400002835;0;31;0;0;2;1;1;B02
201400002835;0;7;0;0;2;2;15;A01
201400002836;0;7;0;0;2;3;19;A01
201400002836;0;7;0;0;2;1;1;B02
201400002837;0;7;0;10;0;1;1;A01
201400002838;0;33;0;0;0;0;1;A01
201400002839;0;1;0;0;0;0;1;A01
201400002840;0;10;0;0;2;3;1;A01
201400002840;0;30;0;0;0;5;15;B02
201400002841;0;33;0;0;6;1;1;A01
201400002842;0;1;0;0;2;8;15;B02
201400002842;0;7;0;0;2;2;2;A01
201400002843;0;33;0;0;2;1;1;B02
201400002843;0;10;0;0;2;5;15;A01
201400002844;0;7;0;0;2;3;15;A01
201400002844;0;7;0;0;2;2;1;B02
201400002845;0;7;0;0;2;1;5;B02
201400002845;0;7;0;0;2;1;1;A01
201400002846;2;7;0;0;2;3;10;A01
201400002846;0;33;0;0;2;7;1;B02
201400002847;0;33;0;0;0;0;1;A01
201400002848;0;14;0;0;2;3;1;B02
201400002848;0;7;0;0;2;3;1;A01
201400002849;0;33;0;0;2;1;1;A01
201400002849;0;7;0;0;0;6;9;B02
201400002850;0;33;0;8;0;1;1;A01
201400002851;0;7;0;0;2;2;1;B02
201400002851;0;7;0;0;2;4;4;A01
201400002852;0;7;0;0;2;3;1;B02
201400002852;0;10;0;0;2;3;13;A01
201400002853;0;7;0;0;1;8;17;A01
201400002854;0;7;0;0;2;1;1;A01
201400002854;0;7;0;0;2;2;19;B02
201400002855;0;33;0;0;2;7;1;B02
201400002855;0;10;0;0;2;3;15;A01
201400002856;0;2;0;0;2;1;1;B02
201400002856;0;7;0;0;0;8;19;A01
201400002857;0;7;0;0;2;1;13;A01
201400002857;0;14;0;0;2;3;0;B02
201400002858;0;7;0;0;2;1;19;B02
201400002858;0;7;0;0;2;7;1;A01
201400002859;0;10;0;0;2;5;19;A01
201400002859;0;2;0;0;2;1;2;B02
201400002860;0;10;0;16;0;1;1;A01
201400002861;0;17;0;0;2;1;1;A01
201400002861;0;7;0;0;2;4;15;B02
201400002862;0;7;0;0;2;8;5;A01
201400002862;0;7;0;0;2;1;1;B02
201400002863;0;7;0;13;0;3;1;A01
201400002864;0;7;0;3;0;8;13;A01
201400002865;0;7;0;0;0;1;1;A01
201400002866;0;7;0;2;0;1;1;A01
201400002867;0;7;0;2;0;1;1;A01
201400002868;0;33;0;0;2;7;17;A01
201400002868;0;7;0;0;0;8;15;B02
201400002869;0;7;0;2;0;8;13;A01
201400002870;0;10;0;2;2;0;17;A01
201400002871;0;7;0;2;0;2;14;A01
201400002872;1;7;0;0;0;0;0;A01
201400002872;0;1;0;0;0;4;1;B02
201400002873;0;10;0;0;0;9;1;A01
201400002874;0;14;0;0;2;7;9;A01
201400002874;0;14;0;0;2;1;1;B02
201400002875;0;7;0;6;0;8;1;A01
201400002876;0;7;0;0;2;2;15;A01
201400002876;0;33;0;0;2;1;1;B02
201400002877;0;1;0;0;0;4;1;B02
201400002877;0;7;0;0;2;2;1;A01
201400002878;0;7;0;0;2;3;1;B02
201400002878;0;15;0;0;2;8;1;A01
201400002879;0;15;0;0;2;3;1;A01
201400002879;0;7;0;0;2;8;19;B02
201400002880;0;33;0;0;0;8;1;A01
201400002881;0;7;0;0;2;2;1;E05
201400002881;0;7;0;0;2;6;1;C03
201400002881;0;7;0;0;2;4;1;B02
201400002881;0;7;0;0;2;6;13;A01
201400002881;0;7;0;0;2;1;1;D04
201400002882;0;7;0;6;0;1;1;A01
201400002883;0;10;0;13;0;3;13;A01
201400002884;0;33;0;0;0;2;1;A01
201400002885;0;7;0;0;2;3;13;A01
201400002885;0;17;0;0;2;6;1;B02
201400002886;0;33;0;0;2;1;1;A01
201400002886;0;7;0;0;2;8;19;B02
201400002887;0;7;0;0;2;1;15;A01
201400002887;0;2;0;0;2;8;1;B02
201400002888;0;7;0;0;2;8;16;A01
201400002888;0;7;0;0;2;2;1;B02
201400002889;0;33;0;2;0;8;2;A01
201400002890;0;7;0;0;0;3;13;A01
201400002890;0;7;0;0;2;3;1;B02
201400002891;0;2;0;13;0;1;21;A01
201400002892;0;10;0;0;2;2;1;B02
201400002892;0;7;0;0;2;2;5;A01
201400002893;0;20;0;0;2;1;10;A01
201400002893;0;7;0;0;2;1;1;B02
201400002894;0;7;0;0;2;1;13;A01
201400002894;0;7;0;0;2;1;1;B02
201400002895;0;30;0;2;0;1;1;A01
201400002896;0;1;0;0;2;7;6;B02
201400002896;0;7;0;0;2;3;9;A01
201400002897;0;21;0;0;0;0;1;A01
201400002898;0;1;0;13;0;0;1;A01
201400002899;0;33;0;0;2;8;13;A01
201400002899;0;33;0;0;2;8;2;B02
201400002900;0;33;0;0;0;8;1;A01
201400002901;0;7;0;0;2;1;0;A01
201400002901;0;7;0;0;0;4;0;B02
201400002902;0;31;0;0;0;0;0;A01
201400002903;0;7;0;8;0;2;1;A01
201400002904;0;21;0;0;1;1;1;A01
201400002905;0;7;0;0;2;3;19;B02
201400002905;0;33;0;0;0;8;1;A01
201400002906;0;21;0;15;0;2;1;A01
201400002907;0;7;0;2;0;7;1;A01
201400002908;0;7;0;2;0;1;1;A01
201400002909;0;10;0;3;2;1;1;B02
201400002909;0;7;0;3;2;7;1;A01
201400002910;0;2;0;12;0;2;14;A01
201400002911;0;7;0;7;2;3;19;A01
201400002911;0;7;0;7;2;1;13;B02
201400002912;0;7;0;0;0;9;1;A01
201400002913;0;7;0;6;0;2;1;A01
201400002914;0;33;0;0;6;1;1;A01
201400002915;0;7;0;0;9;1;1;B02
201400002915;0;1;0;0;2;7;2;A01
201400002916;0;7;0;2;0;8;1;A01
201400002917;0;7;0;0;2;1;1;A01
201400002917;0;7;0;0;2;1;15;B02
201400002918;0;32;0;1;0;1;1;A01
201400002919;0;30;0;0;2;1;1;B02
201400002919;0;7;0;0;2;1;1;A01
201400002920;0;30;0;0;2;1;19;A01
201400002920;0;7;0;0;2;7;1;B02
201400002921;0;7;0;0;2;1;1;A01
201400002921;0;7;0;0;2;1;1;B02
201400002922;0;10;0;0;0;7;1;A01
201400002923;0;7;0;0;2;1;5;B02
201400002923;0;1;0;0;2;1;19;A01
201400002924;0;35;0;0;2;1;1;A01
201400002924;0;7;0;0;2;8;1;B02
201400002925;0;7;0;0;2;1;1;B02
201400002925;0;7;0;0;2;1;1;A01
201400002926;0;33;0;12;0;1;1;A01
201400002927;0;7;0;0;1;2;21;A01
201400002928;0;7;0;0;0;3;1;B02
201400002928;0;7;0;0;0;2;15;A01
201400002929;0;7;0;0;2;3;15;A01
201400002929;0;30;0;0;2;1;1;B02
201400002930;0;31;0;0;0;1;1;A01
201400002931;0;1;0;0;2;4;2;B02
201400002931;1;10;0;0;2;1;2;A01
201400002932;0;7;0;0;2;3;15;A01
201400002932;0;30;0;0;2;3;1;B02
201400002933;0;7;0;3;2;1;1;B02
201400002933;0;15;0;13;2;8;1;A01
201400002934;0;7;0;0;2;3;15;A01
201400002934;0;33;0;0;2;3;21;B02
201400002935;0;10;0;6;0;3;1;A01
201400002936;0;7;0;2;0;2;1;A01
201400002937;0;7;0;0;2;7;13;A01
201400002937;0;2;0;0;2;1;13;B02
201400002938;0;7;0;0;2;7;15;A01
201400002938;0;7;0;0;2;1;1;B02
201400002939;0;7;0;0;0;9;1;A01
201400002940;0;7;0;2;0;1;1;A01
201400002941;0;7;0;8;0;5;1;A01
201400002942;0;2;0;0;2;7;0;B02
201400002942;0;7;0;0;2;8;16;A01
201400002943;0;7;0;0;2;3;0;B02
201400002943;0;7;0;0;2;1;1;A01
201400002944;0;10;0;0;1;2;21;A01
201400002945;0;7;0;0;1;2;1;A01
201400002946;0;10;0;8;0;2;1;A01
201400002947;0;33;0;0;0;8;1;A01
201400002948;0;7;0;0;0;7;16;A01
201400002949;0;10;0;0;0;1;15;A01
201400002950;0;7;0;0;2;1;1;A01
201400002950;0;7;0;0;2;1;1;B02
201400002951;0;7;0;0;2;1;1;A01
201400002951;0;7;0;0;2;8;1;B02
201400002952;0;33;0;0;2;0;13;A01
201400002952;0;7;0;0;2;1;1;B02
201400002953;0;7;0;5;2;3;1;B02
201400002953;0;7;0;0;2;3;13;A01
201400002954;0;10;0;0;0;2;19;A01
201400002954;0;30;0;0;0;1;1;B02
201400002955;0;33;0;7;0;1;14;A01
201400002956;0;14;0;0;2;3;13;A01
201400002956;0;17;0;0;2;3;21;B02
201400002957;0;21;0;13;0;8;13;A01
201400002958;0;31;0;0;2;7;1;B02
201400002958;0;7;0;0;2;2;5;A01
201400002959;0;33;0;0;0;1;1;A01
201400002959;0;21;0;0;0;6;1;B02
201400002960;0;31;0;0;2;0;21;A01
201400002961;0;7;0;0;1;3;1;A01
201400002962;0;7;0;0;2;1;1;B02
201400002962;0;7;0;0;2;5;13;A01
201400002963;0;7;0;0;1;1;15;A01
201400002964;0;7;0;0;2;1;13;A01
201400002964;0;7;0;0;2;3;21;B02
201400002965;0;30;0;0;2;1;1;A01
201400002965;0;30;0;0;2;8;10;B02
201400002966;0;7;0;6;0;1;13;A01
201400002967;0;7;0;0;2;5;15;A01
201400002967;0;33;0;0;2;1;1;C03
201400002967;0;33;0;0;2;1;1;B02
201400002968;0;10;0;0;2;1;2;B02
201400002968;0;7;0;0;1;1;1;A01
201400002969;0;7;0;0;2;3;1;B02
201400002969;0;10;0;0;2;2;1;A01
201400002970;0;7;0;0;2;3;1;A01
201400002970;0;7;0;0;2;3;1;B02
201400002971;0;7;0;0;2;1;1;B02
201400002971;0;7;0;0;2;1;6;A01
201400002972;0;33;0;0;2;1;1;B02
201400002972;0;7;0;0;2;5;15;A01
201400002973;0;7;0;0;2;7;1;B02
201400002973;0;7;0;0;2;1;13;A01
201400002973;0;7;0;0;2;2;1;C03
201400002974;0;7;0;0;1;1;15;A01
201400002975;0;10;0;13;0;2;1;A01
201400002976;0;10;0;0;2;1;13;A01
201400002976;0;10;0;0;2;3;1;B02
201400002977;0;7;0;0;1;2;1;A01
201400002978;0;7;0;0;2;3;1;B02
201400002978;0;7;0;0;2;3;1;A01
201400002979;0;7;0;0;2;3;5;A01
201400002979;0;7;0;0;2;3;1;B02
201400002980;0;1;0;0;0;0;2;A01
201400002981;0;33;0;6;0;1;17;A01
201400002982;0;1;0;0;2;1;13;B02
201400002982;0;7;0;0;2;2;1;A01
201400002983;0;7;0;0;0;3;13;B02
201400002983;0;7;0;0;2;3;21;A01
201400002984;0;33;0;0;2;1;1;B02
201400002984;0;7;0;0;2;7;15;A01
201400002985;0;7;0;13;0;1;13;A01
201400002986;0;7;0;0;1;3;1;A01
201400002987;0;7;0;6;0;9;1;A01
201400002988;0;7;0;4;0;1;1;A01
201400002989;0;30;0;0;2;8;13;A01
201400002989;0;7;0;0;2;8;1;B02
201400002990;0;10;0;0;2;3;15;A01
201400002990;0;7;0;0;2;3;1;B02
201400002991;0;7;0;0;2;2;1;A01
201400002991;0;1;0;0;0;4;1;B02
201400002992;0;7;0;0;2;1;13;A01
201400002992;0;7;0;0;2;1;1;B02
201400002993;0;7;0;0;0;8;1;A01
201400002994;0;33;0;0;0;8;1;A01
201400002995;0;7;0;8;0;5;0;A01
201400002996;0;33;0;12;0;1;1;A01
201400002997;0;7;0;7;0;0;1;A01
201400002998;0;10;0;0;2;2;15;A01
201400002998;0;33;0;0;2;1;1;B02
201400002999;0;7;0;0;2;3;15;A01
201400002999;0;7;0;0;2;8;1;B02
201400003000;0;7;0;0;2;1;1;B02
201400003000;0;10;0;0;2;0;1;A01
201400003001;0;33;0;6;0;1;1;A01
201400003002;0;7;0;8;0;1;1;A01
201400003003;0;31;0;0;2;1;1;B02
201400003003;0;7;0;0;2;8;15;A01
201400003004;0;30;0;0;2;1;17;A01
201400003004;0;7;0;0;2;6;13;B02
201400003005;0;30;0;0;0;1;1;A01
201400003006;0;7;0;0;1;2;1;A01
201400003007;0;7;0;0;2;2;1;A01
201400003007;0;33;0;0;2;6;1;B02
201400003008;0;7;0;0;0;1;1;A01
201400003009;0;7;0;0;1;3;1;A01
201400003010;0;7;0;0;2;3;9;A01
201400003010;0;33;0;0;2;5;1;B02
201400003011;0;33;0;0;0;9;1;A01
201400003012;0;33;0;0;0;1;1;A01
201400003013;0;7;0;10;0;1;1;A01
201400003014;0;10;0;7;0;2;1;A01
201400003015;0;7;0;0;9;0;1;A01
201400003016;0;1;0;0;2;1;13;A01
201400003016;0;10;0;0;2;3;1;B02
201400003017;0;33;0;0;2;1;5;A01
201400003017;0;7;0;0;2;3;1;B02
201400003018;0;7;0;0;2;2;15;A01
201400003018;0;33;0;0;2;1;1;B02
201400003019;0;30;0;0;2;1;13;A01
201400003019;0;7;0;0;2;3;1;B02
201400003020;0;7;0;13;0;1;14;A01
201400003021;0;2;0;0;0;8;1;A01
201400003022;0;7;0;1;0;1;14;A01
201400003022;0;7;0;0;2;4;24;B02
201400003023;0;7;0;6;0;1;1;A01
201400003024;0;7;0;0;9;3;1;B02
201400003024;0;2;0;0;2;1;1;A01
201400003025;0;7;0;0;2;1;15;B02
201400003025;0;2;0;0;2;1;1;A01
201400003026;0;2;0;0;2;1;1;A01
201400003026;0;17;0;0;0;4;9;B02
201400003027;0;7;0;0;2;3;1;B02
201400003027;0;10;0;0;2;3;13;A01
201400003028;0;7;0;0;2;2;19;B02
201400003028;0;33;0;0;2;1;1;A01
201400003029;0;7;0;0;2;1;1;B02
201400003029;0;7;0;0;2;1;13;A01
201400003030;0;7;0;13;0;0;13;A01
201400003031;0;7;0;0;2;8;15;A01
201400003031;0;14;0;0;2;2;17;B02
201400003032;0;7;0;2;0;8;13;A01
201400003033;0;7;0;13;0;1;13;A01
201400003034;0;30;0;0;2;1;17;A01
201400003034;0;15;0;0;0;6;1;B02
201400003035;0;7;0;2;0;1;1;A01
201400003036;0;10;0;0;2;3;15;A01
201400003036;0;14;0;0;2;3;1;B02
201400003037;0;7;0;0;0;7;13;A01
201400003037;0;10;0;0;0;1;1;B02
201400003037;0;7;0;0;0;1;21;C03
201400003038;0;14;0;3;0;8;1;A01
201400003039;0;3;0;0;2;3;15;A01
201400003039;0;30;0;0;2;1;1;B02
201400003040;0;30;0;0;0;4;1;A01
201400003040;0;7;0;0;0;3;2;B02
201400003041;0;7;0;0;2;2;13;A01
201400003041;0;7;0;0;2;3;1;B02
201400003042;0;7;0;13;0;1;1;A01
201400003043;0;7;0;0;2;2;15;A01
201400003043;0;2;0;0;2;7;1;B02
201400003044;0;7;0;0;0;9;1;A01
201400003045;0;1;0;0;0;0;0;A01
201400003046;0;7;0;0;1;1;1;A01
201400003047;0;32;0;16;0;8;1;A01
201400003048;0;7;0;6;0;1;13;A01
201400003049;0;7;0;13;0;2;1;A01
201400003050;0;7;0;0;2;7;19;A01
201400003050;0;10;0;0;2;1;1;B02
201400003051;0;33;0;2;0;7;1;A01
201400003052;0;7;0;13;0;3;1;A01
201400003053;0;7;0;0;2;2;15;A01
201400003053;0;33;0;0;2;1;1;B02
201400003054;0;7;0;6;0;1;1;A01
201400003055;0;7;0;0;2;1;1;B02
201400003055;0;7;0;0;2;7;19;A01
201400003056;0;30;0;0;2;1;13;A01
201400003056;0;7;0;0;2;1;1;B02
201400003057;0;34;0;8;0;1;14;A01
201400003058;0;7;0;0;2;1;5;A01
201400003058;0;7;0;0;2;1;1;B02
201400003059;0;7;0;0;0;9;2;A01
201400003060;0;7;0;0;2;3;13;A01
201400003060;0;7;0;0;2;2;0;B02
201400003061;0;33;0;0;2;1;2;A01
201400003061;0;3;0;0;2;4;2;B02
201400003062;0;10;0;0;2;3;13;A01
201400003062;0;7;0;0;2;1;1;B02
201400003063;0;2;0;0;2;1;1;A01
201400003063;0;7;0;0;2;1;15;B02
201400003064;0;30;0;7;0;1;1;A01
201400003065;0;7;0;0;2;1;1;A01
201400003065;0;10;0;0;2;3;15;B02
201400003066;0;33;0;3;0;3;1;A01
201400003067;0;7;0;0;0;6;2;A01
201400003067;0;33;0;0;2;1;2;B02
201400003068;0;7;0;0;2;2;1;A01
201400003068;0;7;0;0;2;1;1;B02
201400003069;0;31;0;13;0;1;1;A01
201400003070;0;7;0;0;0;3;1;A01
201400003070;0;7;0;0;0;3;1;B02
201400003071;0;7;0;0;2;3;1;A01
201400003071;0;7;0;0;0;6;1;B02
201400003072;0;15;0;0;2;2;19;B02
201400003072;0;7;0;0;2;3;2;A01
201400003073;0;7;0;2;0;1;0;A01