num_acc;senc;catv;occutc;obs;obsm;choc;manv;num_veh
201400003074;0;7;0;0;2;0;17;A01
201400003074;0;7;0;0;0;0;13;B02
201400003075;0;7;0;16;0;1;1;A01
201400003076;0;7;0;0;2;1;19;B02
201400003076;0;7;0;0;2;8;1;A01
201400003077;0;7;0;0;2;1;1;A01
201400003077;0;3;0;0;2;5;15;B02
201400003078;0;7;0;0;2;1;1;A01
201400003078;0;7;0;0;0;3;1;B02
201400003079;0;7;0;2;0;8;1;A01
201400003080;0;7;0;0;1;7;2;A01
201400003081;0;7;0;0;2;1;2;A01
201400003081;0;2;0;0;2;4;2;B02
201400003082;0;7;0;0;2;3;1;A01
201400003082;0;7;0;0;2;2;1;B02
201400003083;0;33;0;0;2;1;1;A01
201400003083;0;7;0;0;2;3;19;B02
201400003084;0;7;0;0;2;2;15;A01
201400003084;0;7;0;0;2;6;1;B02
201400003085;0;7;0;0;2;3;15;A01
201400003085;0;33;0;0;2;3;1;B02
201400003086;0;7;0;13;0;9;1;A01
201400003087;0;10;0;6;0;2;1;A01
201400003088;0;36;0;0;0;9;14;A01
201400003089;0;33;0;0;2;3;1;A01
201400003089;0;10;0;0;2;3;13;B02
201400003090;0;36;0;2;0;1;1;A01
201400003091;0;7;0;2;0;1;1;A01
201400003092;0;7;0;0;1;3;5;A01
201400003093;0;2;0;6;0;2;14;A01
201400003094;0;15;0;0;2;5;16;A01
201400003094;0;17;0;0;2;3;1;B02
201400003095;0;7;0;13;0;1;0;A01
201400003096;0;33;0;0;0;1;1;A01
201400003097;0;7;0;0;2;2;15;A01
201400003097;0;7;0;0;2;1;1;B02
201400003098;0;7;0;0;0;2;14;A01
201400003099;0;1;0;0;0;1;1;A01
201400003100;0;33;0;0;0;8;1;A01
201400003101;0;30;0;0;2;1;1;A01
201400003101;0;7;0;0;2;7;15;B02
201400003102;0;7;0;3;0;3;13;A01
201400003103;0;10;0;0;2;3;10;A01
201400003103;0;33;0;0;2;1;1;B02
201400003104;0;7;0;0;2;3;1;B02
201400003104;0;7;0;0;2;2;15;A01
201400003105;0;7;0;13;0;3;21;A01
201400003106;0;7;0;3;0;7;1;A01
201400003107;0;7;0;0;2;2;1;B02
201400003107;0;7;0;0;2;8;15;A01
201400003108;0;7;0;0;9;1;15;A01
201400003108;0;1;0;0;2;1;1;B02
201400003109;0;7;0;4;;1;13;A01
201400003110;0;7;0;4;0;1;13;A01
201400003111;0;7;0;0;2;8;10;A01
201400003111;0;33;0;0;2;1;2;B02
201400003112;0;7;0;0;2;1;1;A01
201400003112;0;14;0;0;2;1;1;B02
201400003113;0;7;0;0;2;7;1;B02
201400003113;0;14;0;0;2;1;1;A01
201400003114;0;17;0;3;2;1;1;A01
201400003114;0;17;0;0;2;2;1;B02
201400003114;0;17;0;0;2;8;1;C03
201400003115;0;7;0;2;0;9;1;A01
201400003116;0;7;0;8;0;7;13;A01
201400003117;0;7;0;0;2;8;1;A01
201400003117;0;10;0;0;2;2;1;B02
201400003118;0;7;0;;2;1;13;A01
201400003118;0;7;0;;2;2;1;B02
201400003119;0;7;0;0;1;2;1;A01
201400003120;0;7;0;0;2;3;15;B02
201400003120;0;7;0;0;2;3;1;A01
201400003121;0;3;0;0;2;3;13;A01
201400003121;0;10;0;0;2;3;1;B02
201400003122;0;10;0;0;2;8;19;A01
201400003122;0;7;0;0;2;2;1;B02
201400003123;0;7;0;0;2;3;13;A01
201400003123;0;7;0;0;2;3;1;B02
201400003124;0;7;0;13;0;1;1;A01
201400003125;0;7;0;0;2;3;13;A01
201400003125;0;7;0;0;2;3;1;B02
201400003126;0;33;0;0;2;1;1;B02
201400003126;0;7;0;0;2;8;10;A01
201400003127;0;30;0;8;0;1;13;A01
201400003128;0;30;0;0;2;1;19;A01
201400003128;0;7;0;0;2;8;1;B02
201400003129;0;33;0;0;6;3;1;A01
201400003130;0;33;0;13;0;8;1;A01
201400003131;0;7;0;0;2;8;1;B02
201400003131;0;33;0;0;2;1;1;A01
201400003132;0;7;0;8;0;1;14;A01
201400003133;0;7;0;0;2;3;19;A01
201400003133;0;33;0;0;2;1;1;B02
201400003134;0;10;0;16;0;1;14;A01
201400003135;0;7;0;2;0;8;1;A01
201400003136;0;33;0;15;0;1;14;A01
201400003137;0;10;0;0;2;3;1;B02
201400003137;0;2;0;0;2;1;1;A01
201400003138;0;7;0;0;2;3;13;A01
201400003138;0;17;0;0;2;3;1;B02
201400003139;0;7;0;0;2;2;15;A01
201400003139;0;33;0;0;2;1;21;B02
201400003140;0;7;0;6;0;1;14;A01
201400003141;0;30;0;0;2;1;13;A01
201400003141;0;30;0;0;2;1;1;B02
201400003142;0;7;0;13;0;2;1;A01
201400003143;0;7;0;0;1;6;4;A01
201400003144;0;7;0;0;1;2;21;A01
201400003145;0;7;0;0;1;1;15;A01
201400003146;0;7;0;0;1;1;13;A01
201400003147;0;7;0;13;0;1;1;A01
201400003148;0;7;0;13;0;9;2;A01
201400003149;0;7;0;0;2;3;17;A01
201400003149;0;15;0;0;2;3;1;B02
201400003150;0;7;0;2;0;8;1;A01
201400003151;0;33;0;13;0;1;1;A01
201400003152;0;33;0;0;2;1;1;B02
201400003152;0;7;0;0;2;8;15;A01
201400003153;0;7;0;0;2;8;17;A01
201400003153;0;7;0;0;2;8;1;B02
201400003154;0;7;0;0;2;1;1;B02
201400003154;0;7;0;0;2;8;19;A01
201400003155;0;7;0;0;2;8;1;A01
201400003155;0;7;0;0;2;1;1;B02
201400003156;0;7;0;16;0;2;1;A01
201400003157;0;13;0;0;2;2;1;A01
201400003157;0;7;0;0;2;3;19;B02
201400003158;0;7;0;0;2;8;15;B02
201400003158;0;7;0;0;2;1;1;A01
201400003159;0;7;0;2;0;1;1;A01
201400003160;0;7;0;0;2;1;19;A01
201400003160;0;7;0;0;2;3;1;B02
201400003161;0;7;0;0;2;2;15;A01
201400003161;0;1;0;0;2;1;1;B02
201400003161;0;1;0;0;2;1;1;C03
201400003162;0;7;0;0;2;9;13;A01
201400003162;0;7;0;0;2;3;1;B02
201400003162;0;10;0;0;2;1;1;C03
201400003163;0;7;0;0;2;1;2;A01
201400003163;0;7;0;0;2;4;15;B02
201400003164;0;33;0;0;2;1;13;A01
201400003164;0;21;0;0;2;7;1;B02
201400003165;0;7;0;2;0;1;1;A01
201400003166;0;30;0;0;2;1;1;B02
201400003166;0;7;0;0;0;3;15;A01
201400003167;0;7;0;6;0;1;13;A01
201400003168;0;7;0;0;2;7;13;A01
201400003168;0;7;0;0;2;1;1;B02
201400003169;0;7;0;0;2;1;1;A01
201400003169;0;7;0;0;2;1;17;B02
201400003170;0;7;0;0;2;1;5;B02
201400003170;0;7;0;0;2;1;5;A01
201400003171;0;7;0;0;2;1;2;B02
201400003171;0;10;0;0;2;4;9;A01
201400003172;0;1;0;0;0;7;1;B02
201400003172;0;7;0;0;0;8;1;A01
201400003173;0;10;0;8;0;2;1;A01
201400003174;0;15;0;0;0;5;15;B02
201400003174;0;7;0;0;2;3;1;A01
201400003175;0;7;0;13;0;1;1;A01
201400003176;0;7;0;0;2;1;1;C03
201400003176;0;7;0;0;2;6;2;A01
201400003176;0;7;0;0;2;1;1;B02
201400003177;0;7;0;0;0;0;1;A01
201400003178;0;7;0;0;1;2;21;A01
201400003179;0;7;0;0;1;2;1;A01
201400003180;0;7;0;0;0;9;0;A01
201400003181;0;2;0;0;2;1;15;A01
201400003181;0;7;0;0;2;1;0;B02
201400003182;0;33;0;7;0;1;1;A01
201400003182;0;7;0;0;9;2;1;B02
201400003183;0;7;0;0;9;2;2;A01
201400003183;0;1;0;0;2;4;2;B02
201400003184;0;7;0;0;2;1;1;A01
201400003184;0;7;0;0;2;8;15;B02
201400003185;0;14;0;2;0;7;1;A01
201400003186;0;32;0;0;2;1;1;A01
201400003186;0;7;0;0;2;3;19;B02
201400003187;0;10;0;0;0;0;2;B02
201400003187;0;31;0;0;0;0;2;A01
201400003188;0;7;0;1;0;4;4;A01
201400003188;0;7;0;0;1;6;20;B02
201400003189;0;7;0;6;0;3;2;A01
201400003190;0;33;0;0;2;1;2;B02
201400003190;0;7;0;0;2;2;15;A01
201400003191;0;7;0;0;2;1;2;B02
201400003191;0;7;0;0;1;1;23;A01
201400003192;0;1;0;0;0;0;0;A01
201400003193;0;33;0;0;1;1;1;A01
201400003194;0;33;0;0;2;1;2;A01
201400003194;0;7;0;0;2;2;19;B02
201400003195;0;7;0;0;9;2;16;A01
201400003195;0;1;0;0;2;8;1;B02
201400003196;0;7;0;0;2;1;1;A01
201400003196;0;30;0;0;2;7;19;B02
201400003197;0;10;0;0;2;2;21;B02
201400003197;0;7;0;0;2;7;13;A01
201400003198;0;7;0;6;0;1;13;A01
201400003199;0;7;0;0;2;3;19;B02
201400003199;0;7;0;0;2;2;1;A01
201400003200;0;7;0;0;2;1;1;C03
201400003200;0;7;0;0;2;5;2;B02
201400003200;0;7;0;0;2;3;2;A01
201400003201;0;7;0;16;0;9;14;A01
201400003202;0;1;0;0;0;0;1;A01
201400003203;0;33;0;8;2;1;17;B02
201400003203;0;7;0;0;2;8;15;A01
201400003204;0;7;0;0;2;5;16;A01
201400003204;0;1;0;0;2;1;1;B02
201400003205;0;33;0;13;0;9;14;A01
201400003206;0;7;0;0;2;1;1;B02
201400003206;0;7;0;0;2;2;13;A01
201400003207;0;7;0;0;0;2;1;B02
201400003207;0;7;0;0;0;7;13;A01
201400003207;0;7;0;0;0;7;21;C03
201400003208;0;7;0;0;2;1;15;B02
201400003208;0;99;0;0;2;1;1;A01
201400003209;0;7;0;0;9;7;2;A01
201400003209;0;99;0;0;2;0;2;B02
201400003210;0;7;0;8;0;1;13;A01
201400003211;0;2;0;0;2;1;1;B02
201400003211;0;7;0;0;2;2;15;A01
201400003212;0;7;0;8;0;3;1;A01
201400003213;0;7;0;0;2;1;1;A01
201400003213;0;2;0;0;2;8;19;B02
201400003214;0;10;0;0;2;1;1;B02
201400003214;0;10;0;0;2;7;13;A01
201400003215;0;7;0;13;0;1;1;A01
201400003216;0;7;0;2;0;9;1;A01
201400003217;0;7;0;0;2;2;1;B02
201400003217;0;1;0;0;2;8;5;A01
201400003218;0;10;0;0;2;3;1;B02
201400003218;0;7;0;0;2;7;1;A01
201400003219;0;7;0;8;0;0;13;A01
201400003220;0;7;0;0;0;3;15;B02
201400003220;0;33;0;0;2;1;17;A01
201400003221;0;17;0;13;0;0;13;A01
201400003222;0;2;0;0;2;1;1;B02
201400003222;0;7;0;0;2;3;19;A01
201400003223;0;15;0;0;2;6;1;B02
201400003223;0;7;0;0;2;3;13;A01
201400003224;0;7;0;0;2;1;1;B02
201400003224;0;7;0;0;2;1;13;A01
201400003225;0;7;0;0;2;3;19;A01
201400003225;0;33;0;0;2;1;17;B02
201400003226;0;33;0;3;0;2;1;A01
201400003227;1;7;0;0;2;0;1;B01
201400003227;0;1;0;0;2;8;15;A01
201400003228;0;7;0;0;2;3;15;A01
201400003228;0;10;0;0;2;1;1;B02
201400003229;0;7;0;0;6;1;1;A01
201400003229;0;33;0;14;2;1;1;B02
201400003230;0;7;0;2;1;3;13;A01
201400003231;0;7;0;6;2;1;21;A01
201400003232;0;7;0;8;0;1;1;A01
201400003233;0;15;0;3;2;1;1;A01
201400003233;0;7;0;0;2;8;19;B02
201400003234;0;7;0;13;0;2;1;A01
201400003235;0;30;0;0;2;7;17;B02
201400003235;0;7;0;6;2;3;15;A01
201400003236;0;7;0;2;0;2;1;A01
201400003237;0;31;0;0;0;0;1;A01
201400003238;0;30;0;0;2;1;2;A01
201400003238;0;10;0;0;0;4;2;B02
201400003239;0;7;0;0;2;3;1;A01
201400003239;0;1;0;0;2;2;1;B02
201400003240;0;1;0;0;0;0;1;B02
201400003240;0;7;0;0;0;8;16;A01
201400003241;0;1;0;0;0;1;1;A01
201400003241;0;1;0;0;0;1;1;B02
201400003242;0;7;0;0;2;1;13;A01
201400003242;0;7;0;0;2;1;0;B02
201400003243;0;7;0;0;2;3;1;B02
201400003243;0;30;0;0;2;1;13;A01
201400003244;0;7;0;0;2;2;15;A01
201400003244;0;32;0;0;2;1;1;B02
201400003245;0;7;0;0;2;1;19;A01
201400003245;0;33;0;0;2;7;1;B02
201400003246;0;7;0;0;2;8;1;B02
201400003246;0;7;0;0;0;1;1;A01
201400003247;0;38;1;0;1;2;1;A01
201400003248;0;7;0;0;1;0;1;A01
201400003249;0;31;0;0;0;9;0;A01
201400003250;0;33;0;5;0;7;2;A01
201400003251;0;7;0;2;0;1;1;A01
201400003252;0;33;0;0;2;1;1;A01
201400003252;0;7;0;0;2;6;9;B02
201400003253;0;7;0;0;2;1;13;B02
201400003253;0;7;0;0;2;1;13;A01
201400003254;0;10;0;0;9;3;9;A01
201400003254;0;1;0;0;2;1;1;B02
201400003255;0;7;0;6;0;3;0;A01
201400003256;0;7;0;13;0;1;1;A01
201400003257;0;7;0;13;0;8;1;A01
201400003258;0;7;0;0;2;3;1;B02
201400003258;0;7;0;0;2;3;17;A01
201400003259;0;30;0;0;0;8;1;A01
201400003260;0;7;0;0;2;2;2;B02
201400003260;0;1;0;0;2;6;1;A01
201400003261;0;7;0;0;2;3;13;A01
201400003261;0;7;0;0;2;3;1;B02
201400003262;0;7;0;0;1;1;1;A01
201400003263;0;30;0;0;5;7;1;A01
201400003264;0;10;0;0;2;1;1;B02
201400003264;0;7;0;0;2;8;19;A01
201400003265;0;33;0;1;0;1;21;C03
201400003265;0;7;0;1;2;4;21;B02
201400003265;0;7;0;0;2;4;1;A01
201400003266;0;1;0;0;2;1;1;B02
201400003266;0;7;0;0;2;1;13;A01
201400003267;0;7;0;13;0;9;1;A01
201400003268;0;33;0;13;0;9;17;A01
201400003269;0;7;0;0;2;2;19;A01
201400003269;0;7;0;0;2;1;1;B02
201400003270;0;7;0;8;0;2;1;A01
201400003271;0;10;0;0;2;3;13;A01
201400003271;0;7;0;0;2;3;1;B02
201400003271;0;7;0;2;0;7;21;C03
201400003272;0;7;0;0;2;2;17;A01
201400003272;0;21;0;0;2;3;15;B02
201400003273;0;33;0;0;2;1;1;A01
201400003273;0;7;0;0;0;3;19;B02
201400003274;0;7;0;0;2;1;15;A01
201400003274;0;1;0;0;2;3;1;B02
201400003275;0;10;0;0;2;3;16;A01
201400003275;0;7;0;0;2;5;19;B02
201400003276;0;7;0;0;2;3;1;A01
201400003276;0;7;0;0;2;2;13;B02
201400003277;0;7;0;13;0;3;1;A01
201400003278;0;7;0;2;0;1;1;A01
201400003279;0;7;0;2;0;3;1;A01
201400003280;0;7;0;2;0;3;1;A01
201400003281;0;7;0;0;2;3;1;B02
201400003281;0;7;0;0;2;3;13;A01
201400003282;0;7;0;0;2;3;13;A01
201400003282;0;17;0;0;2;6;1;B02
201400003283;0;7;0;0;2;3;1;B02
201400003283;0;7;0;0;2;3;1;A01
201400003284;0;10;0;8;0;3;1;A01
201400003285;0;10;0;0;2;2;17;A01
201400003285;0;30;0;0;2;4;13;B02
201400003286;0;7;0;0;2;8;1;A01
201400003286;0;7;0;0;2;2;19;B02
201400003287;0;7;0;0;2;3;1;B02
201400003287;0;7;0;0;2;3;13;A01
201400003288;0;7;0;2;0;2;13;A01
201400003289;0;10;0;0;9;6;2;C03
201400003289;0;7;0;0;2;1;13;A01
201400003289;0;14;0;0;2;3;1;B02
201400003290;0;7;0;0;1;7;1;A01
201400003291;0;10;0;0;2;3;1;B02
201400003291;0;14;0;0;2;3;13;A01
201400003292;0;7;0;0;2;3;19;A01
201400003292;0;33;0;0;2;1;1;B02
201400003293;0;7;0;0;2;1;17;B02
201400003293;0;7;0;0;2;1;5;A01
201400003293;0;7;0;14;0;3;2;C03
201400003294;0;7;0;0;2;1;2;A01
201400003294;0;7;0;0;2;4;15;B02
201400003294;0;7;0;0;2;1;1;C03
201400003295;0;33;0;0;2;3;1;B02
201400003295;0;7;0;0;2;3;13;A01
201400003296;0;7;0;0;2;7;1;B02
201400003296;0;30;0;0;2;1;1;A01
201400003297;0;14;0;0;2;1;1;A01
201400003297;0;32;0;0;2;7;15;B02
201400003298;0;7;0;0;2;1;6;A01
201400003298;0;7;0;0;2;6;1;B02
201400003299;0;7;0;6;0;1;14;A01
201400003300;0;7;0;2;0;1;16;A01
201400003301;0;30;0;0;0;0;1;A01
201400003302;0;10;0;0;9;2;1;A01
201400003302;0;1;0;8;0;4;1;B02
201400003303;0;7;0;1;0;3;13;A01
201400003304;0;7;0;0;1;1;1;A01
201400003305;0;7;0;0;2;1;15;A01
201400003305;0;7;0;0;2;1;1;B02
201400003306;0;7;0;0;2;2;15;B02
201400003306;0;2;0;0;2;7;1;A01
201400003307;0;7;0;2;0;8;1;A01
201400003308;0;17;0;6;0;1;1;A01
201400003309;0;33;0;0;2;1;17;B02
201400003309;0;21;0;0;2;3;15;A01
201400003310;0;2;0;0;2;1;1;A01
201400003310;0;10;0;0;2;3;20;B02
201400003311;0;7;0;16;0;3;1;A01
201400003312;0;7;0;0;2;3;1;B02
201400003312;0;7;0;0;2;8;19;A01
201400003313;0;7;0;0;2;8;1;A01
201400003313;0;10;0;0;2;1;19;B02
201400003314;0;7;0;2;0;7;13;A01
201400003315;0;7;0;8;0;1;1;A01
201400003316;0;10;0;0;2;3;1;B02
201400003316;0;7;0;0;2;3;13;A01
201400003317;0;7;0;0;2;3;13;A01
201400003317;0;17;0;0;2;3;2;B02
201400003318;0;1;0;0;2;1;1;B02
201400003318;0;7;0;0;2;1;13;A01
201400003319;0;7;0;0;0;8;0;A01
201400003319;0;7;0;0;2;1;0;B02
201400003320;0;7;0;0;2;3;1;B02
201400003320;0;7;0;0;2;2;13;A01
201400003321;0;7;0;0;2;2;1;C03
201400003321;0;7;0;0;2;3;1;B02
201400003321;0;7;0;0;2;3;13;A01
201400003322;0;7;0;1;0;0;23;C03
201400003322;0;30;0;0;2;1;13;A01
201400003322;0;7;0;0;2;3;1;B02
201400003323;0;7;0;0;2;2;1;B02
201400003323;0;7;0;0;0;3;19;A01
201400003324;0;33;0;0;2;1;1;B02
201400003324;0;7;0;0;2;8;15;A01
201400003325;0;1;0;0;2;8;1;D04
201400003325;0;1;0;0;2;8;1;B02
201400003325;0;1;0;0;0;0;1;C03
201400003325;0;7;0;0;2;1;15;A01
201400003325;0;1;0;0;2;1;1;E05
201400003325;0;1;0;0;2;1;1;F06
201400003326;0;7;0;0;2;3;1;A01
201400003326;0;2;0;0;2;1;1;B02
201400003327;0;7;0;13;0;1;14;A01
201400003328;0;7;0;6;0;1;1;A01
201400003329;0;7;0;0;2;3;19;B02
201400003329;0;7;0;0;2;1;1;A01
201400003330;0;7;0;2;0;3;1;A01
201400003331;0;7;0;0;2;7;1;A01
201400003331;0;7;0;0;2;1;1;B02
201400003332;0;7;0;0;2;1;1;B02
201400003332;0;7;0;0;2;8;9;A01
201400003333;0;7;0;0;2;4;23;B02
201400003333;0;7;0;0;0;1;1;C03
201400003333;0;7;0;14;0;1;1;A01
201400003334;0;3;0;0;0;0;1;A01
201400003335;0;31;0;0;2;6;16;A01
201400003335;0;30;0;0;2;1;1;B02
201400003336;0;7;0;0;2;1;1;A01
201400003336;0;21;0;0;0;4;1;B02
201400003337;0;31;0;0;0;1;1;A01
201400003338;0;10;0;0;2;7;13;A01
201400003338;0;7;0;0;2;1;1;B02
201400003339;0;1;0;0;2;8;1;B02
201400003339;1;7;0;0;2;7;17;A01
201400003340;0;7;0;0;2;3;13;A01
201400003340;0;7;0;0;2;3;1;B02
201400003341;0;17;0;0;2;6;11;B02
201400003341;0;33;0;0;2;1;17;A01
201400003342;0;7;0;15;0;2;1;A01
201400003343;0;7;0;0;1;1;2;A01
201400003344;0;7;0;0;2;1;1;B02
201400003344;2;10;0;0;2;1;13;A01
201400003345;0;7;0;2;0;1;1;A01
201400003346;0;7;0;2;0;2;1;A01
201400003347;0;7;0;0;2;3;15;A01
201400003347;0;7;0;0;2;2;1;B02
201400003348;0;7;0;0;2;2;1;A01
201400003348;0;1;0;0;2;4;1;B02
201400003349;0;2;0;0;2;3;1;B02
201400003349;0;7;0;0;9;2;19;A01
201400003350;0;7;0;0;2;1;1;B02
201400003350;0;14;0;0;2;2;15;A01
201400003351;0;10;0;0;2;3;13;B02
201400003351;0;33;0;0;2;1;13;A01
201400003352;0;7;0;0;2;2;1;A01
201400003352;0;33;0;0;2;7;0;B02
201400003353;0;7;0;2;0;9;1;A01
201400003354;0;7;0;2;0;2;14;A01
201400003355;0;7;0;16;0;9;1;A01
201400003356;0;7;0;0;2;1;1;B02
201400003356;0;7;0;0;2;7;1;A01
201400003357;0;7;0;0;2;1;13;A01
201400003357;0;7;0;0;2;1;1;B02
201400003358;0;10;0;0;2;7;1;A01
201400003358;0;10;0;0;2;1;1;B02
201400003359;0;7;0;2;0;9;0;A01
201400003360;0;7;0;8;0;1;1;A01
201400003361;0;7;0;0;2;3;13;B02
201400003361;0;7;0;0;2;3;1;A01
201400003362;0;7;0;0;2;1;1;B02
201400003362;0;7;0;0;2;6;1;C03
201400003362;0;7;0;0;2;1;13;A01
201400003363;0;7;0;6;0;8;1;A01
201400003364;0;7;0;0;2;1;1;B02
201400003364;0;7;0;0;2;1;13;A01
201400003365;0;7;0;0;2;2;15;B02
201400003365;0;33;0;0;2;1;1;A01
201400003366;0;7;0;0;2;8;1;B02
201400003366;0;30;0;0;2;1;13;A01
201400003367;0;7;0;0;1;4;4;A01
201400003368;0;7;0;6;0;1;1;A01
201400003369;0;7;0;0;2;1;2;A01
201400003369;0;1;0;0;0;0;0;B02
201400003370;0;7;0;0;2;1;13;B02
201400003370;0;7;0;0;2;4;1;E05
201400003370;0;7;0;0;2;4;1;D04
201400003370;1;7;0;0;0;0;0;A01
201400003370;0;7;0;0;2;3;1;C03
201400003371;0;7;0;6;0;1;1;A01
201400003372;0;21;0;0;2;5;15;B02
201400003372;0;10;0;0;2;1;18;A01
201400003373;0;30;0;0;2;1;1;A01
201400003373;0;30;0;0;2;1;1;B02
201400003374;0;30;0;0;0;0;1;A01
201400003374;0;21;0;0;0;0;1;B02
201400003375;0;7;0;0;0;3;19;A01
201400003375;0;7;0;0;0;2;1;B02
201400003376;0;7;0;0;2;3;13;A01
201400003376;0;7;0;0;2;3;1;B02
201400003377;0;7;0;0;2;1;2;C03
201400003377;0;7;0;0;2;5;2;B02
201400003377;0;7;0;0;2;1;2;A01
201400003378;0;7;0;6;0;1;1;A01
201400003379;0;33;0;6;0;1;17;A01
201400003380;0;17;0;3;0;2;1;A01
201400003381;0;7;0;6;0;3;1;A01
201400003381;0;7;0;1;1;1;1;B02
201400003382;0;14;0;0;2;8;1;B02
201400003382;0;7;0;0;2;8;13;A01
201400003383;0;33;0;0;2;1;1;B02
201400003383;0;7;0;0;2;6;15;A01
201400003384;0;10;0;0;2;2;17;A01
201400003384;0;7;0;0;2;2;1;B02
201400003385;0;7;0;0;2;8;1;A01
201400003385;0;7;0;0;2;1;19;B02
201400003386;0;7;0;2;0;1;13;A01
201400003387;0;7;0;0;2;1;13;A01
201400003387;0;7;0;0;2;5;21;C03
201400003388;0;33;0;13;0;2;1;A01
201400003389;0;7;0;0;2;6;1;B02
201400003389;0;30;0;0;2;1;1;A01
201400003390;0;7;0;13;0;1;1;A01
201400003391;0;7;0;0;2;1;13;A01
201400003391;0;10;0;0;2;3;1;B02
201400003392;0;7;0;0;1;2;21;A01
201400003393;0;30;0;9;0;1;13;A01
201400003394;0;7;0;0;2;2;13;A01
201400003394;0;7;0;0;2;1;1;B02
201400003395;0;10;0;0;2;8;19;A01
201400003395;0;15;0;0;2;1;1;B02
201400003396;0;7;0;0;2;1;1;A01
201400003396;0;7;0;0;2;4;1;B02
201400003397;0;7;0;0;2;3;9;A01
201400003397;0;33;0;0;2;7;1;B02
201400003398;0;7;0;0;2;3;1;A01
201400003398;0;10;0;0;2;1;1;B02
201400003399;0;7;0;0;0;3;13;A01
201400003400;0;7;0;2;0;9;14;A01
201400003401;0;33;0;0;0;0;17;A01
201400003402;0;7;0;2;0;3;13;A01
201400003403;0;10;0;0;2;1;13;A01
201400003403;0;7;0;0;2;3;1;B02
201400003404;0;14;0;0;2;3;13;A01
201400003404;0;7;0;0;2;3;1;B02
201400003405;0;10;0;0;2;3;13;B02
201400003405;0;13;0;13;0;3;1;A01
201400003406;0;33;0;0;2;1;1;B02
201400003406;0;7;0;0;2;7;15;A01
201400003407;0;7;0;3;2;2;13;A01
201400003407;0;10;0;0;2;3;1;B02
201400003408;0;7;0;0;2;3;1;A01
201400003408;0;7;0;0;2;3;1;B02
201400003409;0;7;0;0;2;3;1;B02
201400003409;0;7;0;0;2;3;1;A01
201400003410;0;7;0;13;0;7;1;A01
201400003411;0;7;0;8;0;8;1;A01
201400003412;0;7;0;0;2;3;1;A01
201400003412;0;7;0;0;2;3;1;B02
201400003413;0;7;0;2;0;1;15;A01
201400003414;0;7;0;13;0;3;1;A01
201400003415;0;14;0;0;2;3;1;B02
201400003415;0;7;0;0;2;3;9;A01
201400003416;0;7;0;0;2;2;1;B02
201400003416;0;10;0;0;2;1;1;A01
201400003417;0;10;0;0;2;3;1;A01
201400003417;0;7;0;0;2;3;1;B02
201400003418;0;10;0;13;0;1;14;A01
201400003419;0;7;0;0;2;8;1;B02
201400003419;0;17;0;0;2;6;1;C03
201400003419;0;17;0;0;2;0;1;A01
201400003420;0;7;0;0;1;0;21;A01
201400003421;0;7;0;0;0;1;1;B02
201400003421;0;7;0;0;2;1;13;A01
201400003422;0;7;0;0;2;3;20;A01
201400003422;0;30;0;0;2;6;17;B02
201400003423;0;7;0;0;1;2;1;A01
201400003424;0;7;0;13;0;0;13;A01
201400003425;0;2;0;0;2;1;5;A01
201400003425;0;10;0;0;2;5;1;B02
201400003426;0;7;0;0;2;1;1;A01
201400003426;0;7;0;0;2;1;13;B02
201400003427;0;7;0;2;0;1;1;A01
201400003428;0;7;0;0;2;2;15;A01
201400003428;0;33;0;0;2;1;1;B02
201400003429;0;14;0;0;2;1;1;B02
201400003429;0;7;0;0;2;8;19;A01
201400003430;0;33;0;0;2;1;18;A01
201400003430;0;7;0;0;0;5;15;B02
201400003431;0;7;0;0;0;4;23;C03
201400003431;0;7;0;14;0;1;1;A01
201400003431;0;7;0;14;0;4;23;B02
201400003432;0;7;0;0;2;4;1;A01
201400003432;0;7;0;0;2;3;1;B02
201400003433;0;10;0;0;2;2;15;B02
201400003433;0;7;0;0;2;1;1;A01
201400003434;0;31;0;0;0;0;1;A01
201400003435;0;7;0;2;0;3;1;A01
201400003436;0;7;0;0;2;2;21;A01
201400003437;0;30;0;13;0;2;1;A01
201400003438;0;7;0;0;0;6;1;A01
201400003439;0;7;0;0;2;3;13;A01
201400003439;0;7;0;0;2;3;13;B02
201400003440;0;7;0;0;2;1;13;A01
201400003440;0;7;0;0;2;3;0;B02
201400003441;0;7;0;2;0;7;1;A01
201400003442;0;7;0;0;2;2;1;A01
201400003442;0;30;0;0;2;1;15;B02
201400003443;0;7;0;0;2;1;1;B02
201400003443;0;7;0;0;0;7;13;A01
201400003444;0;10;0;0;2;1;21;A01
201400003444;0;10;0;0;2;1;13;B02
201400003445;0;7;0;0;2;7;15;A01
201400003445;0;7;0;0;2;2;1;B02
201400003446;0;33;0;0;0;0;0;A01
201400003447;0;7;0;13;0;9;0;A01
201400003448;0;10;0;6;1;3;1;A01
201400003449;0;7;0;0;2;1;0;A01
201400003449;0;7;0;0;2;1;0;B02
201400003450;0;31;0;0;2;1;1;B02
201400003450;0;7;0;0;2;3;15;A01
201400003451;0;7;0;0;2;2;1;B02
201400003451;0;7;0;0;2;3;10;A01