num_acc;senc;catv;occutc;obs;obsm;choc;manv;num_veh
201400003452;0;7;0;0;0;6;1;B02
201400003452;0;7;0;0;2;3;13;A01
201400003453;0;2;0;0;2;1;1;A01
201400003453;0;7;0;0;2;2;19;B01
201400003454;0;7;0;0;2;1;1;A01
201400003454;0;30;0;0;0;8;1;B02
201400003455;0;7;0;0;0;8;1;B02
201400003455;0;7;0;0;2;8;1;A01
201400003456;0;7;0;0;1;2;1;A01
201400003457;0;7;0;0;2;1;1;A01
201400003457;0;2;0;0;2;1;13;B02
201400003458;0;7;0;2;0;2;1;A01
201400003459;0;7;0;0;2;1;1;A01
201400003459;0;7;0;0;2;8;9;B02
201400003460;0;7;0;0;2;8;15;A01
201400003460;0;10;0;0;2;2;17;B02
201400003461;0;7;0;0;2;2;5;A01
201400003461;0;2;0;0;2;1;1;C03
201400003461;0;7;0;0;2;3;1;B02
201400003462;0;7;0;0;2;3;13;A01
201400003463;0;7;0;0;1;5;4;A01
201400003464;0;7;0;0;2;1;1;C03
201400003464;0;7;0;0;2;1;1;D04
201400003464;0;15;0;0;2;3;1;B02
201400003464;0;17;0;0;2;8;1;A01
201400003465;0;7;0;0;2;1;1;A01
201400003465;0;7;0;0;1;4;23;B02
201400003466;0;10;0;0;2;3;1;A01
201400003466;0;7;0;0;2;3;1;B02
201400003467;0;2;0;0;1;0;1;A01
201400003468;0;1;0;0;5;1;1;A01
201400003469;0;7;0;0;2;1;2;A01
201400003469;0;7;0;0;2;4;2;B02
201400003470;0;10;0;0;2;5;15;A01
201400003470;0;31;0;0;2;1;2;B02
201400003471;0;7;0;0;2;1;13;B02
201400003471;0;1;0;0;2;0;0;A01
201400003472;0;7;0;0;2;1;1;A01
201400003472;0;7;0;0;2;3;1;B02
201400003473;0;2;0;0;2;1;1;B02
201400003473;0;10;0;0;2;2;16;A01
201400003474;0;7;0;0;9;7;15;A01
201400003474;0;1;0;0;2;8;1;B02
201400003475;0;10;0;0;2;1;1;B02
201400003475;0;7;0;0;2;1;13;A01
201400003476;0;7;0;2;0;1;1;A01
201400003477;0;7;0;0;2;8;20;A01
201400003477;0;2;0;0;2;8;17;B02
201400003478;0;30;0;2;0;1;1;A01
201400003479;0;31;0;0;0;1;13;A01
201400003479;0;7;0;0;0;3;0;B02
201400003480;0;7;0;16;0;8;20;A01
201400003481;0;7;0;0;1;3;1;A01
201400003482;0;7;0;0;2;1;12;A01
201400003482;0;7;0;0;2;1;1;B02
201400003483;0;7;0;13;0;2;1;A01
201400003484;0;7;0;2;0;1;13;A01
201400003485;0;33;0;8;0;1;1;A01
201400003486;0;7;0;0;2;3;9;A01
201400003486;0;99;0;0;2;2;1;B02
201400003487;0;10;0;0;2;5;1;A01
201400003487;0;30;0;0;2;3;15;B02
201400003488;0;33;0;0;2;7;17;A01
201400003488;0;17;0;0;0;0;15;B02
201400003489;0;7;0;0;1;7;1;A01
201400003490;0;7;0;0;2;1;1;B02
201400003490;0;7;0;0;2;8;19;A01
201400003491;0;7;0;13;0;1;14;A01
201400003492;0;2;0;0;2;1;13;A01
201400003492;0;7;0;0;2;3;21;B02
201400003493;0;33;0;0;0;3;0;B02
201400003493;0;14;0;0;2;3;0;A01
201400003494;0;10;0;0;2;6;2;B02
201400003494;0;2;0;0;2;1;21;A01
201400003495;0;7;0;13;0;1;1;A01
201400003496;0;7;0;0;2;2;15;B02
201400003496;0;7;0;0;2;1;1;A01
201400003497;0;30;0;0;2;1;1;A01
201400003497;0;30;0;0;2;4;1;B02
201400003498;0;7;0;0;0;0;1;B02
201400003498;0;7;0;0;2;1;1;A01
201400003499;0;30;0;13;0;1;1;A01
201400003500;0;7;0;0;2;3;17;A01
201400003500;0;7;0;0;2;3;21;B02
201400003501;0;7;0;8;0;8;1;A01
201400003502;0;7;0;0;2;3;1;B02
201400003502;0;30;0;0;2;1;13;A01
201400003503;0;7;0;0;2;3;13;A01
201400003503;0;7;0;13;2;3;1;B02
201400003504;0;14;0;13;2;6;1;B02
201400003504;0;7;0;0;2;1;19;A01
201400003505;0;7;0;0;1;1;1;A01
201400003506;0;34;0;0;2;1;1;A01
201400003506;0;7;0;0;2;8;15;B02
201400003507;0;7;0;2;0;1;1;A01
201400003508;0;7;0;0;2;1;15;A01
201400003508;0;1;0;0;2;1;1;B02
201400003509;0;7;0;3;6;8;21;A01
201400003510;0;7;0;0;2;1;1;B02
201400003510;0;7;0;0;2;1;13;A01
201400003511;0;14;0;13;0;2;1;A01
201400003512;0;33;0;0;2;1;17;B02
201400003512;0;7;0;0;2;6;17;A01
201400003513;0;7;0;8;0;1;0;A01
201400003514;0;7;0;0;2;8;17;A01
201400003514;0;33;0;0;2;7;17;B02
201400003515;0;33;0;0;0;0;2;A01
201400003516;0;7;0;0;2;1;13;B02
201400003516;0;14;0;0;2;1;2;A01
201400003517;0;7;0;0;2;2;19;A01
201400003517;0;7;0;0;2;3;1;B02
201400003518;0;7;0;13;0;1;13;A01
201400003519;0;7;0;0;2;5;15;B02
201400003519;0;7;0;0;2;1;1;A01
201400003519;0;7;0;0;0;1;1;C03
201400003520;0;1;0;0;2;1;0;E05
201400003520;0;1;0;0;2;1;13;C03
201400003520;0;1;0;0;2;1;13;D04
201400003520;0;7;0;0;2;3;1;B02
201400003520;0;1;0;0;2;1;13;A01
201400003521;0;7;0;0;2;3;1;C03
201400003521;0;7;0;0;0;6;1;B02
201400003521;0;7;0;0;2;3;17;A01
201400003522;0;7;0;0;2;3;2;C03
201400003522;0;7;0;0;2;1;13;A01
201400003522;0;7;0;0;2;1;2;B02
201400003523;0;7;0;8;0;8;1;A01
201400003524;0;7;0;2;0;1;1;A01
201400003525;0;7;0;0;9;7;17;A01
201400003525;0;1;0;0;2;3;1;B02
201400003526;0;7;0;0;2;1;13;A01
201400003526;0;7;0;0;0;3;1;B02
201400003526;0;7;0;0;2;1;2;C03
201400003527;0;7;0;0;1;1;1;A01
201400003528;0;7;0;0;2;8;15;B02
201400003528;0;33;0;2;2;1;3;A01
201400003529;0;7;0;0;2;3;13;A01
201400003529;0;7;0;0;2;3;1;B02
201400003530;0;1;0;0;2;1;1;B02
201400003530;0;7;0;0;2;1;15;A01
201400003531;0;7;0;0;2;1;1;B02
201400003531;0;7;0;0;2;8;15;A01
201400003532;0;7;0;0;0;1;1;B02
201400003532;0;30;0;0;0;8;1;A01
201400003533;0;33;0;0;2;1;1;B02
201400003533;0;7;0;0;2;5;19;A01
201400003534;0;30;0;0;2;7;6;A01
201400003534;0;7;0;0;2;3;1;B02
201400003535;0;7;0;0;0;1;1;B02
201400003535;0;7;0;0;0;1;5;A01
201400003536;0;99;0;0;0;1;1;A01
201400003537;0;33;0;0;2;1;1;A01
201400003537;0;7;0;0;2;5;15;B02
201400003538;0;33;0;0;1;1;17;A01
201400003539;0;7;0;0;2;8;15;B02
201400003539;0;7;0;0;2;7;17;A01
201400003540;0;7;0;0;2;2;0;A01
201400003540;0;33;0;0;2;1;3;B02
201400003541;0;7;0;0;1;1;1;A01
201400003542;0;7;0;0;0;0;1;A01
201400003543;0;7;0;0;0;6;1;B02
201400003543;0;33;0;0;2;1;12;A01
201400003544;0;7;0;0;1;7;1;A01
201400003545;0;1;0;0;2;1;1;A01
201400003545;0;10;0;0;0;3;19;B02
201400003546;0;7;0;0;2;1;15;A01
201400003546;0;33;0;0;2;1;1;B02
201400003547;0;32;0;0;2;1;1;A01
201400003547;0;7;0;0;2;7;15;B02
201400003548;0;7;0;0;1;2;1;A01
201400003549;0;33;0;11;0;1;6;A01
201400003550;0;31;0;0;2;1;17;B02
201400003550;0;7;0;0;2;2;15;A01
201400003551;0;7;0;0;2;6;19;B02
201400003551;0;33;0;0;2;1;1;A01
201400003552;0;7;0;13;2;2;14;B02
201400003552;0;10;0;0;2;3;1;A01
201400003553;0;3;0;6;0;1;0;A01
201400003554;0;99;0;0;0;0;1;A01
201400003555;0;30;0;0;5;0;1;A01
201400003556;0;7;0;0;2;8;1;B02
201400003556;0;7;0;0;2;8;1;C03
201400003556;0;7;0;0;2;7;1;D04
201400003556;0;33;0;7;2;1;6;A01
201400003557;0;10;0;0;2;3;15;A01
201400003557;0;30;0;0;2;2;17;B02
201400003558;0;33;0;0;2;1;17;B02
201400003558;0;7;0;0;0;6;10;A01
201400003559;0;7;0;2;0;0;0;A01
201400003560;0;33;0;0;0;7;1;A01
201400003561;0;7;0;2;0;1;14;A01
201400003562;0;99;0;0;1;6;4;A01
201400003563;0;7;0;0;2;3;0;B02
201400003563;0;7;0;0;2;3;13;A01
201400003564;0;7;0;0;2;3;1;B02
201400003564;0;7;0;0;2;8;13;A01
201400003565;0;7;0;0;1;3;15;A01
201400003566;0;7;0;0;1;2;1;A01
201400003567;0;10;0;0;1;2;1;A01
201400003568;0;10;0;0;2;3;1;A01
201400003568;0;30;0;0;2;1;13;B02
201400003569;0;10;0;0;1;7;2;A01
201400003570;0;7;0;0;2;3;13;A01
201400003570;0;7;0;0;2;3;1;B02
201400003571;0;7;0;0;2;2;15;B02
201400003571;0;2;0;0;2;1;1;A01
201400003572;0;7;0;0;0;7;12;B02
201400003572;0;1;0;0;2;1;1;A01
201400003573;0;33;0;0;2;1;1;A01
201400003573;0;7;0;0;2;3;13;B02
201400003574;0;7;0;6;0;7;1;A01
201400003575;0;7;0;0;1;3;15;A01
201400003576;0;7;0;0;0;1;0;B02
201400003576;0;7;0;0;0;2;1;A01
201400003577;0;7;0;0;1;1;1;A01
201400003578;0;7;0;13;0;2;15;A01
201400003579;0;7;0;0;2;3;13;A01
201400003579;0;7;0;0;2;3;1;B02
201400003580;0;7;0;6;0;1;1;A01
201400003581;0;7;0;0;1;1;15;A01
201400003582;0;7;0;6;0;9;1;A01
201400003583;0;2;0;0;1;1;1;A01
201400003584;0;7;0;2;0;1;13;A01
201400003585;0;7;0;0;2;3;15;B02
201400003585;0;30;0;0;2;1;1;A01
201400003586;0;7;0;0;2;6;13;B02
201400003586;0;10;0;2;2;3;13;A01
201400003587;0;10;0;0;2;1;1;B02
201400003587;0;7;0;0;2;2;15;A01
201400003588;0;7;0;0;2;7;13;A01
201400003588;0;7;0;0;2;1;1;B02
201400003589;0;1;0;0;2;1;15;B02
201400003589;0;7;0;0;2;2;1;A01
201400003590;0;7;0;0;0;1;1;A01
201400003591;0;33;0;0;2;4;19;B02
201400003591;0;7;0;0;2;3;1;A01
201400003592;0;30;0;9;0;1;1;A01
201400003593;0;7;0;10;0;1;0;A01
201400003594;0;7;0;9;0;1;1;A01
201400003595;0;33;0;0;2;2;17;B02
201400003595;0;14;0;0;2;8;15;A01
201400003596;0;33;0;3;0;7;17;A01
201400003597;0;7;0;0;2;1;1;A01
201400003597;0;7;0;0;2;8;15;B02
201400003598;2;7;0;14;2;1;2;A01
201400003598;0;7;0;0;0;4;1;B02
201400003599;0;7;0;6;0;1;1;A01
201400003600;0;99;0;0;0;4;1;B02
201400003600;0;7;0;0;2;2;1;A01
201400003601;0;7;0;0;2;1;1;B02
201400003601;0;7;0;0;2;1;13;A01
201400003602;0;7;0;0;2;8;17;A01
201400003602;0;7;0;0;2;1;1;B02
201400003603;0;7;0;16;0;9;1;A01
201400003603;1;7;0;0;2;2;15;B02
201400003604;0;7;0;0;2;2;16;A01
201400003604;0;1;0;0;2;8;16;B02
201400003605;0;7;0;8;0;7;1;A01
201400003606;0;17;0;0;2;8;1;C03
201400003606;0;10;0;3;2;3;1;E05
201400003606;0;7;0;0;2;3;17;A01
201400003606;0;7;0;0;2;3;1;B02
201400003606;0;7;0;3;2;3;1;D04
201400003607;0;1;0;0;0;4;1;A01
201400003608;0;33;0;0;0;1;1;A01
201400003609;0;7;0;2;0;7;17;A01
201400003610;0;33;0;0;0;0;1;A01
201400003611;0;31;0;2;0;7;1;A01
201400003612;0;7;0;3;2;3;1;A01
201400003612;0;7;0;3;2;2;1;B02
201400003613;0;7;0;0;1;4;4;A01
201400003614;0;7;0;0;0;6;15;B02
201400003614;0;33;0;0;2;4;0;A01
201400003615;0;30;0;16;0;1;1;A01
201400003616;0;7;0;0;2;3;15;B02
201400003616;0;33;0;0;2;1;17;A01
201400003617;0;7;0;0;2;1;1;B02
201400003617;0;7;0;0;2;3;15;A01
201400003618;0;7;0;0;2;3;16;A01
201400003618;0;7;0;0;2;3;1;B02
201400003619;0;33;0;8;0;1;1;A01
201400003620;0;33;0;0;2;1;2;A01
201400003620;0;7;0;0;2;5;15;B02
201400003621;0;7;0;0;2;3;15;B02
201400003621;0;31;0;0;2;1;17;A01
201400003622;0;10;0;2;0;2;1;A01
201400003623;0;7;0;0;2;2;15;A01
201400003623;0;2;0;0;2;1;1;B02
201400003624;0;99;0;8;0;9;21;A01
201400003625;0;7;0;0;2;1;17;A01
201400003625;0;3;0;0;2;1;1;B02
201400003626;0;33;0;0;2;1;17;B02
201400003626;0;7;0;0;2;8;10;A01
201400003627;0;7;0;0;1;7;1;A01
201400003628;0;7;0;0;2;8;15;A01
201400003628;0;7;0;0;2;3;23;C03
201400003628;0;33;0;0;2;1;1;B02
201400003629;0;33;0;12;0;1;1;A01
201400003630;0;33;0;0;2;8;1;B02
201400003630;0;7;0;0;2;2;19;A01
201400003631;0;7;0;0;9;2;1;A01
201400003631;0;1;0;0;2;7;11;B02
201400003632;0;33;0;0;0;7;0;A01
201400003633;0;7;0;0;2;6;15;B02
201400003633;0;33;0;0;2;1;1;A01
201400003634;0;32;0;0;2;1;17;B02
201400003634;0;7;0;0;2;3;15;A01
201400003635;0;31;0;12;0;1;1;A01
201400003636;0;7;0;0;2;1;13;A01
201400003636;0;7;0;0;2;1;1;B02
201400003637;0;7;0;13;0;9;1;A01
201400003638;0;34;0;0;2;1;13;A01
201400003638;0;7;0;0;2;3;1;B02
201400003639;0;7;0;13;0;0;1;A01
201400003640;0;7;0;0;2;3;1;B02
201400003640;0;7;0;0;2;3;13;A01
201400003641;0;7;0;6;0;1;1;A01
201400003642;0;10;0;0;0;9;1;A01
201400003643;0;2;0;0;2;1;19;B02
201400003643;0;7;0;0;2;7;1;A01
201400003644;0;7;0;0;0;7;19;B02
201400003644;0;32;0;0;2;1;1;A01
201400003645;0;7;0;8;0;2;13;A01
201400003646;0;7;0;2;0;2;17;A01
201400003647;0;7;0;0;2;8;23;B02
201400003647;0;33;0;0;2;8;1;A01
201400003648;0;7;0;1;0;1;1;A01
201400003649;0;2;0;0;2;8;1;B02
201400003649;0;10;0;0;2;1;15;A01
201400003650;0;1;0;0;2;7;1;B02
201400003650;0;7;0;0;2;8;1;A01
201400003651;0;7;0;2;0;1;13;A01
201400003652;0;7;0;0;2;2;1;A01
201400003652;0;33;0;0;2;1;13;B02
201400003653;0;3;0;10;0;9;1;A01
201400003654;0;7;0;6;0;2;14;A01
201400003655;0;33;0;2;0;9;1;A01
201400003656;0;7;0;13;0;9;0;A01
201400003657;0;7;0;0;2;3;2;B02
201400003657;0;33;0;0;2;1;2;A01
201400003658;0;7;0;0;0;4;2;B02
201400003658;0;33;0;0;2;1;2;A01
201400003659;0;7;0;0;2;3;13;A01
201400003659;0;7;0;0;2;3;1;B02
201400003660;0;7;0;0;1;4;4;A01
201400003661;0;7;0;6;0;7;13;A01
201400003662;0;7;0;0;1;3;1;A01
201400003663;0;33;0;0;2;8;15;B02
201400003663;0;7;0;0;2;1;19;A01
201400003664;0;7;0;0;2;3;1;B02
201400003664;0;7;0;0;2;3;13;A01
201400003665;0;7;0;10;0;3;15;A01
201400003666;0;31;0;2;0;1;2;A01
201400003667;0;7;0;2;0;2;1;A01
201400003668;0;7;0;2;0;1;14;A01
201400003669;0;7;0;13;0;1;1;A01
201400003670;0;10;0;6;0;1;16;A01
201400003671;0;33;0;0;0;7;1;A01
201400003672;0;7;0;0;0;0;17;A01
201400003672;0;7;0;0;0;3;1;B02
201400003673;0;7;0;0;0;8;24;A01
201400003673;0;1;0;1;0;1;1;B02
201400003674;0;31;0;0;0;0;1;A01
201400003675;0;7;0;0;2;2;1;B02
201400003675;0;7;0;0;2;3;9;A01
201400003675;0;33;0;0;2;1;1;C03
201400003676;0;10;0;13;0;7;14;A01
201400003677;0;7;0;2;0;2;0;A01
201400003678;0;17;0;0;1;8;1;A01
201400003679;2;7;0;0;2;1;13;A01
201400003679;0;7;0;0;0;0;0;B02
201400003680;0;7;0;2;0;2;14;A01
201400003681;0;7;0;2;0;7;1;A01
201400003682;0;7;0;0;2;1;1;B02
201400003682;0;7;0;0;2;1;15;A01
201400003683;0;7;0;2;0;1;13;A01
201400003684;0;7;0;0;2;2;1;B02
201400003684;0;30;0;0;2;3;16;A01
201400003685;0;17;0;0;2;2;1;B02
201400003685;0;7;0;0;2;7;9;A01
201400003686;0;7;0;2;0;1;1;A01
201400003687;0;7;0;0;2;3;1;B02
201400003687;0;7;0;13;2;5;15;A01
201400003688;0;7;0;0;2;1;1;B02
201400003688;0;7;0;0;2;2;15;A01
201400003689;0;7;0;6;0;1;13;A01
201400003690;0;7;0;13;0;1;1;A01
201400003691;0;32;0;0;0;8;1;A01
201400003692;0;33;0;13;0;1;1;A01
201400003693;0;7;0;0;2;3;1;B02
201400003693;0;2;0;0;2;2;1;A01
201400003694;0;7;0;0;2;3;1;A01
201400003694;0;7;0;0;2;3;1;B02
201400003695;0;7;0;0;2;3;1;B02
201400003695;0;7;0;0;2;3;13;A01
201400003696;0;10;0;0;2;3;15;A01
201400003696;0;7;0;0;2;5;1;B02
201400003697;0;7;0;2;0;1;16;A01
201400003698;0;7;0;0;2;3;1;A01
201400003698;0;7;0;0;2;3;1;B02
201400003699;0;7;0;6;0;1;1;A01
201400003700;0;7;0;0;2;3;1;A01
201400003700;2;10;0;0;2;3;13;B02
201400003701;0;7;0;13;0;2;1;A01
201400003702;0;7;0;8;0;1;1;A01
201400003703;0;7;0;1;0;1;1;A01
201400003704;0;7;0;0;2;3;15;A01
201400003704;0;31;0;0;2;1;17;B02
201400003705;0;7;0;0;1;2;1;A01
201400003706;0;7;0;0;9;0;9;A01
201400003706;0;31;0;0;2;7;14;B02
201400003707;0;7;0;0;2;7;1;A01
201400003707;0;21;0;0;2;1;19;B02
201400003708;0;7;0;2;0;3;1;A01
201400003709;0;10;0;0;0;9;1;A01
201400003710;0;7;0;0;1;2;1;A01
201400003711;0;7;0;2;0;8;13;A01
201400003712;0;33;0;3;0;8;17;A01
201400003713;0;33;0;1;0;8;13;A01
201400003714;0;7;0;2;0;3;1;A01
201400003715;0;7;0;0;2;2;13;A01
201400003715;0;7;0;0;2;2;13;B02
201400003716;0;7;0;0;2;8;17;A01
201400003716;0;33;0;0;2;8;17;B02
201400003717;0;7;0;0;2;1;1;B02
201400003717;0;33;0;0;2;1;13;A01
201400003718;0;1;0;0;1;3;1;A01
201400003719;0;2;0;0;2;1;1;B02
201400003719;0;7;0;0;2;7;15;A01
201400003720;0;7;0;0;9;3;15;B02
201400003720;0;33;0;0;2;7;17;A01
201400003721;0;10;0;0;2;8;17;A01
201400003721;0;33;0;0;2;7;17;B02
201400003722;0;7;0;0;2;8;1;B02
201400003722;0;7;0;0;2;0;13;A01
201400003723;0;30;0;0;2;1;2;A01
201400003723;0;7;0;0;2;4;2;B02
201400003723;0;10;0;0;0;0;0;C03
201400003724;0;2;0;0;2;1;13;A01
201400003724;0;7;0;0;2;3;1;B02
201400003725;0;1;0;16;0;1;14;A01
201400003726;0;7;0;0;2;2;11;B02
201400003726;0;7;0;0;2;3;1;A01
201400003727;0;7;0;0;2;3;17;A01
201400003727;0;30;0;0;2;6;15;B02
201400003728;0;7;0;0;0;1;1;A01
201400003729;0;7;0;0;2;3;1;B02
201400003729;0;7;0;0;2;3;1;A01
201400003730;0;31;0;0;2;1;1;A01
201400003730;0;7;0;0;2;7;15;B02
201400003731;0;7;0;2;0;1;1;A01
201400003732;0;33;0;0;0;0;1;A01
201400003733;0;7;0;8;0;1;1;A01
201400003734;0;7;0;6;2;8;1;A01
201400003735;0;39;1;0;2;2;2;A01
201400003735;0;1;0;0;4;3;9;B02
201400003736;0;33;0;0;2;8;1;B02
201400003736;0;7;0;0;2;3;13;A01
201400003737;0;7;0;0;2;3;13;A01
201400003737;0;7;0;0;2;3;1;B02
201400003738;0;7;0;16;0;1;21;A01
201400003739;0;33;0;12;0;1;1;A01
201400003740;0;7;0;0;1;2;1;A01
201400003741;0;30;0;0;2;3;1;B02
201400003741;0;10;0;0;2;3;13;A01
201400003742;0;7;0;10;0;1;1;A01
201400003743;0;10;0;0;2;1;13;B02
201400003743;0;1;0;1;2;1;1;A01
201400003744;0;7;0;0;2;6;15;A01
201400003744;0;33;0;0;2;1;1;B02
201400003745;0;7;0;0;1;2;1;A01
201400003746;0;7;0;8;0;1;14;A01
201400003747;0;33;0;13;0;1;1;A01
201400003748;0;7;0;2;0;7;14;A01
201400003749;0;10;0;6;0;3;1;A01
201400003750;0;7;0;8;0;2;1;A01
201400003751;0;7;0;0;1;2;1;A01
201400003752;0;7;0;0;2;3;1;A01
201400003752;0;7;0;0;2;7;15;B02
201400003753;0;7;0;0;1;4;4;A01
201400003754;0;7;0;0;2;1;13;A01
201400003754;0;7;0;0;2;1;1;B01
201400003755;0;7;0;0;1;7;0;A01
201400003756;0;33;0;1;0;1;14;A01
201400003757;0;10;0;0;1;4;4;A01
201400003758;0;7;0;0;1;7;1;A01
201400003759;0;7;0;0;0;4;1;B01
201400003759;0;7;0;14;0;1;1;A01
201400003760;0;17;0;0;2;1;2;A01
201400003760;0;21;0;0;2;4;2;B02
201400003761;0;3;0;0;2;3;5;A01
201400003761;0;37;0;0;2;3;1;B02
201400003762;0;7;0;0;1;2;1;A01
201400003763;0;7;0;1;0;1;17;C03
201400003763;0;7;0;0;2;8;1;B02
201400003763;0;10;0;0;2;5;17;A01
201400003764;0;7;0;0;2;3;15;A01
201400003764;0;33;0;0;2;1;1;B02
201400003765;0;7;0;0;2;4;2;B02
201400003765;0;7;0;0;2;6;2;C03
201400003765;0;7;0;0;2;1;2;A01
201400003766;0;7;0;0;2;5;17;B02
201400003766;0;1;0;0;2;3;2;A01
201400003767;0;7;0;2;0;1;1;A01
201400003768;0;7;0;13;0;3;1;A01
201400003769;0;10;0;13;0;3;1;A01
201400003770;0;10;0;0;2;2;13;A01
201400003770;0;15;0;6;2;1;1;B02
201400003771;0;7;0;13;0;2;1;A01
201400003772;0;7;0;13;0;1;1;A01
201400003773;0;7;0;13;0;2;1;A01
201400003774;0;10;0;0;2;3;21;B02
201400003774;0;2;0;0;2;1;1;A01
201400003775;0;20;0;13;1;8;13;A01
201400003776;0;10;0;0;1;1;1;A01
201400003777;0;7;0;0;9;1;1;A01
201400003778;0;33;0;0;2;1;1;A01
201400003778;0;7;0;0;2;8;9;B02
201400003779;0;7;0;2;0;6;2;A01
201400003780;0;21;0;0;2;3;15;B02
201400003780;0;33;0;0;2;2;17;A01
201400003781;0;2;0;0;0;1;14;A01
201400003782;0;7;0;0;1;1;1;A01
201400003783;0;7;0;6;0;2;1;A01
201400003784;0;3;0;0;0;0;15;A01
201400003785;0;7;0;0;2;2;2;A01
201400003785;0;1;0;0;2;4;1;B02
201400003786;0;99;0;0;9;1;1;A01
201400003787;0;7;0;0;2;3;1;D04
201400003787;0;7;0;0;2;8;1;B02
201400003787;0;7;0;0;2;3;13;A01
201400003787;0;7;0;0;2;3;1;C03
201400003788;0;33;0;14;0;0;1;B02
201400003788;0;33;0;13;0;7;1;A01
201400003789;0;1;0;0;2;8;15;C03
201400003789;0;7;0;0;2;7;17;A01
201400003789;0;7;0;0;2;3;21;B02
201400003790;0;7;0;0;1;1;1;A01
201400003791;0;7;0;13;0;3;1;A01
201400003792;0;14;0;2;0;1;1;A01
201400003793;0;7;0;2;0;1;1;A01
201400003794;0;10;0;16;0;9;1;A01
201400003795;0;2;0;0;2;1;19;A01
201400003795;0;7;0;0;2;2;1;B02
201400003796;0;35;0;13;0;2;1;A01
201400003797;0;10;0;13;0;1;1;A01
201400003798;0;7;0;0;1;2;1;A01
201400003799;0;14;0;0;2;1;1;B02
201400003799;0;10;0;0;2;8;15;A01
201400003800;0;10;0;13;0;1;14;A01
201400003801;0;2;0;0;2;1;2;A01
201400003801;0;1;0;0;2;4;15;B02
201400003802;0;33;0;0;0;8;11;A01
201400003803;0;31;0;0;2;1;1;A01
201400003803;0;15;0;0;2;1;1;B02
201400003804;0;33;0;3;0;1;13;A01
201400003805;0;7;0;0;4;2;23;A01
201400003805;0;7;0;0;2;3;23;B02
201400003805;0;39;0;1;0;2;1;C03
201400003806;0;1;0;14;0;1;1;A01
201400003806;0;1;0;14;0;1;2;B02
201400003806;0;1;0;14;0;1;2;C03
201400003807;0;33;0;13;0;1;1;A01
201400003808;0;7;0;0;1;1;1;A01
201400003809;0;7;0;2;0;1;13;A01
201400003810;0;7;0;3;2;3;19;A01
201400003810;0;10;0;0;2;2;1;B02
201400003811;0;10;0;0;2;1;19;A01
201400003811;0;7;0;0;2;7;1;B02
201400003812;0;33;0;0;0;8;1;A01
201400003813;0;7;0;0;0;1;1;A01
201400003814;0;7;0;0;1;1;1;A01
201400003815;0;17;0;2;0;1;16;A01
201400003816;0;7;0;6;0;2;1;A01
201400003817;0;7;0;0;2;1;1;B02
201400003817;0;7;0;0;2;1;15;A01
201400003818;0;7;0;0;2;8;1;A01
201400003818;0;7;0;0;2;3;1;B02
201400003819;0;7;0;0;1;2;1;A01
201400003820;0;7;0;6;0;1;1;A01
201400003821;0;7;0;0;1;2;1;A01
201400003822;0;7;0;16;0;1;1;A01
201400003823;0;7;0;0;1;3;1;A01
201400003824;0;30;0;0;0;7;21;A01
201400003825;0;21;0;0;2;5;23;B02
201400003825;0;33;0;14;0;8;21;A01
201400003826;0;7;0;1;1;1;13;A01
201400003827;0;33;0;0;2;8;13;A01
201400003827;0;7;0;0;2;8;1;B02
201400003828;0;7;0;13;0;2;1;A01
201400003829;0;7;0;0;2;4;2;C03
201400003829;0;10;0;0;2;3;1;A01
201400003829;0;7;0;0;2;5;2;B02
201400003830;0;7;0;0;2;1;15;A01
201400003830;0;7;0;0;2;1;1;B02
201400003831;0;7;0;6;0;8;13;A01
201400003832;0;7;0;0;2;2;1;B02
201400003832;0;7;0;0;2;5;19;A01
201400003833;0;33;0;0;0;0;15;A01
201400003834;0;10;0;0;0;1;1;A01
201400003834;0;30;0;0;0;1;1;B02
201400003835;0;7;0;0;2;8;6;A01
201400003835;0;33;0;0;2;7;9;B02
201400003836;0;7;0;0;2;2;19;A01
201400003836;0;33;0;0;2;8;1;B02
201400003837;0;14;0;0;2;2;1;A01
201400003837;0;7;0;0;0;4;23;B02
201400003838;0;7;0;0;2;1;1;B02
201400003838;0;7;0;0;2;3;19;A01
201400003839;0;7;0;0;2;1;1;A01
201400003839;0;7;0;0;2;1;1;B02
201400003840;0;7;0;0;2;8;1;A01
201400003840;0;7;0;0;2;1;1;B02
201400003841;0;17;0;0;2;2;1;B02
201400003841;0;7;0;0;2;3;1;A01
201400003842;0;2;0;0;2;6;19;A01
201400003842;0;7;0;0;2;1;0;B02
201400003843;0;7;0;0;2;1;1;B02
201400003843;0;7;0;0;2;7;1;A01
201400003844;0;2;0;8;0;1;21;A01
201400003845;0;7;0;0;2;3;13;A01
201400003845;0;7;0;0;2;3;1;B02
201400003846;0;7;0;0;2;1;2;A01
201400003846;0;7;0;0;2;4;1;B02
201400003847;0;7;0;13;0;1;14;A01
201400003848;0;7;0;0;2;3;13;A01
201400003848;0;7;0;0;2;3;1;B02
201400003849;0;14;0;0;2;1;23;C03
201400003849;0;7;0;0;2;8;21;B02
201400003849;0;7;0;9;0;1;14;A01