num_acc;senc;catv;occutc;obs;obsm;choc;manv;num_veh
201400003850;0;7;0;0;2;1;17;A01
201400003850;0;7;0;0;2;8;15;B02
201400003851;0;33;0;13;0;1;1;A01
201400003852;0;7;0;13;0;9;14;A01
201400003853;0;7;0;0;4;2;1;A01
201400003854;0;10;0;13;0;1;13;A01
201400003855;0;33;0;0;2;1;1;B02
201400003855;0;7;0;0;2;1;15;A01
201400003856;0;7;0;0;2;2;1;B02
201400003856;0;2;0;0;2;1;18;A01
201400003857;0;7;0;13;0;2;13;A01
201400003858;0;10;0;0;1;1;1;A01
201400003859;1;15;0;0;1;1;1;A01
201400003860;0;10;0;0;2;7;19;A01
201400003860;0;7;0;0;2;1;1;B02
201400003861;0;33;0;0;2;1;1;B01
201400003861;0;7;0;0;2;3;15;A02
201400003862;0;7;0;0;2;2;21;C03
201400003862;0;7;0;0;2;1;13;A01
201400003862;0;7;0;0;2;1;1;B02
201400003863;0;14;0;6;0;9;14;A01
201400003864;0;7;0;13;0;3;21;A01
201400003865;0;1;0;0;0;0;1;A01
201400003866;0;7;0;0;2;1;1;B01
201400003866;0;7;0;0;2;3;19;A02
201400003867;0;10;0;0;2;1;1;A01
201400003867;0;7;0;0;2;4;15;B02
201400003868;0;33;0;16;0;1;1;A01
201400003869;0;10;0;2;0;1;14;A01
201400003870;0;7;0;0;1;1;1;A01
201400003871;0;7;0;0;2;1;1;B02
201400003871;0;7;0;0;2;7;13;A01
201400003872;0;7;0;0;2;3;1;E05
201400003872;0;7;0;0;2;1;13;A01
201400003872;0;7;0;0;2;1;1;D04
201400003872;0;7;0;0;2;3;1;B02
201400003872;0;7;0;0;2;3;1;C03
201400003873;0;10;0;0;0;9;14;A01
201400003874;0;7;0;8;0;1;1;A01
201400003875;0;7;0;16;0;7;1;A01
201400003876;0;33;0;13;0;1;14;A01
201400003877;0;7;0;0;6;1;1;A01
201400003878;0;7;0;2;0;2;13;A01
201400003879;0;7;0;0;2;5;13;A01
201400003879;0;7;0;0;2;1;1;B02
201400003880;0;7;0;0;2;1;1;B02
201400003880;0;7;0;0;2;1;13;A01
201400003881;0;7;0;13;0;1;1;A01
201400003882;2;7;0;0;2;2;1;A01
201400003882;0;7;0;0;2;3;1;B02
201400003883;0;10;0;0;6;1;1;A01
201400003884;0;7;0;2;0;9;14;A01
201400003885;0;7;0;2;0;3;0;A01
201400003886;0;7;0;15;0;3;13;A01
201400003887;0;7;0;0;1;2;1;A01
201400003888;0;7;0;6;0;1;0;A01
201400003889;0;31;0;0;6;2;1;A01
201400003890;0;10;0;13;0;2;14;A01
201400003891;0;7;0;13;0;3;13;A01
201400003892;0;10;0;0;1;2;1;A01
201400003893;0;7;0;13;0;3;1;A01
201400003894;0;30;0;5;0;2;1;A01
201400003895;0;10;0;0;2;2;1;B02
201400003895;0;7;0;0;2;8;15;A01
201400003896;0;7;0;0;1;2;1;A01
201400003897;0;10;0;0;2;1;15;A01
201400003897;0;2;0;0;2;1;1;B02
201400003898;0;7;0;0;1;2;9;A01
201400003899;0;7;0;2;0;1;14;A01
201400003900;0;7;0;2;0;3;13;A01
201400003901;0;7;0;13;0;9;13;A01
201400003902;0;1;0;0;2;1;19;B02
201400003902;0;7;0;0;2;2;1;A01
201400003903;0;2;0;0;2;3;1;A01
201400003903;0;15;0;0;2;3;1;B02
201400003904;0;7;0;0;2;1;13;A01
201400003904;0;99;0;0;2;3;1;B02
201400003905;0;7;0;0;2;3;1;A01
201400003905;0;10;0;0;2;3;1;B02
201400003906;0;7;0;0;0;2;17;A01
201400003906;0;7;0;0;2;6;1;B02
201400003907;0;33;0;0;2;1;17;A01
201400003907;0;10;0;0;2;3;15;B02
201400003908;0;33;0;13;0;1;14;A01
201400003909;0;7;0;13;0;1;1;A01
201400003910;0;7;0;14;0;9;1;A01
201400003911;0;33;0;8;0;7;13;A01
201400003912;0;10;0;0;1;1;1;A01
201400003913;0;33;0;0;2;1;21;A01
201400003913;0;7;0;0;2;3;15;B02
201400003914;0;30;0;2;0;1;13;A01
201400003915;0;10;0;0;2;2;1;A01
201400003915;0;14;0;0;2;4;1;B02
201400003916;0;7;0;0;2;2;15;A01
201400003916;0;7;0;0;2;2;21;B02
201400003917;0;7;0;0;2;1;19;A01
201400003917;0;33;0;0;2;8;15;B02
201400003918;0;1;0;0;2;7;9;B02
201400003918;0;7;0;0;2;1;1;A01
201400003919;0;7;0;0;1;2;1;A01
201400003920;0;7;0;0;2;4;23;B02
201400003920;0;7;0;0;2;1;1;C03
201400003920;0;10;0;0;2;1;1;A01
201400003921;0;7;0;6;0;1;14;A01
201400003922;0;7;0;0;0;1;14;A01
201400003923;0;7;0;2;0;1;14;A01
201400003924;0;7;0;0;2;2;13;A01
201400003924;0;7;0;0;2;1;17;B02
201400003924;0;7;0;0;2;1;1;C03
201400003925;0;17;0;0;2;0;1;B02
201400003925;0;7;0;0;2;1;13;A01
201400003926;0;7;0;2;0;1;0;A01
201400003927;0;33;0;0;6;1;1;A01
201400003928;0;15;0;0;2;8;13;A01
201400003928;0;10;0;0;2;1;1;B02
201400003929;0;7;0;6;0;1;1;A01
201400003930;0;7;0;6;0;2;15;A01
201400003931;0;7;0;0;6;0;14;A01
201400003932;0;17;0;16;0;7;1;A01
201400003933;0;7;0;0;0;9;1;A01
201400003934;0;7;0;0;2;1;2;A01
201400003934;0;10;0;0;2;4;2;B02
201400003935;0;7;0;0;0;9;14;A01
201400003936;0;7;0;0;2;2;2;A01
201400003936;0;2;0;0;2;4;2;B02
201400003937;0;31;0;0;0;0;1;A01
201400003938;0;7;0;13;0;1;14;A01
201400003939;0;7;0;0;2;1;1;B02
201400003939;0;7;0;0;2;1;5;A01
201400003940;0;7;0;0;2;3;1;A01
201400003940;0;7;0;0;2;3;1;B02
201400003941;0;13;0;0;2;3;1;B02
201400003941;0;10;0;0;2;3;1;A01
201400003942;0;7;0;4;0;3;1;A01
201400003943;1;7;0;0;1;1;1;A01
201400003944;0;7;0;2;6;3;1;A01
201400003945;0;99;0;0;2;1;5;A01
201400003945;0;7;0;0;2;1;1;B02
201400003946;0;7;0;0;2;3;1;B02
201400003946;0;2;0;0;2;1;1;A01
201400003947;0;7;0;0;1;2;1;A01
201400003948;0;7;0;0;2;3;1;B02
201400003948;0;7;0;0;2;1;13;A01
201400003949;0;7;0;0;2;3;13;B02
201400003949;0;33;0;0;2;1;1;A01
201400003950;0;33;0;13;0;1;1;A01
201400003951;0;33;0;0;0;7;1;A01
201400003952;0;30;0;0;2;1;13;A01
201400003952;0;7;0;0;2;1;1;B02
201400003953;0;33;0;0;6;7;1;A01
201400003954;0;7;0;0;2;1;1;C03
201400003954;0;7;0;0;2;1;1;B02
201400003954;0;7;0;0;2;7;13;A01
201400003955;0;7;0;0;2;3;1;B02
201400003955;0;7;0;0;2;3;13;A01
201400003956;0;7;0;0;2;3;1;B02
201400003956;0;7;0;0;2;3;1;A01
201400003957;0;33;0;0;2;7;21;B02
201400003957;0;7;0;0;2;2;19;A01
201400003958;0;7;0;13;0;2;1;A01
201400003959;1;7;0;0;1;3;16;A01
201400003960;0;7;0;6;0;8;1;A01
201400003961;0;17;0;3;0;7;1;A01
201400003962;0;10;0;0;2;6;13;B02
201400003962;0;14;0;0;2;8;13;A01
201400003963;0;7;0;0;2;3;1;B02
201400003963;0;7;0;0;2;3;13;A01
201400003964;0;7;0;0;2;2;13;B02
201400003964;0;30;0;0;2;7;13;A01
201400003965;0;7;0;0;2;8;15;A01
201400003965;0;15;0;0;2;1;1;B02
201400003966;0;7;0;0;1;1;1;A01
201400003967;0;7;0;0;0;1;13;A01
201400003967;0;7;0;0;0;1;1;B02
201400003968;0;1;0;0;0;6;1;A01
201400003968;0;21;0;0;0;2;2;B02
201400003969;0;7;0;0;2;1;1;B02
201400003969;1;7;0;0;0;0;17;C03
201400003969;0;7;0;0;2;1;21;A01
201400003970;0;2;0;0;2;1;13;A01
201400003970;0;7;0;0;2;1;1;B02
201400003971;0;7;0;13;0;9;13;A01
201400003972;0;2;0;3;0;1;1;A01
201400003973;0;7;0;1;0;3;1;A01
201400003974;0;7;0;0;2;3;13;A01
201400003974;0;7;0;0;2;3;1;B02
201400003975;0;7;0;2;0;6;1;A01
201400003976;0;7;0;0;2;7;1;A01
201400003976;0;10;0;0;2;1;1;B02
201400003977;0;7;0;0;2;2;19;A01
201400003977;0;33;0;0;2;1;1;B02
201400003978;0;7;0;0;2;2;1;A01
201400003978;0;7;0;0;2;3;1;B02
201400003979;0;1;0;0;2;1;1;B02
201400003979;0;7;0;0;2;1;15;A01
201400003980;0;10;0;0;1;7;1;A01
201400003981;0;33;0;2;0;2;1;A01
201400003982;0;7;0;0;2;1;1;A01
201400003982;0;7;0;0;2;1;1;B02
201400003983;0;7;0;0;2;2;14;A01
201400003983;0;7;0;0;2;3;1;B02
201400003984;0;7;0;0;1;3;17;A01
201400003985;0;2;0;13;0;2;1;A01
201400003986;0;7;0;0;2;3;1;B02
201400003986;0;10;0;0;0;9;19;A01
201400003987;0;30;0;0;2;7;14;A01
201400003987;0;1;0;0;2;8;1;B02
201400003988;0;7;0;0;2;7;1;B02
201400003988;0;7;0;0;2;1;1;A01
201400003989;0;7;0;6;2;3;5;A01
201400003989;0;7;0;1;0;3;1;B02
201400003989;0;7;0;1;0;8;0;C03
201400003990;0;7;0;13;0;1;13;A01
201400003991;0;7;0;2;0;3;1;A01
201400003992;0;31;0;2;0;1;1;A01
201400003993;0;7;0;0;2;1;9;A01
201400003993;0;33;0;0;2;7;1;B01
201400003994;0;7;0;0;1;1;1;A01
201400003995;0;10;0;2;0;3;1;A01
201400003996;0;99;0;13;0;0;1;A01
201400003997;0;2;0;0;0;1;1;B02
201400003997;0;7;0;0;0;3;15;A01
201400003998;0;7;0;2;0;1;14;A01
201400003999;0;30;0;0;0;1;16;B02
201400003999;0;7;0;0;0;5;1;A01
201400004000;0;7;0;0;2;1;13;A01
201400004000;0;7;0;0;2;1;1;B02
201400004001;0;7;0;2;0;3;1;A01
201400004002;0;7;0;0;1;1;9;A01
201400004003;0;7;0;0;0;1;1;B02
201400004003;0;7;0;0;0;1;13;A01
201400004004;0;2;0;0;2;1;6;A01
201400004004;0;7;0;0;2;3;1;B02
201400004005;0;14;0;0;0;9;1;A01
201400004006;0;33;0;0;0;8;1;A01
201400004007;0;7;0;0;2;3;1;B02
201400004007;0;7;0;0;2;3;13;A01
201400004008;0;7;0;0;2;8;1;B02
201400004008;0;7;0;0;2;1;1;C03
201400004008;0;10;0;0;2;1;1;A01
201400004009;0;7;0;2;0;1;13;A01
201400004010;0;7;0;0;2;3;1;B02
201400004010;0;2;0;0;2;3;1;A01
201400004011;0;2;0;0;0;0;1;A01
201400004012;0;2;0;8;0;2;1;A01
201400004013;0;7;0;0;2;3;1;B02
201400004013;0;7;0;0;2;3;1;A01
201400004014;0;7;0;0;2;3;13;A01
201400004014;0;38;50;0;2;3;1;B02
201400004015;0;7;0;0;0;6;15;B02
201400004015;0;33;0;0;2;1;17;A01
201400004016;0;7;0;8;0;1;1;A01
201400004017;0;14;0;0;2;2;1;B02
201400004017;0;14;0;0;2;1;5;A01
201400004018;0;7;0;0;2;3;1;B02
201400004018;0;7;0;0;2;3;6;A01
201400004019;0;7;0;15;0;1;1;A01
201400004020;0;7;0;0;2;1;1;C03
201400004020;0;7;0;0;2;2;1;A01
201400004020;0;7;0;0;0;6;1;B02
201400004021;0;14;0;0;2;1;19;B02
201400004021;0;7;0;0;2;3;23;C03
201400004021;0;7;0;0;2;3;1;A01
201400004022;0;7;0;2;0;1;0;A01
201400004023;0;7;0;2;0;1;1;A01
201400004024;0;7;0;13;0;1;1;A01
201400004025;0;10;0;2;0;8;1;A01
201400004026;0;7;0;0;1;1;16;A01
201400004027;0;7;0;0;1;2;1;A01
201400004028;0;7;0;4;0;7;0;A01
201400004029;0;10;0;12;0;1;1;A01
201400004030;0;10;0;8;0;2;1;A01
201400004031;0;1;0;0;0;0;16;A01
201400004032;0;1;0;0;2;3;1;B02
201400004032;0;7;0;0;9;3;1;A01
201400004033;0;1;0;0;0;4;1;A01
201400004034;0;7;0;2;9;8;0;A01
201400004035;0;7;0;1;1;5;4;A01
201400004036;0;7;0;0;1;2;1;A01
201400004037;0;1;0;0;2;1;1;B02
201400004037;0;10;0;0;2;1;15;A01
201400004038;0;10;0;0;1;2;1;A01
201400004039;0;10;0;0;2;3;19;A01
201400004039;0;1;0;0;2;1;1;B02
201400004040;0;7;0;0;1;6;4;A01
201400004041;0;7;0;0;2;3;1;A01
201400004041;0;7;0;0;2;3;1;B02
201400004042;0;7;0;0;2;8;15;A01
201400004042;0;2;0;0;2;1;17;B02
201400004043;0;7;0;0;2;1;1;C03
201400004043;0;7;0;0;2;4;1;B02
201400004043;0;7;0;0;1;4;1;A01
201400004044;0;7;0;6;0;1;13;A01
201400004045;0;7;0;2;0;1;0;A01
201400004046;0;7;0;0;9;1;1;B02
201400004046;0;1;0;0;2;4;11;A01
201400004047;0;10;0;2;0;1;0;A01
201400004048;0;7;0;0;2;3;1;B02
201400004048;0;30;0;0;2;1;5;A01
201400004049;0;39;80;0;2;3;0;B02
201400004049;0;7;0;0;4;2;0;A01
201400004050;0;14;0;0;2;2;15;A01
201400004050;0;7;0;0;2;2;11;B02
201400004051;0;7;0;6;0;1;1;A01
201400004052;0;7;0;0;2;3;13;A01
201400004052;0;7;0;0;2;3;1;B02
201400004053;0;7;0;3;2;2;13;A01
201400004053;0;7;0;3;2;3;1;B02
201400004053;0;38;9;3;2;3;1;C03
201400004054;0;7;0;0;2;1;1;C03
201400004054;0;7;0;0;2;1;13;A01
201400004054;0;7;0;0;2;1;1;B02
201400004055;0;7;0;13;0;8;13;A01
201400004056;0;7;0;0;1;2;21;A01
201400004057;0;7;0;0;2;1;1;A01
201400004057;0;7;0;0;2;7;19;B02
201400004058;0;7;0;0;2;8;1;B02
201400004058;0;33;0;0;2;8;1;A01
201400004059;0;15;0;0;1;2;1;A01
201400004060;0;33;0;0;2;1;1;A01
201400004060;0;15;0;0;2;8;1;B02
201400004061;0;15;0;0;0;7;1;A01
201400004062;0;10;0;0;2;2;1;A01
201400004062;0;1;0;0;2;1;15;B02
201400004063;0;14;0;0;2;3;1;B02
201400004063;0;7;0;0;2;3;5;A01
201400004064;0;7;0;13;0;3;1;A01
201400004065;0;7;0;2;0;0;1;A01
201400004066;0;7;0;0;0;5;1;A01
201400004067;0;7;0;0;2;1;13;A01
201400004067;0;7;0;0;2;3;1;B02
201400004068;0;7;0;2;0;2;1;A01
201400004069;0;7;0;0;1;1;1;A01
201400004070;0;30;0;0;2;1;1;B02
201400004070;0;7;0;0;2;3;23;C03
201400004070;0;7;0;0;2;5;11;A01
201400004071;0;7;0;8;0;2;1;A01
201400004072;0;7;0;0;2;2;15;A01
201400004072;0;30;0;0;2;1;1;B02
201400004073;0;7;0;0;0;4;15;B02
201400004073;0;17;0;0;2;2;2;A01
201400004074;0;10;0;2;0;3;1;A01
201400004075;0;33;0;0;2;1;1;A01
201400004075;0;7;0;0;2;3;10;B02
201400004076;0;7;0;2;0;9;1;A01
201400004077;0;7;0;0;1;6;1;A01
201400004078;0;7;0;0;0;2;2;B02
201400004078;0;30;0;0;0;4;15;A01
201400004079;0;7;0;2;0;1;14;A01
201400004079;0;7;0;0;9;7;2;B02
201400004080;0;7;0;0;2;0;2;B02
201400004080;0;33;0;2;2;1;17;A01
201400004081;0;7;0;0;2;1;9;A01
201400004081;0;33;0;0;0;7;1;B02
201400004082;0;33;0;7;0;1;1;A01
201400004083;0;7;0;0;2;1;1;B02
201400004083;0;30;0;0;2;4;1;A01
201400004084;0;1;0;0;2;8;0;A01
201400004084;0;7;0;0;2;7;1;B02
201400004085;0;7;0;0;2;8;1;B02
201400004085;0;1;0;0;2;1;1;A01
201400004086;0;7;0;6;0;1;14;A01
201400004087;0;7;0;0;2;3;6;B02
201400004087;0;7;0;0;2;1;1;A01
201400004088;0;7;0;0;2;2;2;A01
201400004088;0;10;0;0;2;3;1;C03
201400004088;0;10;0;0;2;6;15;B02
201400004089;0;7;0;0;2;1;13;A01
201400004089;0;7;0;0;2;1;1;B02
201400004090;0;2;0;1;2;1;0;B02
201400004090;0;7;0;0;2;3;15;A01
201400004091;0;7;0;0;1;1;15;A01
201400004092;0;7;0;5;0;2;1;A01
201400004093;0;10;0;2;0;1;1;A01
201400004094;0;7;0;0;1;2;1;A01
201400004095;0;7;0;0;2;7;19;A01
201400004095;0;10;0;0;2;1;1;B02
201400004096;0;7;0;0;2;1;14;A01
201400004096;0;7;0;0;2;1;1;B02
201400004097;0;7;0;2;0;1;14;A01
201400004098;0;7;0;0;2;4;1;B02
201400004098;0;10;0;0;2;1;1;A01
201400004098;0;7;0;0;2;4;1;C03
201400004098;0;7;0;0;2;4;1;D04
201400004099;0;7;0;2;0;1;1;A01
201400004100;0;7;0;2;0;1;1;A01
201400004101;0;7;0;13;0;1;1;A01
201400004102;0;7;0;0;2;6;11;A01
201400004102;0;7;0;0;2;3;1;B02
201400004103;0;7;0;14;0;1;0;A01
201400004104;0;1;0;0;2;7;1;B02
201400004104;0;7;0;0;9;1;1;A01
201400004105;0;10;0;0;0;5;15;A01
201400004105;0;33;0;0;2;1;1;B02
201400004106;0;7;0;13;0;1;15;A01
201400004107;0;7;0;0;1;4;4;A01
201400004108;0;10;0;0;1;1;19;A01
201400004109;0;30;0;12;0;8;6;A01
201400004110;0;7;0;0;2;2;13;A01
201400004110;0;7;0;0;2;1;1;B02
201400004110;0;7;0;0;2;1;1;C03
201400004111;0;7;0;13;0;2;1;A01
201400004112;0;7;0;0;1;2;1;A01
201400004113;0;33;0;0;2;8;1;A01
201400004113;0;7;0;0;0;5;15;B02
201400004114;0;7;0;0;2;3;13;A01
201400004114;0;10;0;0;2;3;1;C03
201400004114;0;7;0;0;2;8;1;B02
201400004115;0;33;0;13;0;1;2;A01
201400004116;0;30;0;0;2;7;2;A01
201400004116;0;30;0;0;0;6;2;B02
201400004117;0;7;0;3;0;9;14;A01
201400004118;0;30;0;0;2;1;21;A01
201400004118;0;7;0;0;2;3;19;B02
201400004119;0;1;0;0;2;0;1;B02
201400004119;0;10;0;0;2;3;1;A01
201400004120;0;7;0;2;0;6;17;A01
201400004121;0;33;0;0;2;3;21;A01
201400004121;0;7;0;0;2;6;19;B02
201400004122;0;10;0;1;1;3;1;A01
201400004122;0;7;0;0;0;5;23;B02
201400004123;0;7;0;2;0;2;1;A01
201400004124;0;33;0;0;2;1;1;A01
201400004124;0;7;0;0;2;2;15;B02
201400004125;0;7;0;0;1;1;15;A01
201400004126;0;2;0;0;2;1;5;B02
201400004126;0;7;0;0;2;1;13;A01
201400004127;0;33;0;0;1;1;17;A01
201400004128;0;7;0;0;1;1;1;A01
201400004129;0;7;0;0;1;2;1;A01
201400004130;0;31;0;0;2;1;1;B02
201400004130;0;7;0;0;2;1;15;A01
201400004131;0;7;0;0;0;5;21;A01
201400004131;0;33;0;0;2;1;2;B01
201400004132;0;7;0;0;2;3;1;B01
201400004132;0;7;0;0;2;1;13;A01
201400004133;0;1;0;0;2;4;1;B01
201400004133;0;10;0;0;2;1;9;A01
201400004134;0;7;0;0;1;1;18;A01
201400004135;0;7;0;0;2;2;19;A01
201400004135;0;2;0;0;2;1;1;B01
201400004136;0;1;0;0;2;8;1;B01
201400004136;0;7;0;0;2;2;15;A01
201400004137;0;7;0;6;0;1;14;A01
201400004138;0;7;0;8;0;1;13;A01
201400004139;0;7;0;0;1;3;1;A01
201400004140;0;7;0;0;2;3;1;B01
201400004140;0;7;0;0;2;2;9;A01
201400004141;0;7;0;0;2;2;1;B01
201400004141;0;2;0;0;2;1;19;A01
201400004142;0;10;0;0;2;1;1;B01
201400004142;0;7;0;0;2;7;19;A01
201400004143;0;7;0;0;1;7;1;A01
201400004144;0;10;0;0;2;3;1;A01
201400004144;0;2;0;0;2;1;9;B01
201400004145;0;7;0;0;2;1;1;B01
201400004145;0;7;0;0;0;4;1;A01
201400004146;0;7;0;0;2;3;17;A01
201400004146;0;17;0;13;2;3;1;B01
201400004146;0;7;0;0;2;3;17;C01
201400004147;0;2;0;0;1;2;17;A01
201400004148;0;7;0;0;2;3;13;A01
201400004148;0;15;0;0;2;3;1;B01
201400004149;0;7;0;1;2;1;13;A01
201400004149;0;7;0;0;2;1;1;B01
201400004150;0;7;0;0;2;6;1;B02
201400004150;0;33;0;0;2;7;17;A01
201400004151;0;1;0;0;2;1;9;A01
201400004151;0;7;0;0;2;7;1;B02
201400004152;0;7;0;0;2;1;15;A01
201400004152;0;7;0;0;2;1;1;B02
201400004153;0;7;0;0;2;3;19;A01
201400004153;0;10;0;0;2;1;1;B02
201400004154;0;36;0;8;0;3;1;A01
201400004155;0;17;0;13;0;3;1;A01
201400004156;0;7;0;0;2;1;1;B02
201400004156;0;7;0;0;2;2;15;A01
201400004157;0;10;0;13;0;2;14;A01
201400004158;0;33;0;16;0;0;17;A01
201400004159;0;7;0;8;0;1;1;A01
201400004160;0;7;0;2;0;1;1;A01
201400004161;0;7;0;0;0;6;19;A01
201400004161;0;33;0;0;0;1;21;B02
201400004162;0;7;0;0;1;2;1;A01
201400004163;0;33;0;0;2;1;1;B02
201400004163;0;7;0;0;2;5;15;A01
201400004164;0;7;0;0;0;7;13;A01
201400004164;0;7;0;0;2;1;1;B02
201400004165;0;7;0;0;1;2;2;A01
201400004166;0;7;0;16;0;0;13;A01
201400004167;0;7;0;2;2;1;13;A01
201400004167;0;7;0;0;2;2;1;B02
201400004168;0;30;0;0;2;1;1;A01
201400004168;0;21;0;0;2;1;1;B02
201400004169;0;7;0;2;0;1;1;A01
201400004170;0;33;0;0;2;1;1;B02
201400004170;0;7;0;0;2;1;15;A01
201400004171;0;7;0;3;0;2;13;A01
201400004172;0;7;0;0;2;3;15;A01
201400004172;0;33;0;0;2;7;17;B02
201400004173;0;7;0;0;2;1;13;A01
201400004173;0;7;0;0;2;1;1;B02
201400004174;0;7;0;15;0;9;1;A01
201400004175;0;7;0;0;2;8;9;A01
201400004175;0;7;0;0;2;7;21;B02
201400004175;0;7;0;0;2;3;1;C03
201400004176;0;7;0;0;2;1;1;A01
201400004176;0;31;0;0;2;4;15;B02
201400004177;0;7;0;0;2;5;1;A01
201400004177;0;7;0;0;2;1;1;B02
201400004177;0;7;0;0;2;1;5;C03
201400004178;0;33;0;0;0;2;1;A01
201400004179;0;31;0;6;0;0;13;A01
201400004180;0;30;0;16;0;0;1;A01
201400004181;0;14;0;0;2;1;1;B02
201400004181;0;10;0;0;2;3;9;A01
201400004182;0;7;0;6;0;1;14;A01
201400004183;0;33;0;1;1;8;1;A01
201400004184;0;13;0;0;0;0;1;A01
201400004185;0;36;0;0;0;1;0;A01
201400004186;0;7;0;0;2;1;2;A01
201400004186;0;7;0;0;2;4;2;B02
201400004187;0;7;0;2;0;1;1;A01
201400004188;0;33;0;0;6;1;1;A01
201400004189;0;7;0;0;1;2;1;A01
201400004190;0;10;0;0;2;1;15;A01
201400004190;0;2;0;0;2;1;0;B02
201400004191;0;10;0;0;1;6;4;A01
201400004192;0;7;0;0;2;1;11;A01
201400004192;0;7;0;0;2;1;0;B02
201400004193;0;33;0;0;6;1;1;A01
201400004193;0;7;0;0;2;7;1;B02
201400004194;0;1;0;0;2;8;1;A01
201400004194;0;7;0;0;9;1;1;B02
201400004195;0;7;0;0;2;7;0;A01
201400004195;0;38;2;0;2;1;1;B02
201400004196;0;7;0;2;0;1;1;A01
201400004197;0;2;0;2;0;1;1;A01
201400004198;0;32;0;0;0;0;2;A01
201400004199;0;10;0;0;2;1;1;A01
201400004199;0;10;0;0;2;1;1;B02
201400004200;0;7;0;0;1;3;16;A01
201400004201;0;7;0;6;0;3;13;A01
201400004202;0;7;0;0;2;3;13;A01
201400004202;0;7;0;0;2;3;1;B02
201400004203;0;7;0;13;0;3;0;A01
201400004204;0;7;0;8;0;1;1;A01
201400004205;0;7;0;0;1;2;1;A01
201400004206;0;7;0;6;0;8;17;A01
201400004207;0;7;0;0;0;2;1;A01
201400004207;0;7;0;0;0;2;1;B02
201400004208;0;30;0;0;2;2;2;A01
201400004208;0;7;0;0;2;6;16;B02
201400004209;0;31;0;6;0;3;13;A01
201400004210;0;7;0;0;2;1;13;A01
201400004210;0;7;0;0;2;8;19;B02
201400004211;0;30;0;0;0;0;1;A01
201400004211;0;30;0;0;0;0;1;B02
201400004212;0;14;0;13;0;7;1;A01
201400004213;0;7;0;0;2;1;13;A01
201400004213;0;7;0;0;2;1;1;B02
201400004214;0;30;0;0;0;0;14;A01
201400004215;0;7;0;13;0;9;14;A01
201400004216;0;14;0;2;0;1;14;A01
201400004217;0;7;0;0;0;9;1;A01
201400004218;0;7;0;13;0;2;1;A01
201400004219;0;33;0;13;0;1;1;A01
201400004220;0;33;0;13;0;7;1;A01
201400004221;0;7;0;2;0;1;14;A01
201400004222;0;7;0;2;0;2;1;A01
201400004223;0;7;0;0;2;3;1;A01
201400004223;0;10;0;0;2;3;1;B02
201400004224;0;7;0;2;0;2;1;A01
201400004225;0;7;0;6;0;1;17;A01
201400004226;0;21;0;0;0;9;1;A01
201400004227;0;7;0;8;0;3;1;A01
201400004228;0;7;0;0;2;3;13;A01
201400004228;0;7;0;0;2;8;1;B02
201400004229;0;7;0;0;1;1;1;A01
201400004230;0;7;0;0;1;1;1;A01
201400004230;0;7;0;0;1;3;1;B02
201400004231;0;7;0;6;0;3;1;A01
201400004232;0;1;0;0;0;0;1;A01
201400004233;0;10;0;2;0;8;1;A01
201400004234;0;7;0;16;0;0;1;A01
201400004235;0;7;0;0;2;6;15;A01
201400004235;0;7;0;0;2;1;17;B02
201400004236;0;33;0;0;0;1;0;A01
201400004237;0;2;0;0;0;1;1;A01
201400004238;0;7;0;15;0;1;0;A01
201400004239;0;7;0;0;2;1;13;A01
201400004239;0;7;0;0;0;1;1;B02
201400004240;0;7;0;2;0;2;14;A01
201400004241;0;33;0;13;0;4;17;A01
201400004242;0;7;0;0;2;8;1;A01
201400004242;0;7;0;0;2;1;1;B02
201400004243;0;7;0;6;0;9;1;A01
201400004244;0;7;0;6;0;2;1;A01
201400004245;0;15;0;12;0;0;0;A01
201400004246;0;7;0;6;0;1;13;A01
201400004247;0;33;0;13;0;2;1;A01
201400004248;0;33;0;0;2;7;1;A01
201400004248;0;7;0;0;2;1;20;B02
201400004249;0;7;0;0;2;2;1;A01
201400004249;0;14;0;0;2;3;15;B02
201400004250;0;2;0;6;0;1;1;A01
201400004251;0;7;0;15;0;1;1;A01
201400004252;0;7;0;8;0;2;17;A01
201400004253;0;31;0;10;0;1;1;A01
201400004254;0;7;0;0;2;8;1;A01
201400004254;0;31;0;0;2;1;1;B02
201400004255;0;7;0;0;2;3;13;A01
201400004255;0;7;0;0;2;3;1;B02
201400004255;0;10;0;0;2;3;1;C03
201400004255;0;7;0;0;2;3;1;D04
201400004256;0;7;0;0;9;3;1;A01
201400004256;0;1;0;0;2;2;1;B02
201400004257;0;31;0;15;0;1;1;A01
201400004258;0;31;0;0;2;2;15;B02
201400004258;0;7;0;0;2;2;1;A01
201400004259;0;14;0;2;0;5;0;A01
201400004260;0;10;0;10;2;4;19;A01
201400004260;0;13;0;0;2;1;21;B02
201400004261;0;7;0;0;2;2;17;A01
201400004261;0;1;0;0;2;9;15;B02
201400004262;0;7;0;13;0;1;0;A01
201400004263;0;7;0;0;2;2;1;A01
201400004263;0;1;0;0;2;1;1;B02
201400004264;0;7;0;0;2;2;9;A01
201400004264;0;2;0;9;2;1;1;B02