num_acc;senc;catv;occutc;obs;obsm;choc;manv;num_veh
201400004265;0;7;0;0;2;1;13;A01
201400004265;0;14;0;0;2;1;1;B02
201400004266;0;10;0;0;2;2;15;A01
201400004266;0;33;0;0;2;1;1;B02
201400004267;0;33;0;0;6;1;1;A01
201400004268;0;36;0;0;2;8;1;B02
201400004268;0;7;0;0;2;2;1;A01
201400004269;0;33;0;6;0;1;1;A01
201400004270;0;7;0;6;0;1;0;A01
201400004271;0;7;0;6;0;8;0;A01
201400004272;0;1;0;0;2;1;1;A01
201400004272;0;13;0;0;2;1;15;B02
201400004273;0;33;0;13;0;1;1;A01
201400004274;0;7;0;6;0;8;0;A01
201400004275;0;7;0;0;2;1;1;A01
201400004275;0;10;0;0;2;2;1;B02
201400004276;0;7;0;13;0;2;1;A01
201400004277;0;33;0;15;0;9;1;A01
201400004278;0;30;0;0;2;8;1;B02
201400004278;0;7;0;0;2;3;15;A01
201400004279;0;7;0;10;0;1;1;A01
201400004280;0;7;0;8;0;1;1;A01
201400004281;0;7;0;0;2;7;21;B02
201400004281;0;33;0;0;2;1;1;A01
201400004282;0;10;0;0;2;3;16;A01
201400004282;0;31;0;0;2;8;1;B02
201400004283;0;33;0;0;2;8;21;B02
201400004283;0;15;0;0;0;6;1;A01
201400004284;0;7;0;0;1;2;17;A01
201400004285;0;7;0;8;0;8;6;A01
201400004286;0;7;0;2;0;1;1;A01
201400004287;0;7;0;14;0;1;1;A01
201400004288;0;7;0;0;2;8;1;B02
201400004288;0;7;0;0;2;7;12;A01
201400004289;0;7;0;0;9;2;2;A01
201400004289;0;33;0;0;2;1;2;B02
201400004290;0;33;0;0;2;1;9;A01
201400004290;0;7;0;0;0;5;1;B02
201400004291;0;7;0;0;2;0;2;A01
201400004291;0;33;0;0;2;1;2;B02
201400004292;0;34;0;0;2;1;1;B02
201400004292;0;7;0;0;0;6;19;A01
201400004293;0;7;0;0;2;7;15;A01
201400004293;0;30;0;0;2;1;1;B02
201400004293;0;7;0;0;2;3;1;C03
201400004294;0;7;0;0;0;0;9;A01
201400004294;0;7;0;0;2;1;21;B02
201400004294;0;7;0;0;2;1;0;C03
201400004295;0;33;0;0;2;8;1;B02
201400004295;0;7;0;0;0;3;19;A01
201400004296;0;7;0;0;2;3;2;A01
201400004296;0;7;0;0;2;3;1;B02
201400004296;0;7;0;0;2;1;15;C03
201400004297;0;7;0;0;2;2;14;A01
201400004297;0;1;0;0;2;4;1;B02
201400004298;0;1;0;0;2;4;0;B02
201400004298;0;7;0;0;9;2;14;A01
201400004299;0;7;0;0;2;3;10;A01
201400004299;0;33;0;0;2;1;2;B02
201400004300;0;33;0;0;2;9;21;B02
201400004300;0;10;0;1;0;2;15;A01
201400004301;0;33;0;0;0;0;1;A01
201400004302;0;7;0;0;2;2;15;A01
201400004302;0;33;0;0;2;1;1;B02
201400004303;0;7;0;0;2;3;1;A01
201400004303;0;7;0;0;2;3;1;B02
201400004304;0;7;0;0;2;1;1;B02
201400004304;0;7;0;0;2;7;13;A01
201400004305;0;2;0;0;1;1;1;A01
201400004306;0;7;0;0;2;8;23;B02
201400004306;0;30;0;0;2;3;1;A01
201400004307;0;7;0;0;2;7;11;A01
201400004307;0;2;0;0;2;8;1;B02
201400004308;0;10;0;0;2;1;5;A01
201400004308;0;10;0;0;2;8;15;B02
201400004309;0;7;0;0;2;1;1;B02
201400004309;0;7;0;0;2;1;17;A01
201400004310;0;30;0;0;2;1;9;B02
201400004310;0;7;0;0;2;3;9;A01
201400004311;0;7;0;1;0;2;14;A01
201400004311;0;10;0;0;2;6;0;B02
201400004312;0;7;0;0;0;6;15;A01
201400004312;0;31;0;0;0;1;21;B02
201400004313;0;7;0;0;1;2;1;A01
201400004314;0;1;0;0;2;0;2;B02
201400004314;0;7;0;0;9;5;2;A01
201400004315;0;7;0;;1;;;A01
201400004316;0;7;0;0;2;3;15;B02
201400004316;0;7;0;0;2;2;16;A01
201400004317;0;7;0;0;2;3;0;B02
201400004317;0;7;0;0;2;3;0;A01
201400004318;0;15;0;0;1;8;1;A01
201400004319;0;33;0;0;1;8;1;A01
201400004320;0;31;0;0;2;0;1;B01
201400004320;0;7;0;0;2;0;15;A01
201400004321;0;37;35;0;0;4;0;A01
201400004321;0;14;0;1;0;1;1;B02
201400004322;0;33;0;0;2;2;2;A01
201400004322;0;7;0;0;2;8;15;B02
201400004323;0;7;0;0;9;7;1;B02
201400004323;0;1;0;0;2;1;1;A01
201400004324;0;33;0;0;0;0;0;A01
201400004325;0;7;0;0;2;7;15;A01
201400004325;0;30;0;0;2;1;1;B02
201400004326;0;1;0;0;0;7;0;A01
201400004326;0;7;0;0;9;2;0;B02
201400004327;0;14;0;13;0;1;1;A01
201400004328;0;7;0;0;2;3;1;B02
201400004328;0;7;0;11;0;5;15;A01
201400004329;0;7;0;0;2;1;5;B02
201400004329;0;7;0;0;2;1;5;A01
201400004330;0;16;0;0;2;1;1;A01
201400004330;0;7;0;0;0;4;23;C03
201400004330;0;7;0;0;2;4;1;B02
201400004331;0;33;0;0;0;8;23;A01
201400004331;0;33;0;0;0;0;21;B02
201400004332;0;7;0;0;2;5;15;A01
201400004332;0;33;0;0;2;1;1;B02
201400004333;0;33;0;0;2;1;15;A01
201400004333;0;7;0;0;2;6;13;B02
201400004334;0;7;0;0;2;3;10;A01
201400004334;0;7;0;0;2;1;1;B02
201400004335;0;7;0;14;0;1;1;A01
201400004336;0;7;0;0;2;8;15;B02
201400004336;0;33;0;0;2;1;1;A01
201400004337;0;7;0;0;2;1;1;A01
201400004337;0;33;0;0;2;7;1;B02
201400004338;0;7;0;0;2;1;1;A01
201400004338;0;7;0;0;2;1;1;B02
201400004339;0;7;0;13;0;9;1;A01
201400004340;0;17;0;0;0;1;1;B02
201400004340;0;7;0;0;0;1;5;A01
201400004341;0;7;0;0;2;5;19;A01
201400004341;0;33;0;0;2;1;1;B02
201400004342;0;7;0;8;0;1;1;A01
201400004343;0;7;0;0;2;8;1;B02
201400004343;0;7;0;0;2;1;9;A01
201400004344;0;7;0;0;2;3;1;A01
201400004344;0;10;0;0;2;1;13;B02
201400004345;0;7;0;0;1;1;1;A01
201400004346;0;10;0;0;2;3;6;A01
201400004346;0;7;0;0;2;1;1;B02
201400004347;0;7;0;0;2;3;1;A01
201400004347;0;7;0;0;2;8;15;B02
201400004348;0;7;0;11;0;3;1;A01
201400004349;0;10;0;0;1;2;0;A01
201400004350;0;33;0;0;2;1;1;A01
201400004350;0;7;0;0;0;3;15;B02
201400004351;0;7;0;9;0;2;1;A01
201400004352;0;7;0;0;0;1;19;B02
201400004352;0;7;0;0;0;8;1;A01
201400004353;0;7;0;0;1;1;1;A01
201400004354;0;7;0;0;0;4;2;B02
201400004354;0;7;0;0;0;4;2;A01
201400004354;0;7;0;0;0;1;0;C03
201400004355;0;7;0;0;0;8;9;A01
201400004355;0;31;0;0;2;1;1;B02
201400004356;0;7;0;0;2;6;23;C03
201400004356;0;7;0;0;2;3;13;A01
201400004356;0;7;0;0;2;3;1;B02
201400004357;0;7;0;13;0;2;1;A01
201400004358;0;7;0;0;2;1;13;A01
201400004358;0;7;0;0;2;1;1;B02
201400004359;0;7;0;0;2;8;15;A01
201400004359;0;7;0;0;2;1;2;B02
201400004360;0;21;0;0;2;3;1;A01
201400004360;0;2;0;0;2;1;1;B02
201400004361;0;7;0;;2;3;1;A01
201400004361;0;10;0;;2;3;1;B02
201400004362;0;7;0;0;1;3;1;A01
201400004363;0;7;0;0;2;1;13;A01
201400004363;0;7;0;0;2;1;1;B02
201400004364;0;7;0;0;0;9;16;A01
201400004365;0;7;0;;2;3;14;B02
201400004365;0;7;0;;2;3;;A01
201400004366;0;7;0;0;2;1;13;A01
201400004366;0;7;0;0;2;1;1;B02
201400004367;0;30;0;0;2;1;1;B02
201400004367;0;7;0;0;2;3;9;A01
201400004368;0;7;0;0;2;3;1;A01
201400004368;0;7;0;0;2;6;1;C03
201400004368;0;7;0;0;2;1;1;B02
201400004369;0;14;0;0;1;2;0;A01
201400004370;0;7;0;6;0;1;1;A01
201400004371;0;7;0;16;0;9;1;A01
201400004372;0;33;0;0;0;0;1;A01
201400004373;0;7;0;0;2;3;1;C03
201400004373;0;33;0;0;2;1;0;B02
201400004373;0;7;0;0;2;8;15;A01
201400004374;0;7;0;0;2;2;1;B02
201400004374;0;33;0;0;2;1;1;A01
201400004375;0;7;0;0;2;2;13;B02
201400004375;0;7;0;0;2;2;13;A01
201400004376;0;7;0;0;0;0;1;A01
201400004377;0;31;0;0;2;1;1;A01
201400004377;0;7;0;0;2;6;1;B02
201400004378;0;7;0;0;2;4;1;A01
201400004378;0;7;0;0;2;1;1;B02
201400004379;0;30;0;16;0;7;1;A01
201400004380;0;7;0;0;1;2;16;A01
201400004381;0;7;0;0;2;7;13;A01
201400004381;0;7;0;0;2;1;1;B02
201400004382;0;7;0;0;2;3;1;A01
201400004382;0;7;0;0;2;2;19;B02
201400004383;0;30;0;0;2;4;1;A01
201400004383;0;7;0;0;2;2;16;B02
201400004384;0;7;0;0;2;3;13;A01
201400004384;0;7;0;0;2;3;1;B02
201400004385;0;1;0;0;0;0;1;A01
201400004386;0;7;0;13;0;3;1;A01
201400004387;0;99;0;0;2;1;1;A01
201400004387;0;7;0;0;2;3;1;B02
201400004388;0;21;0;0;0;0;15;A01
201400004389;0;14;0;8;0;1;1;A01
201400004390;0;7;0;8;0;5;1;A01
201400004391;2;7;0;0;2;3;13;A01
201400004391;0;7;0;0;2;1;1;B02
201400004392;0;7;0;0;0;2;15;A01
201400004392;0;1;0;0;2;1;1;B02
201400004393;0;7;0;13;0;1;1;A01
201400004394;0;33;0;0;2;1;1;A01
201400004394;0;33;0;0;2;1;1;B02
201400004395;0;10;0;2;0;3;1;A01
201400004396;0;7;0;0;1;1;1;A01
201400004397;0;3;0;0;1;2;1;A01
201400004398;0;7;0;0;1;2;1;A01
201400004399;0;7;0;0;2;8;15;B02
201400004399;0;33;0;0;2;1;17;A01
201400004400;0;7;0;0;1;2;1;A01
201400004401;0;33;0;8;0;1;1;B02
201400004401;0;7;0;0;0;0;19;A01
201400004402;0;33;0;0;2;1;0;B02
201400004402;0;7;0;0;2;8;10;A01
201400004403;0;10;0;0;2;8;19;A01
201400004403;0;33;0;0;2;1;1;B02
201400004404;0;7;0;0;2;3;13;A01
201400004404;0;33;0;0;2;1;1;B02
201400004405;0;7;0;0;2;7;15;B02
201400004405;0;33;0;0;2;1;1;A01
201400004406;0;7;0;0;2;1;13;A01
201400004406;0;7;0;0;2;3;1;B02
201400004407;0;33;0;0;0;0;1;A01
201400004408;0;31;0;0;2;1;13;B02
201400004408;0;14;0;0;2;2;1;A01
201400004409;0;10;0;0;2;1;1;A01
201400004409;0;7;0;0;2;3;15;B02
201400004410;0;7;0;4;0;1;1;A01
201400004411;0;7;0;8;0;1;14;A01
201400004412;0;33;0;0;2;1;1;A01
201400004412;0;7;0;0;2;2;15;B02
201400004413;0;7;0;0;1;3;0;A01
201400004414;0;7;0;0;1;3;1;A01
201400004415;0;10;0;0;2;6;1;A01
201400004415;0;10;0;0;2;1;1;B02
201400004416;1;7;0;0;1;2;0;A01
201400004417;0;33;0;0;2;5;1;B02
201400004417;0;7;0;0;2;3;19;A01
201400004418;0;7;0;0;2;4;2;B02
201400004418;0;7;0;0;2;2;2;A01
201400004419;0;14;0;0;1;1;9;A01
201400004420;0;7;0;12;1;1;1;A01
201400004421;0;7;0;0;2;8;13;A01
201400004421;0;7;0;0;2;8;1;B02
201400004422;0;31;0;0;2;8;19;B02
201400004422;0;7;0;0;2;1;19;A01
201400004423;0;31;0;0;2;1;5;A01
201400004423;0;7;0;0;2;1;1;B02
201400004424;0;7;0;0;2;3;19;A01
201400004424;0;7;0;0;2;1;1;B02
201400004425;0;2;0;1;0;1;1;B02
201400004425;0;7;0;0;9;3;23;A01
201400004426;0;30;0;0;0;2;1;B02
201400004426;0;7;0;0;0;2;15;A01
201400004427;0;7;0;0;0;6;1;B02
201400004427;0;7;0;0;2;2;3;A01
201400004427;0;7;0;0;0;6;0;C03
201400004428;0;7;0;0;2;1;1;B02
201400004428;0;7;0;0;2;1;5;A01
201400004429;0;7;0;8;0;1;1;A01
201400004430;0;7;0;0;2;3;1;B02
201400004430;0;7;0;0;2;2;15;A01
201400004431;0;15;0;0;9;7;2;A01
201400004431;0;99;0;0;2;7;2;B02
201400004432;0;7;0;0;2;8;19;B02
201400004432;0;10;0;0;2;1;1;A01
201400004433;0;7;0;0;2;1;1;C03
201400004433;0;7;0;0;2;3;1;B02
201400004433;0;7;0;0;2;1;13;A01
201400004434;0;7;0;0;2;2;15;A01
201400004434;0;1;0;0;2;1;1;B02
201400004435;0;7;0;2;0;3;1;A01
201400004436;0;7;0;0;1;1;14;A01
201400004437;0;2;0;0;2;8;15;B02
201400004437;0;7;0;0;2;2;1;A01
201400004438;0;7;0;0;0;3;9;A01
201400004438;0;14;0;0;2;5;1;B02
201400004439;0;1;0;0;2;1;1;A01
201400004439;0;7;0;0;9;7;0;B02
201400004440;0;33;0;0;0;3;1;A01
201400004440;0;33;0;0;0;1;1;B02
201400004441;0;7;0;15;0;5;1;A01
201400004442;0;33;0;0;0;1;1;A01
201400004443;0;15;0;0;2;3;1;B02
201400004443;0;7;0;0;2;3;13;A01
201400004444;0;7;0;0;2;2;15;A01
201400004444;0;2;0;0;2;1;1;B02
201400004445;0;7;0;2;0;3;13;A01
201400004446;0;31;0;0;2;3;0;B02
201400004446;0;10;0;0;0;2;1;A01
201400004447;0;10;0;0;2;2;5;A01
201400004447;0;7;0;0;2;2;5;B02
201400004448;0;7;0;0;1;2;1;A01
201400004449;0;7;0;0;2;2;6;A01
201400004449;0;7;0;0;2;3;0;B02
201400004450;0;7;0;0;2;3;1;B02
201400004450;0;7;0;0;2;2;1;A01
201400004451;0;7;0;0;2;1;1;B02
201400004451;0;33;0;0;2;1;13;A01
201400004452;0;33;0;7;0;1;1;A01
201400004453;0;7;0;0;9;2;17;A01
201400004453;0;1;0;0;2;4;2;B02
201400004454;0;33;0;0;1;1;14;A01
201400004455;0;30;0;11;0;1;1;A01
201400004456;0;10;0;0;2;3;17;A01
201400004456;0;7;0;0;2;3;1;C03
201400004456;0;15;0;3;2;3;1;B02
201400004457;0;7;0;0;2;1;1;B02
201400004457;0;7;0;0;0;1;1;A01
201400004458;0;7;0;0;2;1;17;B02
201400004458;0;7;0;0;2;1;1;A01
201400004459;0;7;0;0;2;1;1;A01
201400004459;0;7;0;0;2;1;13;B02
201400004460;0;7;0;0;2;1;0;B02
201400004460;0;7;0;0;2;8;19;A01
201400004461;0;7;0;13;0;6;1;A01
201400004462;0;7;0;2;0;7;1;A01
201400004463;0;30;0;0;0;0;1;A01
201400004464;0;7;0;0;1;2;1;A01
201400004465;0;10;0;0;9;1;1;A01
201400004465;0;1;0;0;0;4;1;B02
201400004466;0;15;0;16;0;2;1;A01
201400004467;0;10;0;0;2;2;1;B02
201400004467;0;31;0;0;2;3;19;A01
201400004468;0;7;0;0;1;3;19;A01
201400004469;0;7;0;0;2;3;5;A01
201400004469;0;7;0;0;2;1;1;B02
201400004470;0;7;0;5;0;1;1;A01
201400004471;0;39;50;0;1;1;1;A01
201400004472;0;7;0;0;2;3;15;B02
201400004472;0;33;0;0;2;1;21;A01
201400004473;0;7;0;0;2;3;15;A01
201400004473;0;7;0;0;2;2;21;B02
201400004474;0;7;0;0;2;0;15;B02
201400004474;0;30;0;0;2;0;1;A01
201400004475;0;7;0;0;2;1;13;A01
201400004475;0;7;0;0;2;3;1;B02
201400004476;0;7;0;0;0;3;19;A01
201400004476;0;33;0;0;2;1;1;B02
201400004477;0;7;0;0;2;3;13;A01
201400004477;0;7;0;0;2;3;1;B02
201400004478;1;17;0;0;1;6;1;A01
201400004479;0;7;0;0;2;2;21;B02
201400004479;0;7;0;0;2;2;13;A01
201400004480;0;7;0;0;2;1;13;A01
201400004480;0;33;0;0;2;1;1;B02
201400004481;0;10;0;0;2;7;17;A01
201400004481;0;1;0;0;2;3;15;B02
201400004482;0;7;0;0;2;3;1;B02
201400004482;0;33;0;0;2;1;17;A01
201400004483;0;7;0;0;2;3;9;A01
201400004483;0;10;0;0;2;2;1;B02
201400004484;0;17;0;0;2;3;1;B02
201400004484;0;31;0;0;2;1;5;A01
201400004485;0;7;0;0;1;1;17;A01
201400004486;0;7;0;0;2;3;13;A01
201400004486;0;7;0;0;2;1;1;B02
201400004487;0;10;0;0;2;1;1;A01
201400004487;0;7;0;0;2;8;1;B01
201400004488;0;7;0;0;2;1;13;A01
201400004488;0;7;0;0;2;8;1;B02
201400004489;0;7;0;2;0;3;13;A01
201400004490;0;33;0;0;0;7;1;A01
201400004491;0;7;0;0;0;2;1;A01
201400004492;0;7;0;0;2;1;1;A01
201400004492;0;7;0;0;2;1;1;B02
201400004493;0;7;0;0;2;1;21;B02
201400004493;0;7;0;0;2;3;1;A01
201400004494;0;14;0;0;2;2;1;A01
201400004494;0;1;0;0;2;8;19;B02
201400004495;0;7;0;0;2;1;1;B02
201400004495;0;7;0;0;2;3;1;A01
201400004496;0;7;0;13;0;1;13;A01
201400004497;0;7;0;0;2;3;13;A01
201400004497;0;7;0;0;2;3;1;B02
201400004498;0;15;0;2;0;3;1;A01
201400004499;0;7;0;6;0;2;14;A01
201400004500;0;7;0;0;1;1;1;A01
201400004501;0;7;0;6;0;1;14;A01
201400004502;0;33;0;0;2;1;19;B02
201400004502;0;7;0;0;2;5;19;A01
201400004503;0;7;0;0;0;3;13;A01
201400004504;0;2;0;0;2;1;1;B02
201400004504;0;7;0;0;2;0;19;A01
201400004505;0;7;0;0;2;1;1;A01
201400004505;0;1;0;0;2;7;15;B02
201400004506;0;30;0;0;2;1;13;A01
201400004506;0;7;0;0;2;1;0;B02
201400004507;0;7;0;0;2;3;13;A01
201400004507;0;7;0;0;2;3;1;B02
201400004508;0;33;0;0;0;4;23;A01
201400004508;0;10;0;0;2;2;1;B02
201400004509;0;7;0;0;2;7;1;A01
201400004509;0;7;0;0;2;2;1;B02
201400004510;0;33;0;0;0;1;21;A01
201400004511;0;14;0;2;0;9;1;A01
201400004512;0;7;0;0;0;3;9;A01
201400004512;0;2;0;0;0;7;2;B02
201400004513;0;7;0;0;2;6;15;B02
201400004513;0;33;0;0;2;1;17;A01
201400004514;0;7;0;1;0;2;1;A01
201400004515;0;7;0;0;0;0;17;A01
201400004516;0;7;0;0;2;2;1;B02
201400004516;0;7;0;0;2;1;13;A01
201400004517;0;7;0;2;0;1;0;A01
201400004518;0;33;0;0;0;1;2;A01
201400004519;0;7;0;0;2;1;1;C03
201400004519;0;7;0;0;2;1;1;A01
201400004519;0;10;0;0;2;1;1;B02
201400004520;0;33;0;0;0;0;14;A01
201400004521;0;7;0;0;0;2;0;B02
201400004521;0;7;0;0;0;3;9;A01
201400004522;0;7;0;0;2;1;1;B02
201400004522;0;7;0;0;2;7;13;A01
201400004523;0;7;0;0;2;2;2;A01
201400004523;0;1;0;0;2;4;1;B02
201400004524;0;33;0;0;2;3;1;B02
201400004524;0;7;0;0;2;3;15;A01
201400004525;0;33;0;13;0;1;1;A01
201400004526;0;7;0;0;2;3;10;A01
201400004526;0;31;0;0;2;1;1;B02
201400004527;0;7;0;0;0;0;11;B02
201400004527;0;33;0;0;2;7;11;A01
201400004528;0;7;0;13;0;2;1;A01
201400004529;0;7;0;0;2;1;1;B02
201400004529;0;7;0;0;2;1;13;A01
201400004530;0;7;0;0;2;3;1;B02
201400004530;0;7;0;0;2;2;1;A01
201400004531;0;7;0;2;0;1;17;A01
201400004532;0;7;0;0;2;1;1;A01
201400004532;0;7;0;0;2;1;1;B02
201400004533;0;7;0;0;9;2;2;A01
201400004533;0;1;0;0;2;4;1;B02
201400004534;0;2;0;0;2;1;1;B02
201400004534;0;20;0;0;2;3;15;A01
201400004535;0;7;0;0;0;5;2;B02
201400004535;0;33;0;0;2;1;2;A01
201400004536;0;7;0;0;2;1;13;A01
201400004536;0;7;0;0;2;1;1;B02
201400004537;0;30;0;0;2;1;1;A01
201400004537;0;7;0;0;2;8;19;B02
201400004538;0;10;0;2;0;3;1;A01
201400004539;0;7;0;0;2;1;1;B02
201400004539;0;7;0;0;2;1;13;A01
201400004540;0;7;0;2;0;9;1;A01
201400004541;0;2;0;0;2;1;1;A01
201400004541;0;7;0;0;9;3;1;B02
201400004542;0;7;0;13;0;1;13;A01
201400004543;0;7;0;0;0;1;5;A01
201400004544;0;7;0;8;0;0;0;A01
201400004545;0;7;0;3;1;1;19;A01
201400004546;0;7;0;13;0;1;0;A01
201400004547;0;10;0;1;0;2;1;A01
201400004548;0;10;0;0;2;2;1;B02
201400004548;0;15;0;0;2;2;17;A01
201400004549;0;7;0;0;2;1;1;A01
201400004549;0;1;0;0;2;8;16;B02
201400004550;0;7;0;0;2;1;1;B02
201400004550;0;7;0;0;2;7;13;A01
201400004551;0;33;0;0;2;1;2;B02
201400004551;0;7;0;0;2;4;2;A01
201400004552;0;7;0;13;0;2;14;A01
201400004553;0;13;0;0;2;3;1;B02
201400004553;0;7;0;0;2;3;17;A01
201400004554;0;3;0;0;1;3;15;A01
201400004555;0;2;0;8;0;0;1;A01
201400004556;0;10;0;0;1;4;4;A01
201400004557;0;14;0;0;2;3;1;B02
201400004557;0;7;0;0;2;3;5;A01
201400004558;0;30;0;0;2;8;16;A01
201400004558;0;10;0;0;2;1;2;B02
201400004559;0;7;0;0;2;5;13;A01
201400004559;0;7;0;0;2;1;1;B02
201400004560;0;7;0;0;2;1;13;B02
201400004560;0;7;0;0;2;1;14;A01
201400004561;0;7;0;0;0;1;2;B02
201400004561;0;7;0;0;0;4;23;A01
201400004562;0;3;0;2;0;0;1;A01
201400004563;0;7;0;6;0;1;1;A01
201400004564;0;7;0;0;0;3;1;B02
201400004565;0;7;0;0;2;3;13;A01
201400004565;0;7;0;0;2;3;1;B02
201400004566;0;10;0;0;1;1;1;A01
201400004567;0;1;0;0;9;8;19;A01
201400004567;0;39;0;0;4;2;1;B02
201400004568;0;7;0;0;2;1;1;A01
201400004568;0;7;0;0;0;4;15;B02
201400004569;0;7;0;0;2;1;0;D04
201400004569;0;7;0;0;2;8;1;B02
201400004569;0;7;0;0;2;1;1;C03
201400004569;0;15;0;0;2;7;14;A01
201400004570;0;7;0;0;0;1;13;A01
201400004571;0;7;0;0;0;0;1;A01
201400004572;0;7;0;0;2;1;1;A01
201400004572;0;7;0;0;2;1;1;B02
201400004573;0;7;0;6;0;1;13;A01
201400004574;0;10;0;13;0;1;1;A01
201400004575;0;30;0;0;0;7;1;A01
201400004576;0;15;0;0;9;1;9;A01
201400004576;0;1;0;0;0;8;5;B02
201400004577;0;7;0;0;1;3;1;A01
201400004578;0;30;0;0;0;5;1;B02
201400004578;0;7;0;0;2;3;2;A01
201400004579;0;7;0;0;2;3;13;A01
201400004579;0;14;0;0;2;3;0;B02
201400004580;0;30;0;0;9;1;1;A01
201400004580;0;1;0;0;2;8;19;B02
201400004581;0;7;0;3;0;2;1;A01
201400004582;0;30;0;0;2;1;2;B02
201400004582;0;7;0;0;0;6;15;A01
201400004583;0;7;0;6;0;3;1;A01
201400004584;0;7;0;0;1;3;1;A01
201400004585;0;21;0;0;2;4;15;B02
201400004585;0;31;0;0;2;1;18;A01
201400004586;0;7;0;0;2;1;1;C03
201400004586;0;7;0;0;2;1;1;B02
201400004586;0;7;0;0;2;1;13;A01
201400004586;0;7;0;0;0;0;1;D04
201400004587;0;7;0;0;1;2;21;A01
201400004588;0;7;0;13;0;8;1;A01
201400004589;0;7;0;0;1;1;1;A01
201400004590;0;7;0;2;0;9;1;A01
201400004591;0;33;0;0;2;1;0;A01
201400004591;0;7;0;0;2;2;1;C03
201400004591;0;7;0;0;2;1;1;B02
201400004592;0;7;0;0;2;3;1;A01
201400004592;0;30;0;0;2;3;1;B02
201400004593;0;7;0;0;2;2;1;B02
201400004593;0;7;0;0;2;3;16;A01
201400004594;0;37;29;1;0;1;14;A01
201400004595;0;7;0;0;1;3;1;A01
201400004596;0;7;0;0;1;7;14;A01
201400004597;0;10;0;0;0;1;1;B02
201400004597;0;33;0;0;0;1;13;A01
201400004598;0;33;0;0;2;1;1;B02
201400004598;0;7;0;0;2;3;15;A01
201400004599;0;7;0;0;2;3;17;A01
201400004599;0;30;0;0;2;3;1;B02
201400004600;0;2;0;0;2;1;1;B02
201400004600;0;7;0;0;0;8;10;A01
201400004601;0;7;0;0;2;3;15;A01
201400004601;0;30;0;0;2;1;1;B02
201400004602;0;30;0;8;0;8;1;A01
201400004603;0;7;0;0;2;1;5;B02
201400004603;0;7;0;0;2;1;1;A01
201400004604;0;33;0;0;2;1;17;B02
201400004604;0;7;0;0;2;6;15;A01
201400004605;0;7;0;0;2;7;14;A01
201400004605;0;31;0;13;2;8;18;B02
201400004606;0;2;0;0;2;1;1;A01
201400004606;0;7;0;0;0;8;4;B02
201400004607;0;31;0;12;0;0;21;A01
201400004608;0;7;0;0;2;8;13;A01
201400004608;0;7;0;0;2;1;1;B02
201400004609;0;7;0;0;0;3;1;A01
201400004609;0;7;0;0;0;3;1;B02
201400004610;0;7;0;0;0;4;2;C03
201400004610;0;7;0;0;2;1;2;A01
201400004610;0;10;0;0;2;4;2;B02
201400004611;0;7;0;0;2;3;1;B02
201400004611;0;7;0;0;2;1;15;A01
201400004612;0;33;0;0;6;1;1;A01
201400004613;0;31;0;0;0;0;1;A01
201400004614;0;10;0;0;2;3;15;B02
201400004614;0;7;0;0;2;7;17;A01
201400004615;0;7;0;0;2;1;1;B02
201400004615;0;7;0;0;2;1;1;C03
201400004615;0;7;0;0;2;1;13;A01
201400004616;0;7;0;14;0;1;15;A01
201400004616;0;7;0;14;0;3;1;B02
201400004617;0;3;0;0;2;6;15;A01
201400004617;0;7;0;0;2;2;1;B02
201400004618;0;1;0;1;0;2;1;A01
201400004618;0;7;0;0;0;6;23;B02
201400004619;0;33;0;0;2;3;1;B02
201400004619;0;21;0;0;2;6;1;A01
201400004620;0;33;0;0;0;1;1;A01
201400004621;0;33;0;0;0;0;17;A01
201400004621;0;33;0;0;0;0;21;B02
201400004622;0;7;0;0;0;2;1;B02
201400004622;0;7;0;0;0;3;19;A01
201400004623;0;30;0;16;0;2;1;A01
201400004624;0;7;0;0;2;3;1;B02
201400004624;0;10;0;0;2;3;13;A01
201400004625;0;33;0;0;2;9;17;A01
201400004625;0;10;0;0;2;6;15;B02
201400004626;0;33;0;0;2;1;2;A01
201400004626;0;7;0;0;0;4;1;B02
201400004627;0;7;0;0;2;1;2;A01
201400004627;0;7;0;0;1;4;1;B02
201400004628;0;7;0;0;2;3;13;A01
201400004628;0;17;0;0;2;3;1;B02
201400004629;0;7;0;0;2;8;1;A01
201400004629;0;33;0;0;2;8;1;B02
201400004630;0;7;0;0;2;1;1;A01
201400004630;0;7;0;0;2;2;15;B02
201400004631;0;7;0;0;2;3;1;A01
201400004631;0;7;0;0;2;3;17;B02
201400004632;0;10;0;0;1;2;2;A01
201400004633;0;7;0;2;0;1;14;A01
201400004634;0;7;0;0;2;2;15;A01
201400004634;0;7;0;0;2;1;1;B02
201400004635;0;10;0;0;2;3;1;B02
201400004635;0;7;0;0;2;2;20;A01
201400004636;0;2;0;0;2;1;1;B01
201400004636;0;10;0;0;2;1;1;A01
201400004637;0;7;0;0;1;2;1;A01
201400004638;0;7;0;0;0;7;1;B02
201400004638;0;7;0;0;0;1;1;A01
201400004639;0;7;0;0;0;9;13;A01
201400004640;0;33;0;13;0;8;1;A01
201400004641;0;7;0;0;1;2;18;A01