num_acc;senc;catv;occutc;obs;obsm;choc;manv;num_veh
201400004642;0;7;0;2;0;9;13;A01
201400004643;0;7;0;15;0;1;13;A01
201400004644;0;7;0;9;0;1;14;A01
201400004645;0;7;0;0;2;3;1;A01
201400004645;0;7;0;0;0;6;16;B02
201400004646;0;7;0;6;0;8;1;A01
201400004647;0;7;0;0;2;3;17;A01
201400004647;0;2;0;0;2;1;1;B02
201400004648;0;7;0;0;2;3;15;A01
201400004648;0;1;0;0;2;1;1;B02
201400004649;0;7;0;3;0;9;14;A01
201400004650;0;7;0;0;0;4;1;B02
201400004650;0;7;0;0;2;1;2;A01
201400004651;0;7;0;0;2;8;15;A01
201400004651;0;33;0;0;2;1;1;B02
201400004652;1;7;0;0;1;2;1;A01
201400004653;0;30;0;0;2;1;17;A01
201400004653;0;7;0;0;2;1;1;B02
201400004654;0;10;0;0;2;6;19;A01
201400004654;0;30;0;0;2;0;0;B02
201400004655;0;7;0;16;0;0;13;A01
201400004656;0;30;0;8;0;0;1;A01
201400004657;0;10;0;0;2;2;1;A01
201400004657;0;7;0;0;2;3;1;B02
201400004658;0;7;0;0;2;1;1;C03
201400004658;0;10;0;0;2;5;15;A01
201400004658;0;7;0;0;2;2;1;B02
201400004659;0;7;0;0;0;7;21;B02
201400004659;0;7;0;0;0;1;1;A01
201400004660;0;7;0;0;2;2;1;B02
201400004660;0;7;0;0;2;1;19;A01
201400004661;0;33;0;0;2;1;1;A01
201400004661;0;7;0;0;2;5;19;B02
201400004662;0;7;0;0;2;7;17;A01
201400004662;0;1;0;0;2;8;1;B02
201400004663;0;10;0;2;0;3;14;A01
201400004664;0;7;0;0;2;1;1;B02
201400004664;0;7;0;14;0;1;1;C03
201400004664;0;7;0;0;2;1;13;A01
201400004665;0;7;0;12;0;9;1;A01
201400004666;0;7;0;0;1;2;15;A01
201400004667;0;7;0;2;0;2;1;A01
201400004668;0;33;0;0;2;8;1;A01
201400004668;0;7;0;0;2;3;9;B02
201400004669;0;7;0;0;2;1;1;B02
201400004669;0;7;0;0;2;7;6;A01
201400004670;0;33;0;0;0;1;1;A01
201400004671;0;33;0;13;0;1;1;A01
201400004672;0;7;0;13;0;1;1;A01
201400004673;0;33;0;13;0;1;1;A01
201400004674;0;7;0;0;2;5;15;A01
201400004674;0;31;0;0;2;1;1;B02
201400004675;0;31;0;0;0;8;1;A01
201400004676;0;1;0;13;0;1;1;A01
201400004677;0;30;0;0;0;0;14;A01
201400004678;0;1;0;0;2;1;5;B02
201400004678;0;10;0;0;9;8;5;A01
201400004679;0;7;0;0;2;3;13;A01
201400004679;0;7;0;0;2;3;1;B02
201400004680;0;33;0;0;0;8;14;A01
201400004681;0;33;0;0;0;8;1;A01
201400004682;0;33;0;13;0;1;1;A01
201400004683;0;7;0;0;2;3;1;B02
201400004683;0;33;0;0;9;3;1;C03
201400004683;0;33;0;0;2;1;17;A01
201400004684;0;7;0;6;2;3;1;A01
201400004684;0;14;0;0;2;3;1;B02
201400004685;1;7;0;0;1;8;9;A01
201400004686;0;7;0;0;1;1;1;A01
201400004687;0;33;0;0;0;7;1;A01
201400004688;0;7;0;0;1;6;1;A01
201400004689;0;7;0;0;2;2;15;A01
201400004689;0;33;0;0;2;1;1;B02
201400004690;0;7;0;0;2;3;5;A01
201400004690;0;7;0;0;2;3;0;B02
201400004691;0;7;0;0;2;1;1;B02
201400004691;0;7;0;0;2;1;5;A01
201400004692;0;10;0;0;2;2;1;A01
201400004692;0;1;0;0;2;8;19;B02
201400004693;0;7;0;13;0;9;14;A01
201400004694;0;7;0;0;2;1;1;B02
201400004694;0;7;0;0;2;1;13;A01
201400004695;0;7;0;13;1;9;1;A01
201400004696;0;10;0;0;2;1;1;B02
201400004696;0;7;0;0;0;0;4;C03
201400004696;0;10;0;0;2;1;13;A01
201400004697;1;7;0;0;1;2;1;A01
201400004698;0;7;0;0;2;8;15;B02
201400004698;0;34;0;0;2;3;21;A01
201400004699;0;33;0;0;2;1;1;B02
201400004699;0;7;0;0;2;2;15;A01
201400004700;0;7;0;0;2;3;1;A01
201400004700;0;7;0;0;2;3;1;B02
201400004701;0;30;0;0;2;7;1;A01
201400004701;0;7;0;0;2;1;9;B02
201400004702;0;7;0;0;2;2;1;A01
201400004702;0;30;0;0;2;8;9;B02
201400004703;0;7;0;8;0;9;1;A01
201400004704;0;7;0;0;2;1;1;B02
201400004704;0;7;0;0;2;1;1;C03
201400004704;0;7;0;0;2;1;13;A01
201400004705;0;7;0;2;0;8;1;A01
201400004706;0;1;0;0;2;1;1;B02
201400004706;0;10;0;0;2;3;13;A01
201400004707;0;7;0;0;1;1;1;A01
201400004708;0;10;0;0;2;1;2;A01
201400004708;0;7;0;0;2;4;15;B02
201400004709;0;33;0;0;2;3;1;B02
201400004709;0;7;0;0;2;7;9;A01
201400004710;0;10;0;0;1;1;1;A01
201400004711;0;33;0;0;1;1;1;A01
201400004712;0;7;0;0;2;7;1;A01
201400004712;0;7;0;0;2;3;16;B02
201400004713;0;10;0;0;1;3;1;A01
201400004714;0;33;0;0;2;1;1;B02
201400004714;0;7;0;0;2;8;15;A01
201400004715;0;33;0;0;2;1;1;A01
201400004715;0;7;0;0;2;3;9;B02
201400004716;0;7;0;0;2;8;1;B02
201400004716;0;7;0;0;2;3;13;A01
201400004717;0;1;0;0;2;1;2;A01
201400004717;0;7;0;0;9;5;4;B02
201400004718;0;10;0;0;2;5;15;A01
201400004718;0;1;0;0;2;1;1;B02
201400004719;0;10;0;0;1;1;1;A01
201400004720;0;7;0;0;2;1;17;A01
201400004720;0;7;0;0;0;6;15;B02
201400004721;0;2;0;0;2;1;19;B02
201400004721;0;7;0;0;0;7;15;A01
201400004722;0;14;0;10;0;2;1;A01
201400004723;0;33;0;2;0;7;0;A01
201400004724;0;7;0;16;0;0;15;A01
201400004724;0;31;0;14;0;8;15;B02
201400004725;0;7;0;13;0;1;1;A01
201400004726;0;7;0;0;2;1;1;B02
201400004726;0;33;0;0;2;1;13;A01
201400004727;0;7;0;0;2;3;5;A01
201400004727;0;14;0;0;2;3;0;B02
201400004728;0;1;0;0;0;0;1;A01
201400004729;0;33;0;0;0;7;1;A01
201400004730;2;10;0;13;0;2;1;A01
201400004731;0;7;0;2;0;2;1;A01
201400004732;0;10;0;10;0;1;1;A01
201400004733;0;33;0;12;0;0;6;A01
201400004734;0;1;0;0;2;1;1;B02
201400004734;0;7;0;0;0;7;15;A01
201400004735;0;7;0;0;1;1;1;A01
201400004736;0;20;0;0;1;1;1;A01
201400004737;0;7;0;2;0;1;1;B02
201400004737;0;10;0;0;0;0;15;A01
201400004738;0;2;0;0;2;8;13;A01
201400004738;0;7;0;0;2;8;0;B02
201400004739;0;21;0;0;2;8;15;A01
201400004739;0;30;0;0;2;1;17;B02
201400004740;0;7;0;6;0;1;1;A01
201400004741;0;7;0;0;1;3;0;A01
201400004742;0;7;0;6;0;7;1;A01
201400004743;0;7;0;0;2;3;15;A01
201400004743;0;30;0;0;1;8;1;B02
201400004744;0;7;0;0;2;1;1;A01
201400004744;0;10;0;0;2;8;15;B02
201400004745;0;36;0;0;2;3;21;B02
201400004745;0;33;0;0;2;1;21;A01
201400004746;0;33;0;0;2;1;13;A01
201400004746;0;10;0;0;2;2;1;B02
201400004747;0;33;0;5;0;9;2;A01
201400004748;0;7;0;0;2;3;15;A01
201400004748;0;2;0;0;2;1;1;B02
201400004749;0;7;0;0;2;3;5;A01
201400004749;0;14;0;0;2;3;1;B02
201400004750;0;7;0;13;0;1;1;A01
201400004751;0;7;0;0;2;7;13;A01
201400004751;0;7;0;0;2;1;1;B02
201400004752;0;33;0;8;0;1;14;A01
201400004753;0;10;0;0;2;1;1;A01
201400004753;0;2;0;0;2;7;1;B02
201400004754;0;31;0;0;2;1;1;A01
201400004754;0;7;0;0;2;3;1;B02
201400004755;0;33;0;0;0;9;1;A01
201400004756;0;7;0;0;1;1;1;A01
201400004757;0;7;0;0;2;8;15;A01
201400004757;0;33;0;0;2;1;1;B02
201400004758;0;33;0;0;2;1;17;A01
201400004758;0;10;0;0;2;3;1;B02
201400004759;0;7;0;10;0;2;1;A01
201400004760;0;7;0;2;0;1;1;A01
201400004761;0;7;0;0;0;1;2;A01
201400004762;0;7;0;13;0;9;13;A01
201400004763;0;7;0;0;2;1;1;A01
201400004763;0;2;0;0;2;1;1;B02
201400004764;0;7;0;0;1;1;2;A01
201400004765;0;38;1;0;2;3;1;A01
201400004765;0;7;0;0;2;8;15;B02
201400004766;0;7;0;0;2;3;17;A01
201400004766;0;7;0;0;2;3;1;B02
201400004767;0;10;0;0;1;2;1;A01
201400004768;0;10;0;0;2;1;1;B01
201400004768;0;7;0;6;1;6;9;A01
201400004769;0;1;0;0;2;1;19;B01
201400004769;0;7;0;0;2;8;1;A01
201400004770;0;7;0;0;1;3;1;A01
201400004771;0;7;0;0;1;1;1;A01
201400004772;0;1;0;0;2;1;9;A01
201400004772;0;10;0;0;2;2;1;B01
201400004773;0;7;0;0;1;1;20;A01
201400004774;0;7;0;0;1;2;1;A01
201400004775;0;30;0;0;2;1;1;B01
201400004775;0;7;0;0;2;3;15;A01
201400004776;0;3;0;0;1;1;15;A01
201400004777;0;7;0;1;2;2;1;A01
201400004777;0;7;0;0;2;1;1;B01
201400004778;0;7;0;0;1;2;15;A01
201400004779;0;7;0;0;1;2;1;A01
201400004780;0;7;0;0;2;4;23;B01
201400004780;0;10;0;0;2;1;1;A01
201400004780;0;7;0;0;2;4;15;C01
201400004781;0;7;0;0;1;1;1;A01
201400004782;0;7;0;0;1;3;1;A01
201400004783;0;7;0;0;2;3;15;A01
201400004783;0;1;0;0;2;7;1;B02
201400004784;0;7;0;0;1;1;1;A01
201400004785;0;7;0;0;2;3;1;B01
201400004785;0;7;0;0;2;2;20;A01
201400004786;0;33;0;3;0;2;1;A01
201400004787;0;7;0;0;2;6;15;B01
201400004787;0;33;0;0;2;1;17;A01
201400004788;0;37;3;0;2;3;1;B01
201400004788;0;7;0;0;2;1;13;A01
201400004789;0;7;0;0;1;1;1;A01
201400004790;0;7;0;0;1;1;1;A01
201400004791;0;7;0;0;1;2;1;A01
201400004792;0;15;0;0;2;1;1;B01
201400004792;0;7;0;0;2;8;13;A01
201400004793;0;7;0;0;2;3;20;A01
201400004793;0;33;0;0;2;1;1;B01
201400004794;0;7;0;0;2;4;10;A01
201400004794;0;7;0;0;2;1;1;B01
201400004795;0;7;0;2;0;2;1;A01
201400004796;0;7;0;6;0;2;14;A01
201400004797;0;1;0;0;0;0;1;A01
201400004797;0;15;0;0;0;0;1;B02
201400004798;0;33;0;0;2;3;13;A01
201400004798;0;7;0;0;2;8;1;B02
201400004799;0;34;0;0;2;3;2;A01
201400004799;0;34;0;0;2;5;1;B02
201400004800;0;7;0;7;2;3;13;A01
201400004800;0;7;0;0;2;3;1;B02
201400004801;0;33;0;10;0;0;16;A01
201400004802;0;33;0;0;2;1;2;A01
201400004802;0;33;0;0;0;4;0;B02
201400004803;0;2;0;0;2;1;1;A01
201400004803;0;10;0;0;2;7;15;B02
201400004804;0;36;0;14;0;1;1;A01
201400004805;0;33;0;0;2;1;1;A01
201400004805;0;7;0;0;2;2;1;B02
201400004806;0;7;0;2;0;2;1;A01
201400004807;0;10;0;0;1;1;15;A01
201400004808;0;10;0;0;2;7;1;B01
201400004808;0;30;0;0;2;8;18;A01
201400004809;0;7;0;0;1;7;1;A01
201400004810;0;7;0;0;2;3;24;B01
201400004810;0;7;0;1;0;3;13;A01
201400004811;0;7;0;0;1;1;1;A01
201400004812;0;33;0;0;0;0;1;A01
201400004813;0;7;0;0;1;1;1;A01
201400004814;0;1;0;0;2;1;5;B01
201400004814;0;7;0;0;2;3;1;A01
201400004815;0;33;0;0;2;1;1;B01
201400004815;0;7;0;0;2;1;15;A01
201400004816;0;7;0;0;1;1;9;A01
201400004817;0;33;0;0;2;1;2;A01
201400004817;0;7;0;0;2;8;9;B01
201400004818;0;7;0;0;1;6;4;A01
201400004819;0;31;0;0;2;1;1;B01
201400004819;0;7;0;0;2;5;15;A01
201400004820;0;7;0;0;1;1;1;A01
201400004821;0;7;0;0;1;5;1;A01
201400004822;0;15;0;0;0;8;13;A01
201400004823;0;35;0;6;0;3;13;A01
201400004824;0;7;0;0;2;2;15;A01
201400004824;0;33;0;0;2;1;1;B01
201400004825;0;10;0;0;1;4;4;A01
201400004826;0;33;0;0;2;1;1;B02
201400004826;0;7;0;0;0;3;15;A01
201400004827;0;10;0;0;2;3;1;B02
201400004827;0;7;0;0;2;3;5;D04
201400004827;0;7;0;0;2;3;1;A01
201400004827;0;7;0;0;2;3;1;C03
201400004828;0;17;0;0;2;5;21;A01
201400004828;0;1;0;0;2;8;2;B02
201400004829;0;36;0;8;0;1;0;A01
201400004830;0;7;0;0;2;1;13;A01
201400004830;0;7;0;0;2;1;1;B02
201400004831;0;31;0;13;0;8;13;A01
201400004831;0;33;0;0;2;7;1;B02
201400004832;0;38;0;0;2;3;6;A01
201400004832;0;7;0;0;1;2;1;B02
201400004833;0;7;0;0;2;0;15;B02
201400004833;0;31;0;12;2;0;13;A01
201400004834;0;7;0;0;2;2;13;A01
201400004834;0;30;0;0;2;1;1;B02
201400004835;0;1;0;0;2;8;1;A01
201400004835;0;10;0;0;2;2;1;B02
201400004836;0;34;0;6;0;2;1;A01
201400004837;0;2;0;12;0;7;14;A01
201400004838;0;33;0;0;2;1;2;A01
201400004838;0;7;0;0;0;6;15;B02
201400004839;0;33;0;12;0;1;1;A01
201400004840;0;21;0;0;2;3;15;B02
201400004840;0;1;0;0;2;1;1;A01
201400004841;0;33;0;16;0;1;13;A01
201400004842;2;7;0;0;2;8;15;A01
201400004842;0;33;0;0;2;1;17;B02
201400004843;0;15;0;0;2;5;17;A01
201400004843;0;1;0;0;2;8;1;B02
201400004844;0;7;0;0;2;3;13;A01
201400004844;0;7;0;0;2;3;21;B02
201400004845;0;7;0;0;0;2;13;B02
201400004845;0;7;0;0;0;2;13;A01
201400004846;0;7;0;13;0;2;1;A01
201400004847;0;7;0;0;2;1;15;A01
201400004847;0;1;0;0;2;1;1;B02
201400004848;0;10;0;0;2;1;13;A01
201400004848;0;7;0;0;2;1;1;B02
201400004849;0;7;0;2;0;9;1;A01
201400004850;0;7;0;0;2;3;17;A01
201400004850;0;33;0;0;2;3;1;B02
201400004851;0;7;0;0;1;2;13;A01
201400004852;0;7;0;0;2;1;9;A01
201400004852;0;7;0;0;2;7;1;B02
201400004853;0;30;0;0;2;1;9;B02
201400004853;0;7;0;0;2;2;1;A01
201400004854;0;10;0;13;0;3;0;A01
201400004855;0;7;0;2;0;8;1;A01
201400004856;0;7;0;13;0;1;0;A01
201400004857;0;2;0;0;9;7;1;A01
201400004858;0;33;0;0;0;8;13;A01
201400004858;0;7;0;0;0;8;1;B02
201400004859;0;33;0;8;0;1;1;A01
201400004860;0;7;0;0;2;3;13;A01
201400004860;0;7;0;0;2;8;2;B02
201400004861;0;33;0;0;2;1;1;A01
201400004861;0;7;0;0;2;3;19;B02
201400004862;0;7;0;0;2;3;1;B02
201400004862;0;7;0;0;2;3;15;A01
201400004863;0;7;0;0;2;8;1;C03
201400004863;0;15;0;0;2;2;1;B02
201400004863;0;7;0;0;2;3;13;A01
201400004864;0;33;0;0;0;3;1;A01
201400004865;0;33;0;0;2;1;17;A01
201400004865;0;7;0;0;2;1;1;B02
201400004866;0;7;0;13;0;1;1;A01
201400004867;0;33;0;0;1;3;1;A01
201400004868;0;30;0;0;2;1;1;B02
201400004868;0;7;0;0;2;7;15;A01
201400004869;0;1;0;0;2;2;1;B02
201400004869;0;14;0;0;2;1;15;A01
201400004870;0;7;0;0;2;7;13;A01
201400004870;0;7;0;0;2;1;1;B02
201400004871;0;33;0;0;2;1;1;B02
201400004871;0;7;0;0;2;2;10;A01
201400004872;0;7;0;0;2;8;5;A01
201400004872;0;10;0;0;2;1;1;B02
201400004873;0;33;0;0;2;1;1;B02
201400004873;0;10;0;0;2;3;15;A01
201400004874;0;7;0;0;2;3;1;A01
201400004874;0;10;0;0;2;3;23;B02
201400004875;0;7;0;0;0;4;15;A01
201400004875;0;7;0;0;2;1;2;B02
201400004876;0;33;0;0;0;2;1;A01
201400004877;0;7;0;0;2;1;1;C03
201400004877;0;7;0;0;2;4;23;A01
201400004877;0;7;0;0;2;4;23;B02
201400004878;0;7;0;0;2;1;13;A01
201400004878;0;7;0;0;2;1;1;B02
201400004879;0;7;0;16;0;3;2;A01
201400004880;0;33;0;5;0;1;1;A01
201400004881;0;7;0;2;0;2;0;A01
201400004882;0;1;0;0;2;3;1;A01
201400004882;1;7;0;0;2;2;17;B01
201400004883;0;2;0;1;0;1;14;A01
201400004883;0;7;0;0;2;6;24;B01
201400004884;0;7;0;0;1;1;1;A01
201400004885;0;7;0;2;0;6;17;A01
201400004886;0;7;0;0;2;1;16;A01
201400004886;0;1;0;0;2;7;1;B01
201400004887;0;14;0;0;2;1;1;B01
201400004887;0;7;0;0;2;7;9;A01
201400004888;0;7;0;0;2;0;1;B01
201400004888;0;7;0;0;2;1;15;A01
201400004889;0;2;0;8;0;1;14;A01
201400004890;0;2;0;0;2;1;1;B01
201400004890;0;7;0;0;2;8;9;A01
201400004891;1;7;0;0;1;3;1;A01
201400004892;0;7;0;0;2;1;13;A01
201400004892;0;7;0;0;0;2;1;C03
201400004892;0;7;0;0;2;3;1;B02
201400004893;0;2;0;0;1;0;1;A01
201400004894;0;30;0;0;2;1;1;B01
201400004894;0;7;0;0;2;2;15;A01
201400004895;0;38;2;0;1;5;20;A01
201400004896;0;30;0;0;0;0;1;A01
201400004897;0;31;0;11;0;1;13;A01
201400004898;0;7;0;0;0;8;15;A01
201400004898;0;10;0;6;2;1;15;B02
201400004899;0;7;0;0;2;8;1;B02
201400004899;0;33;0;0;2;2;16;A01
201400004900;0;7;0;2;0;1;14;A01
201400004901;0;7;0;0;2;3;1;A01
201400004901;0;7;0;0;2;2;16;B02
201400004902;0;10;0;0;1;1;1;A01
201400004903;0;1;0;0;2;1;19;B02
201400004903;0;7;0;0;9;2;1;A01
201400004904;0;7;0;1;1;2;1;A01
201400004905;0;33;0;2;0;1;1;A01
201400004906;0;7;0;0;2;5;15;A01
201400004906;0;1;0;0;2;7;1;B02
201400004907;0;33;0;0;0;4;1;B02
201400004907;0;33;0;0;2;1;17;A01
201400004908;0;7;0;0;2;1;5;A01
201400004908;0;7;0;0;2;1;1;B02
201400004909;0;33;0;0;6;1;1;A01
201400004910;0;7;0;2;0;1;0;A01
201400004911;0;33;0;9;0;1;1;A01
201400004912;0;33;0;0;2;1;1;A01
201400004912;0;7;0;0;2;2;6;B02
201400004913;0;33;0;0;2;1;1;A01
201400004913;0;7;0;0;2;6;19;B02
201400004914;0;7;0;2;0;3;17;A01
201400004915;0;10;0;13;0;1;0;A01
201400004916;0;7;0;0;2;6;13;A01
201400004916;0;7;0;0;2;3;1;B02
201400004917;0;7;0;13;0;2;1;A01
201400004918;0;33;0;0;2;1;17;A01
201400004918;0;7;0;0;2;8;15;B02
201400004919;0;7;0;0;2;2;1;A01
201400004919;0;33;0;0;2;7;16;B02
201400004920;0;7;0;0;0;1;14;A01
201400004921;0;10;0;0;1;3;1;A01
201400004922;0;7;0;0;2;1;1;B02
201400004922;0;10;0;3;2;1;1;A01
201400004923;0;30;0;13;0;2;0;A01
201400004924;0;10;0;0;2;3;1;B02
201400004924;0;7;0;0;2;6;13;A01
201400004925;0;33;0;0;2;7;13;A01
201400004925;0;7;0;0;2;1;1;B02
201400004926;0;7;0;8;0;6;1;A01
201400004927;0;2;0;0;2;1;1;B02
201400004927;0;7;0;0;2;3;1;A01
201400004928;0;14;0;6;0;3;1;A01
201400004929;0;7;0;6;0;1;13;A01
201400004930;0;7;0;0;1;3;1;A01
201400004931;0;7;0;0;2;7;1;A01
201400004931;0;7;0;0;2;1;19;B02
201400004932;0;10;0;0;2;1;1;B02
201400004932;0;7;0;0;2;7;1;A01
201400004933;0;7;0;0;2;3;23;C03
201400004933;2;7;0;0;2;1;13;A01
201400004933;0;7;0;0;2;3;15;B02
201400004934;0;7;0;8;0;2;13;A01
201400004935;0;7;0;6;0;2;14;A01
201400004936;0;7;0;0;2;8;1;A01
201400004936;0;2;0;0;2;1;19;B02
201400004937;0;7;0;0;0;6;15;B02
201400004937;0;33;0;0;2;1;2;A01
201400004938;0;20;0;8;0;2;0;A01
201400004939;0;7;0;0;2;8;15;B02
201400004939;0;10;0;0;2;1;1;A01
201400004940;0;7;0;0;1;1;1;A01
201400004941;0;7;0;0;2;3;13;A01
201400004941;0;10;0;0;2;3;1;B02
201400004942;0;7;0;0;2;1;1;B02
201400004942;0;7;0;0;2;8;15;A01
201400004943;0;7;0;0;2;3;13;A01
201400004943;0;7;0;0;2;3;1;B02
201400004943;0;7;0;0;2;3;1;C03
201400004944;0;1;0;0;6;1;1;A01
201400004945;0;7;0;0;0;1;1;A01
201400004946;0;7;0;13;0;1;6;A01
201400004947;0;33;0;16;0;0;1;A01
201400004948;0;1;0;0;2;1;1;B02
201400004948;0;7;0;0;9;2;15;A01
201400004949;0;7;0;13;0;1;1;A01
201400004950;0;7;0;0;2;3;17;A01
201400004950;0;2;0;0;2;3;1;B02
201400004951;0;7;0;6;0;1;1;A01
201400004952;0;7;0;6;0;0;1;A01
201400004953;0;7;0;13;0;9;1;A01
201400004954;0;30;0;0;0;8;0;A01
201400004955;0;7;0;0;0;8;1;A01
201400004955;0;15;0;0;0;3;1;B02
201400004956;0;33;0;0;0;8;1;A01
201400004957;0;7;0;0;2;3;13;A01
201400004957;0;7;0;0;2;3;1;B02
201400004958;0;7;0;6;0;1;1;A01
201400004959;0;7;0;0;2;3;1;B02
201400004959;0;2;0;0;2;7;1;A01
201400004960;0;7;0;0;2;1;1;B02
201400004960;0;7;0;0;2;1;13;A01
201400004961;0;7;0;9;0;1;1;A01
201400004962;0;10;0;0;2;3;1;A01
201400004962;0;15;0;0;2;3;1;C03
201400004962;0;7;0;0;2;9;15;B02
201400004963;0;7;0;0;2;1;15;A01
201400004963;0;7;0;0;2;1;1;B02
201400004964;0;2;0;0;0;1;14;A01
201400004965;0;7;0;0;2;7;0;B02
201400004965;0;7;0;0;2;8;0;A01
201400004966;0;7;0;6;0;1;6;A01
201400004967;0;7;0;0;2;8;15;B02
201400004967;0;7;0;0;2;2;17;A01
201400004968;0;33;0;0;2;3;5;A01
201400004968;0;7;0;0;2;3;1;B02
201400004969;0;7;0;0;2;1;15;A01
201400004969;0;33;0;0;2;1;1;B02
201400004970;0;7;0;0;2;3;15;A01
201400004970;0;7;0;0;2;3;1;B02
201400004971;0;7;0;0;2;2;19;A01
201400004972;0;30;0;0;2;1;1;A01
201400004972;0;7;0;0;2;2;15;B02
201400004973;0;31;0;0;2;1;1;A01
201400004973;0;7;0;0;2;1;15;B02
201400004974;0;7;0;6;0;1;1;A01
201400004975;0;7;0;13;0;9;1;A01
201400004976;0;14;0;0;2;3;0;A01
201400004976;0;7;0;0;0;2;5;B02
201400004977;0;7;0;0;1;0;1;A01
201400004978;0;7;0;0;0;2;17;A01
201400004978;0;7;0;0;0;8;2;B02
201400004979;0;10;0;0;2;3;1;B02
201400004979;0;33;0;0;2;1;20;A01
201400004980;0;7;0;0;2;2;1;B02
201400004980;0;7;0;0;2;1;19;A01
201400004981;0;7;0;0;2;3;1;A01
201400004981;0;14;0;0;2;3;1;B02
201400004982;0;30;0;0;0;4;1;B02
201400004982;1;7;0;0;2;2;1;A01
201400004983;0;30;0;0;0;7;1;B02
201400004983;0;7;0;0;0;3;16;A01
201400004984;0;7;0;0;2;3;15;A01
201400004984;0;1;0;0;2;1;1;B02
201400004985;0;7;0;0;0;1;0;A01
201400004986;0;7;0;2;0;1;19;A01
201400004987;0;7;0;0;1;2;21;A01
201400004988;0;7;0;0;1;1;1;A01
201400004989;0;7;0;0;2;7;15;A01
201400004989;0;2;0;0;2;1;1;B02
201400004990;0;7;0;0;1;4;4;A01
201400004991;0;7;0;0;2;2;15;A01
201400004991;0;31;0;0;2;3;1;B02
201400004992;0;7;0;0;1;2;1;A01
201400004993;0;7;0;8;0;1;13;A01
201400004994;0;31;0;0;0;7;1;A01
201400004995;0;7;0;0;0;3;1;B02
201400004995;0;7;0;0;0;2;17;A01
201400004995;0;7;0;0;0;0;1;C03
201400004996;0;7;0;0;2;5;15;A01
201400004996;0;33;0;0;2;1;1;B02
201400004997;0;7;0;0;1;2;2;A01
201400004998;0;30;0;0;2;1;1;B02
201400004998;0;21;0;0;2;8;9;A01
201400004999;0;7;0;15;0;5;1;A01
201400004999;0;7;0;0;0;3;1;B02
201400005000;0;33;0;0;2;2;17;A01
201400005000;0;21;0;0;2;6;15;B02
201400005001;0;7;0;2;0;8;2;A01
201400005002;0;30;0;0;2;1;15;B02
201400005002;0;7;0;0;2;3;1;A01
201400005003;0;30;0;0;2;1;1;B02
201400005003;0;7;0;0;2;3;19;A01
201400005004;0;7;0;0;2;3;1;C03
201400005004;0;7;0;2;2;2;5;A01
201400005004;0;7;0;0;2;6;1;B02
201400005005;0;7;0;0;1;1;1;A01
201400005006;0;10;0;0;2;7;15;A01
201400005006;0;33;0;0;2;1;1;B02
201400005007;0;33;0;8;0;1;1;A01
201400005008;0;1;0;0;2;7;1;B02
201400005008;0;7;0;0;9;3;9;A01
201400005009;0;7;0;2;0;1;1;A01
201400005010;0;7;0;0;2;1;17;A01
201400005010;0;7;0;0;2;1;1;B02
201400005010;0;10;0;0;2;1;1;C03
201400005011;0;32;0;0;2;3;16;B02
201400005011;0;10;0;0;2;1;1;A01
201400005012;0;7;0;0;1;8;1;A01
201400005013;0;7;0;0;1;1;20;A01
201400005014;0;7;0;0;2;3;1;B02
201400005014;0;7;0;0;2;3;13;A01
201400005015;0;7;0;4;0;2;1;A01
201400005016;0;30;0;0;2;1;14;A01
201400005016;0;7;0;0;2;3;1;B02
201400005017;0;7;0;0;2;1;1;A01
201400005017;0;7;0;0;2;1;21;B02
201400005018;0;30;0;0;0;8;0;A01
201400005018;0;2;0;2;0;7;0;B02
201400005019;0;34;0;12;2;3;5;A01
201400005019;0;7;0;0;2;3;1;B02
201400005020;0;7;0;0;2;3;19;A01
201400005020;0;7;0;0;2;2;1;B02
201400005021;0;7;0;0;2;1;1;A01
201400005021;0;7;0;6;2;7;1;B02
201400005022;0;7;0;8;0;2;13;A01
201400005023;0;30;0;0;0;7;1;A01
201400005024;0;10;0;0;2;1;1;B02
201400005024;0;7;0;0;2;2;17;A01
201400005025;0;7;0;0;2;1;1;A01
201400005025;0;10;0;0;2;8;19;B02
201400005026;0;7;0;0;0;1;1;A01
201400005026;0;7;0;0;0;7;19;B02
201400005027;0;30;0;0;2;1;1;B02
201400005027;0;7;0;0;2;3;15;A01
201400005028;0;7;0;16;0;2;1;A01
201400005029;0;7;0;0;2;7;15;A01
201400005029;0;7;0;0;2;1;13;B02
201400005029;0;7;0;0;2;1;1;C03
201400005030;0;7;0;0;2;2;1;A01
201400005030;0;7;0;0;2;3;15;B02
201400005031;0;7;0;0;1;5;2;A01
201400005032;0;7;0;6;0;3;1;A01
201400005033;0;3;0;0;2;1;1;B02
201400005033;0;7;0;0;2;1;1;A01
201400005034;0;7;0;0;2;1;5;A01
201400005034;0;7;0;0;2;1;1;B02
201400005035;0;7;0;0;2;1;1;A01
201400005035;0;1;0;0;2;4;15;B02
201400005036;0;15;0;0;2;1;1;A01
201400005036;0;7;0;0;2;1;13;B02
201400005037;0;7;0;16;0;9;1;A01