num_acc;senc;catv;occutc;obs;obsm;choc;manv;num_veh
201400005038;0;33;0;13;0;1;1;A01
201400005039;0;7;0;15;2;2;15;A01
201400005039;0;7;0;0;2;1;1;B02
201400005040;0;7;0;3;0;1;1;A01
201400005041;0;7;0;3;2;1;13;A01
201400005041;0;7;0;0;2;1;1;B02
201400005042;0;7;0;0;2;3;1;A01
201400005042;0;7;0;0;2;3;1;B02
201400005043;0;7;0;13;0;1;2;A01
201400005044;0;33;0;16;0;0;0;A01
201400005045;0;33;0;0;2;1;1;B02
201400005045;0;7;0;0;0;6;1;A01
201400005046;0;7;0;0;2;1;1;A01
201400005046;0;7;0;0;0;8;1;B02
201400005047;0;99;0;0;1;1;16;A01
201400005048;0;31;0;0;0;1;1;A01
201400005049;1;7;0;0;1;2;1;A01
201400005050;0;33;0;0;2;0;1;A01
201400005051;0;7;0;6;0;1;14;A01
201400005052;0;7;0;0;1;1;1;A01
201400005053;0;1;0;6;0;1;1;A01
201400005054;0;7;0;0;2;6;19;A01
201400005054;0;7;0;0;2;3;14;B02
201400005055;0;10;0;1;2;8;1;A01
201400005055;0;7;0;1;2;1;15;B02
201400005056;0;14;0;0;1;1;1;A01
201400005057;0;31;0;0;2;2;13;A01
201400005057;0;7;0;0;0;8;19;B02
201400005058;0;30;0;0;2;1;1;B02
201400005058;0;7;0;0;2;7;1;A01
201400005059;0;30;0;3;5;7;21;A01
201400005060;0;7;0;0;2;1;5;B02
201400005060;0;7;0;0;2;1;1;A01
201400005061;0;33;0;0;2;1;2;A01
201400005061;0;7;0;0;2;6;2;B02
201400005062;0;7;0;0;0;1;0;A01
201400005062;0;7;0;0;0;1;0;B02
201400005062;0;7;0;0;0;1;0;C03
201400005063;0;7;0;0;1;2;9;A01
201400005064;0;7;0;0;1;2;1;A01
201400005065;0;7;0;0;2;5;1;C03
201400005065;0;7;0;0;2;1;1;B02
201400005065;0;2;0;0;2;4;9;A01
201400005066;0;7;0;0;2;3;19;A01
201400005066;0;2;0;0;2;1;1;B02
201400005067;0;7;0;0;2;5;19;A01
201400005067;0;7;0;0;2;1;19;B02
201400005068;0;7;0;13;0;9;1;A01
201400005069;0;10;0;0;2;1;1;A01
201400005069;0;33;0;0;2;1;1;B02
201400005070;0;7;0;0;2;3;17;A01
201400005070;0;7;0;0;2;8;23;B02
201400005070;0;10;0;0;2;3;1;C03
201400005071;0;7;0;0;2;3;13;A01
201400005071;0;7;0;0;2;2;1;B02
201400005072;0;7;0;0;2;1;21;A01
201400005072;0;17;0;0;2;2;15;B02
201400005073;0;33;0;0;2;1;1;B02
201400005073;0;7;0;0;2;1;13;A01
201400005074;0;1;0;0;2;4;1;B02
201400005074;0;33;0;0;2;8;1;A01
201400005075;0;33;0;0;2;1;1;B02
201400005075;0;33;0;0;0;4;1;A01
201400005075;0;33;0;0;0;7;1;C03
201400005076;0;33;0;13;0;1;14;A01
201400005077;0;7;0;0;2;1;1;A01
201400005077;0;7;0;0;2;1;17;B02
201400005078;0;33;0;0;2;1;1;B02
201400005078;0;10;0;0;2;5;15;A01
201400005079;0;7;0;0;2;4;1;A01
201400005079;0;10;0;13;2;8;1;B02
201400005080;0;7;0;13;0;1;1;A01
201400005081;0;7;0;0;1;2;1;A01
201400005082;0;7;0;0;2;4;24;B02
201400005082;0;7;0;1;0;1;9;A01
201400005083;0;7;0;0;0;3;10;A01
201400005083;0;33;0;0;2;1;1;B02
201400005084;0;31;0;3;0;2;16;A01
201400005085;0;7;0;0;2;2;13;A01
201400005085;0;1;0;0;2;1;1;B02
201400005086;0;31;0;0;0;0;1;A01
201400005087;0;7;0;0;0;3;9;A01
201400005087;0;1;0;0;2;1;1;B02
201400005088;0;7;0;0;2;2;1;B02
201400005088;0;3;0;0;2;3;15;A01
201400005089;0;21;0;0;2;4;15;A01
201400005089;0;14;0;0;2;2;1;B02
201400005090;0;7;0;0;9;1;24;B02
201400005090;0;33;0;0;2;1;1;A01
201400005090;0;7;0;0;2;3;9;C03
201400005091;0;7;0;0;2;2;17;A01
201400005091;0;14;0;0;2;4;15;B02
201400005092;0;36;0;0;2;8;1;B02
201400005092;0;7;0;0;2;1;1;A01
201400005093;0;36;0;6;0;2;2;A01
201400005094;0;7;0;2;0;1;1;A01
201400005095;0;7;0;0;2;1;1;A01
201400005095;0;7;0;0;2;1;5;B02
201400005096;0;7;0;0;2;3;1;B02
201400005096;0;7;0;0;2;3;13;A01
201400005097;0;33;0;0;2;1;1;B02
201400005097;0;7;0;0;2;5;15;A01
201400005097;0;7;0;0;2;2;1;C03
201400005098;0;7;0;0;2;3;19;A01
201400005098;0;33;0;0;2;1;1;B02
201400005099;0;7;0;0;1;2;1;A01
201400005100;0;3;0;0;0;4;2;B02
201400005100;0;7;0;0;2;1;2;A01
201400005101;0;7;0;0;2;8;19;A01
201400005101;0;2;0;0;2;1;1;B02
201400005102;1;7;0;0;1;3;1;A01
201400005103;0;7;0;0;1;6;4;A01
201400005104;0;7;0;0;2;3;0;B02
201400005104;1;99;0;0;2;0;0;Z01
201400005105;0;7;0;0;2;3;1;B02
201400005105;0;7;0;0;2;2;15;A01
201400005106;0;7;0;0;0;9;2;B02
201400005106;0;7;0;0;2;9;2;A01
201400005107;0;7;0;0;2;3;1;A01
201400005107;0;30;0;0;2;7;15;B02
201400005108;0;7;0;0;1;2;1;A01
201400005109;0;7;0;0;2;1;13;A01
201400005109;0;7;0;0;2;1;1;B02
201400005110;0;7;0;8;0;3;1;A01
201400005111;0;33;0;0;2;1;1;B02
201400005111;0;7;0;0;2;3;15;A01
201400005112;0;7;0;13;0;3;13;A01
201400005113;0;7;0;2;0;1;1;A01
201400005114;0;7;0;13;0;9;1;A01
201400005115;0;7;0;0;2;3;21;B02
201400005115;0;7;0;0;2;3;13;A01
201400005116;0;7;0;0;2;8;19;B02
201400005116;0;7;0;0;2;2;1;A01
201400005117;0;7;0;1;1;3;13;A01
201400005118;0;7;0;0;2;8;1;B02
201400005118;0;2;0;0;2;7;9;A01
201400005119;0;1;0;0;2;1;1;A01
201400005119;0;7;0;0;2;3;1;B02
201400005120;0;7;0;0;2;6;15;B02
201400005120;0;33;0;0;2;1;17;A01
201400005121;0;7;0;0;2;1;1;B02
201400005121;0;7;0;0;2;1;1;A01
201400005122;0;7;0;0;0;7;1;A01
201400005122;0;33;0;0;0;1;1;B02
201400005123;0;2;0;0;2;4;15;A01
201400005123;0;7;0;0;2;3;1;B02
201400005124;0;1;0;0;2;9;2;C03
201400005124;0;1;0;0;2;9;2;B02
201400005124;0;1;0;0;2;9;2;A01
201400005125;0;33;0;0;2;1;1;A01
201400005125;0;7;0;0;2;6;19;B02
201400005126;1;7;0;0;1;2;1;A01
201400005127;0;1;0;0;2;8;1;A01
201400005127;0;10;0;0;9;2;1;B02
201400005128;0;7;0;0;1;2;1;A01
201400005129;0;1;0;0;2;8;2;B02
201400005129;0;7;0;0;2;7;2;A01
201400005130;0;7;0;0;2;3;15;A01
201400005130;0;34;0;0;2;2;1;B02
201400005131;0;7;0;6;0;2;1;A01
201400005132;0;37;0;0;1;5;15;A01
201400005133;0;2;0;0;2;1;1;B02
201400005133;0;7;0;0;0;3;9;A01
201400005134;0;7;0;0;1;1;1;A01
201400005135;0;7;0;0;2;3;1;B02
201400005135;0;30;0;0;2;1;1;A01
201400005136;0;7;0;0;2;2;21;B02
201400005136;0;33;0;0;2;1;1;A01
201400005137;0;10;0;0;1;1;1;A01
201400005138;0;30;0;13;0;1;1;A01
201400005139;0;7;0;13;0;1;13;A01
201400005140;0;7;0;6;0;1;13;A01
201400005141;0;36;0;0;0;0;1;A01
201400005142;0;2;0;0;2;1;13;A01
201400005142;0;7;0;0;2;3;15;B02
201400005143;0;10;0;6;0;1;0;A01
201400005144;0;7;0;0;0;3;16;A01
201400005144;0;31;0;0;0;1;1;B02
201400005145;0;7;0;13;0;1;0;A01
201400005146;0;17;0;0;0;8;1;A01
201400005147;0;7;0;0;2;3;13;A01
201400005147;0;7;0;0;2;3;1;B02
201400005148;0;7;0;0;0;0;1;A01
201400005149;0;7;0;0;2;2;15;A01
201400005149;0;2;0;0;2;1;1;B02
201400005150;0;7;0;0;0;7;15;A01
201400005150;0;1;0;0;2;0;0;B02
201400005151;0;7;0;0;2;3;13;B02
201400005151;0;7;0;0;2;3;1;A01
201400005152;0;7;0;0;2;1;1;B02
201400005152;0;7;0;0;2;1;1;A01
201400005153;0;7;0;0;2;3;13;A01
201400005153;0;7;0;0;2;3;1;B02
201400005154;0;7;0;0;2;1;15;A01
201400005154;0;33;0;0;2;8;1;B02
201400005155;0;15;0;0;2;2;1;A01
201400005155;0;10;0;0;2;3;16;B02
201400005156;0;7;0;0;1;3;1;A01
201400005157;0;7;0;13;0;2;14;A01
201400005158;0;7;0;0;1;1;1;A01
201400005159;0;7;0;0;2;1;1;B02
201400005159;1;7;0;0;2;0;0;A01
201400005160;0;7;0;0;2;4;19;A01
201400005160;0;1;0;0;2;7;1;B02
201400005161;0;7;0;13;0;8;13;A01
201400005162;0;7;0;0;2;3;13;A01
201400005162;0;7;0;0;2;3;1;B02
201400005163;0;1;0;14;0;8;17;A01
201400005164;0;7;0;6;0;2;14;A01
201400005165;0;7;0;0;2;1;1;C03
201400005165;0;7;0;0;2;3;1;B02
201400005165;0;7;0;0;2;9;13;A01
201400005166;0;7;0;0;2;1;1;B02
201400005166;0;7;0;0;2;1;1;A01
201400005167;0;10;0;0;2;7;15;A01
201400005167;0;7;0;0;2;1;1;B02
201400005168;0;10;0;8;0;1;1;A01
201400005169;0;7;0;0;2;1;23;A01
201400005169;0;1;0;0;2;1;13;B02
201400005170;0;33;0;0;0;2;1;A01
201400005171;0;33;0;3;0;1;1;A01
201400005172;0;7;0;0;2;3;15;A01
201400005172;0;33;0;0;2;3;1;B02
201400005173;0;7;0;0;2;1;1;B02
201400005173;0;7;0;0;2;7;13;A01
201400005174;0;33;0;16;0;1;17;A01
201400005175;0;7;0;0;1;2;1;A01
201400005176;0;21;0;0;1;4;1;A01
201400005177;0;10;0;2;0;8;13;A01
201400005178;0;14;0;2;0;0;0;A01
201400005179;0;7;0;2;0;1;1;A01
201400005180;0;33;0;0;0;7;1;A01
201400005181;0;17;0;0;2;1;0;B02
201400005181;0;7;0;0;2;8;1;A01
201400005182;0;30;0;0;0;4;2;B02
201400005182;0;7;0;0;2;1;2;A01
201400005183;0;33;0;0;0;7;1;A01
201400005184;0;7;0;0;0;3;1;A01
201400005185;0;7;0;13;0;1;1;A01
201400005186;0;7;0;0;0;3;19;A01
201400005186;0;33;0;0;2;1;1;B02
201400005187;0;7;0;0;2;6;1;B02
201400005187;0;7;0;0;2;1;15;A01
201400005188;0;1;0;0;2;4;1;B02
201400005188;0;7;0;0;9;3;1;A01
201400005189;0;10;0;0;2;1;1;B02
201400005189;0;7;0;0;2;1;1;A01
201400005190;0;33;0;0;2;4;13;A01
201400005190;0;17;0;0;2;1;1;B02
201400005191;0;2;0;0;2;1;1;A01
201400005191;0;7;0;0;2;6;1;B02
201400005192;0;38;0;0;9;2;1;B02
201400005192;0;1;0;0;2;2;19;A01
201400005193;0;7;0;6;0;3;1;A01
201400005194;0;7;0;0;2;1;1;A01
201400005194;0;7;0;0;2;5;1;B02
201400005195;0;7;0;0;2;4;1;A01
201400005195;0;10;0;0;2;3;1;B02
201400005196;0;7;0;4;0;9;14;A01
201400005197;0;7;0;0;1;8;1;A01
201400005198;0;7;0;0;2;1;1;B02
201400005198;0;7;0;0;2;8;15;A01
201400005199;0;14;0;0;2;5;13;A01
201400005199;0;7;0;0;2;2;1;B02
201400005200;0;7;0;0;2;1;1;B02
201400005200;0;36;0;0;2;3;19;A01
201400005201;0;7;0;0;0;0;0;A01
201400005202;0;33;0;13;0;0;1;A01
201400005203;0;7;0;13;0;4;14;A01
201400005204;0;7;0;0;0;0;0;A01
201400005204;0;7;0;0;0;0;0;B02
201400005205;0;15;0;0;2;1;1;B02
201400005205;0;7;0;0;2;8;5;A01
201400005206;0;7;0;13;0;9;1;A01
201400005207;0;10;0;0;2;1;1;B02
201400005207;0;33;0;0;2;1;13;A01
201400005208;0;7;0;2;0;1;14;A01
201400005209;0;7;0;6;0;1;16;A01
201400005210;0;7;0;13;0;7;14;A01
201400005211;0;7;0;0;2;1;2;A01
201400005211;0;7;0;0;2;5;16;B02
201400005212;0;7;0;0;2;1;11;A01
201400005212;0;7;0;0;2;3;15;B02
201400005213;0;10;0;2;0;3;14;A01
201400005214;0;1;0;0;1;2;1;A01
201400005215;0;33;0;16;0;0;1;A01
201400005216;0;10;0;0;2;3;1;B02
201400005216;0;10;0;0;2;1;13;A01
201400005217;0;10;0;0;2;3;9;A01
201400005217;0;10;0;0;2;1;1;B02
201400005218;0;1;0;0;9;8;1;B02
201400005218;0;30;0;0;9;7;1;A01
201400005219;0;7;0;6;0;7;1;A01
201400005220;0;7;0;0;2;4;19;A01
201400005220;0;33;0;0;2;1;21;B02
201400005221;0;7;0;0;0;1;13;A01
201400005221;0;7;0;0;0;1;1;B02
201400005222;0;7;0;0;2;7;1;A01
201400005222;0;15;0;0;2;1;16;B02
201400005223;0;7;0;0;2;1;1;A01
201400005223;0;7;0;0;0;7;19;B02
201400005224;0;7;0;2;0;1;13;A01
201400005225;0;7;0;0;2;1;19;A01
201400005225;0;2;0;0;2;1;1;B02
201400005226;0;30;0;0;2;6;15;B02
201400005226;0;2;0;0;2;1;17;A01
201400005227;0;7;0;5;2;2;1;A01
201400005227;0;7;0;0;2;3;1;B02
201400005228;0;7;0;0;2;4;1;B02
201400005228;0;2;0;0;2;1;1;A01
201400005229;0;7;0;13;0;3;1;A01
201400005230;0;7;0;0;1;1;1;A01
201400005231;0;7;0;0;2;2;15;A01
201400005231;0;7;0;0;2;3;1;B02
201400005232;0;7;0;0;2;2;17;A01
201400005232;0;7;0;0;2;8;15;B02
201400005233;0;33;0;0;2;1;13;A01
201400005233;0;7;0;0;2;1;1;B02
201400005234;0;10;0;3;0;1;11;A01
201400005235;0;10;0;0;2;1;1;B02
201400005235;0;14;0;0;2;3;19;A01
201400005236;0;7;0;0;2;1;1;A01
201400005236;0;7;0;0;2;1;1;B02
201400005237;0;7;0;0;2;2;15;A01
201400005237;0;33;0;0;2;1;1;B02
201400005238;0;1;0;0;2;1;19;B02
201400005238;0;7;0;0;2;2;1;A01
201400005239;0;7;0;0;2;3;15;B02
201400005239;0;7;0;0;2;2;1;A01
201400005240;0;7;0;0;2;8;15;A01
201400005240;0;7;0;0;2;1;1;B02
201400005241;0;7;0;13;0;3;0;A01
201400005242;0;1;0;0;2;4;1;B02
201400005242;0;7;0;0;2;2;1;A01
201400005243;0;7;0;2;0;1;19;A01
201400005244;0;33;0;0;2;1;1;A01
201400005244;0;7;0;0;2;2;15;B02
201400005245;0;31;0;0;2;2;17;A01
201400005245;0;7;0;0;2;3;15;B02
201400005246;0;7;0;3;0;1;1;A01
201400005247;0;33;0;0;1;1;1;A01
201400005248;0;7;0;0;2;3;2;B02
201400005248;0;33;0;0;2;5;2;A01
201400005249;0;7;0;0;2;1;1;B02
201400005249;0;7;0;0;2;1;17;A01
201400005250;0;1;0;0;0;1;1;B02
201400005250;0;10;0;0;0;2;19;A01
201400005251;0;7;0;0;2;1;1;A01
201400005251;0;33;0;0;2;0;1;B02
201400005252;0;1;0;0;0;0;2;B02
201400005252;0;7;0;0;9;0;2;A01
201400005253;0;10;0;0;0;1;1;A01
201400005253;0;7;0;0;0;3;1;B02
201400005254;0;1;0;0;2;1;1;B02
201400005254;0;7;0;0;2;2;17;A01
201400005255;0;7;0;0;2;2;2;A01
201400005255;0;7;0;0;0;6;16;B02
201400005256;0;7;0;0;2;8;1;B02
201400005256;0;33;0;0;2;1;1;A01
201400005257;0;33;0;0;0;8;1;A01
201400005258;0;10;0;0;2;3;13;A01
201400005258;0;14;0;0;2;3;1;B02
201400005259;0;30;0;0;2;1;13;A01
201400005259;0;7;0;0;2;3;1;B02
201400005260;0;14;0;0;0;5;10;A01
201400005260;0;30;0;0;2;1;1;B02
201400005261;0;33;0;0;2;1;1;A01
201400005261;0;7;0;0;2;3;15;B02
201400005262;0;33;0;3;0;1;17;A01
201400005263;0;33;0;0;2;1;1;B02
201400005263;0;7;0;0;9;6;1;C03
201400005263;0;7;0;0;2;2;15;A01
201400005264;0;10;0;2;0;1;1;A01
201400005265;0;7;0;0;2;3;1;B02
201400005265;0;7;0;0;2;3;13;A01
201400005266;0;7;0;0;2;7;14;A01
201400005266;0;31;0;0;2;8;1;B02
201400005267;0;7;0;13;0;2;1;A01
201400005268;0;7;0;0;2;1;13;A01
201400005268;0;7;0;0;2;1;1;B02
201400005269;0;1;0;0;2;1;17;B02
201400005269;0;21;0;0;2;3;24;A01
201400005270;0;7;0;0;2;6;15;B02
201400005270;0;33;0;0;2;7;17;A01
201400005271;0;7;0;0;2;1;13;A01
201400005271;0;34;0;0;2;1;1;B02
201400005272;0;33;0;5;0;8;1;A01
201400005273;0;7;0;0;2;3;2;A01
201400005273;0;7;0;0;2;3;13;B02
201400005274;0;10;0;0;0;0;0;B02
201400005274;0;7;0;0;1;3;1;A01
201400005275;0;7;0;0;2;1;1;B02
201400005275;0;7;0;0;2;1;16;A01
201400005276;0;10;0;0;0;0;1;A01
201400005277;0;7;0;0;1;2;15;A01
201400005278;0;21;0;0;2;4;15;A01
201400005278;0;7;0;0;2;1;17;B02
201400005279;0;10;0;13;0;3;1;A01
201400005280;0;7;0;8;0;3;1;A01
201400005281;0;7;0;0;2;1;13;A01
201400005281;0;7;0;0;2;1;1;B02
201400005282;0;33;0;0;2;1;1;B02
201400005282;0;7;0;0;2;2;20;A01
201400005283;0;7;0;0;1;2;1;A01
201400005284;0;7;0;0;2;1;1;A01
201400005284;0;38;2;0;2;3;1;B02
201400005285;0;7;0;0;2;1;17;A01
201400005285;0;7;0;0;2;1;1;B02
201400005286;0;7;0;13;0;3;1;A01
201400005287;0;33;0;0;2;0;19;A01
201400005287;0;7;0;0;2;3;21;B02
201400005288;0;7;0;0;2;1;1;B02
201400005288;0;7;0;0;2;4;1;A01
201400005288;0;7;0;0;2;1;1;C03
201400005289;0;7;0;0;2;3;1;B02
201400005289;0;7;0;0;2;3;13;A01
201400005290;0;7;0;13;0;1;10;A01
201400005291;0;7;0;0;2;1;2;B02
201400005291;0;38;1;0;2;3;1;C03
201400005291;0;7;0;0;2;3;13;A01
201400005292;0;7;0;0;2;3;13;A01
201400005292;0;37;1;0;2;3;0;B02
201400005293;0;7;0;0;2;1;1;B02
201400005293;0;7;0;0;2;1;1;A01
201400005294;0;7;0;2;0;3;5;A01
201400005295;0;33;0;0;0;1;1;A01
201400005296;0;10;0;0;1;1;16;A01
201400005297;0;1;0;0;2;4;2;B02
201400005297;0;7;0;0;0;2;17;A01
201400005298;0;7;0;0;1;4;4;A01
201400005299;0;7;0;0;0;8;10;A01
201400005299;0;33;0;0;2;1;1;B02
201400005300;0;7;0;0;2;3;1;B02
201400005300;0;99;0;0;2;1;5;A01
201400005301;0;7;0;0;0;9;14;A01
201400005302;0;7;0;0;0;3;15;B02
201400005302;0;33;0;0;0;1;1;A01
201400005303;0;7;0;0;1;2;1;A01
201400005304;0;36;0;8;0;7;1;A01
201400005305;0;7;0;0;0;2;21;B02
201400005305;0;7;0;0;0;5;15;A01
201400005306;0;10;0;0;2;1;5;A01
201400005306;0;7;0;0;2;1;1;B02
201400005307;0;10;0;0;2;1;13;A01
201400005307;0;7;0;0;2;1;1;B02
201400005308;0;7;0;0;2;2;2;A01
201400005308;0;1;0;0;2;6;2;B02
201400005309;0;7;0;0;0;7;15;A01
201400005309;0;1;0;0;0;1;1;B02
201400005310;0;7;0;0;2;7;19;A01
201400005310;0;33;0;0;2;1;1;B02
201400005311;0;33;0;0;2;0;0;B02
201400005311;0;31;0;0;9;0;0;A01
201400005312;0;33;0;0;2;1;1;A01
201400005312;0;7;0;0;2;7;15;B02
201400005313;0;10;0;0;2;4;1;A01
201400005313;0;33;0;0;2;1;1;B02
201400005314;0;33;0;0;2;7;1;B02
201400005314;0;7;0;0;2;1;19;A01
201400005315;0;2;0;0;2;2;1;A01
201400005315;0;7;0;0;9;3;9;B02
201400005316;0;7;0;0;0;3;1;A01
201400005317;0;7;0;0;9;1;15;A01
201400005317;0;1;0;0;2;1;1;B02
201400005318;0;14;0;0;2;1;1;B02
201400005318;0;7;0;0;2;1;13;A01
201400005319;0;33;0;0;2;1;1;B02
201400005319;0;7;0;0;2;3;19;A01
201400005320;0;7;0;0;1;2;1;A01
201400005321;0;1;0;0;2;1;1;C03
201400005321;0;7;0;0;2;2;13;A01
201400005321;0;1;0;0;2;1;1;B02
201400005322;0;7;0;0;0;9;1;A01
201400005323;0;7;0;13;0;2;1;A01
201400005324;0;7;0;2;0;8;0;A01
201400005325;0;7;0;0;9;5;16;A01
201400005325;0;1;0;0;2;1;1;B02
201400005326;0;21;0;0;2;1;1;B02
201400005326;0;31;0;0;2;1;5;A01
201400005327;0;7;0;0;2;3;9;A01
201400005327;0;30;0;0;2;1;2;B02
201400005328;0;7;0;0;2;1;0;A01
201400005328;0;7;0;0;2;1;0;B02
201400005328;0;10;0;0;2;1;0;C03
201400005329;0;31;0;0;2;1;1;A01
201400005329;0;7;0;0;2;3;1;B02
201400005330;0;7;0;0;2;1;1;B02
201400005330;0;7;0;0;2;3;17;A01
201400005331;0;7;0;0;2;1;17;A01
201400005331;0;7;0;0;2;1;1;B02
201400005332;0;7;0;4;2;8;15;A01
201400005332;0;10;0;0;2;1;1;B02
201400005333;0;7;0;0;1;6;23;A01
201400005333;0;7;0;1;1;2;2;B02
201400005334;0;7;0;0;1;2;16;A01
201400005335;0;33;0;0;2;2;13;B02
201400005335;0;7;0;0;2;5;1;A01
201400005336;0;7;0;13;0;9;13;A01
201400005337;0;33;0;0;0;7;16;A01
201400005338;0;7;0;0;2;3;1;B02
201400005338;0;7;0;0;2;3;13;A01
201400005339;0;7;0;8;0;1;0;A01
201400005340;2;7;0;0;0;2;15;A01
201400005340;0;1;0;0;2;8;1;B02
201400005341;0;7;0;2;0;4;13;A01
201400005342;0;7;0;0;2;1;15;A01
201400005342;0;33;0;0;2;8;1;B02
201400005343;0;33;0;2;0;1;1;A01
201400005344;0;7;0;0;0;4;1;A01
201400005344;0;30;0;0;0;1;1;B02
201400005345;0;7;0;0;2;2;2;A01
201400005345;0;21;0;0;2;6;2;B02
201400005346;0;7;0;0;2;1;13;A01
201400005346;0;7;0;0;2;1;1;B02
201400005347;0;14;0;0;1;7;16;A01
201400005348;0;33;0;0;2;1;16;B02
201400005348;0;7;0;0;2;1;1;A01
201400005349;0;7;0;0;0;8;13;A01
201400005349;0;33;0;0;2;7;17;B02
201400005350;1;99;0;0;1;0;1;A01
201400005351;0;7;0;1;1;2;14;A01
201400005352;0;7;0;0;2;3;1;A01
201400005352;0;7;0;0;2;8;1;B02
201400005353;0;1;0;0;9;7;1;A01
201400005354;0;36;0;0;0;0;1;A01
201400005355;0;33;0;8;5;1;1;A01
201400005356;0;7;0;3;9;9;1;A01
201400005357;0;3;0;0;2;4;9;A01
201400005357;0;17;0;0;2;3;1;B02
201400005358;0;7;0;0;2;1;13;A01
201400005358;0;7;0;0;2;1;1;B02
201400005358;0;7;0;0;0;0;0;C03
201400005359;0;7;0;6;0;7;0;A01
201400005360;0;7;0;0;2;1;13;A01
201400005360;0;7;0;0;2;1;1;B02
201400005361;0;33;0;0;2;1;1;A01
201400005361;0;7;0;0;0;3;15;B02
201400005362;0;7;0;0;2;3;3;A01
201400005362;0;7;0;0;2;3;16;B02
201400005363;0;2;0;8;0;1;0;A01
201400005364;0;33;0;0;0;0;17;A01
201400005364;0;14;0;0;0;0;1;B02
201400005365;0;33;0;0;2;7;21;B02
201400005365;0;7;0;0;2;3;21;A01
201400005366;0;10;0;0;2;1;1;A01
201400005366;0;7;0;0;2;8;15;B02
201400005367;0;7;0;0;2;3;10;A01
201400005367;0;33;0;0;2;1;2;B02
201400005368;0;7;0;0;2;1;13;A01
201400005368;0;14;0;0;2;1;1;B02
201400005369;0;7;0;2;0;1;1;A01
201400005370;0;7;0;0;9;8;1;A01
201400005370;0;31;0;0;2;1;9;B02
201400005371;0;14;0;0;2;8;15;A01
201400005371;0;30;0;0;2;1;1;B02
201400005372;0;7;0;1;0;3;1;A01
201400005373;0;7;0;0;2;7;17;A01
201400005373;0;7;0;0;2;3;15;B02
201400005374;0;7;0;0;0;1;5;A01
201400005374;0;7;0;0;2;2;21;B02
201400005375;0;7;0;0;2;1;13;A01
201400005375;0;7;0;0;2;1;1;B02
201400005376;0;7;0;0;2;3;15;A01
201400005376;0;7;0;0;2;1;1;B02
201400005377;0;7;0;4;0;2;1;A01
201400005378;0;7;0;0;2;1;13;A01
201400005378;0;7;0;0;2;3;1;B02
201400005379;0;33;0;16;0;2;14;A01
201400005380;0;7;0;16;0;9;14;A01
201400005381;0;33;0;0;2;7;1;A01
201400005382;0;7;0;6;0;2;1;A01
201400005383;0;10;0;0;2;8;21;A01
201400005383;0;1;0;0;0;2;0;B02
201400005384;0;7;0;0;2;3;1;A01
201400005384;0;33;0;0;2;1;1;B02
201400005385;0;1;0;0;2;1;1;A01
201400005385;0;7;0;0;2;3;19;B02
201400005386;0;7;0;0;2;3;13;A01
201400005386;0;7;0;0;2;3;1;B02
201400005387;0;33;0;0;2;1;17;A01
201400005387;0;7;0;0;2;3;1;B02
201400005388;0;31;0;0;2;1;13;A01
201400005388;0;7;0;0;9;3;1;C03
201400005388;0;7;0;6;2;6;1;B02
201400005389;0;7;0;0;2;3;1;B02
201400005389;0;33;0;0;2;1;17;A01
201400005390;0;33;0;0;0;8;13;A01
201400005391;0;7;0;0;2;3;13;A01
201400005391;0;7;0;0;2;3;1;B02
201400005392;0;7;0;0;0;1;15;A01
201400005392;0;2;0;0;0;1;1;B02
201400005393;0;3;0;0;2;7;18;A01
201400005393;0;33;0;0;2;1;2;B02
201400005394;0;7;0;0;2;1;2;A01
201400005394;0;10;0;0;0;4;2;B02
201400005395;0;7;0;0;2;1;13;A01
201400005395;0;7;0;0;2;3;1;C03
201400005395;0;7;0;0;2;1;1;B02
201400005396;0;30;0;0;4;5;19;A01
201400005396;0;39;0;0;2;2;1;B02
201400005397;0;7;0;4;0;2;1;A01
201400005398;0;7;0;0;0;2;17;A01
201400005398;0;1;0;0;2;1;1;B02
201400005399;0;10;0;0;2;8;15;A01
201400005399;0;33;0;0;2;2;2;B02
201400005400;0;7;0;0;2;3;1;A01
201400005400;0;10;0;0;2;3;1;B02
201400005400;0;7;0;0;2;6;1;C03
201400005401;0;7;0;0;2;3;1;B02
201400005401;0;15;0;0;2;3;5;A01
201400005402;0;13;0;0;2;2;15;B02
201400005402;0;33;0;0;2;1;1;A01
201400005403;0;33;0;0;2;1;17;B02
201400005403;0;7;0;0;2;8;13;A01
201400005404;0;7;0;0;2;2;1;B02
201400005404;0;33;0;0;2;1;5;A01
201400005405;0;33;0;0;2;1;1;B02
201400005405;0;7;0;0;0;3;10;A01
201400005406;0;7;0;0;0;9;13;A01
201400005407;0;7;0;0;1;2;1;A01
201400005408;0;33;0;0;2;1;17;A01
201400005408;0;7;0;0;2;3;0;B02
201400005409;0;10;0;0;2;3;15;A01
201400005409;0;33;0;0;2;1;1;B02
201400005410;0;7;0;0;2;3;1;A01
201400005410;0;30;0;0;2;1;5;B02
201400005411;0;7;0;0;2;6;13;A01
201400005411;0;33;0;0;2;1;17;B02
201400005412;0;33;0;0;2;1;17;A01
201400005412;0;7;0;0;2;8;15;B02