num_acc;senc;catv;occutc;obs;obsm;choc;manv;num_veh
201400005413;0;31;0;0;0;1;2;A01
201400005414;0;30;0;0;2;7;1;A01
201400005414;0;7;0;0;2;1;1;B02
201400005415;0;7;0;0;2;1;1;A01
201400005415;0;7;0;0;2;8;1;B02
201400005416;0;33;0;0;2;3;1;B02
201400005416;0;7;0;0;2;2;1;A01
201400005417;0;7;0;0;2;1;1;A01
201400005417;0;7;0;9;2;3;15;B02
201400005418;0;7;0;0;2;8;15;A01
201400005418;0;7;0;0;2;1;13;B02
201400005419;0;7;0;0;2;1;1;A01
201400005419;0;30;0;0;2;1;13;B02
201400005420;0;7;0;0;2;2;1;A01
201400005420;0;2;0;0;2;1;13;B02
201400005421;0;30;0;6;0;8;1;A01
201400005422;0;7;0;2;0;1;14;A01
201400005423;0;7;0;13;0;1;17;A01
201400005424;0;7;0;0;2;3;1;B02
201400005424;0;7;0;0;2;1;13;A01
201400005425;0;7;0;0;2;3;13;A01
201400005425;0;33;0;0;2;1;1;B02
201400005426;0;7;0;4;0;2;1;A01
201400005427;0;7;0;0;2;1;1;B02
201400005427;0;7;0;0;2;1;5;A01
201400005428;0;7;0;2;0;0;1;A01
201400005429;0;7;0;8;0;9;1;A01
201400005430;0;7;0;13;0;3;1;A01
201400005431;0;7;0;0;0;6;19;B02
201400005431;0;7;0;0;2;1;1;A01
201400005432;0;10;0;6;0;3;16;A01
201400005433;0;7;0;0;2;1;5;A01
201400005433;0;7;0;0;2;1;21;B02
201400005433;0;7;0;13;2;1;21;C03
201400005434;0;7;0;0;2;7;15;A01
201400005434;0;30;0;0;2;3;1;B02
201400005435;0;7;0;0;2;1;1;B02
201400005435;0;7;0;0;2;1;13;A01
201400005436;0;7;0;0;2;3;1;C03
201400005436;0;7;0;0;2;1;1;B02
201400005436;0;7;0;0;2;1;5;A01
201400005437;0;7;0;0;0;3;5;A01
201400005437;0;7;0;0;2;2;1;B02
201400005438;0;7;0;0;2;1;1;B02
201400005438;0;10;0;0;2;1;13;A01
201400005439;0;3;0;0;2;4;1;A01
201400005440;0;33;0;0;2;1;0;A01
201400005440;0;7;0;0;2;5;1;B02
201400005441;0;7;0;0;2;1;1;C03
201400005441;0;7;0;0;2;8;1;B02
201400005441;0;10;0;0;2;7;1;A01
201400005442;0;33;0;0;2;3;9;A01
201400005442;0;7;0;0;2;2;1;B02
201400005443;0;21;0;0;2;1;1;B02
201400005443;0;31;0;0;2;1;1;A01
201400005444;0;7;0;0;2;1;13;A01
201400005444;0;7;0;0;2;1;1;C03
201400005444;0;7;0;0;2;1;1;B02
201400005445;0;7;0;0;2;7;19;B02
201400005445;0;7;0;0;2;1;1;A01
201400005446;0;7;0;2;0;7;13;A01
201400005447;0;10;0;0;2;2;15;A01
201400005447;0;33;0;0;2;1;0;B02
201400005448;0;7;0;0;2;1;2;A01
201400005448;0;7;0;0;2;4;2;B02
201400005448;0;7;0;0;0;4;2;C03
201400005449;0;10;0;0;2;7;19;A01
201400005449;0;7;0;0;2;1;1;B02
201400005450;0;10;0;0;2;1;5;A01
201400005450;0;10;0;0;2;2;1;B02
201400005451;0;33;0;0;2;1;17;A01
201400005451;0;14;0;0;2;8;19;B02
201400005452;0;7;0;0;2;8;15;A01
201400005452;0;33;0;0;2;2;17;B02
201400005453;0;7;0;13;0;3;1;A01
201400005454;0;30;0;0;2;1;1;A01
201400005454;0;31;0;0;0;8;10;B02
201400005455;0;13;0;0;2;2;17;A01
201400005455;0;1;0;0;0;6;1;B02
201400005456;0;10;0;0;2;1;1;A01
201400005456;0;7;0;0;0;8;15;B02
201400005457;0;33;0;0;2;1;13;A01
201400005457;0;7;0;0;2;2;1;B02
201400005458;0;7;0;13;0;9;1;A01
201400005459;0;7;0;0;1;1;1;A01
201400005460;0;7;0;0;0;9;2;A01
201400005461;0;7;0;0;1;1;1;A01
201400005462;0;7;0;0;2;3;13;A01
201400005462;0;33;0;0;2;1;1;B02
201400005463;0;7;0;0;1;3;1;A01
201400005464;0;30;0;12;0;2;1;A01
201400005465;0;7;0;15;0;1;1;A01
201400005466;0;7;0;0;2;3;1;A01
201400005466;0;33;0;0;2;1;14;B02
201400005467;0;7;0;0;2;3;1;B02
201400005467;0;7;0;0;2;2;1;A01
201400005468;0;7;0;0;2;1;2;A01
201400005468;0;1;0;0;2;1;1;B02
201400005469;0;15;0;0;1;3;1;A01
201400005470;0;7;0;0;2;3;1;A01
201400005470;0;7;0;0;2;2;16;B02
201400005471;0;7;0;0;2;8;1;A01
201400005471;0;7;0;0;2;1;21;B02
201400005472;0;15;0;13;0;8;1;A01
201400005473;0;10;0;0;2;3;13;A01
201400005473;0;7;0;0;2;3;1;B02
201400005474;0;7;0;0;2;3;13;B02
201400005474;0;13;0;0;2;3;1;A01
201400005475;0;33;0;3;0;2;1;A01
201400005476;0;30;0;0;2;3;1;A01
201400005477;0;7;0;0;2;3;11;A01
201400005477;0;7;0;0;2;3;1;B02
201400005478;0;7;0;0;2;3;13;A01
201400005478;0;7;0;0;2;3;1;B02
201400005479;0;7;0;0;2;2;17;A01
201400005479;0;21;0;0;2;2;16;B02
201400005480;0;7;0;0;9;8;1;A01
201400005480;0;1;0;0;2;7;12;B02
201400005481;0;7;0;0;0;2;2;A01
201400005481;0;1;0;0;0;4;2;B02
201400005482;0;14;0;0;2;7;1;A01
201400005482;0;2;0;0;2;0;0;B02
201400005483;0;7;0;0;2;7;17;A01
201400005483;0;21;0;0;2;3;15;B02
201400005483;0;99;0;0;0;0;0;C03
201400005484;0;7;0;13;0;1;15;A01
201400005485;0;7;0;0;1;2;1;A01
201400005486;0;7;0;0;2;1;2;A01
201400005486;0;7;0;0;2;8;15;B02
201400005487;0;7;0;0;2;3;1;A01
201400005487;0;2;0;0;2;1;1;B02
201400005488;0;33;0;3;0;2;1;A01
201400005488;0;33;0;3;0;2;1;B02
201400005489;0;1;0;0;2;8;19;B02
201400005489;0;7;0;0;2;2;1;A01
201400005490;0;30;0;0;2;8;19;A01
201400005490;0;36;0;0;2;2;1;B02
201400005491;0;17;0;0;1;2;1;A01
201400005492;0;33;0;16;0;1;14;A01
201400005493;0;10;0;13;0;1;19;A01
201400005494;0;7;0;0;2;2;15;A01
201400005494;0;33;0;0;2;1;0;B02
201400005495;0;10;0;0;2;1;1;A01
201400005495;0;7;0;0;2;4;1;B02
201400005496;0;7;0;0;2;3;1;A01
201400005496;0;7;0;0;2;3;1;B02
201400005497;0;7;0;0;2;7;13;A01
201400005497;0;7;0;0;2;1;1;B02
201400005498;0;33;0;16;0;8;1;A01
201400005499;0;7;0;0;2;1;1;A01
201400005499;0;7;0;0;2;1;1;B02
201400005500;0;7;0;0;2;1;1;A01
201400005500;0;7;0;0;2;1;15;B02
201400005501;0;7;0;2;0;1;1;A01
201400005502;0;7;0;0;2;2;1;A01
201400005502;0;7;0;0;2;3;19;B02
201400005503;0;3;0;0;0;9;1;A01
201400005504;0;2;0;0;2;4;1;B02
201400005504;0;10;0;0;2;1;1;A01
201400005505;0;7;0;2;0;9;1;A01
201400005506;0;7;0;1;1;2;20;A01
201400005507;0;7;0;0;2;3;15;A01
201400005507;0;33;0;0;2;1;17;B02
201400005508;0;7;0;13;0;2;1;A01
201400005509;0;36;0;0;2;3;16;A01
201400005509;0;7;0;0;2;3;15;B02
201400005510;0;7;0;0;0;1;0;A01
201400005510;0;2;0;0;0;1;0;B02
201400005511;0;7;0;5;2;1;1;A01
201400005511;0;7;0;0;2;1;1;B02
201400005511;0;7;0;0;2;5;21;C03
201400005512;0;14;0;0;9;3;15;A01
201400005512;0;1;0;0;2;0;1;B02
201400005513;0;7;0;0;2;1;1;A01
201400005513;0;7;0;0;2;1;1;C03
201400005513;0;7;0;0;2;1;1;B02
201400005514;0;7;0;0;2;6;0;A01
201400005514;0;7;0;0;2;3;15;B02
201400005514;0;2;0;0;2;1;18;C03
201400005515;0;7;0;0;2;1;1;B02
201400005515;0;7;0;0;2;1;13;A01
201400005516;0;33;0;0;0;7;1;A01
201400005517;0;10;0;0;2;2;17;A01
201400005517;0;10;0;0;2;3;15;B02
201400005518;0;36;0;10;0;3;16;A01
201400005519;0;33;0;0;2;8;1;A01
201400005519;0;33;0;0;2;8;1;B02
201400005520;0;7;0;0;2;3;13;A01
201400005520;0;7;0;0;2;3;1;B02
201400005521;0;7;0;0;2;3;23;B02
201400005521;0;33;0;0;2;1;21;A01
201400005522;0;7;0;13;0;3;1;A01
201400005523;0;7;0;0;1;3;1;A01
201400005524;0;7;0;13;0;8;13;A01
201400005525;0;7;0;0;2;8;23;C03
201400005525;0;7;0;0;2;3;1;B02
201400005525;0;7;0;0;2;2;15;A01
201400005526;0;7;0;8;0;2;1;A01
201400005527;0;33;0;0;0;8;1;A01
201400005528;0;7;0;0;2;1;23;C03
201400005528;0;7;0;0;2;1;1;B02
201400005528;0;7;0;0;2;2;19;A01
201400005529;0;33;0;0;2;1;21;B02
201400005529;0;10;0;0;2;8;15;A01
201400005530;0;10;0;0;2;3;5;B02
201400005530;0;32;0;0;2;3;1;A01
201400005531;0;33;0;0;2;1;2;A01
201400005531;0;7;0;0;2;8;19;B02
201400005532;0;7;0;2;0;5;1;A01
201400005533;0;2;0;0;2;1;5;B02
201400005533;0;2;0;0;2;1;5;C03
201400005533;0;14;0;0;2;1;5;A01
201400005534;0;7;0;0;2;2;19;A01
201400005534;0;7;0;0;0;8;1;B02
201400005535;0;7;0;0;2;1;19;A01
201400005535;0;7;0;0;2;7;1;B02
201400005536;0;7;0;13;0;0;1;A01
201400005537;0;30;0;1;0;1;1;A01
201400005538;0;7;0;0;2;2;1;B02
201400005538;0;33;0;0;2;1;19;A01
201400005539;0;33;0;0;2;1;1;B02
201400005539;0;10;0;0;2;1;15;A01
201400005540;0;7;0;2;0;7;0;A01
201400005541;0;7;0;0;2;1;1;B02
201400005541;0;7;0;0;2;7;13;A01
201400005541;0;7;0;0;0;0;17;C03
201400005542;0;7;0;3;0;9;13;A01
201400005543;0;7;0;0;2;2;13;A01
201400005543;0;1;0;0;2;1;1;B02
201400005544;0;7;0;0;2;1;13;A01
201400005544;0;7;0;0;2;1;1;B02
201400005545;0;7;0;13;0;2;21;A01
201400005546;0;30;0;0;2;1;13;A01
201400005546;0;7;0;0;2;2;1;B02
201400005547;0;7;0;0;2;3;1;B02
201400005547;0;7;0;0;2;8;13;A01
201400005548;0;2;0;0;1;1;13;A01
201400005549;0;10;0;0;1;1;1;A01
201400005550;0;7;0;0;2;3;1;A01
201400005550;0;7;0;0;2;3;13;B02
201400005550;0;10;0;0;2;1;2;C03
201400005551;0;7;0;0;2;1;1;A01
201400005551;0;7;0;0;2;1;1;B02
201400005552;0;7;0;0;2;3;1;A01
201400005552;0;10;0;0;2;2;1;B02
201400005553;0;14;0;13;0;7;1;A01
201400005554;0;14;0;13;0;7;1;A01
201400005555;0;31;0;13;0;1;1;A01
201400005556;0;7;0;0;1;8;1;A01
201400005557;0;15;0;0;2;3;11;A01
201400005557;0;33;0;0;2;1;1;B02
201400005558;0;7;0;0;2;8;19;A01
201400005558;0;7;0;0;2;1;1;B02
201400005559;0;7;0;13;0;2;0;A01
201400005560;0;10;0;6;2;3;1;B02
201400005560;0;7;0;0;0;6;20;A01
201400005561;0;7;0;0;2;1;19;A01
201400005561;0;1;0;0;2;8;1;B02
201400005562;0;30;0;0;2;1;1;A01
201400005562;0;10;0;0;0;8;15;B02
201400005563;0;33;0;0;0;1;1;B02
201400005563;0;10;0;0;0;3;19;A01
201400005564;0;35;0;13;0;1;1;A01
201400005565;0;7;0;0;1;2;1;A01
201400005566;0;7;0;0;2;1;15;A01
201400005566;0;33;0;0;2;3;0;B02
201400005567;0;7;0;0;0;2;14;A01
201400005568;0;7;0;2;0;9;13;A01
201400005569;0;10;0;0;2;3;1;B02
201400005569;0;7;0;0;2;8;1;C03
201400005569;0;7;0;0;2;3;17;A01
201400005570;0;30;0;0;2;7;1;B02
201400005570;0;7;0;0;2;3;1;A01
201400005571;0;7;0;0;1;2;1;A01
201400005572;0;7;0;0;0;7;19;A01
201400005572;0;33;0;0;2;1;0;B02
201400005573;0;10;0;0;0;1;1;A01
201400005574;0;7;0;0;0;3;1;A01
201400005574;0;30;0;0;2;8;1;B02
201400005575;0;7;0;0;0;1;1;A01
201400005576;0;15;0;1;0;2;1;A01
201400005576;0;14;0;0;0;6;23;B02
201400005577;0;32;0;0;0;1;1;A01
201400005578;0;7;0;0;0;9;1;A01
201400005579;0;7;0;6;0;3;1;A01
201400005580;0;7;0;0;0;1;1;A01
201400005581;0;7;0;2;0;3;1;A01
201400005582;0;7;0;13;0;2;16;A01
201400005583;0;7;0;0;0;8;15;A01
201400005583;0;33;0;0;2;1;1;B02
201400005584;0;7;0;2;0;1;13;A01
201400005585;0;3;0;0;2;1;13;A01
201400005585;0;7;0;0;2;1;1;B02
201400005586;0;33;0;0;0;8;1;A01
201400005587;0;31;0;8;0;1;1;A01
201400005588;0;7;0;0;2;3;19;A01
201400005588;0;31;0;0;2;1;1;B02
201400005589;0;7;0;2;0;1;1;A01
201400005590;0;33;0;0;2;3;13;A01
201400005590;0;7;0;0;2;3;1;B02
201400005591;0;10;0;0;2;7;16;A01
201400005591;0;33;0;0;2;1;1;B02
201400005592;0;7;0;13;0;2;1;A01
201400005593;0;1;0;0;2;1;13;A01
201400005593;0;7;0;0;2;3;1;B02
201400005594;0;33;0;0;2;1;1;A01
201400005594;0;7;0;0;2;4;1;B02
201400005595;0;10;0;0;9;2;1;A01
201400005595;0;1;0;0;2;8;9;B02
201400005596;0;15;0;0;2;3;1;A01
201400005596;0;10;0;0;2;3;13;B02
201400005596;0;10;0;0;2;1;1;C03
201400005597;0;33;0;2;0;1;0;A01
201400005598;0;14;0;13;0;1;1;A01
201400005599;0;7;0;0;0;8;15;B02
201400005599;0;31;0;0;2;2;1;A01
201400005600;0;7;0;0;2;3;15;A01
201400005600;0;33;0;0;2;2;6;B02
201400005601;0;10;0;0;2;2;13;A01
201400005601;0;7;0;0;2;2;13;B02
201400005602;0;33;0;2;0;1;13;A01
201400005603;0;2;0;0;2;2;1;B02
201400005603;0;7;0;0;2;7;15;A01
201400005604;0;14;0;0;2;1;2;A01
201400005604;0;7;0;3;0;4;2;B02
201400005604;0;7;0;0;2;4;2;C03
201400005604;0;7;0;0;0;4;2;D04
201400005605;0;7;0;0;2;3;13;A01
201400005605;0;7;0;0;2;3;1;B02
201400005605;0;7;0;0;2;3;21;C03
201400005606;0;7;0;0;2;1;1;A01
201400005606;0;7;0;0;2;4;1;B02
201400005606;0;7;0;0;2;4;1;C03
201400005607;0;7;0;6;0;1;1;A01
201400005608;0;7;0;0;2;1;5;A01
201400005608;0;7;0;0;2;1;1;B02
201400005609;0;10;0;0;2;3;0;A01
201400005609;0;15;0;0;2;3;0;B02
201400005610;0;7;0;6;0;1;1;A01
201400005611;0;7;0;0;2;2;15;A01
201400005611;0;7;0;0;2;3;1;B02
201400005612;0;33;0;0;2;1;1;A01
201400005612;0;7;0;0;2;5;1;B02
201400005613;0;7;0;0;1;1;15;A01
201400005614;0;33;0;13;0;1;1;A01
201400005615;0;7;0;0;0;1;1;A01
201400005615;0;2;0;0;0;8;15;B01
201400005616;0;7;0;13;0;1;13;A01
201400005617;0;7;0;0;2;3;13;A01
201400005617;0;15;0;0;2;3;1;B02
201400005618;0;7;0;0;2;3;13;A01
201400005618;0;7;0;0;2;3;1;B02
201400005618;0;7;0;14;0;1;1;C03
201400005618;0;7;0;0;2;1;0;D04
201400005619;0;2;0;0;2;1;1;A01
201400005619;0;21;0;0;2;4;23;B02
201400005620;0;7;0;0;2;1;13;A01
201400005620;0;30;0;0;2;1;1;B02
201400005621;0;33;0;3;0;3;1;A01
201400005622;0;7;0;2;0;7;1;A01
201400005623;0;15;0;4;0;1;6;A01
201400005624;0;7;0;0;0;6;17;A01
201400005624;0;33;0;0;0;1;17;B02
201400005625;0;7;0;0;9;2;1;A01
201400005625;0;1;0;0;0;4;1;B02
201400005626;0;7;0;0;0;9;14;A01
201400005627;0;33;0;1;2;1;17;A01
201400005627;0;7;0;0;2;3;15;B02
201400005627;0;7;0;1;2;1;0;C03
201400005628;0;33;0;0;2;1;1;B01
201400005628;0;21;0;0;2;7;19;A01
201400005629;0;10;0;3;2;3;17;A01
201400005629;0;17;0;0;2;3;1;B02
201400005629;0;7;0;0;2;0;1;C03
201400005630;0;7;0;16;0;9;0;A01
201400005631;0;33;0;0;1;1;17;A01
201400005632;0;7;0;0;0;9;17;A01
201400005633;0;17;0;0;2;6;15;A01
201400005633;0;7;0;0;2;1;1;B02
201400005634;0;7;0;0;0;4;19;A01
201400005634;0;33;0;0;2;1;21;B02
201400005635;0;21;0;0;2;3;1;A01
201400005635;0;99;0;0;2;3;16;B02
201400005636;0;7;0;0;2;2;1;A01
201400005636;0;2;0;0;2;1;1;B02
201400005637;0;2;0;0;2;3;5;A01
201400005637;0;7;0;0;2;3;1;B02
201400005638;0;14;0;0;1;2;1;A01
201400005639;0;7;0;0;2;1;1;A01
201400005639;0;2;0;0;0;8;1;B02
201400005640;0;33;0;0;6;1;1;A01
201400005641;0;7;0;0;2;3;19;A01
201400005641;0;2;0;0;2;1;0;B02
201400005641;0;7;0;0;2;2;0;C03
201400005642;0;7;0;0;2;1;1;A01
201400005642;0;7;0;0;2;1;1;B02
201400005642;0;7;0;0;2;3;1;C03
201400005642;0;7;0;0;2;8;21;D04
201400005642;0;7;0;0;9;1;1;E05
201400005643;0;7;0;0;2;3;1;A01
201400005643;0;7;0;3;2;3;0;B02
201400005644;0;7;0;0;2;3;13;A01
201400005644;0;14;0;0;2;3;1;B02
201400005645;0;31;0;0;0;8;0;A01
201400005646;0;7;0;0;2;1;1;A01
201400005646;0;17;0;0;0;0;0;B02
201400005647;0;7;0;2;0;3;0;A01
201400005648;0;7;0;0;2;1;19;A01
201400005648;0;34;0;0;2;7;21;B02
201400005649;0;33;0;0;2;1;1;A01
201400005649;0;7;0;0;2;7;15;B02
201400005650;0;33;0;0;2;1;17;A01
201400005650;0;7;0;0;0;6;2;B02
201400005651;0;33;0;0;2;3;1;A01
201400005651;0;7;0;0;0;6;19;B02
201400005652;0;33;0;14;0;0;0;A01
201400005653;0;7;0;0;1;1;1;A01
201400005654;0;30;0;0;0;0;15;A01
201400005655;0;33;0;3;0;8;1;A01
201400005656;0;33;0;13;0;8;21;A01
201400005657;0;7;0;0;0;0;15;A01
201400005657;0;7;0;14;0;2;1;B02
201400005657;0;14;0;0;2;1;23;C03
201400005658;0;7;0;0;2;2;9;A01
201400005658;0;30;0;0;2;1;9;B02
201400005659;0;31;0;0;0;8;21;A01
201400005660;0;7;0;0;2;3;1;A01
201400005660;0;30;0;0;2;3;1;B02
201400005661;0;2;0;0;5;8;1;A01
201400005662;0;7;0;0;2;2;17;A01
201400005662;0;2;0;0;0;2;1;B02
201400005663;0;7;0;8;2;7;0;A01
201400005663;0;36;0;0;2;3;5;B02
201400005664;0;2;0;13;2;2;21;A01
201400005664;1;10;0;0;0;0;0;B02
201400005665;0;7;0;13;0;2;1;A01
201400005666;0;33;0;6;1;1;1;A01
201400005667;0;14;0;0;2;5;1;A01
201400005667;0;1;0;0;0;4;1;B02
201400005668;0;7;0;0;2;3;1;A01
201400005668;0;10;0;0;2;3;1;B02
201400005669;0;7;0;0;0;1;13;A01
201400005670;0;7;0;2;0;2;1;A01
201400005671;0;7;0;0;2;8;1;A01
201400005671;0;10;0;0;2;2;1;B02
201400005672;0;7;0;0;1;1;1;A01
201400005673;0;7;0;0;2;6;1;A01
201400005673;0;38;1;0;2;2;15;B02
201400005674;0;7;0;6;0;3;1;A01
201400005675;0;30;0;16;0;0;1;A01
201400005676;0;1;0;0;2;1;15;A01
201400005676;0;7;0;0;9;1;1;B02
201400005677;0;3;0;0;1;2;15;A01
201400005678;0;7;0;13;0;2;17;A01
201400005679;0;10;0;0;2;8;15;A01
201400005679;0;33;0;0;2;1;17;B02
201400005680;0;7;0;2;0;1;14;A01
201400005681;0;7;0;0;2;1;1;B02
201400005681;0;7;0;0;2;2;5;A01
201400005681;0;7;0;0;2;8;1;C03
201400005682;0;14;0;0;2;2;1;A01
201400005682;0;7;0;0;2;3;9;B02
201400005683;0;7;0;2;0;1;13;A01
201400005684;0;7;0;0;0;4;1;A01
201400005685;0;7;0;0;2;1;15;A01
201400005685;0;7;0;0;2;1;1;B02
201400005686;0;7;0;0;2;1;1;B02
201400005686;0;7;0;0;2;7;13;A01
201400005687;0;7;0;8;0;3;13;A01
201400005688;0;7;0;0;2;5;15;A01
201400005688;0;7;0;0;2;2;1;B02
201400005689;0;36;0;13;0;1;1;A01
201400005690;0;99;0;16;0;1;1;A01
201400005691;0;7;0;0;0;2;1;A01
201400005692;0;7;0;3;0;1;0;A01
201400005693;0;7;0;0;1;3;16;A01
201400005694;0;10;0;0;1;4;4;A01
201400005695;0;10;0;0;2;7;15;A01
201400005695;0;33;0;0;2;1;1;B02
201400005696;0;7;0;3;2;1;13;A01
201400005696;0;10;0;0;2;1;1;C03
201400005696;0;15;0;0;2;3;1;B02
201400005697;0;7;0;2;0;1;1;A01
201400005698;0;7;0;0;2;5;5;A01
201400005698;0;7;0;0;2;3;1;B02
201400005699;0;7;0;0;2;7;1;A01
201400005699;0;7;0;0;2;1;15;B02
201400005700;0;7;0;13;0;1;1;A01
201400005701;0;7;0;0;2;1;0;B02
201400005701;0;7;0;0;2;1;13;A01
201400005702;0;7;0;0;0;8;19;A01
201400005702;0;7;0;0;2;1;1;B02
201400005703;0;30;0;0;0;0;1;A01
201400005704;0;7;0;0;2;3;15;B02
201400005704;0;33;0;0;2;2;1;A01
201400005705;0;7;0;2;0;2;1;A01
201400005706;0;7;0;8;0;1;14;A01
201400005707;0;10;0;2;0;2;1;A01
201400005708;0;31;0;16;0;1;1;A01
201400005709;0;7;0;0;1;3;2;A01
201400005710;0;7;0;0;1;3;1;A01
201400005711;0;7;0;0;2;3;1;B02
201400005711;0;7;0;0;2;3;1;A01
201400005712;0;7;0;3;6;3;1;A01
201400005713;0;7;0;13;0;3;1;A01
201400005714;0;7;0;2;0;1;1;A01
201400005715;0;7;0;0;2;2;1;A01
201400005715;0;7;0;0;2;1;9;B02
201400005716;0;33;0;0;0;0;1;A01
201400005717;0;7;0;0;2;4;0;A01
201400005717;0;14;0;0;2;1;0;B02
201400005718;0;31;0;13;0;3;2;A01
201400005719;0;7;0;0;2;3;1;B02
201400005719;0;7;0;0;2;2;13;A01
201400005720;0;15;0;3;0;2;1;A01
201400005721;0;7;0;5;0;2;1;A01
201400005722;0;7;0;0;0;2;0;A01
201400005722;0;1;0;0;0;0;0;B02
201400005723;0;7;0;0;1;6;20;A01
201400005724;0;7;0;6;0;3;1;A01
201400005725;0;7;0;13;0;2;1;A01
201400005726;0;7;0;0;2;2;13;A01
201400005726;0;7;0;0;2;3;1;B02
201400005727;0;7;0;10;0;2;14;A01
201400005728;0;7;0;0;2;1;13;A01
201400005728;0;10;0;0;2;1;1;B02
201400005729;0;7;0;2;0;3;1;A01
201400005730;0;7;0;2;0;1;14;A01
201400005731;0;30;0;0;1;2;1;A01
201400005732;0;7;0;8;0;1;1;A01
201400005733;0;14;0;13;0;7;1;A01
201400005734;0;33;0;13;0;2;1;A01
201400005735;0;7;0;0;2;3;13;A01
201400005735;0;7;0;1;2;3;1;B02
201400005736;0;15;0;0;2;7;21;B01
201400005736;0;7;0;13;2;6;1;A02
201400005737;0;36;0;0;0;9;15;A01
201400005738;0;7;0;7;0;7;14;A01
201400005739;0;7;0;0;2;1;13;A01
201400005739;0;7;0;0;2;3;1;B02
201400005740;0;7;0;0;2;3;1;B02
201400005740;0;7;0;0;2;7;13;A01
201400005741;0;10;0;13;0;9;1;A01
201400005742;0;7;0;0;2;7;13;A01
201400005742;0;14;0;0;2;3;1;B02
201400005743;0;33;0;0;2;1;1;B02
201400005743;0;7;0;0;2;5;15;A01
201400005744;0;10;0;0;2;9;1;A01
201400005744;0;7;0;0;2;3;1;B02
201400005745;0;7;0;0;2;3;17;A01
201400005745;0;7;0;0;2;3;1;B02
201400005746;0;7;0;2;0;9;1;A01
201400005747;0;35;0;2;0;1;1;A01
201400005748;0;7;0;0;2;5;1;B02
201400005748;0;30;0;0;2;1;15;A01
201400005749;0;7;0;13;0;2;1;A01
201400005750;0;7;0;0;2;7;13;A01
201400005750;0;7;0;0;2;1;1;B02
201400005751;0;7;0;13;0;8;21;A01
201400005752;0;7;0;2;0;7;1;A01
201400005753;0;7;0;13;0;1;1;A01
201400005754;0;2;0;0;2;1;13;A01
201400005754;0;7;0;0;2;2;1;B02
201400005755;0;7;0;2;0;8;1;A01
201400005756;0;33;0;0;2;1;1;B02
201400005756;0;7;0;0;2;8;15;A01
201400005757;0;7;0;2;0;3;1;A01
201400005758;0;36;0;2;0;1;1;A01
201400005759;0;7;0;13;0;2;14;A01
201400005760;0;15;0;0;2;2;17;B02
201400005760;0;7;0;6;2;8;17;A01
201400005761;0;7;0;0;2;1;17;A01
201400005761;0;10;0;0;2;1;1;B02
201400005762;0;33;0;0;2;1;13;A01
201400005762;0;7;0;0;2;1;1;B02
201400005763;0;7;0;0;1;1;1;A01
201400005764;0;7;0;13;0;2;1;A01
201400005765;0;7;0;0;2;2;15;A01
201400005765;0;30;0;0;2;1;1;B02
201400005766;0;7;0;15;0;1;1;A01
201400005767;0;10;0;0;2;1;1;B02
201400005767;0;7;0;8;2;2;15;A01
201400005767;0;7;0;0;2;3;2;C03
201400005768;0;14;0;0;2;3;1;B02
201400005768;0;7;0;0;2;8;13;A01
201400005769;0;7;0;0;2;2;15;A01
201400005769;0;30;0;0;2;1;1;B02
201400005770;0;2;0;0;2;1;13;A01
201400005770;0;36;0;0;2;1;1;B02
201400005771;0;7;0;16;0;9;1;A01
201400005772;0;7;0;0;2;7;13;A01
201400005772;0;7;0;0;2;2;1;B02
201400005773;0;7;0;0;2;1;1;B02
201400005773;0;7;0;0;2;8;15;A01
201400005774;0;7;0;0;2;2;15;A01
201400005774;0;7;0;0;2;2;1;B02
201400005775;0;33;0;6;0;1;1;A01
201400005776;0;7;0;0;2;4;15;B02
201400005776;0;7;0;0;2;1;2;A01
201400005777;0;7;0;13;0;3;1;A01
201400005778;0;33;0;0;2;1;1;B02
201400005778;0;7;0;0;2;5;15;A01
201400005779;0;2;0;1;0;1;21;A01
201400005780;0;30;0;0;2;1;13;A01
201400005780;0;7;0;0;2;1;1;B02
201400005781;0;99;0;0;2;1;1;A01
201400005781;0;1;0;0;2;1;1;B01
201400005782;0;7;0;0;2;1;1;B02
201400005782;0;7;0;0;2;2;15;A01
201400005783;0;7;0;0;2;3;1;B02
201400005783;0;31;0;0;2;3;1;A01
201400005784;0;30;0;0;2;1;17;A01
201400005784;0;7;0;0;2;3;15;B02
201400005785;0;7;0;0;2;2;1;B02
201400005785;0;7;0;0;2;3;13;A01
201400005786;0;7;0;2;0;3;1;A01
201400005787;0;14;0;0;2;3;1;B02
201400005787;0;7;0;0;2;8;15;A01
201400005788;0;33;0;0;2;1;1;B02
201400005788;0;7;0;0;2;5;15;A01
201400005789;0;33;0;0;2;8;15;B02
201400005789;0;33;0;0;2;7;2;A01
201400005790;0;7;0;8;0;3;1;A01
201400005791;0;33;0;0;0;8;1;A01
201400005792;0;7;0;0;2;3;13;A01
201400005792;0;7;0;0;2;3;1;B02
201400005793;0;7;0;4;2;2;15;A01
201400005793;0;30;0;0;0;8;1;B01
201400005794;1;7;0;0;2;3;1;A01