num_acc;senc;catv;occutc;obs;obsm;choc;manv;num_veh
201400005794;0;2;0;0;2;1;1;B01
201400005795;0;7;0;6;2;9;1;A01
201400005795;0;7;0;0;2;1;1;B01
201400005796;0;2;0;0;2;1;1;A01
201400005796;0;7;0;0;9;3;2;B01
201400005797;0;7;0;0;9;1;16;A01
201400005797;0;2;0;0;2;1;1;B01
201400005798;0;10;0;0;1;5;4;A01
201400005799;0;10;0;0;1;2;16;A01
201400005800;0;10;0;0;1;1;1;A01
201400005801;0;7;0;0;1;2;1;A01
201400005802;0;7;0;2;0;0;2;A01
201400005803;0;7;0;0;2;1;1;A01
201400005803;0;7;0;3;2;3;1;B01
201400005804;0;7;0;6;0;0;0;A01
201400005805;0;37;1;0;2;2;15;A01
201400005805;0;7;0;0;0;1;1;B01
201400005806;0;1;0;0;0;4;1;B01
201400005806;0;7;0;0;9;0;9;A01
201400005807;0;2;0;1;0;0;0;A01
201400005808;0;7;0;0;1;2;1;A01
201400005809;0;7;0;0;1;2;14;A01
201400005810;0;7;0;0;2;1;15;A01
201400005810;0;33;0;0;0;1;1;B01
201400005811;0;2;0;0;2;1;1;A01
201400005811;0;7;0;0;0;2;1;B01
201400005812;0;7;0;0;2;1;1;B01
201400005812;0;30;0;0;2;7;19;A01
201400005813;0;2;0;0;1;1;1;A01
201400005814;0;2;0;6;0;1;1;A01
201400005815;0;7;0;0;2;2;15;A01
201400005815;0;7;0;0;2;1;2;B01
201400005816;0;31;0;6;0;1;1;A01
201400005817;0;10;0;16;0;9;1;A01
201400005818;0;2;0;0;0;1;16;B01
201400005818;0;7;0;0;2;2;15;A01
201400005819;1;33;0;12;0;0;1;Z01
201400005820;0;10;0;0;2;1;1;A01
201400005820;0;33;0;0;0;4;1;B01
201400005821;0;7;0;0;1;2;0;A01
201400005822;0;33;0;0;2;1;2;B01
201400005822;0;7;0;0;2;1;15;A01
201400005823;1;99;0;0;1;2;0;A01
201400005824;0;7;0;0;1;3;2;A01
201400005825;0;7;0;0;2;1;0;A01
201400005825;0;7;0;0;2;2;2;B01
201400005826;0;32;0;1;1;1;2;A01
201400005827;0;10;0;0;0;0;0;B01
201400005827;0;33;0;12;0;1;0;A01
201400005828;0;7;0;0;2;1;15;A01
201400005828;0;33;0;0;2;1;17;B01
201400005829;0;1;0;0;2;8;0;A01
201400005829;0;7;0;0;9;8;0;B01
201400005830;0;33;0;0;2;1;1;B01
201400005830;0;7;0;0;0;2;0;A01
201400005831;0;7;0;0;2;1;15;A01
201400005831;0;33;0;0;2;1;0;B01
201400005832;0;7;0;0;2;1;13;A01
201400005832;0;7;0;0;2;1;1;B01
201400005833;0;7;0;0;1;1;1;A01
201400005834;0;7;0;3;2;0;17;A01
201400005834;0;7;0;0;2;0;13;B01
201400005835;0;33;0;0;1;1;1;A01
201400005836;0;2;0;0;0;1;17;A01
201400005836;0;7;0;0;2;1;2;B01
201400005836;0;7;0;0;2;3;2;C01
201400005837;0;7;0;0;2;3;15;A01
201400005837;0;7;0;0;2;8;1;B02
201400005838;0;14;0;0;1;2;9;A01
201400005839;0;1;0;0;2;1;1;B02
201400005839;0;7;0;0;2;7;9;A01
201400005840;0;7;0;0;2;2;17;A01
201400005840;0;7;0;0;2;8;15;B02
201400005841;0;7;0;0;1;3;16;A01
201400005842;0;2;0;0;0;0;0;A01
201400005843;0;7;0;0;1;3;15;A01
201400005844;0;14;0;0;1;1;1;A01
201400005845;0;7;0;0;2;8;9;A01
201400005845;0;7;0;0;2;1;1;B02
201400005846;2;7;0;0;2;1;13;A01
201400005846;0;7;0;0;2;1;1;B02
201400005847;0;7;0;0;2;3;10;A01
201400005847;0;33;0;0;0;1;13;B02
201400005848;0;2;0;0;2;1;1;B02
201400005848;0;10;0;0;2;2;15;A01
201400005849;0;7;0;0;0;4;1;B02
201400005849;0;7;0;0;2;1;2;A01
201400005850;0;7;0;0;2;3;15;A01
201400005850;0;1;0;0;2;1;1;B02
201400005851;0;7;0;0;2;2;19;A01
201400005851;0;33;0;0;2;1;1;B02
201400005852;0;33;0;0;2;1;1;B02
201400005852;0;7;0;0;2;1;10;A01
201400005853;0;7;0;0;2;1;13;A01
201400005853;0;7;0;0;2;1;2;C03
201400005853;0;7;0;0;2;1;1;B02
201400005854;0;7;0;9;0;2;19;A01
201400005855;0;7;0;0;1;2;1;A01
201400005856;0;7;0;0;2;1;2;A01
201400005856;0;7;0;0;0;4;2;D04
201400005856;0;7;0;0;0;4;2;B02
201400005856;0;7;0;0;0;4;2;C03
201400005857;0;7;0;2;0;0;1;A01
201400005858;0;7;0;0;2;1;1;B02
201400005858;0;7;0;0;2;1;16;A01
201400005859;0;7;0;0;2;8;2;B02
201400005859;0;33;0;0;2;7;2;A01
201400005860;0;7;0;0;2;4;23;C03
201400005860;0;7;0;0;2;1;23;A01
201400005860;0;7;0;0;2;4;23;B02
201400005860;0;7;0;0;0;4;0;D04
201400005861;0;7;0;1;0;1;13;A01
201400005862;0;7;0;0;2;1;13;A01
201400005862;0;7;0;0;2;1;1;B02
201400005863;0;7;0;2;0;1;1;A01
201400005864;0;7;0;0;2;3;1;B02
201400005864;0;33;0;0;2;1;13;A01
201400005865;0;7;0;0;2;1;2;A01
201400005865;0;7;0;0;2;1;0;B02
201400005865;0;7;0;0;2;4;2;C03
201400005866;0;38;0;0;2;1;1;B02
201400005866;0;7;0;0;2;1;13;A01
201400005867;0;7;0;2;0;3;14;A01
201400005868;0;7;0;0;2;2;15;A01
201400005868;0;7;0;0;2;1;1;B02
201400005868;0;7;0;0;2;1;23;C03
201400005869;0;2;0;12;0;1;1;A01
201400005870;0;7;0;2;0;8;1;A01
201400005871;0;14;0;0;1;2;2;A01
201400005872;0;33;0;0;2;1;1;A01
201400005872;0;7;0;0;0;8;19;B02
201400005873;0;7;0;0;2;1;1;A01
201400005873;0;7;0;8;0;4;15;B02
201400005874;0;7;0;0;1;1;1;A01
201400005875;0;7;0;0;2;8;10;A01
201400005875;0;10;0;0;2;2;1;B02
201400005876;0;7;0;2;0;1;17;A01
201400005877;0;33;0;0;2;1;13;A01
201400005877;0;7;0;0;2;8;1;B02
201400005878;0;7;0;0;1;3;1;A01
201400005879;0;7;0;13;0;1;13;A01
201400005880;0;7;0;0;1;2;1;A01
201400005881;0;7;0;6;0;3;0;A01
201400005882;0;3;0;0;0;9;15;A01
201400005883;0;7;0;0;2;1;1;B02
201400005883;0;7;0;0;2;1;13;A01
201400005884;0;7;0;0;1;2;1;A01
201400005885;0;7;0;0;1;1;17;A01
201400005886;0;31;0;0;0;1;1;A01
201400005887;0;7;0;1;0;8;19;A01
201400005888;0;10;0;0;2;3;1;B02
201400005888;0;7;0;0;2;1;1;A01
201400005889;0;7;0;0;0;1;0;A01
201400005889;0;7;0;0;0;5;0;B02
201400005890;0;14;0;16;0;1;15;A01
201400005891;0;33;0;13;0;1;14;A01
201400005892;0;7;0;0;2;3;1;B02
201400005892;0;33;0;0;2;1;17;A01
201400005893;0;7;0;0;2;2;13;A01
201400005893;0;17;0;0;2;2;1;B02
201400005894;0;7;0;0;0;0;0;A01
201400005895;0;33;0;0;0;0;0;A01
201400005896;0;33;0;6;0;1;13;A01
201400005897;0;7;0;0;2;1;5;A01
201400005897;0;10;0;0;2;1;1;B02
201400005897;0;7;0;0;2;3;1;C03
201400005898;0;10;0;2;0;1;17;A01
201400005899;0;7;0;0;1;2;1;A01
201400005900;0;7;0;8;0;7;1;A01
201400005901;0;7;0;13;0;1;1;A01
201400005902;0;7;0;2;0;1;1;A01
201400005903;0;7;0;0;0;8;10;A01
201400005903;0;10;0;0;2;2;2;B02
201400005904;0;30;0;0;2;8;1;B02
201400005904;0;7;0;0;2;3;15;A01
201400005905;0;33;0;0;0;0;1;A01
201400005906;0;7;0;0;2;3;10;A01
201400005906;0;31;0;0;2;2;1;B02
201400005907;0;7;0;0;1;2;1;A01
201400005908;0;1;0;0;2;2;15;B02
201400005908;0;33;0;0;9;1;1;A01
201400005909;0;31;0;0;2;1;1;B02
201400005909;0;7;0;0;2;6;10;A01
201400005910;0;7;0;13;0;8;1;A01
201400005911;0;7;0;0;9;3;1;A01
201400005911;0;1;0;0;2;7;12;B02
201400005912;0;7;0;0;2;8;1;A01
201400005912;0;7;0;0;2;1;1;B02
201400005913;0;7;0;0;1;2;1;A01
201400005914;0;7;0;0;1;2;14;A01
201400005915;0;7;0;13;0;0;1;A01
201400005916;0;7;0;0;2;5;15;A01
201400005916;0;2;0;0;2;1;1;B02
201400005917;0;7;0;6;0;3;0;A01
201400005918;0;7;0;0;0;1;1;A01
201400005919;0;10;0;0;1;2;1;A01
201400005920;0;7;0;0;2;3;1;B02
201400005920;0;7;0;0;0;3;13;A01
201400005921;0;7;0;0;0;1;13;A01
201400005921;0;7;0;0;2;3;21;C03
201400005921;0;7;0;0;2;1;1;B02
201400005922;0;2;0;0;0;1;13;A01
201400005922;0;7;0;0;0;1;0;B02
201400005923;0;7;0;8;0;2;1;A01
201400005924;0;21;0;0;2;3;23;B02
201400005924;0;7;0;0;2;2;21;A01
201400005925;0;33;0;0;0;1;1;A01
201400005926;0;7;0;0;2;1;2;B02
201400005926;0;3;0;0;0;4;1;A01
201400005927;0;14;0;0;0;9;0;A01
201400005928;0;7;0;13;0;1;16;A01
201400005929;0;7;0;2;0;1;13;A01
201400005930;0;7;0;0;2;1;1;A01
201400005930;0;10;0;0;2;1;1;B02
201400005930;0;7;0;0;2;6;1;C03
201400005931;0;1;0;0;0;5;1;B02
201400005931;0;7;0;0;9;1;1;A01
201400005932;0;7;0;0;2;2;13;B02
201400005932;0;30;0;0;2;2;5;A01
201400005933;0;1;0;0;2;1;1;A01
201400005933;0;7;0;0;9;7;1;B02
201400005934;0;7;0;0;2;7;1;B02
201400005934;0;33;0;0;2;8;12;A01
201400005935;0;7;0;13;0;3;1;A01
201400005936;0;7;0;0;2;3;9;A01
201400005936;0;30;0;0;2;7;1;B02
201400005937;0;30;0;0;2;8;1;A01
201400005937;0;7;0;0;2;8;15;B02
201400005938;0;7;0;0;0;0;1;A01
201400005939;0;21;0;8;0;7;15;A01
201400005940;0;7;0;0;2;3;13;A01
201400005940;0;7;0;0;2;1;1;C03
201400005940;0;10;0;0;2;0;1;B02
201400005941;0;7;0;0;1;3;13;A01
201400005942;1;7;0;0;1;0;0;A01
201400005943;0;7;0;2;0;1;17;A01
201400005944;0;7;0;0;2;1;0;A01
201400005944;0;30;0;0;2;8;0;B02
201400005945;0;7;0;0;2;5;17;A01
201400005945;0;1;0;0;2;1;2;B02
201400005946;0;7;0;0;1;2;1;A01
201400005947;0;36;0;0;2;8;1;A01
201400005947;0;7;0;0;2;1;1;B02
201400005948;0;14;0;0;2;3;1;B02
201400005948;0;7;0;0;2;3;1;A01
201400005949;0;2;0;0;2;1;1;B02
201400005949;0;7;0;0;2;2;5;A01
201400005950;0;7;0;0;2;2;17;A01
201400005950;0;33;0;0;2;1;1;C03
201400005950;0;33;0;0;2;1;1;B02
201400005951;0;7;0;4;2;1;5;A01
201400005951;0;20;0;0;2;3;1;B02
201400005952;0;7;0;2;0;1;1;A01
201400005953;0;33;0;0;2;1;1;A01
201400005953;0;7;0;0;0;6;15;B02
201400005954;0;7;0;0;2;3;13;A01
201400005954;0;7;0;0;2;3;1;B02
201400005955;0;7;0;2;0;2;1;A01
201400005956;0;10;0;0;2;2;1;B02
201400005956;0;10;0;0;2;3;13;A01
201400005957;0;33;0;0;2;1;1;B02
201400005957;0;7;0;0;2;3;9;A01
201400005958;0;7;0;0;2;1;13;A01
201400005958;0;7;0;0;2;3;1;B02
201400005959;0;10;0;0;2;2;21;B02
201400005959;0;7;0;0;2;2;13;A01
201400005960;0;7;0;0;0;3;0;B02
201400005960;0;7;0;0;0;3;13;A01
201400005961;0;7;0;0;2;2;15;A01
201400005961;0;7;0;0;2;1;1;B02
201400005961;0;7;0;0;2;1;1;C03
201400005962;0;31;0;0;0;7;1;A01
201400005963;0;10;0;0;2;1;1;C03
201400005963;0;7;0;0;2;4;1;A01
201400005963;0;15;0;0;2;1;1;B02
201400005964;0;7;0;8;0;2;1;A01
201400005965;0;2;0;0;2;8;13;A01
201400005965;0;99;0;0;2;1;1;B02
201400005966;0;7;0;0;1;2;1;A01
201400005967;0;7;0;0;2;1;1;B02
201400005967;0;7;0;0;2;1;1;A01
201400005968;0;7;0;2;0;7;1;A01
201400005969;0;10;0;0;2;5;2;A01
201400005969;0;1;0;0;2;1;2;B02
201400005970;0;7;0;0;0;1;0;A01
201400005971;0;7;0;0;2;5;23;B02
201400005971;0;7;0;10;2;2;1;A01
201400005972;0;7;0;0;0;6;2;A01
201400005973;0;7;0;0;2;3;15;A01
201400005973;0;10;0;0;2;3;1;B02
201400005974;0;7;0;0;2;8;15;A01
201400005974;0;7;0;0;2;1;1;B02
201400005975;0;1;0;0;0;1;1;A01
201400005975;0;7;0;0;0;2;1;B02
201400005976;0;7;0;13;0;3;2;A01
201400005977;0;7;0;0;0;0;1;A01
201400005978;0;14;0;12;0;8;0;A01
201400005979;0;7;0;0;2;8;0;B02
201400005979;0;7;0;0;2;8;1;A01
201400005980;0;1;0;6;0;1;1;A01
201400005981;0;7;0;8;0;3;13;A01
201400005982;0;7;0;0;1;1;16;A01
201400005983;0;7;0;0;2;6;2;B02
201400005983;0;7;0;0;0;1;2;D04
201400005983;0;7;0;0;2;1;17;A01
201400005983;0;7;0;0;2;1;2;C03
201400005984;0;37;0;0;2;3;1;B02
201400005984;0;7;0;0;2;3;13;A01
201400005985;0;7;0;0;1;2;1;A01
201400005986;0;30;0;0;2;1;13;A01
201400005986;0;10;0;0;0;8;15;B02
201400005987;0;31;0;0;1;0;1;A01
201400005988;0;1;0;1;0;1;1;B02
201400005988;0;7;0;1;0;8;1;A01
201400005989;0;7;0;0;2;3;23;B02
201400005989;0;7;0;0;2;1;16;A01
201400005990;0;7;0;0;2;3;15;A01
201400005990;0;30;0;0;2;1;1;B02
201400005991;0;7;0;2;0;2;1;A01
201400005992;0;2;0;0;2;1;2;A01
201400005992;0;7;0;0;2;4;2;B02
201400005993;0;7;0;0;1;1;1;A01
201400005994;0;7;0;0;1;1;1;A01
201400005995;0;7;0;0;2;1;1;B02
201400005995;0;7;0;0;0;1;13;A01
201400005996;0;7;0;0;1;2;19;A01
201400005997;0;7;0;2;2;2;17;B02
201400005997;0;7;0;0;2;6;13;A01
201400005998;0;7;0;2;1;1;19;A01
201400005999;0;7;0;0;0;4;23;A01
201400005999;0;7;0;0;2;1;1;B02
201400006000;0;33;0;0;2;1;1;A01
201400006000;0;7;0;0;2;3;15;B02
201400006001;0;33;0;0;2;1;1;B02
201400006001;0;7;0;0;2;3;19;A01
201400006002;0;7;0;3;2;1;1;B02
201400006002;0;7;0;1;2;1;13;A01
201400006003;0;7;0;13;0;1;1;A01
201400006004;0;99;0;13;0;1;1;A01
201400006005;0;7;0;0;2;1;1;A01
201400006005;0;7;0;0;2;3;1;B01
201400006006;0;7;0;0;2;2;15;A01
201400006006;0;7;0;0;2;1;1;B01
201400006007;0;2;0;0;2;1;2;A01
201400006007;0;10;0;0;2;4;1;B01
201400006008;0;7;0;0;1;3;1;A01
201400006009;0;7;0;0;2;8;20;A01
201400006009;0;7;0;1;2;2;1;B01
201400006010;0;7;0;1;2;1;1;B01
201400006010;0;7;0;1;2;7;1;A01
201400006011;0;7;0;13;0;3;13;A01
201400006012;0;7;0;0;2;1;9;A01
201400006012;0;1;0;0;2;7;1;B01
201400006013;0;7;0;0;2;2;1;B01
201400006013;0;7;0;0;2;3;9;A01
201400006014;0;7;0;0;2;1;2;A01
201400006014;0;7;0;0;1;4;1;B01
201400006015;0;2;0;0;2;1;1;B01
201400006015;0;7;0;0;2;3;9;A01
201400006016;0;2;0;0;0;8;1;A01
201400006017;0;7;0;0;1;1;1;A01
201400006018;0;31;0;0;0;8;1;B01
201400006018;0;7;0;0;0;0;9;A01
201400006019;0;2;0;0;0;7;1;A01
201400006020;0;7;0;0;2;2;12;A01
201400006020;0;33;0;0;2;1;1;B01
201400006021;0;1;0;0;0;8;1;A01
201400006022;0;7;0;0;2;2;1;B01
201400006022;0;7;0;0;2;5;9;A01
201400006023;0;7;0;0;2;3;9;A01
201400006023;0;1;0;0;2;1;1;B01
201400006024;0;7;0;8;0;1;13;A01
201400006025;0;2;0;0;0;8;1;A01
201400006026;0;2;0;0;0;7;13;A01
201400006027;0;7;0;0;2;6;10;A01
201400006027;0;7;0;0;2;1;1;B01
201400006028;0;7;0;0;1;2;1;A01
201400006029;0;7;0;0;1;1;15;A01
201400006030;0;2;0;0;2;7;17;B01
201400006030;1;7;0;0;2;6;15;Z01
201400006031;0;7;0;0;2;8;1;A01
201400006031;0;7;0;0;2;1;1;B01
201400006032;0;7;0;0;2;2;16;A01
201400006032;0;1;0;0;2;1;1;B01
201400006033;0;31;0;0;2;7;17;A01
201400006033;0;10;0;0;0;8;1;B01
201400006034;0;7;0;11;2;4;17;A01
201400006034;0;7;0;0;2;1;1;B01
201400006035;0;7;0;0;2;3;9;A01
201400006035;0;7;0;11;2;2;1;B01
201400006036;0;7;0;0;2;1;9;A01
201400006036;0;7;0;1;2;8;1;B01
201400006037;1;1;0;0;1;1;1;Z01
201400006038;0;33;0;0;0;8;14;A01
201400006039;0;7;0;12;2;2;14;A01
201400006039;0;7;0;0;2;1;1;B01
201400006040;0;14;0;0;2;1;1;A01
201400006040;0;7;0;0;2;4;23;B01
201400006040;0;7;0;0;2;4;23;C01
201400006040;0;7;0;0;2;4;23;D01
201400006040;0;7;0;0;2;4;23;E01
201400006040;0;7;0;0;0;4;23;F02
201400006041;0;10;0;0;1;7;1;A01
201400006042;1;99;0;0;2;5;12;Z01
201400006042;0;33;0;0;2;8;1;A01
201400006043;0;7;0;0;2;2;2;A01
201400006043;0;7;0;0;0;6;23;B01
201400006044;0;7;0;0;1;1;15;A01
201400006045;0;7;0;15;1;1;13;A01
201400006045;0;7;0;0;2;2;23;B01
201400006046;0;7;0;1;0;1;14;A01
201400006047;0;2;0;0;0;7;14;A01
201400006048;0;7;0;0;1;1;15;A01
201400006049;0;10;0;0;2;2;1;A01
201400006049;0;10;0;1;2;3;1;B01
201400006050;0;7;0;0;2;2;15;A01
201400006050;0;33;0;0;2;1;1;B01
201400006051;0;7;0;0;1;1;1;A01
201400006052;0;33;0;0;2;1;1;B01
201400006052;2;30;0;0;2;6;9;A01
201400006053;0;7;0;0;2;8;9;A01
201400006053;0;30;0;0;2;1;1;B01
201400006054;0;30;0;0;2;1;1;B01
201400006054;0;7;0;0;2;3;16;A01
201400006055;0;7;0;0;2;2;13;A01
201400006055;0;2;0;0;2;3;15;B01
201400006056;0;30;0;0;2;2;1;A01
201400006056;0;7;0;0;2;3;1;B01
201400006057;0;2;0;0;2;1;15;A01
201400006057;0;7;0;0;2;1;1;B01
201400006058;0;7;0;13;0;8;13;A01
201400006059;0;7;0;0;2;2;15;A01
201400006059;0;7;0;0;2;1;1;B01
201400006060;0;10;0;0;1;4;4;A01
201400006061;0;7;0;6;0;4;13;A01
201400006062;0;7;0;2;0;8;13;A01
201400006063;0;7;0;0;2;2;1;A01
201400006063;0;7;0;0;2;5;15;B01
201400006064;0;7;0;0;1;1;1;A01
201400006065;0;2;0;0;2;6;15;A01
201400006065;1;7;0;0;2;3;9;Z01
201400006066;0;7;0;0;2;2;1;A01
201400006066;0;2;0;0;2;1;1;B01
201400006067;0;7;0;13;0;0;13;A01
201400006068;0;7;0;0;1;8;1;A01
201400006069;0;2;0;3;0;1;14;A01
201400006070;0;7;0;0;2;8;9;A01
201400006070;0;32;0;0;2;1;1;B01
201400006071;0;7;0;8;2;4;1;A01
201400006071;1;7;0;1;2;1;2;Z01
201400006072;0;7;0;0;2;1;1;A01
201400006072;0;1;0;0;2;8;1;B01
201400006073;0;7;0;1;0;2;14;A01
201400006074;1;7;0;0;2;2;1;Z01
201400006074;0;30;0;0;2;1;1;A01
201400006075;0;10;0;0;1;1;1;A01
201400006076;0;7;0;0;1;1;1;A01
201400006077;0;1;0;0;1;1;1;A01
201400006078;0;7;0;0;1;1;1;A01
201400006079;0;7;0;14;0;1;2;A01
201400006079;0;7;0;0;0;4;23;B01
201400006080;0;7;0;13;2;3;13;A01
201400006080;0;17;0;0;2;8;1;B01
201400006081;0;7;0;0;1;1;1;A01
201400006082;0;7;0;0;2;6;9;A01
201400006082;0;7;0;0;2;3;1;B01
201400006083;0;7;0;0;1;2;1;A01
201400006084;0;7;0;2;0;1;1;A01
201400006085;0;7;0;0;2;1;0;B02
201400006085;0;13;0;0;2;8;1;A01
201400006086;0;36;0;1;0;3;1;A01
201400006087;0;31;0;0;2;1;13;B02
201400006087;0;7;0;0;2;3;1;A01
201400006088;0;33;0;0;2;1;13;A01
201400006088;0;21;0;0;2;3;1;B02
201400006089;0;7;0;2;0;9;1;A01
201400006090;0;7;0;2;0;2;13;A01
201400006091;0;7;0;2;0;7;1;A01
201400006092;0;7;0;2;0;1;1;A01
201400006093;0;7;0;0;2;4;15;A01
201400006093;0;7;0;0;2;1;2;B02
201400006094;0;7;0;0;0;4;1;A01
201400006094;0;30;0;0;2;1;1;B02
201400006095;0;7;0;0;1;1;1;A01
201400006096;0;7;0;0;1;2;0;A01
201400006097;0;7;0;0;2;1;1;B02
201400006097;0;7;0;0;2;1;13;A01
201400006098;0;7;0;2;0;9;1;A01
201400006099;0;7;0;0;2;2;12;A01
201400006099;0;7;0;0;2;6;1;B02
201400006100;0;7;0;13;0;2;14;A01
201400006101;0;33;0;0;2;2;1;A01
201400006101;0;7;0;0;2;3;1;B02
201400006102;0;10;0;0;2;2;17;B02
201400006102;0;15;0;0;0;6;1;A01
201400006103;0;7;0;2;0;4;1;A01
201400006104;0;7;0;0;2;1;1;B02
201400006104;0;7;0;0;2;1;17;A01
201400006105;0;36;0;0;0;6;15;A01
201400006105;0;33;0;0;2;1;1;B02
201400006106;0;7;0;2;9;3;17;A01
201400006107;0;7;0;13;0;3;13;A01
201400006108;0;7;0;0;2;1;1;B02
201400006108;0;7;0;0;2;1;13;A01
201400006108;0;7;0;0;2;1;1;C03
201400006109;0;17;0;0;5;1;1;B02
201400006109;0;15;0;13;0;7;1;A01
201400006110;0;7;0;0;0;1;1;A01
201400006111;0;14;0;6;2;2;1;B02
201400006111;0;10;0;0;2;1;1;A01
201400006112;0;7;0;0;2;3;15;A01
201400006112;0;1;0;0;2;1;1;B02
201400006113;0;7;0;13;0;2;1;A01
201400006114;0;7;0;0;2;3;15;A01
201400006114;0;7;0;0;2;2;1;B02
201400006115;0;7;0;2;0;1;13;A01
201400006116;0;7;0;2;0;1;14;A01
201400006117;0;7;0;0;0;8;15;A01
201400006117;0;10;0;0;2;2;17;B02
201400006118;0;7;0;0;2;3;1;B02
201400006118;0;7;0;0;2;1;13;A01
201400006119;0;7;0;2;0;1;1;A01
201400006120;0;7;0;0;1;1;1;A01
201400006121;0;7;0;0;2;3;15;A01
201400006121;0;33;0;0;2;8;0;B02
201400006122;0;30;0;0;1;1;1;A01
201400006123;0;7;0;0;2;1;1;B02
201400006123;0;7;0;0;2;7;19;A01
201400006124;0;7;0;2;0;1;1;A01
201400006125;0;33;0;0;6;0;21;A01
201400006126;0;7;0;2;0;3;1;A01
201400006127;0;7;0;0;0;3;1;A01
201400006128;0;36;0;0;0;9;0;A01
201400006129;0;7;0;2;0;1;1;A01
201400006130;0;33;0;1;0;1;1;A01
201400006131;0;7;0;0;0;1;1;A01
201400006132;0;14;0;6;0;8;16;A01
201400006133;0;7;0;0;2;1;13;A01
201400006133;0;7;0;0;2;1;1;B02
201400006134;0;7;0;13;0;3;1;A01
201400006135;0;13;0;2;0;1;14;A01
201400006136;0;7;0;0;2;7;15;A01
201400006136;0;33;0;0;2;1;1;B02
201400006137;0;31;0;6;0;1;21;A01
201400006138;0;7;0;13;0;2;1;A01
201400006139;0;7;0;0;9;2;15;A01
201400006139;0;1;0;0;2;1;1;B02
201400006140;0;33;0;0;2;1;21;A01
201400006140;0;7;0;0;2;6;19;B02
201400006141;0;7;0;0;1;2;1;A01
201400006142;0;32;0;9;0;7;2;A01
201400006143;0;7;0;0;2;8;20;A01
201400006143;0;1;0;0;2;1;1;B02
201400006144;0;7;0;0;0;3;1;B02
201400006144;0;7;0;0;0;2;13;A01
201400006145;0;33;0;0;6;0;21;A01
201400006146;0;7;0;0;2;2;2;A01
201400006146;0;1;0;0;2;5;2;B02
201400006147;0;7;0;13;0;1;1;A01
201400006148;0;7;0;13;0;9;1;A01
201400006149;0;7;0;0;0;1;1;A01
201400006150;0;7;0;13;0;8;1;A01
201400006151;0;14;0;0;0;1;1;A01
201400006151;0;7;0;0;0;1;1;B02
201400006152;0;7;0;6;0;1;1;A01
201400006153;0;33;0;0;0;1;1;A01
201400006154;0;35;0;0;2;4;1;A01
201400006154;0;21;0;0;2;1;1;B02
201400006155;0;14;0;3;2;1;13;A01
201400006155;0;7;0;0;2;1;1;B02
201400006156;0;7;0;2;0;7;1;A01
201400006157;0;7;0;2;0;3;1;A01
201400006158;0;7;0;3;0;2;1;B02
201400006158;0;7;0;0;2;2;1;A01
201400006159;0;33;0;6;0;1;1;A01
201400006160;0;7;0;13;0;2;1;A01
201400006161;0;7;0;3;0;3;1;A01
201400006162;0;7;0;0;2;1;15;A01
201400006162;0;30;0;0;2;1;1;B02
201400006163;0;7;0;0;2;3;13;A01
201400006163;0;7;0;0;2;3;1;B02
201400006163;0;7;0;0;2;1;1;C03
201400006164;0;30;0;0;2;1;17;A01
201400006164;0;30;0;0;0;8;15;B02
201400006165;0;33;0;0;2;1;1;A01
201400006165;0;7;0;0;2;3;1;B02
201400006166;0;7;0;0;2;3;14;A01
201400006166;0;33;0;0;2;1;1;C03
201400006166;0;33;0;0;2;1;1;D04
201400006166;0;33;0;0;2;1;1;B02
201400006167;0;7;0;0;0;3;13;A01
201400006167;0;10;0;0;2;1;3;B02
201400006168;0;7;0;2;0;2;14;A01
201400006169;0;21;0;0;0;3;9;A01
201400006169;0;7;0;0;2;3;1;B02
201400006170;0;7;0;0;0;1;0;A01
201400006171;0;7;0;0;2;2;13;A01
201400006171;0;7;0;0;2;1;1;B02
201400006172;0;7;0;0;0;4;9;A01
201400006172;0;7;0;0;2;1;1;B02
201400006173;0;7;0;0;2;3;13;A01
201400006173;0;7;0;0;2;3;1;B02
201400006174;0;7;0;0;2;2;1;B02
201400006174;0;7;0;0;2;3;15;A01
201400006175;0;7;0;0;0;3;1;B02
201400006175;0;3;0;0;2;3;13;A01
201400006176;0;15;0;0;9;3;4;A01
201400006176;0;39;40;0;2;1;1;B02
201400006177;0;33;0;0;2;1;1;A01
201400006177;0;33;0;0;2;1;13;B02
201400006178;0;7;0;0;0;7;0;A01
201400006178;0;7;0;0;2;1;1;B02
201400006179;0;7;0;9;0;2;1;A01
201400006180;0;7;0;0;2;1;1;A01
201400006180;0;7;0;0;2;1;1;B02
201400006181;0;7;0;0;4;8;1;A01
201400006181;0;39;1;0;2;1;1;B02
201400006182;0;10;0;0;2;3;0;B02
201400006182;0;7;0;0;2;3;13;A01
201400006183;0;2;0;1;0;1;2;A01
201400006183;0;7;0;0;0;4;23;B02
201400006184;0;7;0;0;2;3;13;A01
201400006184;0;15;0;0;2;3;1;B02
201400006185;0;7;0;16;0;9;1;A01
201400006186;0;7;0;1;1;3;21;A01
201400006187;0;30;0;0;9;1;1;A01
201400006188;0;7;0;9;0;2;1;A01
201400006189;0;7;0;0;0;2;0;A01
201400006189;0;33;0;0;0;1;0;B02
201400006190;0;2;0;0;0;6;0;A01
201400006190;0;7;0;0;0;3;13;B02
201400006191;0;15;0;0;0;6;1;B02