num_acc;senc;catv;occutc;obs;obsm;choc;manv;num_veh
201400006191;0;7;0;0;0;1;1;A01
201400006192;0;7;0;0;1;1;2;A01
201400006193;0;1;0;0;2;4;1;A01
201400006193;1;10;0;0;2;2;1;B02
201400006194;0;7;0;8;0;1;1;A01
201400006195;0;7;0;0;1;7;1;A01
201400006196;0;7;0;0;2;1;1;A01
201400006196;0;7;0;0;2;1;15;B02
201400006197;0;7;0;0;2;1;1;A01
201400006197;0;7;0;0;2;1;1;B02
201400006198;0;7;0;0;2;5;1;A01
201400006198;0;1;0;0;2;1;15;B02
201400006199;0;33;0;0;2;1;2;A01
201400006199;0;7;0;0;0;4;15;B02
201400006200;0;7;0;1;0;1;1;A01
201400006201;0;7;0;13;0;1;13;A01
201400006202;0;7;0;0;2;1;5;A01
201400006202;0;7;0;0;2;1;1;B02
201400006203;0;15;0;0;0;4;23;A01
201400006203;0;7;0;0;2;1;1;B02
201400006204;0;7;0;0;2;2;1;A01
201400006204;0;7;0;10;2;2;13;B02
201400006205;0;33;0;0;2;2;17;A01
201400006205;0;7;0;0;2;3;15;B02
201400006206;0;7;0;13;0;2;1;A01
201400006207;0;30;0;1;0;2;14;A01
201400006207;0;7;0;0;2;2;0;B02
201400006208;0;17;0;0;2;3;1;B02
201400006208;0;7;0;0;2;8;9;A01
201400006209;0;7;0;0;1;3;1;A01
201400006210;0;7;0;0;9;7;17;A01
201400006210;0;1;0;0;2;8;1;B02
201400006211;0;7;0;0;2;1;2;A01
201400006211;0;20;0;0;2;4;2;B02
201400006212;0;7;0;13;0;3;13;A01
201400006213;0;33;0;13;0;1;1;A01
201400006214;0;7;0;0;2;7;15;A01
201400006214;0;7;0;0;2;8;1;B02
201400006215;0;33;0;12;0;1;0;A01
201400006216;0;7;0;6;0;3;1;A01
201400006217;0;7;0;3;0;1;1;A01
201400006218;0;30;0;0;2;1;17;A01
201400006218;0;7;0;0;2;6;15;B02
201400006219;0;7;0;2;0;1;14;A01
201400006220;0;7;0;0;0;0;1;A01
201400006221;0;30;0;0;0;8;21;A01
201400006222;0;33;0;13;0;8;1;A01
201400006223;0;7;0;2;0;7;1;A01
201400006224;0;7;0;13;0;1;14;A01
201400006225;0;7;0;0;2;7;17;A01
201400006225;0;7;0;0;2;1;1;B02
201400006226;0;7;0;13;0;1;1;A01
201400006227;0;7;0;13;0;1;19;A01
201400006228;0;7;0;0;2;7;15;A01
201400006228;0;7;0;0;2;1;1;B02
201400006229;0;7;0;0;2;3;1;B02
201400006229;0;7;0;0;2;2;19;A01
201400006230;0;7;0;0;2;1;13;A01
201400006230;0;7;0;0;2;3;1;B02
201400006231;0;7;0;0;2;1;2;A01
201400006231;0;7;0;0;4;4;23;B02
201400006231;0;39;1;0;2;1;1;C03
201400006232;0;7;0;0;2;1;13;A01
201400006232;0;7;0;0;2;1;1;B02
201400006233;0;7;0;0;2;2;15;A01
201400006233;0;33;0;0;2;1;1;B02
201400006234;0;2;0;0;2;1;1;A01
201400006234;0;7;0;0;2;8;15;B02
201400006235;0;10;0;6;0;2;13;A01
201400006236;0;7;0;0;2;2;15;A01
201400006236;0;31;0;0;2;7;1;B02
201400006237;0;7;0;13;0;3;13;A01
201400006238;0;7;0;0;2;2;5;A01
201400006238;0;7;0;0;2;2;21;B02
201400006239;0;7;0;0;1;4;23;A01
201400006240;0;7;0;8;0;0;14;A01
201400006241;0;7;0;0;2;8;15;A01
201400006241;0;17;0;0;2;3;1;B02
201400006242;0;33;0;0;2;1;17;A01
201400006242;0;7;0;0;2;3;15;B02
201400006243;0;7;0;0;2;1;13;A01
201400006243;0;14;0;0;2;2;1;B02
201400006244;0;7;0;0;2;1;1;A01
201400006244;0;7;0;0;2;2;15;B02
201400006245;0;7;0;0;2;3;13;A01
201400006245;0;7;0;0;2;3;1;B02
201400006246;0;7;0;0;2;4;1;A01
201400006246;0;7;0;0;2;4;1;B02
201400006246;0;10;0;0;2;1;1;C03
201400006247;0;30;0;0;2;1;13;A01
201400006247;0;7;0;0;2;2;21;B02
201400006248;0;7;0;0;1;4;20;A01
201400006249;0;7;0;0;0;2;1;A01
201400006249;0;31;0;0;2;1;1;B02
201400006250;0;7;0;0;9;3;9;A01
201400006250;0;1;0;0;2;1;1;B02
201400006251;0;7;0;13;0;1;1;A01
201400006252;0;7;0;0;2;1;15;A01
201400006252;0;7;0;0;2;3;1;B02
201400006253;0;7;0;1;0;1;1;A01
201400006254;0;7;0;0;0;0;1;A01
201400006255;0;7;0;0;2;1;1;A01
201400006255;0;2;0;0;2;7;1;B02
201400006256;0;7;0;0;1;1;15;A01
201400006257;0;7;0;0;0;8;9;A01
201400006257;0;1;0;0;2;7;9;B02
201400006258;0;10;0;0;2;1;16;A01
201400006258;0;31;0;0;2;7;1;B02
201400006259;0;1;0;0;2;3;15;A01
201400006259;0;37;1;0;9;5;1;B02
201400006260;0;7;0;0;0;6;23;A01
201400006260;0;7;0;0;2;1;1;B02
201400006260;0;7;0;0;2;9;21;C03
201400006261;0;7;0;14;1;3;1;A01
201400006262;0;7;0;0;2;3;13;A01
201400006262;0;7;0;0;2;3;1;B02
201400006263;0;7;0;0;2;2;15;A01
201400006263;0;1;0;0;2;1;1;B02
201400006264;0;7;0;0;2;3;11;A01
201400006264;0;10;0;0;2;3;1;B02
201400006265;0;33;0;0;2;1;13;A01
201400006265;0;33;0;0;2;1;1;B02
201400006265;0;33;0;0;2;8;1;C03
201400006266;1;7;0;0;1;2;1;B02
201400006267;0;7;0;8;0;2;13;A01
201400006268;0;7;0;0;2;7;13;A01
201400006268;0;7;0;0;2;1;1;B02
201400006269;0;7;0;0;1;2;1;A01
201400006270;0;10;0;10;0;8;1;A01
201400006271;0;7;0;13;0;1;1;A01
201400006272;0;33;0;15;0;1;1;A01
201400006273;0;33;0;0;2;1;13;A01
201400006273;0;7;0;0;2;3;21;B02
201400006274;0;7;0;0;2;3;1;B02
201400006274;0;33;0;0;2;3;1;A01
201400006275;0;7;0;2;0;3;1;A01
201400006276;0;7;0;13;0;1;0;A01
201400006277;0;31;0;0;0;3;0;A01
201400006277;0;33;0;0;0;2;0;B02
201400006278;0;10;0;0;2;8;16;A01
201400006278;0;33;0;0;2;1;1;B02
201400006279;0;33;0;2;0;1;1;A01
201400006280;0;7;0;13;0;1;13;A01
201400006281;0;7;0;0;2;1;1;B02
201400006281;0;7;0;0;0;5;19;A01
201400006282;0;7;0;0;1;3;1;A01
201400006283;0;7;0;2;0;1;14;A01
201400006284;0;33;0;2;0;1;1;A01
201400006285;0;7;0;0;2;3;13;A01
201400006285;0;31;0;0;2;1;1;B02
201400006286;0;7;0;0;0;7;15;A01
201400006286;0;33;0;0;2;1;1;B02
201400006287;0;31;0;0;2;1;2;B02
201400006287;0;31;0;0;2;4;1;A01
201400006288;0;7;0;0;1;7;1;A01
201400006289;0;3;0;0;1;1;11;A01
201400006290;0;33;0;0;2;1;2;A01
201400006290;0;7;0;0;0;4;2;B02
201400006291;0;7;0;0;1;1;19;A01
201400006292;0;7;0;0;2;2;1;A01
201400006292;0;10;0;0;0;3;10;B02
201400006293;0;7;0;0;2;1;0;A01
201400006293;0;7;0;0;2;3;0;B02
201400006294;0;33;0;3;0;2;1;A01
201400006295;0;10;0;0;2;1;1;A01
201400006295;0;37;0;0;2;4;23;B02
201400006296;0;7;0;2;0;3;13;A01
201400006297;1;7;0;2;0;2;1;A01
201400006298;0;14;0;0;0;4;23;C03
201400006298;0;7;0;0;0;4;23;B02
201400006298;0;7;0;14;0;1;1;A01
201400006299;0;30;0;0;0;7;16;A01
201400006300;0;1;0;0;2;1;1;A01
201400006300;0;7;0;0;9;1;15;B02
201400006300;0;31;0;0;9;1;1;C03
201400006301;0;7;0;0;2;2;1;A01
201400006301;0;99;0;0;0;8;1;B02
201400006302;0;7;0;0;9;3;2;C03
201400006302;0;7;0;0;0;5;2;B02
201400006302;0;30;0;0;2;1;2;A01
201400006303;0;2;0;0;2;7;1;B02
201400006303;0;7;0;0;2;7;5;A01
201400006304;0;10;0;0;2;3;1;A01
201400006304;0;7;0;0;2;3;1;B02
201400006305;0;2;0;0;0;0;1;A01
201400006306;0;7;0;0;1;1;1;A01
201400006307;0;7;0;0;2;1;1;A01
201400006307;0;7;0;0;2;1;19;B02
201400006308;0;7;0;1;0;1;14;A01
201400006308;0;15;0;1;0;6;0;B02
201400006309;0;30;0;6;0;2;1;A01
201400006310;0;3;0;0;2;3;1;A01
201400006310;0;7;0;0;2;3;1;B02
201400006311;0;7;0;2;6;3;21;A01
201400006312;0;7;0;0;0;9;17;B02
201400006312;0;7;0;0;2;8;1;A01
201400006313;0;7;0;0;1;1;1;A01
201400006314;0;33;0;0;2;1;1;A01
201400006314;0;7;0;0;0;4;15;B02
201400006315;0;7;0;0;2;1;2;B02
201400006315;0;7;0;0;0;4;23;A01
201400006316;0;7;0;0;2;2;16;A01
201400006316;0;7;0;0;2;2;1;B02
201400006317;0;7;0;0;2;1;13;A01
201400006317;0;7;0;0;2;3;1;B02
201400006318;0;1;0;0;0;0;0;B02
201400006318;0;7;0;0;2;3;1;A01
201400006319;0;7;0;2;0;8;1;A01
201400006320;0;7;0;2;2;1;1;A01
201400006321;0;7;0;0;2;2;1;A01
201400006321;0;7;0;2;0;8;15;B02
201400006322;0;7;0;0;2;2;9;A01
201400006322;0;31;0;0;2;1;0;B02
201400006323;0;7;0;13;0;1;1;A01
201400006324;0;7;0;0;0;3;1;B02
201400006324;0;7;0;0;0;3;13;A01
201400006325;0;31;0;8;0;1;2;A01
201400006326;0;7;0;0;2;2;1;B02
201400006326;0;30;0;0;2;1;1;A01
201400006327;0;1;0;12;2;8;5;B02
201400006327;0;7;0;0;9;1;1;A01
201400006328;0;30;0;14;0;1;13;A01
201400006329;0;1;0;0;2;1;1;A01
201400006329;0;7;0;0;2;2;1;B02
201400006330;0;33;0;0;6;1;1;A01
201400006331;0;7;0;6;0;1;13;A01
201400006332;1;31;0;0;2;1;12;A01
201400006332;0;1;0;0;2;1;1;B02
201400006333;0;7;0;0;0;0;1;A01
201400006333;0;7;0;0;2;7;21;B02
201400006334;0;7;0;0;2;1;0;B02
201400006334;0;7;0;0;6;1;21;A01
201400006335;0;7;0;0;2;3;15;A01
201400006335;0;30;0;0;2;1;17;B02
201400006336;0;7;0;0;1;8;15;A01
201400006337;0;30;0;8;2;2;17;A01
201400006337;0;7;0;0;2;3;15;B02
201400006338;0;2;0;0;2;1;1;A01
201400006338;0;7;0;0;2;3;15;B02
201400006339;0;33;0;0;2;1;17;A01
201400006339;0;7;0;0;2;1;13;B02
201400006340;0;7;0;0;2;1;2;A01
201400006340;0;10;0;0;2;3;1;C03
201400006340;0;7;0;0;2;4;13;B02
201400006341;0;17;0;0;2;8;0;E05
201400006341;0;7;0;0;2;8;1;B02
201400006341;0;7;0;0;2;1;1;C03
201400006341;0;17;0;0;0;8;0;D04
201400006341;0;7;0;0;2;1;13;A01
201400006342;0;7;0;0;0;1;15;A01
201400006342;0;2;0;0;0;8;1;B02
201400006343;0;1;0;0;2;4;2;B02
201400006343;0;7;0;0;2;2;2;A01
201400006344;0;33;0;12;0;7;16;A01
201400006345;0;33;0;0;0;8;1;A01
201400006346;0;7;0;2;0;2;14;A01
201400006347;0;33;0;0;0;2;16;A01
201400006348;0;7;0;13;0;2;17;A01
201400006349;0;20;0;13;0;2;1;A01
201400006350;0;7;0;0;9;7;1;A01
201400006350;0;1;0;0;2;8;1;B02
201400006351;0;33;0;0;0;8;1;A01
201400006352;0;7;0;0;2;1;5;B02
201400006352;0;7;0;0;2;7;5;A01
201400006353;0;7;0;0;2;1;1;B02
201400006353;0;2;0;0;2;8;19;A01
201400006354;0;7;0;0;2;1;21;B02
201400006354;0;7;0;0;2;1;13;A01
201400006355;0;33;0;0;0;0;19;A01
201400006356;0;7;0;0;2;1;1;B02
201400006356;0;7;0;0;2;1;13;A01
201400006357;0;33;0;0;0;7;16;A01
201400006358;0;33;0;0;0;3;0;A01
201400006359;0;33;0;0;0;3;1;A01
201400006360;0;7;0;1;1;2;1;A01
201400006361;0;7;0;0;1;3;15;A01
201400006362;0;30;0;0;1;1;2;A01
201400006363;0;7;0;0;2;1;1;B02
201400006363;0;7;0;0;2;1;1;A01
201400006364;0;30;0;0;2;1;1;B02
201400006364;0;10;0;0;2;6;1;A01
201400006365;0;7;0;0;9;2;2;A01
201400006365;0;1;0;0;0;4;1;B02
201400006366;0;7;0;0;2;8;1;B02
201400006366;0;1;0;0;2;1;16;A01
201400006367;0;7;0;0;0;6;16;B02
201400006367;0;30;0;0;2;1;2;A01
201400006368;0;7;0;16;2;3;1;B02
201400006368;0;7;0;0;2;3;13;A01
201400006369;0;30;0;0;0;0;0;A01
201400006370;0;7;0;6;0;1;1;A01
201400006371;0;7;0;0;1;3;15;A01
201400006372;0;33;0;0;0;1;13;A01
201400006373;0;30;0;0;2;1;13;B02
201400006373;0;7;0;0;2;1;1;A01
201400006374;0;7;0;0;2;1;5;A01
201400006374;0;7;0;0;2;1;1;B02
201400006375;0;7;0;2;0;3;1;A01
201400006376;0;2;0;0;2;1;15;A01
201400006376;0;10;0;0;2;1;1;B02
201400006377;0;7;0;0;2;1;1;C03
201400006377;0;21;0;0;2;4;1;B02
201400006377;0;7;0;0;2;1;13;A01
201400006378;0;7;0;2;0;1;13;A01
201400006379;0;7;0;0;2;3;1;B02
201400006379;0;1;0;0;2;1;1;A01
201400006380;0;33;0;3;0;8;1;A01
201400006381;0;33;0;0;0;7;1;A01
201400006382;0;7;0;0;2;2;1;A01
201400006382;0;2;0;0;2;1;15;B02
201400006383;0;33;0;13;0;8;1;A01
201400006384;0;7;0;0;2;3;13;A01
201400006384;0;33;0;0;2;1;1;B02
201400006384;0;33;0;0;2;1;1;C03
201400006385;0;7;0;9;0;1;19;A01
201400006386;0;7;0;0;2;1;1;A01
201400006386;0;2;0;0;2;1;1;B02
201400006387;0;1;0;0;0;8;1;B02
201400006387;0;7;0;0;0;0;1;A01
201400006388;0;7;0;0;1;3;1;A01
201400006389;0;7;0;0;0;8;15;B02
201400006389;0;1;0;0;2;1;1;C03
201400006389;0;33;0;8;2;2;17;A01
201400006390;0;30;0;0;2;1;17;A01
201400006390;0;7;0;0;2;6;1;B02
201400006391;0;7;0;16;0;9;1;A01
201400006392;0;3;0;2;0;1;1;A01
201400006392;0;7;0;0;2;3;13;B02
201400006392;0;7;0;0;2;3;1;C03
201400006393;0;7;0;0;2;8;0;B02
201400006393;0;7;0;0;2;8;13;A01
201400006394;0;31;0;0;2;1;1;B02
201400006394;0;7;0;0;2;3;1;A01
201400006395;0;7;0;0;2;7;1;A01
201400006395;0;7;0;0;2;1;19;B02
201400006396;0;1;0;0;2;6;1;A01
201400006397;0;7;0;13;0;3;14;A01
201400006398;0;33;0;11;0;1;1;A01
201400006399;0;33;0;0;2;3;13;A01
201400006399;0;33;0;0;2;3;1;B02
201400006400;0;33;0;0;2;3;13;A01
201400006400;0;33;0;0;2;3;1;B02
201400006401;0;10;0;0;2;7;15;B02
201400006401;0;1;0;0;2;1;1;A01
201400006402;0;10;0;0;2;7;15;B02
201400006402;0;1;0;0;2;1;1;A01
201400006403;0;7;0;0;2;7;19;A01
201400006403;0;7;0;0;2;2;1;B02
201400006404;0;7;0;0;2;1;15;A01
201400006404;0;7;0;14;2;1;1;C03
201400006404;0;35;0;0;2;1;1;B02
201400006405;0;7;0;0;2;1;13;A01
201400006405;0;17;0;0;2;3;1;B02
201400006406;0;7;0;0;1;2;2;A01
201400006407;0;10;0;0;1;2;1;A01
201400006408;0;7;0;0;1;1;1;A01
201400006409;0;7;0;0;2;3;1;A01
201400006409;0;1;0;0;0;6;19;B02
201400006410;0;33;0;0;2;1;1;A01
201400006410;0;7;0;0;0;7;15;B02
201400006411;0;7;0;2;0;1;16;A01
201400006412;0;33;0;0;2;1;13;A01
201400006412;0;7;0;0;2;3;1;B02
201400006413;0;7;0;13;0;1;0;A01
201400006414;0;7;0;2;0;3;1;A01
201400006415;0;7;0;0;2;3;0;C03
201400006415;0;7;0;0;2;3;13;A01
201400006415;0;7;0;0;2;3;0;B02
201400006416;0;14;0;0;2;1;0;A01
201400006416;0;7;0;0;2;1;0;B02
201400006417;0;7;0;2;0;1;13;A01
201400006418;0;7;0;2;0;7;13;A01
201400006419;0;7;0;0;2;8;1;A01
201400006419;0;33;0;0;2;1;1;C03
201400006419;0;33;0;0;2;9;21;B02
201400006420;0;7;0;0;2;3;1;B02
201400006420;0;14;0;0;2;3;13;A01
201400006421;0;7;0;0;2;4;1;C03
201400006421;0;7;0;0;2;1;1;D04
201400006421;0;7;0;0;2;4;1;B02
201400006421;0;7;0;0;0;4;1;A01
201400006422;0;7;0;2;0;1;1;A01
201400006423;0;33;0;0;2;1;1;A01
201400006423;0;21;0;0;2;6;15;B02
201400006424;0;33;0;13;0;1;1;A01
201400006425;0;7;0;0;0;6;1;A01
201400006425;0;33;0;0;0;1;1;B02
201400006426;0;7;0;0;2;3;1;B02
201400006426;0;10;0;0;2;3;1;A01
201400006427;0;7;0;0;9;6;1;B02
201400006427;0;34;0;0;2;3;1;A01
201400006428;0;7;0;0;2;3;13;A01
201400006428;0;7;0;0;2;3;0;B02
201400006429;0;14;0;0;2;2;1;B02
201400006429;0;7;0;0;2;3;19;A01
201400006430;0;7;0;10;0;1;1;A01
201400006431;0;7;0;0;2;3;1;A01
201400006431;0;2;0;0;2;1;1;B02
201400006432;0;7;0;0;2;1;16;A01
201400006432;0;1;0;0;2;3;19;B02
201400006433;0;7;0;0;2;1;2;A01
201400006433;0;7;0;0;2;4;2;B02
201400006434;0;10;0;0;2;3;21;B02
201400006434;0;7;0;0;2;2;19;A01
201400006435;0;7;0;0;2;1;1;B02
201400006435;0;7;0;0;2;1;13;A01
201400006436;0;33;0;0;0;0;1;A01
201400006437;0;7;0;2;0;1;13;A01
201400006438;0;7;0;2;2;4;14;B02
201400006438;0;7;0;0;2;1;2;A01
201400006439;0;7;0;13;0;1;1;A01
201400006440;0;33;0;0;2;1;21;B02
201400006440;0;7;0;0;2;3;15;A01
201400006441;0;7;0;0;0;3;9;A01
201400006441;0;1;0;0;0;2;9;B02
201400006442;0;33;0;0;0;8;0;A01
201400006443;0;7;0;6;0;3;2;A01
201400006444;0;7;0;0;0;9;14;A01
201400006445;0;30;0;0;2;1;1;A01
201400006445;0;7;0;0;2;4;23;B02
201400006446;0;7;0;2;0;8;1;A01
201400006447;0;7;0;0;0;1;1;A01
201400006448;0;7;0;0;0;5;15;A01
201400006448;0;2;0;0;2;1;0;B02
201400006449;0;7;0;13;0;1;1;A01
201400006450;0;33;0;6;0;1;1;A01
201400006451;0;7;0;0;1;3;1;A01
201400006452;0;7;0;0;2;3;15;B02
201400006452;0;33;0;0;2;1;1;A01
201400006453;0;30;0;0;2;4;23;A01
201400006453;0;30;0;1;2;1;1;B02
201400006453;0;30;0;0;2;1;1;C03
201400006454;0;7;0;0;2;1;13;A01
201400006454;0;15;0;0;2;3;1;B02
201400006455;0;7;0;0;0;0;0;A01
201400006456;0;3;0;0;2;1;6;A01
201400006456;0;10;0;0;2;1;1;B02
201400006457;0;7;0;0;6;0;14;A01
201400006458;0;7;0;12;0;9;13;A01
201400006459;0;7;0;0;0;0;1;A01
201400006460;0;7;0;0;1;3;1;A01
201400006461;0;7;0;0;1;5;4;A01
201400006462;0;1;0;0;2;2;19;A01
201400006462;0;7;0;0;2;1;1;B02
201400006463;0;7;0;0;2;3;1;A01
201400006463;0;14;0;0;2;3;13;B02
201400006464;0;7;0;0;2;3;1;A01
201400006464;0;33;0;0;2;1;16;B02
201400006465;0;7;0;8;0;7;0;A01
201400006466;0;1;0;0;0;0;0;B02
201400006467;0;7;0;0;0;1;1;B02
201400006467;0;7;0;0;2;3;11;A01
201400006468;0;7;0;0;1;7;1;A01
201400006469;0;33;0;0;2;1;1;A01
201400006469;0;1;0;0;2;4;1;B02
201400006470;0;7;0;0;2;1;5;A01
201400006470;0;7;0;0;2;1;1;B02
201400006471;0;1;0;0;2;1;19;A01
201400006471;0;10;0;0;2;3;1;B02
201400006472;0;7;0;0;2;2;1;A01
201400006472;0;7;0;0;2;3;1;B02
201400006473;0;33;0;0;2;1;1;A01
201400006473;0;7;0;0;2;3;1;B02
201400006474;0;30;0;0;1;4;1;B02
201400006474;0;30;0;0;2;1;21;A01
201400006475;0;7;0;0;2;3;1;B02
201400006475;0;7;0;0;2;1;1;A01
201400006476;0;7;0;0;2;3;1;B02
201400006476;0;7;0;0;2;1;19;A01
201400006477;0;33;0;7;0;2;1;A01
201400006478;0;7;0;0;1;2;1;A01
201400006479;0;33;0;0;0;0;0;A01
201400006480;0;33;0;3;0;7;15;A01
201400006481;0;33;0;0;2;9;1;A01
201400006481;0;7;0;0;2;1;1;B02
201400006482;0;1;0;0;0;2;1;A01
201400006483;0;14;0;0;1;2;2;A01
201400006484;0;1;0;0;2;8;13;A01
201400006484;0;15;0;0;2;7;17;B02
201400006485;0;7;0;0;2;1;13;A01
201400006485;0;7;0;0;2;3;1;B02
201400006486;0;7;0;0;1;6;4;A01
201400006487;0;7;0;0;2;3;9;A01
201400006487;0;2;0;0;2;7;1;B02
201400006488;0;7;0;2;0;2;1;A01
201400006489;0;30;0;15;0;1;1;A01
201400006490;0;10;0;8;2;2;17;A01
201400006490;0;7;0;0;0;6;1;B02
201400006491;0;10;0;2;0;1;1;A01
201400006492;0;7;0;0;1;3;1;A01
201400006493;0;7;0;0;2;3;13;A01
201400006493;0;7;0;0;2;3;1;B02
201400006494;0;7;0;2;0;1;1;A01
201400006495;0;10;0;0;2;3;1;A01
201400006495;0;7;0;0;2;2;1;B02
201400006496;0;7;0;13;0;1;1;A01
201400006497;0;7;0;0;1;1;1;A01
201400006498;0;7;0;0;2;1;13;A01
201400006498;0;10;0;0;2;3;1;B02
201400006498;0;7;0;0;2;8;1;C03
201400006499;0;15;0;0;2;1;21;B02
201400006499;0;7;0;0;2;1;13;A01
201400006500;0;7;0;0;1;8;20;A01
201400006501;0;33;0;0;2;1;13;A01
201400006501;0;7;0;0;2;3;1;B02
201400006502;0;7;0;2;0;9;14;A01
201400006503;0;7;0;0;2;5;15;A01
201400006503;0;33;0;0;2;1;1;B02
201400006504;0;33;0;0;0;0;1;A01
201400006505;0;7;0;0;0;6;16;A01
201400006505;0;7;0;0;2;1;1;B02
201400006506;0;33;0;0;2;1;1;A01
201400006506;0;7;0;0;2;1;1;B02
201400006507;0;33;0;6;0;1;1;A01
201400006508;0;7;0;0;2;0;1;A01
201400006508;0;7;0;0;2;3;16;B02
201400006509;0;7;0;4;0;3;1;A01
201400006510;0;17;0;0;1;2;15;A01
201400006511;0;30;0;0;2;7;1;A01
201400006511;0;7;0;0;2;3;15;B02
201400006512;0;3;0;2;0;1;19;A01
201400006513;0;7;0;0;2;3;13;A01
201400006513;0;7;0;0;2;3;21;B02
201400006514;0;1;0;0;2;1;1;A01
201400006514;0;7;0;0;2;6;15;B02
201400006515;0;10;0;0;1;3;1;A01
201400006516;0;7;0;0;2;6;19;A01
201400006516;0;2;0;0;2;1;1;B02
201400006517;0;7;0;0;1;3;1;A01
201400006518;0;31;0;0;0;7;1;A01
201400006519;0;33;0;0;2;1;13;A01
201400006519;0;7;0;0;2;3;1;B02
201400006520;0;7;0;2;0;1;1;A01
201400006521;0;7;0;0;1;7;1;A01
201400006522;0;30;0;9;0;1;1;A01
201400006523;0;7;0;8;0;6;1;A01
201400006524;0;33;0;0;2;8;1;A01
201400006524;0;7;0;0;2;8;1;B02
201400006525;0;7;0;2;0;1;14;A01
201400006526;0;7;0;16;0;0;1;A01
201400006527;0;7;0;2;0;1;14;A01
201400006528;0;33;0;0;0;0;1;A01
201400006529;0;7;0;2;0;3;14;A01
201400006530;0;33;0;0;0;1;1;A01
201400006531;0;7;0;2;0;1;14;A01
201400006532;0;33;0;13;0;2;1;A01
201400006533;0;30;0;0;0;0;1;A01
201400006534;0;7;0;13;0;3;21;A01
201400006535;0;7;0;2;0;3;1;A01
201400006536;0;7;0;7;0;1;14;A01
201400006537;0;7;0;6;0;1;13;A01
201400006538;0;7;0;0;1;3;21;A01
201400006539;0;31;0;14;0;1;13;A01
201400006540;0;7;0;0;2;1;13;A01
201400006540;0;37;1;0;2;1;1;B02
201400006541;0;7;0;0;2;1;13;A01
201400006541;0;14;0;0;2;1;1;B02
201400006542;0;7;0;2;0;1;16;A01
201400006543;0;2;0;0;2;3;9;A01
201400006543;0;7;0;0;2;1;1;B02
201400006544;0;7;0;0;2;3;13;A01
201400006544;0;14;0;0;2;3;1;B02
201400006545;0;7;0;2;0;1;14;A01
201400006546;0;7;0;0;2;1;13;A01
201400006546;0;7;0;0;2;1;1;B02
201400006547;0;7;0;0;2;2;2;A01
201400006547;0;1;0;0;2;3;19;B02
201400006548;0;7;0;0;2;3;19;B02
201400006548;0;30;0;0;2;1;1;A01
201400006549;0;2;0;0;2;1;1;A01
201400006549;1;7;0;0;2;7;15;A02
201400006550;0;14;0;0;2;2;1;B02
201400006550;0;7;0;0;2;8;15;A01
201400006551;0;7;0;0;2;2;1;A01
201400006551;0;2;0;0;2;8;1;B02
201400006552;0;7;0;0;1;7;1;A01
201400006553;0;30;0;0;2;7;15;A01
201400006553;0;7;0;0;2;1;9;B02
201400006554;0;7;0;0;1;3;1;A01
201400006555;0;1;0;0;0;7;1;B02
201400006555;0;7;0;0;2;3;9;A01
201400006556;0;7;0;0;2;7;6;A01
201400006556;0;2;0;0;2;1;1;B02
201400006557;0;2;0;0;2;3;1;B02
201400006557;0;7;0;0;2;3;13;A01
201400006558;0;7;0;0;1;2;1;A01
201400006559;0;7;0;0;2;2;15;B02
201400006559;0;30;0;0;2;1;1;A01
201400006560;0;7;0;7;0;1;1;A01
201400006561;0;7;0;0;1;2;1;A01
201400006562;0;10;0;0;2;2;15;A01
201400006562;0;34;0;0;2;8;1;B02
201400006563;0;7;0;0;1;3;1;A01
201400006564;0;1;0;0;2;1;1;A01
201400006564;0;7;0;0;2;3;1;B01
201400006565;0;7;0;0;2;3;1;A01
201400006565;0;7;0;0;2;3;1;B02
201400006566;0;7;0;0;2;3;1;A01
201400006566;0;7;0;0;2;6;1;B02
201400006567;0;7;0;0;2;3;1;A01
201400006567;0;7;0;0;2;3;1;B02
201400006568;0;10;0;0;2;2;2;A01
201400006568;0;33;0;0;0;4;15;B02
201400006569;0;7;0;0;2;8;15;A01
201400006569;0;7;0;0;2;1;1;B02
201400006570;0;7;0;0;2;2;1;A01
201400006570;0;1;0;0;0;4;1;B02
201400006571;0;7;0;0;1;7;1;A01
201400006572;0;33;0;13;0;1;0;A01
201400006573;0;33;0;13;0;1;13;A01
201400006574;0;7;0;0;2;1;15;B02
201400006574;0;33;0;0;0;8;1;A01
201400006575;0;1;0;0;2;1;19;A01
201400006575;0;7;0;0;2;7;1;B02
201400006576;0;7;0;1;1;2;14;A01
201400006577;0;30;0;2;0;1;0;A01
201400006578;0;7;0;0;2;3;1;A01
201400006578;0;1;0;0;2;1;19;B02
201400006579;0;7;0;2;0;1;14;A01
201400006580;0;7;0;0;2;1;1;B02
201400006580;0;7;0;0;2;8;15;A01
201400006581;0;7;0;13;0;2;13;A01
201400006582;0;7;0;0;1;2;1;A01
201400006583;0;33;0;6;2;3;13;A01
201400006583;0;7;0;0;2;6;1;B02
201400006584;0;33;0;6;0;2;1;A01
201400006585;0;20;0;2;0;9;13;A01
201400006586;0;7;0;3;0;9;1;A01
201400006587;0;7;0;0;1;5;1;A01
201400006588;0;7;0;0;2;5;20;A01