num_acc;senc;catv;occutc;obs;obsm;choc;manv;num_veh
201400006588;0;33;0;0;2;1;1;B02
201400006589;0;7;0;0;2;3;2;A01
201400006589;0;33;0;0;0;5;2;B02
201400006590;0;7;0;0;1;3;1;A01
201400006591;0;7;0;4;2;2;13;A01
201400006591;0;17;0;0;2;9;1;B02
201400006592;0;7;0;0;2;2;9;B02
201400006592;0;1;0;0;2;1;1;A01
201400006593;0;7;0;0;1;1;1;A01
201400006594;0;33;0;0;2;1;13;A01
201400006594;0;7;0;0;2;1;1;B02
201400006595;0;33;0;14;0;1;1;A01
201400006596;0;7;0;0;2;3;1;A01
201400006596;0;1;0;0;2;1;13;B02
201400006597;0;7;0;0;4;1;5;A01
201400006597;0;39;3;0;2;1;1;B02
201400006598;0;33;0;2;0;1;1;A01
201400006599;0;10;0;0;2;1;1;A01
201400006599;0;1;0;0;2;4;1;B02
201400006600;0;7;0;2;0;5;1;A01
201400006601;0;31;0;0;2;1;15;A01
201400006601;0;7;0;0;2;7;1;B02
201400006602;0;7;0;0;1;2;1;A01
201400006603;0;10;0;0;2;3;15;A01
201400006603;0;31;0;0;2;1;1;B02
201400006604;0;21;0;0;2;7;17;A01
201400006604;0;1;0;0;2;1;2;B02
201400006605;0;17;0;0;2;3;1;B02
201400006605;0;7;0;0;2;3;13;A01
201400006606;0;1;0;0;2;7;1;B02
201400006606;0;1;0;0;2;2;0;C03
201400006606;0;7;0;0;2;3;16;A01
201400006607;0;7;0;0;2;3;13;B01
201400006607;0;7;0;0;2;6;21;C02
201400006607;0;7;0;0;2;3;1;A03
201400006608;0;7;0;0;2;3;1;A01
201400006608;0;7;0;0;0;2;19;B02
201400006609;0;7;0;0;2;1;1;B02
201400006609;0;7;0;0;2;1;15;A01
201400006610;0;7;0;1;0;1;1;A01
201400006611;0;7;0;0;2;2;13;A01
201400006611;0;7;0;0;2;3;1;B02
201400006612;0;21;0;0;2;6;15;B02
201400006612;0;2;0;0;2;1;17;A01
201400006613;0;7;0;2;0;1;1;A01
201400006614;0;7;0;2;0;1;13;A01
201400006615;0;7;0;2;0;3;13;A01
201400006616;0;7;0;0;2;1;17;A01
201400006616;0;7;0;0;2;1;1;B02
201400006616;0;15;0;0;2;8;1;C03
201400006617;0;7;0;0;2;1;13;A01
201400006617;0;7;0;0;9;6;1;C03
201400006617;0;17;0;0;2;3;1;B02
201400006618;0;7;0;0;2;4;16;B02
201400006618;0;33;0;0;2;1;2;A01
201400006619;0;15;0;0;0;0;17;A01
201400006619;0;1;0;12;0;1;1;B02
201400006620;0;7;0;1;0;1;14;D04
201400006620;0;7;0;0;2;4;24;C03
201400006620;0;10;0;0;2;3;13;A01
201400006620;0;7;0;1;0;1;1;E05
201400006620;0;15;0;0;2;4;24;F06
201400006620;0;7;0;0;2;3;1;B02
201400006621;0;7;0;0;1;1;1;A01
201400006622;0;15;0;0;2;3;1;B02
201400006622;0;7;0;0;2;3;13;A01
201400006623;0;7;0;0;2;3;1;B02
201400006623;0;7;0;0;2;2;1;A01
201400006624;0;7;0;0;1;5;20;A01
201400006625;0;7;0;0;2;7;1;A01
201400006625;0;14;0;0;2;1;0;B02
201400006626;0;7;0;0;2;1;1;A01
201400006626;0;16;0;0;2;7;19;B02
201400006627;0;33;0;0;2;1;1;B02
201400006627;0;7;0;0;2;6;15;A01
201400006628;0;2;0;0;2;1;1;A01
201400006628;0;7;0;0;2;4;15;B02
201400006629;0;7;0;0;2;1;1;B02
201400006629;0;7;0;0;2;1;0;A01
201400006630;0;7;0;0;2;8;21;B02
201400006630;0;7;0;0;2;1;21;C03
201400006630;0;17;0;0;2;1;13;A01
201400006630;0;7;0;0;2;0;21;D04
201400006631;0;31;0;0;0;8;21;A01
201400006632;0;7;0;13;0;3;13;A01
201400006633;0;33;0;0;2;1;1;B02
201400006633;0;7;0;0;2;5;15;A01
201400006634;0;7;0;2;0;1;1;A01
201400006635;0;33;0;0;0;9;1;A01
201400006636;0;10;0;0;2;5;15;B02
201400006636;0;33;0;0;2;1;1;A01
201400006637;0;33;0;0;2;1;1;A01
201400006637;0;7;0;0;2;3;19;B02
201400006638;0;7;0;0;2;1;2;A01
201400006638;0;7;0;6;2;4;2;B02
201400006639;0;10;0;1;0;1;1;A01
201400006639;0;10;0;0;0;4;24;B02
201400006640;0;7;0;3;0;1;1;A01
201400006641;0;2;0;0;2;1;1;A01
201400006641;0;7;0;0;2;3;17;B02
201400006642;0;7;0;0;2;1;1;B02
201400006642;0;7;0;0;2;1;15;A01
201400006643;0;7;0;0;1;7;1;A01
201400006644;0;7;0;0;2;2;1;B02
201400006644;0;15;0;0;2;3;1;A01
201400006645;0;7;0;2;0;1;10;A01
201400006646;0;7;0;0;0;8;1;B02
201400006646;0;7;0;0;2;3;16;A01
201400006647;0;7;0;0;2;3;1;A01
201400006647;0;7;0;0;2;1;1;B02
201400006648;0;7;0;16;0;9;0;A01
201400006649;0;7;0;2;0;1;1;A01
201400006650;0;14;0;0;2;2;1;B02
201400006650;0;7;0;0;2;6;1;A01
201400006651;0;7;0;0;2;1;19;A01
201400006651;0;7;0;0;2;3;1;B02
201400006652;0;7;0;0;0;2;1;A01
201400006653;0;10;0;0;2;3;1;B02
201400006653;0;7;0;0;2;3;13;A01
201400006654;0;7;0;13;0;1;14;A01
201400006655;0;7;0;2;0;3;1;A01
201400006656;0;7;0;0;2;1;15;B02
201400006656;0;7;0;0;2;1;1;A01
201400006656;0;15;0;0;2;2;1;C03
201400006657;0;7;0;2;0;8;13;A01
201400006658;0;7;0;0;0;4;0;A01
201400006658;0;7;0;0;2;1;1;B02
201400006659;0;7;0;2;0;1;1;A01
201400006660;0;2;0;0;0;0;1;A01
201400006661;0;14;0;0;2;3;1;A01
201400006661;0;7;0;0;2;7;19;B02
201400006662;0;7;0;0;1;2;15;A01
201400006663;0;7;0;2;0;3;1;A01
201400006664;0;3;0;0;0;4;1;A01
201400006664;0;7;0;0;2;2;1;B02
201400006665;0;7;0;6;0;2;1;A01
201400006666;0;7;0;2;2;1;13;A01
201400006666;0;7;0;0;2;1;1;B02
201400006667;0;7;0;0;2;3;1;A01
201400006667;0;31;0;0;2;1;1;B02
201400006668;0;7;0;0;2;1;1;A01
201400006668;0;1;0;0;2;3;19;B02
201400006669;0;10;0;0;2;8;17;B02
201400006669;0;7;0;0;2;3;9;A01
201400006670;0;7;0;8;0;2;1;A01
201400006671;0;17;0;0;2;6;23;B02
201400006671;0;17;0;1;0;2;1;A01
201400006672;0;7;0;0;2;8;19;A01
201400006672;0;7;0;0;2;1;1;B02
201400006673;0;14;0;13;0;3;1;A01
201400006674;0;10;0;0;2;1;1;A01
201400006674;0;7;0;0;2;1;13;B02
201400006675;0;33;0;7;0;1;14;A01
201400006676;0;7;0;0;2;1;1;B02
201400006676;0;7;0;0;2;1;1;A01
201400006677;0;7;0;0;1;1;16;A01
201400006678;0;33;0;13;0;8;14;A01
201400006679;0;7;0;0;2;3;21;B02
201400006679;0;7;0;0;2;3;21;C03
201400006679;0;7;0;3;2;2;5;A01
201400006680;0;31;0;13;0;2;1;A01
201400006681;0;7;0;13;1;2;0;A01
201400006682;0;7;0;0;1;1;1;A01
201400006682;0;14;0;0;1;6;21;B02
201400006683;0;33;0;0;2;1;1;B02
201400006683;0;7;0;16;2;5;19;A01
201400006684;0;7;0;0;2;3;1;B02
201400006684;0;7;0;0;2;3;13;A01
201400006685;0;7;0;0;2;1;17;A01
201400006685;0;7;0;0;2;1;1;B02
201400006685;0;7;0;0;2;8;1;C03
201400006686;0;7;0;0;2;1;13;A01
201400006686;0;7;0;0;2;1;1;B02
201400006687;0;10;0;0;2;2;1;B02
201400006687;0;30;0;0;2;1;15;A01
201400006688;0;7;0;13;0;1;1;A01
201400006689;0;7;0;0;2;3;1;B02
201400006689;0;7;0;0;2;3;1;A01
201400006690;0;7;0;0;0;0;0;A01
201400006691;0;7;0;0;2;2;2;A01
201400006691;0;1;0;0;2;4;2;B02
201400006692;0;10;0;2;0;1;1;A01
201400006693;0;33;0;7;0;1;0;A01
201400006694;0;7;0;0;2;1;1;A01
201400006694;0;7;0;0;2;2;19;B02
201400006695;0;7;0;0;2;2;15;B02
201400006695;0;7;0;0;2;3;1;A01
201400006696;0;33;0;0;0;1;1;A01
201400006697;0;33;0;0;2;1;17;B02
201400006697;0;14;0;0;0;6;15;A01
201400006698;0;31;0;0;2;1;17;A01
201400006698;0;10;0;0;2;8;15;B02
201400006699;0;7;0;0;2;1;1;B02
201400006699;0;7;0;0;2;8;19;A01
201400006700;0;7;0;0;0;0;0;A01
201400006701;0;7;0;2;0;2;1;A01
201400006702;0;7;0;13;0;2;0;A01
201400006703;0;36;0;0;0;0;2;A01
201400006704;0;10;0;0;0;3;13;B02
201400006704;0;15;0;0;2;3;1;A01
201400006705;0;7;0;0;2;1;1;B02
201400006705;0;7;0;0;2;1;19;A01
201400006706;0;7;0;0;1;1;1;A01
201400006707;0;7;0;12;0;2;1;A01
201400006708;0;7;0;0;1;2;16;A01
201400006709;0;7;0;0;2;1;1;B02
201400006709;0;7;0;0;2;8;19;A01
201400006710;0;7;0;0;0;9;1;A01
201400006711;0;33;0;0;0;0;1;A01
201400006712;0;33;0;0;0;2;1;A01
201400006713;0;7;0;0;2;1;1;A01
201400006713;0;7;0;0;2;7;1;B02
201400006714;0;7;0;0;0;0;14;A01
201400006715;0;17;0;0;4;7;1;A01
201400006715;0;39;0;0;2;1;1;B02
201400006716;0;10;0;0;2;1;1;B02
201400006716;0;7;0;0;2;2;13;A01
201400006717;0;7;0;0;2;3;1;B02
201400006717;0;7;0;0;2;2;13;A01
201400006718;0;7;0;13;0;3;0;A01
201400006719;0;7;0;0;2;7;1;A01
201400006719;0;7;0;0;2;1;1;B02
201400006720;0;7;0;0;0;0;19;A01
201400006721;0;7;0;0;2;1;15;A02
201400006721;0;7;0;0;2;2;1;B01
201400006722;0;7;0;0;2;3;1;B02
201400006722;0;7;0;0;2;1;13;A01
201400006723;0;7;0;13;0;1;1;A01
201400006724;0;7;0;2;0;9;14;A01
201400006725;0;7;0;0;0;1;0;B02
201400006725;0;7;0;0;1;1;1;A01
201400006726;0;33;0;13;0;1;21;A01
201400006727;0;3;0;0;1;2;1;A01
201400006728;0;15;0;0;1;7;16;A01
201400006729;0;7;0;0;2;1;2;C03
201400006729;0;7;0;0;1;1;1;A01
201400006729;0;7;0;0;2;2;2;B02
201400006730;0;7;0;0;2;3;21;C03
201400006730;0;7;0;0;0;0;11;A01
201400006730;0;14;0;0;2;3;1;B02
201400006731;0;7;0;6;0;1;1;A01
201400006732;0;7;0;0;2;1;18;A01
201400006732;0;7;0;0;2;1;1;B02
201400006733;0;7;0;0;2;3;15;A01
201400006733;0;30;0;0;2;1;1;B02
201400006734;0;33;0;0;2;1;1;A01
201400006734;0;7;0;0;0;6;20;B02
201400006735;0;7;0;2;0;2;14;A01
201400006736;0;7;0;0;0;1;13;A01
201400006737;0;7;0;16;0;1;1;A01
201400006738;0;7;0;13;0;1;1;A01
201400006739;0;7;0;16;0;9;1;A01
201400006740;0;31;0;6;0;1;1;A01
201400006741;0;10;0;0;2;1;15;A01
201400006741;0;2;0;0;2;1;1;B02
201400006742;0;36;0;1;0;1;10;A01
201400006743;0;7;0;13;0;3;1;A01
201400006744;0;7;0;0;2;1;2;A01
201400006744;0;7;0;0;2;4;1;B02
201400006745;0;7;0;0;2;2;13;A01
201400006745;0;7;0;0;2;3;1;B02
201400006746;0;7;0;0;2;7;1;A01
201400006746;0;7;0;0;2;3;23;B02
201400006746;0;7;0;0;2;1;1;C03
201400006747;0;7;0;0;2;1;1;B02
201400006747;0;36;0;0;2;8;9;A01
201400006748;0;7;0;0;2;8;6;A01
201400006748;0;7;0;0;2;1;1;B02
201400006749;0;7;0;0;0;4;23;A01
201400006749;0;7;0;1;0;1;11;B02
201400006750;0;1;0;0;2;7;19;A01
201400006750;0;14;0;0;2;1;1;B02
201400006751;0;7;0;0;0;6;19;A01
201400006751;0;7;0;0;2;1;1;B02
201400006752;0;7;0;0;0;6;23;A01
201400006752;0;10;0;1;0;2;1;B02
201400006753;0;33;0;0;2;1;1;B02
201400006753;0;7;0;0;2;8;15;A01
201400006754;0;7;0;13;0;2;1;A01
201400006755;0;7;0;0;2;1;1;A01
201400006755;0;7;0;0;2;4;23;B02
201400006756;0;7;0;8;0;2;1;A01
201400006757;0;7;0;8;0;1;1;A01
201400006758;0;7;0;1;0;2;16;A01
201400006759;0;7;0;13;0;9;1;A01
201400006760;0;7;0;0;2;3;0;A01
201400006760;0;7;0;0;2;1;0;B02
201400006761;0;2;0;3;0;8;0;A01
201400006762;0;7;0;0;2;1;13;A01
201400006762;0;7;0;0;2;1;1;B02
201400006763;0;10;0;0;2;3;1;A01
201400006763;0;7;0;0;2;3;1;B02
201400006764;0;7;0;12;2;7;1;B02
201400006764;0;7;0;12;2;8;19;A01
201400006765;0;33;0;0;2;1;13;A01
201400006765;0;7;0;0;2;3;1;B02
201400006766;0;7;0;13;0;0;1;A01
201400006767;0;7;0;0;0;7;1;B02
201400006767;0;7;0;0;2;1;19;A01
201400006768;0;7;0;0;2;2;19;A01
201400006768;0;7;0;0;2;1;1;B02
201400006769;0;7;0;0;0;0;0;A01
201400006770;0;7;0;0;2;3;13;A01
201400006770;0;7;0;0;2;0;1;B02
201400006771;0;14;0;0;0;8;0;A01
201400006772;0;7;0;0;2;3;1;B02
201400006772;0;7;0;0;2;3;13;A01
201400006773;0;7;0;15;0;1;1;A01
201400006774;0;7;0;0;1;0;15;A01
201400006775;0;33;0;0;0;0;1;A01
201400006776;0;33;0;9;0;1;1;A01
201400006777;0;7;0;0;1;6;15;A01
201400006778;0;1;0;0;0;1;5;A01
201400006778;0;7;0;0;0;2;16;B01
201400006779;0;7;0;0;2;3;13;A01
201400006779;0;15;0;0;2;2;1;B02
201400006780;0;7;0;0;1;2;15;A01
201400006781;0;7;0;13;0;9;1;A01
201400006782;0;7;0;2;0;1;1;A01
201400006783;0;33;0;0;2;2;17;A01
201400006783;0;7;0;0;0;3;15;B02
201400006784;0;7;0;2;0;1;0;A01
201400006785;0;10;0;0;9;1;1;A01
201400006785;0;1;0;0;2;8;1;B02
201400006786;0;7;0;8;0;1;1;A01
201400006787;0;2;0;0;0;0;1;A01
201400006788;0;7;0;0;1;2;1;A01
201400006789;0;7;0;0;1;3;0;A01
201400006790;0;10;0;15;0;1;1;A01
201400006791;0;7;0;2;0;1;1;A01
201400006792;0;7;0;5;0;1;1;A01
201400006793;0;7;0;8;0;1;21;A01
201400006794;0;7;0;0;0;0;1;A01
201400006795;0;7;0;0;2;1;5;A01
201400006795;0;7;0;0;2;1;1;B02
201400006796;0;7;0;0;0;2;1;A01
201400006797;0;30;0;12;0;1;1;A01
201400006798;0;3;0;0;2;5;1;A01
201400006798;1;7;0;0;2;2;15;B02
201400006799;0;7;0;6;0;3;1;A01
201400006800;0;7;0;16;0;1;1;A01
201400006801;0;7;0;2;0;3;14;A01
201400006802;0;7;0;0;0;9;21;A01
201400006803;0;7;0;2;0;1;14;A01
201400006804;0;7;0;0;2;2;15;A01
201400006804;0;7;0;0;2;1;1;B02
201400006804;0;7;0;0;2;2;15;C03
201400006805;0;7;0;0;0;1;1;A01
201400006806;0;30;0;0;2;8;17;A01
201400006806;0;17;0;0;0;8;1;B02
201400006807;0;7;0;0;2;1;5;A01
201400006807;0;7;0;0;2;1;1;B02
201400006808;0;7;0;0;2;1;19;A01
201400006808;0;7;0;0;2;6;1;B02
201400006808;0;10;0;0;2;1;1;C03
201400006809;0;7;0;0;2;3;1;B02
201400006809;0;32;0;0;2;1;5;A01
201400006810;0;7;0;0;0;7;19;B02
201400006810;0;7;0;0;2;1;1;A01
201400006811;0;7;0;0;1;2;1;A01
201400006812;0;7;0;0;2;7;19;B02
201400006812;0;7;0;0;2;1;1;A01
201400006813;0;31;0;0;0;3;1;A01
201400006814;0;1;0;1;0;2;1;A01
201400006815;0;7;0;13;0;1;0;A01
201400006816;0;10;0;2;0;7;1;A01
201400006817;0;7;0;13;0;2;1;A01
201400006818;0;7;0;0;2;3;23;B02
201400006818;0;7;0;1;0;1;1;A01
201400006819;0;17;0;0;2;1;1;B02
201400006819;0;7;0;0;2;1;13;A01
201400006820;0;31;0;0;2;1;1;A01
201400006820;0;21;0;0;2;1;1;B02
201400006821;0;33;0;0;2;1;1;B02
201400006821;0;7;0;0;2;7;15;A01
201400006822;0;7;0;0;2;1;1;B02
201400006822;0;7;0;0;2;1;15;A01
201400006823;0;7;0;2;0;1;13;A01
201400006824;0;7;0;13;0;2;1;A01
201400006825;0;7;0;0;2;2;1;B02
201400006825;0;2;0;0;2;1;13;A01
201400006826;0;7;0;3;0;3;1;A01
201400006827;0;15;0;0;2;3;1;C03
201400006827;0;17;0;0;2;4;1;B02
201400006827;0;7;0;0;2;1;1;A01
201400006828;0;7;0;0;0;0;2;A01
201400006828;0;30;0;0;0;0;2;B02
201400006829;0;7;0;13;0;1;1;A01
201400006830;0;7;0;0;1;2;15;A01
201400006831;0;7;0;16;0;1;1;A01
201400006832;0;14;0;0;9;0;1;A01
201400006832;0;1;0;0;0;0;1;B02
201400006833;0;7;0;13;0;3;13;A01
201400006834;0;33;0;12;0;0;1;A01
201400006835;0;7;0;0;2;3;1;B02
201400006835;0;7;0;0;2;3;13;A01
201400006836;0;7;0;0;2;4;23;C03
201400006836;0;10;0;0;2;4;23;B02
201400006836;0;15;0;0;2;1;1;A01
201400006836;0;10;0;0;2;4;23;D04
201400006837;0;7;0;0;2;7;13;A01
201400006837;0;10;0;0;2;1;1;B02
201400006838;0;7;0;0;9;3;1;C03
201400006838;0;15;0;0;2;3;1;B02
201400006838;0;7;0;0;2;3;13;A01
201400006839;0;7;0;10;0;1;13;A01
201400006840;0;7;0;0;2;9;1;A01
201400006840;0;7;0;0;2;1;1;B02
201400006841;0;7;0;16;0;9;1;A01
201400006842;0;7;0;2;0;1;15;A01
201400006843;0;7;0;0;2;4;2;B02
201400006843;0;7;0;0;2;1;2;A01
201400006844;0;17;0;0;0;8;5;A01
201400006845;0;17;0;0;0;3;1;B02
201400006845;0;7;0;0;0;3;13;A01
201400006846;0;7;0;0;1;1;15;A01
201400006847;0;7;0;1;0;3;1;A01
201400006848;0;7;0;2;0;8;1;A01
201400006849;0;7;0;0;0;3;15;B02
201400006849;0;33;0;0;2;1;2;A01
201400006850;0;7;0;1;0;1;14;A01
201400006851;0;7;0;16;0;0;1;A01
201400006852;0;2;0;0;2;1;1;B02
201400006852;0;7;0;0;2;1;1;A01
201400006853;0;31;0;0;2;1;1;A01
201400006853;0;30;0;0;2;7;1;B02
201400006854;0;7;0;13;0;1;1;A01
201400006855;0;7;0;0;2;3;17;A01
201400006855;0;7;0;0;2;3;1;B02
201400006856;0;7;0;0;2;1;2;B02
201400006856;0;7;0;0;2;4;2;A01
201400006857;0;7;0;0;2;3;1;B02
201400006857;0;20;0;0;0;6;16;A01
201400006858;0;1;0;0;0;7;1;A01
201400006859;0;30;0;0;6;2;1;A01
201400006860;0;7;0;0;2;1;13;A01
201400006860;0;15;0;0;2;1;1;B02
201400006861;0;7;0;0;0;1;2;A01
201400006862;0;7;0;2;0;1;1;A01
201400006863;0;7;0;0;1;4;20;A01
201400006864;0;7;0;0;2;1;1;A01
201400006864;0;15;0;0;2;1;1;B02
201400006865;0;7;0;0;9;3;1;B02
201400006865;0;35;0;0;2;3;16;A01
201400006866;0;10;0;3;0;3;13;A01
201400006866;0;7;0;14;0;1;1;C03
201400006866;0;14;0;14;0;3;1;B02
201400006867;0;7;0;2;0;1;1;A01
201400006868;0;7;0;0;2;3;13;A01
201400006868;0;14;0;0;2;8;1;B02
201400006869;0;99;0;0;0;0;1;A01
201400006870;0;2;0;0;2;1;1;A01
201400006870;0;7;0;0;2;7;1;B02
201400006871;0;7;0;13;0;1;1;A01
201400006872;0;7;0;0;1;2;1;A01
201400006873;0;10;0;0;2;3;1;A01
201400006873;0;14;0;0;2;3;1;B02
201400006874;0;7;0;0;2;2;1;A01
201400006874;0;7;0;0;2;6;1;B02
201400006875;0;7;0;0;2;2;2;A01
201400006875;0;1;0;0;0;4;1;B02
201400006876;0;7;0;13;0;3;1;A01
201400006877;0;1;0;0;0;3;1;B02
201400006877;0;7;0;0;0;2;14;A01
201400006878;0;7;0;0;2;3;15;B02
201400006878;0;7;0;0;2;1;1;A01
201400006879;0;2;0;0;2;3;1;B02
201400006879;0;7;0;0;0;2;15;A01
201400006880;0;7;0;0;1;7;21;A01
201400006881;0;33;0;16;0;1;1;A01
201400006882;0;7;0;0;2;2;15;A01
201400006882;0;30;0;0;2;1;1;B02
201400006883;0;7;0;1;1;0;1;C01
201400006884;0;33;0;8;0;1;1;A01
201400006885;0;99;0;0;1;4;4;A01
201400006886;0;33;0;2;0;0;1;A01
201400006887;0;7;0;0;2;7;13;A01
201400006887;0;7;0;0;2;1;1;B02
201400006888;0;7;0;0;2;2;0;B02
201400006888;0;7;0;0;2;3;19;A01
201400006889;0;7;0;0;0;5;15;A01
201400006889;0;30;0;0;2;1;1;B02
201400006890;0;30;0;0;2;1;19;A01
201400006890;0;33;0;0;2;7;19;B02
201400006891;0;7;0;0;2;8;19;A01
201400006891;0;33;0;0;2;1;2;B02
201400006892;0;1;0;0;2;8;1;A01
201400006892;0;7;0;0;9;1;1;B02
201400006893;0;7;0;0;2;8;19;B02
201400006893;0;17;0;0;2;1;1;A01
201400006894;0;7;0;0;2;8;9;A01
201400006894;0;33;0;0;2;1;2;B02
201400006895;0;7;0;0;1;1;1;A01
201400006896;0;7;0;0;2;8;15;B02
201400006896;0;7;0;0;2;1;1;A01
201400006897;0;7;0;0;2;3;13;A01
201400006897;0;7;0;0;2;3;1;B02
201400006898;0;7;0;0;2;2;1;A01
201400006898;0;33;0;0;2;1;1;B02
201400006899;0;33;0;0;2;1;1;B02
201400006899;0;17;0;0;2;7;15;A01
201400006900;0;10;0;13;0;3;1;A01
201400006901;0;7;0;13;0;0;1;A01
201400006902;0;7;0;0;2;2;19;B02
201400006902;0;2;0;0;2;8;1;A01
201400006903;0;7;0;2;0;2;1;A01
201400006904;0;33;0;0;6;1;1;A01
201400006905;0;7;0;13;0;1;13;A01
201400006906;0;7;0;0;2;1;13;A01
201400006906;0;7;0;0;2;1;1;B02
201400006907;0;7;0;14;0;4;1;A01
201400006908;0;7;0;13;0;0;1;A01
201400006909;0;2;0;0;2;0;17;B02
201400006909;0;7;0;0;2;3;15;A01
201400006910;0;7;0;0;0;1;0;A01
201400006911;0;33;0;0;2;1;17;A01
201400006911;0;7;0;0;0;8;15;B02
201400006912;0;7;0;2;0;4;1;A01
201400006913;0;10;0;0;2;7;1;B02
201400006913;0;14;0;0;2;1;19;A01
201400006914;0;7;0;0;2;1;17;C03
201400006914;0;7;0;0;2;3;1;A01
201400006914;0;7;0;0;2;1;1;B02
201400006915;0;7;0;6;0;1;1;A01
201400006916;0;7;0;0;2;1;13;A01
201400006916;0;15;0;0;2;1;1;B02
201400006917;0;7;0;0;2;5;13;A01
201400006917;0;7;0;0;2;1;1;B02
201400006918;0;99;0;6;0;1;14;A01
201400006919;0;1;0;0;2;7;19;A01
201400006919;0;7;0;0;2;2;1;B02
201400006920;0;33;0;0;2;1;1;B02
201400006920;0;7;0;0;2;8;15;A01
201400006921;0;7;0;0;2;2;1;A01
201400006921;0;2;0;0;2;8;19;B02
201400006922;0;2;0;12;0;1;0;A01
201400006923;0;1;0;0;2;7;1;B02
201400006923;0;7;0;0;2;1;19;A01
201400006924;0;33;0;0;0;8;1;A01
201400006925;0;7;0;0;2;1;0;B02
201400006925;0;7;0;0;2;2;1;A01
201400006926;0;7;0;0;2;3;0;A01
201400006926;0;7;0;0;2;3;0;B02
201400006927;0;30;0;0;2;7;0;A01
201400006927;0;7;0;0;2;1;19;B02
201400006928;0;7;0;0;2;3;15;A01
201400006928;0;7;0;0;2;1;1;B02
201400006929;0;7;0;0;2;7;13;A01
201400006929;0;10;0;0;2;1;1;B02
201400006930;0;7;0;0;2;1;1;B02
201400006930;0;7;0;0;2;7;13;A01
201400006931;0;7;0;0;0;9;1;A01
201400006932;0;7;0;0;2;1;5;A01
201400006932;0;10;0;0;2;1;1;B02
201400006933;0;7;0;0;0;9;1;A01
201400006934;0;7;0;0;2;1;17;A01
201400006934;0;7;0;0;2;1;1;B02
201400006935;0;7;0;0;0;0;1;A01
201400006936;0;14;0;0;2;6;19;B02
201400006936;0;2;0;0;2;1;1;A01
201400006937;0;33;0;0;2;1;1;B02
201400006937;0;7;0;0;9;0;15;A01
201400006938;0;7;0;0;9;0;1;A01
201400006938;0;31;0;0;2;0;1;B02
201400006939;0;7;0;0;2;3;19;B02
201400006939;0;31;0;0;2;7;1;A01
201400006940;0;7;0;0;2;2;13;A01
201400006940;0;7;0;0;2;1;1;B02
201400006941;0;7;0;2;0;7;13;A01
201400006942;0;7;0;0;2;1;17;A01
201400006942;0;7;0;0;2;1;1;B02
201400006943;0;7;0;13;0;1;1;A01
201400006944;0;7;0;0;2;6;15;A01
201400006944;0;7;0;0;2;2;1;B02
201400006945;0;7;0;13;0;1;1;A01
201400006946;0;7;0;0;0;3;1;A01
201400006947;0;7;0;0;0;8;19;A01
201400006947;0;10;0;0;2;1;1;B02
201400006948;0;7;0;0;2;1;1;C03
201400006948;0;7;0;0;2;6;15;A01
201400006948;0;7;0;0;2;1;1;B02
201400006949;0;7;0;2;0;1;19;A01
201400006950;0;33;0;13;0;2;1;A01
201400006951;0;7;0;0;2;8;16;A01
201400006951;0;1;0;0;2;1;1;B02
201400006952;0;7;0;2;0;8;1;A01
201400006953;0;7;0;0;2;3;15;A01
201400006953;0;15;0;0;2;2;1;B02
201400006954;0;7;0;6;0;2;1;A01
201400006955;0;7;0;0;2;7;1;A01
201400006955;0;7;0;0;2;1;1;B02
201400006956;0;21;0;0;2;3;1;A01
201400006956;0;7;0;0;2;3;1;B02
201400006957;0;7;0;2;0;8;1;A01
201400006958;0;7;0;0;2;1;15;A01
201400006958;0;33;0;0;2;3;1;B02
201400006959;0;7;0;2;0;2;14;A01
201400006960;0;7;0;0;2;1;13;A01
201400006960;0;14;0;0;2;3;1;B02
201400006961;0;21;0;0;0;6;19;A01
201400006961;0;7;0;0;2;2;1;B02
201400006962;0;10;0;0;2;1;15;A01
201400006962;0;1;0;0;2;1;1;B02
201400006963;0;33;0;0;2;4;2;A01
201400006963;0;33;0;0;2;1;2;B02
201400006964;0;2;0;0;0;7;14;A01
201400006965;0;7;0;0;2;4;2;B02
201400006965;0;33;0;0;2;9;2;A01
201400006966;0;10;0;0;1;2;2;A01
201400006967;0;10;0;6;0;3;1;A01
201400006968;0;7;0;1;1;3;13;B02
201400006968;0;7;0;0;2;2;15;C03
201400006969;0;3;0;15;0;1;1;A01
201400006970;0;7;0;13;0;1;1;A01
201400006971;0;7;0;15;0;1;14;A01
201400006972;0;7;0;0;2;3;1;B02
201400006972;0;7;0;0;2;1;9;A01
201400006973;0;7;0;0;2;5;15;B02
201400006973;0;3;0;0;2;3;2;A01
201400006974;0;7;0;0;1;2;16;A01
201400006975;0;31;0;0;2;8;0;B02
201400006975;0;7;0;0;0;7;15;A01
201400006976;0;33;0;0;2;8;17;A01
201400006976;0;7;0;0;2;3;15;B02
201400006977;0;7;0;0;2;3;13;A01
201400006977;0;7;0;0;2;3;1;B02
201400006978;0;2;0;0;2;1;0;B02
201400006978;0;7;0;0;2;1;15;A01
201400006979;0;7;0;13;0;1;1;A01
201400006980;0;33;0;0;2;1;13;A01
201400006980;0;10;0;0;2;3;1;B02