num_acc;senc;catv;occutc;obs;obsm;choc;manv;num_veh
201400006981;0;10;0;2;0;9;1;A01
201400006982;0;7;0;0;2;1;1;C03
201400006982;0;7;0;0;2;7;17;A01
201400006982;0;10;0;0;2;3;1;B02
201400006983;0;7;0;0;2;1;1;B02
201400006983;0;7;0;0;2;8;9;A01
201400006984;0;7;0;0;2;5;9;A01
201400006984;0;33;0;0;2;1;1;B02
201400006985;0;7;0;0;2;1;17;B02
201400006985;0;7;0;0;2;8;15;A01
201400006986;0;33;0;0;0;1;15;A01
201400006987;0;7;0;2;0;1;1;A01
201400006988;0;7;0;0;2;1;13;A01
201400006988;0;7;0;0;2;1;1;B02
201400006989;0;7;0;0;2;3;13;A01
201400006989;0;7;0;0;2;3;2;B02
201400006990;0;30;0;0;2;1;1;A01
201400006990;0;37;0;0;2;6;1;B02
201400006991;0;10;0;0;2;1;1;B02
201400006991;0;10;0;0;2;1;1;A01
201400006992;0;7;0;13;0;1;1;A01
201400006993;0;10;0;2;0;9;1;A01
201400006994;0;14;0;0;2;2;17;A01
201400006994;0;21;0;0;2;2;15;B02
201400006995;0;33;0;2;0;7;0;A01
201400006996;0;7;0;16;0;9;13;A01
201400006997;0;33;0;13;0;1;1;A01
201400006998;0;7;0;8;0;3;16;A01
201400006999;0;7;0;2;0;3;1;A01
201400007000;0;7;0;2;0;2;1;A01
201400007001;0;33;0;2;0;8;1;A01
201400007002;0;7;0;0;2;3;1;B02
201400007002;0;7;0;0;2;3;13;A01
201400007003;0;7;0;0;1;1;1;A01
201400007004;0;33;0;8;0;8;13;A01
201400007005;0;33;0;0;0;0;13;B02
201400007006;0;1;0;0;0;7;1;A01
201400007007;0;13;0;0;9;1;1;B02
201400007007;0;1;0;0;2;2;16;A01
201400007008;0;31;0;16;1;2;1;A01
201400007009;0;33;0;13;0;1;1;A01
201400007010;0;7;0;2;0;1;1;A01
201400007011;0;36;0;2;0;1;21;A01
201400007012;0;31;0;8;0;1;14;A01
201400007013;0;7;0;2;0;8;14;A01
201400007014;0;7;0;6;0;4;21;A01
201400007015;0;7;0;0;1;2;1;A01
201400007016;0;7;0;0;2;1;1;C03
201400007016;0;7;0;0;2;3;1;B02
201400007016;0;7;0;0;2;3;13;A01
201400007017;0;7;0;2;0;1;1;A01
201400007018;0;33;0;0;2;7;1;A01
201400007018;0;7;0;0;2;2;19;B02
201400007019;0;31;0;3;0;2;1;A01
201400007020;0;31;0;3;0;1;14;A01
201400007021;0;10;0;0;2;3;1;A01
201400007021;0;7;0;0;2;1;1;B02
201400007022;0;31;0;1;0;1;1;A01
201400007023;0;7;0;6;0;1;14;A01
201400007024;0;7;0;0;2;1;1;B02
201400007024;0;7;0;0;2;1;13;A01
201400007025;0;7;0;0;0;1;16;A01
201400007025;0;7;0;14;2;7;1;B02
201400007026;0;7;0;0;2;1;2;A01
201400007026;0;7;0;0;0;4;2;B02
201400007027;0;7;0;2;0;7;1;A01
201400007028;0;2;0;0;2;1;9;A01
201400007028;0;7;0;0;2;8;12;B02
201400007029;0;7;0;0;2;2;17;A01
201400007029;0;7;0;0;2;8;1;B02
201400007029;0;20;0;0;2;6;2;C03
201400007030;0;7;0;8;0;3;1;A01
201400007031;0;21;0;0;2;6;15;B02
201400007031;0;7;0;0;2;3;21;A01
201400007032;0;7;0;8;0;1;1;A01
201400007033;0;2;0;0;2;1;13;A01
201400007033;0;21;0;0;2;3;1;B02
201400007034;0;7;0;2;0;3;1;A01
201400007035;0;7;0;0;2;3;13;A01
201400007035;0;10;0;0;2;3;1;B02
201400007036;0;17;0;1;0;1;2;A01
201400007036;0;17;0;1;0;1;0;C03
201400007036;0;17;0;0;0;0;23;E05
201400007037;0;7;0;0;0;7;13;A01
201400007037;0;7;0;0;0;1;1;B02
201400007038;0;7;0;2;0;1;0;A01
201400007039;0;7;0;0;0;1;1;A01
201400007039;0;7;0;0;0;1;0;B02
201400007040;0;7;0;0;0;6;11;A01
201400007040;0;7;0;0;0;2;1;B02
201400007041;0;7;0;0;2;1;13;A01
201400007041;0;7;0;0;2;1;1;B02
201400007042;0;2;0;15;0;1;1;A01
201400007043;0;7;0;0;2;1;13;A01
201400007043;0;7;0;0;2;1;1;B02
201400007043;0;7;0;0;2;2;1;C03
201400007044;0;7;0;0;2;2;13;A01
201400007044;0;10;0;0;2;3;1;B02
201400007045;0;7;0;0;2;2;17;A01
201400007045;0;2;0;0;2;8;15;B02
201400007046;0;2;0;0;0;1;0;A01
201400007046;0;7;0;0;0;3;0;B02
201400007047;0;7;0;0;2;1;13;A01
201400007047;0;7;0;0;2;2;1;B02
201400007048;0;31;0;0;0;1;1;A01
201400007049;0;7;0;0;1;1;1;A01
201400007050;0;10;0;0;2;2;15;A01
201400007050;0;1;0;0;2;1;1;B02
201400007051;0;7;0;8;0;8;1;A01
201400007052;0;33;0;2;0;1;17;A01
201400007053;0;31;0;0;5;1;1;A01
201400007054;0;30;0;0;6;1;1;A01
201400007055;0;7;0;0;1;3;15;A01
201400007056;0;7;0;0;1;2;1;A01
201400007057;0;14;0;0;0;0;0;A01
201400007057;0;7;0;14;0;0;5;B02
201400007058;0;33;0;0;2;1;1;A01
201400007058;0;33;0;0;2;1;1;B02
201400007058;0;7;0;0;2;1;1;C03
201400007059;0;7;0;0;1;1;15;A01
201400007060;0;7;0;0;0;2;15;A01
201400007060;0;2;0;0;0;8;1;B02
201400007061;0;7;0;0;1;1;1;A01
201400007062;0;35;0;13;0;3;1;A01
201400007063;0;33;0;0;2;1;13;A01
201400007063;0;7;0;0;2;2;1;B02
201400007064;0;13;0;0;0;0;14;A01
201400007065;0;7;0;0;2;1;1;A01
201400007065;0;21;0;0;2;1;1;B02
201400007066;0;7;0;0;2;1;0;A01
201400007066;0;7;0;0;2;3;15;B02
201400007067;0;7;0;0;1;3;1;A01
201400007068;0;7;0;0;0;2;2;A01
201400007069;0;1;0;0;2;1;15;A01
201400007069;0;7;0;0;2;2;1;B02
201400007070;0;31;0;0;2;1;1;A01
201400007071;0;7;0;0;2;1;15;A01
201400007071;0;33;0;0;2;1;1;B02
201400007072;0;33;0;0;2;1;13;A01
201400007072;0;7;0;0;2;6;15;B02
201400007073;0;33;0;0;0;7;1;A01
201400007074;0;7;0;2;0;7;21;A01
201400007075;0;7;0;0;2;1;15;A01
201400007075;0;2;0;0;2;1;1;B02
201400007076;0;7;0;0;9;1;2;A01
201400007076;0;1;0;0;0;4;2;B02
201400007077;0;7;0;0;0;7;15;A01
201400007077;0;31;0;0;2;1;1;B02
201400007078;0;7;0;0;0;4;15;A01
201400007078;0;2;0;0;2;8;1;B02
201400007078;0;2;0;0;2;4;1;C03
201400007078;0;2;0;0;2;1;1;D04
201400007079;0;7;0;16;0;3;1;A01
201400007080;0;7;0;0;1;2;1;A01
201400007081;0;33;0;0;0;8;17;A01
201400007081;0;7;0;0;0;4;15;B02
201400007082;0;30;0;15;0;2;5;A01
201400007083;0;7;0;1;0;2;1;A01
201400007084;0;30;0;0;2;1;1;A01
201400007084;0;1;0;0;2;4;1;B02
201400007085;0;30;0;0;2;1;5;A01
201400007085;0;7;0;0;2;2;1;B02
201400007086;0;7;0;0;2;1;13;A01
201400007086;0;7;0;0;2;1;1;B02
201400007087;0;7;0;0;0;2;14;A01
201400007088;0;10;0;0;1;3;1;A01
201400007089;0;7;0;0;1;3;1;A01
201400007090;0;30;0;0;2;1;1;A01
201400007090;0;7;0;0;0;7;15;B02
201400007091;0;7;0;0;1;7;1;A01
201400007092;0;7;0;0;0;2;1;A01
201400007093;0;7;0;0;2;2;1;A01
201400007093;0;30;0;0;2;1;19;B02
201400007094;0;33;0;0;0;7;15;A01
201400007095;0;33;0;0;2;3;13;A01
201400007095;0;10;0;0;2;3;1;B02
201400007096;0;7;0;0;1;2;15;A01
201400007097;0;30;0;0;2;1;1;A01
201400007097;0;7;0;0;2;3;1;B02
201400007098;0;7;0;2;0;8;1;A01
201400007099;0;7;0;2;0;3;13;A01
201400007100;0;7;0;0;2;2;21;A01
201400007100;0;36;0;0;2;3;24;B02
201400007101;0;10;0;0;0;2;1;A01
201400007102;0;7;0;0;2;7;0;A01
201400007102;0;7;0;0;2;3;0;B02
201400007103;0;7;0;0;2;1;13;A01
201400007103;0;21;0;0;2;1;15;B02
201400007104;0;10;0;8;0;2;14;A01
201400007105;0;7;0;13;0;8;1;A01
201400007106;0;30;0;0;2;3;1;A01
201400007107;0;17;0;0;0;4;24;A01
201400007107;0;17;0;1;0;1;0;B02
201400007108;0;7;0;2;0;1;1;A01
201400007109;0;7;0;0;2;7;17;A01
201400007109;0;7;0;0;2;3;15;B02
201400007110;0;15;0;0;2;8;1;A01
201400007110;0;15;0;0;2;3;1;B02
201400007111;0;10;0;0;1;3;15;A01
201400007112;0;7;0;0;2;1;16;A01
201400007112;0;7;0;0;2;1;1;B02
201400007113;0;7;0;0;2;8;15;B02
201400007113;0;33;0;0;2;1;13;A01
201400007114;0;7;0;0;2;1;13;A01
201400007114;0;7;0;0;2;3;1;B02
201400007115;0;10;0;0;1;1;0;A01
201400007116;0;30;0;0;2;2;16;A01
201400007116;0;7;0;0;2;3;1;B02
201400007117;0;2;0;0;2;1;17;A01
201400007117;0;7;0;0;2;6;15;B02
201400007118;0;7;0;10;0;1;1;A01
201400007119;0;7;0;0;2;8;19;A01
201400007119;0;7;0;0;2;1;1;B02
201400007120;0;7;0;3;1;7;1;A01
201400007121;0;7;0;0;1;1;1;A01
201400007122;0;7;0;3;2;7;13;A01
201400007122;0;7;0;0;2;1;1;B02
201400007123;0;7;0;13;0;1;1;A01
201400007124;0;7;0;0;2;3;9;A01
201400007124;0;15;0;0;2;1;1;B02
201400007125;0;7;0;0;2;1;1;A01
201400007125;0;7;0;0;2;4;1;B02
201400007125;0;7;0;0;2;1;1;C03
201400007126;0;7;0;2;0;3;1;A01
201400007127;0;7;0;13;0;1;1;A01
201400007128;0;17;0;0;2;1;1;A01
201400007128;0;15;0;0;2;3;1;B02
201400007129;0;33;0;13;0;1;1;A01
201400007130;0;7;0;13;0;3;1;A01
201400007131;0;10;0;0;0;8;19;A01
201400007131;0;10;0;0;2;1;1;B02
201400007132;0;7;0;2;5;1;1;A01
201400007133;0;33;0;6;0;1;1;A01
201400007134;0;7;0;0;2;3;17;A01
201400007134;0;17;0;0;2;6;1;B02
201400007134;0;7;0;0;2;3;1;C03
201400007135;0;7;0;1;0;1;1;A01
201400007135;0;38;1;0;2;4;23;B02
201400007136;0;7;0;0;2;2;1;A01
201400007136;0;21;0;0;2;1;16;B02
201400007137;0;7;0;10;0;9;1;A01
201400007138;0;7;0;0;2;1;13;A01
201400007138;0;7;0;0;2;3;1;B02
201400007139;0;33;0;0;2;1;1;A01
201400007139;0;7;0;0;2;3;1;B02
201400007140;0;7;0;0;0;3;15;A01
201400007140;0;31;0;0;0;3;1;B02
201400007141;0;21;0;0;2;6;19;A01
201400007141;0;33;0;0;2;1;1;B02
201400007142;0;10;0;0;0;4;2;A01
201400007142;0;10;0;0;2;1;2;C03
201400007143;0;7;0;0;2;9;24;A01
201400007143;0;16;0;1;0;1;1;B02
201400007144;0;10;0;4;0;3;1;A01
201400007144;0;7;0;0;1;1;1;B02
201400007145;0;7;0;7;0;1;0;A01
201400007146;0;7;0;0;2;1;0;A01
201400007146;0;15;0;0;0;6;0;B02
201400007147;0;7;0;0;2;1;0;A01
201400007147;0;7;0;0;0;4;0;B02
201400007148;0;7;0;0;2;1;14;A01
201400007148;0;17;0;0;0;0;1;B02
201400007149;0;10;0;0;2;6;2;A01
201400007149;0;17;0;0;0;0;2;B02
201400007150;0;7;0;4;0;1;0;A01
201400007151;0;7;0;11;0;1;1;A01
201400007152;0;7;0;0;2;1;2;A01
201400007152;0;14;0;0;0;5;2;B02
201400007153;0;7;0;13;0;9;1;A01
201400007154;0;7;0;13;0;9;1;A01
201400007155;0;15;0;0;2;1;2;A01
201400007155;2;7;0;0;9;4;2;B02
201400007156;0;17;0;8;0;4;11;A01
201400007156;0;17;0;0;2;1;2;B02
201400007156;0;7;0;0;2;1;2;C03
201400007157;0;7;0;0;2;3;1;B01
201400007157;0;7;0;0;2;2;15;A02
201400007158;0;7;0;13;0;3;1;A01
201400007159;0;7;0;0;0;1;1;A01
201400007159;0;7;0;0;0;8;15;B02
201400007160;0;7;0;6;0;1;1;A01
201400007161;0;7;0;0;2;5;13;A01
201400007161;0;7;0;0;2;1;1;B02
201400007162;0;33;0;3;0;2;15;A01
201400007163;0;7;0;8;0;1;1;A01
201400007164;0;7;0;0;2;3;13;A01
201400007164;0;30;0;0;2;1;1;B02
201400007165;0;10;0;0;6;1;1;A01
201400007166;0;17;0;2;0;7;1;A01
201400007167;0;7;0;16;0;9;1;A01
201400007168;0;7;0;2;0;9;1;A01
201400007169;0;7;0;2;0;1;14;A01
201400007170;0;7;0;8;0;3;0;A01
201400007171;0;7;0;0;2;1;1;A01
201400007171;0;7;0;0;2;4;0;B02
201400007172;0;7;0;13;0;3;1;A01
201400007173;0;7;0;0;1;2;1;A01
201400007174;0;7;0;0;2;3;13;A01
201400007174;0;7;0;0;2;3;1;B02
201400007175;0;7;0;0;0;0;1;A01
201400007176;0;7;0;0;2;3;15;B02
201400007176;0;7;0;0;2;1;1;A01
201400007177;0;15;0;0;2;8;13;A01
201400007177;0;7;0;0;2;8;0;B02
201400007178;0;7;0;0;2;2;14;A01
201400007178;0;1;0;0;2;6;2;B02
201400007179;0;7;0;0;0;8;15;A01
201400007179;0;33;0;0;2;3;1;B02
201400007180;0;7;0;0;0;3;1;A01
201400007180;0;31;0;0;2;1;1;B02
201400007181;0;7;0;8;0;2;15;A01
201400007182;0;7;0;0;2;7;19;B02
201400007182;0;7;0;0;2;1;1;A01
201400007183;0;7;0;0;2;7;1;A01
201400007183;0;7;0;0;2;1;1;B02
201400007184;0;17;0;0;2;6;15;A01
201400007184;0;33;0;0;2;1;1;B02
201400007185;0;7;0;0;2;6;1;B02
201400007185;0;30;0;0;2;1;1;A01
201400007186;0;7;0;0;2;7;15;A01
201400007186;0;7;0;0;2;7;1;B02
201400007187;0;7;0;8;0;1;14;A01
201400007188;0;7;0;0;2;1;1;B02
201400007188;0;7;0;0;2;8;9;A01
201400007189;0;7;0;0;2;8;1;B02
201400007189;0;7;0;0;2;3;9;A01
201400007190;0;7;0;0;9;1;2;A01
201400007190;0;1;0;0;0;4;2;B02
201400007190;0;1;0;0;0;4;2;C03
201400007191;0;7;0;0;1;1;1;A01
201400007192;0;7;0;0;2;2;2;A01
201400007192;0;30;0;0;2;4;2;B02
201400007193;0;7;0;2;0;3;1;A01
201400007194;0;33;0;0;2;1;0;B02
201400007194;0;7;0;0;2;3;19;A01
201400007195;0;7;0;0;2;1;1;A01
201400007195;0;21;0;0;2;1;1;B02
201400007196;0;33;0;2;0;2;1;A01
201400007197;0;33;0;0;0;8;1;A01
201400007198;0;7;0;0;0;1;1;A01
201400007199;0;7;0;13;0;1;1;A01
201400007200;0;10;0;2;0;3;13;A01
201400007201;0;7;0;0;2;3;13;A01
201400007201;0;7;0;0;2;3;1;B02
201400007202;0;7;0;0;0;2;2;A01
201400007202;0;1;0;0;0;4;2;B02
201400007203;0;7;0;0;2;2;2;A01
201400007203;0;99;0;0;0;4;1;B02
201400007204;0;7;0;0;2;0;0;A01
201400007204;0;7;0;0;2;1;1;B02
201400007205;0;7;0;0;2;6;15;A01
201400007205;0;7;0;0;2;3;1;B02
201400007206;0;7;0;16;0;1;1;A01
201400007207;0;14;0;0;0;7;14;A01
201400007207;0;1;0;0;0;8;2;B02
201400007208;0;33;0;0;0;7;2;A01
201400007209;0;7;0;6;0;1;13;A01
201400007210;0;7;0;0;2;1;1;B02
201400007211;0;7;0;2;0;3;1;A01
201400007212;0;7;0;0;2;2;15;A01
201400007212;0;7;0;6;2;2;21;B02
201400007213;0;7;0;0;0;3;19;B02
201400007213;0;7;0;13;0;8;1;A01
201400007214;0;7;0;0;0;2;1;A01
201400007215;0;7;0;0;0;7;19;A01
201400007215;0;7;0;0;0;1;1;B02
201400007216;0;7;0;0;2;3;1;A01
201400007216;0;7;0;0;2;8;1;B02
201400007216;0;7;0;0;2;1;1;C03
201400007217;0;7;0;0;2;2;1;A01
201400007217;0;7;0;0;2;3;19;B02
201400007218;0;7;0;6;0;1;1;A01
201400007219;0;21;0;0;2;6;1;A01
201400007219;0;38;23;0;2;8;1;B02
201400007220;0;7;0;0;0;0;19;A01
201400007220;0;2;0;0;0;0;1;B02
201400007221;0;7;0;0;2;3;9;A01
201400007221;0;1;0;0;2;8;19;B02
201400007222;0;7;0;16;0;9;1;A01
201400007223;0;7;0;0;2;5;11;A01
201400007223;0;33;0;0;2;1;1;B02
201400007224;0;7;0;0;1;3;1;A01
201400007225;0;7;0;0;2;7;5;A01
201400007225;0;10;0;0;2;3;1;B02
201400007226;0;7;0;0;2;1;1;A01
201400007226;0;7;0;0;2;6;1;B02
201400007227;0;13;0;0;2;8;15;A01
201400007227;0;34;0;0;2;2;17;B02
201400007228;0;7;0;0;9;1;21;A01
201400007228;0;1;0;0;2;8;1;B02
201400007229;0;7;0;0;9;2;2;A01
201400007229;0;1;0;0;0;4;2;B02
201400007230;0;7;0;0;2;3;1;A01
201400007230;0;10;0;0;2;1;1;B02
201400007231;0;33;0;0;2;7;1;A01
201400007231;0;7;0;0;2;8;15;B02
201400007232;0;7;0;0;2;1;1;A01
201400007232;0;3;0;0;2;7;15;B02
201400007233;0;7;0;0;2;1;1;B02
201400007233;0;7;0;0;2;8;1;A01
201400007234;0;7;0;0;2;3;1;A01
201400007234;0;1;0;0;2;4;1;B02
201400007235;0;7;0;0;2;5;15;A01
201400007235;0;33;0;0;2;1;1;B02
201400007236;0;10;0;0;2;8;1;B02
201400007236;0;7;0;0;2;1;1;A01
201400007237;0;33;0;0;2;1;1;A01
201400007237;0;7;0;0;2;6;2;B02
201400007238;0;7;0;13;0;1;0;A01
201400007239;0;30;0;0;0;0;2;A01
201400007240;0;7;0;0;2;1;1;A01
201400007240;0;7;0;0;0;7;16;B02
201400007241;0;7;0;0;2;2;19;A01
201400007241;0;7;0;0;2;1;1;B02
201400007242;0;10;0;13;0;6;1;A01
201400007243;0;7;0;2;0;3;0;A01
201400007244;0;7;0;0;0;1;1;A01
201400007244;0;7;0;0;0;1;0;B02
201400007245;0;38;1;0;1;3;23;A01
201400007246;0;7;0;0;2;3;1;A01
201400007246;0;30;0;0;2;3;5;B02
201400007247;0;36;0;8;0;1;1;A01
201400007248;0;7;0;0;1;1;2;A01
201400007249;0;14;0;12;0;7;15;A01
201400007250;0;15;0;0;0;0;0;A01
201400007251;0;31;0;6;0;7;1;A01
201400007252;0;30;0;0;2;1;13;A01
201400007252;0;7;0;0;2;6;1;B02
201400007253;0;7;0;0;1;1;16;A01
201400007254;0;33;0;15;0;1;1;A01
201400007255;0;7;0;2;6;2;1;A01
201400007256;0;33;0;0;0;0;2;A01
201400007257;0;7;0;0;2;5;13;A01
201400007257;0;15;0;0;2;3;1;B02
201400007258;0;7;0;0;1;2;2;A01
201400007259;0;7;0;4;2;9;19;A01
201400007259;0;7;0;0;2;1;1;B02
201400007259;0;7;0;0;2;1;1;C03
201400007260;0;7;0;13;0;1;13;A01
201400007261;0;31;0;13;0;7;0;A01
201400007262;0;31;0;0;0;1;1;A01
201400007263;0;7;0;0;2;1;5;A01
201400007263;0;7;0;0;2;1;1;B02
201400007264;0;10;0;0;2;6;6;A01
201400007264;0;33;0;0;2;1;1;B02
201400007265;0;7;0;0;2;3;1;B02
201400007265;0;7;0;0;2;3;13;A01
201400007266;0;33;0;0;2;1;1;B02
201400007266;0;7;0;0;2;8;15;A01
201400007267;0;33;0;0;2;3;17;A01
201400007267;0;7;0;0;2;3;1;B02
201400007267;0;7;0;0;2;3;1;C03
201400007268;0;10;0;0;2;3;15;A01
201400007268;0;7;0;0;2;3;1;B02
201400007269;0;7;0;0;2;1;13;A01
201400007269;0;7;0;0;2;3;1;B02
201400007270;0;7;0;13;0;1;13;A01
201400007271;0;7;0;0;2;2;9;A01
201400007271;0;33;0;0;2;7;1;B02
201400007272;0;33;0;2;0;1;13;A01
201400007273;0;7;0;13;0;0;1;A01
201400007274;0;10;0;0;2;3;16;B02
201400007274;0;1;0;0;2;7;1;A01
201400007275;0;7;0;0;9;2;2;A01
201400007275;0;1;0;0;0;4;2;B02
201400007276;0;7;0;2;0;9;0;A01
201400007277;0;33;0;13;0;7;1;A01
201400007278;0;2;0;0;2;7;15;A01
201400007278;0;33;0;0;2;1;1;B02
201400007279;0;7;0;0;2;1;1;A01
201400007279;0;7;0;0;2;2;15;B02
201400007280;0;7;0;0;2;2;15;A01
201400007280;0;1;0;0;2;1;19;B02
201400007281;0;33;0;0;2;2;17;A01
201400007281;0;10;0;0;2;8;21;B02
201400007281;0;15;0;0;2;6;13;C03
201400007282;0;14;0;0;2;1;1;A01
201400007282;0;33;0;0;2;1;1;B02
201400007283;0;7;0;16;0;1;1;A01
201400007284;0;7;0;7;0;1;1;A01
201400007285;0;3;0;0;0;8;11;A01
201400007286;0;30;0;0;2;1;1;A01
201400007286;0;7;0;0;2;1;5;B02
201400007287;0;30;0;0;2;1;5;A01
201400007287;0;7;0;0;2;1;1;B02
201400007288;0;7;0;0;1;5;1;A01
201400007289;0;7;0;0;2;0;1;A01
201400007289;0;30;0;0;2;0;1;B02
201400007290;0;7;0;0;2;3;23;C03
201400007290;0;2;0;0;2;8;1;B02
201400007290;0;7;0;0;2;1;15;A01
201400007291;0;7;0;0;9;3;19;A01
201400007291;0;1;0;0;0;7;1;B02
201400007292;0;7;0;0;2;3;17;A01
201400007292;0;7;0;0;2;3;1;B02
201400007293;0;7;0;0;1;2;2;A01
201400007294;0;2;0;0;2;8;15;B02
201400007294;0;7;0;0;2;2;17;A01
201400007295;0;7;0;0;1;1;1;A01
201400007296;0;7;0;13;0;3;0;A01
201400007297;0;7;0;0;2;2;13;A01
201400007297;0;10;0;0;2;2;1;B02
201400007298;0;7;0;0;0;3;9;A01
201400007298;0;31;0;0;0;1;1;B02
201400007299;0;30;0;0;2;1;2;A01
201400007299;0;13;0;0;0;6;2;B02
201400007300;0;7;0;0;1;3;20;A01
201400007301;0;33;0;13;0;8;13;A01
201400007302;1;7;0;15;1;2;14;A01
201400007303;0;7;0;0;0;4;1;A01
201400007303;0;7;0;0;0;1;1;B02
201400007304;0;7;0;0;2;3;15;A01
201400007304;0;33;0;0;2;1;1;B02
201400007305;0;10;0;0;0;3;13;A01
201400007305;0;33;0;0;2;1;1;B02
201400007306;0;2;0;0;2;1;1;A01
201400007306;0;7;0;0;2;3;15;B02
201400007307;0;10;0;2;0;2;14;A01
201400007308;0;33;0;0;2;1;13;A01
201400007308;0;7;0;0;2;1;1;B02
201400007309;0;17;0;3;0;8;1;A01
201400007310;0;7;0;0;2;7;15;A01
201400007310;0;1;0;0;2;1;1;B02
201400007311;0;7;0;13;0;2;1;A01
201400007312;0;33;0;13;0;2;1;A01
201400007313;0;7;0;0;2;7;13;A01
201400007313;0;7;0;0;2;1;1;B02
201400007314;0;10;0;0;2;3;13;A01
201400007314;0;10;0;0;2;3;1;B02
201400007315;0;36;0;0;0;9;1;A01
201400007316;0;33;0;0;0;3;0;B02
201400007316;0;99;0;0;0;3;15;A01
201400007317;0;7;0;13;0;3;13;A01
201400007318;0;7;0;2;0;1;1;A01
201400007319;0;7;0;0;2;3;15;A01
201400007319;0;1;0;0;2;8;1;B02
201400007320;0;7;0;2;0;9;21;A01
201400007321;0;7;0;0;2;2;19;B02
201400007321;0;7;0;9;2;7;1;A01
201400007322;0;21;0;3;0;9;15;A01
201400007323;0;7;0;0;1;2;1;A01
201400007324;0;14;0;0;2;4;4;A01
201400007324;0;30;0;0;2;1;23;B02
201400007325;0;7;0;0;2;3;1;B02
201400007325;0;7;0;0;2;3;1;A01
201400007326;0;10;0;0;1;2;1;A01
201400007327;0;7;0;2;0;1;1;A01
201400007328;0;7;0;0;2;7;1;A01
201400007328;0;1;0;0;2;8;1;B02
201400007329;0;10;0;0;2;3;16;A01
201400007329;0;1;0;0;2;7;19;B02
201400007330;0;7;0;13;0;7;0;A01
201400007331;0;7;0;0;2;2;13;A01
201400007331;0;7;0;0;2;3;15;B02
201400007332;0;7;0;0;2;2;17;A01
201400007332;0;15;0;0;2;6;0;B02
201400007332;0;7;0;0;2;1;0;C03
201400007333;2;7;0;0;2;3;19;B02
201400007333;0;7;0;0;2;1;1;A01
201400007334;0;7;0;0;1;1;13;A01
201400007335;0;17;0;3;0;3;16;B02
201400007336;0;33;0;2;0;1;14;A01
201400007337;0;7;0;6;0;9;14;A01
201400007338;0;7;0;13;0;3;13;A01
201400007339;0;7;0;0;2;6;15;A01
201400007339;0;33;0;0;2;1;1;B02
201400007340;0;33;0;13;0;0;1;A01
201400007341;0;7;0;0;2;2;15;A01
201400007341;0;31;0;0;2;1;1;B02
201400007342;0;31;0;0;2;1;1;A01
201400007342;0;21;0;0;2;1;1;B02
201400007343;0;33;0;0;2;1;17;A01
201400007343;0;21;0;0;2;8;15;B02
201400007344;0;7;0;0;2;1;1;A01
201400007344;0;33;0;0;2;4;1;B02
201400007345;0;7;0;0;2;1;1;A01
201400007345;0;7;0;0;2;1;1;B02
201400007346;0;7;0;0;9;1;1;A01
201400007346;0;1;0;0;0;3;21;B02
201400007347;0;7;0;0;0;4;1;A01
201400007347;0;7;0;0;0;1;1;B02
201400007348;0;7;0;8;0;9;14;A01
201400007349;0;7;0;2;0;1;15;A01
201400007350;0;7;0;13;0;7;1;A01
201400007351;0;7;0;0;2;1;17;A01
201400007351;0;7;0;0;2;1;1;B02
201400007351;0;17;0;0;0;0;1;C03
201400007352;0;7;0;8;0;9;1;A01
201400007353;0;7;0;0;2;8;10;A01
201400007353;0;33;0;0;2;1;17;B02
201400007354;0;7;0;0;2;2;13;A01
201400007354;0;7;0;0;2;2;1;B02
201400007355;0;7;0;13;0;0;1;A01
201400007356;0;33;0;0;0;8;1;A01
201400007357;0;7;0;2;0;8;13;A01
201400007358;0;7;0;0;0;5;1;A01
201400007358;0;33;0;0;0;2;17;B02
201400007359;0;7;0;0;2;2;13;A01
201400007359;0;7;0;0;2;7;21;B02
201400007360;0;7;0;0;2;3;1;A01
201400007360;0;14;0;0;2;3;15;B02
201400007361;0;7;0;0;2;1;1;A01
201400007361;0;10;0;0;2;1;1;B02
201400007362;0;7;0;0;2;1;1;A01
201400007362;0;7;0;0;2;1;1;B02
201400007363;0;7;0;7;0;3;13;A01
201400007364;0;7;0;13;0;1;1;A01
201400007365;0;7;0;0;2;1;13;A01
201400007365;0;7;0;0;2;1;1;B02
201400007366;0;10;0;0;2;6;2;A01
201400007366;0;17;0;0;2;3;1;B02
201400007366;0;7;0;13;2;1;13;C03
201400007366;0;7;0;13;2;0;14;D04
201400007367;0;31;0;0;0;0;1;B02
201400007367;0;7;0;0;2;2;1;A01
201400007367;0;30;0;0;2;1;1;C03
201400007368;0;33;0;3;0;8;17;A01
201400007369;0;33;0;13;0;1;1;A01
201400007370;0;7;0;0;2;1;13;A01
201400007370;0;7;0;0;2;6;1;B02
201400007370;0;7;0;0;2;1;1;C03
201400007371;0;33;0;13;0;9;17;A01
201400007372;0;7;0;0;2;1;13;A01
201400007372;0;7;0;0;2;1;1;B02
201400007373;0;7;0;2;0;2;2;A01
201400007374;0;33;0;0;2;1;1;B02
201400007374;0;7;0;0;2;5;15;A01
201400007375;0;7;0;0;2;1;1;B02
201400007375;0;7;0;0;2;2;13;A01