num_acc;senc;catv;occutc;obs;obsm;choc;manv;num_veh
201400007376;0;7;0;13;0;3;13;A01
201400007377;0;33;0;0;2;1;1;A01
201400007377;0;7;0;0;0;5;15;B02
201400007378;0;14;0;0;2;2;1;A01
201400007378;0;7;0;0;2;3;15;B02
201400007379;0;7;0;13;0;2;1;A01
201400007380;0;33;0;13;0;1;16;A01
201400007381;0;7;0;0;2;3;13;A01
201400007381;0;14;0;0;2;2;1;B02
201400007382;0;7;0;0;0;3;13;A01
201400007382;0;7;0;0;0;3;1;B02
201400007383;0;10;0;0;2;3;13;A01
201400007383;0;10;0;0;2;3;1;B02
201400007384;0;7;0;0;2;1;13;A01
201400007384;0;7;0;0;2;8;1;B02
201400007384;0;7;0;0;2;8;1;C03
201400007384;0;10;0;0;2;1;1;D04
201400007385;0;10;0;0;2;3;15;A01
201400007385;0;33;0;0;2;1;1;B02
201400007386;0;7;0;0;2;4;1;A01
201400007386;0;7;0;0;2;0;1;B02
201400007386;0;2;0;0;2;9;1;C03
201400007387;0;7;0;0;2;1;5;A01
201400007387;0;1;0;0;2;1;5;B02
201400007388;0;33;0;0;0;7;1;A01
201400007389;0;7;0;0;2;3;17;A01
201400007389;0;10;0;0;2;3;1;B02
201400007390;0;33;0;0;2;1;17;A01
201400007390;0;10;0;0;2;8;1;B02
201400007390;0;7;0;0;2;3;16;C03
201400007391;0;7;0;0;1;2;1;A01
201400007392;0;7;0;0;2;3;6;A01
201400007392;0;2;0;0;2;1;6;B01
201400007392;0;10;0;0;2;8;23;C01
201400007393;0;1;0;0;2;3;15;B01
201400007393;0;7;0;0;9;8;16;A01
201400007394;0;31;0;13;0;1;15;A01
201400007395;0;31;0;10;0;1;1;A01
201400007396;0;2;0;7;0;1;15;A01
201400007397;0;33;0;0;0;0;21;A01
201400007398;0;7;0;0;1;0;0;A01
201400007399;0;30;0;0;0;0;1;A01
201400007400;0;7;0;0;1;1;1;A01
201400007401;0;15;0;0;2;0;1;A01
201400007401;0;7;0;0;2;1;1;B02
201400007402;0;7;0;2;0;1;14;A01
201400007403;0;33;0;0;0;0;1;A01
201400007404;0;7;0;0;2;1;16;A01
201400007404;0;1;0;0;2;9;15;B02
201400007405;0;33;0;0;0;1;1;A01
201400007406;0;7;0;0;2;3;1;A01
201400007406;0;7;0;0;2;3;13;B02
201400007407;0;7;0;0;1;1;1;A01
201400007408;0;7;0;0;1;1;1;A01
201400007409;0;30;0;0;0;1;0;A01
201400007409;0;10;0;0;0;0;0;B02
201400007410;0;7;0;0;2;1;1;B02
201400007410;0;7;0;0;2;1;13;A01
201400007411;0;7;0;15;0;2;1;A01
201400007412;0;7;0;0;2;1;1;B02
201400007412;0;7;0;0;2;7;1;A01
201400007413;0;33;0;0;0;3;1;A01
201400007414;0;7;0;0;2;1;5;A01
201400007414;0;7;0;0;2;1;1;B02
201400007415;0;33;0;0;2;1;1;A01
201400007415;0;7;0;0;2;3;19;B02
201400007416;0;1;0;16;0;2;1;A01
201400007417;0;7;0;2;0;5;1;A01
201400007418;0;7;0;0;2;2;15;A01
201400007418;0;31;0;0;2;1;1;B02
201400007419;0;7;0;16;0;9;1;A01
201400007420;0;34;0;0;0;0;0;A01
201400007421;0;7;0;0;2;3;1;B02
201400007421;0;7;0;0;2;2;9;A01
201400007421;0;7;0;0;2;1;1;C03
201400007422;0;7;0;0;2;1;1;C03
201400007422;0;7;0;0;2;3;13;A01
201400007422;0;15;0;0;2;6;1;B02
201400007423;0;14;0;13;0;7;1;A01
201400007424;0;7;0;13;0;1;2;A01
201400007425;0;10;0;0;2;2;1;B02
201400007425;0;10;0;0;2;3;13;A01
201400007426;0;1;0;0;0;0;0;B02
201400007426;0;7;0;0;9;2;0;A01
201400007427;0;10;0;0;0;3;0;B02
201400007427;0;7;0;0;0;0;0;C03
201400007427;0;7;0;0;0;3;0;A01
201400007428;0;33;0;0;2;1;19;A01
201400007428;0;7;0;0;2;3;1;B02
201400007429;0;10;0;2;0;3;1;A01
201400007430;0;33;0;0;2;9;21;B02
201400007430;0;7;0;0;0;6;2;A01
201400007431;0;7;0;0;0;3;0;B02
201400007431;0;7;0;0;0;3;1;A01
201400007432;0;7;0;0;2;2;1;B02
201400007432;0;30;0;0;2;2;13;A01
201400007433;0;7;0;0;1;1;1;A01
201400007434;0;7;0;0;2;2;1;B02
201400007434;0;7;0;0;2;3;19;A01
201400007435;0;10;0;0;2;3;13;A01
201400007435;0;7;0;0;2;3;1;B02
201400007436;0;7;0;0;2;1;0;B02
201400007436;0;7;0;0;2;1;13;A01
201400007437;0;7;0;0;2;1;1;B02
201400007437;0;7;0;0;2;7;13;A01
201400007438;0;7;0;0;2;1;1;B02
201400007438;0;7;0;0;2;1;13;A01
201400007439;0;7;0;13;0;1;1;A01
201400007440;0;7;0;0;0;0;1;B02
201400007440;0;7;0;0;0;0;17;A01
201400007441;0;10;0;0;1;1;15;A01
201400007442;0;7;0;8;0;1;13;A01
201400007443;0;33;0;2;0;1;14;A01
201400007444;0;7;0;0;2;1;13;A01
201400007444;0;7;0;0;2;1;1;B02
201400007445;0;7;0;0;2;3;13;A01
201400007445;0;7;0;0;0;3;1;B02
201400007446;0;7;0;0;1;3;1;A01
201400007447;0;7;0;0;2;6;0;B02
201400007447;0;7;0;0;2;1;1;A01
201400007448;0;7;0;0;2;1;17;A01
201400007448;0;7;0;0;2;8;15;B02
201400007449;0;7;0;8;0;2;1;A01
201400007450;0;33;0;0;0;7;1;A01
201400007451;0;7;0;0;2;0;15;A01
201400007451;0;33;0;0;2;3;1;B02
201400007452;1;7;0;0;2;1;1;A01
201400007452;0;2;0;0;2;6;1;B02
201400007453;0;7;0;0;2;1;9;A01
201400007453;0;1;0;0;2;6;1;B02
201400007454;0;10;0;0;0;1;1;B02
201400007454;0;7;0;0;0;7;1;A01
201400007455;0;7;0;10;0;2;1;A01
201400007456;0;7;0;0;2;1;1;B02
201400007456;0;7;0;0;2;7;13;A01
201400007457;0;7;0;0;1;7;1;A01
201400007458;0;7;0;2;0;8;1;A01
201400007459;0;38;9;0;2;3;1;B02
201400007459;0;7;0;0;2;1;1;A01
201400007460;0;7;0;0;1;2;1;A01
201400007461;0;7;0;13;0;3;15;A01
201400007462;0;10;0;0;2;3;19;A01
201400007462;0;7;0;0;2;1;1;B02
201400007463;0;7;0;0;2;4;2;C03
201400007463;0;7;0;0;2;4;23;B02
201400007463;0;7;0;0;2;1;2;A01
201400007463;0;17;0;0;2;5;15;D04
201400007464;0;7;0;6;0;1;13;A01
201400007465;0;7;0;12;0;1;1;A01
201400007466;0;10;0;0;0;4;15;B02
201400007466;0;31;0;0;2;1;2;A01
201400007467;0;7;0;9;0;2;1;A01
201400007468;0;1;0;0;2;1;1;A01
201400007468;0;7;0;0;2;2;15;B02
201400007469;0;33;0;0;0;8;14;A01
201400007470;0;33;0;0;0;0;15;A01
201400007471;0;7;0;0;2;1;1;C03
201400007471;0;7;0;0;2;5;1;B02
201400007471;0;7;0;0;2;1;13;A01
201400007472;0;7;0;0;2;1;1;B02
201400007472;0;7;0;0;2;8;13;A01
201400007473;0;7;0;0;2;1;13;A01
201400007473;0;10;0;0;2;3;1;B02
201400007473;0;7;0;0;2;1;1;C03
201400007474;0;7;0;13;0;0;13;A01
201400007475;0;7;0;0;0;0;0;A01
201400007475;0;30;0;0;1;3;1;B02
201400007476;0;7;0;0;2;1;1;B02
201400007476;0;7;0;0;2;1;13;A01
201400007477;0;7;0;0;1;2;1;A01
201400007478;0;7;0;13;0;1;1;A01
201400007479;0;7;0;0;1;1;1;A01
201400007480;0;7;0;0;2;9;17;A01
201400007480;0;7;0;0;2;3;1;B02
201400007480;0;10;0;0;2;1;1;C03
201400007481;0;33;0;13;0;1;1;A01
201400007482;0;7;0;0;2;1;1;B02
201400007482;0;7;0;0;2;7;13;A01
201400007483;0;7;0;0;0;3;9;B02
201400007483;0;33;0;0;2;1;1;A01
201400007484;0;7;0;0;2;4;0;C03
201400007484;0;7;0;0;2;1;2;A01
201400007484;0;7;0;0;2;4;0;B02
201400007485;0;7;0;3;0;9;1;A01
201400007486;0;7;0;0;1;3;2;A01
201400007487;0;7;0;0;2;8;15;A01
201400007487;0;32;0;0;2;1;17;B01
201400007488;0;7;0;;2;1;2;B02
201400007488;0;7;0;;2;1;11;A01
201400007489;0;32;0;0;2;8;1;A01
201400007489;0;7;0;0;2;3;15;B01
201400007490;0;7;0;0;0;8;21;A01
201400007490;0;7;0;0;0;3;13;C01
201400007490;0;7;0;0;0;0;0;D01
201400007490;0;7;0;0;0;0;17;B01
201400007491;0;7;0;0;0;4;0;B01
201400007491;0;7;0;0;2;1;2;C01
201400007491;0;7;0;0;2;4;23;A01
201400007492;0;7;0;0;2;3;1;B02
201400007492;0;7;0;0;2;1;13;A01
201400007492;0;15;0;0;2;3;1;C03
201400007493;0;15;0;0;2;2;2;B02
201400007493;0;7;0;0;2;8;10;A01
201400007494;0;7;0;0;2;3;1;B02
201400007494;0;10;0;0;2;3;13;A01
201400007494;0;7;0;0;2;3;1;C03
201400007495;0;7;0;0;6;9;21;A01
201400007496;0;7;0;0;2;3;1;C03
201400007496;0;33;0;0;2;1;17;A01
201400007496;0;7;0;0;2;3;1;B02
201400007497;0;30;0;7;0;1;13;A01
201400007498;0;7;0;13;2;3;1;A01
201400007498;0;7;0;0;2;3;1;B02
201400007499;0;7;0;0;0;3;13;A01
201400007499;0;7;0;0;0;3;1;B02
201400007500;0;7;0;0;2;8;1;B02
201400007500;0;7;0;0;2;3;13;A01
201400007500;0;7;0;0;2;1;1;C03
201400007501;0;7;0;0;0;0;1;A01
201400007502;0;7;0;0;1;2;1;A01
201400007503;0;33;0;0;1;1;1;A01
201400007504;0;7;0;0;2;8;1;A01
201400007504;0;1;0;0;2;8;1;B02
201400007505;0;7;0;13;0;2;1;A01
201400007506;0;7;0;0;2;6;17;B02
201400007506;0;15;0;0;0;2;17;A01
201400007507;0;7;0;0;2;1;1;B02
201400007507;0;7;0;0;2;2;15;A01
201400007508;0;7;0;16;0;9;1;A01
201400007509;0;33;0;0;0;0;15;A01
201400007510;0;17;0;13;0;3;21;A01
201400007511;0;33;0;8;0;9;1;A01
201400007512;0;7;0;0;2;3;13;A01
201400007512;0;7;0;0;2;3;1;B02
201400007513;0;7;0;0;2;1;1;A01
201400007513;0;7;0;0;2;2;19;B02
201400007514;0;33;0;8;0;1;17;A01
201400007515;0;33;0;0;2;1;1;B02
201400007515;0;7;0;0;2;1;15;A01
201400007516;0;7;0;0;2;1;13;A01
201400007516;0;7;0;0;2;1;1;B02
201400007517;0;17;0;0;2;4;1;B02
201400007517;0;17;0;3;2;1;1;A01
201400007518;0;7;0;0;2;1;17;A01
201400007518;0;7;0;0;2;1;1;C03
201400007518;0;7;0;0;2;1;1;B02
201400007519;0;33;0;0;0;0;1;A01
201400007520;0;14;0;4;0;1;1;A01
201400007521;0;33;0;11;0;1;0;A01
201400007522;0;7;0;0;5;1;1;A01
201400007523;0;1;0;0;2;5;19;B02
201400007523;0;7;0;0;9;2;1;A01
201400007524;0;7;0;0;1;2;1;A01
201400007525;0;33;0;0;2;1;1;B02
201400007525;0;7;0;0;0;7;15;A01
201400007526;0;7;0;0;1;2;1;A01
201400007527;0;7;0;14;0;1;21;A01
201400007527;0;7;0;0;2;6;23;B02
201400007528;0;7;0;0;2;3;1;B02
201400007528;0;33;0;0;2;3;13;A01
201400007529;0;33;0;13;0;1;1;A01
201400007530;0;7;0;6;0;7;1;A01
201400007531;0;7;0;0;9;1;0;B02
201400007531;0;1;0;0;2;1;0;A01
201400007532;0;7;0;0;2;1;1;B02
201400007532;0;7;0;0;2;1;5;A01
201400007533;0;7;0;0;1;3;1;A01
201400007534;0;7;0;0;2;1;1;A01
201400007534;0;7;0;0;2;1;0;B02
201400007535;0;7;0;0;0;0;0;A01
201400007536;0;7;0;0;2;2;17;A01
201400007536;0;15;0;0;0;6;2;B02
201400007536;0;7;0;3;0;1;21;C03
201400007537;0;33;0;0;2;0;18;A01
201400007537;0;17;0;0;2;7;1;B02
201400007538;0;7;0;0;2;1;1;B02
201400007538;0;30;0;0;2;1;1;A01
201400007539;0;30;0;0;2;1;13;A01
201400007539;0;99;0;0;2;8;1;B02
201400007540;0;7;0;0;2;3;13;A01
201400007540;0;7;0;0;2;3;1;B02
201400007541;0;10;0;0;0;9;1;A01
201400007542;0;7;0;0;9;7;9;B02
201400007542;0;1;0;0;2;3;15;A01
201400007543;0;7;0;0;1;2;1;A01
201400007544;0;7;0;0;1;7;1;A01
201400007545;0;7;0;0;2;1;1;B02
201400007545;0;7;0;0;2;1;5;A01
201400007546;0;7;0;0;2;1;1;B02
201400007546;0;7;0;0;2;1;1;C03
201400007546;0;7;0;0;2;1;13;A01
201400007547;0;7;0;0;2;3;1;A01
201400007547;0;7;0;0;2;3;13;B02
201400007548;0;7;0;13;0;1;1;A01
201400007549;0;17;0;0;2;2;1;B02
201400007549;0;30;0;0;2;1;19;A01
201400007550;0;33;0;0;6;1;1;A01
201400007551;0;7;0;0;1;2;1;A01
201400007552;0;10;0;8;2;1;2;A01
201400007552;0;1;0;0;2;0;2;B02
201400007553;0;10;0;6;1;5;16;A01
201400007554;0;33;0;0;0;3;23;B02
201400007554;0;31;0;0;2;1;2;A01
201400007555;0;7;0;0;2;3;9;A01
201400007555;0;2;0;0;2;2;1;B02
201400007556;0;7;0;0;9;1;1;A01
201400007556;0;1;0;0;2;8;19;B02
201400007557;0;7;0;0;0;9;1;A01
201400007558;0;7;0;0;1;2;1;A01
201400007559;0;2;0;0;1;1;1;A01
201400007560;0;31;0;0;0;8;1;A01
201400007561;0;7;0;2;0;5;1;A01
201400007562;0;7;0;13;0;3;1;A01
201400007563;0;7;0;1;0;7;13;A01
201400007564;0;7;0;2;2;9;1;B02
201400007564;2;7;0;0;2;1;1;A01
201400007565;0;15;0;4;0;3;0;A01
201400007566;0;31;0;0;0;8;1;A01
201400007567;0;7;0;2;0;8;1;A01
201400007568;0;7;0;13;0;1;1;A01
201400007569;0;7;0;8;0;1;14;A01
201400007570;0;7;0;0;2;1;6;A01
201400007570;0;7;0;0;2;1;11;B02
201400007571;0;7;0;10;0;2;1;A01
201400007572;0;33;0;0;2;1;1;B02
201400007572;0;7;0;0;2;2;15;A01
201400007573;0;7;0;0;1;1;17;A01
201400007574;0;7;0;0;2;7;1;A01
201400007574;0;7;0;0;2;2;0;B02
201400007574;0;7;0;0;2;1;0;C03
201400007575;0;7;0;0;2;3;1;A01
201400007575;0;7;0;0;2;3;1;B02
201400007576;0;10;0;0;2;3;1;C03
201400007576;0;99;0;0;2;0;14;B02
201400007576;0;16;0;0;2;0;14;A01
201400007576;0;7;0;0;2;3;1;D04
201400007577;0;33;0;7;0;8;1;A01
201400007578;0;7;0;0;2;3;1;B02
201400007578;0;7;0;0;2;3;13;A01
201400007579;0;7;0;0;2;1;1;B02
201400007579;0;7;0;0;2;5;13;A01
201400007580;0;14;0;0;2;3;1;A01
201400007580;0;10;0;0;2;1;21;B02
201400007580;0;7;0;0;0;3;2;C03
201400007581;0;7;0;0;2;1;1;A01
201400007581;0;10;0;0;2;6;1;B02
201400007581;0;33;0;0;2;1;21;C03
201400007582;0;2;0;0;0;8;1;A01
201400007583;0;7;0;0;2;3;1;B02
201400007583;0;33;0;0;9;1;13;A01
201400007584;0;33;0;0;2;1;1;B02
201400007584;0;7;0;0;2;2;15;A01
201400007585;0;7;0;0;2;3;1;B02
201400007585;0;33;0;0;2;1;13;A01
201400007586;0;31;0;0;2;1;13;B02
201400007586;0;33;0;0;2;1;1;A01
201400007587;0;7;0;0;2;7;1;B02
201400007587;0;1;0;0;2;1;19;A01
201400007588;0;7;0;2;0;2;13;A01
201400007589;0;7;0;2;0;3;1;A01
201400007590;0;7;0;2;0;2;1;A01
201400007591;0;10;0;4;0;3;13;A01
201400007592;0;7;0;4;0;3;13;A01
201400007592;0;17;0;0;0;8;1;B02
201400007593;0;7;0;3;0;3;14;A01
201400007594;0;7;0;2;0;3;14;A01
201400007595;0;99;0;0;2;6;1;A01
201400007595;0;15;0;0;2;1;1;C03
201400007595;0;16;0;0;2;9;1;B02
201400007596;0;33;0;0;2;1;1;B02
201400007596;0;7;0;0;2;5;12;A01
201400007597;0;7;0;0;2;2;17;A01
201400007597;0;15;0;0;2;8;17;B02
201400007598;0;15;0;0;0;8;1;C03
201400007598;0;33;0;0;2;3;1;A01
201400007598;0;7;0;0;0;5;1;B02
201400007599;0;7;0;4;2;1;17;A01
201400007599;0;7;0;4;2;7;1;B02
201400007600;0;7;0;3;2;5;1;A01
201400007600;0;7;0;0;2;3;14;B02
201400007601;0;7;0;0;0;4;2;C03
201400007601;0;7;0;1;0;1;2;A01
201400007601;0;7;0;1;0;4;2;B02
201400007602;0;7;0;0;2;2;19;A01
201400007602;0;7;0;0;2;1;1;B02
201400007603;0;33;0;0;2;1;2;A01
201400007603;0;33;0;0;0;4;0;B02
201400007604;0;33;0;0;0;1;0;A01
201400007605;0;7;0;8;2;7;1;A01
201400007605;0;7;0;0;2;1;19;B02
201400007606;0;33;0;13;0;1;1;A01
201400007607;0;7;0;0;2;1;13;A01
201400007607;0;7;0;0;2;1;1;B02
201400007608;0;10;0;0;2;1;11;A01
201400007608;0;2;0;0;2;1;0;B02
201400007609;0;7;0;0;2;3;13;A01
201400007609;0;7;0;0;2;3;1;B02
201400007610;0;30;0;0;2;1;2;A01
201400007610;0;7;0;0;2;5;2;B02
201400007611;0;7;0;0;2;8;19;A01
201400007611;0;7;0;0;2;1;1;B02
201400007612;0;7;0;0;2;1;12;A01
201400007612;0;17;0;0;2;6;1;B02
201400007613;0;7;0;0;2;3;0;A01
201400007613;0;7;0;0;2;3;21;B02
201400007614;0;7;0;0;2;1;13;A01
201400007614;0;7;0;0;2;8;1;B02
201400007614;0;7;0;0;2;1;1;C03
201400007615;0;10;0;0;2;1;1;A01
201400007615;0;7;0;0;2;1;1;B02
201400007615;0;7;0;0;0;6;1;C03
201400007616;0;7;0;0;2;3;13;A01
201400007616;0;7;0;0;2;3;21;B02
201400007616;0;7;0;0;2;1;21;C03
201400007617;0;2;0;0;2;1;5;A01
201400007617;0;7;0;0;2;1;1;B02
201400007618;0;10;0;0;2;3;2;A01
201400007618;0;7;0;0;2;5;15;B02
201400007619;0;7;0;3;0;1;14;A01
201400007620;0;2;0;0;2;1;17;A01
201400007620;0;7;0;0;2;8;11;B02
201400007621;0;7;0;0;2;6;9;A01
201400007621;0;7;0;0;2;2;1;B02
201400007622;0;7;0;0;0;8;10;A01
201400007622;0;10;0;0;2;2;1;B02
201400007623;0;7;0;0;2;5;17;A01
201400007623;0;10;0;0;2;6;1;B02
201400007623;0;17;0;0;2;4;1;C03
201400007623;0;7;0;0;2;3;1;D04
201400007624;0;33;0;0;0;4;1;A01
201400007625;0;10;0;3;0;1;14;A01
201400007626;0;10;0;16;0;7;1;A01
201400007627;0;7;0;4;2;3;1;A01
201400007627;0;7;0;0;2;1;2;B02
201400007628;0;2;0;0;2;6;17;A01
201400007628;0;7;0;0;2;7;15;B02
201400007629;0;7;0;0;2;6;15;A01
201400007629;0;33;0;0;2;7;1;B02
201400007630;0;33;0;4;0;0;1;A01
201400007631;0;7;0;0;0;1;1;A01
201400007632;0;10;0;0;2;6;13;A01
201400007632;0;33;0;0;2;7;17;B02
201400007633;0;7;0;13;0;1;17;A01
201400007634;0;7;0;0;1;8;15;A01
201400007635;0;7;0;0;2;3;15;A01
201400007635;0;7;0;0;2;1;2;B02
201400007636;0;10;0;0;2;1;2;A01
201400007636;0;7;0;0;2;1;0;B02
201400007637;0;33;0;0;0;0;1;A01
201400007638;0;7;0;0;2;3;21;A01
201400007638;0;7;0;0;2;5;15;B02
201400007638;0;10;0;0;2;8;21;C03
201400007639;0;7;0;0;2;1;1;A01
201400007640;0;1;0;0;2;8;15;A01
201400007640;0;7;0;0;9;1;1;B02
201400007641;0;7;0;0;2;7;15;A01
201400007641;0;7;0;0;2;1;1;B02
201400007642;0;7;0;0;2;3;13;A01
201400007642;0;7;0;0;2;3;1;B02
201400007643;0;31;0;6;0;1;0;A01
201400007644;0;7;0;0;2;1;19;A01
201400007644;0;7;0;0;2;3;1;B02
201400007645;0;33;0;0;2;1;21;A01
201400007646;0;7;0;2;0;3;13;A01
201400007647;0;7;0;0;2;1;9;A01
201400007647;0;10;0;0;2;1;1;B02
201400007648;0;7;0;0;1;2;1;A01
201400007649;0;7;0;0;2;8;5;A01
201400007649;0;7;0;0;2;8;5;B02
201400007650;0;33;0;0;0;1;21;A01
201400007651;0;7;0;0;2;2;14;A01
201400007651;0;14;0;0;2;6;1;B02
201400007652;0;10;0;13;0;2;17;A01
201400007653;0;33;0;0;2;7;1;A01
201400007653;0;10;0;0;2;1;19;B02
201400007654;0;7;0;6;0;1;1;A01
201400007655;0;10;0;8;0;7;1;A01
201400007656;0;7;0;8;0;8;1;A01
201400007657;0;7;0;0;2;1;15;A01
201400007657;0;33;0;0;2;1;1;B02
201400007658;0;7;0;0;2;7;14;A01
201400007658;0;7;0;0;2;8;1;B02
201400007659;0;7;0;0;2;1;1;A01
201400007659;0;7;0;0;2;1;1;B02
201400007660;0;7;0;5;0;1;14;A01
201400007661;0;7;0;0;2;1;17;A01
201400007661;0;7;0;0;2;6;0;B02
201400007661;0;7;0;0;2;1;5;C03
201400007662;0;7;0;0;2;7;19;A01
201400007662;0;7;0;0;2;1;1;B02
201400007663;0;7;0;0;2;1;13;A01
201400007663;0;7;0;0;2;1;1;B02
201400007664;0;14;0;0;2;1;1;B02
201400007664;0;7;0;0;2;2;1;A01
201400007665;0;33;0;0;2;1;1;B02
201400007665;0;7;0;0;2;3;15;A01
201400007666;0;7;0;1;2;1;14;A01
201400007666;0;14;0;0;0;5;24;C03
201400007666;0;7;0;0;0;6;24;B02
201400007667;0;33;0;2;0;1;13;A01
201400007668;0;33;0;0;2;2;1;B02
201400007668;0;7;0;0;2;3;1;C03
201400007668;0;10;0;0;2;2;13;A01
201400007669;0;7;0;0;2;8;19;A01
201400007669;0;7;0;0;2;1;0;B02
201400007670;0;7;0;0;2;2;0;A01
201400007670;0;7;0;0;2;8;19;B02
201400007671;0;10;0;0;2;1;1;A01
201400007671;0;7;0;0;2;1;1;B02
201400007672;0;7;0;0;2;3;13;A01
201400007672;0;10;0;0;2;1;1;B02
201400007673;0;7;0;2;0;3;2;A01
201400007674;0;7;0;0;2;1;13;A01
201400007674;0;7;0;0;2;1;1;B02
201400007675;0;7;0;11;0;2;1;A01
201400007676;0;7;0;13;0;9;1;A01
201400007677;0;33;0;0;2;1;1;A01
201400007677;0;17;0;0;2;6;19;B02
201400007678;0;10;0;0;2;3;1;A01
201400007678;0;38;0;0;2;3;1;B02
201400007679;0;7;0;13;0;1;13;A01
201400007680;0;37;0;0;0;3;1;C03
201400007680;0;33;0;0;2;1;2;A01
201400007680;0;7;0;0;2;4;2;B02
201400007681;0;14;0;0;2;1;2;B02
201400007681;0;7;0;0;0;4;0;A01
201400007682;0;7;0;0;5;3;1;A01
201400007682;0;7;0;14;5;3;0;B02
201400007682;0;7;0;0;5;8;0;C03
201400007682;0;7;0;0;5;8;0;D04
201400007682;0;7;0;0;5;2;0;E05
201400007683;0;7;0;6;0;3;6;A01
201400007684;0;31;0;0;2;1;2;B02
201400007684;0;10;0;0;2;6;15;A01
201400007685;0;10;0;0;2;4;2;B02
201400007685;0;10;0;0;2;4;2;A01
201400007686;0;7;0;0;0;9;2;A01
201400007687;0;7;0;0;1;3;13;A01
201400007688;0;33;0;0;2;1;1;B02
201400007688;0;7;0;0;2;7;9;A01
201400007689;0;1;0;0;0;4;0;B02
201400007689;0;7;0;0;9;1;2;A01
201400007690;0;7;0;0;2;1;1;C03
201400007690;0;7;0;0;2;4;1;B02
201400007690;1;7;0;0;0;0;5;A01
201400007691;0;33;0;0;2;2;21;A01
201400007691;0;10;0;0;2;3;15;B02
201400007692;0;7;0;0;2;1;1;B02
201400007692;0;7;0;0;2;7;1;A01
201400007693;0;7;0;0;1;2;1;A01
201400007694;0;7;0;0;2;6;1;B02
201400007694;0;7;0;0;2;2;3;A01
201400007695;0;38;0;0;1;2;1;A01
201400007696;0;7;0;0;0;3;10;A01
201400007696;0;33;0;0;2;1;2;B02
201400007697;0;7;0;0;0;1;1;B02
201400007697;0;7;0;0;0;7;1;A01
201400007698;0;7;0;13;0;1;1;A01
201400007699;0;7;0;0;2;1;2;A01
201400007699;0;7;0;0;0;0;0;B02
201400007700;0;7;0;8;0;1;1;A01
201400007701;0;33;0;13;0;1;1;A01
201400007702;0;10;0;0;2;2;15;A01
201400007702;0;34;0;0;2;1;1;B02
201400007703;0;33;0;0;2;1;17;A01
201400007703;0;15;0;0;2;6;2;B02
201400007703;0;7;0;0;2;1;1;C03
201400007704;0;33;0;6;0;8;21;A01
201400007705;0;7;0;0;2;2;1;B02
201400007705;0;33;0;0;2;1;13;A01
201400007706;0;14;0;0;2;3;13;A01
201400007706;0;33;0;0;0;1;0;B02
201400007707;0;13;0;0;2;1;24;B02
201400007707;0;7;0;1;0;7;19;A01
201400007708;0;10;0;0;2;2;15;A01
201400007708;0;31;0;0;2;1;1;B02
201400007709;0;7;0;0;2;3;13;A01
201400007709;0;7;0;0;2;1;2;C03
201400007709;0;7;0;0;2;9;21;B02
201400007710;0;7;0;0;2;1;13;A01
201400007710;0;7;0;0;2;1;13;B02
201400007711;0;7;0;0;1;3;15;A01
201400007712;0;7;0;0;2;3;15;A01
201400007712;0;34;0;0;2;1;1;B02
201400007713;0;7;0;0;2;2;0;B02
201400007713;0;33;0;0;2;8;0;A01
201400007714;0;7;0;2;0;1;14;A01
201400007715;0;1;0;0;2;1;18;A01
201400007715;0;7;0;0;9;8;23;C03
201400007715;0;7;0;0;9;7;16;B02
201400007716;0;7;0;0;9;8;15;A01
201400007716;0;1;0;0;2;1;1;B02
201400007717;0;7;0;0;2;9;15;A01
201400007717;0;7;0;0;2;1;0;B02
201400007717;0;7;0;0;2;3;0;C03
201400007718;0;10;0;0;2;1;15;A01
201400007718;0;17;0;0;2;1;1;B02
201400007719;0;7;0;0;2;8;1;B02
201400007719;0;7;0;15;0;2;13;A01
201400007720;0;33;0;8;0;1;1;A01
201400007721;0;7;0;0;2;8;19;A01
201400007721;0;33;0;0;2;1;1;B02
201400007722;0;7;0;16;0;9;1;A01
201400007723;0;10;0;0;2;3;15;A01
201400007723;0;7;0;0;2;3;1;B02
201400007724;0;7;0;1;0;1;14;A01
201400007725;0;7;0;0;0;6;0;A01
201400007725;0;14;0;0;0;1;0;B02
201400007726;0;10;0;2;0;2;1;A01
201400007727;0;7;0;16;0;7;1;A01
201400007728;0;7;0;0;2;3;1;B02
201400007728;0;7;0;0;2;2;9;A01
201400007729;0;7;0;13;0;2;1;A01
201400007730;0;7;0;13;0;3;14;A01
201400007731;0;7;0;0;2;1;0;B02
201400007731;0;7;0;0;2;1;0;A01
201400007732;0;7;0;0;0;9;0;A01
201400007733;0;7;0;0;2;1;1;B02
201400007733;0;7;0;0;2;3;16;A01
201400007734;0;33;0;0;2;1;1;A01
201400007734;0;7;0;0;2;3;15;B02
201400007735;0;1;0;0;0;4;2;A01
201400007735;0;1;0;0;0;4;2;B02
201400007735;1;7;0;0;2;1;2;C03
201400007736;0;14;0;0;1;2;1;A01
201400007737;0;7;0;0;2;1;19;A01
201400007737;0;7;0;0;2;3;1;B02
201400007738;0;7;0;0;2;1;15;A01
201400007738;0;33;0;0;2;1;1;B02
201400007739;0;20;0;0;2;8;1;C03