num_acc;senc;catv;occutc;obs;obsm;choc;manv;num_veh
201400007739;0;10;0;0;2;3;1;B02
201400007739;0;7;0;0;2;3;17;A01
201400007740;0;7;0;0;2;2;15;A01
201400007740;0;15;0;0;2;3;1;B02
201400007741;0;10;0;0;2;5;1;A01
201400007741;0;7;0;0;2;3;19;B02
201400007742;0;31;0;0;2;1;1;A01
201400007742;0;7;0;0;2;7;15;B02
201400007743;0;7;0;0;2;2;1;A01
201400007743;0;7;0;0;2;3;1;B02
201400007744;0;33;0;3;0;7;1;A01
201400007745;0;33;0;0;0;8;1;A01
201400007746;0;7;0;0;2;8;9;A01
201400007746;0;31;0;0;2;7;1;B02
201400007747;0;33;0;2;0;1;13;A01
201400007748;0;1;0;0;0;6;11;B02
201400007748;0;7;0;0;9;2;13;A01
201400007749;0;32;0;0;2;1;1;B02
201400007749;0;7;0;0;2;8;15;A01
201400007750;0;10;0;2;0;3;1;A01
201400007751;0;7;0;2;0;1;0;A01
201400007752;0;7;0;0;2;2;1;B02
201400007752;0;7;0;0;2;3;19;A01
201400007753;0;10;0;0;2;3;19;A01
201400007753;0;33;0;0;2;1;17;B02
201400007754;0;7;0;2;0;7;0;A01
201400007755;0;7;0;2;0;1;1;A01
201400007756;0;10;0;0;2;3;13;B02
201400007756;0;7;0;0;2;3;1;A01
201400007757;0;33;0;0;0;1;0;B02
201400007757;0;7;0;2;0;2;0;A01
201400007758;0;7;0;0;1;1;1;A01
201400007759;0;33;0;0;2;1;13;A01
201400007759;0;7;0;0;2;3;1;B02
201400007760;0;7;0;0;2;6;13;A01
201400007760;0;33;0;0;2;2;17;B02
201400007761;0;7;0;0;2;3;17;A01
201400007761;0;33;0;0;2;2;17;B02
201400007762;0;7;0;6;0;1;14;A01
201400007763;0;31;0;0;2;1;13;A01
201400007763;0;7;0;0;2;3;1;B02
201400007764;0;7;0;0;2;3;19;A01
201400007764;0;33;0;0;2;1;1;B02
201400007765;0;7;0;0;2;3;1;A01
201400007765;0;31;0;0;2;5;19;B02
201400007766;0;34;0;0;2;1;13;A01
201400007766;0;33;0;0;2;3;1;B02
201400007767;0;7;0;0;1;1;1;A01
201400007768;0;7;0;0;2;3;2;A01
201400007768;0;30;0;0;2;1;1;B02
201400007769;0;7;0;0;9;2;1;A01
201400007769;0;1;0;0;2;4;1;B02
201400007770;0;31;0;0;0;4;2;A01
201400007770;0;10;0;0;0;1;2;B02
201400007771;0;7;0;0;1;2;17;A01
201400007772;0;33;0;0;2;1;1;B02
201400007772;0;7;0;0;2;7;15;A01
201400007773;0;1;0;0;2;4;1;B02
201400007773;0;7;0;0;2;2;1;A01
201400007774;0;20;0;0;2;3;1;B02
201400007774;0;10;0;0;2;3;13;A01
201400007775;0;7;0;0;2;1;5;A01
201400007775;0;7;0;0;2;1;13;B02
201400007776;0;30;0;0;2;1;0;A01
201400007776;0;7;0;0;2;4;15;B02
201400007777;0;7;0;0;1;6;4;A01
201400007778;0;7;0;0;2;1;15;A01
201400007778;0;2;0;0;2;7;1;B02
201400007779;0;7;0;0;2;2;1;B02
201400007779;0;33;0;0;2;7;13;A01
201400007780;0;10;0;0;1;3;19;A01
201400007781;0;7;0;0;2;1;1;C03
201400007781;0;7;0;0;2;1;5;A01
201400007781;0;7;0;0;2;3;1;B02
201400007782;0;2;0;0;2;1;13;A01
201400007782;0;7;0;0;2;3;1;B02
201400007783;0;7;0;0;2;1;15;A01
201400007783;0;2;0;0;2;7;1;B02
201400007784;0;33;0;0;2;8;5;A01
201400007784;0;7;0;0;2;8;5;B02
201400007785;0;10;0;0;2;3;1;B02
201400007785;0;33;0;0;2;6;13;A01
201400007786;0;7;0;0;2;1;15;A01
201400007786;0;33;0;0;2;1;1;B02
201400007787;0;7;0;0;2;3;1;B02
201400007787;0;7;0;0;2;7;13;A01
201400007788;0;7;0;0;0;1;1;A01
201400007789;0;7;0;0;1;1;3;A01
201400007790;0;33;0;1;0;8;19;A01
201400007791;0;36;0;8;0;1;1;A01
201400007792;0;33;0;12;0;8;1;A01
201400007793;0;7;0;0;1;3;0;A01
201400007794;0;7;0;0;1;3;19;A01
201400007795;1;7;0;0;1;2;2;A01
201400007796;0;7;0;8;0;6;13;A01
201400007797;0;10;0;0;2;7;19;A01
201400007797;0;33;0;0;2;1;1;B02
201400007798;0;38;0;0;2;0;1;A01
201400007798;0;7;0;0;0;0;15;B02
201400007799;0;33;0;0;2;1;2;A01
201400007799;0;10;0;0;2;4;23;B02
201400007800;0;7;0;0;2;9;14;A01
201400007800;0;2;0;0;0;1;2;B02
201400007801;0;7;0;1;1;1;20;A01
201400007802;0;14;0;0;2;1;1;A01
201400007802;0;14;0;0;2;4;2;B02
201400007803;0;7;0;0;1;2;17;A01
201400007804;0;7;0;0;0;0;20;A01
201400007805;0;1;0;0;2;1;10;B02
201400007805;0;7;0;0;9;2;0;A01
201400007806;0;7;0;0;2;4;1;B02
201400007806;0;7;0;0;2;1;17;A01
201400007807;0;14;0;2;0;2;1;A01
201400007808;0;7;0;0;2;3;9;B02
201400007808;0;17;0;0;2;2;1;A01
201400007808;0;7;0;0;2;1;1;C03
201400007809;0;7;0;0;0;1;13;A01
201400007810;0;10;0;0;0;3;15;A01
201400007810;0;7;0;0;0;7;17;B02
201400007811;0;34;0;0;2;1;17;B02
201400007811;0;10;0;0;0;3;10;A01
201400007812;0;7;0;6;0;7;1;A01
201400007813;0;33;0;0;2;1;1;A01
201400007813;0;7;0;0;2;5;15;B02
201400007814;0;3;0;0;2;1;1;B02
201400007814;0;7;0;0;2;1;13;A01
201400007815;0;7;0;2;0;1;17;A01
201400007816;0;21;0;0;0;4;2;B02
201400007816;0;7;0;0;2;1;2;A01
201400007816;0;7;0;0;2;3;2;C03
201400007817;0;32;0;0;0;3;1;A01
201400007817;0;32;0;0;2;3;1;B02
201400007818;0;10;0;8;2;1;1;A01
201400007818;0;7;0;0;2;3;1;B02
201400007819;0;7;0;2;0;1;13;A01
201400007820;0;7;0;0;1;3;1;A01
201400007821;0;33;0;0;2;1;1;A01
201400007821;0;7;0;0;2;3;16;B02
201400007822;0;7;0;0;2;8;21;C03
201400007822;0;7;0;0;2;1;1;B02
201400007822;0;7;0;0;2;1;13;A01
201400007823;0;7;0;0;2;3;1;A01
201400007823;0;7;0;0;2;3;1;B02
201400007824;0;7;0;2;0;8;1;A01
201400007825;0;33;0;0;2;1;21;A01
201400007825;0;7;0;0;2;3;15;B02
201400007826;0;33;0;0;2;1;1;A01
201400007826;0;7;0;0;2;1;1;B02
201400007827;0;7;0;2;0;1;0;A01
201400007828;1;7;0;0;1;7;1;A01
201400007829;0;7;0;0;2;1;5;A01
201400007829;0;7;0;0;2;1;1;B02
201400007830;0;7;0;0;0;7;14;A01
201400007831;0;7;0;0;2;4;23;B02
201400007831;0;7;0;0;2;1;1;D04
201400007831;0;7;0;0;2;1;1;C03
201400007831;0;15;0;0;2;3;1;A01
201400007832;0;7;0;6;0;1;13;A01
201400007833;0;7;0;2;0;2;14;A01
201400007834;0;7;0;0;9;1;1;C03
201400007834;0;7;0;0;2;3;13;A01
201400007834;0;7;0;0;2;3;1;B02
201400007835;0;7;0;8;0;1;14;A01
201400007836;0;7;0;0;1;3;1;A01
201400007837;0;7;0;0;2;1;1;B02
201400007837;0;15;0;0;0;3;13;A01
201400007838;0;7;0;2;0;1;1;A01
201400007839;0;7;0;13;0;9;1;A01
201400007840;0;13;0;0;9;2;14;A01
201400007840;0;1;0;0;2;6;1;B02
201400007841;0;7;0;0;2;7;13;A01
201400007841;0;7;0;0;2;1;1;B02
201400007842;0;7;0;2;0;8;15;A01
201400007843;0;7;0;0;2;1;2;C03
201400007843;0;7;0;0;2;3;1;B02
201400007843;0;7;0;0;2;3;17;A01
201400007844;0;7;0;13;0;9;1;A01
201400007845;0;33;0;8;2;3;1;A01
201400007845;0;10;0;0;2;3;15;B02
201400007846;0;10;0;0;1;5;4;A01
201400007847;0;31;0;0;0;2;1;A01
201400007848;0;7;0;6;2;1;17;A01
201400007848;0;1;0;0;2;1;1;B02
201400007849;0;7;0;10;0;1;13;A01
201400007849;0;20;0;0;2;1;1;B02
201400007850;0;7;0;0;0;4;0;A01
201400007850;0;7;0;0;2;1;2;B02
201400007851;0;7;0;6;0;2;1;A01
201400007852;0;7;0;0;0;0;13;A01
201400007853;0;7;0;13;0;9;1;A01
201400007854;0;7;0;13;0;9;1;A01
201400007855;0;7;0;0;0;1;19;A01
201400007855;0;33;0;0;2;1;1;B02
201400007856;0;7;0;2;0;2;21;A01
201400007857;0;33;0;2;0;1;1;A01
201400007858;0;33;0;4;0;3;13;A01
201400007859;0;36;0;16;0;0;16;A01
201400007860;0;7;0;0;0;0;0;A01
201400007861;0;7;0;0;0;2;1;C03
201400007861;0;7;0;0;0;1;1;B02
201400007861;0;33;0;0;0;1;1;A01
201400007862;0;33;0;0;0;1;13;A01
201400007862;0;33;0;0;0;8;1;B02
201400007863;0;7;0;0;2;1;15;A01
201400007863;0;7;0;0;2;1;1;B02
201400007864;0;7;0;13;0;9;6;A01
201400007865;0;7;0;0;1;0;1;A01
201400007866;0;10;0;0;1;2;1;A01
201400007867;0;7;0;0;2;2;1;B02
201400007867;0;7;0;0;2;3;15;A01
201400007868;0;7;0;0;0;3;13;A01
201400007868;0;7;0;0;0;3;1;B02
201400007869;0;10;0;0;0;3;15;A01
201400007869;0;7;0;0;0;1;1;B02
201400007870;0;7;0;0;0;3;1;C03
201400007870;0;33;0;0;2;8;1;A01
201400007870;0;7;0;0;0;8;1;B02
201400007871;0;33;0;0;0;0;13;A01
201400007872;0;1;0;0;2;1;13;A01
201400007872;0;7;0;0;0;3;15;B02
201400007873;0;7;0;0;2;3;1;A01
201400007873;0;15;0;0;2;3;1;B02
201400007874;0;7;0;0;2;2;19;A01
201400007874;0;33;0;0;2;8;1;B02
201400007875;0;7;0;0;0;1;13;A01
201400007875;0;7;0;0;0;1;1;B02
201400007876;0;10;0;6;0;2;1;A01
201400007877;0;33;0;0;0;0;21;B02
201400007877;0;33;0;0;0;7;0;A01
201400007878;0;33;0;0;2;8;0;C03
201400007878;0;33;0;0;2;1;0;B02
201400007878;0;7;0;0;2;3;13;A01
201400007879;0;7;0;0;0;0;13;A01
201400007880;0;7;0;2;0;9;17;A01
201400007881;0;33;0;3;0;1;16;A01
201400007882;0;10;0;0;0;0;1;A01
201400007882;0;33;0;0;2;0;1;B02
201400007883;0;33;0;3;0;8;16;A01
201400007884;0;31;0;16;0;7;1;A01
201400007885;0;33;0;0;0;7;17;A01
201400007885;0;33;0;0;2;1;1;B02
201400007886;0;33;0;0;0;3;15;A01
201400007887;0;33;0;0;0;8;1;A01
201400007888;0;7;0;13;0;1;1;A01
201400007889;0;33;0;0;0;8;1;A01
201400007890;0;7;0;0;2;3;1;B02
201400007890;0;33;0;0;2;1;1;A01
201400007891;0;7;0;0;2;3;1;B02
201400007891;0;7;0;0;2;3;13;A01
201400007892;0;33;0;0;2;1;17;A01
201400007892;0;7;0;0;2;2;1;B02
201400007893;0;7;0;0;2;3;2;A01
201400007893;0;7;0;0;0;5;15;B02
201400007894;0;7;0;13;2;1;13;A01
201400007894;0;7;0;0;2;1;1;B02
201400007895;0;1;0;0;0;0;0;A01
201400007896;0;7;0;2;0;1;1;A01
201400007897;2;7;0;0;0;1;1;A01
201400007897;0;7;0;0;2;4;2;B02
201400007897;0;10;0;0;0;4;2;C03
201400007898;0;7;0;0;2;3;13;A01
201400007898;0;7;0;0;2;8;1;B02
201400007898;0;10;0;0;2;8;21;C03
201400007899;0;7;0;2;0;1;13;A01
201400007900;0;7;0;0;2;1;1;A01
201400007900;0;7;0;0;2;9;1;B02
201400007901;0;10;0;0;2;2;18;A01
201400007901;0;33;0;0;0;5;2;B02
201400007902;0;33;0;6;0;2;1;A01
201400007903;0;7;0;2;0;1;1;A01
201400007904;0;7;0;0;0;1;13;A01
201400007905;0;33;0;0;0;7;1;A01
201400007906;0;33;0;3;0;8;1;A01
201400007907;0;7;0;5;0;1;1;A01
201400007908;0;7;0;13;0;9;13;A01
201400007909;0;7;0;13;0;8;1;A01
201400007910;0;7;0;2;0;5;1;A01
201400007911;0;15;0;0;2;3;1;B01
201400007911;0;7;0;0;2;3;13;A02
201400007912;0;7;0;2;2;3;1;B02
201400007912;0;7;0;0;2;1;1;C03
201400007912;0;7;0;0;2;3;13;A01
201400007913;0;1;0;0;2;1;5;A01
201400007913;0;7;0;0;9;1;1;B02
201400007914;0;7;0;0;2;1;1;A01
201400007914;0;7;0;0;2;8;19;B02
201400007915;0;7;0;8;2;1;1;A01
201400007915;0;7;0;0;2;2;1;B02
201400007916;0;7;0;0;2;2;6;A01
201400007916;0;33;0;0;2;1;1;B02
201400007916;0;7;0;0;9;8;23;C03
201400007917;0;7;0;0;1;2;1;A01
201400007918;0;7;0;0;2;2;15;A01
201400007918;0;30;0;0;2;1;1;B02
201400007919;0;7;0;0;2;3;1;A01
201400007919;0;7;0;0;2;3;13;B02
201400007920;0;10;0;2;0;8;13;A01
201400007921;0;33;0;0;0;0;1;A01
201400007922;0;7;0;2;0;1;13;A01
201400007923;0;33;0;0;2;1;1;A01
201400007923;0;7;0;0;2;1;1;B02
201400007924;0;33;0;8;0;1;1;A01
201400007925;0;33;0;13;0;2;1;A01
201400007926;0;10;0;0;2;3;15;A01
201400007926;0;1;0;0;2;1;1;B02
201400007927;0;33;0;0;2;1;1;A01
201400007927;0;7;0;0;0;4;9;B02
201400007928;0;33;0;0;2;1;1;A01
201400007928;0;7;0;0;2;1;1;B02
201400007928;0;7;0;0;2;3;9;C03
201400007929;0;7;0;2;0;1;14;A01
201400007930;0;33;0;9;0;9;17;A01
201400007931;0;10;0;0;2;3;1;A01
201400007931;0;10;0;0;2;3;1;B02
201400007932;1;7;0;0;1;2;1;A01
201400007933;0;33;0;0;0;9;1;A01
201400007934;0;7;0;0;2;2;1;A01
201400007934;0;32;0;0;2;1;1;B02
201400007935;0;36;0;0;0;0;1;A01
201400007936;0;7;0;2;0;1;13;A01
201400007937;0;7;0;0;0;8;9;A01
201400007937;0;14;0;0;0;2;1;B02
201400007938;0;7;0;0;2;7;15;A01
201400007938;0;1;0;0;2;1;1;B02
201400007939;0;7;0;0;2;1;13;A01
201400007939;0;10;0;0;2;3;1;B02
201400007940;0;7;0;13;0;9;13;A01
201400007941;0;30;0;3;0;1;14;A01
201400007942;0;36;0;13;0;9;13;A01
201400007943;0;7;0;2;0;1;13;A01
201400007944;0;7;0;13;0;9;14;A01
201400007945;0;7;0;0;2;3;1;A01
201400007945;0;7;0;0;2;1;1;B02
201400007946;0;7;0;0;1;3;1;A01
201400007947;0;7;0;0;2;2;1;A01
201400007947;0;21;0;0;;6;1;B02
201400007948;0;33;0;0;0;1;1;A01
201400007949;0;7;0;0;1;1;15;A01
201400007950;0;7;0;0;;8;1;B02
201400007950;0;10;0;0;2;3;13;A01
201400007951;0;7;0;0;;3;15;A01
201400007951;0;33;0;0;2;1;1;B02
201400007952;0;31;0;13;0;7;13;A01
201400007953;0;1;0;0;2;1;13;A01
201400007953;0;1;0;0;2;1;1;B02
201400007953;0;14;0;0;2;1;1;C03
201400007954;0;3;0;0;2;3;13;A01
201400007954;0;7;0;0;0;3;1;B02
201400007955;0;7;0;16;0;9;21;A01
201400007956;0;7;0;0;0;3;1;A01
201400007957;0;30;0;0;2;1;5;A01
201400007957;0;7;0;0;2;3;2;B02
201400007958;0;7;0;0;0;0;23;A01
201400007958;0;33;0;1;0;7;21;B02
201400007958;0;33;0;1;0;7;21;C03
201400007959;0;7;0;0;;3;15;A01
201400007959;0;33;0;0;2;1;1;B02
201400007960;0;7;0;0;2;2;13;A01
201400007960;0;7;0;0;2;3;1;B02
201400007960;0;7;0;0;2;1;1;C03
201400007961;0;7;0;2;0;1;1;A01
201400007962;0;7;0;13;0;1;1;A01
201400007963;0;7;0;13;0;2;1;A01
201400007964;0;7;0;0;;8;15;A01
201400007964;0;33;0;0;2;1;1;B02
201400007965;0;7;0;13;0;1;1;A01
201400007966;0;7;0;16;0;0;0;A01
201400007967;0;7;0;2;0;1;1;A01
201400007968;0;7;0;0;2;1;5;A01
201400007968;0;7;0;0;;1;1;B02
201400007969;0;7;0;0;2;1;17;A01
201400007969;0;7;0;0;;1;1;B02
201400007970;0;7;0;0;2;1;13;A01
201400007970;0;7;0;0;;2;1;B02
201400007970;0;7;0;0;2;1;1;C03
201400007971;0;7;0;0;2;2;1;A01
201400007971;0;7;0;0;2;3;1;B02
201400007972;0;33;0;0;0;0;0;A01
201400007973;0;1;0;0;0;4;1;B02
201400007973;2;7;0;0;2;2;1;A01
201400007974;0;7;0;16;0;0;13;A01
201400007975;0;7;0;0;2;3;16;A01
201400007975;0;7;0;0;;1;1;B02
201400007976;0;7;0;2;0;1;1;A01
201400007977;0;7;0;13;0;9;1;A01
201400007978;0;33;0;0;0;7;1;A01
201400007979;0;7;0;0;;5;1;A01
201400007979;0;31;0;0;2;2;14;B02
201400007980;0;7;0;1;0;1;2;A01
201400007980;0;7;0;0;;4;23;B02
201400007981;0;7;0;0;0;7;1;A01
201400007982;0;7;0;0;2;1;1;A01
201400007982;0;7;0;0;;1;0;B02
201400007983;0;7;0;0;;3;1;B02
201400007983;0;7;0;0;2;2;1;A01
201400007984;0;30;0;0;2;1;5;B02
201400007984;0;7;0;0;2;2;17;A01
201400007985;0;7;0;2;0;1;0;A01
201400007986;0;7;0;0;2;2;9;B02
201400007986;0;7;0;0;2;2;1;A01
201400007987;0;7;0;0;2;6;17;A01
201400007987;0;33;0;0;2;3;17;B02
201400007988;0;7;0;0;2;3;1;A01
201400007988;0;7;0;0;2;3;1;B02
201400007989;0;7;0;0;1;4;4;A01
201400007990;0;7;0;0;2;5;16;A01
201400007990;0;7;0;0;2;3;2;B02
201400007991;0;33;0;0;2;1;1;A01
201400007991;0;13;0;0;2;6;9;B02
201400007992;0;10;0;0;1;1;1;A01
201400007993;0;33;0;2;0;1;13;A01
201400007994;0;31;0;0;5;1;1;A01
201400007995;0;14;0;4;0;7;1;A01
201400007996;0;7;0;0;0;4;1;A01
201400007996;0;1;0;0;2;1;1;B02
201400007997;0;33;0;13;0;8;1;A01
201400007998;0;33;0;0;2;3;13;A01
201400007998;0;7;0;0;2;3;1;B02
201400007999;0;34;0;0;0;0;1;A01
201400008000;0;7;0;0;0;5;15;A01
201400008000;0;30;0;0;2;1;1;B02
201400008001;0;10;0;16;0;0;1;A01
201400008002;0;7;0;0;2;3;1;C03
201400008002;0;7;0;0;2;9;1;A01
201400008002;0;7;0;0;2;9;1;B02
201400008003;0;7;0;0;2;3;1;A01
201400008003;0;17;0;0;2;2;1;B02
201400008004;0;32;0;4;0;2;14;A01
201400008005;0;3;0;0;0;1;13;B02
201400008005;0;7;0;0;2;3;1;A01
201400008006;0;30;0;15;1;1;21;A01
201400008007;0;30;0;0;2;1;1;A01
201400008008;0;7;0;0;2;1;0;C03
201400008008;0;7;0;0;0;1;0;A01
201400008008;0;7;0;0;2;1;5;B02
201400008009;0;7;0;13;0;1;1;A01
201400008010;0;7;0;0;9;3;9;B02
201400008010;0;1;0;0;2;3;9;A01
201400008011;0;33;0;0;0;1;1;B02
201400008011;0;7;0;0;0;5;15;A01
201400008012;0;7;0;0;0;0;2;A01
201400008012;0;1;0;0;2;8;2;B02
201400008013;0;14;0;4;0;7;1;A01
201400008014;0;34;0;0;2;1;1;A01
201400008014;0;7;0;0;2;1;15;B02
201400008015;0;30;0;0;2;1;13;B02
201400008015;0;7;0;0;2;1;13;A01
201400008016;0;31;0;0;2;8;15;A01
201400008016;0;7;0;0;2;1;17;B02
201400008017;0;7;0;0;9;8;15;A01
201400008017;0;33;0;0;2;1;1;B02
201400008018;0;10;0;0;2;3;20;A01
201400008018;0;30;0;0;2;0;17;B02
201400008019;0;7;0;0;2;3;0;B02
201400008019;0;33;0;0;2;1;1;A01
201400008020;0;31;0;0;0;8;21;A01
201400008021;0;7;0;0;2;3;15;A01
201400008021;0;33;0;0;2;1;1;B02
201400008022;0;7;0;0;2;2;1;A01
201400008022;0;7;0;0;2;3;1;B02
201400008023;0;33;0;0;2;1;1;B02
201400008023;0;7;0;0;2;1;13;A01
201400008024;0;30;0;0;0;0;0;A01
201400008025;0;7;0;0;9;8;0;A01
201400008025;0;1;0;1;0;1;1;C03
201400008025;0;33;0;0;9;1;1;D04
201400008025;0;1;0;1;0;1;1;B02
201400008026;0;33;0;0;1;2;2;A01
201400008027;0;7;0;0;0;0;0;A01
201400008028;0;7;0;0;2;6;0;A01
201400008028;0;7;0;0;2;1;1;B02
201400008029;0;1;0;13;0;0;1;A01
201400008030;0;33;0;0;0;0;1;A01
201400008031;0;33;0;3;0;2;1;A01
201400008032;0;21;0;0;2;7;2;B02
201400008032;0;7;0;0;2;3;2;A01
201400008033;0;1;0;2;0;0;1;A01
201400008034;0;7;0;0;2;3;13;A01
201400008034;0;33;0;0;2;1;1;B02
201400008034;0;33;0;0;2;1;1;C03
201400008035;0;7;0;13;0;9;13;A01
201400008036;0;7;0;2;0;1;14;A01
201400008037;0;1;0;0;2;1;1;A01
201400008037;0;7;0;0;2;7;19;B02
201400008038;0;31;0;0;0;1;2;A01
201400008039;0;10;0;0;1;1;1;A01
201400008040;0;33;0;10;0;7;1;A01
201400008041;0;30;0;0;2;1;1;B02
201400008041;0;7;0;0;0;3;9;A01
201400008042;0;7;0;0;2;1;1;B02
201400008042;0;7;0;0;2;1;13;A01
201400008043;0;7;0;0;1;2;17;A01
201400008044;0;7;0;2;0;1;1;A01
201400008045;0;33;0;0;0;8;1;A01
201400008046;0;33;0;12;0;1;1;A01
201400008047;0;7;0;0;2;3;1;B02
201400008047;0;7;0;0;2;1;13;A01
201400008048;0;33;0;10;0;1;1;A01
201400008049;0;33;0;0;2;8;13;A01
201400008049;0;7;0;0;2;8;1;B02
201400008050;0;33;0;13;0;2;1;A01
201400008051;0;10;0;6;0;1;1;A01
201400008052;0;15;0;0;1;2;1;A01
201400008053;0;7;0;13;0;2;1;A01
201400008054;0;32;0;0;2;1;1;B02
201400008054;0;7;0;0;2;8;9;A01
201400008055;0;7;0;0;0;8;17;A01
201400008055;0;33;0;0;0;8;1;B02
201400008056;0;3;0;0;2;3;0;A01
201400008056;0;34;0;0;2;8;0;B02
201400008057;0;31;0;0;2;1;17;A01
201400008057;0;33;0;0;2;1;1;B02
201400008058;0;33;0;1;0;7;14;A01
201400008059;0;1;0;0;2;1;1;C03
201400008059;0;1;0;0;2;1;1;B02
201400008059;0;7;0;13;2;9;1;A01
201400008060;0;33;0;6;0;2;1;A01
201400008061;0;7;0;0;2;1;5;B02
201400008061;0;7;0;0;2;1;17;A01
201400008062;0;7;0;0;0;0;0;B02
201400008062;0;7;0;0;2;6;2;A01
201400008062;0;7;0;0;0;0;0;C03
201400008062;0;7;0;0;2;3;0;D04
201400008063;0;7;0;0;2;3;15;A01
201400008063;0;33;0;0;2;1;1;B02
201400008064;0;10;0;5;0;0;0;A01
201400008065;0;33;0;0;2;1;5;A01
201400008065;0;10;0;0;2;1;1;B02
201400008066;0;32;0;0;2;3;1;A01
201400008066;0;7;0;0;2;3;1;B02
201400008067;0;7;0;13;2;3;13;A01
201400008068;0;7;0;0;2;1;1;B02
201400008068;0;7;0;0;0;1;13;A01
201400008069;0;7;0;0;2;7;13;B02
201400008069;0;7;0;0;2;1;1;A01
201400008070;0;33;0;3;0;1;1;A01
201400008071;0;7;0;0;0;3;1;A01
201400008072;0;7;0;0;2;3;13;A01
201400008072;0;7;0;0;2;3;1;B02
201400008073;0;13;0;0;2;1;1;B02
201400008073;0;10;0;0;2;5;19;A01
201400008074;0;7;0;0;2;1;15;A01
201400008074;0;10;0;0;2;1;1;B02
201400008075;0;7;0;0;2;1;1;B02
201400008075;0;7;0;0;2;8;19;A01
201400008076;0;7;0;8;0;1;2;A01
201400008077;0;33;0;0;2;3;17;A01
201400008077;0;7;0;0;0;7;15;B02
201400008078;0;7;0;0;2;6;1;B02
201400008078;0;7;0;0;2;2;15;A01
201400008078;0;10;0;0;2;1;1;C03
201400008079;0;32;0;1;0;1;0;A01
201400008080;0;7;0;0;2;1;23;C03
201400008080;0;7;0;0;2;1;1;B02
201400008080;0;7;0;0;2;3;9;A01
201400008081;0;14;0;0;2;9;21;A01
201400008082;0;10;0;0;2;3;19;A01
201400008082;0;7;0;0;0;7;1;B02
201400008083;0;7;0;6;0;3;5;A01
201400008084;0;31;0;0;2;1;1;B02
201400008084;0;7;0;0;2;3;17;A01
201400008085;0;33;0;0;2;1;17;A01
201400008085;0;7;0;0;2;6;15;B02
201400008086;0;33;0;2;0;3;16;A01
201400008087;0;1;0;0;0;0;1;A01
201400008088;0;33;0;2;0;1;21;A01
201400008089;0;33;0;0;0;0;1;A01
201400008090;0;33;0;0;2;1;17;A01
201400008090;0;33;0;0;2;1;1;B02
201400008091;0;33;0;3;0;0;15;A01
201400008092;0;7;0;0;2;3;1;A01
201400008092;0;7;0;0;2;8;19;B02
201400008093;0;32;0;2;0;7;14;A01
201400008094;0;30;0;0;2;1;2;B02
201400008094;0;14;0;0;2;5;4;A01
201400008095;0;7;0;0;2;3;1;B02
201400008095;0;30;0;0;2;8;17;A01
201400008096;0;32;0;0;0;1;0;B02
201400008096;0;7;0;0;0;6;0;A01
201400008097;0;7;0;6;1;1;1;A01
201400008098;0;33;0;0;0;2;1;A01
201400008099;0;7;0;0;2;8;1;B02
201400008099;0;7;0;0;2;3;13;A01
201400008100;0;33;0;13;0;7;17;A01
201400008101;0;34;0;0;2;1;13;A01
201400008101;0;7;0;0;2;1;1;B02
201400008102;0;7;0;0;1;4;4;A01
201400008103;0;7;0;1;2;1;1;A01
201400008103;0;7;0;2;2;4;1;C03
201400008104;0;14;0;0;1;7;1;A01
201400008105;0;33;0;0;2;1;1;B02
201400008105;0;7;0;0;2;8;22;A01
201400008106;0;7;0;0;2;3;1;A01
201400008106;0;7;0;0;2;3;1;B02
201400008107;0;7;0;0;2;3;1;B02
201400008107;0;7;0;0;2;3;13;A01
201400008108;0;7;0;0;0;2;15;A01
201400008108;0;33;0;0;2;1;1;B02
201400008109;0;7;0;0;2;3;2;A01
201400008109;0;7;0;0;0;5;20;B02
201400008110;0;7;0;13;0;9;1;A01
201400008111;1;14;0;0;1;2;1;A01
201400008112;0;7;0;1;0;1;14;A01
201400008112;0;32;0;0;0;4;24;B02
201400008113;0;7;0;2;0;2;1;A01
201400008114;1;7;0;0;1;8;1;A01
201400008115;0;7;0;0;2;2;0;A01
201400008115;0;33;0;0;2;1;13;B02
201400008116;0;7;0;0;2;3;1;B02
201400008116;0;15;0;0;2;1;13;A01
201400008117;0;7;0;0;2;3;1;B02
201400008117;0;7;0;0;2;3;13;A01
201400008118;0;34;0;0;0;1;1;A01
201400008119;0;7;0;2;0;1;1;A01
201400008120;0;7;0;0;1;2;1;A01
201400008121;0;7;0;0;1;2;1;A01
201400008122;0;10;0;0;2;2;1;A01
201400008122;0;7;0;0;0;8;16;B02
201400008123;0;10;0;13;0;7;0;A01
201400008124;0;7;0;0;2;1;13;A01
201400008124;0;7;0;0;2;1;1;B02
201400008125;0;7;0;0;2;2;15;A01
201400008125;0;33;0;0;2;1;1;B02
201400008126;0;15;0;0;0;0;0;A01
201400008126;0;1;0;0;0;0;0;B02
201400008127;0;7;0;0;1;1;1;A01
201400008128;0;7;0;0;2;1;1;B02
201400008128;0;7;0;0;2;7;9;A01
201400008129;0;7;0;0;2;1;1;B02