num_acc;senc;catv;occutc;obs;obsm;choc;manv;num_veh
201400008129;2;7;0;0;2;8;15;A01
201400008130;0;10;0;0;0;8;17;A01
201400008130;0;33;0;0;0;7;14;B02
201400008131;0;7;0;0;2;3;1;B02
201400008131;0;7;0;0;0;3;5;A01
201400008132;0;3;0;13;0;1;1;A01
201400008133;0;1;0;0;0;6;13;B02
201400008133;0;33;0;0;9;2;17;A01
201400008134;0;7;0;0;0;2;11;A01
201400008134;0;7;0;0;2;6;1;B02
201400008135;0;33;0;0;2;7;1;B02
201400008135;0;7;0;0;2;7;15;A01
201400008136;0;7;0;0;2;2;13;B02
201400008136;0;7;0;0;2;2;1;A01
201400008137;0;10;0;2;0;1;1;A01
201400008138;0;1;0;0;0;0;1;A01
201400008139;0;10;0;0;0;9;13;A01
201400008140;0;10;0;0;1;1;19;A01
201400008141;0;7;0;0;2;3;1;A01
201400008141;0;3;0;0;2;3;13;B02
201400008142;0;7;0;3;0;2;1;A01
201400008143;0;7;0;13;2;2;1;A01
201400008143;0;7;0;0;2;1;1;B02
201400008144;0;33;0;0;2;1;1;A01
201400008144;0;7;0;0;2;3;15;B02
201400008145;0;7;0;0;0;8;1;A01
201400008146;0;34;0;0;2;1;2;B02
201400008146;0;10;0;0;2;4;2;A01
201400008147;0;33;0;0;0;7;1;A01
201400008148;0;33;0;13;0;2;1;A01
201400008149;0;33;0;13;0;2;13;A01
201400008150;0;33;0;0;0;1;1;A01
201400008151;0;7;0;0;2;3;1;B02
201400008151;0;33;0;0;2;1;13;A01
201400008152;0;33;0;0;2;1;1;B02
201400008152;0;10;0;0;0;8;9;A01
201400008153;0;7;0;2;0;1;0;A01
201400008154;0;7;0;0;2;3;1;A01
201400008154;0;99;0;0;2;1;19;B02
201400008155;0;7;0;13;0;2;1;A01
201400008156;0;7;0;2;0;2;1;A01
201400008157;0;99;0;13;0;1;14;A01
201400008158;0;7;0;0;2;3;17;A01
201400008158;0;7;0;0;2;8;1;B02
201400008158;0;10;0;0;9;3;1;C03
201400008158;0;7;0;0;2;3;1;D04
201400008159;0;7;0;0;2;3;1;B02
201400008159;0;7;0;0;2;8;1;A01
201400008160;0;7;0;0;1;2;1;A01
201400008161;0;31;0;0;2;1;1;A01
201400008161;0;7;0;0;0;4;1;B02
201400008162;0;34;0;0;0;0;1;A01
201400008163;0;7;0;0;2;3;0;B02
201400008163;0;7;0;0;2;3;15;A01
201400008164;0;7;0;13;0;2;14;A01
201400008165;0;33;0;0;0;7;1;A01
201400008166;0;33;0;0;0;9;17;A01
201400008167;0;7;0;1;0;3;13;A01
201400008168;0;7;0;0;2;1;1;A01
201400008168;0;7;0;0;2;2;1;B02
201400008169;0;13;0;0;0;6;1;A01
201400008169;0;10;0;0;2;1;1;C03
201400008169;0;7;0;0;2;2;17;B02
201400008170;0;7;0;0;2;1;1;A01
201400008170;0;7;0;0;0;8;19;B02
201400008171;0;7;0;2;0;8;1;A01
201400008172;0;7;0;0;0;0;15;A01
201400008172;0;7;0;1;0;9;1;B02
201400008172;0;10;0;0;0;1;24;C03
201400008173;0;7;0;0;0;4;23;A01
201400008173;0;15;0;0;2;1;2;C03
201400008173;0;10;0;0;2;4;23;B02
201400008174;0;7;0;0;1;3;1;A01
201400008175;0;33;0;6;0;1;1;A01
201400008176;0;33;0;0;2;1;1;A01
201400008176;0;7;0;0;0;8;15;B02
201400008177;0;1;0;0;2;8;2;B02
201400008177;0;15;0;0;9;2;2;A01
201400008178;0;7;0;0;2;2;13;A01
201400008178;0;7;0;0;2;3;1;B02
201400008179;0;33;0;0;2;1;15;A01
201400008179;0;10;0;0;2;7;1;B02
201400008180;0;30;0;0;2;7;1;A01
201400008180;0;7;0;0;2;3;15;B02
201400008181;0;33;0;13;0;1;1;A01
201400008182;0;10;0;13;0;3;2;A01
201400008183;0;31;0;8;0;1;1;A01
201400008184;0;33;0;0;2;1;2;B02
201400008184;0;7;0;0;0;8;10;A01
201400008185;0;7;0;13;0;1;1;A01
201400008186;0;7;0;0;2;2;2;A01
201400008186;0;1;0;0;2;8;16;B02
201400008187;0;7;0;0;1;1;1;A01
201400008188;0;10;0;0;2;1;1;A01
201400008188;0;7;0;0;2;1;13;B02
201400008189;0;33;0;0;2;1;2;B02
201400008189;0;10;0;0;2;4;2;A01
201400008190;0;7;0;1;0;2;1;A01
201400008191;0;33;0;0;2;1;1;B02
201400008191;0;10;0;0;2;1;15;A01
201400008192;0;33;0;0;2;1;10;A01
201400008192;0;10;0;0;2;2;2;B02
201400008193;0;33;0;0;0;0;1;A01
201400008194;0;2;0;0;2;1;1;B02
201400008194;0;7;0;0;2;2;15;A01
201400008195;0;14;0;0;0;2;2;A01
201400008195;0;1;0;0;0;8;2;B02
201400008196;0;7;0;0;2;2;1;A01
201400008197;0;34;0;0;2;7;1;A01
201400008197;0;7;0;0;2;6;1;B02
201400008198;0;7;0;0;1;6;0;A01
201400008199;0;7;0;0;2;3;5;B02
201400008199;0;2;0;0;2;1;1;A01
201400008200;0;30;0;5;0;1;1;A01
201400008201;0;7;0;2;0;2;14;A01
201400008202;0;7;0;0;2;1;15;B02
201400008202;0;33;0;0;2;1;1;A01
201400008203;0;33;0;0;2;1;13;A01
201400008203;0;7;0;0;2;1;13;B02
201400008204;0;31;0;0;2;3;18;A01
201400008204;0;10;0;0;0;5;23;B02
201400008205;0;33;0;0;1;1;1;A01
201400008206;0;10;0;0;2;7;1;C03
201400008206;0;31;0;0;2;9;17;A01
201400008206;0;7;0;0;2;3;1;B02
201400008207;0;34;0;0;2;8;19;A01
201400008207;0;7;0;0;2;1;1;B02
201400008208;0;33;0;0;2;1;17;A01
201400008208;0;7;0;0;2;1;1;B02
201400008209;0;33;0;0;2;4;1;B02
201400008209;0;7;0;0;2;1;1;A01
201400008210;0;34;0;0;2;2;3;B02
201400008210;0;7;0;0;2;8;1;A01
201400008211;0;7;0;0;2;1;1;B02
201400008211;0;7;0;0;2;1;13;A01
201400008212;0;31;0;13;0;2;14;A01
201400008213;0;2;0;3;0;7;1;A01
201400008214;0;1;0;0;2;7;2;B02
201400008214;0;7;0;0;2;3;2;A01
201400008215;0;30;0;0;2;1;1;B02
201400008215;0;7;0;0;2;6;10;A01
201400008216;0;7;0;0;9;4;1;B02
201400008216;0;1;0;0;2;1;1;A01
201400008217;0;31;0;0;2;1;1;B02
201400008217;0;7;0;0;2;8;19;A01
201400008218;0;7;0;0;2;3;1;B02
201400008218;0;7;0;0;2;3;13;A01
201400008219;0;7;0;0;2;4;16;A01
201400008219;0;31;0;0;2;3;21;B02
201400008220;0;31;0;13;0;1;14;A01
201400008221;0;33;0;0;2;0;15;A01
201400008221;0;33;0;0;2;7;1;B02
201400008222;0;7;0;0;2;8;15;B02
201400008222;0;33;0;0;2;1;17;A01
201400008223;0;7;0;0;2;7;13;A01
201400008223;0;1;0;0;2;7;1;B02
201400008224;0;33;0;1;2;3;2;A01
201400008225;0;33;0;0;2;1;17;B02
201400008225;0;34;0;0;2;1;17;A01
201400008226;0;7;0;0;1;2;1;A01
201400008227;0;7;0;0;1;2;1;A01
201400008228;0;14;0;0;2;4;1;A01
201400008228;0;33;0;0;2;1;1;B02
201400008229;0;32;0;0;2;1;5;A01
201400008229;0;7;0;0;2;1;1;B02
201400008230;0;33;0;0;2;1;2;B02
201400008230;0;7;0;0;0;4;0;A01
201400008231;0;7;0;0;2;2;16;A01
201400008231;0;31;0;0;2;1;1;B02
201400008232;0;33;0;0;0;1;0;B02
201400008232;0;7;0;0;0;2;0;A01
201400008233;0;33;0;4;0;1;1;A01
201400008234;0;7;0;0;2;1;1;A01
201400008234;0;10;0;0;2;1;1;C03
201400008234;0;10;0;0;2;1;1;B02
201400008235;0;31;0;0;2;3;1;B02
201400008235;0;7;0;0;2;7;10;A01
201400008236;0;7;0;0;2;3;13;B02
201400008236;0;32;0;0;2;2;14;A01
201400008237;0;7;0;0;1;1;1;A01
201400008238;0;32;0;0;2;1;1;A01
201400008238;0;14;0;0;2;6;13;B02
201400008239;0;33;0;0;2;1;1;B02
201400008239;0;7;0;0;2;1;15;A01
201400008240;0;30;0;0;2;0;13;A01
201400008240;0;13;0;0;2;5;1;B02
201400008241;0;1;0;0;2;0;0;A01
201400008242;0;31;0;0;0;1;1;A01
201400008243;0;7;0;0;2;1;2;A01
201400008243;0;34;0;0;0;0;0;B02
201400008244;0;34;0;0;2;1;1;A01
201400008244;0;10;0;0;2;6;1;B02
201400008245;0;31;0;0;2;5;1;B02
201400008245;0;31;0;0;2;2;23;A01
201400008246;0;7;0;0;1;6;1;A01
201400008247;0;7;0;0;2;3;10;A01
201400008247;0;33;0;0;2;1;1;B02
201400008248;1;7;0;0;2;3;1;A01
201400008248;0;33;0;0;2;2;1;B02
201400008249;0;7;0;1;0;2;1;A01
201400008249;0;15;0;1;0;4;24;B02
201400008250;0;7;0;10;0;1;1;A01
201400008251;0;34;0;0;2;4;2;B02
201400008251;0;10;0;0;2;1;1;A01
201400008252;0;7;0;0;2;4;16;B02
201400008252;0;38;2;0;2;1;2;A01
201400008253;0;32;0;14;0;1;1;A01
201400008254;0;14;0;0;1;0;1;A01
201400008255;0;10;0;0;2;8;15;B02
201400008255;0;2;0;0;2;1;17;A01
201400008256;0;7;0;0;2;5;23;A01
201400008256;0;7;0;0;2;3;2;B02
201400008256;0;15;0;0;2;6;23;D04
201400008256;0;7;0;0;2;8;1;C03
201400008257;0;7;0;0;2;3;13;A01
201400008257;0;33;0;0;2;1;2;B02
201400008258;0;7;0;6;0;4;13;A01
201400008259;0;10;0;2;0;2;0;A01
201400008260;0;7;0;0;2;3;15;B02
201400008260;0;7;0;4;2;1;0;A01
201400008261;0;7;0;0;2;3;13;B02
201400008261;0;33;0;0;2;1;13;A01
201400008261;0;33;0;0;2;1;1;C03
201400008262;0;7;0;0;2;1;1;B02
201400008262;0;7;0;0;2;1;13;A01
201400008263;0;7;0;0;2;3;13;A01
201400008263;0;14;0;0;2;3;1;B02
201400008264;0;10;0;0;2;1;15;A01
201400008264;0;7;0;0;2;1;1;B02
201400008265;0;7;0;0;2;3;15;A01
201400008265;0;2;0;0;2;7;1;B02
201400008266;0;7;0;0;2;1;1;A01
201400008266;0;10;0;0;0;8;19;B02
201400008267;0;31;0;0;2;8;1;B02
201400008267;1;7;0;0;2;7;17;A01
201400008268;0;7;0;0;2;3;13;A01
201400008268;0;31;0;0;2;1;1;B02
201400008269;0;33;0;6;0;4;1;A01
201400008270;0;33;0;0;2;8;1;A01
201400008270;0;7;0;0;2;6;9;B02
201400008271;0;33;0;16;2;1;5;A01
201400008271;0;7;0;0;2;1;1;B02
201400008272;0;7;0;0;2;3;1;B02
201400008272;0;7;0;0;2;1;5;A01
201400008273;0;7;0;0;2;3;1;C03
201400008273;0;33;0;0;2;1;1;A01
201400008273;0;7;0;0;2;6;1;B02
201400008274;0;30;0;0;2;2;1;A01
201400008274;0;7;0;0;2;6;13;B02
201400008275;0;7;0;0;2;1;1;A01
201400008275;0;1;0;0;2;1;15;B02
201400008276;0;33;0;0;0;0;1;A01
201400008277;0;7;0;0;1;7;1;A01
201400008278;0;37;1;0;2;2;2;B02
201400008278;0;7;0;0;0;3;0;A01
201400008279;0;21;0;12;0;9;13;A01
201400008280;0;1;0;0;2;1;19;A01
201400008280;0;7;0;0;2;2;1;B02
201400008281;0;33;0;12;0;1;1;A01
201400008282;0;33;0;0;0;4;1;A01
201400008282;0;7;0;0;0;2;1;B02
201400008283;0;7;0;0;1;2;19;A01
201400008284;0;31;0;2;0;1;1;A01
201400008285;0;7;0;0;1;3;1;A01
201400008286;0;33;0;0;2;1;1;B02
201400008286;0;7;0;0;2;7;15;A01
201400008287;0;21;0;0;0;3;15;B02
201400008287;0;33;0;0;2;1;17;A01
201400008288;0;7;0;0;2;2;13;A01
201400008288;0;7;0;0;2;1;1;B02
201400008289;0;7;0;0;2;8;15;A01
201400008289;0;33;0;0;2;7;17;B02
201400008290;0;31;0;0;2;1;17;A01
201400008290;0;3;0;0;2;8;15;B02
201400008291;0;33;0;8;0;2;1;A01
201400008292;0;7;0;0;2;3;13;A01
201400008292;0;7;0;15;0;3;1;B02
201400008293;0;33;0;0;2;1;1;B02
201400008293;0;7;0;0;2;3;13;A01
201400008294;0;10;0;0;2;6;24;A01
201400008294;0;2;0;1;0;1;14;B02
201400008295;0;7;0;6;0;1;1;A01
201400008296;0;7;0;6;0;2;1;A01
201400008297;0;7;0;6;0;1;1;A01
201400008298;0;7;0;0;0;2;15;A01
201400008298;0;7;0;0;0;1;1;B02
201400008299;0;7;0;0;2;1;13;A01
201400008299;0;7;0;0;2;1;1;B02
201400008300;0;7;0;0;2;1;13;A01
201400008300;0;7;0;0;2;3;1;B02
201400008301;0;7;0;8;0;1;13;A01
201400008302;0;2;0;0;2;1;1;B02
201400008302;0;7;0;0;2;3;15;A01
201400008303;0;7;0;8;0;1;0;A01
201400008304;0;1;0;0;0;8;1;C03
201400008304;0;1;0;0;0;8;1;B02
201400008304;0;7;0;0;9;7;2;A01
201400008305;0;7;0;0;2;1;1;A01
201400008305;0;1;0;0;2;8;19;B02
201400008306;0;33;0;8;0;2;14;A01
201400008307;0;7;0;0;0;1;0;A01
201400008307;0;10;0;0;2;1;0;B02
201400008308;0;10;0;0;2;4;23;A01
201400008308;0;2;0;0;2;1;1;B02
201400008309;0;7;0;0;2;6;1;B02
201400008309;1;7;0;0;2;0;0;A01
201400008310;0;7;0;0;2;3;1;A01
201400008310;0;1;0;0;2;1;19;B02
201400008311;0;7;0;0;2;7;15;A01
201400008311;0;7;0;0;2;1;1;B02
201400008312;0;33;0;0;0;0;1;A01
201400008313;0;2;0;1;0;3;13;A01
201400008313;0;7;0;0;2;8;24;B02
201400008314;0;7;0;0;1;8;15;A01
201400008315;0;1;0;0;2;3;1;A01
201400008315;0;1;0;0;2;7;17;B02
201400008316;0;1;0;0;2;4;1;B02
201400008316;0;10;0;0;9;2;1;A01
201400008317;0;7;0;0;2;2;13;A01
201400008317;0;7;0;0;2;3;1;B02
201400008318;0;7;0;0;1;1;1;A01
201400008319;0;2;0;0;2;1;2;A01
201400008319;0;2;0;0;2;4;2;B02
201400008320;0;14;0;0;0;2;10;A01
201400008320;0;10;0;0;0;3;2;B02
201400008321;0;10;0;0;9;3;17;A01
201400008321;0;1;0;0;2;1;1;B02
201400008322;0;7;0;0;2;1;1;B02
201400008322;0;7;0;0;2;1;17;A01
201400008323;0;30;0;0;2;1;2;A01
201400008323;0;7;0;0;0;4;23;B02
201400008324;0;7;0;0;1;1;1;A01
201400008325;0;10;0;0;1;4;4;A01
201400008326;0;33;0;1;0;1;1;D04
201400008327;0;31;0;0;2;8;21;B02
201400008327;0;7;0;0;2;1;15;A01
201400008328;0;7;0;0;0;5;16;A01
201400008328;0;31;0;0;2;1;18;B02
201400008329;0;7;0;0;2;3;13;A01
201400008329;0;7;0;0;0;3;1;B02
201400008330;0;7;0;0;1;3;1;A01
201400008331;0;33;0;0;5;1;6;A01
201400008332;0;1;0;0;2;1;0;B02
201400008332;0;7;0;0;9;2;1;A01
201400008333;0;7;0;0;2;3;23;A01
201400008333;0;7;0;0;2;1;5;B02
201400008334;0;7;0;0;1;2;1;A01
201400008335;0;7;0;0;0;4;2;A01
201400008335;0;10;0;0;0;1;2;B02
201400008336;0;7;0;0;2;1;2;A01
201400008336;0;7;0;0;2;4;2;B02
201400008337;0;7;0;0;2;6;1;A01
201400008337;0;34;0;0;2;1;1;B02
201400008338;0;7;0;0;1;3;19;A01
201400008339;0;7;0;0;0;3;1;A01
201400008340;0;33;0;16;5;0;1;A01
201400008341;0;7;0;0;1;0;1;A01
201400008342;0;7;0;0;2;1;1;A01
201400008342;0;10;0;0;2;1;1;B02
201400008343;0;7;0;0;1;1;1;A01
201400008344;0;33;0;3;0;1;1;A01
201400008345;0;7;0;2;0;1;1;A01
201400008346;0;33;0;0;2;1;1;A01
201400008346;0;7;0;0;2;3;1;B02
201400008347;0;33;0;0;2;1;1;A01
201400008347;0;7;0;0;2;1;1;B02
201400008348;0;7;0;2;0;1;1;A01
201400008349;0;7;0;6;0;2;0;A01
201400008350;0;7;0;0;2;3;0;B02
201400008350;0;7;0;0;2;2;0;C03
201400008350;0;10;0;0;2;3;13;A01
201400008351;0;33;0;0;2;1;1;C03
201400008351;0;7;0;0;2;3;1;A01
201400008351;0;7;0;0;2;4;23;B02
201400008352;0;33;0;0;2;1;13;A01
201400008352;0;10;0;0;2;1;1;B02
201400008353;0;7;0;0;9;2;13;A01
201400008353;0;1;0;0;2;1;15;B02
201400008354;0;7;0;0;1;2;9;A01
201400008355;0;1;0;0;2;6;1;B02
201400008355;1;7;0;0;2;2;17;A01
201400008356;0;7;0;2;0;3;1;A01
201400008357;0;7;0;0;0;6;15;A01
201400008357;0;32;0;0;2;2;17;B02
201400008358;0;33;0;0;2;1;13;A01
201400008358;0;7;0;0;0;6;1;B02
201400008359;0;37;1;0;2;7;17;A01
201400008359;0;1;0;0;2;8;1;B02
201400008360;0;7;0;0;2;3;1;B02
201400008360;0;7;0;0;2;3;13;A01
201400008361;0;7;0;0;9;2;2;A01
201400008361;0;1;0;0;0;4;2;B02
201400008362;0;10;0;0;1;1;1;A01
201400008363;0;7;0;2;0;7;1;A01
201400008364;0;10;0;2;0;7;1;A01
201400008365;0;7;0;6;0;1;16;A01
201400008366;0;7;0;2;0;8;1;A01
201400008367;0;7;0;0;2;7;19;A01
201400008367;0;7;0;0;2;1;21;B02
201400008368;0;7;0;0;2;3;1;B02
201400008368;0;7;0;0;2;3;13;A01
201400008369;0;2;0;0;2;7;1;B02
201400008369;0;7;0;0;2;1;15;A01
201400008370;0;7;0;0;2;3;1;B02
201400008370;0;7;0;0;2;3;13;A01
201400008371;0;2;0;0;2;1;1;B02
201400008371;0;10;0;0;2;2;15;A01
201400008372;0;1;0;0;2;0;1;A01
201400008372;2;7;0;0;2;6;1;B02
201400008373;0;33;0;16;0;7;1;A01
201400008374;0;7;0;0;0;0;13;A01
201400008375;0;32;0;12;0;2;15;A01
201400008376;0;7;0;0;2;1;1;C03
201400008376;0;7;0;0;2;5;17;A01
201400008376;0;17;0;0;2;3;1;B02
201400008377;0;7;0;0;2;1;1;A01
201400008377;0;7;0;0;2;8;19;B02
201400008378;0;7;0;0;1;2;21;A01
201400008379;0;7;0;0;2;3;1;A01
201400008379;0;7;0;0;2;1;15;B02
201400008380;0;7;0;1;0;2;2;A01
201400008380;0;7;0;0;2;6;23;B02
201400008381;0;7;0;0;2;1;1;A01
201400008381;0;7;0;0;2;7;19;B02
201400008382;0;7;0;0;0;3;13;A01
201400008382;0;15;0;0;0;3;1;B02
201400008383;0;33;0;0;2;1;1;B02
201400008383;0;21;0;0;0;4;1;A01
201400008384;0;33;0;0;2;1;1;A01
201400008384;0;1;0;0;2;7;1;B02
201400008385;0;7;0;0;2;7;15;A01
201400008385;0;10;0;0;2;2;1;B02
201400008386;0;7;0;0;0;1;5;A01
201400008386;0;17;0;0;0;1;1;B02
201400008387;0;32;0;6;0;2;1;A01
201400008388;0;7;0;14;0;0;1;A01
201400008389;0;7;0;0;1;2;1;A01
201400008390;0;7;0;0;2;8;9;C03
201400008390;0;33;0;0;2;1;1;B02
201400008390;0;33;0;0;2;1;1;A01
201400008391;0;7;0;0;1;2;1;A01
201400008392;0;7;0;0;2;1;1;B02
201400008392;0;7;0;0;2;1;1;A01
201400008393;0;7;0;6;0;1;1;A01
201400008394;0;7;0;0;1;2;1;A01
201400008395;0;10;0;0;1;2;1;A01
201400008396;0;7;0;0;0;1;2;A01
201400008397;0;33;0;0;2;2;17;B02
201400008397;0;7;0;0;2;3;10;A01
201400008398;0;7;0;0;1;1;1;A01
201400008399;0;7;0;0;2;3;9;A01
201400008399;0;31;0;0;2;1;1;B02
201400008400;0;7;0;6;0;3;14;A01
201400008401;0;33;0;8;0;1;1;A01
201400008402;0;7;0;6;0;9;1;A01
201400008403;0;31;0;0;2;1;2;B02
201400008403;0;10;0;0;0;4;1;A01
201400008404;0;7;0;0;2;1;5;B02
201400008404;0;7;0;0;2;3;1;A01
201400008405;0;33;0;0;2;1;16;A01
201400008405;0;7;0;0;0;8;15;B02
201400008406;0;33;0;0;0;1;1;A01
201400008407;0;30;0;0;0;0;1;A01
201400008408;0;33;0;0;2;1;13;A01
201400008408;0;33;0;0;2;1;1;B02
201400008409;0;7;0;0;0;9;19;A01
201400008410;0;7;0;2;0;9;1;A01
201400008411;0;7;0;0;0;6;9;B02
201400008411;0;10;0;0;2;2;2;A01
201400008412;0;7;0;0;2;1;13;A01
201400008412;0;7;0;0;2;3;0;B02
201400008413;0;10;0;0;1;4;4;A01
201400008414;0;7;0;0;2;1;1;B02
201400008414;0;7;0;0;2;1;13;A01
201400008414;0;10;0;0;2;3;21;C03
201400008415;0;2;0;0;0;0;1;A01
201400008416;0;10;0;0;2;1;1;A01
201400008416;0;7;0;0;2;2;19;B02
201400008417;0;7;0;0;1;1;1;A01
201400008418;0;10;0;0;0;3;15;A01
201400008418;0;10;0;0;2;1;1;B02
201400008418;0;10;0;0;2;1;23;C03
201400008419;0;10;0;0;2;1;1;A01
201400008419;0;10;0;0;0;4;23;B02
201400008420;0;7;0;0;2;6;16;A01
201400008420;0;2;0;0;2;1;1;B02
201400008421;0;1;0;0;2;0;13;A01
201400008421;0;7;0;0;9;1;1;B02
201400008422;0;7;0;8;0;0;1;A01
201400008423;0;15;0;0;2;1;1;B02
201400008423;0;7;0;0;2;0;1;A01
201400008424;0;33;0;0;0;0;0;A01
201400008425;0;3;0;0;9;1;1;A01
201400008425;0;1;0;0;9;4;15;B02
201400008426;0;7;0;16;1;3;1;A01
201400008427;0;33;0;0;2;2;1;B02
201400008427;0;7;0;0;2;3;2;A01
201400008428;0;2;0;0;2;5;1;B02
201400008428;0;10;0;0;2;3;9;A01
201400008429;0;31;0;0;5;1;1;A01
201400008430;0;7;0;0;0;3;15;A01
201400008430;0;33;0;0;0;2;17;B02
201400008431;0;7;0;0;2;1;1;B02
201400008431;0;7;0;0;2;1;1;A01
201400008432;0;31;0;0;2;1;1;B02
201400008432;0;7;0;0;2;2;19;A01
201400008433;0;7;0;0;1;8;17;A01
201400008434;0;7;0;0;0;8;19;A01
201400008434;0;7;0;0;0;1;1;B02
201400008435;0;36;0;2;0;3;1;A01
201400008436;0;31;0;0;6;1;1;A01
201400008437;0;7;0;0;2;6;15;B02
201400008437;0;31;0;0;2;1;2;A01
201400008438;0;37;1;0;2;3;1;A01
201400008438;0;7;0;0;2;7;1;B02
201400008439;0;7;0;0;2;8;15;B02
201400008439;0;33;0;0;2;1;17;A01
201400008440;0;2;0;0;2;8;1;B02
201400008440;0;7;0;0;2;1;15;A01
201400008441;0;33;0;2;0;1;1;A01
201400008442;0;7;0;0;2;1;1;B02
201400008442;0;7;0;0;2;3;13;A01
201400008443;0;30;0;0;1;1;1;A01
201400008444;0;7;0;0;2;2;15;A01
201400008444;0;32;0;0;2;1;1;B02
201400008445;0;33;0;3;0;8;1;A01
201400008446;0;10;0;2;0;1;1;A01
201400008447;0;7;0;2;0;7;0;A01
201400008448;0;7;0;0;0;3;1;A01
201400008449;0;7;0;2;0;1;1;A01
201400008450;0;7;0;2;0;3;1;A01
201400008451;0;10;0;0;2;8;15;B02
201400008451;0;33;0;0;2;1;17;A01
201400008452;0;10;0;0;0;0;0;A01
201400008453;0;10;0;0;2;3;13;A01
201400008453;0;7;0;0;2;3;1;B02
201400008454;0;33;0;13;0;1;1;A01
201400008455;0;7;0;2;0;1;1;A01
201400008456;0;7;0;0;2;3;10;A01
201400008456;0;33;0;0;2;1;1;B02
201400008457;0;7;0;0;2;1;1;A01
201400008457;0;30;0;0;2;1;1;B02
201400008458;0;33;0;0;2;1;17;A01
201400008458;0;2;0;0;2;8;19;B02
201400008459;0;7;0;0;2;2;13;A01
201400008459;0;7;0;0;2;1;1;B02
201400008460;0;7;0;0;2;8;1;B02
201400008460;0;33;0;0;2;1;1;A01
201400008461;0;32;0;0;2;1;15;A01
201400008461;0;33;0;0;2;1;1;B02
201400008462;0;7;0;0;2;1;1;A01
201400008462;0;7;0;0;2;1;13;B02
201400008463;0;10;0;13;2;1;2;B02
201400008463;0;10;0;13;2;7;11;A01
201400008464;0;31;0;9;0;1;1;A01
201400008465;0;33;0;0;2;1;17;A01
201400008465;0;7;0;0;2;8;15;B02
201400008466;0;33;0;0;2;1;1;C03
201400008466;0;7;0;0;2;1;17;A01
201400008466;0;7;0;0;2;1;1;B02
201400008467;0;7;0;0;2;3;1;B02
201400008467;0;33;0;0;2;1;13;A01
201400008468;0;7;0;7;0;5;15;A01
201400008468;0;33;0;0;0;1;1;B02
201400008469;0;31;0;0;2;1;1;A01
201400008469;0;7;0;0;2;2;15;B02
201400008470;0;10;0;0;2;8;1;C03
201400008470;0;10;0;0;2;1;1;B02
201400008470;0;10;0;0;2;6;1;D04
201400008470;0;7;0;0;2;1;13;A01
201400008471;0;1;0;0;2;3;13;A01
201400008471;0;7;0;0;2;2;17;B02
201400008472;0;10;0;2;0;3;1;A01
201400008473;0;7;0;0;2;3;15;A01
201400008473;0;33;0;0;2;2;17;B02
201400008474;0;7;0;2;0;2;1;A01
201400008475;0;7;0;2;0;2;0;A01
201400008476;0;31;0;2;0;0;1;A01
201400008477;0;7;0;0;2;1;1;B02
201400008477;0;7;0;0;2;7;15;A01
201400008478;0;7;0;0;0;0;0;A01
201400008479;0;7;0;13;0;9;1;A01
201400008480;0;7;0;0;1;2;1;A01
201400008481;0;7;0;14;9;7;17;A01
201400008481;0;1;0;14;2;8;1;B02
201400008482;0;7;0;0;0;7;0;A01
201400008483;0;10;0;0;2;2;13;A01
201400008483;0;7;0;0;2;3;1;B02
201400008484;0;7;0;0;1;3;1;A01
201400008485;0;7;0;0;1;1;1;A01
201400008486;0;7;0;2;0;1;1;A01
201400008487;0;33;0;0;2;7;2;B02
201400008487;0;7;0;0;2;8;15;A01
201400008488;0;10;0;0;0;1;0;A01
201400008489;0;34;0;0;0;7;1;A01
201400008490;0;7;0;2;0;1;1;A01
201400008491;0;31;0;0;0;1;1;A01
201400008492;0;7;0;0;9;1;2;A01
201400008492;0;1;0;0;2;4;2;B02
201400008493;0;7;0;2;0;1;1;A01
201400008494;2;36;0;8;0;7;16;A01
201400008495;0;7;0;0;0;8;15;B02
201400008495;0;31;0;0;2;1;13;A01
201400008496;0;7;0;0;2;1;1;C03
201400008496;0;7;0;2;2;9;1;A01
201400008496;0;7;0;0;2;1;1;B02
201400008497;0;33;0;0;2;7;17;A01
201400008497;0;7;0;0;2;3;15;B02
201400008498;0;7;0;2;0;7;1;A01
201400008499;0;7;0;2;0;1;1;A01
201400008500;0;14;0;2;0;2;1;A01
201400008501;0;7;0;0;2;1;1;B02
201400008501;0;7;0;0;2;4;15;A01
201400008502;0;7;0;7;0;1;1;A01
201400008503;0;1;0;0;2;1;1;B02
201400008503;0;14;0;0;2;3;1;A01
201400008504;0;7;0;0;2;3;0;B02
201400008504;0;7;0;0;2;3;13;A01
201400008505;0;10;0;0;2;3;13;A01
201400008505;0;33;0;0;2;1;1;B02
201400008506;0;7;0;2;0;7;13;A01
201400008507;0;16;0;0;2;3;21;A01
201400008507;0;7;0;0;2;3;13;B02
201400008508;0;33;0;0;2;1;1;B02
201400008508;0;7;0;0;2;7;15;A01
201400008509;0;7;0;0;2;7;15;A01
201400008509;0;33;0;0;2;1;1;B02
201400008510;0;7;0;0;1;3;1;A01
201400008511;0;1;0;0;0;1;0;B02