num_acc;senc;catv;occutc;obs;obsm;choc;manv;num_veh
201400008511;0;7;0;0;0;2;15;A01
201400008512;0;7;0;0;0;0;1;A01
201400008512;0;7;0;0;1;1;18;B02
201400008513;0;7;0;0;0;1;1;A01
201400008514;0;33;0;5;0;7;14;A01
201400008515;0;7;0;2;0;7;13;A01
201400008516;0;7;0;0;1;3;1;A01
201400008517;0;33;0;0;2;3;13;A01
201400008518;0;7;0;0;2;3;0;B02
201400008518;0;33;0;0;2;1;0;A01
201400008519;0;7;0;2;0;9;14;A01
201400008520;0;7;0;6;0;1;1;A01
201400008521;0;10;0;16;0;1;1;A01
201400008522;0;33;0;0;0;1;1;A01
201400008523;0;7;0;0;2;6;1;C03
201400008523;0;7;0;0;2;2;11;A01
201400008523;0;7;0;0;2;3;1;B02
201400008524;0;7;0;13;0;3;1;A01
201400008525;0;7;0;13;0;1;0;A01
201400008526;0;7;0;0;2;2;14;A01
201400008526;0;1;0;0;2;6;1;B02
201400008527;0;7;0;0;2;1;1;B02
201400008527;0;7;0;0;2;1;5;A01
201400008528;0;7;0;0;1;1;1;A01
201400008529;0;7;0;13;0;2;1;A01
201400008530;1;7;0;0;2;2;1;A01
201400008530;0;1;0;0;0;4;1;C03
201400008530;0;1;0;0;0;4;1;B02
201400008531;0;7;0;0;2;3;1;A01
201400008531;0;31;0;0;2;8;1;B02
201400008532;0;7;0;0;2;1;9;A01
201400008532;0;7;0;6;2;8;1;B02
201400008533;0;7;0;0;2;7;0;A01
201400008533;0;1;0;0;2;0;15;B02
201400008534;0;7;0;0;2;2;2;B02
201400008534;0;7;0;0;2;3;7;A01
201400008535;0;7;0;0;1;2;1;A01
201400008536;0;7;0;0;2;8;21;A01
201400008536;0;10;0;13;0;7;1;C03
201400008536;0;7;0;0;2;3;1;B02
201400008537;0;33;0;10;0;2;1;A01
201400008538;0;10;0;0;2;3;1;B02
201400008538;0;30;0;0;2;1;13;A01
201400008539;0;2;0;0;0;1;13;A01
201400008539;0;7;0;0;0;1;1;B02
201400008540;0;7;0;0;2;1;1;B02
201400008540;0;7;0;0;2;7;19;A01
201400008541;0;33;0;0;2;1;0;B02
201400008541;0;7;0;0;2;3;15;A01
201400008542;0;7;0;5;0;1;19;A01
201400008543;0;30;0;13;0;1;17;A01
201400008544;0;7;0;0;2;3;9;A01
201400008544;0;2;0;0;2;1;9;B02
201400008545;0;7;0;0;1;2;1;A01
201400008546;0;7;0;13;0;1;1;A01
201400008547;0;31;0;0;2;1;2;A01
201400008547;0;7;0;0;2;4;23;B02
201400008548;0;7;0;0;0;5;1;A01
201400008548;0;33;0;0;2;1;2;B02
201400008549;0;7;0;0;0;3;0;B02
201400008549;0;32;0;0;2;1;2;A01
201400008550;0;7;0;2;2;1;1;A01
201400008551;0;7;0;0;2;7;17;A01
201400008551;0;7;0;0;2;1;1;B02
201400008552;0;7;0;0;2;1;1;B02
201400008552;0;7;0;0;2;1;13;A01
201400008553;0;7;0;0;2;1;13;A01
201400008553;0;7;0;0;2;1;1;B02
201400008554;0;33;0;0;2;1;1;B02
201400008554;0;7;0;0;2;7;15;A01
201400008555;0;14;0;12;1;3;6;A01
201400008556;0;31;0;0;2;1;3;B02
201400008556;0;7;0;0;2;3;9;A01
201400008557;0;10;0;0;0;2;1;B02
201400008557;0;1;0;0;0;4;1;A01
201400008558;0;7;0;5;0;9;13;A01
201400008559;0;2;0;6;0;1;1;A01
201400008560;0;15;0;13;0;8;1;A01
201400008561;0;10;0;1;0;1;14;A01
201400008561;0;15;0;0;0;4;24;B02
201400008562;0;7;0;2;0;2;0;A01
201400008563;0;7;0;13;0;1;0;A01
201400008564;0;33;0;0;0;1;0;A01
201400008565;0;33;0;16;0;0;1;A01
201400008566;0;7;0;0;2;3;13;A01
201400008566;0;7;0;0;2;1;21;B02
201400008567;0;31;0;0;2;4;1;B02
201400008567;0;7;0;0;2;3;1;A01
201400008568;0;7;0;0;1;1;1;A01
201400008569;0;7;0;2;0;2;1;A01
201400008570;0;33;0;2;0;7;1;A01
201400008571;0;7;0;0;1;2;1;A01
201400008572;0;7;0;0;1;1;1;A01
201400008573;0;33;0;0;0;8;1;A01
201400008573;0;10;0;0;0;3;1;B02
201400008574;0;7;0;2;0;1;1;A01
201400008575;0;2;0;5;0;1;1;A01
201400008576;0;1;0;0;2;1;1;B02
201400008576;0;10;0;0;2;4;4;A01
201400008577;0;31;0;13;0;1;13;A01
201400008578;0;7;0;0;6;1;13;A01
201400008579;0;14;0;8;0;9;13;A01
201400008580;0;14;0;0;2;3;1;B02
201400008580;0;7;0;0;2;6;1;C03
201400008580;0;30;0;0;2;1;21;A01
201400008581;0;7;0;2;0;1;5;A01
201400008582;0;30;0;0;2;1;13;A01
201400008582;0;7;0;0;2;1;23;B02
201400008583;0;7;0;6;0;1;1;A01
201400008584;0;7;0;0;2;3;1;B02
201400008584;0;7;0;0;2;3;13;A01
201400008585;0;7;0;13;0;1;13;A01
201400008586;0;7;0;13;0;1;1;A01
201400008587;0;2;0;13;0;7;2;A01
201400008588;0;7;0;0;1;1;1;A01
201400008589;0;17;0;0;2;3;1;A01
201400008589;0;7;0;0;2;3;13;B02
201400008590;0;10;0;0;2;2;16;B02
201400008590;0;30;0;0;2;1;1;A01
201400008591;0;7;0;0;2;9;1;C03
201400008591;0;7;0;0;2;1;1;B02
201400008591;0;10;0;0;2;1;1;D04
201400008591;0;7;0;0;2;1;5;A01
201400008592;0;7;0;6;0;1;1;A01
201400008593;0;7;0;6;0;1;0;A01
201400008594;0;7;0;6;0;3;1;A01
201400008595;0;2;0;0;2;1;13;A01
201400008595;0;7;0;0;2;1;1;B02
201400008596;0;33;0;13;0;1;1;A01
201400008597;0;7;0;0;0;0;1;A01
201400008598;0;7;0;2;0;7;1;A01
201400008599;0;7;0;0;2;2;1;B02
201400008599;0;7;0;0;2;3;19;A01
201400008600;0;1;0;0;2;4;2;B02
201400008600;0;10;0;0;2;1;2;A01
201400008601;0;33;0;13;0;1;0;A01
201400008602;0;7;0;2;0;8;14;A01
201400008603;0;7;0;0;2;3;16;A01
201400008603;0;33;0;0;2;3;1;B02
201400008604;0;7;0;0;2;8;17;A01
201400008604;0;33;0;0;2;7;17;B02
201400008605;0;7;0;2;0;1;13;A01
201400008606;0;7;0;0;0;9;1;A01
201400008607;0;7;0;0;2;8;1;A01
201400008607;0;7;0;0;2;2;5;C03
201400008607;0;15;0;0;2;2;1;B02
201400008608;0;31;0;2;0;1;1;A01
201400008609;0;33;0;0;0;2;0;A01
201400008610;0;33;0;1;0;1;1;A01
201400008610;0;7;0;0;0;5;0;B02
201400008611;0;7;0;6;0;1;1;A01
201400008612;0;7;0;0;4;4;19;A01
201400008612;0;39;0;1;0;1;1;B02
201400008613;0;7;0;0;2;7;6;A01
201400008613;0;7;0;0;2;1;1;B02
201400008614;0;10;0;8;0;2;14;A01
201400008615;0;7;0;0;2;1;1;B02
201400008615;0;7;0;0;2;1;13;A01
201400008616;0;7;0;13;0;1;1;A01
201400008617;0;14;0;0;2;8;1;B02
201400008617;0;10;0;0;2;3;13;A01
201400008618;0;7;0;0;2;1;1;A01
201400008618;0;14;0;0;2;3;0;B02
201400008619;0;7;0;0;2;3;13;A01
201400008619;0;7;0;0;2;3;1;B02
201400008620;0;2;0;0;0;7;0;B02
201400008620;0;7;0;0;0;0;19;A01
201400008621;0;7;0;0;2;1;1;B02
201400008621;0;7;0;0;2;1;1;C03
201400008621;0;7;0;0;2;1;13;A01
201400008622;0;7;0;0;1;1;1;A01
201400008623;0;7;0;0;2;2;1;A01
201400008623;0;2;0;0;2;1;15;B02
201400008624;0;14;0;0;2;1;1;A01
201400008624;0;2;0;0;2;4;9;B02
201400008625;0;7;0;0;2;1;1;A01
201400008625;0;7;0;0;2;7;19;B02
201400008626;0;7;0;0;0;1;1;A01
201400008626;0;1;0;0;0;4;1;B02
201400008627;0;7;0;2;0;1;14;A01
201400008628;0;33;0;0;0;1;1;A01
201400008629;0;7;0;2;0;2;1;A01
201400008630;0;7;0;0;0;0;1;A01
201400008631;0;7;0;13;0;1;19;A01
201400008632;0;7;0;0;2;3;13;A01
201400008632;0;7;0;0;2;3;1;B02
201400008633;0;1;0;0;0;0;1;A01
201400008634;0;7;0;2;0;2;14;A01
201400008635;0;36;0;13;0;2;1;A01
201400008636;0;33;0;0;0;0;1;A01
201400008637;0;30;0;0;2;3;1;A01
201400008637;0;7;0;0;2;3;1;B02
201400008638;0;7;0;13;0;1;13;A01
201400008639;0;7;0;0;2;1;1;B02
201400008639;0;7;0;0;2;7;13;A01
201400008640;0;7;0;0;2;1;19;B02
201400008640;0;7;0;0;2;7;1;A01
201400008641;0;7;0;0;1;1;2;A01
201400008642;0;7;0;0;9;3;1;A01
201400008642;0;1;0;0;2;6;1;B02
201400008643;0;7;0;0;2;1;13;A01
201400008643;0;7;0;0;2;1;1;B02
201400008644;0;33;0;12;0;1;1;A01
201400008645;0;7;0;0;2;3;5;A01
201400008645;0;7;0;0;2;3;1;B02
201400008646;0;10;0;0;9;2;1;A01
201400008646;0;1;0;0;2;8;15;B02
201400008647;0;15;0;0;2;1;1;A01
201400008647;0;3;0;0;2;4;23;B02
201400008648;0;1;0;0;2;7;1;B02
201400008648;0;7;0;0;2;1;1;A01
201400008649;0;7;0;0;2;1;0;B02
201400008649;0;7;0;0;2;1;0;A01
201400008650;0;33;0;13;0;7;1;A01
201400008651;0;2;0;0;2;1;1;B02
201400008651;0;7;0;0;2;5;15;A01
201400008652;0;1;0;0;2;8;2;B02
201400008652;0;7;0;0;9;2;1;A01
201400008653;0;7;0;0;2;1;1;A01
201400008653;0;10;0;0;2;1;1;B02
201400008654;0;14;0;0;2;5;16;A01
201400008654;0;33;0;0;0;1;1;B02
201400008655;0;7;0;0;2;8;1;B02
201400008655;0;31;0;0;2;2;17;A01
201400008655;0;7;0;0;2;8;1;C03
201400008656;0;10;0;0;0;9;1;A01
201400008657;0;7;0;0;1;1;0;A01
201400008658;0;7;0;0;2;4;2;B02
201400008658;0;7;0;9;2;1;2;A01
201400008659;0;7;0;0;2;1;13;A01
201400008659;0;7;0;0;2;1;1;B02
201400008660;0;10;0;0;1;4;4;A01
201400008661;0;33;0;14;0;8;0;A01
201400008662;0;7;0;6;0;1;5;A01
201400008663;0;10;0;0;2;1;5;A01
201400008663;0;10;0;0;2;3;21;B02
201400008663;0;10;0;0;2;3;0;C03
201400008664;0;7;0;0;2;1;0;B02
201400008664;0;7;0;0;2;1;13;A01
201400008665;0;7;0;0;2;1;13;A01
201400008665;0;13;0;0;2;1;1;B02
201400008666;0;33;0;3;0;8;1;A01
201400008667;0;15;0;0;1;0;15;A01
201400008668;0;7;0;0;2;1;1;A01
201400008668;0;30;0;0;2;8;19;B02
201400008669;0;7;0;13;0;9;1;A01
201400008670;0;7;0;13;0;8;1;A01
201400008671;0;30;0;14;0;1;1;A01
201400008672;0;7;0;0;2;0;0;B02
201400008672;0;7;0;0;2;0;0;A01
201400008673;0;33;0;0;6;1;1;A01
201400008674;0;2;0;0;2;8;15;B02
201400008674;0;7;0;0;2;2;17;A01
201400008675;0;33;0;0;2;1;13;A01
201400008675;0;7;0;0;2;3;21;B02
201400008676;0;7;0;0;2;2;19;A01
201400008676;0;33;0;0;2;1;1;B02
201400008677;0;7;0;0;2;0;0;B02
201400008677;0;7;0;0;2;0;1;A01
201400008678;0;33;0;0;2;1;1;B02
201400008678;0;7;0;0;2;8;15;A01
201400008679;0;10;0;0;2;8;1;A01
201400008679;0;33;0;0;2;1;1;B02
201400008680;0;7;0;0;2;3;1;A01
201400008680;0;7;0;0;2;3;1;B02
201400008681;0;7;0;0;2;1;1;B02
201400008681;0;7;0;0;2;2;15;A01
201400008682;0;7;0;0;2;3;1;B02
201400008682;0;7;0;0;2;3;5;A01
201400008683;0;7;0;13;0;1;1;A01
201400008684;0;7;0;10;0;1;0;A01
201400008685;0;7;0;0;0;1;1;A01
201400008686;0;7;0;0;2;1;1;B02
201400008686;0;7;0;0;2;1;13;A01
201400008687;0;7;0;0;2;6;15;A01
201400008687;0;33;0;0;2;5;21;B02
201400008688;0;7;0;13;0;9;14;A01
201400008689;0;14;0;2;0;1;1;A01
201400008690;0;7;0;0;2;3;16;A01
201400008690;0;1;0;0;2;7;2;B02
201400008691;0;7;0;0;2;8;19;A01
201400008691;0;7;0;0;2;1;1;B02
201400008692;0;7;0;0;2;1;1;A01
201400008692;0;3;0;0;0;6;9;B02
201400008693;0;31;0;0;2;1;16;A01
201400008693;0;7;0;0;2;6;15;B02
201400008694;0;10;0;13;0;2;1;A01
201400008695;0;7;0;0;9;2;17;A01
201400008695;0;1;0;0;2;8;1;B02
201400008696;0;7;0;0;2;3;13;A01
201400008696;0;7;0;0;2;8;1;B02
201400008697;0;14;0;0;0;4;23;B02
201400008697;0;7;0;1;0;1;14;A01
201400008698;0;7;0;14;0;0;21;A01
201400008699;0;31;0;13;0;8;1;A01
201400008700;0;7;0;0;2;2;19;A01
201400008700;0;7;0;0;2;1;0;B02
201400008701;0;7;0;13;0;9;1;A01
201400008702;0;31;0;0;2;2;17;B02
201400008702;0;7;0;0;2;3;1;A01
201400008703;0;7;0;0;2;1;17;A01
201400008703;0;7;0;0;2;1;1;B02
201400008704;0;7;0;0;1;8;1;A01
201400008705;0;1;0;0;2;6;15;B02
201400008705;0;7;0;0;2;2;9;A01
201400008706;0;31;0;12;0;1;1;A01
201400008707;0;7;0;0;0;9;1;A01
201400008708;0;33;0;0;2;1;17;B02
201400008708;0;7;0;0;2;3;10;A01
201400008709;1;7;0;0;1;1;1;A01
201400008710;0;7;0;0;2;3;17;A01
201400008710;0;7;0;0;2;3;1;B02
201400008711;0;7;0;0;2;3;1;A01
201400008711;0;7;0;0;2;3;1;B02
201400008712;0;2;0;0;0;8;0;B02
201400008712;0;7;0;0;0;8;2;A01
201400008713;0;7;0;0;2;3;9;B02
201400008713;0;1;0;0;2;7;1;A01
201400008714;0;33;0;0;0;1;1;A01
201400008715;0;7;0;0;2;1;1;A01
201400008715;0;31;0;0;2;1;1;B02
201400008716;0;7;0;0;2;2;2;A01
201400008716;0;31;0;0;0;6;2;B02
201400008717;0;31;0;0;0;7;1;A01
201400008717;0;7;0;0;2;3;1;B02
201400008718;0;7;0;0;2;8;1;A01
201400008718;0;30;0;0;2;8;1;B02
201400008719;0;10;0;0;2;1;1;B02
201400008719;0;7;0;0;2;1;1;A01
201400008720;0;7;0;0;2;1;1;A01
201400008720;0;1;0;0;2;8;19;B02
201400008721;0;7;0;0;2;3;1;B02
201400008721;0;33;0;0;2;1;1;A01
201400008722;0;7;0;0;2;1;13;A01
201400008722;0;7;0;0;2;1;1;B02
201400008723;0;7;0;0;6;0;14;A01
201400008724;0;7;0;0;2;1;1;A01
201400008724;0;7;0;0;2;5;0;B02
201400008725;0;7;0;13;0;1;13;A01
201400008726;0;33;0;2;0;1;1;A01
201400008727;0;7;0;0;0;9;1;A01
201400008728;0;10;0;0;2;3;1;B02
201400008728;0;33;0;0;2;1;13;A01
201400008729;0;7;0;0;1;2;16;A01
201400008730;0;7;0;0;0;6;15;A01
201400008730;0;31;0;0;0;1;17;B02
201400008731;0;31;0;13;0;1;14;A01
201400008732;0;7;0;13;0;1;1;A01
201400008733;0;7;0;0;2;2;1;B02
201400008733;0;7;0;0;2;2;13;A01
201400008734;0;33;0;13;0;1;1;A01
201400008735;0;1;0;0;0;8;10;A01
201400008735;0;31;0;0;9;1;1;B02
201400008736;0;14;0;6;0;2;14;A01
201400008737;0;33;0;0;2;1;2;A01
201400008737;0;15;0;0;2;6;2;B02
201400008738;0;7;0;0;2;3;13;A01
201400008738;0;7;0;0;2;3;1;B02
201400008739;0;7;0;0;0;1;1;B02
201400008739;0;7;0;0;2;1;13;A01
201400008740;0;2;0;0;2;7;17;B02
201400008740;1;7;0;0;2;0;15;A01
201400008741;0;7;0;0;2;6;1;B02
201400008741;0;33;0;0;2;3;16;A01
201400008742;0;33;0;0;2;3;1;A01
201400008742;1;15;0;0;0;6;19;B02
201400008743;0;14;0;0;0;3;1;B02
201400008743;0;33;0;0;2;2;1;A01
201400008744;0;7;0;0;2;2;19;B02
201400008744;0;7;0;0;2;3;1;A01
201400008745;0;33;0;13;0;1;1;A01
201400008746;0;7;0;0;2;3;1;B02
201400008746;1;7;0;0;2;0;0;Z01
201400008747;0;7;0;0;2;7;19;B02
201400008747;0;7;0;0;2;1;1;A01
201400008748;0;7;0;0;2;3;1;A01
201400008748;0;7;0;0;2;3;0;B02
201400008749;0;7;0;0;1;3;19;A01
201400008750;0;7;0;0;2;1;13;A01
201400008750;0;7;0;0;2;1;1;B02
201400008751;0;7;0;0;2;2;1;B02
201400008751;0;7;0;0;2;3;19;A01
201400008752;0;7;0;0;2;1;5;A01
201400008752;0;33;0;0;0;8;1;B02
201400008753;0;10;0;0;2;3;1;D04
201400008753;0;7;0;0;2;3;13;B02
201400008753;0;10;0;0;2;1;1;C03
201400008753;0;15;0;0;2;0;1;A01
201400008754;0;14;0;0;2;2;19;A01
201400008754;0;2;0;0;2;1;1;B02
201400008755;0;10;0;6;0;3;1;A01
201400008756;0;7;0;2;0;1;1;A01
201400008757;0;7;0;8;0;7;19;A01
201400008757;0;39;0;0;2;1;1;B02
201400008758;0;10;0;0;1;3;10;A01
201400008759;0;10;0;0;2;3;1;A01
201400008759;0;10;0;0;2;2;19;B02
201400008760;0;10;0;1;1;2;1;A01
201400008761;0;7;0;6;0;2;1;A01
201400008762;0;10;0;0;2;3;1;A01
201400008762;0;7;0;0;2;7;13;B02
201400008763;0;10;0;0;2;3;1;B02
201400008763;0;7;0;0;2;1;13;A01
201400008764;0;7;0;0;2;3;13;A01
201400008764;0;7;0;0;2;3;1;B02
201400008765;0;7;0;13;0;1;0;A01
201400008766;0;1;0;0;0;6;1;B02
201400008766;0;7;0;0;0;2;1;A01
201400008767;1;7;0;0;2;6;15;A01
201400008767;0;31;0;0;2;1;1;B02
201400008768;0;7;0;0;1;1;1;A01
201400008769;0;7;0;0;0;0;1;A01
201400008770;0;7;0;0;2;1;13;A01
201400008770;0;7;0;0;2;1;1;B02
201400008771;0;15;0;0;2;1;1;B02
201400008771;0;7;0;0;2;3;13;A01
201400008772;0;7;0;2;0;8;14;A01
201400008773;0;31;0;0;0;0;1;A01
201400008774;0;10;0;0;0;2;15;A01
201400008774;0;2;0;0;2;1;13;B02
201400008775;0;14;0;0;2;1;1;B02
201400008775;0;7;0;0;2;8;9;A01
201400008776;0;7;0;0;2;1;1;B02
201400008776;0;7;0;0;2;1;16;A01
201400008777;0;10;0;2;0;8;0;A01
201400008778;0;7;0;0;2;1;1;B02
201400008778;0;7;0;0;2;6;19;A01
201400008779;0;7;0;0;2;1;1;B02
201400008779;0;7;0;0;2;2;15;A01
201400008780;0;7;0;8;0;9;2;A01
201400008781;0;7;0;11;0;1;13;A01
201400008782;0;10;0;13;0;1;1;A01
201400008783;0;7;0;0;0;0;0;A01
201400008783;0;14;0;0;0;0;0;B02
201400008784;0;7;0;0;2;1;9;A01
201400008784;0;7;0;0;2;7;0;B02
201400008785;0;3;0;0;2;4;2;B02
201400008785;0;10;0;0;2;1;2;A01
201400008786;0;31;0;0;0;7;1;A01
201400008787;0;7;0;0;2;1;1;A01
201400008787;0;7;0;0;2;8;19;B02
201400008788;0;7;0;0;9;9;1;A01
201400008789;0;7;0;0;2;1;2;A01
201400008789;0;7;0;0;2;4;2;B02
201400008789;0;10;0;0;2;4;2;C03
201400008790;0;7;0;2;0;3;1;A01
201400008791;0;7;0;2;0;1;2;A01
201400008792;0;7;0;0;2;6;1;B02
201400008792;0;2;0;0;2;1;1;A01
201400008793;0;1;0;0;0;1;0;A01
201400008794;0;7;0;0;0;2;0;A01
201400008795;0;10;0;0;2;2;14;B02
201400008795;0;30;0;0;2;3;1;A01
201400008796;0;7;0;13;0;4;1;A01
201400008797;0;7;0;16;0;1;0;A01
201400008798;0;31;0;0;2;1;1;B02
201400008798;0;7;0;0;0;7;15;A01
201400008799;0;38;0;0;2;1;0;B02
201400008799;0;7;0;0;2;1;0;A01
201400008800;0;7;0;0;2;6;15;B02
201400008800;0;33;0;0;2;1;17;A01
201400008801;0;7;0;0;2;1;1;B02
201400008801;0;30;0;0;2;8;19;A01
201400008802;0;33;0;0;2;1;13;A01
201400008802;0;7;0;0;2;1;1;B02
201400008803;0;14;0;13;0;9;1;A01
201400008804;0;31;0;6;0;2;1;A01
201400008805;0;31;0;0;2;1;9;A01
201400008805;0;7;0;0;2;2;15;B02
201400008806;0;7;0;0;2;2;15;A01
201400008806;0;33;0;0;2;1;1;B02
201400008807;0;7;0;0;9;8;0;B02
201400008807;0;1;0;0;2;1;0;A01
201400008808;0;7;0;6;0;2;1;A01
201400008809;0;7;0;13;0;3;1;A01
201400008810;0;30;0;0;2;1;1;B02
201400008810;0;7;0;0;2;3;1;A01
201400008811;0;7;0;0;2;1;1;B02
201400008811;0;33;0;0;2;1;1;A01
201400008812;0;7;0;0;9;0;1;A01
201400008813;0;7;0;6;0;1;1;A01
201400008814;0;33;0;0;2;1;1;B02
201400008814;0;7;0;0;2;3;11;A01
201400008815;0;7;0;0;2;2;13;A01
201400008815;0;7;0;0;9;1;1;B02
201400008816;0;7;0;0;2;3;13;A01
201400008816;0;7;0;0;2;3;0;B02
201400008817;0;7;0;14;1;1;1;A01
201400008818;0;31;0;0;2;1;1;B02
201400008818;0;7;0;0;2;2;15;A01
201400008819;0;7;0;0;1;8;1;A01
201400008820;0;7;0;0;2;2;1;A01
201400008820;0;33;0;0;2;1;2;B02
201400008821;0;7;0;8;0;1;1;A01
201400008822;0;7;0;13;0;2;1;A01
201400008823;0;34;0;0;6;1;1;A01
201400008824;0;7;0;0;2;4;13;A01
201400008824;0;7;0;0;2;1;1;B02
201400008825;0;7;0;2;0;3;11;A01
201400008826;0;7;0;0;2;8;15;B02
201400008826;0;7;0;0;2;1;1;A01
201400008827;0;10;0;0;0;1;14;A01
201400008828;0;7;0;13;0;3;0;A01
201400008829;0;7;0;0;2;1;17;A01
201400008829;0;7;0;0;2;1;1;B02
201400008830;0;7;0;0;2;2;2;A01
201400008830;0;7;0;0;2;6;17;B02
201400008831;0;33;0;0;0;8;0;A01
201400008832;0;31;0;0;0;8;1;A01
201400008833;0;1;0;0;2;2;15;A01
201400008833;0;7;0;0;2;3;1;B02
201400008834;0;1;0;0;2;8;15;B02
201400008834;0;7;0;0;2;7;17;A01
201400008835;0;7;0;2;0;2;14;A01
201400008836;0;14;0;2;0;8;1;A01
201400008837;0;7;0;0;0;0;1;A01
201400008838;0;1;0;0;0;7;1;A01
201400008839;0;7;0;0;2;3;13;A01
201400008839;0;7;0;0;2;3;1;B02
201400008839;0;7;0;0;2;1;1;C03
201400008840;0;33;0;13;0;2;1;A01
201400008841;0;7;0;8;0;1;16;A01
201400008842;0;7;0;6;0;1;14;A01
201400008843;0;31;0;0;2;1;1;B02
201400008843;0;30;0;0;0;4;15;A01
201400008844;0;7;0;0;0;9;1;A01
201400008845;0;7;0;6;0;1;1;A01
201400008846;0;10;0;0;2;1;1;A01
201400008846;0;15;0;0;2;3;1;B02
201400008847;0;10;0;0;1;1;1;A01
201400008848;0;31;0;0;2;1;1;C03
201400008848;0;7;0;0;2;3;17;A01
201400008848;0;31;0;0;2;1;1;B02
201400008849;0;7;0;6;0;1;1;A01
201400008850;0;7;0;0;0;0;1;A01
201400008851;0;14;0;0;2;1;1;B02
201400008851;0;7;0;0;2;7;15;A01
201400008851;0;7;0;0;2;8;23;C03
201400008852;0;33;0;0;2;1;13;A01
201400008852;0;7;0;0;2;8;1;B02
201400008853;0;36;0;13;0;3;13;A01
201400008854;0;7;0;0;2;2;1;B02
201400008854;0;7;0;0;2;3;5;A01
201400008855;0;7;0;0;2;2;1;B02
201400008855;0;7;0;0;2;3;13;A01
201400008856;0;7;0;13;0;1;13;A01
201400008857;0;33;0;0;2;1;2;B02
201400008857;0;7;0;0;2;6;13;A01
201400008858;0;7;0;0;1;2;1;A01
201400008859;0;7;0;8;0;7;15;A01
201400008860;0;7;0;0;2;3;0;B02
201400008860;0;7;0;0;2;3;13;A01
201400008861;0;33;0;7;0;1;1;A01
201400008862;0;17;0;0;2;6;1;B02
201400008862;0;7;0;0;2;1;13;A01
201400008863;0;33;0;13;0;9;1;A01
201400008864;0;7;0;0;2;3;1;B02
201400008864;0;7;0;0;2;2;1;A01
201400008865;0;7;0;4;0;6;1;B02
201400008865;0;7;0;0;2;2;12;A01
201400008866;0;7;0;13;0;1;15;A01
201400008867;0;7;0;0;1;3;1;A01
201400008868;0;7;0;0;2;6;1;B02
201400008868;0;7;0;0;2;3;13;A01
201400008869;0;33;0;0;2;1;1;B02
201400008869;0;7;0;0;2;1;19;A01
201400008870;0;7;0;0;2;8;1;A01
201400008870;0;10;0;0;2;1;1;B02
201400008871;0;7;0;0;0;8;1;A01
201400008872;0;10;0;9;0;2;1;A01
201400008873;0;7;0;0;2;1;1;B02
201400008873;0;7;0;0;2;1;13;A01
201400008874;0;7;0;0;1;1;1;A01
201400008875;0;1;0;0;0;0;1;A01
201400008876;0;7;0;1;0;1;13;A01
201400008877;0;7;0;0;2;3;13;A01
201400008877;0;7;0;0;2;3;1;B02
201400008878;0;10;0;0;1;4;4;A01
201400008879;0;7;0;10;0;1;0;A01
201400008880;0;33;0;0;2;0;1;B02
201400008880;0;7;0;0;0;0;13;A01
201400008881;0;7;0;0;2;1;1;A01
201400008881;0;1;0;0;2;8;11;B02
201400008882;0;7;0;0;2;7;11;A01
201400008882;0;7;0;0;2;1;1;B02
201400008883;0;33;0;0;2;2;1;B02
201400008883;0;33;0;0;2;2;13;A01
201400008884;0;7;0;2;0;3;17;A01
201400008885;0;7;0;0;2;1;0;A01
201400008885;0;7;0;0;2;1;21;B02
201400008886;0;7;0;0;2;3;1;B02
201400008886;0;33;0;0;2;1;13;A01
201400008887;0;1;0;0;2;1;1;B02
201400008887;0;14;0;0;9;9;21;A01
201400008888;0;1;0;0;0;4;1;B02
201400008888;0;7;0;0;2;2;17;A01
201400008888;0;1;0;0;0;4;1;C03
201400008889;0;7;0;10;0;1;1;A01
201400008890;0;7;0;0;2;2;1;B02
201400008890;0;17;0;0;2;8;1;C03
201400008890;0;7;0;0;2;2;17;A01
201400008891;0;7;0;0;2;3;1;B02
201400008891;0;7;0;0;2;3;13;A01
201400008891;0;7;0;0;2;1;1;C03
201400008892;0;7;0;2;0;9;1;A01
201400008893;0;33;0;0;2;1;13;A01
201400008893;0;7;0;0;2;3;1;B02
201400008894;0;7;0;13;0;2;1;A01
201400008895;0;7;0;0;1;3;24;A01
201400008896;0;7;0;0;2;1;15;A01
201400008896;0;33;0;0;2;1;1;B02
201400008897;0;7;0;0;1;7;1;A01
201400008898;0;7;0;13;0;5;1;A01
201400008899;0;33;0;0;0;1;21;A01
201400008900;0;7;0;6;0;1;0;A01
201400008901;0;7;0;0;2;1;13;A01
201400008901;0;7;0;0;2;1;1;B02
201400008902;0;33;0;13;0;9;1;A01
201400008903;0;7;0;0;0;9;1;A01
201400008904;0;2;0;10;0;7;1;A01
201400008905;0;7;0;0;2;1;1;C03
201400008905;0;7;0;0;2;3;1;A01
201400008905;0;7;0;0;2;8;1;B02
201400008906;0;7;0;0;2;1;17;A01
201400008906;0;7;0;0;2;4;17;B02
201400008907;0;7;0;0;2;3;1;B02
201400008907;0;7;0;0;2;2;1;A01
201400008908;0;7;0;13;0;1;1;A01
201400008909;0;33;0;0;2;8;13;B02
201400008909;0;7;0;0;2;8;21;A01