num_acc;senc;catv;occutc;obs;obsm;choc;manv;num_veh
201400008910;0;33;0;10;0;1;1;A01
201400008911;0;33;0;2;0;9;1;A01
201400008912;0;7;0;0;2;5;2;B02
201400008912;0;30;0;0;2;1;2;A01
201400008913;0;10;0;6;0;7;14;A01
201400008914;0;7;0;13;0;1;13;A01
201400008915;0;7;0;0;1;1;1;A01
201400008916;0;7;0;2;0;3;13;A01
201400008917;0;7;0;0;2;1;1;B02
201400008917;0;7;0;0;2;2;15;A01
201400008918;0;31;0;0;2;1;1;B02
201400008918;0;7;0;0;2;8;5;A01
201400008919;0;7;0;0;2;3;1;B02
201400008919;0;1;0;0;2;7;1;A01
201400008920;0;7;0;0;2;6;15;A01
201400008920;0;2;0;0;2;1;13;B02
201400008921;0;7;0;7;0;1;1;A01
201400008922;0;33;0;0;2;0;17;B02
201400008922;0;7;0;0;9;0;1;A01
201400008923;0;31;0;0;2;2;1;B02
201400008923;0;7;0;0;2;8;15;A01
201400008924;0;30;0;4;0;8;13;A01
201400008925;0;7;0;2;0;7;16;A01
201400008926;0;33;0;12;0;2;1;A01
201400008927;0;33;0;0;2;1;2;A01
201400008927;0;7;0;0;0;6;19;B02
201400008928;0;7;0;0;2;2;15;A01
201400008928;0;31;0;0;2;1;1;B02
201400008929;0;7;0;0;2;3;13;A01
201400008929;0;7;0;0;2;3;1;B02
201400008930;0;7;0;3;0;8;1;A01
201400008930;0;32;0;0;2;1;17;C03
201400008930;2;7;0;0;2;3;1;B02
201400008931;0;30;0;0;2;1;1;B02
201400008931;0;7;0;0;2;7;21;A01
201400008931;0;7;0;14;0;1;1;C03
201400008932;0;31;0;0;2;2;1;B02
201400008932;0;7;0;0;2;8;15;A01
201400008933;0;3;0;0;2;3;13;B02
201400008933;0;7;0;0;2;3;21;A01
201400008934;0;7;0;0;2;3;15;B02
201400008934;0;33;0;0;2;7;1;A01
201400008935;0;7;0;0;1;5;4;A01
201400008936;0;7;0;0;2;2;1;A01
201400008936;0;32;0;0;2;3;1;B02
201400008937;0;33;0;0;0;1;1;A01
201400008938;0;7;0;0;2;3;1;B02
201400008938;0;7;0;0;2;3;13;A01
201400008939;0;14;0;0;2;3;1;A01
201400008939;0;7;0;0;2;3;13;B02
201400008940;0;33;0;0;0;1;17;B02
201400008940;0;7;0;0;0;8;15;A01
201400008941;0;7;0;13;0;3;1;A01
201400008942;0;7;0;0;9;7;17;A01
201400008942;0;1;0;0;0;8;1;B02
201400008943;0;2;0;0;2;1;1;B02
201400008943;0;7;0;0;2;6;1;C03
201400008943;0;7;0;0;2;3;17;A01
201400008944;0;33;0;0;2;1;17;B02
201400008944;0;7;0;0;0;6;15;A01
201400008945;0;37;0;0;1;1;1;A01
201400008946;0;7;0;13;0;5;13;A01
201400008947;0;7;0;0;2;0;13;A01
201400008947;0;7;0;0;2;3;1;B02
201400008948;0;7;0;0;1;3;1;A01
201400008949;0;10;0;0;2;8;1;B02
201400008949;0;30;0;0;2;1;1;A01
201400008950;0;31;0;0;0;1;1;A01
201400008951;0;2;0;0;2;1;0;B02
201400008951;0;34;0;0;2;1;0;A01
201400008952;0;7;0;0;1;1;1;A01
201400008953;0;7;0;2;0;1;1;A01
201400008954;0;7;0;0;2;3;15;B02
201400008954;0;7;0;0;2;7;17;A01
201400008955;0;10;0;0;2;1;1;B02
201400008955;0;7;0;0;2;1;13;A01
201400008955;0;7;0;0;2;1;1;C03
201400008956;0;7;0;2;0;3;1;A01
201400008957;0;7;0;0;2;2;1;B02
201400008957;0;7;0;0;2;1;17;A01
201400008958;0;7;0;0;5;1;1;B02
201400008958;0;7;0;0;5;1;1;A01
201400008959;0;7;0;0;2;6;4;A01
201400008959;0;2;0;0;2;1;1;B02
201400008960;0;7;0;2;0;3;1;A01
201400008961;0;1;0;0;2;1;15;C03
201400008961;0;7;0;0;9;1;2;A01
201400008961;0;7;0;0;0;4;0;B02
201400008962;0;7;0;0;2;8;10;A01
201400008962;0;34;0;0;2;1;1;B02
201400008963;0;7;0;0;2;8;13;A01
201400008963;0;7;0;0;2;1;1;B02
201400008964;0;30;0;0;2;8;1;A01
201400008964;0;7;0;0;2;1;12;B02
201400008965;0;14;0;0;2;3;1;B02
201400008965;0;7;0;0;2;3;14;A01
201400008966;0;1;0;0;2;8;13;B02
201400008966;0;7;0;0;2;2;17;A01
201400008967;0;7;0;0;2;8;15;A01
201400008967;0;7;0;0;2;1;1;B02
201400008968;1;99;0;0;2;0;0;Z01
201400008968;0;1;0;0;2;1;23;B02
201400008969;0;7;0;0;2;1;1;A01
201400008969;0;7;0;0;2;1;13;B02
201400008970;0;31;0;11;0;1;17;A01
201400008971;0;21;0;0;0;8;15;A01
201400008971;0;33;0;0;2;1;17;B02
201400008972;0;7;0;0;2;1;5;A01
201400008972;0;7;0;0;2;1;1;B02
201400008973;0;7;0;8;0;4;4;A01
201400008974;0;7;0;0;0;8;15;C03
201400008974;0;33;0;0;2;1;1;A01
201400008974;0;33;0;14;0;1;1;B02
201400008975;0;7;0;6;0;9;1;A01
201400008976;0;7;0;0;2;1;1;B02
201400008976;0;7;0;0;2;2;13;A01
201400008977;0;7;0;0;2;3;10;A01
201400008977;0;15;0;0;2;1;1;B02
201400008978;0;33;0;13;0;1;1;A01
201400008979;0;7;0;0;2;2;1;B02
201400008979;0;33;0;3;2;2;1;A01
201400008980;0;33;0;0;2;1;1;C03
201400008980;0;7;0;0;2;8;1;B02
201400008980;0;7;0;0;2;3;13;A01
201400008981;0;7;0;0;2;3;15;A01
201400008981;0;2;0;0;2;1;17;B02
201400008982;0;33;0;0;2;1;17;B02
201400008982;0;7;0;0;2;8;13;A01
201400008983;0;30;0;0;1;1;2;A01
201400008984;0;33;0;0;2;1;1;B02
201400008984;0;7;0;0;2;1;5;A01
201400008985;0;7;0;0;0;0;0;A01
201400008986;0;7;0;1;1;1;14;A01
201400008987;0;7;0;0;2;6;13;A01
201400008987;0;14;0;0;2;6;1;B02
201400008987;0;21;0;0;2;3;1;C03
201400008988;0;33;0;3;0;0;1;A01
201400008989;0;10;0;0;1;2;1;A01
201400008990;0;7;0;0;2;1;21;A01
201400008990;0;14;0;0;2;1;21;B02
201400008991;0;7;0;0;0;4;2;B02
201400008991;0;7;0;0;0;1;2;A01
201400008992;0;7;0;0;2;2;15;A01
201400008992;0;7;0;0;2;1;1;B02
201400008993;0;7;0;0;2;3;13;A01
201400008993;0;7;0;0;2;3;1;B02
201400008994;0;33;0;0;2;1;1;B02
201400008994;0;7;0;0;2;7;15;A01
201400008995;0;7;0;0;2;1;1;A01
201400008995;0;7;0;0;2;1;1;B02
201400008996;0;7;0;0;2;1;1;A01
201400008996;0;10;0;0;2;7;19;B02
201400008997;0;7;0;0;2;1;1;B02
201400008997;0;7;0;0;2;2;11;A01
201400008998;0;10;0;1;1;2;1;A01
201400008999;0;7;0;6;0;3;17;A01
201400009000;0;33;0;0;2;9;1;A01
201400009000;0;7;0;0;2;3;1;B02
201400009000;0;7;0;0;2;2;1;C03
201400009001;0;1;0;0;2;1;1;A01
201400009001;0;10;0;0;2;8;9;B02
201400009002;0;33;0;8;2;1;17;A01
201400009002;0;7;0;0;2;3;15;B02
201400009003;0;7;0;0;2;8;1;A01
201400009003;0;33;0;0;2;8;1;B02
201400009004;0;7;0;0;2;5;15;A01
201400009004;0;33;0;0;2;1;1;B02
201400009005;0;7;0;0;2;1;13;A01
201400009005;0;7;0;0;2;1;1;B02
201400009006;0;14;0;0;2;2;15;A01
201400009006;0;33;0;0;2;1;14;B02
201400009007;0;7;0;0;2;3;1;A01
201400009007;0;7;0;0;2;6;1;B02
201400009007;0;7;0;0;2;1;1;C03
201400009008;0;7;0;0;2;3;1;A01
201400009008;0;7;0;0;2;1;1;B02
201400009008;0;7;0;0;2;3;1;C03
201400009009;0;7;0;0;2;8;15;A01
201400009009;0;33;0;0;2;8;1;B02
201400009010;0;10;0;0;2;7;17;A01
201400009010;0;31;0;0;2;8;2;B02
201400009011;0;7;0;0;2;1;1;A01
201400009011;0;7;0;0;2;1;1;B02
201400009012;0;7;0;0;0;7;15;A01
201400009012;0;31;0;0;2;1;1;B02
201400009013;0;7;0;0;2;1;15;A01
201400009013;0;7;0;6;2;8;1;B02
201400009014;0;2;0;1;0;1;1;A01
201400009014;0;10;0;0;0;4;20;B02
201400009015;0;1;0;14;0;1;1;A01
201400009016;0;33;0;10;0;1;0;A01
201400009017;0;33;0;10;0;7;1;A01
201400009018;0;7;0;0;2;1;10;A01
201400009018;0;33;0;0;2;1;1;B02
201400009019;0;33;0;0;2;8;1;A01
201400009019;0;33;0;0;2;8;1;B02
201400009020;0;31;0;0;2;1;13;A01
201400009020;0;7;0;0;2;3;0;B02
201400009021;0;10;0;0;2;7;15;A01
201400009021;0;33;0;0;2;1;1;B02
201400009022;0;7;0;15;0;3;1;A01
201400009023;0;36;0;13;0;0;1;A01
201400009024;0;34;0;0;0;7;18;A01
201400009025;0;10;0;3;0;2;0;A01
201400009026;0;7;0;0;2;6;23;A01
201400009026;0;33;0;0;2;1;2;B02
201400009027;0;7;0;0;2;3;9;A01
201400009027;0;31;0;0;2;7;1;B02
201400009028;0;7;0;2;0;3;1;A01
201400009029;0;14;0;0;1;3;19;A01
201400009030;0;17;0;2;0;1;1;A01
201400009031;0;7;0;0;1;1;1;A01
201400009032;0;30;0;12;0;8;19;A01
201400009033;0;7;0;6;0;1;1;A01
201400009034;0;30;0;0;0;0;0;A01
201400009035;0;2;0;0;2;2;9;A01
201400009036;0;10;0;0;2;1;9;A01
201400009036;0;1;0;0;0;7;1;B02
201400009037;0;33;0;6;0;1;1;A01
201400009038;0;33;0;0;2;1;13;A01
201400009038;0;7;0;0;2;3;1;B02
201400009039;0;2;0;0;2;1;0;A01
201400009039;0;7;0;0;2;3;0;B02
201400009040;0;7;0;0;2;1;0;A01
201400009040;0;7;0;0;2;1;5;B02
201400009041;0;10;0;0;2;2;15;A01
201400009041;0;33;0;0;2;1;13;B02
201400009042;0;7;0;13;0;1;1;A01
201400009043;0;7;0;0;0;9;0;A01
201400009044;0;7;0;0;1;3;1;A01
201400009045;0;7;0;0;2;2;15;A01
201400009045;0;33;0;0;2;1;1;B02
201400009046;0;1;0;0;2;1;16;A01
201400009046;0;7;0;0;2;3;9;B02
201400009047;0;7;0;0;2;3;13;A01
201400009047;0;7;0;0;2;3;1;B02
201400009048;0;7;0;0;2;2;15;A01
201400009048;0;7;0;0;2;2;1;B02
201400009049;0;7;0;0;2;1;13;A01
201400009049;0;7;0;0;2;1;13;B02
201400009050;0;1;0;13;0;0;1;A01
201400009051;0;7;0;0;1;3;15;A01
201400009052;0;7;0;0;2;3;17;A01
201400009052;0;7;0;0;0;3;1;B02
201400009053;0;10;0;0;2;3;13;A01
201400009053;0;10;0;0;2;3;1;B02
201400009054;0;33;0;0;2;8;1;A01
201400009054;0;7;0;0;2;3;1;B02
201400009055;0;10;0;0;9;2;2;A01
201400009055;0;10;0;0;9;2;2;B02
201400009055;0;1;0;0;2;3;2;C03
201400009056;0;7;0;0;0;3;15;A01
201400009056;0;34;0;0;0;8;0;B02
201400009057;0;7;0;0;0;1;14;A01
201400009058;0;7;0;0;0;1;2;A01
201400009059;0;33;0;2;0;1;1;A01
201400009060;0;14;0;0;2;1;1;B02
201400009060;0;10;0;0;2;2;2;C03
201400009060;0;7;0;0;2;7;13;A01
201400009061;0;7;0;0;2;2;1;A01
201400009061;0;7;0;0;2;3;15;C03
201400009062;0;7;0;0;2;7;13;A01
201400009062;0;7;0;0;2;1;1;B02
201400009063;0;7;0;13;0;9;13;A01
201400009063;0;7;0;0;2;3;1;B02
201400009064;0;14;0;0;2;0;1;D04
201400009064;0;7;0;0;2;3;1;B02
201400009064;0;7;0;0;2;3;13;A01
201400009064;0;10;0;0;2;3;1;C03
201400009065;0;7;0;6;0;1;1;A01
201400009066;0;7;0;13;0;1;13;A01
201400009067;0;7;0;1;0;1;1;A01
201400009067;0;7;0;0;2;4;24;B02
201400009068;0;7;0;0;2;3;17;A01
201400009068;0;10;0;0;2;3;0;B02
201400009069;0;7;0;0;0;2;1;A01
201400009070;0;7;0;0;2;1;1;B02
201400009070;0;34;0;0;2;1;13;A01
201400009071;0;7;0;10;0;9;13;A01
201400009072;0;7;0;0;1;3;1;A01
201400009073;0;33;0;0;2;1;17;A01
201400009073;0;7;0;0;2;1;0;B02
201400009074;0;7;0;6;0;1;19;A01
201400009075;0;3;0;0;2;3;13;B02
201400009075;0;7;0;0;2;3;1;A01
201400009076;0;7;0;0;2;3;17;A01
201400009076;0;7;0;0;2;3;1;B02
201400009077;0;33;0;0;2;1;1;B02
201400009077;0;10;0;0;2;2;1;A01
201400009078;0;33;0;0;2;1;1;A01
201400009078;0;7;0;0;2;7;15;B02
201400009079;0;34;0;0;2;1;13;A01
201400009079;0;7;0;0;2;3;1;B02
201400009080;0;33;0;0;2;1;1;A01
201400009080;0;10;0;0;2;2;15;B02
201400009081;0;30;0;0;0;1;0;A01
201400009082;0;7;0;0;2;5;13;A01
201400009082;0;10;0;0;2;1;1;B02
201400009083;0;7;0;0;2;3;15;A01
201400009083;0;34;0;0;2;1;1;B02
201400009084;0;2;0;0;0;7;13;A01
201400009085;0;7;0;6;0;2;1;A01
201400009086;0;7;0;0;2;1;13;A01
201400009086;0;7;0;0;2;1;1;B02
201400009087;0;33;0;0;2;1;17;A01
201400009087;0;7;0;0;2;8;15;B02
201400009088;0;7;0;0;1;3;1;A01
201400009089;0;31;0;0;2;1;11;B02
201400009089;0;7;0;0;2;1;1;A01
201400009090;0;31;0;0;2;1;1;A01
201400009090;0;7;0;0;2;1;1;B02
201400009091;0;31;0;0;2;1;1;B02
201400009091;0;10;0;0;2;7;11;A01
201400009092;0;33;0;0;2;1;1;A01
201400009092;0;7;0;0;2;7;19;B02
201400009093;0;7;0;2;0;1;1;A01
201400009094;0;7;0;0;2;4;2;B02
201400009094;0;7;0;0;2;1;2;A01
201400009095;0;7;0;0;1;2;15;A01
201400009096;0;7;0;2;0;1;1;A01
201400009097;0;30;0;0;0;1;1;A01
201400009098;0;7;0;1;0;3;2;A01
201400009099;0;14;0;0;0;1;1;A01
201400009100;0;7;0;16;0;1;1;A01
201400009101;0;33;0;0;2;1;1;A01
201400009101;0;10;0;0;2;1;1;B02
201400009102;0;10;0;16;0;9;1;A01
201400009103;0;10;0;0;2;1;13;A01
201400009103;0;7;0;0;2;3;1;B02
201400009104;0;7;0;0;2;1;13;A01
201400009104;0;7;0;0;2;1;1;B02
201400009105;0;7;0;0;2;2;17;A01
201400009105;0;7;0;0;2;3;15;B02
201400009106;0;7;0;3;0;2;1;A01
201400009107;0;31;0;0;2;1;2;A01
201400009107;0;7;0;0;0;4;2;B02
201400009108;0;33;0;13;0;1;1;A01
201400009109;0;7;0;0;2;1;1;B02
201400009109;0;7;0;0;2;1;13;A01
201400009110;0;30;0;0;0;0;0;A01
201400009111;0;31;0;0;2;1;1;B02
201400009111;0;7;0;0;2;8;15;A01
201400009112;0;7;0;0;2;1;1;A01
201400009112;0;33;0;0;2;1;1;B02
201400009113;0;7;0;0;2;1;1;C03
201400009113;0;7;0;0;0;1;15;A01
201400009113;0;7;0;0;2;3;2;B02
201400009114;0;7;0;0;2;8;1;A01
201400009114;0;7;0;0;2;1;1;C03
201400009114;0;7;0;0;2;3;1;B02
201400009115;0;10;0;0;2;3;1;B02
201400009115;0;7;0;0;2;1;19;A01
201400009115;0;7;0;0;2;3;1;C03
201400009116;0;33;0;0;2;1;1;A01
201400009116;0;7;0;0;2;1;9;B02
201400009117;0;33;0;8;0;1;15;A01
201400009118;0;10;0;0;0;6;1;A01
201400009118;0;33;0;0;2;1;2;B02
201400009119;0;10;0;0;2;3;19;A01
201400009119;0;34;0;0;2;1;1;B02
201400009120;0;7;0;0;2;4;23;B02
201400009120;0;7;0;0;2;1;1;D04
201400009120;0;7;0;0;2;4;23;C03
201400009120;0;7;0;0;2;4;23;A01
201400009121;0;10;0;0;2;1;19;B02
201400009121;0;7;0;0;2;1;1;A01
201400009122;0;7;0;2;0;1;15;A01
201400009123;0;7;0;2;0;1;1;A01
201400009124;0;7;0;0;2;3;1;B02
201400009124;0;7;0;0;2;1;1;C03
201400009124;0;7;0;0;2;3;13;A01
201400009125;0;10;0;0;2;3;9;A01
201400009125;0;30;0;0;2;5;1;B02
201400009126;0;7;0;6;0;1;1;A01
201400009127;0;7;0;0;1;1;1;A01
201400009128;0;3;0;6;0;1;1;A01
201400009129;0;7;0;0;1;2;21;A01
201400009130;0;7;0;1;0;2;1;A01
201400009131;0;7;0;6;0;2;2;A01
201400009132;0;7;0;0;1;1;9;A01
201400009133;0;10;0;0;1;2;1;A01
201400009134;0;13;0;0;2;3;21;A01
201400009134;0;7;0;0;2;3;9;B01
201400009135;0;31;0;0;0;7;16;A01
201400009136;0;33;0;0;2;1;17;A01
201400009136;0;10;0;0;;3;15;B01
201400009137;0;7;0;0;0;4;2;C01
201400009137;0;7;0;0;2;4;2;B01
201400009137;0;7;0;0;2;1;2;A01
201400009138;0;2;0;0;2;1;13;A01
201400009138;0;7;0;0;2;6;1;B01
201400009139;0;33;0;0;0;4;2;B01
201400009139;0;7;0;0;2;1;2;A01
201400009140;2;10;0;0;2;3;1;Z01
201400009140;0;10;0;0;2;8;1;A01
201400009141;0;33;0;0;2;1;13;A01
201400009141;0;7;0;0;2;1;1;B01
201400009142;0;7;0;0;2;2;1;B01
201400009142;0;7;0;0;2;1;9;A01
201400009143;0;7;0;0;9;1;1;A01
201400009143;0;1;0;0;2;8;9;V01
201400009144;0;7;0;0;;3;15;A01
201400009144;0;7;0;0;;3;1;B01
201400009145;0;33;0;0;2;7;17;A01
201400009145;0;7;0;0;;3;13;B01
201400009146;2;7;0;0;2;0;11;A01
201400009146;0;2;0;0;;0;11;B01
201400009147;0;7;0;0;1;8;9;A01
201400009148;0;31;0;0;2;1;2;A01
201400009148;0;7;0;0;;4;2;B01
201400009149;0;7;0;0;0;0;20;A01
201400009149;0;1;0;0;2;8;18;B01
201400009150;0;7;0;0;1;3;1;A01
201400009151;0;7;0;0;1;1;15;A01
201400009152;0;7;0;0;1;5;4;A01
201400009153;0;7;0;0;0;6;1;A01
201400009154;0;7;0;0;2;3;1;B01
201400009154;0;3;0;0;2;2;1;A01
201400009155;0;7;0;0;2;6;15;A01
201400009155;0;2;0;0;2;1;17;B01
201400009156;0;10;0;0;1;4;4;A01
201400009157;0;7;0;0;2;8;19;A01
201400009157;0;7;0;0;;3;1;B01
201400009158;0;10;0;0;1;7;1;A01
201400009159;0;7;0;0;2;6;20;A01
201400009159;0;2;0;0;2;1;18;B01
201400009160;0;7;0;0;2;6;1;B01
201400009160;0;10;0;0;2;1;1;C01
201400009160;0;33;0;0;2;1;1;A01
201400009161;0;10;0;0;2;1;1;B01
201400009161;0;7;0;0;2;1;13;A01
201400009162;0;7;0;0;2;0;5;A01
201400009162;0;33;0;0;2;0;21;B01
201400009163;0;7;0;0;1;7;1;A01
201400009164;0;17;0;0;1;1;1;A01
201400009165;0;7;0;0;2;8;15;A01
201400009165;0;33;0;0;;1;1;B01
201400009166;0;7;0;0;1;3;1;A01
201400009167;0;2;0;0;2;3;1;B01
201400009167;0;7;0;0;2;2;1;A01
201400009168;0;2;0;0;2;5;1;A01
201400009168;0;17;0;0;2;8;15;B01
201400009169;0;33;0;2;0;1;14;A01
201400009170;0;7;0;0;2;2;1;A01
201400009170;0;7;0;0;2;1;1;B01
201400009171;0;2;0;1;0;1;1;A01
201400009171;0;7;0;0;0;6;24;B01
201400009172;0;32;0;0;;1;1;B01
201400009172;2;7;0;0;2;3;1;A01
201400009173;0;7;0;0;2;1;1;A01
201400009173;0;1;0;0;;8;19;B01
201400009174;0;7;0;12;0;1;13;A01
201400009175;0;7;0;9;0;1;14;A01
201400009176;0;7;0;0;1;2;1;A01
201400009177;0;7;0;0;1;1;15;A01
201400009178;0;10;0;0;;6;15;A01
201400009178;0;2;0;0;2;2;1;B01
201400009179;0;7;0;0;1;1;1;A01
201400009180;0;7;0;0;2;2;13;A01
201400009180;0;7;0;0;;1;1;B01
201400009181;0;7;0;0;2;3;13;A01
201400009181;0;7;0;0;;3;1;B01
201400009182;0;7;0;15;0;2;14;A01
201400009183;0;7;0;2;0;1;14;A01
201400009184;0;33;0;0;0;4;15;A01
201400009184;0;7;0;0;2;1;2;B02
201400009185;0;10;0;1;1;5;1;A01
201400009186;0;33;0;0;2;7;2;B02
201400009186;0;33;0;0;2;8;2;A01
201400009187;0;33;0;7;0;4;1;B02
201400009187;0;7;0;0;0;1;1;A01
201400009188;0;21;0;0;2;3;0;B02
201400009188;0;10;0;0;2;3;13;A01
201400009189;0;7;0;0;6;1;13;A01
201400009189;0;7;0;0;2;3;1;B02
201400009190;0;33;0;0;6;2;1;A01
201400009191;0;33;0;0;2;1;2;B02
201400009191;0;33;0;0;2;4;2;A01
201400009192;0;7;0;0;0;2;1;A01
201400009192;0;7;0;0;0;8;9;B02
201400009193;0;7;0;0;0;4;2;A01
201400009193;0;7;0;0;0;1;2;B02
201400009194;0;10;0;0;9;3;1;B02
201400009194;0;30;0;0;2;1;1;A01
201400009195;0;7;0;0;2;1;1;B02
201400009195;0;7;0;0;2;2;13;A01
201400009196;0;7;0;8;2;2;15;B02
201400009196;0;7;0;0;2;8;1;A01
201400009197;0;33;0;0;2;1;21;C03
201400009197;0;14;0;0;2;3;21;A01
201400009197;0;33;0;0;2;3;11;B02
201400009198;0;7;0;2;0;7;13;A01
201400009199;0;10;0;0;0;1;1;C03
201400009199;0;10;0;0;2;3;13;A01
201400009199;0;15;0;0;0;3;1;B02
201400009200;0;7;0;2;0;3;19;A01
201400009201;0;7;0;0;2;8;15;A01
201400009201;0;2;0;0;2;1;1;B02
201400009202;0;14;0;0;2;1;1;A01
201400009202;0;33;0;0;2;1;1;B02
201400009203;0;1;0;0;5;0;21;A01
201400009204;0;7;0;0;1;2;1;A01
201400009205;0;33;0;0;0;1;1;B02
201400009205;0;7;0;0;0;2;15;A01
201400009206;0;7;0;0;2;2;1;B02
201400009206;0;7;0;0;0;8;16;A01
201400009207;0;1;0;0;6;0;21;A01
201400009208;0;7;0;3;0;0;14;A01
201400009209;0;7;0;0;4;2;19;A01
201400009209;0;7;0;0;2;1;1;B02
201400009210;0;33;0;12;0;1;0;A01
201400009211;0;7;0;2;0;1;1;A01
201400009212;0;7;0;0;2;1;13;C03
201400009212;0;7;0;0;2;3;1;A01
201400009212;0;7;0;0;2;1;1;B02
201400009213;0;7;0;14;0;1;0;A01
201400009214;0;7;0;0;2;1;2;A01
201400009214;0;7;0;0;0;4;2;B02
201400009215;0;7;0;0;2;1;11;A01
201400009215;0;33;0;0;2;1;1;B02
201400009216;0;33;0;0;2;8;13;A01
201400009216;0;33;0;0;2;8;2;B02
201400009217;0;33;0;0;2;1;1;A01
201400009217;0;10;0;0;2;7;1;B02
201400009218;0;10;0;0;1;2;19;A01
201400009219;0;7;0;2;0;3;1;A01
201400009220;0;33;0;0;2;1;2;A01
201400009220;0;7;0;0;2;4;2;B02
201400009221;0;7;0;0;2;3;2;A01
201400009221;0;7;0;0;2;3;2;B02
201400009222;0;7;0;0;2;3;9;A01
201400009222;0;1;0;0;2;7;1;B02
201400009223;0;7;0;0;9;3;2;B02
201400009223;0;1;0;0;2;8;2;A01
201400009224;0;7;0;5;0;1;1;A01
201400009225;0;33;0;3;0;1;14;A01
201400009226;0;7;0;5;0;4;1;A01
201400009227;1;7;0;0;2;1;1;A01
201400009227;0;1;0;0;2;4;1;B02
201400009227;0;1;0;0;2;4;1;C03
201400009228;0;33;0;16;0;8;1;A01
201400009229;0;33;0;0;2;1;2;A01
201400009229;0;7;0;0;0;4;1;B02
201400009230;0;7;0;6;0;8;1;A01
201400009231;0;2;0;0;2;1;21;B02
201400009231;0;7;0;0;2;6;1;A01
201400009232;0;7;0;0;2;1;1;A01
201400009232;0;7;0;0;2;3;15;B02
201400009233;0;7;0;0;2;8;15;B02
201400009233;0;10;0;0;2;1;1;A01
201400009234;1;10;0;0;1;0;2;A01
201400009235;1;7;0;0;1;4;4;A01
201400009236;0;7;0;6;0;1;1;A01
201400009237;0;33;0;0;2;8;1;A01
201400009238;0;7;0;0;1;1;17;A01
201400009239;0;7;0;0;2;1;1;A01
201400009239;0;2;0;0;2;8;1;B02
201400009240;0;10;0;13;0;0;1;A01
201400009241;0;33;0;0;2;1;1;A01
201400009241;0;10;0;0;2;3;1;B02
201400009242;0;31;0;4;0;2;1;A01
201400009243;0;1;0;0;0;7;1;A01
201400009244;0;7;0;0;0;1;1;B02
201400009244;0;7;0;0;0;7;19;A01
201400009245;0;7;0;1;1;3;1;A01
201400009246;0;31;0;0;2;4;1;B02
201400009246;0;7;0;0;2;7;16;A01
201400009247;0;7;0;0;1;2;1;A01
201400009248;0;7;0;0;2;2;1;A01
201400009248;0;7;0;0;2;3;16;B02
201400009249;0;7;0;0;2;1;1;A01
201400009249;0;7;0;0;2;4;1;B02
201400009250;0;7;0;0;2;1;1;A01
201400009250;0;1;0;0;2;1;1;B02
201400009251;0;7;0;0;2;2;1;A01
201400009251;0;7;0;0;2;3;0;B02
201400009252;0;30;0;0;0;0;1;A01
201400009253;0;33;0;0;2;1;1;A01
201400009253;0;7;0;0;2;8;19;B02
201400009254;0;33;0;0;2;1;1;A01
201400009254;0;7;0;0;2;4;19;B02
201400009255;0;15;0;0;1;2;15;A01
201400009256;0;7;0;0;2;7;13;A01
201400009256;0;7;0;0;2;1;1;B02
201400009257;0;7;0;0;2;1;17;A01
201400009257;0;10;0;0;2;1;1;B02
201400009258;0;1;0;0;2;4;2;B02
201400009258;0;7;0;0;2;1;1;A01
201400009259;0;10;0;0;1;2;1;A01
201400009260;0;30;0;0;2;1;1;B02
201400009260;0;7;0;0;2;1;5;A01
201400009261;0;10;0;0;2;1;1;B02
201400009261;0;7;0;0;2;1;15;A01
201400009262;0;7;0;0;2;8;19;A01
201400009262;0;7;0;0;2;1;1;B02
201400009263;0;7;0;0;2;3;19;A01
201400009263;0;33;0;0;2;1;1;B02
201400009264;0;7;0;0;2;3;13;A01
201400009264;0;14;0;0;2;3;1;B02
201400009265;0;7;0;2;0;7;1;A01
201400009266;0;7;0;0;2;3;1;B02
201400009266;0;7;0;0;2;3;13;A01
201400009267;0;33;0;0;2;1;1;B02
201400009267;0;7;0;0;2;2;11;A01
201400009268;0;7;0;0;2;3;0;B02
201400009268;0;7;0;0;2;3;0;A01
201400009269;0;14;0;0;0;2;1;A01
201400009270;0;38;1;0;1;7;1;A01
201400009271;0;7;0;8;0;9;1;A01
201400009272;0;31;0;0;0;7;1;A01
201400009273;0;7;0;0;1;2;1;A01
201400009274;0;33;0;2;0;3;1;A01
201400009275;0;7;0;0;2;8;1;B02
201400009275;0;7;0;0;2;1;13;A01
201400009276;0;7;0;2;0;2;14;A01
201400009277;0;33;0;0;2;1;1;B02
201400009277;0;7;0;0;2;3;15;A01
201400009278;0;7;0;0;1;3;1;A01
201400009279;0;33;0;13;0;0;13;A01
201400009280;0;1;0;0;2;4;2;B02
201400009280;0;7;0;0;2;1;1;A01
201400009281;0;7;0;0;2;8;9;B02
201400009281;0;15;0;0;2;1;1;A01
201400009282;0;34;0;0;2;1;1;B02
201400009282;0;7;0;0;2;1;1;A01
201400009283;0;7;0;0;2;1;1;A01
201400009283;0;7;0;0;2;1;16;B02
201400009284;0;1;0;0;2;8;19;B02
201400009284;0;7;0;0;2;2;16;A01
201400009285;0;33;0;0;0;2;1;A01