num_acc;senc;catv;occutc;obs;obsm;choc;manv;num_veh
201400009286;0;30;0;8;0;2;1;A01
201400009287;0;7;0;0;1;2;17;A01
201400009288;0;36;0;6;0;1;1;A01
201400009289;0;31;0;0;2;2;16;A01
201400009289;0;7;0;0;2;8;1;B02
201400009290;0;33;0;0;2;4;1;A01
201400009290;0;20;0;0;2;4;1;B02
201400009290;0;20;0;0;2;1;1;C03
201400009291;0;33;0;0;2;4;12;B02
201400009291;0;7;0;0;2;3;12;A01
201400009292;0;7;0;0;2;4;1;A01
201400009292;0;7;0;0;2;1;2;B02
201400009293;0;7;0;0;2;5;23;B02
201400009293;0;30;0;0;2;1;1;A01
201400009294;0;37;1;0;2;3;1;A01
201400009294;1;14;0;0;0;0;0;B02
201400009295;0;7;0;0;2;8;1;B02
201400009295;0;7;0;0;2;1;1;A01
201400009296;0;7;0;0;2;3;1;A01
201400009296;0;30;0;0;2;1;1;B02
201400009297;0;37;1;0;1;1;1;A01
201400009298;0;33;0;0;2;1;16;A01
201400009298;0;37;1;0;2;2;1;B02
201400009299;0;7;0;0;2;1;1;B02
201400009299;0;7;0;0;2;1;13;A01
201400009299;0;7;0;0;2;3;2;C03
201400009300;0;7;0;13;0;1;16;A01
201400009301;0;7;0;2;0;5;0;A01
201400009302;0;7;0;0;0;9;1;A01
201400009303;0;7;0;13;0;1;1;A01
201400009304;0;7;0;0;2;2;15;A01
201400009304;0;7;0;0;2;1;1;B02
201400009305;0;33;0;0;2;1;3;A01
201400009305;0;7;0;0;2;4;2;B02
201400009306;0;7;0;0;2;8;1;B02
201400009306;0;7;0;0;2;3;1;C03
201400009306;0;33;0;0;2;8;14;A01
201400009307;0;7;0;0;2;3;1;B02
201400009307;0;30;0;0;2;8;15;A01
201400009308;0;1;0;0;2;8;5;A01
201400009308;0;7;0;0;2;3;1;B02
201400009309;0;33;0;0;2;1;1;B02
201400009309;0;7;0;0;2;7;15;A01
201400009310;0;3;0;0;0;9;1;A01
201400009311;0;7;0;0;2;5;1;B02
201400009311;0;7;0;0;2;1;1;A01
201400009312;0;7;0;0;2;5;1;A01
201400009312;0;7;0;0;2;4;24;D04
201400009312;0;7;0;0;2;2;21;C03
201400009312;0;7;0;0;2;2;2;B02
201400009313;0;33;0;0;2;1;1;A01
201400009313;0;7;0;0;2;4;2;B02
201400009314;0;7;0;0;2;5;23;B02
201400009314;0;31;0;0;2;3;3;A01
201400009315;0;1;0;0;2;1;0;B02
201400009315;0;30;0;0;2;1;13;A01
201400009316;1;7;0;0;2;3;13;B02
201400009316;0;33;0;0;2;8;1;A01
201400009317;0;7;0;0;1;2;1;A01
201400009318;0;33;0;0;2;1;1;B02
201400009318;0;7;0;0;2;7;15;A01
201400009319;0;7;0;1;0;3;12;A01
201400009319;0;17;0;0;2;5;24;B02
201400009320;0;7;0;0;2;2;1;A01
201400009320;0;1;0;0;2;4;2;B02
201400009321;0;7;0;0;0;9;1;A01
201400009322;0;7;0;0;2;4;24;B02
201400009322;0;7;0;1;2;1;1;A01
201400009323;0;7;0;0;2;4;1;A01
201400009323;0;7;0;0;2;4;23;B02
201400009323;0;7;0;0;2;1;1;C03
201400009324;0;7;0;0;2;1;1;A01
201400009324;0;2;0;0;2;1;1;B02
201400009325;0;7;0;0;0;9;1;A01
201400009326;0;7;0;0;2;3;9;B02
201400009326;0;10;0;0;2;2;1;A01
201400009327;0;7;0;0;0;9;17;A01
201400009328;0;14;0;0;2;8;1;A01
201400009328;0;10;0;0;2;3;13;B02
201400009329;0;7;0;0;0;9;1;A01
201400009330;0;7;0;0;0;0;15;A01
201400009331;0;33;0;0;2;1;1;A01
201400009331;0;7;0;0;2;2;13;B02
201400009332;0;33;0;0;2;1;2;B02
201400009332;0;10;0;0;2;5;1;A01
201400009333;0;7;0;0;1;1;1;A01
201400009334;0;7;0;13;0;9;1;A01
201400009335;0;33;0;0;6;1;1;A01
201400009336;0;7;0;2;0;8;14;A01
201400009337;0;7;0;8;0;8;1;A01
201400009338;0;2;0;0;2;3;15;A01
201400009338;0;7;0;0;2;5;17;B02
201400009339;0;21;0;0;2;3;1;B02
201400009339;0;33;0;0;2;1;13;A01
201400009340;0;7;0;2;0;1;1;A01
201400009340;0;10;0;0;2;2;1;B02
201400009341;0;7;0;0;2;3;1;B02
201400009341;0;7;0;4;2;3;5;A01
201400009341;0;7;0;0;2;8;1;C03
201400009342;0;33;0;2;0;1;17;A01
201400009343;0;7;0;0;2;3;13;A01
201400009343;0;7;0;0;2;3;1;B02
201400009344;0;7;0;0;2;9;2;E05
201400009344;0;7;0;0;2;9;2;D04
201400009344;0;7;0;0;2;9;2;C03
201400009344;0;7;0;0;2;1;1;A01
201400009344;0;7;0;0;2;4;2;B02
201400009345;0;10;0;0;2;3;15;A01
201400009345;0;33;0;0;2;1;1;B02
201400009346;0;33;0;0;2;1;5;A01
201400009346;0;10;0;0;2;3;15;B02
201400009347;0;30;0;8;0;7;1;A01
201400009348;0;7;0;0;1;2;1;A01
201400009349;0;7;0;0;1;1;15;A01
201400009350;0;7;0;2;2;2;21;A01
201400009350;0;7;0;15;2;8;2;B02
201400009351;0;7;0;0;2;2;23;B02
201400009351;0;30;0;0;2;1;5;A01
201400009352;0;7;0;2;0;9;14;A01
201400009353;0;7;0;0;2;8;9;A01
201400009353;0;37;0;0;2;2;1;B02
201400009354;0;7;0;0;0;1;15;A01
201400009354;0;31;0;0;2;1;1;B02
201400009355;0;33;0;0;2;1;1;A01
201400009355;0;14;0;0;2;3;15;B02
201400009356;0;33;0;13;0;1;1;A01
201400009357;0;7;0;0;2;3;1;B02
201400009357;0;7;0;0;2;2;5;A01
201400009358;0;7;0;0;2;8;15;A01
201400009358;0;33;0;0;2;1;21;B02
201400009359;0;7;0;0;1;7;16;A01
201400009360;0;10;0;2;0;2;1;A01
201400009361;0;33;0;0;2;1;17;A01
201400009361;0;7;0;0;2;3;15;B02
201400009362;0;7;0;0;2;3;13;A01
201400009362;0;7;0;0;2;3;1;B02
201400009363;0;7;0;0;2;9;17;A01
201400009363;0;15;0;0;2;1;1;C03
201400009363;0;7;0;0;2;3;1;B02
201400009364;0;7;0;0;9;2;2;A01
201400009364;0;1;0;0;2;4;0;C03
201400009364;0;1;0;0;2;4;0;B02
201400009365;0;7;0;0;2;3;0;A01
201400009365;0;7;0;0;2;0;0;B02
201400009366;0;7;0;0;2;1;15;A01
201400009366;0;7;0;0;2;1;1;B02
201400009366;0;7;0;0;2;8;23;C03
201400009367;0;7;0;8;0;1;0;A01
201400009368;0;7;0;0;2;1;0;B02
201400009368;0;7;0;0;2;1;13;A01
201400009369;0;10;0;0;2;1;1;C03
201400009369;0;7;0;0;2;3;13;A01
201400009369;0;14;0;0;2;3;1;B02
201400009370;0;7;0;0;2;1;1;B02
201400009370;0;7;0;0;2;1;21;A01
201400009371;0;7;0;0;2;3;15;A01
201400009371;0;10;0;0;2;5;13;B02
201400009372;0;7;0;0;0;1;9;A01
201400009372;0;2;0;0;0;5;0;B02
201400009373;0;7;0;2;0;8;14;A01
201400009374;0;7;0;0;0;1;1;D04
201400009374;0;7;0;0;0;1;13;A01
201400009374;0;7;0;0;0;3;1;B02
201400009374;0;7;0;0;0;1;1;C03
201400009375;0;7;0;0;0;4;1;A01
201400009375;0;2;0;0;0;7;1;C03
201400009375;0;2;0;0;0;8;1;D04
201400009375;0;2;0;0;2;1;1;B02
201400009375;0;2;0;0;0;8;1;E05
201400009376;0;33;0;3;0;1;1;A01
201400009377;0;7;0;2;2;1;1;B02
201400009377;0;7;0;0;2;2;19;A01
201400009377;0;7;0;0;2;1;23;C03
201400009378;0;7;0;0;2;3;0;A01
201400009378;0;7;0;0;2;3;1;B02
201400009379;0;7;0;0;0;1;13;A01
201400009379;0;38;1;0;0;3;1;B02
201400009380;0;30;0;0;2;1;1;B02
201400009380;0;7;0;0;9;6;0;A01
201400009381;0;7;0;0;1;6;1;A01
201400009382;0;33;0;0;0;0;0;A01
201400009383;0;30;0;0;2;1;1;B02
201400009383;0;7;0;0;9;7;15;A01
201400009384;0;7;0;0;2;2;15;B02
201400009384;0;31;0;0;2;1;1;A01
201400009385;0;7;0;0;0;6;5;A01
201400009385;0;33;0;0;0;1;1;B02
201400009386;0;7;0;0;1;1;1;A01
201400009387;0;7;0;13;0;0;1;A01
201400009388;0;7;0;0;0;4;15;B02
201400009388;0;7;0;0;0;1;1;A01
201400009389;0;10;0;0;0;2;9;A01
201400009389;0;33;0;0;2;1;1;B02
201400009390;0;21;0;6;0;1;1;A01
201400009391;0;33;0;0;2;2;17;A01
201400009391;0;7;0;0;0;6;1;B02
201400009392;0;2;0;0;2;3;15;B02
201400009392;0;10;0;0;2;2;17;A01
201400009393;0;7;0;0;2;3;1;A01
201400009393;0;7;0;0;2;3;1;B02
201400009394;0;33;0;0;2;1;13;A01
201400009394;0;7;0;0;2;3;1;B02
201400009395;0;7;0;0;9;1;1;A01
201400009395;0;99;0;0;2;1;1;B02
201400009396;0;21;0;0;2;3;15;A01
201400009396;0;31;0;0;2;7;17;B02
201400009397;0;2;0;0;0;6;2;B02
201400009397;1;7;0;0;2;2;2;A01
201400009398;0;7;0;0;9;1;1;A01
201400009399;0;7;0;0;0;9;17;A01
201400009400;0;7;0;0;1;1;1;A01
201400009401;0;7;0;0;1;1;19;A01
201400009402;0;7;0;0;1;3;1;A01
201400009403;0;7;0;0;2;3;13;A01
201400009403;0;7;0;0;2;3;21;B02
201400009404;0;14;0;0;1;1;1;A01
201400009405;0;33;0;0;2;2;1;A01
201400009405;0;7;0;0;2;6;1;B02
201400009406;0;7;0;0;2;1;1;A01
201400009406;0;33;0;0;2;1;1;B02
201400009407;0;7;0;0;1;1;1;A01
201400009408;0;37;0;0;1;2;16;A01
201400009409;0;7;0;2;2;1;21;A01
201400009410;0;7;0;0;0;5;10;A01
201400009410;0;33;0;0;2;1;1;B02
201400009411;0;7;0;2;0;4;1;A01
201400009412;0;10;0;0;0;9;21;B02
201400009412;0;7;0;0;0;1;13;A01
201400009412;0;7;0;0;0;3;21;C03
201400009413;0;7;0;0;2;2;15;A01
201400009413;0;33;0;0;2;1;1;B02
201400009413;0;10;0;0;2;3;23;C03
201400009414;0;7;0;0;2;3;21;B02
201400009414;0;7;0;0;2;3;13;A01
201400009415;0;7;0;0;2;4;1;B02
201400009415;0;7;0;0;2;1;1;A01
201400009416;0;7;0;0;2;5;15;A01
201400009416;0;33;0;0;2;1;1;B02
201400009417;0;7;0;0;2;2;1;A01
201400009417;0;10;0;0;2;2;1;B02
201400009418;0;7;0;0;2;8;19;B02
201400009418;0;15;0;0;2;1;1;A01
201400009419;1;10;0;0;0;0;19;B02
201400009419;0;7;0;0;2;0;21;A01
201400009420;0;33;0;0;0;1;1;B02
201400009420;0;10;0;0;0;2;15;A01
201400009421;0;7;0;0;2;3;19;B02
201400009421;0;33;0;0;2;1;1;A01
201400009422;0;7;0;0;2;3;1;B02
201400009422;0;7;0;0;2;8;13;A01
201400009423;0;35;0;0;1;1;21;A01
201400009424;0;10;0;0;2;3;23;C03
201400009424;0;7;0;1;2;2;15;A01
201400009424;0;10;0;1;2;1;1;B02
201400009425;0;7;0;0;2;3;1;B02
201400009425;0;7;0;0;2;3;1;A01
201400009426;0;7;0;0;2;3;1;A01
201400009426;0;7;0;0;2;6;13;B02
201400009427;0;7;0;0;2;1;13;A01
201400009427;0;7;0;0;2;1;1;B02
201400009428;0;7;0;0;1;1;1;A01
201400009429;0;7;0;0;0;3;16;A01
201400009429;0;33;0;0;0;1;2;B02
201400009430;0;30;0;0;0;2;13;A01
201400009430;0;7;0;0;0;6;15;B02
201400009431;0;33;0;0;2;3;5;A01
201400009431;0;7;0;0;2;3;5;B02
201400009432;0;7;0;0;2;1;19;A01
201400009432;0;7;0;0;2;2;19;B02
201400009433;0;7;0;0;2;1;23;A01
201400009433;0;33;0;1;0;1;1;B02
201400009434;0;32;0;0;5;1;1;A01
201400009435;0;17;0;0;0;0;24;A01
201400009435;0;1;0;1;0;1;21;B02
201400009436;0;33;0;0;2;1;0;B02
201400009436;0;33;0;0;2;1;13;A01
201400009437;0;7;0;0;2;1;1;A01
201400009437;0;7;0;0;2;4;16;B02
201400009438;0;30;0;1;0;1;15;A01
201400009439;0;3;0;0;2;8;1;A01
201400009439;0;7;0;0;2;2;17;B02
201400009440;0;7;0;2;0;2;0;A01
201400009441;0;7;0;0;2;1;0;A01
201400009441;0;7;0;1;0;1;0;C03
201400009441;0;7;0;0;2;1;0;B02
201400009442;0;7;0;2;0;9;1;A01
201400009443;0;7;0;0;2;8;1;B02
201400009443;0;7;0;0;2;1;19;A01
201400009444;0;7;0;0;2;3;19;A01
201400009444;0;2;0;0;2;1;1;B02
201400009445;0;7;0;0;2;7;10;B02
201400009445;0;31;0;0;2;1;1;A01
201400009446;0;1;0;0;2;4;2;B02
201400009446;0;7;0;0;2;2;2;A01
201400009447;0;33;0;0;2;1;1;A01
201400009447;0;7;0;0;0;3;19;B02
201400009448;0;7;0;0;2;5;2;B02
201400009448;0;10;0;0;2;3;1;A01
201400009449;0;33;0;0;0;0;0;A01
201400009449;0;33;0;0;2;0;2;B02
201400009450;0;7;0;0;2;1;0;A01
201400009450;0;7;0;0;2;1;0;B02
201400009451;0;10;0;14;1;3;1;A01
201400009452;0;10;0;0;2;3;23;A01
201400009452;0;33;0;0;2;1;1;B02
201400009453;0;7;0;0;9;1;1;A01
201400009454;0;7;0;0;1;1;1;A01
201400009455;0;7;0;13;0;4;1;A01
201400009456;0;33;0;2;0;1;0;A01
201400009457;0;7;0;0;2;8;15;B02
201400009457;0;33;0;0;2;1;17;A01
201400009458;0;7;0;2;0;3;2;A01
201400009459;0;7;0;0;2;1;1;A01
201400009459;0;10;0;0;2;1;13;B02
201400009460;0;7;0;0;0;7;24;B02
201400009460;0;7;0;1;0;3;2;A01
201400009461;0;7;0;0;2;3;19;A01
201400009461;0;7;0;0;2;2;1;B02
201400009462;0;7;0;8;0;1;13;A01
201400009463;0;7;0;13;0;1;1;A01
201400009464;0;7;0;0;2;3;1;A01
201400009464;0;7;0;0;2;3;1;B02
201400009465;0;7;0;2;0;2;13;A01
201400009466;0;7;0;0;2;3;20;A01
201400009466;0;14;0;0;2;3;1;B02
201400009467;0;7;0;2;0;2;13;A01
201400009468;0;7;0;0;2;1;1;B02
201400009468;0;7;0;0;2;1;15;A01
201400009469;0;7;0;13;0;3;1;A01
201400009470;0;7;0;0;2;1;1;B02
201400009470;0;7;0;0;2;7;1;A01
201400009471;0;7;0;0;2;8;13;A01
201400009471;0;7;0;0;2;3;16;B02
201400009472;0;1;0;0;2;4;2;B02
201400009472;0;1;0;0;2;4;2;C03
201400009472;0;7;0;0;2;2;2;A01
201400009473;0;7;0;0;2;1;1;A01
201400009473;0;7;0;0;2;3;16;B02
201400009474;0;7;0;0;2;1;1;B02
201400009474;0;15;0;0;2;8;4;A01
201400009475;0;7;0;2;0;1;13;A01
201400009476;0;33;0;0;0;4;1;B02
201400009476;0;7;0;0;2;1;1;A01
201400009477;0;10;0;0;2;2;13;A01
201400009477;0;7;0;0;2;1;1;B02
201400009478;0;33;0;0;0;1;14;A01
201400009479;0;7;0;0;0;9;2;A01
201400009480;0;33;0;0;2;1;1;A01
201400009480;0;7;0;0;2;5;1;B02
201400009481;0;7;0;0;2;1;13;A01
201400009481;0;7;0;0;2;1;1;B02
201400009482;0;7;0;0;0;0;1;A01
201400009483;0;7;0;0;2;1;1;A01
201400009483;0;7;0;0;2;7;19;B02
201400009484;0;7;0;0;2;3;1;A01
201400009484;0;30;0;0;2;1;9;B02
201400009485;0;7;0;0;2;1;1;B02
201400009485;0;7;0;0;2;1;13;A01
201400009486;0;33;0;0;2;1;13;A01
201400009486;0;7;0;0;2;1;1;B02
201400009487;0;7;0;0;0;4;2;A01
201400009487;0;7;0;0;2;4;2;B02
201400009487;0;7;0;0;2;1;2;C03
201400009488;0;7;0;0;2;3;13;A01
201400009488;0;7;0;0;2;3;1;B02
201400009489;0;7;0;2;9;1;2;A01
201400009489;0;1;0;0;2;1;1;B02
201400009490;0;7;0;0;2;7;13;A01
201400009490;0;7;0;0;2;1;1;B02
201400009491;0;10;0;0;2;1;13;A01
201400009491;0;7;0;0;2;1;1;C03
201400009491;0;7;0;0;2;1;1;B02
201400009492;0;7;0;5;0;8;1;A01
201400009493;0;7;0;13;0;3;1;A01
201400009494;0;7;0;0;1;3;1;A01
201400009495;0;17;0;0;2;1;1;A01
201400009495;0;7;0;0;2;2;17;B02
201400009495;0;7;0;0;2;3;1;C03
201400009496;0;7;0;16;0;9;1;A01
201400009497;0;30;0;0;2;2;1;B02
201400009497;0;7;0;0;2;3;15;A01
201400009498;0;7;0;0;0;6;1;B02
201400009498;0;1;0;0;2;1;19;A01
201400009499;0;7;0;8;0;7;1;A01
201400009500;0;33;0;0;2;2;1;A01
201400009500;0;7;0;0;2;3;1;B02
201400009501;0;7;0;0;2;1;17;A01
201400009501;0;7;0;0;2;1;21;B02
201400009501;0;7;0;0;2;6;1;C03
201400009502;0;7;0;0;2;2;1;A01
201400009502;0;33;0;8;2;8;1;B02
201400009503;0;7;0;0;2;1;16;A01
201400009503;0;1;0;0;2;1;1;B02
201400009504;0;7;0;0;2;1;1;A01
201400009504;0;7;0;0;0;6;1;B02
201400009505;0;36;0;6;0;1;1;A01
201400009506;0;33;0;0;0;6;1;B02
201400009506;0;7;0;0;2;3;15;A01
201400009507;0;7;0;2;2;1;1;B02
201400009507;0;7;0;0;2;2;13;A01
201400009508;0;7;0;0;2;3;1;A01
201400009508;0;31;0;0;2;3;1;B02
201400009509;0;7;0;0;2;1;1;B02
201400009509;0;33;0;0;2;7;13;A01
201400009510;0;1;0;0;2;8;19;B02
201400009510;0;7;0;0;2;1;1;A01
201400009511;0;34;0;0;2;2;21;A01
201400009511;0;7;0;0;0;6;1;B02
201400009512;0;1;0;0;2;1;13;A01
201400009512;0;7;0;0;2;3;21;B02
201400009513;0;1;0;14;0;3;1;B02
201400009514;0;30;0;0;2;1;1;A01
201400009514;0;7;0;0;0;8;1;B02
201400009515;0;7;0;8;0;1;1;A01
201400009516;0;7;0;0;2;1;1;B02
201400009516;0;7;0;0;2;3;13;A01
201400009517;0;7;0;13;2;8;1;C03
201400009517;0;7;0;0;2;8;13;A01
201400009517;0;10;0;0;2;1;1;B02
201400009518;0;7;0;0;2;1;1;B02
201400009518;0;7;0;0;6;1;1;A01
201400009519;0;7;0;0;1;3;1;A01
201400009520;0;7;0;0;2;1;1;B02
201400009520;0;7;0;0;2;1;7;A01
201400009520;0;7;0;0;2;1;1;C03
201400009521;0;7;0;15;2;3;1;B02
201400009521;0;2;0;0;2;1;1;A01
201400009522;0;7;0;0;2;1;1;A01
201400009522;0;7;0;0;1;4;1;B02
201400009523;0;7;0;0;1;1;1;A01
201400009524;0;7;0;0;1;2;1;A01
201400009525;0;7;0;13;0;1;13;A01
201400009526;0;2;0;0;2;3;1;A01
201400009526;0;10;0;0;0;7;1;B02
201400009527;0;7;0;0;2;1;13;A01
201400009527;0;7;0;8;2;8;21;B02
201400009528;0;1;0;0;2;7;19;B02
201400009528;0;7;0;0;2;2;1;A01
201400009529;0;33;0;0;2;1;1;B02
201400009529;0;10;0;0;2;7;15;A01
201400009530;0;33;0;0;2;2;1;B02
201400009530;0;17;0;0;2;7;15;A01
201400009531;0;7;0;0;2;1;13;A01
201400009531;0;10;0;0;2;1;1;B02
201400009532;0;7;0;0;1;1;1;A01
201400009533;0;17;0;0;2;1;1;B02
201400009533;0;7;0;0;2;1;17;A01
201400009534;0;7;0;0;2;3;1;B02
201400009534;0;7;0;0;2;3;13;A01
201400009534;0;7;0;0;2;1;1;C03
201400009535;0;7;0;13;0;1;1;A01
201400009536;0;30;0;0;0;4;1;A01
201400009536;1;7;0;0;2;1;1;B02
201400009537;0;7;0;0;2;7;13;B02
201400009537;0;17;0;0;2;3;1;A01
201400009538;0;14;0;0;2;2;1;B02
201400009538;0;7;0;0;2;1;13;A01
201400009539;0;7;0;0;2;1;1;B02
201400009539;0;7;0;0;2;5;13;A01
201400009540;0;7;0;0;1;3;1;A01
201400009541;0;7;0;0;2;7;15;A01
201400009541;0;7;0;0;2;1;1;B02
201400009542;0;10;0;0;2;3;15;B02
201400009542;0;31;0;0;2;1;1;C03
201400009542;0;10;0;0;2;3;1;A01
201400009543;0;17;0;0;2;1;13;A01
201400009543;0;7;0;0;0;8;1;B02
201400009544;0;7;0;8;0;8;1;A01
201400009545;0;7;0;0;0;7;1;B02
201400009545;0;17;0;0;2;1;1;A01
201400009546;0;7;0;0;0;5;13;A01
201400009546;0;7;0;0;2;1;1;B02
201400009547;0;7;0;0;2;1;13;A01
201400009547;0;7;0;0;2;1;1;B02
201400009548;0;7;0;0;1;2;1;A01
201400009549;0;7;0;13;0;9;14;A01
201400009550;0;7;0;13;0;2;1;A01
201400009551;0;7;0;0;2;2;1;B02
201400009551;0;30;0;0;2;1;15;A01
201400009552;0;7;0;0;2;3;1;B02
201400009552;0;7;0;0;2;3;13;A01
201400009553;0;7;0;0;2;7;21;B02
201400009553;0;33;0;13;2;1;13;A01
201400009554;0;30;0;0;2;1;1;A01
201400009554;0;7;0;0;0;8;1;B02
201400009555;0;10;0;0;2;1;1;B02
201400009555;0;7;0;8;2;8;15;A01
201400009556;0;33;0;16;0;3;21;A01
201400009557;0;33;0;0;1;8;1;A01
201400009558;0;7;0;0;2;3;1;B02
201400009558;0;7;0;0;2;2;1;C03
201400009558;0;15;0;0;2;2;13;A01
201400009559;0;7;0;13;0;9;1;A01
201400009560;0;7;0;0;2;1;1;B02
201400009560;0;7;0;0;1;4;1;A01
201400009561;0;7;0;0;2;3;1;B02
201400009561;0;1;0;0;2;2;1;A01
201400009562;0;7;0;16;0;7;1;A01
201400009563;0;7;0;16;0;1;21;A01
201400009564;0;33;0;0;2;1;1;A01
201400009564;0;17;0;0;2;5;15;B02
201400009565;0;7;0;0;2;8;17;A01
201400009565;0;33;0;0;2;1;1;B02
201400009565;0;17;0;0;2;3;1;C03
201400009566;0;31;0;0;2;1;1;A01
201400009566;0;7;0;0;2;2;15;B02
201400009567;0;7;0;16;0;9;1;A01
201400009568;0;31;0;0;2;1;13;A01
201400009568;0;33;0;0;2;1;1;B02
201400009569;0;31;0;0;2;1;1;A01
201400009569;0;7;0;0;2;2;15;B02
201400009570;0;7;0;6;0;1;1;A01
201400009571;0;7;0;8;0;1;1;A01
201400009572;0;7;0;2;0;1;1;A01
201400009573;0;33;0;0;2;1;1;B02
201400009573;0;7;0;0;2;2;15;A01
201400009574;0;7;0;0;2;3;15;A01
201400009574;0;7;0;0;2;2;21;B02
201400009575;0;7;0;2;0;3;1;A01
201400009576;0;33;0;13;0;1;1;A01
201400009577;0;7;0;0;2;1;1;B02
201400009577;0;7;0;0;2;1;17;A01
201400009578;0;7;0;0;2;1;13;A01
201400009578;0;10;0;0;2;1;1;B02
201400009579;0;7;0;0;2;1;1;B02
201400009579;0;7;0;0;2;1;13;A01
201400009579;0;7;0;0;2;1;1;C03
201400009580;0;7;0;0;0;7;1;A01
201400009580;0;3;0;0;2;1;1;B02
201400009581;0;7;0;0;2;3;13;B02
201400009581;0;7;0;0;2;3;1;A01
201400009582;0;7;0;0;0;1;0;A01
201400009582;0;7;0;0;0;1;0;B02
201400009583;0;7;0;2;0;1;1;A01
201400009584;0;35;0;0;6;3;1;A01
201400009585;0;2;0;0;2;3;13;A01
201400009585;1;7;0;0;2;2;17;B02
201400009586;0;33;0;16;0;2;1;A01
201400009587;0;7;0;2;0;1;15;A01
201400009588;0;33;0;6;0;1;1;A01
201400009589;0;7;0;0;2;1;1;B02
201400009589;0;33;0;0;2;1;13;A01
201400009590;0;33;0;0;2;1;1;A01
201400009590;1;7;0;0;2;8;15;B02
201400009591;0;31;0;0;1;3;1;A01
201400009592;0;7;0;0;2;2;1;A01
201400009592;0;2;0;0;0;6;1;B02
201400009593;0;30;0;8;0;7;1;A01
201400009594;0;14;0;16;0;1;6;A01
201400009595;0;33;0;13;0;1;21;A01
201400009596;0;7;0;0;1;1;15;A01
201400009597;0;33;0;1;0;1;1;A01
201400009598;0;7;0;0;2;3;1;A01
201400009598;0;2;0;0;2;1;1;B02
201400009599;0;7;0;0;2;2;1;B02
201400009599;0;30;0;0;2;3;15;A01
201400009600;0;36;0;0;1;1;14;A01
201400009601;0;7;0;6;0;1;1;A01
201400009602;0;17;0;0;2;3;1;A01
201400009602;0;7;0;0;2;7;1;B02
201400009603;1;7;0;0;2;3;5;B02
201400009603;0;7;0;0;2;3;5;A01
201400009604;0;7;0;0;2;3;15;B02
201400009604;0;33;0;0;2;1;17;A01
201400009605;0;7;0;6;0;2;13;A01
201400009606;0;14;0;0;0;3;1;A01
201400009606;0;10;0;0;0;2;15;B02
201400009607;0;7;0;0;2;3;15;A01
201400009607;0;33;0;0;2;8;1;B02
201400009608;0;33;0;13;0;1;1;B02
201400009608;0;7;0;0;0;0;15;A01
201400009609;0;10;0;0;2;2;17;A01
201400009609;0;7;0;0;2;3;15;B02
201400009610;0;2;0;11;0;1;1;A01
201400009611;0;7;0;0;2;3;1;A01
201400009611;0;2;0;0;2;2;19;B02
201400009612;0;7;0;11;0;2;1;A01
201400009613;0;7;0;0;2;1;1;A01
201400009613;0;7;0;0;2;2;15;B02
201400009614;0;10;0;6;0;1;1;A01
201400009615;0;7;0;0;1;3;1;A01
201400009616;0;7;0;0;2;1;13;A01
201400009616;0;14;0;0;2;1;1;B02
201400009617;0;7;0;0;0;3;1;A02
201400009617;0;7;0;0;0;3;15;B01
201400009618;0;7;0;14;0;1;13;B02
201400009618;0;33;0;0;6;2;1;A01
201400009619;0;7;0;13;0;9;1;A01
201400009620;0;7;0;0;2;5;23;B02
201400009620;0;7;0;0;2;2;1;A01
201400009621;0;37;5;0;1;3;7;A01
201400009622;0;1;0;0;2;1;1;B02
201400009622;0;7;0;0;2;2;15;A01
201400009623;0;15;0;0;1;1;1;A01
201400009624;0;7;0;0;1;7;1;A01
201400009625;0;7;0;0;1;2;1;A01
201400009626;0;7;0;2;0;1;1;A01
201400009627;0;7;0;13;0;2;1;A01
201400009628;0;7;0;13;0;2;1;A01
201400009629;0;30;0;0;2;1;13;A01
201400009629;0;7;0;0;2;3;1;B02
201400009630;0;7;0;0;2;3;13;A01
201400009630;0;15;0;0;2;3;1;B02
201400009631;0;7;0;0;1;3;1;A01
201400009632;0;7;0;2;0;7;19;A01
201400009633;0;7;0;2;0;1;13;A01
201400009634;0;7;0;2;0;1;0;A01
201400009635;0;33;0;0;2;2;17;A01
201400009635;0;30;0;0;2;6;1;B02
201400009636;0;36;0;13;0;2;14;A01
201400009637;0;7;0;2;0;1;0;A01
201400009638;0;33;0;0;0;0;1;A01
201400009639;0;14;0;14;0;0;1;A01
201400009640;0;7;0;0;2;1;5;A01
201400009640;0;7;0;0;2;2;1;B02
201400009641;0;7;0;0;2;2;15;A01
201400009641;0;7;0;0;2;1;1;B02
201400009642;0;7;0;0;1;2;1;A01
201400009643;0;7;0;2;0;3;13;A01
201400009644;0;10;0;1;0;1;1;B02
201400009644;0;7;0;0;2;4;23;C03
201400009644;0;7;0;1;2;9;23;A01
201400009645;0;7;0;0;0;1;1;A01
201400009646;0;14;0;0;2;2;13;A01
201400009646;0;7;0;0;2;2;13;B02
201400009647;0;7;0;1;0;1;1;A01
201400009647;0;14;0;0;0;4;24;B02
201400009648;0;33;0;0;2;1;2;C03
201400009648;0;10;0;0;0;4;1;B02
201400009648;0;7;0;0;2;1;1;A01
201400009649;0;7;0;0;2;1;1;A01