num_acc;senc;catv;occutc;obs;obsm;choc;manv;num_veh
201400009649;0;7;0;0;2;1;0;B02
201400009650;0;7;0;0;2;7;5;A01
201400009650;0;7;0;0;2;1;1;B02
201400009651;0;10;0;0;2;7;1;A01
201400009651;0;7;0;0;2;1;1;B02
201400009652;0;14;0;0;2;2;19;A01
201400009652;0;7;0;0;2;3;1;B02
201400009653;0;1;0;0;2;5;1;B02
201400009653;0;31;0;0;2;3;1;A01
201400009654;0;33;0;0;2;7;19;A01
201400009654;0;7;0;0;2;1;1;B02
201400009655;0;7;0;0;2;1;19;A01
201400009655;0;7;0;0;2;1;1;B02
201400009656;0;7;0;0;2;1;13;A01
201400009656;0;7;0;0;2;1;1;B02
201400009657;0;7;0;0;1;1;1;A01
201400009658;0;7;0;0;2;8;1;B02
201400009658;0;7;0;0;2;1;1;A01
201400009659;0;7;0;0;2;6;2;C03
201400009659;0;7;0;0;2;3;17;A01
201400009659;0;33;0;0;2;1;2;B02
201400009660;0;7;0;6;0;1;1;A01
201400009661;0;7;0;0;1;2;1;A01
201400009662;0;7;0;0;1;7;13;A01
201400009663;0;7;0;2;0;1;13;A01
201400009664;0;7;0;0;2;1;1;A01
201400009664;0;7;0;0;2;8;9;B02
201400009665;0;31;0;8;0;2;1;A01
201400009666;0;7;0;0;2;5;9;B02
201400009666;0;7;0;0;2;1;0;A01
201400009667;0;7;0;0;2;1;9;B02
201400009667;0;14;0;0;2;1;1;A01
201400009668;0;31;0;0;0;1;1;A01
201400009669;0;10;0;0;2;6;23;B02
201400009669;0;33;0;0;2;1;1;A01
201400009670;0;7;0;0;2;1;1;B02
201400009670;0;30;0;0;2;7;15;A01
201400009671;0;7;0;0;2;3;1;B02
201400009671;0;10;0;0;2;3;13;A01
201400009672;0;1;0;0;2;4;2;A01
201400009672;0;7;0;0;9;1;2;B02
201400009673;0;14;0;0;2;5;17;A01
201400009673;0;30;0;0;2;3;13;B02
201400009674;0;7;0;0;2;1;15;A01
201400009674;0;7;0;0;2;1;1;B02
201400009675;0;10;0;0;2;8;16;B02
201400009675;0;33;0;0;2;1;1;A01
201400009676;0;2;0;0;2;1;1;B02
201400009676;0;7;0;0;2;7;15;A01
201400009677;0;7;0;0;1;6;4;A01
201400009678;0;7;0;6;0;3;21;A01
201400009679;0;7;0;0;1;7;1;A01
201400009680;0;7;0;2;0;8;0;A01
201400009681;0;7;0;0;2;1;1;B02
201400009681;0;7;0;0;2;1;17;A01
201400009682;0;14;0;0;0;7;0;A01
201400009682;0;31;0;0;0;6;0;B02
201400009683;0;7;0;0;0;1;1;B02
201400009683;0;7;0;0;0;5;19;A01
201400009684;0;7;0;2;0;7;13;A01
201400009685;0;7;0;8;0;1;1;A01
201400009686;0;30;0;0;0;1;1;A01
201400009687;0;7;0;0;1;3;1;A01
201400009688;0;7;0;0;0;1;1;A01
201400009689;0;7;0;0;2;1;1;B02
201400009689;0;7;0;0;2;7;13;A01
201400009690;0;31;0;0;2;1;1;B02
201400009690;0;7;0;0;0;6;19;A01
201400009691;0;30;0;0;2;1;15;A01
201400009691;0;7;0;0;2;2;1;C03
201400009691;0;7;0;0;2;1;1;B02
201400009692;0;10;0;0;0;2;1;A01
201400009693;0;7;0;2;0;2;1;A01
201400009694;0;7;0;0;2;3;1;B02
201400009694;0;7;0;0;2;2;1;A01
201400009695;0;33;0;0;0;0;0;A01
201400009696;0;1;0;0;2;3;16;B02
201400009696;0;7;0;0;2;2;1;A01
201400009697;0;3;0;0;2;3;15;A01
201400009697;0;33;0;0;2;1;1;B02
201400009698;0;36;0;15;2;2;1;A01
201400009699;0;10;0;0;0;8;15;A01
201400009699;0;7;0;0;2;1;1;B02
201400009700;0;7;0;0;0;8;15;B02
201400009700;0;2;0;0;2;1;17;A01
201400009701;0;7;0;0;1;2;1;A01
201400009702;0;7;0;0;2;1;11;A01
201400009702;0;31;0;0;2;1;1;B02
201400009703;0;7;0;0;0;2;1;A01
201400009703;0;15;0;0;0;3;1;B02
201400009704;0;7;0;0;2;3;1;A01
201400009704;0;17;0;0;2;8;1;B02
201400009705;0;99;0;0;0;0;0;A01
201400009706;0;30;0;0;2;3;11;B02
201400009706;0;7;0;0;2;2;1;A01
201400009707;0;33;0;0;0;1;5;A01
201400009708;0;14;0;0;2;3;1;B02
201400009708;0;10;0;0;2;3;1;A01
201400009709;0;1;0;0;0;4;1;C03
201400009709;0;7;0;0;1;1;1;A01
201400009709;0;1;0;0;2;4;1;B02
201400009710;0;30;0;1;0;1;0;A01
201400009711;0;15;0;0;1;1;2;A01
201400009712;0;7;0;0;2;1;5;A01
201400009712;0;7;0;0;2;1;1;B02
201400009713;0;7;0;0;2;1;1;A01
201400009713;0;7;0;0;2;8;1;B02
201400009714;0;33;0;0;0;0;1;A01
201400009715;1;99;0;0;1;3;0;B02
201400009716;0;33;0;0;2;1;1;B02
201400009716;0;7;0;0;0;6;9;A01
201400009717;0;7;0;0;2;1;1;B02
201400009717;0;7;0;0;2;1;1;A01
201400009718;0;7;0;8;0;3;13;A01
201400009719;0;7;0;0;2;4;1;C03
201400009719;0;7;0;0;2;4;1;B02
201400009719;0;7;0;0;2;1;1;A01
201400009720;0;10;0;0;2;2;1;B02
201400009720;0;7;0;0;2;1;1;A01
201400009721;0;7;0;2;0;0;13;A01
201400009722;0;7;0;1;0;1;1;A01
201400009722;0;30;0;0;2;4;23;B02
201400009723;0;1;0;0;2;1;1;B02
201400009723;1;7;0;0;2;2;1;A01
201400009724;0;7;0;0;0;3;0;D04
201400009724;0;7;0;0;0;1;0;C03
201400009724;0;7;0;0;0;1;0;A01
201400009724;0;7;0;0;0;1;0;B02
201400009725;0;33;0;0;0;0;1;A01
201400009726;0;7;0;2;0;2;0;A01
201400009727;0;33;0;16;0;0;1;A01
201400009728;0;7;0;0;2;3;1;B02
201400009728;0;7;0;0;2;3;11;A01
201400009729;0;7;0;0;2;3;1;A01
201400009729;0;7;0;0;2;2;21;C03
201400009729;0;7;0;0;2;1;21;B02
201400009730;0;33;0;0;2;1;1;A01
201400009730;0;1;0;0;0;8;19;B02
201400009731;0;33;0;3;0;7;1;A01
201400009732;0;30;0;5;0;2;1;A01
201400009733;0;14;0;0;2;1;0;C03
201400009733;0;7;0;0;2;1;1;A01
201400009733;0;7;0;0;2;4;1;B02
201400009734;0;7;0;13;0;1;1;A01
201400009735;0;37;0;0;2;1;5;B02
201400009735;0;7;0;0;2;8;23;A01
201400009736;0;14;0;13;0;1;1;A01
201400009737;0;7;0;1;0;1;1;B02
201400009737;0;7;0;0;2;4;23;A01
201400009738;0;7;0;13;0;3;1;A01
201400009739;0;7;0;0;0;5;1;A01
201400009740;2;7;0;0;2;1;17;A01
201400009740;0;7;0;0;0;3;15;B02
201400009741;0;7;0;0;2;1;5;A01
201400009741;0;7;0;0;2;2;5;B02
201400009742;0;7;0;2;0;2;0;A01
201400009743;0;7;0;8;0;1;1;A01
201400009743;0;7;0;0;2;7;15;B02
201400009744;0;7;0;0;2;3;13;A01
201400009744;0;7;0;0;2;3;1;B02
201400009745;0;7;0;0;2;1;0;B02
201400009745;0;14;0;0;2;2;15;A01
201400009746;0;7;0;8;6;1;1;A01
201400009747;0;7;0;13;0;2;2;A01
201400009748;0;7;0;0;2;1;1;B02
201400009748;0;7;0;0;0;7;19;A01
201400009749;0;7;0;0;2;1;0;A01
201400009749;0;7;0;0;2;1;20;B02
201400009750;0;33;0;2;0;1;1;A01
201400009751;0;30;0;8;0;1;1;A01
201400009752;0;30;0;0;2;7;21;A01
201400009752;0;7;0;0;2;3;23;B02
201400009753;0;7;0;16;0;1;1;A01
201400009754;0;7;0;0;2;1;5;A01
201400009754;0;7;0;0;2;1;1;B02
201400009755;0;7;0;0;1;1;1;A01
201400009756;0;7;0;0;2;7;2;A01
201400009756;0;1;0;0;2;3;13;B02
201400009757;0;7;0;0;2;7;2;A01
201400009757;0;1;0;0;2;8;15;B02
201400009758;0;7;0;0;1;8;1;A01
201400009759;0;7;0;0;2;2;13;A01
201400009759;0;7;0;0;2;2;1;B02
201400009760;0;10;0;0;2;3;13;A01
201400009760;0;7;0;0;2;3;1;B02
201400009761;0;7;0;2;0;3;13;A01
201400009762;0;10;0;13;0;2;1;A01
201400009763;0;7;0;13;0;1;1;A01
201400009764;0;7;0;0;1;2;1;A01
201400009765;0;33;0;0;2;1;1;A01
201400009765;0;20;0;0;2;2;1;B02
201400009766;0;99;0;16;1;9;1;A01
201400009767;0;7;0;0;2;5;13;A01
201400009767;0;7;0;0;2;1;1;B02
201400009768;0;7;0;0;2;3;1;B02
201400009768;0;7;0;0;2;3;13;A01
201400009769;0;7;0;0;1;2;1;A01
201400009770;0;1;0;0;2;1;1;B02
201400009770;0;7;0;0;2;2;13;A01
201400009771;0;7;0;6;0;2;1;A01
201400009772;0;7;0;13;0;2;1;A01
201400009773;0;7;0;16;0;9;13;A01
201400009774;0;7;0;0;2;5;17;A01
201400009774;0;17;0;0;2;3;1;B02
201400009774;0;14;0;0;2;6;1;C03
201400009775;0;1;0;0;2;1;1;A01
201400009776;0;7;0;0;1;2;1;A01
201400009777;0;7;0;0;1;2;1;A01
201400009778;0;10;0;0;1;2;1;A01
201400009779;0;7;0;13;0;3;13;A01
201400009780;0;33;0;0;2;1;1;B02
201400009780;0;21;0;0;2;6;16;A01
201400009781;0;10;0;2;0;1;21;A01
201400009782;0;7;0;0;2;8;19;B02
201400009782;0;7;0;0;2;3;1;A01
201400009783;0;7;0;13;0;1;1;A01
201400009784;0;7;0;0;2;3;13;A01
201400009784;0;7;0;0;2;6;1;B02
201400009785;0;7;0;0;2;3;15;A01
201400009785;0;10;0;0;2;1;17;B02
201400009786;0;30;0;0;2;1;1;A01
201400009786;0;2;0;0;2;4;1;B02
201400009787;0;30;0;14;0;8;15;A01
201400009788;0;7;0;0;2;3;2;A01
201400009788;0;2;0;0;2;4;15;B02
201400009789;0;2;0;0;0;8;1;A01
201400009790;0;36;0;13;0;1;0;A01
201400009791;0;2;0;14;0;2;1;A01
201400009792;0;7;0;0;2;7;10;A01
201400009792;0;7;0;0;2;1;1;B02
201400009793;0;7;0;0;2;3;1;B02
201400009793;0;17;0;0;2;1;19;A01
201400009794;0;10;0;0;1;3;15;A01
201400009795;0;10;0;13;0;1;1;A01
201400009796;0;7;0;0;2;3;1;B02
201400009796;0;7;0;0;2;3;13;A01
201400009797;0;13;0;0;0;9;1;A01
201400009798;0;30;0;3;0;8;1;A01
201400009799;0;10;0;2;0;1;1;A01
201400009800;0;7;0;0;1;7;1;A01
201400009801;0;7;0;0;1;2;1;A01
201400009802;0;7;0;0;2;3;15;A01
201400009802;0;7;0;0;2;2;1;B02
201400009803;0;7;0;0;2;1;15;A01
201400009803;0;10;0;0;2;1;1;B02
201400009804;0;7;0;0;2;8;19;B02
201400009804;0;7;0;0;2;1;21;A01
201400009805;2;7;0;2;0;1;1;A01
201400009806;0;7;0;0;2;1;13;A01
201400009806;0;17;0;0;2;1;1;B02
201400009807;0;7;0;0;2;3;19;B02
201400009807;0;14;0;0;2;2;1;A01
201400009808;0;2;0;8;0;1;1;A01
201400009809;0;7;0;0;2;2;17;A01
201400009809;0;30;0;0;2;1;1;B02
201400009810;0;2;0;6;0;8;1;A01
201400009811;0;33;0;0;0;0;1;A01
201400009812;0;7;0;6;0;1;13;A01
201400009813;0;1;0;0;2;8;19;A02
201400009813;0;14;0;0;2;2;21;B01
201400009814;0;7;0;0;2;8;1;B02
201400009814;0;31;0;0;2;1;17;A01
201400009815;0;7;0;0;2;3;1;A01
201400009815;0;7;0;0;2;3;1;B02
201400009816;0;7;0;1;0;1;13;A01
201400009817;0;7;0;0;2;2;1;B02
201400009817;0;1;0;0;2;1;15;A01
201400009818;0;31;0;13;0;8;1;A01
201400009819;0;33;0;8;0;5;1;A01
201400009820;0;30;0;0;0;3;1;A01
201400009821;0;17;0;0;9;7;17;A01
201400009821;0;1;0;0;2;0;1;B02
201400009822;0;7;0;0;2;2;15;B02
201400009822;0;33;0;0;2;2;5;A01
201400009823;0;7;0;16;0;1;14;A01
201400009824;0;7;0;1;0;1;2;A01
201400009825;0;7;0;0;2;7;13;C03
201400009825;0;7;0;0;2;3;13;A01
201400009825;0;7;0;0;2;2;1;B02
201400009826;0;14;0;0;0;9;1;A01
201400009827;0;7;0;0;2;3;15;A01
201400009827;0;31;0;0;2;1;1;B02
201400009828;0;30;0;6;0;8;1;A01
201400009829;0;7;0;0;2;3;15;A01
201400009829;0;7;0;0;2;3;1;B02
201400009830;0;7;0;2;0;1;1;A01
201400009831;0;33;0;13;0;1;1;A01
201400009832;0;1;0;0;2;3;15;B02
201400009832;0;10;0;0;2;2;17;A01
201400009833;0;7;0;0;2;3;13;A01
201400009833;0;7;0;0;2;2;21;B02
201400009834;0;7;0;0;2;1;17;A01
201400009834;0;7;0;0;2;8;15;B02
201400009835;0;33;0;0;2;1;17;B02
201400009835;0;7;0;0;2;6;17;A01
201400009836;0;7;0;0;0;9;1;A01
201400009837;0;33;0;0;0;1;1;B02
201400009837;0;10;0;0;0;8;19;A01
201400009838;0;10;0;0;2;3;1;B02
201400009838;0;7;0;0;2;3;13;A01
201400009839;0;17;0;2;0;3;14;A01
201400009840;0;7;0;10;0;2;14;A01
201400009841;0;36;0;13;0;9;16;A01
201400009842;0;7;0;0;2;1;1;A01
201400009842;0;7;0;0;2;8;19;B02
201400009843;0;7;0;0;2;3;11;A01
201400009843;0;33;0;0;2;1;1;B02
201400009844;0;7;0;0;1;2;1;A01
201400009845;0;37;5;0;2;3;1;B02
201400009845;0;2;0;0;2;1;5;A01
201400009846;0;7;0;0;2;1;1;A01
201400009846;0;7;0;0;2;8;15;B02
201400009847;0;7;0;0;2;4;23;D04
201400009847;0;7;0;0;2;9;23;C03
201400009847;0;7;0;0;2;9;23;B02
201400009847;0;7;0;0;2;1;1;A01
201400009848;0;7;0;0;2;3;1;B02
201400009848;0;31;0;0;2;1;1;A01
201400009849;0;7;0;0;2;3;1;B02
201400009849;0;33;0;0;2;3;17;A01
201400009850;0;7;0;0;2;7;19;A01
201400009850;0;7;0;0;2;1;1;B02
201400009851;0;7;0;6;0;1;5;A01
201400009852;0;7;0;0;2;9;17;A01
201400009853;0;7;0;13;0;1;1;A01
201400009854;0;7;0;10;0;1;1;A01
201400009855;0;31;0;0;2;1;1;A01
201400009855;0;7;0;0;2;7;19;B02
201400009856;0;7;0;0;2;2;15;A01
201400009856;0;7;0;0;2;1;1;B02
201400009857;0;15;0;3;0;3;13;A01
201400009858;0;7;0;6;0;2;14;A01
201400009859;0;33;0;0;0;8;1;A01
201400009860;0;7;0;0;2;3;15;A01
201400009860;0;2;0;0;2;8;1;B02
201400009861;0;7;0;0;2;3;1;B02
201400009861;0;7;0;0;2;3;0;A01
201400009862;0;7;0;13;0;2;1;A01
201400009863;0;7;0;0;5;8;21;A01
201400009863;0;1;0;0;2;0;1;B02
201400009863;0;1;0;0;2;0;1;C03
201400009864;0;7;0;0;2;2;11;B02
201400009864;0;7;0;0;2;1;1;A01
201400009865;0;7;0;16;0;9;13;A01
201400009866;0;7;0;0;2;3;15;B02
201400009866;0;33;0;0;2;1;1;A01
201400009867;0;7;0;0;2;7;1;B02
201400009867;0;1;0;0;2;1;19;A01
201400009868;0;36;0;6;0;1;16;A01
201400009869;0;7;0;0;2;2;15;A01
201400009869;0;34;0;0;2;1;1;B02
201400009870;0;33;0;0;0;9;1;C03
201400009870;0;33;0;0;2;1;1;A01
201400009870;0;33;0;0;0;9;1;D04
201400009870;0;13;0;0;2;5;15;B02
201400009871;0;30;0;0;0;0;15;A01
201400009872;0;7;0;0;2;3;1;B02
201400009872;0;21;0;0;2;3;1;A01
201400009873;0;7;0;16;0;0;1;A01
201400009874;0;7;0;0;1;3;1;A01
201400009875;0;7;0;0;2;2;13;A01
201400009875;0;7;0;0;2;2;0;B02
201400009876;0;30;0;0;2;6;13;A01
201400009876;0;7;0;0;2;2;17;B02
201400009877;0;7;0;6;0;6;19;A01
201400009878;0;33;0;13;0;1;14;A01
201400009879;0;33;0;13;0;2;15;A01
201400009880;0;1;0;0;2;1;9;A01
201400009880;0;7;0;0;2;1;17;B02
201400009881;0;7;0;0;9;1;2;A01
201400009881;0;14;0;6;0;4;2;B02
201400009882;0;7;0;0;0;5;15;A01
201400009882;0;33;0;0;2;1;1;B02
201400009883;0;7;0;0;2;8;15;B02
201400009883;0;31;0;0;2;1;17;A01
201400009884;0;7;0;0;2;3;13;A01
201400009884;0;7;0;0;2;3;1;B02
201400009885;0;7;0;0;6;1;1;A01
201400009886;0;7;0;0;2;1;1;A01
201400009887;0;14;0;0;0;3;1;B02
201400009887;0;7;0;0;0;3;1;A01
201400009888;0;7;0;0;2;2;13;A01
201400009888;0;7;0;0;2;1;1;B02
201400009889;0;7;0;13;0;0;1;A01
201400009890;0;30;0;0;2;5;15;A01
201400009890;0;99;0;0;2;5;15;B02
201400009891;0;33;0;0;2;1;13;A01
201400009891;0;7;0;0;2;1;0;B02
201400009892;0;7;0;0;2;8;17;A01
201400009892;0;7;0;6;0;8;1;B02
201400009893;0;7;0;0;1;1;1;A01
201400009894;0;7;0;0;1;2;1;A01
201400009895;0;30;0;6;0;1;1;A01
201400009896;0;10;0;0;2;1;5;A01
201400009896;0;15;0;0;2;3;5;B02
201400009897;0;7;0;0;2;1;1;D04
201400009897;0;38;2;0;2;3;1;B02
201400009897;0;7;0;0;2;1;1;C03
201400009897;0;7;0;0;2;3;13;A01
201400009898;0;7;0;13;0;1;1;A01
201400009899;0;31;0;0;0;0;0;B02
201400009899;0;14;0;0;0;0;0;A01
201400009900;0;33;0;0;0;1;19;A01
201400009901;0;33;0;8;0;8;17;A01
201400009902;0;7;0;0;2;1;1;B02
201400009902;0;7;0;0;2;1;17;A01
201400009903;0;7;0;13;2;1;1;A01
201400009903;0;7;0;0;2;4;23;B02
201400009904;0;33;0;0;5;1;1;A01
201400009905;0;7;0;0;0;0;1;A01
201400009906;0;7;0;13;0;9;1;A01
201400009907;0;7;0;0;2;1;1;A01
201400009907;0;7;0;0;2;5;19;B02
201400009908;0;1;0;0;0;4;15;B02
201400009908;0;7;0;0;2;2;15;A01
201400009909;0;7;0;0;0;9;1;A01
201400009910;0;7;0;8;0;2;1;A01
201400009911;0;7;0;0;2;1;13;A01
201400009911;0;7;0;0;2;1;1;C03
201400009911;0;30;0;0;0;0;1;B02
201400009912;0;7;0;0;0;0;0;A01
201400009913;0;14;0;0;2;2;1;B02
201400009913;0;35;0;0;2;1;11;A01
201400009914;0;7;0;0;1;8;1;A01
201400009915;0;7;0;0;1;3;15;A01
201400009916;0;7;0;0;2;3;13;A01
201400009916;0;17;0;0;2;3;1;B02
201400009917;0;10;0;0;2;3;15;A01
201400009917;0;33;0;0;2;2;17;B02
201400009918;0;7;0;0;2;1;1;B02
201400009918;0;7;0;0;2;8;15;A01
201400009919;0;10;0;16;0;9;1;A01
201400009920;0;7;0;13;0;1;1;A01
201400009921;0;99;0;0;2;8;13;A01
201400009921;0;7;0;0;2;7;17;B02
201400009922;0;7;0;0;0;2;14;A01
201400009923;0;30;0;0;9;1;1;A01
201400009923;0;1;0;0;9;2;9;B02
201400009924;0;33;0;0;2;7;1;B02
201400009924;0;7;0;0;2;3;19;A01
201400009925;0;7;0;0;1;3;1;A01
201400009926;0;7;0;0;1;1;1;A01
201400009927;0;33;0;0;0;2;1;A01
201400009928;0;7;0;8;0;1;1;A01
201400009929;0;10;0;0;2;4;2;B02
201400009929;0;7;0;0;2;1;2;A01
201400009930;0;17;0;0;1;1;1;A01
201400009931;0;7;0;0;2;3;1;B02
201400009931;0;31;0;0;2;8;13;A01
201400009932;0;7;0;0;1;2;1;A01
201400009933;0;33;0;0;0;0;1;A01
201400009934;0;7;0;0;2;3;23;C03
201400009934;0;7;0;0;2;2;9;B02
201400009934;0;7;0;7;2;3;1;A01
201400009935;0;7;0;0;2;2;2;B02
201400009935;0;33;0;0;2;8;23;A01
201400009936;0;7;0;0;1;3;1;A01
201400009937;0;16;0;0;1;2;0;A01
201400009938;0;1;0;0;2;1;17;B02
201400009938;0;1;0;0;2;4;1;A01
201400009939;0;1;0;0;2;3;1;A01
201400009939;0;7;0;0;2;3;9;B02
201400009940;0;7;0;0;2;7;19;A01
201400009940;0;30;0;0;2;1;0;B02
201400009941;0;7;0;0;0;9;17;A01
201400009942;0;99;0;0;0;0;1;A01
201400009943;0;7;0;0;2;6;15;A01
201400009943;0;38;1;0;2;3;1;B02
201400009944;0;7;0;13;0;1;6;A01
201400009945;0;30;0;0;0;8;1;A01
201400009946;0;7;0;0;2;3;1;B02
201400009946;0;7;0;0;2;3;13;A01
201400009947;0;7;0;0;2;1;1;A01
201400009947;0;7;0;0;2;1;1;B02
201400009948;0;7;0;13;0;2;14;A01
201400009949;0;7;0;10;0;3;1;A01
201400009950;0;7;0;0;2;1;1;C03
201400009950;0;30;0;0;2;7;1;A01
201400009950;0;7;0;0;2;1;15;B02
201400009951;0;7;0;0;2;1;1;B02
201400009951;0;7;0;0;2;7;15;A01
201400009952;0;7;0;15;0;1;14;A01
201400009953;0;2;0;13;0;1;1;A01
201400009954;0;33;0;0;2;1;2;A01
201400009954;0;7;0;0;0;6;1;B02
201400009955;0;7;0;0;2;3;1;B02
201400009955;0;7;0;0;2;2;5;A01
201400009956;0;7;0;0;1;3;1;A01
201400009957;0;30;0;4;0;7;5;A01
201400009958;0;7;0;0;2;3;13;A01
201400009958;0;7;0;0;2;7;16;B02
201400009959;0;7;0;0;2;5;15;A01
201400009959;0;33;0;0;2;1;1;B02
201400009960;0;10;0;0;0;4;23;A01
201400009960;0;30;0;1;0;1;1;B02
201400009961;0;7;0;1;0;3;1;A01
201400009961;0;7;0;0;0;1;24;B02
201400009962;0;7;0;0;1;2;1;A01
201400009963;0;7;0;0;1;1;1;A01
201400009964;0;7;0;0;0;3;9;A01
201400009964;0;1;0;0;0;7;1;B02
201400009965;0;7;0;0;2;2;1;A01
201400009965;0;31;0;0;2;1;1;B02
201400009966;0;33;0;12;0;7;9;A01
201400009967;0;7;0;0;2;3;15;B02
201400009967;0;10;0;0;2;1;1;A01
201400009968;0;7;0;0;9;3;15;A01
201400009968;0;31;0;0;2;1;1;B02
201400009969;0;7;0;0;2;3;13;A01
201400009969;0;7;0;0;2;3;21;B02
201400009970;0;36;0;13;0;3;1;A01
201400009971;0;7;0;6;0;1;1;A01
201400009972;0;14;0;2;0;1;0;A01
201400009973;0;7;0;2;0;4;21;A01
201400009974;0;2;0;0;2;7;17;A01
201400009974;0;7;0;0;2;8;1;B02
201400009975;0;1;0;0;2;4;1;A01
201400009975;0;10;0;0;9;2;1;B02
201400009976;0;7;0;0;0;0;1;A01
201400009977;0;7;0;0;2;3;1;A01
201400009977;0;31;0;0;2;1;5;B02
201400009978;0;7;0;0;1;3;1;A01
201400009979;0;10;0;0;2;1;1;A01
201400009979;0;2;0;0;2;7;1;B02
201400009980;0;7;0;0;1;3;1;A01
201400009981;0;7;0;0;1;3;15;B02
201400009982;0;7;0;0;2;2;16;A01
201400009982;0;33;0;0;2;8;1;B02
201400009983;0;7;0;0;2;2;13;A01
201400009983;0;7;0;0;2;3;1;B02
201400009984;0;7;0;0;9;3;1;A01
201400009984;0;1;0;0;0;5;0;B02
201400009985;0;10;0;0;1;2;1;A01
201400009986;0;33;0;8;0;1;2;A01
201400009987;0;31;0;0;2;1;1;A01
201400009987;1;7;0;0;2;3;1;B02
201400009988;0;10;0;0;2;1;0;B02
201400009988;0;7;0;0;2;3;15;A01
201400009989;0;33;0;0;2;1;1;A01
201400009989;0;7;0;0;2;7;15;B02
201400009990;0;7;0;0;9;2;1;A01
201400009990;0;1;0;0;2;3;19;B02
201400009991;0;33;0;15;0;1;1;A01
201400009992;0;7;0;0;2;3;9;A01
201400009992;0;33;0;0;2;7;1;B02
201400009993;0;33;0;0;2;1;17;A01
201400009993;0;7;0;0;2;3;1;B02
201400009994;0;7;0;2;0;3;13;A01
201400009995;0;7;0;0;2;1;13;A01
201400009995;0;7;0;0;2;1;1;B02
201400009996;0;7;0;2;0;2;1;A01
201400009997;0;7;0;0;0;6;15;A01
201400009997;0;33;0;0;0;2;1;B02
201400009998;0;7;0;0;2;3;1;B02
201400009998;0;7;0;0;2;3;19;A01
201400009999;0;1;0;0;0;7;1;A01
201400010000;0;7;0;0;2;1;1;A01
201400010001;0;34;0;0;2;1;1;A01
201400010001;0;7;0;0;2;4;1;B01
201400010002;0;7;0;0;2;2;15;A01
201400010002;0;30;0;0;2;1;1;B01
201400010003;0;7;0;0;1;2;1;A01
201400010004;0;7;0;8;0;3;0;A01
201400010005;0;1;0;0;1;0;0;A01
201400010006;0;7;0;0;1;2;1;A01
201400010007;0;32;0;0;2;1;1;B01
201400010007;0;7;0;0;2;7;15;A01
201400010008;0;7;0;0;1;2;1;A01
201400010009;0;7;0;0;1;1;0;A01
201400010010;0;7;0;0;1;1;1;A01
201400010011;0;30;0;0;2;1;1;A01
201400010011;0;7;0;0;2;2;0;B01
201400010012;0;7;0;6;0;2;21;A01
201400010013;0;31;0;0;2;1;2;A01
201400010013;0;2;0;0;2;8;15;B01
201400010014;1;7;0;0;1;1;0;Z01
201400010015;0;2;0;0;2;1;2;A01
201400010015;0;7;0;0;0;6;23;B01
201400010016;0;33;0;0;0;1;2;A01
201400010016;0;7;0;0;0;6;15;B01
201400010017;0;7;0;0;1;8;1;A01
201400010018;0;7;0;0;2;1;2;C01
201400010018;0;7;0;16;0;1;5;A01
201400010018;0;7;0;0;2;1;0;B01
201400010019;0;7;0;8;0;1;15;A01
201400010020;0;30;0;0;2;1;2;A01
201400010020;0;7;0;0;2;6;2;B01
201400010021;0;7;0;0;2;1;2;A01
201400010021;0;7;0;0;2;1;2;B01
201400010021;0;7;0;0;0;4;2;C01
201400010022;0;34;0;0;2;7;17;A01
201400010022;0;7;0;0;2;3;15;B01
201400010023;0;7;0;0;1;1;1;A01
201400010024;0;7;0;0;1;2;1;A01
201400010025;0;7;0;0;2;1;1;A01
201400010025;0;10;0;0;0;4;1;B01
201400010026;0;2;0;0;0;0;16;A01
201400010026;0;7;0;0;0;0;19;B01
201400010027;0;7;0;0;2;1;1;A01
201400010027;0;7;0;0;2;4;1;B01
201400010028;0;34;0;0;2;1;17;A01
201400010028;0;7;0;0;2;3;15;B01
201400010029;0;3;0;0;2;8;0;B01
201400010029;0;32;0;0;2;0;0;A01
201400010030;0;7;0;0;0;6;4;A01
201400010030;0;7;0;0;0;1;2;B01
201400010031;0;7;0;0;0;6;15;B01
201400010031;0;33;0;0;2;1;2;A01
201400010032;0;2;0;0;2;7;2;A01
201400010032;0;7;0;0;2;2;9;B01
201400010033;0;7;0;0;0;2;9;A01
201400010033;0;33;0;0;0;3;2;B01
201400010034;0;7;0;0;0;0;0;A01
201400010035;0;7;0;0;1;2;17;A01
201400010036;0;7;0;0;2;3;9;A01
201400010036;0;32;0;0;0;5;2;B01
201400010037;0;33;0;8;0;1;21;A01
201400010038;0;7;0;0;0;4;1;B01
201400010038;0;32;0;0;2;1;17;A01
201400010039;0;30;0;0;2;1;1;A01
201400010039;0;7;0;0;0;6;2;B01
201400010040;0;7;0;0;2;4;1;B01
201400010040;0;7;0;0;2;1;1;A01
201400010040;0;7;0;0;0;4;15;C01
201400010041;0;7;0;0;1;6;20;A01
201400010042;0;7;0;0;0;5;2;B01
201400010042;0;33;0;0;2;1;2;A01
201400010043;0;7;0;0;2;1;1;A01
201400010043;0;3;0;0;2;3;9;B01
201400010044;0;10;0;0;2;8;9;B01