num_acc;senc;catv;occutc;obs;obsm;choc;manv;num_veh
201400010044;0;32;0;0;2;1;1;A01
201400010045;0;30;0;2;0;1;0;A01
201400010046;0;7;0;0;0;0;0;A01
201400010046;0;1;0;0;0;0;0;B01
201400010047;0;7;0;0;2;3;15;A01
201400010047;0;7;0;0;2;3;1;B01
201400010047;0;7;0;0;2;1;1;C01
201400010048;0;7;0;0;0;1;15;A01
201400010048;0;33;0;0;0;8;1;B01
201400010049;0;33;0;0;2;1;2;A01
201400010049;0;30;0;0;0;4;2;B01
201400010050;0;7;0;0;2;3;2;B01
201400010050;0;2;0;0;2;2;1;A01
201400010051;0;7;0;0;1;1;1;A01
201400010052;0;7;0;0;2;7;1;A01
201400010052;0;32;0;0;2;8;1;B01
201400010053;0;7;0;0;2;8;15;B01
201400010053;0;33;0;0;2;1;1;A01
201400010054;0;7;0;15;2;1;1;A01
201400010054;0;7;0;0;2;8;1;B01
201400010055;0;7;0;0;0;3;15;B01
201400010055;0;2;0;0;0;3;17;A01
201400010056;0;30;0;0;0;0;0;B01
201400010056;0;7;0;0;2;0;0;A01
201400010057;0;34;0;0;2;1;1;B01
201400010057;1;7;0;;;;;Z01
201400010058;0;7;0;3;0;2;1;A01
201400010059;0;7;0;0;2;1;0;A01
201400010059;0;7;0;0;2;3;0;B01
201400010060;0;7;0;15;0;9;0;A01
201400010061;0;7;0;0;2;6;0;B01
201400010061;0;30;0;0;2;1;1;A01
201400010062;0;33;0;0;2;0;0;B01
201400010062;0;7;0;0;2;6;15;A01
201400010063;0;33;0;0;2;1;1;B01
201400010063;0;7;0;0;2;4;11;A01
201400010064;0;7;0;0;2;3;13;A01
201400010064;0;32;0;0;2;1;1;B01
201400010065;0;10;0;0;1;1;15;A01
201400010066;1;7;0;0;0;8;0;A01
201400010066;0;34;0;0;0;7;0;B01
201400010067;0;7;0;0;0;2;1;A01
201400010068;0;33;0;0;1;2;1;A01
201400010069;0;1;0;0;2;1;1;B01
201400010069;0;7;0;0;0;5;15;A01
201400010070;0;7;0;0;0;6;15;B01
201400010070;0;33;0;0;2;1;17;A01
201400010071;0;7;0;0;2;3;15;A01
201400010071;0;1;0;0;2;1;15;B01
201400010072;1;7;0;0;9;0;14;Z01
201400010072;0;1;0;0;0;0;21;B01
201400010073;0;7;0;15;0;1;0;A01
201400010074;0;34;0;1;1;1;1;A01
201400010075;1;7;0;0;2;1;0;Z01
201400010075;0;7;0;0;2;7;0;B01
201400010076;0;30;0;0;0;1;0;B01
201400010076;0;7;0;0;2;3;0;A01
201400010077;0;7;0;3;0;7;1;A01
201400010078;1;7;0;0;1;2;16;A01
201400010079;0;7;0;0;0;1;9;A01
201400010079;0;30;0;0;0;2;1;B01
201400010080;0;7;0;0;0;2;15;A01
201400010080;0;31;0;0;0;1;1;B01
201400010081;0;33;0;0;0;1;1;B01
201400010081;0;10;0;0;0;4;4;A01
201400010082;0;7;0;12;0;9;1;A01
201400010082;0;1;0;0;0;0;23;B01
201400010083;0;7;0;0;2;1;19;A01
201400010083;0;7;0;12;0;2;9;B01
201400010084;0;30;0;0;2;1;0;B01
201400010084;0;7;0;0;2;6;4;A01
201400010085;0;31;0;0;1;1;17;A01
201400010086;0;33;0;0;1;2;0;A01
201400010087;0;7;0;0;2;5;9;A01
201400010087;0;34;0;0;2;1;1;B01
201400010088;0;31;0;0;2;1;2;A01
201400010088;0;7;0;0;0;2;9;B01
201400010088;0;7;0;0;0;8;2;C01
201400010089;0;7;0;8;0;1;1;B01
201400010089;1;7;0;0;0;2;13;A01
201400010090;0;7;0;0;2;1;0;A01
201400010090;0;7;0;0;2;8;0;B01
201400010091;0;2;0;0;0;0;0;B01
201400010091;0;7;0;0;0;0;0;A01
201400010092;0;31;0;15;0;5;1;A01
201400010093;0;7;0;0;2;3;1;B01
201400010093;0;32;0;0;2;1;1;A01
201400010094;1;99;0;0;1;0;0;Z01
201400010095;0;7;0;0;2;2;13;A01
201400010095;0;34;0;0;2;1;1;B01
201400010096;0;7;0;0;1;1;1;A01
201400010097;0;7;0;0;1;4;0;B01
201400010097;0;7;0;0;2;1;0;A01
201400010098;0;34;0;0;2;1;0;B01
201400010098;0;7;0;0;2;1;0;A01
201400010099;0;7;0;0;1;6;20;A01
201400010100;0;32;0;0;2;8;1;B01
201400010100;0;7;0;0;2;1;15;A01
201400010101;0;33;0;0;0;0;1;A01
201400010102;0;1;0;0;2;8;1;B01
201400010102;0;7;0;0;2;2;16;A01
201400010103;0;32;0;0;2;7;17;A01
201400010103;0;7;0;0;0;8;15;B01
201400010104;0;7;0;0;0;3;15;B01
201400010104;0;2;0;0;2;1;17;A01
201400010105;0;7;0;0;2;8;15;A01
201400010105;0;30;0;0;2;2;17;B01
201400010106;0;7;0;0;2;8;9;A01
201400010106;0;32;0;0;2;1;1;B01
201400010107;0;31;0;0;2;0;0;A01
201400010107;1;7;0;0;0;0;0;Z01
201400010108;0;7;0;0;1;2;1;A01
201400010109;0;33;0;0;0;1;1;A01
201400010109;0;7;0;0;0;7;15;B01
201400010110;1;33;0;0;0;7;0;Z01
201400010110;0;7;0;0;0;1;1;B01
201400010111;0;7;0;0;1;3;1;A01
201400010112;0;7;0;0;0;0;0;B01
201400010112;0;33;0;0;0;0;0;A01
201400010113;0;32;0;0;2;8;11;A01
201400010113;0;7;0;0;2;7;1;B01
201400010114;0;7;0;0;0;8;0;C01
201400010114;0;30;0;0;0;0;0;A01
201400010114;0;7;0;0;0;0;0;B01
201400010115;0;33;0;0;0;1;2;A01
201400010116;0;7;0;0;2;6;9;A01
201400010116;0;33;0;0;2;1;2;B01
201400010117;0;7;0;0;2;8;15;A01
201400010117;0;34;0;0;2;1;1;B01
201400010118;0;7;0;0;0;3;13;A01
201400010118;0;7;0;0;0;3;13;B01
201400010119;0;99;0;0;2;2;1;B01
201400010119;0;7;0;0;2;8;1;A01
201400010120;0;7;0;0;2;3;15;A01
201400010120;0;30;0;0;2;1;13;B01
201400010121;0;7;0;0;1;1;1;A01
201400010122;0;7;0;0;2;1;1;A01
201400010122;0;10;0;0;2;3;9;B01
201400010123;0;30;0;0;2;7;1;B01
201400010123;0;7;0;0;2;2;9;A01
201400010124;0;3;0;0;1;1;16;A01
201400010125;0;7;0;0;2;6;15;A01
201400010125;0;33;0;0;2;1;1;B01
201400010126;0;7;0;0;2;1;1;A01
201400010126;0;2;0;0;2;4;12;B01
201400010127;1;99;0;0;1;0;0;Z01
201400010128;0;33;0;0;2;1;1;A01
201400010128;0;7;0;0;2;3;15;B01
201400010129;0;7;0;0;2;2;1;B01
201400010129;0;37;16;0;2;3;1;A01
201400010130;0;13;0;0;2;3;15;A01
201400010130;0;30;0;0;2;1;1;B01
201400010131;0;7;0;0;2;2;15;A01
201400010131;0;33;0;0;2;1;1;B01
201400010132;0;7;0;0;2;3;15;A01
201400010132;0;31;0;0;2;1;1;B01
201400010133;0;7;0;0;1;1;15;A01
201400010134;0;10;0;0;2;1;2;A01
201400010134;0;13;0;0;2;4;2;B01
201400010134;0;17;0;0;2;4;2;C01
201400010135;0;7;0;0;2;1;2;A01
201400010135;0;32;0;0;2;4;23;B01
201400010136;0;7;0;0;1;4;4;A01
201400010137;0;10;0;0;2;5;15;A01
201400010137;0;32;0;0;2;1;13;B01
201400010138;0;7;0;0;1;1;1;A01
201400010139;0;30;0;0;2;5;19;A01
201400010139;0;30;0;0;2;1;1;B01
201400010140;0;7;0;0;0;0;4;A01
201400010141;0;32;0;0;2;1;2;A01
201400010141;0;33;0;0;2;4;2;B01
201400010142;0;7;0;0;2;6;15;A01
201400010142;0;32;0;0;2;1;17;B01
201400010143;0;33;0;0;2;5;17;B01
201400010143;0;7;0;0;2;3;15;A01
201400010144;0;33;0;0;2;2;17;B01
201400010144;0;7;0;0;2;8;15;A01
201400010145;0;7;0;0;2;1;2;A01
201400010145;0;7;0;0;2;4;23;B01
201400010146;0;7;0;0;2;4;23;C01
201400010146;0;32;0;0;2;1;1;A01
201400010146;0;7;0;0;2;8;23;B01
201400010147;0;7;0;0;2;3;9;A01
201400010147;0;32;0;0;2;1;1;B01
201400010148;0;30;0;0;2;1;17;A01
201400010148;0;7;0;0;2;4;2;B01
201400010149;0;7;0;0;2;4;10;B01
201400010149;0;7;0;0;2;1;1;A01
201400010150;0;7;0;8;0;1;0;A01
201400010151;0;2;0;0;2;1;18;B01
201400010151;0;7;0;0;2;7;15;A01
201400010152;0;1;0;0;2;1;0;A01
201400010152;0;2;0;0;0;0;0;B01
201400010153;0;7;0;0;2;9;2;B01
201400010153;0;7;0;0;0;4;0;C01
201400010153;0;10;0;0;2;1;0;A01
201400010154;0;2;0;0;2;1;2;A01
201400010154;0;7;0;0;0;4;0;B01
201400010155;0;37;1;0;1;1;2;A01
201400010156;0;3;0;0;2;2;15;A01
201400010156;0;34;0;0;2;1;1;B01
201400010157;0;7;0;0;2;3;1;B01
201400010157;0;7;0;0;2;3;5;A01
201400010158;0;7;0;0;2;3;1;B01
201400010158;0;7;0;0;2;7;15;A01
201400010159;0;37;1;0;2;1;2;A01
201400010159;0;7;0;0;2;4;2;B01
201400010160;0;7;0;0;1;3;15;A01
201400010161;0;30;0;0;2;1;0;B01
201400010161;0;7;0;0;2;2;15;A01
201400010162;0;1;0;1;2;1;2;B01
201400010162;0;7;0;0;0;8;2;A01
201400010163;0;7;0;0;0;4;2;C01
201400010163;0;31;0;0;2;7;9;A01
201400010163;0;31;0;0;2;8;0;B01
201400010164;0;7;0;0;0;1;19;B01
201400010164;0;7;0;0;0;8;19;A01
201400010165;0;7;0;0;2;1;0;A01
201400010165;0;7;0;0;2;4;2;B01
201400010166;0;7;0;0;2;4;0;B01
201400010166;0;13;0;0;2;1;0;A01
201400010167;0;7;0;0;2;2;15;A01
201400010167;0;32;0;0;2;1;1;B01
201400010168;0;7;0;0;2;1;2;A01
201400010168;0;7;0;0;2;4;23;B01
201400010169;0;7;0;0;2;5;15;A01
201400010169;0;30;0;0;2;1;1;B01
201400010170;0;7;0;0;1;1;1;A01
201400010171;0;7;0;11;1;1;0;A01
201400010172;1;99;0;0;1;2;0;Z01
201400010173;0;7;0;0;2;7;2;A01
201400010173;0;1;0;0;2;8;1;B01
201400010174;0;7;0;0;1;1;1;A01
201400010175;0;7;0;0;2;3;9;A01
201400010175;0;7;0;0;2;1;1;B01
201400010176;0;7;0;0;2;2;1;B01
201400010176;0;7;0;1;2;3;9;A01
201400010177;0;7;0;0;2;1;1;A01
201400010177;0;7;0;0;2;5;23;B01
201400010178;0;7;0;0;2;4;23;B01
201400010178;0;7;0;0;2;3;2;A01
201400010178;0;7;0;0;2;1;1;C01
201400010179;0;32;0;0;2;1;2;A01
201400010179;0;7;0;0;2;4;0;B01
201400010179;0;7;0;0;2;1;2;C01
201400010180;0;34;0;0;2;1;1;B01
201400010180;0;7;0;0;2;6;9;A01
201400010181;0;7;0;0;2;1;2;A01
201400010181;0;7;0;0;2;4;23;B01
201400010182;0;7;0;0;2;1;15;A01
201400010182;0;30;0;0;2;2;17;B01
201400010183;0;7;0;0;2;1;2;A01
201400010183;0;2;0;0;2;4;2;B01
201400010184;0;1;0;0;1;1;1;A01
201400010185;0;7;0;0;2;1;2;A01
201400010185;0;7;0;0;2;4;2;B01
201400010185;0;31;0;0;2;4;2;C01
201400010186;0;7;0;0;2;4;2;B01
201400010186;0;1;0;0;2;1;2;A01
201400010187;0;2;0;0;2;3;1;B01
201400010187;0;7;0;0;2;1;15;A01
201400010188;0;30;0;0;2;1;1;B01
201400010188;0;10;0;0;2;1;5;A01
201400010189;1;99;0;0;2;0;0;Z01
201400010189;0;7;0;0;2;4;2;A01
201400010189;0;7;0;0;2;4;2;B01
201400010190;0;31;0;0;2;1;2;A01
201400010190;0;7;0;0;2;4;2;B01
201400010191;0;32;0;0;2;2;16;B01
201400010191;0;7;0;0;2;3;15;A01
201400010192;0;7;0;0;1;1;1;A01
201400010193;0;33;0;0;2;1;1;B01
201400010193;0;10;0;0;2;3;9;A01
201400010194;0;7;0;0;2;4;2;B01
201400010194;0;7;0;0;2;1;2;A01
201400010195;0;10;0;0;2;1;15;A01
201400010195;0;33;0;0;2;1;1;B01
201400010196;0;7;0;0;1;3;1;A01
201400010197;0;7;0;0;2;4;2;B01
201400010197;0;2;0;0;2;1;2;A01
201400010198;0;7;0;0;2;8;9;A01
201400010198;0;7;0;0;2;2;1;B01
201400010199;0;7;0;0;2;1;1;A01
201400010199;0;7;0;0;2;1;1;B01
201400010200;0;7;0;0;2;8;10;A01
201400010200;0;31;0;0;2;2;1;B01
201400010201;0;7;0;0;1;3;1;A01
201400010202;0;7;0;0;2;3;15;B01
201400010202;0;30;0;0;2;1;1;A01
201400010203;0;10;0;1;1;1;0;A01
201400010204;0;7;0;0;2;2;12;A01
201400010204;0;31;0;0;2;8;1;B01
201400010205;0;30;0;0;2;1;13;B01
201400010205;0;10;0;0;2;2;9;A01
201400010206;0;7;0;0;2;3;13;A01
201400010206;0;7;0;0;2;3;1;B01
201400010207;0;1;0;0;2;8;1;B01
201400010207;0;3;0;0;2;2;12;A01
201400010208;0;30;0;0;2;1;5;A01
201400010208;0;7;0;0;2;3;1;B01
201400010209;0;7;0;0;1;1;1;A01
201400010210;0;7;0;0;1;2;15;A01
201400010211;0;31;0;0;2;1;1;B01
201400010211;0;10;0;0;2;3;9;A01
201400010212;0;7;0;0;2;3;15;A01
201400010212;0;33;0;0;2;1;17;B01
201400010213;0;1;0;0;2;1;9;A01
201400010213;0;7;0;0;2;1;1;B01
201400010214;0;7;0;0;2;4;23;C01
201400010214;0;7;0;0;2;1;2;A01
201400010214;0;7;0;0;2;4;23;B01
201400010215;0;33;0;0;1;1;1;A01
201400010216;0;14;0;0;2;1;2;A01
201400010216;0;7;0;0;2;4;23;B01
201400010217;0;30;0;0;2;1;1;A01
201400010217;0;7;0;0;2;2;15;B01
201400010218;0;7;0;1;0;0;1;A01
201400010219;0;10;0;0;2;2;15;A01
201400010219;0;33;0;0;2;1;1;B01
201400010220;0;7;0;0;2;1;2;A01
201400010220;0;7;0;0;2;4;23;B01
201400010221;0;1;0;0;2;8;1;B01
201400010221;0;7;0;0;2;1;9;A01
201400010222;0;30;0;0;2;7;17;B01
201400010222;0;10;0;0;2;3;11;A01
201400010223;0;30;0;0;2;1;1;A01
201400010223;0;7;0;0;2;3;1;B01
201400010224;0;7;0;0;2;4;2;C01
201400010224;0;10;0;0;2;1;2;A01
201400010224;0;7;0;0;2;4;2;B01
201400010225;0;7;0;0;2;8;1;B01
201400010225;0;30;0;0;2;7;17;A01
201400010226;0;30;0;0;0;0;1;B01
201400010226;0;7;0;8;0;2;1;A01
201400010227;0;7;0;0;2;0;15;A01
201400010227;0;32;0;0;2;1;13;B01
201400010228;0;7;0;0;1;1;9;A01
201400010229;0;7;0;0;2;8;15;A01
201400010229;0;33;0;1;2;1;17;B01
201400010230;0;33;0;0;2;1;16;A01
201400010230;0;7;0;0;2;3;1;B01
201400010231;0;7;0;0;1;1;15;A01
201400010232;0;30;0;0;2;3;13;A01
201400010232;0;7;0;0;2;3;1;B01
201400010233;0;7;0;0;2;8;13;A01
201400010233;0;30;0;0;2;7;1;B01
201400010234;0;7;0;0;2;3;9;A01
201400010234;0;33;0;0;2;7;1;B01
201400010235;1;7;0;0;2;7;14;A01
201400010235;0;32;0;0;2;8;1;B01
201400010236;0;7;0;0;2;2;12;A01
201400010236;0;7;0;0;2;6;1;B01
201400010237;0;7;0;0;2;1;2;A01
201400010237;0;7;0;0;2;4;23;B01
201400010237;0;7;0;0;2;4;23;C01
201400010238;0;10;0;1;0;4;4;A01
201400010238;0;33;0;0;2;8;24;B01
201400010239;0;7;0;0;2;3;1;B01
201400010239;0;7;0;0;2;1;1;A01
201400010240;0;7;0;0;2;1;2;A01
201400010240;0;7;0;0;2;4;23;B01
201400010241;0;10;0;0;2;3;15;A01
201400010241;0;33;0;0;2;2;17;B01
201400010242;0;7;0;0;2;3;13;A01
201400010242;0;10;0;0;2;1;1;B01
201400010243;0;31;0;0;2;1;1;B01
201400010243;0;7;0;0;2;3;15;A01
201400010244;0;30;0;0;2;1;13;A01
201400010244;0;7;0;0;2;3;1;B01
201400010245;0;33;0;0;2;8;13;A01
201400010245;0;7;0;0;2;8;1;B01
201400010246;0;10;0;0;2;2;15;A01
201400010246;0;33;0;0;2;1;1;B01
201400010247;0;7;0;16;0;0;0;A01
201400010248;0;7;0;0;2;4;2;B01
201400010248;0;7;0;0;2;1;2;A01
201400010249;0;31;0;0;2;1;1;A01
201400010249;0;7;0;0;2;4;16;B01
201400010250;0;7;0;0;1;4;4;A01
201400010251;0;30;0;0;2;1;1;B01
201400010251;0;7;0;0;2;5;16;A01
201400010252;0;33;0;0;2;1;2;A01
201400010252;0;10;0;0;2;4;23;B01
201400010253;0;30;0;0;2;1;1;A01
201400010253;0;7;0;0;2;8;1;B01
201400010254;0;32;0;0;2;4;23;B01
201400010254;0;7;0;0;2;1;2;A01
201400010255;0;7;0;0;2;4;2;B01
201400010255;0;7;0;0;2;1;2;A01
201400010256;0;7;0;0;2;7;1;B01
201400010256;0;1;0;0;2;8;13;A01
201400010257;0;7;0;0;1;2;1;A01
201400010258;0;7;0;0;2;5;19;A01
201400010258;0;33;0;0;2;1;1;B01
201400010259;0;33;0;0;2;8;1;B01
201400010259;0;7;0;0;2;2;9;A01
201400010260;0;7;0;0;2;2;16;A01
201400010260;0;1;0;0;2;1;18;B01
201400010261;0;31;0;0;2;1;1;B01
201400010261;0;7;0;0;2;8;15;A01
201400010262;0;7;0;0;1;1;1;A01
201400010263;0;30;0;0;2;1;1;B01
201400010263;0;7;0;0;2;8;15;A01
201400010264;0;7;0;0;1;0;1;A01
201400010265;0;7;0;0;0;0;11;A01
201400010265;0;33;0;0;0;0;1;B01
201400010266;0;33;0;0;2;1;1;B01
201400010266;0;7;0;0;2;5;9;A01
201400010267;0;2;0;0;2;1;1;B01
201400010267;0;7;0;0;2;3;15;A01
201400010268;0;7;0;0;2;6;9;A01
201400010268;0;33;0;0;2;1;1;B01
201400010269;0;7;0;0;2;1;2;A01
201400010269;0;7;0;0;2;4;2;B01
201400010270;0;7;0;0;1;1;1;A01
201400010271;0;7;0;0;2;2;15;A01
201400010271;0;33;0;0;2;1;1;B01
201400010272;0;30;0;0;2;1;2;A01
201400010272;0;10;0;0;2;4;2;B01
201400010273;0;10;0;0;1;2;1;A01
201400010274;0;30;0;0;2;2;15;A01
201400010274;0;7;0;0;2;1;1;B01
201400010275;0;7;0;0;2;8;23;D01
201400010275;0;7;0;0;2;8;23;C01
201400010275;0;32;0;0;2;1;1;B01
201400010275;0;10;0;0;2;1;9;A01
201400010276;2;7;0;1;2;1;1;A01
201400010276;0;10;0;0;2;7;15;B01
201400010277;0;1;0;0;2;0;9;A01
201400010277;0;7;0;0;2;1;1;B01
201400010278;0;30;0;0;1;1;1;A01
201400010279;0;30;0;0;1;1;1;A01
201400010280;0;7;0;0;2;3;23;B01
201400010280;0;30;0;0;2;1;13;A01
201400010280;0;7;0;0;2;3;24;C01
201400010281;0;10;0;0;2;4;23;C01
201400010281;0;7;0;0;2;1;2;A01
201400010281;0;7;0;0;2;4;23;B01
201400010282;0;7;0;0;1;1;1;A01
201400010283;0;7;0;0;1;1;15;A01
201400010284;0;7;0;0;2;1;5;A01
201400010284;0;32;0;0;2;2;1;B01
201400010285;0;7;0;0;2;1;1;B01
201400010285;0;7;0;8;2;9;13;A01
201400010286;0;7;0;0;2;0;9;A01
201400010286;0;30;0;0;2;0;1;B01
201400010287;0;33;0;0;2;4;1;B01
201400010287;0;7;0;0;2;1;1;A01
201400010288;0;2;0;0;2;1;17;B01
201400010288;0;7;0;0;2;1;15;A01
201400010289;0;7;0;0;1;1;1;A01
201400010290;0;13;0;0;1;1;15;A01
201400010291;0;10;0;0;2;1;1;A01
201400010291;0;7;0;0;2;4;1;C01
201400010291;0;7;0;0;2;4;1;B01
201400010292;0;7;0;0;1;1;1;A01
201400010293;0;34;0;0;2;1;1;B01
201400010293;0;13;0;0;2;7;15;A01
201400010294;0;7;0;0;1;2;1;A01
201400010295;0;7;0;0;2;1;0;A01
201400010295;0;7;0;0;2;3;1;C01
201400010295;0;10;0;0;2;8;1;B01
201400010296;0;7;0;0;1;1;0;A01
201400010297;0;34;0;0;1;1;1;A01
201400010298;0;31;0;0;1;1;1;A01
201400010299;0;7;0;0;2;1;1;B01
201400010299;0;7;0;0;2;1;13;A01
201400010300;0;30;0;0;2;1;17;A01
201400010300;0;7;0;0;2;6;15;B01
201400010301;0;32;0;0;2;1;1;B01
201400010301;0;7;0;0;2;2;15;A01
201400010302;0;32;0;0;2;7;0;B01
201400010302;0;2;0;0;2;8;0;A01
201400010303;0;31;0;0;1;1;1;A01
201400010304;0;1;0;0;2;1;0;B01
201400010304;0;30;0;0;2;1;1;A01
201400010305;0;7;0;0;2;1;9;A01
201400010305;0;30;0;0;2;1;1;B01
201400010306;0;3;0;0;2;4;1;A01
201400010307;0;7;0;0;2;8;10;A01
201400010307;0;31;0;0;2;1;1;B01
201400010308;0;7;0;0;1;1;1;A01
201400010309;0;30;0;0;2;7;17;B01
201400010309;0;7;0;0;2;1;0;A01
201400010310;0;37;1;0;1;1;1;A01
201400010311;0;32;0;0;1;1;0;A01
201400010312;0;7;0;0;1;1;0;A01
201400010313;0;7;0;0;1;1;1;A01
201400010314;0;7;0;0;2;2;21;A01
201400010314;0;32;0;0;2;8;23;B01
201400010315;0;32;0;0;2;1;1;B01
201400010315;0;7;0;0;2;1;0;A01
201400010316;0;2;0;0;1;1;1;A01
201400010317;0;7;0;0;2;1;1;A01
201400010317;0;30;0;0;2;1;1;B01
201400010318;0;34;0;8;0;1;0;A01
201400010319;0;7;0;0;1;1;1;A01
201400010320;0;7;0;0;1;2;16;A01
201400010321;0;7;0;0;1;3;0;A01
201400010322;0;7;0;0;1;4;4;A01
201400010323;0;7;0;0;2;1;1;A01
201400010323;0;7;0;0;2;6;23;B01
201400010324;0;7;0;0;2;1;1;A01
201400010324;0;33;0;0;2;1;1;B01
201400010325;0;2;0;0;1;1;1;A01
201400010326;0;7;0;0;1;1;0;A01
201400010327;0;7;0;0;1;1;1;A01
201400010328;0;30;0;0;1;1;1;A01
201400010329;0;33;0;0;2;1;1;A01
201400010329;0;7;0;0;2;2;1;B01
201400010330;0;33;0;0;2;1;1;B01
201400010330;0;7;0;0;2;6;0;A01
201400010331;0;7;0;0;2;3;9;A01
201400010331;0;7;0;0;2;1;1;B01
201400010332;0;7;0;0;1;1;15;A01
201400010333;0;7;0;0;2;0;15;B01
201400010333;0;34;0;5;2;1;17;A01
201400010334;0;7;0;0;1;1;0;A01
201400010335;0;2;0;0;2;1;0;A01
201400010335;0;7;0;0;2;0;20;B01
201400010336;0;7;0;0;1;1;1;A01
201400010337;0;7;0;0;1;1;1;A01
201400010338;0;33;0;0;2;1;1;B01
201400010338;0;99;0;0;2;7;15;A01
201400010339;0;7;0;0;1;1;1;A01
201400010340;0;7;0;0;2;4;1;B01
201400010340;0;7;0;0;2;1;1;A01
201400010341;0;1;0;0;2;1;17;B01
201400010341;0;7;0;0;9;3;15;A01
201400010342;0;37;1;0;2;1;1;B01
201400010342;0;2;0;0;2;3;11;A01
201400010343;0;7;0;0;2;7;16;A01
201400010343;0;2;0;0;2;8;1;B01
201400010344;0;34;0;0;2;1;1;B01
201400010344;0;7;0;0;2;2;16;A01
201400010345;0;7;0;0;2;3;9;B01
201400010345;0;2;0;0;2;1;17;A01
201400010346;0;1;0;0;2;1;0;B01
201400010346;0;7;0;0;2;3;1;A01
201400010347;0;7;0;0;0;5;0;A01
201400010348;0;7;0;0;2;2;15;A01
201400010348;0;32;0;0;2;1;1;B01
201400010349;0;7;0;0;2;1;1;A01
201400010349;0;7;0;0;2;4;1;B01
201400010349;0;7;0;0;2;4;1;C01
201400010350;0;7;0;0;2;1;15;A01
201400010350;0;7;0;0;2;1;1;B01
201400010351;0;1;0;0;1;1;1;A01
201400010352;0;7;0;0;1;2;1;A01
201400010353;0;7;0;0;2;3;0;A01
201400010353;0;30;0;0;2;1;1;B01
201400010354;0;1;0;0;1;1;0;A01
201400010355;0;33;0;0;2;1;0;A01
201400010355;0;7;0;0;2;1;0;B01
201400010356;0;7;0;0;2;3;1;A01
201400010356;0;33;0;0;2;1;1;B01
201400010357;0;7;0;0;2;1;15;A01
201400010357;0;34;0;0;2;1;1;B01
201400010358;0;2;0;0;9;1;0;A01
201400010358;0;7;0;0;2;8;0;B01
201400010359;0;30;0;0;1;1;1;A01
201400010359;0;7;0;0;2;1;1;B01
201400010360;0;7;0;0;2;1;15;A01
201400010360;0;7;0;0;2;7;1;B01
201400010361;0;2;0;0;2;1;1;A01
201400010362;0;7;0;0;2;2;15;A01
201400010362;0;2;0;0;2;1;1;B01
201400010363;0;7;0;0;1;1;0;A01
201400010364;0;2;0;0;2;1;17;A01
201400010364;0;7;0;0;2;7;1;B01
201400010365;0;1;0;0;2;7;11;B01
201400010365;0;10;0;0;2;7;1;A01
201400010366;0;32;0;0;1;1;1;A01
201400010367;0;7;0;0;2;1;1;A01
201400010367;0;1;0;0;2;1;0;B01
201400010368;0;7;0;0;1;1;1;A01
201400010369;0;7;0;0;2;1;0;A01
201400010369;0;30;0;0;2;1;0;B01
201400010370;0;7;0;0;2;3;9;A01
201400010370;0;2;0;0;2;1;1;B01
201400010371;0;7;0;0;2;1;0;A01
201400010371;0;1;0;0;2;5;0;B01
201400010372;0;7;0;0;2;8;9;A01
201400010372;0;32;0;0;2;1;1;B01
201400010373;0;7;0;0;0;4;1;B01
201400010373;0;7;0;0;2;4;1;A01
201400010374;0;7;0;0;1;1;15;A01
201400010375;0;7;0;0;2;2;9;A01
201400010375;0;33;0;0;2;1;0;B01
201400010376;0;7;0;0;2;4;1;A01
201400010376;0;32;0;0;2;1;1;B01
201400010377;0;7;0;0;2;1;0;B01
201400010377;0;33;0;0;2;4;0;A01
201400010378;0;7;0;0;2;8;20;B01
201400010378;0;34;0;0;2;1;17;A01
201400010379;0;33;0;0;2;1;1;B01
201400010379;0;7;0;0;2;1;10;A01
201400010380;0;7;0;0;2;2;15;A01
201400010380;0;7;0;0;2;1;0;B01
201400010381;0;7;0;0;1;4;1;A01
201400010382;0;7;0;0;1;1;15;A01
201400010383;0;33;0;0;2;1;0;A01
201400010383;0;7;0;0;2;8;0;B01
201400010384;0;30;0;0;2;7;1;B01
201400010384;0;7;0;0;2;1;1;A01
201400010385;0;7;0;0;1;1;16;A01
201400010386;0;7;0;0;2;2;15;B01
201400010386;0;7;0;0;2;1;1;C01
201400010386;0;7;0;0;2;1;1;A01
201400010387;0;7;0;0;1;1;1;A01
201400010388;0;7;0;0;1;1;0;A01
201400010389;0;7;0;0;2;2;16;A01
201400010389;0;34;0;0;2;1;16;B01
201400010390;0;7;0;0;2;7;15;A01
201400010390;0;2;0;0;2;1;1;B01
201400010391;0;7;0;0;1;1;0;A01
201400010392;0;7;0;0;2;2;15;A01
201400010392;0;2;0;0;2;1;1;B01
201400010393;0;7;0;0;1;1;1;A01
201400010394;0;7;0;9;1;1;1;A01
201400010395;0;7;0;0;1;1;1;A01
201400010396;0;2;0;0;2;1;1;B01
201400010396;0;7;0;0;2;5;9;A01
201400010397;0;7;0;0;1;1;0;A01
201400010398;0;2;0;0;2;1;18;A01
201400010398;0;7;0;0;2;4;20;B01
201400010399;0;34;0;0;2;1;0;A01
201400010399;0;32;0;0;2;1;0;B01
201400010400;0;7;0;0;1;1;15;A01
201400010401;0;7;0;0;1;1;16;A01
201400010402;0;7;0;0;2;1;9;A01
201400010402;0;33;0;0;2;1;1;B01