num_acc;senc;catv;occutc;obs;obsm;choc;manv;num_veh
201400010403;0;7;0;0;1;1;15;A01
201400010404;0;7;0;0;2;2;15;A01
201400010404;0;2;0;0;2;1;1;B01
201400010405;0;32;0;0;2;1;1;B01
201400010405;0;7;0;0;2;1;1;A01
201400010406;0;7;0;0;1;2;1;A01
201400010407;0;33;0;0;2;7;9;A01
201400010407;0;33;0;0;2;1;1;B01
201400010408;0;7;0;0;2;3;15;A01
201400010408;0;2;0;0;2;4;17;B01
201400010409;0;7;0;0;2;7;16;A01
201400010409;0;1;0;0;2;1;1;B01
201400010410;0;30;0;0;2;2;1;A01
201400010410;0;7;0;0;2;2;15;B01
201400010411;0;32;0;0;2;1;1;A01
201400010411;0;33;0;0;2;1;1;B01
201400010412;0;2;0;0;2;1;17;B01
201400010412;0;10;0;0;2;3;15;A01
201400010413;0;7;0;0;1;1;0;A01
201400010414;0;2;0;0;2;1;1;B01
201400010414;0;7;0;0;2;7;1;A01
201400010415;0;31;0;0;2;1;0;B01
201400010415;0;7;0;0;2;3;5;A01
201400010416;0;7;0;0;2;8;0;A01
201400010416;0;32;0;0;2;1;0;B01
201400010417;0;7;0;0;2;4;1;B01
201400010417;0;32;0;0;2;0;1;A01
201400010418;0;37;10;0;1;2;1;A01
201400010419;0;7;0;0;1;1;1;A01
201400010420;0;7;0;0;1;3;1;A01
201400010421;0;7;0;0;2;1;1;A01
201400010421;0;7;0;0;2;1;0;B01
201400010422;0;33;0;0;1;1;0;A01
201400010423;0;1;0;0;2;1;0;C01
201400010423;0;7;0;0;2;8;22;A01
201400010423;0;1;0;0;2;1;1;B01
201400010424;0;7;0;0;1;1;0;A01
201400010425;0;32;0;0;2;1;1;B01
201400010425;0;7;0;0;2;1;0;A01
201400010426;0;7;0;0;1;1;1;A01
201400010427;0;7;0;0;1;1;1;A01
201400010428;0;7;0;0;1;1;1;A01
201400010429;0;2;0;0;2;1;17;B01
201400010429;0;7;0;0;2;8;15;A01
201400010430;0;2;0;0;1;1;1;A01
201400010431;0;2;0;1;0;1;1;A01
201400010432;0;7;0;0;2;7;9;A01
201400010432;0;32;0;0;2;1;1;B01
201400010433;0;3;0;0;2;1;0;A01
201400010433;0;33;0;0;2;1;0;B01
201400010434;0;7;0;0;2;1;1;A01
201400010434;0;2;0;0;2;8;9;B01
201400010435;0;7;0;0;0;0;0;B01
201400010435;0;32;0;0;0;0;1;A01
201400010436;0;7;0;0;2;1;1;A01
201400010436;0;7;0;0;2;8;1;B01
201400010437;0;17;0;0;1;4;1;A01
201400010438;0;7;0;0;2;1;0;B01
201400010438;0;30;0;0;2;1;1;A01
201400010439;0;30;0;0;2;1;1;B01
201400010439;0;7;0;0;2;1;0;A01
201400010440;0;2;0;0;2;7;9;A01
201400010440;0;34;0;0;2;1;1;B01
201400010441;0;7;0;0;1;1;1;A01
201400010442;0;2;0;0;2;1;1;A01
201400010442;0;7;0;0;2;1;1;B01
201400010443;0;7;0;0;1;1;1;A01
201400010444;0;32;0;0;2;1;1;A01
201400010444;0;7;0;0;2;6;23;B01
201400010445;0;7;0;0;2;1;0;A01
201400010445;0;33;0;0;2;1;0;B01
201400010446;0;7;0;0;2;4;1;B01
201400010446;0;32;0;0;2;1;1;A01
201400010447;0;33;0;0;1;1;1;A01
201400010448;0;34;0;0;2;0;1;B01
201400010448;0;7;0;0;2;4;4;A01
201400010449;0;2;0;4;0;1;0;A01
201400010450;0;7;0;0;2;1;1;B01
201400010450;0;7;0;0;2;8;15;A01
201400010451;0;7;0;0;1;1;1;A01
201400010452;0;7;0;0;2;0;0;A01
201400010452;0;32;0;0;2;5;1;B01
201400010453;0;37;1;0;1;5;1;A01
201400010454;0;7;0;0;1;1;1;A01
201400010455;0;33;0;0;2;1;1;B01
201400010455;0;7;0;0;2;1;0;A01
201400010456;0;7;0;0;2;3;15;A01
201400010456;0;32;0;0;2;7;16;B01
201400010457;1;7;0;0;1;1;13;A01
201400010458;0;7;0;0;1;1;0;A01
201400010459;0;30;0;0;2;1;0;B01
201400010459;0;7;0;0;2;4;0;A01
201400010460;0;7;0;0;0;4;0;B01
201400010460;0;13;0;0;2;1;1;A01
201400010461;0;10;0;0;1;2;1;A01
201400010462;0;7;0;0;1;1;1;A01
201400010463;0;7;0;0;1;4;2;A01
201400010464;0;30;0;0;2;1;0;B01
201400010464;0;7;0;0;2;1;0;A01
201400010465;0;30;0;0;2;1;1;B01
201400010465;0;7;0;0;2;1;1;A01
201400010466;0;33;0;0;2;0;1;B01
201400010466;0;7;0;8;0;0;2;A01
201400010467;0;33;0;0;2;1;1;B01
201400010467;0;7;0;0;0;2;5;A01
201400010468;0;33;0;0;2;1;1;B01
201400010468;0;2;0;0;2;1;5;A01
201400010469;0;1;0;0;0;4;1;A01
201400010470;0;2;0;0;1;0;1;A01
201400010471;0;2;0;0;2;1;1;A01
201400010471;0;7;0;0;2;1;0;B01
201400010472;0;32;0;0;2;1;17;A01
201400010472;0;7;0;0;2;8;15;B01
201400010473;0;7;0;0;9;0;1;B01
201400010473;0;30;0;0;2;1;1;A01
201400010474;0;7;0;0;2;1;10;A01
201400010474;0;30;0;0;2;1;1;B01
201400010475;0;7;0;0;1;7;1;A01
201400010476;0;7;0;0;1;1;15;A01
201400010477;0;7;0;0;2;3;1;B01
201400010477;0;2;0;0;2;7;9;A01
201400010478;0;7;0;0;2;2;9;A01
201400010478;0;31;0;0;2;8;9;B01
201400010479;0;33;0;15;0;1;1;A01
201400010480;0;33;0;0;2;4;15;B01
201400010480;0;2;0;0;2;1;16;A01
201400010481;0;31;0;0;2;1;1;B01
201400010481;0;7;0;0;2;2;15;A01
201400010482;0;30;0;0;2;1;0;B01
201400010482;0;7;0;0;2;4;0;A01
201400010483;0;7;0;0;1;1;1;A01
201400010484;0;7;0;0;2;4;20;A01
201400010484;0;2;0;0;2;1;2;B01
201400010485;0;7;0;0;2;3;1;A01
201400010485;0;37;1;0;2;1;1;B01
201400010486;0;7;0;0;1;2;1;A01
201400010487;0;7;0;0;1;2;1;A01
201400010488;0;2;0;0;2;3;3;A01
201400010488;0;14;0;0;2;2;1;B01
201400010489;0;1;0;0;9;1;1;B01
201400010489;0;7;0;0;2;1;0;A01
201400010490;0;2;0;0;2;1;1;A01
201400010490;0;7;0;0;2;4;1;B01
201400010491;0;7;0;0;1;2;0;A01
201400010492;0;7;0;0;2;0;0;A01
201400010492;0;30;0;0;2;0;0;B01
201400010493;0;33;0;0;1;0;1;A01
201400010494;0;32;0;0;2;1;1;A01
201400010494;0;7;0;0;2;4;0;B01
201400010494;0;7;0;0;2;4;1;C01
201400010495;0;7;0;0;1;2;1;A01
201400010496;0;7;0;0;2;1;9;A01
201400010496;0;32;0;0;2;1;1;B01
201400010497;0;7;0;0;2;1;1;A01
201400010497;0;31;0;0;2;4;23;B01
201400010498;0;30;0;0;0;0;17;A01
201400010499;0;7;0;0;2;1;1;A01
201400010499;0;7;0;0;2;4;1;B01
201400010500;0;31;0;0;0;0;0;A01
201400010501;0;7;0;0;1;3;1;A01
201400010502;0;30;0;0;0;0;0;A01
201400010503;0;7;0;0;2;1;2;A01
201400010503;0;10;0;0;0;4;2;B01
201400010504;0;7;0;13;0;3;13;A01
201400010505;1;10;0;0;1;0;0;Z01
201400010506;0;7;0;0;2;5;1;B01
201400010506;1;7;0;0;2;2;1;Z01
201400010507;0;7;0;0;0;0;0;A01
201400010508;0;2;0;0;2;1;1;A01
201400010508;0;7;0;0;0;4;2;B01
201400010509;0;33;0;0;0;0;0;A01
201400010510;0;10;0;0;1;1;1;A01
201400010511;0;30;0;0;1;1;17;A01
201400010512;0;7;0;0;1;0;4;A01
201400010513;0;2;0;0;2;5;1;B01
201400010513;0;7;0;0;2;2;1;A01
201400010514;0;7;0;0;2;0;0;A01
201400010514;0;30;0;0;2;0;0;B01
201400010515;0;7;0;6;0;2;1;A01
201400010516;0;30;0;0;0;0;0;A01
201400010517;0;7;0;0;2;1;2;A01
201400010517;0;10;0;0;2;4;2;B01
201400010518;0;30;0;0;0;0;0;A01
201400010519;0;30;0;0;0;0;0;A01
201400010520;0;7;0;0;2;1;2;A01
201400010520;0;7;0;0;2;1;2;B01
201400010521;0;2;0;0;2;3;1;B01
201400010521;0;7;0;0;2;7;9;A01
201400010522;0;7;0;0;1;0;1;A01
201400010523;0;7;0;2;0;0;17;A01
201400010524;0;7;0;0;0;4;2;B01
201400010524;0;2;0;0;2;1;2;A01
201400010525;0;7;0;0;2;2;15;B01
201400010525;0;30;0;0;2;1;17;A01
201400010526;0;7;0;0;0;3;2;B01
201400010526;0;2;0;0;2;1;2;A01
201400010527;0;7;0;15;2;1;13;A01
201400010527;0;7;0;0;2;1;1;B01
201400010528;0;30;0;0;0;0;0;A01
201400010529;0;7;0;6;2;3;9;A01
201400010529;0;7;0;0;2;1;1;B01
201400010530;0;7;0;0;1;1;1;A01
201400010531;0;30;0;0;0;0;0;A01
201400010532;0;7;0;0;0;5;2;B01
201400010532;0;30;0;0;2;1;2;A01
201400010533;0;7;0;8;0;2;14;A01
201400010534;0;7;0;6;0;2;14;A01
201400010535;0;7;0;0;2;1;15;A01
201400010535;0;7;0;0;2;3;1;B01
201400010536;0;30;0;0;2;1;1;B01
201400010536;0;7;0;0;2;2;15;A01
201400010537;0;7;0;0;2;2;2;A01
201400010537;0;7;0;0;2;5;2;B01
201400010537;0;33;0;0;0;4;2;C01
201400010538;0;30;0;0;0;0;0;A01
201400010539;0;7;0;0;1;0;0;A01
201400010540;0;30;0;0;1;1;1;A01
201400010541;0;7;0;3;0;3;13;A01
201400010542;0;7;0;0;0;4;2;B01
201400010542;0;33;0;0;2;1;2;A01
201400010543;0;7;0;0;2;2;13;A01
201400010543;0;7;0;0;2;1;1;B01
201400010544;0;7;0;0;2;6;1;B01
201400010544;0;14;0;0;2;0;1;A01
201400010545;0;7;0;0;2;1;15;B01
201400010545;0;31;0;0;2;0;1;A01
201400010546;0;20;0;0;2;3;1;B01
201400010546;0;30;0;0;2;1;13;A01
201400010547;0;7;0;0;2;1;2;A01
201400010547;0;7;0;0;2;4;2;B01
201400010548;0;30;0;0;2;2;17;A01
201400010548;0;7;0;0;0;6;15;B01
201400010549;0;7;0;3;0;8;13;A01
201400010550;0;30;0;0;2;2;17;A01
201400010550;0;7;0;0;2;8;15;B01
201400010551;0;10;0;0;2;3;1;B01
201400010551;0;7;0;0;2;0;9;A01
201400010552;0;7;0;16;0;0;1;A01
201400010553;1;7;0;0;1;2;14;Z01
201400010554;0;31;0;0;2;2;23;B01
201400010554;0;7;0;0;2;3;1;A01
201400010555;0;7;0;0;2;0;0;B01
201400010555;0;32;0;0;2;0;0;A01
201400010556;0;2;0;0;0;0;0;A01
201400010557;0;7;0;15;0;0;14;A01
201400010558;0;30;0;0;0;0;0;A01
201400010559;0;7;0;6;0;0;0;A01
201400010560;0;7;0;13;0;0;14;A01
201400010561;0;7;0;0;1;0;1;A01
201400010562;0;7;0;0;1;3;1;A01
201400010563;0;7;0;0;0;5;2;B01
201400010563;0;7;0;0;2;3;2;A01
201400010564;0;33;0;0;2;1;2;A01
201400010564;0;10;0;0;0;4;2;B01
201400010565;0;7;0;0;2;3;5;A01
201400010565;0;7;0;0;2;3;1;B01
201400010566;0;30;0;0;0;0;0;B01
201400010566;0;7;0;0;0;0;0;A01
201400010567;0;7;0;0;2;1;1;C01
201400010567;0;7;0;0;0;0;9;A01
201400010567;0;32;0;0;2;0;13;B01
201400010568;0;7;0;0;2;6;1;B01
201400010568;0;30;0;0;2;1;1;A01
201400010569;0;7;0;6;0;3;13;A01
201400010570;0;7;0;6;0;1;0;A01
201400010571;0;10;0;13;0;2;14;A01
201400010572;0;30;0;0;0;0;1;A01
201400010573;0;10;0;0;1;0;1;A01
201400010574;0;2;0;4;0;0;1;A01
201400010575;0;7;0;1;0;1;15;A01
201400010576;0;7;0;0;2;1;1;B01
201400010576;0;7;0;0;2;2;13;A01
201400010577;0;30;0;0;2;0;0;A01
201400010577;0;7;0;0;2;0;0;B01
201400010578;0;30;0;0;0;0;0;A01
201400010579;0;7;0;0;1;3;1;A01
201400010580;0;7;0;0;2;8;9;A01
201400010580;0;34;0;0;2;2;1;B01
201400010581;0;7;0;0;2;6;1;B01
201400010581;0;7;0;0;2;1;15;A01
201400010582;0;7;0;0;1;0;0;A01
201400010583;0;30;0;0;2;2;17;A01
201400010583;0;7;0;0;2;3;10;B01
201400010584;0;7;0;0;1;2;1;A01
201400010585;0;33;0;0;2;1;13;A01
201400010585;0;10;0;0;2;3;1;B01
201400010586;0;31;0;0;2;8;1;B01
201400010586;0;7;0;0;2;7;17;A01
201400010586;0;7;0;0;2;6;23;C01
201400010587;0;33;0;0;2;3;1;B01
201400010587;1;7;0;0;2;3;13;A01
201400010588;0;30;0;0;1;0;17;A01
201400010589;0;33;0;0;0;0;0;A01
201400010590;0;7;0;0;2;3;2;A01
201400010590;0;7;0;0;2;5;9;B01
201400010590;0;7;0;0;2;5;1;C01
201400010591;0;7;0;0;2;2;1;B01
201400010591;0;7;0;0;2;3;9;A01
201400010592;0;7;0;0;2;2;0;A01
201400010592;0;37;1;0;2;2;0;C01
201400010592;0;7;0;0;2;8;0;B01
201400010593;0;30;0;0;2;0;0;B01
201400010593;0;10;0;0;2;1;1;A01
201400010594;0;33;0;0;2;1;2;A01
201400010594;0;7;0;0;0;4;2;B01
201400010595;0;7;0;0;2;1;1;B01
201400010595;0;15;0;0;2;1;1;A01
201400010596;0;7;0;0;0;4;2;A01
201400010596;1;7;0;0;2;1;2;Z01
201400010597;0;7;0;0;0;4;2;B01
201400010597;0;33;0;0;2;1;2;A01
201400010598;0;7;0;0;2;3;1;B01
201400010598;0;30;0;0;2;3;9;A01
201400010599;0;30;0;0;2;3;18;A01
201400010599;0;7;0;0;2;2;16;B01
201400010600;0;7;0;0;0;4;2;C01
201400010600;0;7;0;0;2;1;2;A01
201400010600;0;7;0;0;2;4;2;B01
201400010601;0;30;0;0;0;0;0;A01
201400010602;0;7;0;0;0;4;2;A01
201400010602;1;7;0;0;2;1;2;Z01
201400010603;0;2;0;0;0;0;0;A01
201400010604;0;7;0;0;2;8;10;A01
201400010604;0;2;0;0;2;1;1;B01
201400010605;1;10;0;0;2;8;15;Z01
201400010605;0;1;0;0;2;2;17;A01
201400010606;0;7;0;0;0;4;2;B01
201400010606;0;7;0;0;2;1;2;A01
201400010607;0;7;0;0;1;1;1;A01
201400010608;0;32;0;0;0;0;0;A01
201400010609;0;7;0;0;1;3;1;A01
201400010610;0;7;0;0;2;3;9;A01
201400010610;0;30;0;0;2;1;1;B01
201400010611;0;2;0;0;0;0;0;A01
201400010612;0;7;0;0;0;4;2;B01
201400010612;0;7;0;0;2;1;2;A01
201400010613;0;7;0;0;2;1;2;A01
201400010613;0;10;0;0;0;4;2;B01
201400010614;0;7;0;0;1;3;1;A01
201400010615;0;7;0;0;1;1;1;A01
201400010616;0;37;1;0;0;6;2;B01
201400010616;0;10;0;0;2;1;2;A01
201400010617;0;10;0;0;0;8;2;B01
201400010617;0;34;0;15;2;1;2;A01
201400010618;0;34;0;0;0;8;1;B01
201400010618;0;10;0;0;2;3;1;A01
201400010619;0;7;0;0;2;1;2;A01
201400010619;0;7;0;0;0;4;2;B01
201400010620;0;10;0;0;2;3;1;B01
201400010620;0;10;0;0;2;1;13;A01
201400010621;0;7;0;0;0;8;1;C01
201400010621;0;30;0;0;2;1;17;A01
201400010621;0;30;0;0;2;1;1;B01
201400010622;0;30;0;0;5;0;0;A01
201400010623;0;10;0;9;0;1;13;A01
201400010624;0;30;0;0;0;0;0;A01
201400010625;0;7;0;0;0;7;3;B01
201400010625;0;1;0;0;2;8;2;A01
201400010626;0;7;0;6;0;2;14;A01
201400010627;0;7;0;0;1;7;1;A01
201400010628;0;30;0;1;2;2;17;A01
201400010628;0;7;0;0;2;2;9;B01
201400010629;0;7;0;0;0;0;16;A01
201400010629;0;31;0;0;0;0;15;B01
201400010630;0;7;0;0;2;1;1;B01
201400010630;0;7;0;0;2;1;13;A01
201400010631;0;30;0;0;1;1;17;A01
201400010632;0;10;0;13;0;3;13;A01
201400010633;0;2;0;0;0;0;0;A01
201400010634;0;31;0;0;0;0;0;A01
201400010635;0;33;0;0;0;7;2;B01
201400010635;0;7;0;0;2;3;2;A01
201400010636;0;30;0;0;1;1;0;A01
201400010637;0;30;0;1;0;2;14;A01
201400010638;0;7;0;13;2;2;14;A01
201400010638;0;7;0;0;2;3;21;B01
201400010639;0;7;0;0;2;1;2;A01
201400010639;0;7;0;0;0;4;2;B01
201400010640;0;7;0;0;2;6;1;A01
201400010640;0;7;0;6;2;6;1;B01
201400010641;0;7;0;0;2;3;13;A01
201400010641;0;7;0;0;2;3;1;B01
201400010642;0;7;0;0;0;8;16;B01
201400010642;0;2;0;0;2;1;1;A01
201400010643;0;30;0;0;0;0;1;A01
201400010644;0;31;0;0;0;8;1;A01
201400010645;0;7;0;0;0;8;15;B01
201400010645;0;33;0;0;2;1;2;A01
201400010646;0;10;0;0;0;8;15;B01
201400010646;0;30;0;0;2;1;1;A01
201400010647;0;7;0;0;2;3;13;A01
201400010647;0;7;0;0;0;3;1;B01
201400010648;0;30;0;0;0;7;1;B01
201400010648;0;10;0;0;2;1;1;A01
201400010649;0;7;0;0;1;5;20;A01
201400010650;0;30;0;0;0;7;16;A01
201400010651;0;7;0;7;0;1;1;A01
201400010652;0;32;0;0;2;8;13;A01
201400010652;0;7;0;0;0;8;1;B01
201400010653;0;30;0;0;0;0;0;A01
201400010654;0;33;0;0;0;5;2;B01
201400010654;0;7;0;0;2;1;2;A01
201400010655;0;30;0;0;0;0;0;A01
201400010656;0;30;0;0;0;0;17;A01
201400010657;0;30;0;0;0;0;0;A01
201400010658;0;7;0;0;1;1;1;A01
201400010659;0;7;0;0;0;4;2;B01
201400010659;0;33;0;0;2;1;2;A01
201400010660;0;7;0;0;2;1;2;A01
201400010660;0;7;0;0;0;4;2;B01
201400010661;0;7;0;0;1;0;1;A01
201400010662;0;7;0;0;2;3;1;A01
201400010662;0;7;0;0;2;3;1;B01
201400010663;0;33;0;0;2;7;1;B01
201400010663;0;7;0;0;2;3;9;A01
201400010664;0;10;0;0;2;1;1;B01
201400010664;0;7;0;0;0;3;15;A01
201400010665;0;7;0;0;1;1;1;A01
201400010666;0;10;0;0;1;2;1;A01
201400010667;0;30;0;0;0;0;0;A01
201400010668;0;7;0;0;0;8;19;B01
201400010668;0;2;0;0;2;1;1;A01
201400010669;0;33;0;0;0;0;13;A01
201400010670;0;31;0;0;2;1;1;A01
201400010670;0;31;0;0;2;1;1;B01
201400010671;0;30;0;0;9;7;1;A01
201400010672;0;7;0;6;0;2;1;A01
201400010673;0;3;0;0;0;0;0;A01
201400010674;0;10;0;16;0;1;1;A01
201400010675;0;10;0;0;2;1;1;B01
201400010675;0;30;0;0;2;1;5;A01
201400010676;0;30;0;0;0;0;1;A01
201400010677;0;7;0;6;0;1;0;A01
201400010678;0;30;0;0;0;7;1;A01
201400010679;0;33;0;0;0;1;0;B01
201400010679;0;7;0;0;2;3;0;A01
201400010680;0;33;0;13;0;7;0;A01
201400010681;0;7;0;0;2;1;1;C01
201400010681;0;7;0;0;2;6;2;B01
201400010681;0;7;0;0;2;2;2;A01
201400010682;0;7;0;0;2;2;23;B01
201400010682;0;1;0;0;2;1;13;A01
201400010683;0;34;0;0;2;8;1;B01
201400010683;0;30;0;0;2;8;13;A01
201400010684;0;7;0;0;0;3;1;A01
201400010684;0;7;0;0;0;5;15;B01
201400010685;0;7;0;0;0;6;15;B01
201400010685;0;2;0;0;2;1;1;A01
201400010686;0;7;0;0;0;3;15;B01
201400010686;0;33;0;0;2;1;17;A01
201400010687;0;30;0;12;0;2;1;A01
201400010688;0;30;0;0;0;8;1;A01
201400010689;0;7;0;0;0;1;1;B01
201400010689;0;7;0;0;0;1;15;A01
201400010690;0;7;0;0;2;1;2;B01
201400010690;0;7;0;0;2;1;2;A01
201400010691;0;7;0;0;2;8;15;B01
201400010691;0;30;0;0;2;1;2;A01
201400010692;0;10;0;0;2;3;15;A01
201400010692;0;33;0;0;2;1;1;B01
201400010693;0;7;0;0;2;3;16;B01
201400010693;0;7;0;0;2;3;13;A01
201400010694;0;7;0;0;1;7;24;A01
201400010695;0;33;0;0;0;1;2;A01
201400010696;0;7;0;0;2;8;15;B01
201400010696;0;2;0;0;2;1;17;A01
201400010697;0;7;0;0;0;9;0;A01
201400010698;0;7;0;0;2;2;11;A01
201400010698;0;2;0;0;2;1;2;B01
201400010699;0;30;0;0;0;0;2;A01
201400010700;0;30;0;0;1;1;1;A01
201400010701;0;33;0;0;2;1;1;B01
201400010701;0;7;0;0;2;7;15;A01
201400010702;0;7;0;4;0;2;1;A01
201400010703;0;7;0;0;2;1;2;A01
201400010703;0;7;0;0;0;4;2;B01
201400010704;0;30;0;0;0;0;0;A01
201400010705;0;7;0;2;0;1;1;A01
201400010706;0;30;0;0;2;3;17;A01
201400010706;0;7;0;0;0;3;15;B01
201400010707;0;10;0;0;2;2;2;A01
201400010707;0;1;0;0;0;8;2;B01
201400010708;0;33;0;0;2;1;0;B01
201400010708;0;7;0;14;0;3;13;A01
201400010709;0;31;0;0;0;0;0;A01
201400010710;0;33;0;0;0;7;16;A01
201400010711;0;7;0;0;0;2;16;B01
201400010711;0;7;0;0;2;3;2;A01
201400010712;0;7;0;0;2;1;2;A01
201400010712;0;7;0;0;2;4;2;B01
201400010713;0;7;0;0;2;3;1;B01
201400010713;0;33;0;0;2;3;17;A01
201400010714;0;2;0;0;2;8;1;B01
201400010714;1;7;0;0;2;3;15;Z01
201400010715;0;2;0;0;0;0;1;A01
201400010716;0;32;0;0;0;3;2;B01
201400010716;0;7;0;0;2;1;11;A01
201400010717;0;2;0;0;2;1;1;B01
201400010717;0;7;0;0;0;1;15;A01
201400010718;0;7;0;6;0;1;13;A01
201400010719;0;7;0;0;2;4;2;B01
201400010719;0;7;0;0;2;1;2;A01
201400010720;0;7;0;0;2;1;0;B01
201400010720;0;7;0;0;2;1;0;A01
201400010721;0;7;0;0;2;3;15;B01
201400010721;0;30;0;0;2;1;3;A01
201400010722;0;33;0;0;2;1;0;A01
201400010722;0;7;0;0;2;3;15;B01
201400010723;0;7;0;0;2;6;1;B01
201400010723;0;7;0;0;2;3;1;C01
201400010723;0;32;0;0;2;1;2;A01
201400010724;0;7;0;0;2;4;23;C01
201400010724;0;7;0;0;2;4;23;B01
201400010724;0;7;0;0;2;1;1;A01
201400010725;0;7;0;0;0;4;2;B01
201400010725;0;13;0;0;0;2;2;A01
201400010726;0;34;0;0;2;1;3;B01
201400010726;0;7;0;0;2;8;10;A01
201400010727;0;7;0;2;0;1;13;A01
201400010728;0;7;0;0;0;2;2;A01
201400010728;0;7;0;0;0;6;16;B01
201400010729;0;37;1;0;0;8;1;B01
201400010729;0;7;0;0;0;1;1;A01
201400010730;0;7;0;12;0;0;14;A01
201400010731;0;7;0;0;0;4;15;B01
201400010731;0;7;0;0;0;1;1;A01
201400010732;0;7;0;8;0;1;1;A01
201400010733;0;7;0;0;2;2;15;A01
201400010733;0;10;0;0;2;3;1;B01
201400010734;0;33;0;0;2;3;2;B01
201400010734;0;7;0;0;2;3;15;A01
201400010735;0;7;0;0;2;1;0;B01
201400010735;0;7;0;0;2;1;0;A01
201400010736;0;7;0;6;0;1;19;A01
201400010737;0;34;0;0;2;4;1;B01
201400010737;0;7;0;0;2;1;1;A01
201400010738;0;30;0;0;2;1;1;B01
201400010738;0;7;0;0;2;1;15;A01
201400010739;0;7;0;0;0;3;1;C01
201400010739;0;7;0;0;0;6;23;B01
201400010739;0;30;0;0;0;1;2;A01
201400010740;0;33;0;0;2;1;2;B01
201400010740;0;7;0;0;0;6;2;A01
201400010741;0;7;0;0;0;4;2;B01
201400010741;0;7;0;0;2;1;2;A01
201400010742;0;7;0;0;2;1;1;B01
201400010742;0;10;0;0;2;1;6;A01
201400010743;0;7;0;0;2;3;13;A01
201400010743;0;7;0;13;2;3;1;B01
201400010743;0;7;0;0;2;6;1;C01
201400010744;0;7;0;4;0;2;14;A01
201400010745;0;33;0;0;0;0;0;A01
201400010746;0;7;0;2;0;1;14;A01
201400010747;0;7;0;0;1;2;1;A01
201400010748;0;7;0;0;2;3;13;A01
201400010748;0;7;0;0;2;3;1;B01
201400010749;0;1;0;0;0;0;0;A01
201400010750;0;32;0;0;0;8;1;A01
201400010751;0;7;0;0;2;1;1;B01
201400010751;0;7;0;0;2;1;0;A01
201400010752;0;33;0;14;0;1;2;A01
201400010753;0;7;0;0;0;1;1;B01
201400010753;0;32;0;0;2;1;13;A01
201400010754;0;7;0;0;2;2;1;A01
201400010754;0;31;0;0;2;1;1;B01
201400010755;0;30;0;0;2;1;1;B01
201400010755;0;7;0;0;2;3;15;A01
201400010756;0;10;0;0;2;4;2;B01
201400010756;0;33;0;0;2;1;2;A01
201400010757;0;30;0;0;2;1;5;A01
201400010757;0;2;0;0;0;1;1;B01
201400010758;1;7;0;0;1;1;1;A01
201400010759;0;2;0;12;2;3;13;A01
201400010759;0;7;0;0;2;3;1;B01
201400010760;0;7;0;0;2;8;1;B01
201400010760;0;2;0;1;2;7;17;A01
201400010761;0;7;0;0;2;5;15;A01
201400010761;0;33;0;0;2;1;1;B01
201400010762;0;7;0;0;2;2;1;B01
201400010762;0;7;0;0;2;1;15;A01
201400010763;0;7;0;0;1;2;17;A01
201400010764;0;7;0;0;2;1;1;A01
201400010764;0;34;0;0;0;4;1;B01
201400010765;0;7;0;0;0;4;2;B01
201400010765;0;32;0;0;2;1;2;A01
201400010766;0;1;0;0;0;4;1;A01
201400010766;1;7;0;0;2;1;1;Z01
201400010767;0;32;0;0;2;1;17;A01
201400010767;0;7;0;0;2;8;15;B01
201400010768;0;7;0;0;0;0;15;A01
201400010768;0;7;0;0;0;3;13;D01
201400010768;0;32;0;0;2;1;1;C01
201400010768;0;32;0;0;2;1;13;B01
201400010769;0;7;0;0;1;2;1;A01
201400010770;0;32;0;0;2;2;17;B01
201400010770;0;7;0;0;0;8;15;A01
201400010771;0;32;0;0;2;1;1;B01
201400010771;0;7;0;0;2;3;20;A01
201400010772;0;7;0;0;2;7;1;B01
201400010772;0;7;0;0;2;1;9;A01
201400010773;1;7;0;0;2;2;17;A01
201400010773;0;37;5;0;0;6;0;C01
201400010773;0;7;0;1;2;3;13;B01
201400010774;0;7;0;1;0;1;1;A01
201400010774;0;7;0;0;0;4;1;B01
201400010775;0;7;0;1;0;3;1;A01
201400010776;1;7;0;0;0;8;20;Z01
201400010776;0;34;0;0;2;2;21;A01
201400010777;0;32;0;0;2;8;0;B01
201400010777;0;7;0;0;2;2;9;A01
201400010778;0;37;4;0;1;7;23;A01
201400010779;0;7;0;0;1;4;4;A01
201400010780;0;33;0;0;2;1;1;B01
201400010780;0;3;0;0;2;3;9;A01
201400010781;0;33;0;0;2;1;1;B01
201400010781;0;7;0;0;2;2;15;A01
201400010782;0;10;0;0;2;3;16;A01
201400010782;0;32;0;0;2;1;1;B01
201400010783;0;7;0;0;2;3;15;B01
201400010783;0;33;0;0;2;1;2;A01
201400010784;0;30;0;0;2;3;0;A01
201400010784;0;10;0;0;0;8;0;B01
201400010785;0;10;0;0;2;1;1;B01
201400010785;0;7;0;0;2;1;0;A01
201400010786;0;7;0;0;2;1;1;B01
201400010786;0;34;0;0;2;1;0;A01
201400010786;0;7;0;0;2;1;23;C01
201400010787;0;7;0;0;1;2;1;A01
201400010788;0;30;0;0;1;8;1;A01
201400010789;0;3;0;0;0;8;15;A01
201400010789;0;2;0;0;2;8;17;B01