num_acc;senc;catv;occutc;obs;obsm;choc;manv;num_veh
201400011137;0;7;0;0;2;3;11;A01
201400011138;0;33;0;0;2;8;1;B01
201400011138;0;7;0;0;2;1;15;A01
201400011139;0;2;0;0;1;1;1;A01
201400011140;0;31;0;0;2;1;2;A01
201400011140;0;10;0;0;2;6;1;B01
201400011141;0;10;0;0;2;5;20;A01
201400011141;0;2;0;0;2;1;1;C01
201400011141;0;7;0;0;2;1;21;B01
201400011142;0;2;0;9;0;1;1;A01
201400011143;0;31;0;0;1;1;1;A01
201400011144;0;7;0;0;2;3;1;A01
201400011144;0;31;0;0;2;1;1;B01
201400011145;0;32;0;0;2;2;1;A01
201400011145;0;7;0;0;2;4;1;B01
201400011146;0;10;0;0;1;1;15;A01
201400011147;0;7;0;0;2;5;15;A01
201400011147;0;33;0;0;2;1;1;B01
201400011148;0;1;0;0;2;0;9;B01
201400011148;0;7;0;0;2;1;1;A01
201400011149;0;32;0;0;2;7;0;A01
201400011149;0;33;0;0;2;8;0;B01
201400011150;0;34;0;0;2;0;1;B01
201400011150;0;31;0;0;2;0;15;A01
201400011151;0;7;0;0;2;4;2;B01
201400011151;0;2;0;0;2;1;2;A01
201400011152;0;2;0;0;2;8;9;A01
201400011152;0;32;0;0;0;0;1;B01
201400011153;0;31;0;0;2;7;1;B01
201400011153;0;7;0;0;2;3;10;A01
201400011154;0;2;0;1;2;1;18;B01
201400011154;0;7;0;0;2;7;1;C01
201400011154;0;7;0;0;2;8;23;A01
201400011155;0;7;0;0;2;1;1;A01
201400011155;0;1;0;0;2;6;0;B01
201400011156;0;10;0;0;2;1;2;A01
201400011156;0;7;0;0;2;4;2;B01
201400011157;0;2;0;0;2;1;1;B01
201400011157;0;7;0;0;2;3;15;A01
201400011158;0;32;0;0;2;1;5;A01
201400011158;0;10;0;0;2;1;1;B01
201400011159;0;33;0;0;2;1;1;B01
201400011159;0;10;0;0;2;4;4;A01
201400011160;0;7;0;0;2;1;1;B01
201400011160;0;7;0;0;2;8;15;A01
201400011161;0;7;0;1;0;1;14;A01
201400011162;0;10;0;0;2;1;0;B01
201400011162;0;10;0;0;2;1;0;A01
201400011163;0;10;0;0;2;7;0;A01
201400011163;0;31;0;0;2;8;1;B01
201400011164;0;32;0;0;2;0;0;B01
201400011164;0;7;0;0;2;1;0;A01
201400011165;0;31;0;0;2;3;9;A01
201400011165;0;7;0;0;2;8;1;B01
201400011166;0;7;0;0;2;7;15;A01
201400011166;0;31;0;0;2;1;1;B01
201400011167;0;33;0;7;0;1;1;A01
201400011168;0;31;0;0;2;1;1;B01
201400011168;0;7;0;0;2;1;9;A01
201400011169;0;7;0;0;2;2;0;B01
201400011169;0;2;0;0;2;3;1;A01
201400011170;0;33;0;0;2;4;1;B01
201400011170;0;2;0;0;2;1;1;A01
201400011171;0;7;0;0;1;8;1;A01
201400011172;0;31;0;1;2;1;1;B01
201400011172;0;7;0;0;2;5;12;A01
201400011173;0;7;0;0;1;1;1;A01
201400011174;0;31;0;0;2;1;1;B01
201400011174;0;7;0;0;2;2;10;A01
201400011175;0;7;0;0;2;0;2;A01
201400011175;0;10;0;0;2;2;14;B01
201400011176;0;7;0;0;2;1;1;B01
201400011176;0;7;0;0;2;2;1;A01
201400011177;0;7;0;0;2;8;1;B01
201400011177;0;2;0;0;2;1;12;A01
201400011178;0;7;0;0;2;8;22;A01
201400011178;0;7;0;0;2;7;0;C01
201400011178;0;2;0;0;2;0;0;B01
201400011179;0;30;0;0;2;1;18;B01
201400011179;0;7;0;0;2;2;16;A01
201400011180;0;31;0;1;2;1;1;B01
201400011180;0;7;0;0;2;3;22;A01
201400011180;0;7;0;0;2;7;2;C01
201400011181;0;32;0;0;2;1;1;B01
201400011181;0;30;0;0;2;1;1;A01
201400011182;0;40;1;0;1;7;1;A01
201400011183;0;32;0;0;2;0;1;B01
201400011183;0;32;0;0;2;0;1;A01
201400011183;0;7;0;0;2;4;1;C01
201400011184;0;7;0;0;2;4;1;B01
201400011184;0;10;0;0;2;1;1;A01
201400011185;0;2;0;0;1;1;1;A01
201400011186;0;33;0;0;1;1;1;A01
201400011187;0;7;0;0;2;3;0;A01
201400011187;0;32;0;0;2;1;1;B01
201400011188;0;31;0;0;2;0;0;A01
201400011188;0;10;0;0;2;0;15;B01
201400011189;0;7;0;0;2;0;0;B01
201400011189;0;2;0;0;2;0;0;A01
201400011190;0;14;0;0;2;3;1;B01
201400011190;0;7;0;0;2;7;9;A01
201400011191;0;7;0;0;2;7;22;B01
201400011191;0;34;0;1;0;3;1;A01
201400011192;0;7;0;0;2;4;23;B01
201400011192;1;7;0;0;2;4;4;A01
201400011193;0;32;0;1;0;0;14;A01
201400011194;0;7;0;0;2;1;0;B01
201400011194;0;31;0;3;2;1;0;A01
201400011195;0;7;0;1;0;9;1;A01
201400011196;0;7;0;0;2;3;20;C01
201400011196;0;7;0;0;2;1;2;A01
201400011196;0;31;0;0;2;4;1;B01
201400011197;0;7;0;0;2;1;1;B01
201400011197;0;2;0;0;2;1;1;A01
201400011198;0;2;0;0;2;5;1;B01
201400011198;0;7;0;0;2;5;4;A01
201400011199;0;31;0;0;1;1;1;B01
201400011199;0;10;0;0;2;3;15;A01
201400011200;0;7;0;0;2;7;16;B01
201400011200;0;34;0;0;2;3;0;A01
201400011201;0;7;0;0;2;1;0;A01
201400011201;0;7;0;0;2;1;1;B01
201400011202;0;7;0;0;2;3;15;A01
201400011202;0;31;0;0;2;1;17;B01
201400011203;0;33;0;1;0;9;1;A01
201400011203;0;7;0;0;2;1;0;B01
201400011204;0;10;0;0;2;4;2;B01
201400011204;0;33;0;0;2;1;1;A01
201400011205;0;7;0;0;2;3;23;B01
201400011205;0;33;0;0;2;1;17;A01
201400011206;0;1;0;0;2;1;1;B01
201400011206;0;1;0;0;2;1;13;A01
201400011207;0;10;0;0;0;0;1;B01
201400011207;0;2;0;0;0;1;2;A01
201400011208;0;37;17;0;2;3;7;B01
201400011208;0;7;0;0;2;5;12;A01
201400011209;0;7;0;0;1;7;1;A01
201400011210;0;7;0;3;0;1;1;A01
201400011211;0;7;0;0;2;1;15;A01
201400011211;0;7;0;0;2;1;1;B01
201400011212;0;7;0;0;2;4;1;C01
201400011212;0;7;0;0;2;1;2;A01
201400011212;0;7;0;0;2;4;2;B01
201400011213;0;7;0;0;2;6;23;C01
201400011213;0;7;0;0;2;4;23;D01
201400011213;0;7;0;14;2;1;1;A01
201400011213;0;10;0;14;2;4;2;B01
201400011214;0;33;0;0;2;8;1;B01
201400011214;0;10;0;7;2;4;4;A01
201400011215;0;7;0;0;2;5;1;B01
201400011215;0;2;0;0;2;1;2;A01
201400011216;0;33;0;0;2;1;1;B01
201400011216;0;7;0;0;2;2;1;A01
201400011217;0;7;0;0;2;4;23;B01
201400011217;0;32;0;0;2;1;1;A01
201400011218;0;7;0;0;4;2;15;A01
201400011218;0;33;0;0;2;1;1;B01
201400011219;0;33;0;1;2;1;21;B01
201400011219;0;1;0;0;2;1;5;A01
201400011220;0;31;0;0;2;4;2;B01
201400011220;0;7;0;0;2;1;2;A01
201400011221;0;7;0;0;2;7;15;B01
201400011221;0;31;0;0;2;1;1;A01
201400011222;0;1;0;0;2;1;1;A01
201400011222;0;7;0;0;2;1;1;B01
201400011223;0;7;0;0;2;2;1;A01
201400011223;0;37;1;0;2;2;1;B01
201400011224;0;32;0;0;1;1;1;A01
201400011225;0;2;0;0;1;1;1;A01
201400011226;0;33;0;0;2;1;1;A01
201400011226;0;7;0;0;2;4;1;B01
201400011227;0;10;0;3;0;1;19;A01
201400011228;0;7;0;0;2;1;15;A01
201400011228;0;33;0;0;2;8;1;B01
201400011229;0;7;0;1;1;3;0;A01
201400011230;0;7;0;8;1;1;0;A01
201400011231;0;40;2;0;1;2;1;A01
201400011232;0;10;0;0;2;1;2;A01
201400011232;0;7;0;0;2;4;2;C01
201400011232;0;7;0;0;2;4;2;B01
201400011233;0;7;0;0;2;8;1;B01
201400011233;0;33;0;0;2;1;1;A01
201400011234;0;7;0;0;1;1;1;A01
201400011235;0;33;0;0;2;2;1;B01
201400011235;0;7;0;0;2;7;16;A01
201400011236;0;7;0;0;2;7;14;B01
201400011236;0;33;0;0;2;8;1;A01
201400011237;0;7;0;0;1;3;1;A01
201400011238;0;10;0;0;1;2;1;A01
201400011239;0;31;0;0;1;1;1;A01
201400011240;0;7;0;0;2;2;15;A01
201400011240;0;32;0;0;2;1;1;B01
201400011241;0;33;0;0;2;8;1;B01
201400011241;0;7;0;0;2;1;1;A01
201400011242;0;37;10;15;1;2;0;A01
201400011243;0;3;0;0;2;3;9;A01
201400011243;0;34;0;0;2;1;1;B01
201400011244;0;7;0;0;2;2;1;A01
201400011244;0;34;0;0;2;8;1;B01
201400011245;0;7;0;0;2;3;13;A01
201400011245;0;7;0;0;2;3;1;B01
201400011246;0;99;0;0;0;0;1;A01
201400011246;0;34;0;0;0;0;0;B01
201400011247;0;7;0;0;1;2;16;A01
201400011248;0;7;0;1;2;1;13;A01
201400011248;0;7;0;0;2;1;1;B01
201400011249;0;2;0;0;2;1;18;A01
201400011249;0;7;0;0;2;7;16;B01
201400011250;0;7;0;0;2;0;1;B01
201400011250;0;31;0;0;2;1;1;A01
201400011251;0;7;0;0;1;4;4;A01
201400011252;0;30;0;0;2;1;15;A01
201400011252;0;33;0;0;2;1;1;B01
201400011253;0;7;0;0;2;5;1;B01
201400011253;0;33;0;0;2;1;12;A01
201400011254;0;7;0;0;2;7;11;A01
201400011254;0;30;0;0;2;1;1;B01
201400011255;0;31;0;0;2;1;5;B01
201400011255;0;10;0;0;2;1;15;A01
201400011256;0;1;0;0;2;8;1;B01
201400011256;0;7;0;0;2;7;17;A01
201400011257;0;7;0;0;2;2;15;B01
201400011257;0;30;0;0;2;1;1;A01
201400011258;0;7;0;0;1;3;1;A01
201400011259;0;31;0;0;2;1;1;B01
201400011259;0;7;0;0;2;2;15;A01
201400011260;0;7;0;2;0;2;0;A01
201400011261;0;10;0;0;2;4;1;B01
201400011261;0;2;0;0;2;1;1;A01
201400011262;0;7;0;0;1;1;0;A01
201400011263;0;14;0;0;1;0;0;A01
201400011264;0;7;0;0;2;3;2;B01
201400011264;0;7;0;0;2;1;1;A01
201400011265;0;7;0;0;2;8;10;A01
201400011265;0;30;0;0;2;1;1;B01
201400011266;0;33;0;0;2;1;13;A01
201400011266;0;10;0;0;2;3;1;B01
201400011267;0;7;0;0;2;4;2;C01
201400011267;0;10;0;0;2;1;1;A01
201400011267;0;7;0;1;2;4;2;B01
201400011268;0;7;0;0;1;1;1;A01
201400011269;0;7;0;0;1;1;1;A01
201400011270;0;2;0;0;1;1;1;A01
201400011271;0;7;0;4;0;8;1;A01
201400011272;0;7;0;0;2;1;1;B01
201400011272;0;1;0;0;2;0;19;A01
201400011273;2;32;0;0;2;0;1;B01
201400011273;0;33;0;0;2;8;1;A01
201400011274;0;31;0;0;2;0;1;B01
201400011274;0;7;0;0;2;0;1;A01
201400011275;0;7;0;0;2;4;1;B01
201400011275;0;2;0;0;2;1;2;A01
201400011276;0;7;0;0;2;1;1;A01
201400011276;0;30;0;0;2;1;1;B01
201400011277;0;7;0;0;1;3;1;A01
201400011278;0;31;0;14;2;1;2;B01
201400011278;0;33;0;13;2;1;1;A01
201400011279;0;7;0;0;2;1;15;A01
201400011279;0;33;0;0;2;1;1;B01
201400011280;0;2;0;0;1;1;17;A01
201400011281;0;7;0;0;2;6;9;A01
201400011281;0;33;0;0;2;1;1;B01
201400011282;0;33;0;5;0;0;1;A01
201400011283;0;31;0;0;2;1;1;B01
201400011283;0;7;0;0;2;1;1;A01
201400011284;0;7;0;0;1;1;1;A01
201400011285;0;7;0;0;2;8;15;A01
201400011285;0;2;0;0;2;1;17;B01
201400011286;0;7;0;0;2;3;1;B01
201400011286;0;7;0;0;2;1;1;A01
201400011287;0;7;0;0;2;3;15;A01
201400011287;0;37;10;0;2;7;1;B01
201400011288;0;2;0;0;2;4;1;B01
201400011288;0;7;0;0;2;1;1;A01
201400011289;0;7;0;0;1;1;1;A01
201400011290;0;7;0;0;2;8;9;A01
201400011290;0;33;0;0;2;7;1;B01
201400011291;0;7;0;0;1;3;1;A01
201400011292;0;37;1;0;1;0;1;A01
201400011293;0;10;0;0;1;1;15;A01
201400011294;0;33;0;0;2;7;17;A01
201400011294;0;7;0;0;2;3;15;B01
201400011295;0;7;0;0;2;1;2;A01
201400011295;0;7;0;0;2;4;23;B01
201400011296;0;33;0;1;0;0;13;A01
201400011297;0;31;0;0;2;0;1;A01
201400011297;0;7;0;0;2;4;1;B01
201400011298;0;7;0;0;2;7;15;A01
201400011298;0;33;0;0;2;9;1;B01
201400011298;0;7;0;0;2;7;0;C01
201400011299;0;7;0;0;2;3;11;A01
201400011299;0;7;0;0;2;5;23;B01
201400011300;0;31;0;0;0;2;1;A01
201400011301;1;7;0;0;2;0;15;A01
201400011301;0;2;0;0;2;1;1;B01
201400011302;0;7;0;0;2;1;1;A01
201400011302;0;2;0;0;2;3;0;B01
201400011303;0;2;0;0;2;0;1;B01
201400011303;1;7;0;0;2;0;16;A01
201400011304;0;7;0;0;2;3;15;A01
201400011304;0;31;0;0;2;1;1;B01
201400011305;0;7;0;0;1;1;15;A01
201400011306;0;7;0;0;2;2;1;B01
201400011306;2;7;0;1;2;1;1;A02
201400011307;0;2;0;0;2;1;5;A01
201400011307;0;7;0;0;2;1;1;B01
201400011308;0;2;0;1;0;1;1;B01
201400011309;0;2;0;0;1;1;17;A01
201400011310;0;7;0;0;2;3;0;A01
201400011310;0;38;1;0;2;3;1;B01
201400011311;0;7;0;0;1;1;1;A01
201400011312;0;7;0;0;2;1;1;A01
201400011312;0;7;0;7;2;8;7;B01
201400011313;0;7;0;0;2;3;13;A01
201400011313;0;31;0;0;2;9;1;B01
201400011314;0;2;0;0;2;9;1;B01
201400011314;0;33;0;0;2;3;1;A01
201400011315;0;7;0;0;2;5;1;A01
201400011315;0;7;0;0;2;1;1;B01
201400011316;0;7;0;0;2;3;1;B01
201400011316;0;7;0;0;2;2;15;A01
201400011317;0;32;0;0;2;0;1;A01
201400011317;0;7;0;0;2;5;1;B01
201400011318;0;7;0;0;2;6;1;B01
201400011318;0;32;0;0;2;1;21;A01
201400011319;0;7;0;0;2;2;15;A01
201400011319;0;33;0;0;2;1;21;B01
201400011320;0;33;0;0;2;1;1;A01
201400011320;0;7;0;0;2;4;2;B01
201400011321;0;7;0;0;2;8;10;A01
201400011321;0;31;0;0;2;1;21;B01
201400011322;0;7;0;0;1;2;16;A01
201400011323;0;7;0;0;2;5;1;B01
201400011323;0;2;0;0;2;1;9;A01
201400011324;0;7;0;0;2;4;4;A01
201400011324;0;31;0;0;2;8;15;B01
201400011325;0;31;0;0;2;1;1;B01
201400011325;0;7;0;0;2;4;1;A01
201400011326;0;7;0;0;2;6;1;B01
201400011326;0;31;0;0;2;1;1;A01
201400011327;0;14;0;0;2;1;1;A01
201400011327;0;10;0;0;2;4;1;C01
201400011327;0;2;0;0;2;4;1;D01
201400011327;0;7;0;0;2;4;1;B01
201400011328;0;7;0;0;2;2;16;B01
201400011328;0;2;0;0;2;7;1;A01
201400011329;0;7;0;0;1;2;1;A01
201400011330;0;7;0;0;1;1;1;A01
201400011331;0;7;0;0;2;1;9;A01
201400011331;0;33;0;0;2;1;1;B01
201400011332;0;10;0;0;2;4;2;B01
201400011332;0;31;0;0;2;1;1;A01
201400011333;0;7;0;0;2;1;1;A01
201400011333;0;32;0;0;2;7;1;B01
201400011334;0;7;0;0;2;1;1;A01
201400011334;0;2;0;0;2;4;2;B01
201400011335;0;30;0;0;2;1;1;B01
201400011335;0;7;0;0;2;1;15;A01
201400011336;0;33;0;0;1;1;17;A01
201400011337;0;34;0;0;1;1;1;A01
201400011338;0;7;0;0;2;1;1;B01
201400011338;0;34;0;0;2;1;1;A01
201400011339;0;7;0;0;1;1;1;A01
201400011340;0;7;0;0;2;8;1;A01
201400011340;0;33;0;0;2;1;1;B01
201400011341;0;7;0;1;2;4;24;B01
201400011341;0;7;0;1;0;1;1;A01
201400011342;0;7;0;0;1;1;1;A01
201400011343;0;7;0;0;2;2;9;A01
201400011343;0;31;0;1;2;1;17;B01
201400011344;0;7;0;0;2;4;2;B01
201400011344;0;7;0;0;2;1;2;A01
201400011344;0;7;0;0;2;4;2;C01
201400011345;0;15;0;0;2;7;1;B01
201400011345;0;33;0;0;2;4;2;A01
201400011346;0;13;0;0;2;2;15;B01
201400011346;0;7;0;0;2;8;15;A01
201400011347;0;30;0;0;2;1;1;B01
201400011347;0;7;0;0;2;3;15;A01
201400011348;0;7;0;0;2;2;20;A01
201400011348;0;31;0;0;2;1;1;B01
201400011349;0;32;0;0;1;1;1;A01
201400011350;0;15;0;0;1;4;0;A01
201400011351;0;7;0;0;2;7;15;A01
201400011351;0;10;0;0;2;1;1;B01
201400011352;0;13;0;0;2;1;1;A01
201400011352;0;7;0;0;2;4;2;B01
201400011353;0;7;0;0;2;4;1;C01
201400011353;0;7;0;0;2;1;1;A01
201400011353;0;7;0;0;2;4;1;B01
201400011354;0;33;0;1;9;1;14;A01
201400011355;0;7;0;0;1;0;0;A01
201400011356;0;7;0;0;2;1;1;A01
201400011356;0;32;0;0;2;7;1;B01
201400011357;0;1;0;0;2;0;1;B01
201400011357;0;7;0;0;2;2;9;A01
201400011358;0;7;0;0;2;2;15;A01
201400011358;0;31;0;0;2;1;1;B01
201400011359;0;7;0;0;2;6;0;B01
201400011359;0;30;0;0;1;1;3;A01
201400011360;0;7;0;1;2;7;20;B01
201400011360;0;7;0;0;2;5;24;C01
201400011360;0;30;0;0;2;1;5;A01
201400011361;0;33;0;0;1;1;1;A01
201400011362;0;10;0;0;1;4;4;A01
201400011363;0;7;0;0;2;1;1;B01
201400011363;0;7;0;0;2;8;19;A01
201400011364;1;7;0;0;1;1;1;Z01
201400011365;0;7;0;0;1;1;1;A01
201400011366;0;7;0;0;2;4;1;A01
201400011366;0;7;0;0;2;4;2;C01
201400011366;0;7;0;0;2;1;2;D01
201400011366;0;7;0;0;2;4;1;B01
201400011367;0;33;0;0;2;9;1;B01
201400011367;0;7;0;0;2;3;15;A01
201400011368;0;31;0;0;2;1;1;B01
201400011368;0;7;0;0;2;3;11;A01
201400011369;0;30;0;0;1;1;3;A01
201400011370;0;7;0;0;2;4;2;C01
201400011370;0;7;0;0;2;1;1;A01
201400011370;0;7;0;0;2;1;1;B01
201400011371;0;7;0;0;2;2;1;A01
201400011371;0;33;0;0;2;8;1;B01
201400011372;0;7;0;0;2;2;19;A01
201400011372;0;2;0;0;2;0;1;B01
201400011373;0;7;0;0;1;1;1;A01
201400011373;0;7;0;0;2;2;1;B01
201400011374;0;7;0;0;2;1;13;A01
201400011374;0;2;0;0;2;1;1;B01
201400011375;0;33;0;0;2;1;1;B01
201400011375;0;7;0;0;2;7;19;A01
201400011376;0;7;0;0;2;3;15;B01
201400011376;0;33;0;0;2;1;0;A01
201400011377;0;31;0;0;2;0;1;B01
201400011377;0;7;0;0;2;0;15;A01
201400011378;0;2;0;8;0;8;14;A01
201400011379;0;7;0;0;1;1;1;A01
201400011380;0;33;0;0;2;7;1;B01
201400011380;0;7;0;0;2;2;1;A01
201400011381;0;7;0;6;0;1;1;A01
201400011382;0;33;0;6;0;1;0;A01
201400011383;0;33;0;0;0;0;1;A01
201400011384;0;33;0;0;2;4;2;A01
201400011384;0;33;0;0;2;4;2;B01
201400011385;0;2;0;0;2;8;1;A01
201400011385;0;7;0;0;2;1;1;B01
201400011386;0;2;0;0;1;3;1;A01
201400011387;0;7;0;0;2;7;1;A01
201400011387;0;37;1;0;2;2;1;B01
201400011388;0;7;0;0;2;1;1;B01
201400011388;0;7;0;0;2;1;5;A01
201400011389;0;2;0;0;2;1;1;B01
201400011389;0;7;0;0;2;1;15;A01
201400011390;0;31;0;0;2;1;5;A01
201400011390;0;7;0;0;2;1;1;B01
201400011391;0;7;0;0;1;1;15;A01
201400011392;0;7;0;0;1;1;1;C01
201400011392;0;7;0;0;2;0;1;B01
201400011392;0;7;0;0;6;1;1;A01
201400011393;0;33;0;0;2;1;1;B01
201400011393;0;7;0;0;2;7;15;A01
201400011394;0;7;0;9;2;9;1;A01
201400011394;0;7;0;0;2;1;1;B01
201400011395;0;7;0;0;2;1;1;A01
201400011395;0;7;0;0;2;4;2;B01
201400011396;0;7;0;0;2;8;1;B01
201400011396;0;10;0;0;2;7;14;A01
201400011397;0;10;0;0;2;3;10;A01
201400011397;0;2;0;0;2;1;1;B01
201400011398;0;7;0;0;2;4;1;B01
201400011398;0;7;0;0;2;1;1;A01
201400011399;0;30;0;0;2;1;1;A01
201400011399;0;7;0;0;2;0;1;B01
201400011400;0;2;0;0;2;1;1;A01
201400011400;0;1;0;0;2;4;19;B01
201400011401;0;32;0;0;1;1;1;A01
201400011402;0;34;0;0;2;2;1;B01
201400011402;0;7;0;0;2;3;23;A01
201400011403;0;38;1;0;2;1;2;A01
201400011403;0;2;0;0;2;4;1;B01
201400011404;0;7;0;0;1;2;1;A01
201400011405;0;7;0;0;2;1;2;A01
201400011405;0;30;0;0;2;4;2;B01
201400011406;0;30;0;0;0;0;2;B01
201400011406;0;7;0;0;0;0;14;A01
201400011407;0;10;0;0;2;8;10;A01
201400011407;0;2;0;0;2;1;2;B01
201400011408;0;7;0;0;2;1;19;A01
201400011408;0;33;0;0;2;1;1;B01
201400011409;0;7;0;0;2;1;1;A01
201400011409;0;7;0;0;2;1;1;D01
201400011409;0;7;0;0;2;8;1;C01
201400011409;0;7;0;0;2;1;1;B01
201400011410;0;10;0;0;1;1;15;A01
201400011411;0;7;0;0;2;1;2;A01
201400011411;0;30;0;0;2;4;2;B01
201400011412;0;10;0;0;1;0;15;A01
201400011413;0;2;0;0;2;1;1;B01
201400011413;0;7;0;0;2;5;12;A01
201400011414;0;1;0;1;0;1;14;A01
201400011415;0;7;0;0;2;8;9;A01
201400011415;0;32;0;0;2;7;1;B01
201400011416;0;2;0;0;2;1;1;B01
201400011416;0;7;0;0;2;1;9;A01
201400011417;0;17;0;0;2;3;1;B01
201400011417;0;7;0;0;2;7;9;A01
201400011418;0;7;0;0;2;2;15;A01
201400011418;0;1;0;0;2;1;1;B01
201400011419;0;7;0;0;1;1;1;A01
201400011420;0;1;0;0;1;1;1;A01
201400011421;0;7;0;0;2;1;1;B01
201400011421;0;7;0;0;2;3;15;A01
201400011422;0;40;1;0;1;2;1;A01
201400011423;0;2;0;8;0;8;1;A01
201400011424;0;31;0;0;2;7;17;A01
201400011424;0;7;0;0;2;3;15;B01
201400011425;0;30;0;0;2;1;1;A01
201400011425;0;7;0;0;2;3;1;B01
201400011426;0;7;0;2;0;2;0;A01
201400011427;0;33;0;0;2;0;1;B01
201400011427;0;2;0;0;2;0;16;A01
201400011428;0;31;0;0;0;7;21;A01
201400011428;0;14;0;0;0;0;4;B01
201400011429;0;7;0;0;2;8;1;B01
201400011429;0;31;0;0;2;1;1;A01
201400011430;0;31;0;1;0;1;16;A01
201400011431;0;7;0;0;2;1;1;A01
201400011431;0;7;0;0;2;4;2;B01
201400011432;0;10;0;0;1;2;1;A01
201400011433;0;37;20;0;2;7;16;B01
201400011433;0;33;0;0;2;8;0;A01
201400011434;0;7;0;0;2;7;1;B01
201400011434;0;33;0;0;2;1;1;A01
201400011435;0;7;0;0;2;4;2;D01
201400011435;0;7;0;0;2;4;2;B01
201400011435;0;7;0;0;2;4;2;C01
201400011435;0;7;0;0;2;1;2;A01
201400011436;0;7;0;0;2;6;13;A01
201400011436;0;33;0;6;2;2;1;B01
201400011437;0;7;0;0;2;2;15;A01
201400011437;0;7;0;0;2;1;1;B01
201400011438;0;33;0;0;2;2;2;B01
201400011438;0;7;0;0;2;3;13;A01
201400011439;0;33;0;12;0;1;1;A01
201400011440;0;7;0;0;1;2;1;A01
201400011441;0;33;0;0;2;7;16;A01
201400011441;0;2;0;0;2;8;1;B01
201400011442;0;7;0;0;2;3;15;B01
201400011442;0;33;0;0;2;7;17;A01
201400011443;0;2;0;0;0;1;0;A01
201400011444;0;33;0;3;0;1;0;A01
201400011445;0;7;0;0;1;1;15;A01
201400011446;0;7;0;0;2;1;2;A01
201400011446;0;7;0;0;2;4;1;B01
201400011447;0;7;0;0;2;3;9;B01
201400011447;0;2;0;0;2;1;17;A01
201400011448;0;7;0;0;2;1;1;A01
201400011448;0;10;0;0;2;3;1;B01
201400011449;0;7;0;0;1;1;1;A01
201400011450;0;32;0;0;2;2;1;A01
201400011450;0;7;0;0;2;3;1;B01
201400011451;0;1;0;0;1;1;0;A01
201400011452;0;31;0;0;2;1;1;B01
201400011452;0;1;0;0;2;0;1;A01
201400011453;0;7;0;1;2;1;15;B01
201400011453;0;7;0;0;2;2;1;A01
201400011454;0;7;0;0;2;1;15;A01
201400011454;0;31;0;0;2;1;1;B01
201400011455;0;7;0;0;1;3;1;A01
201400011456;0;2;0;0;2;1;0;A01
201400011456;0;7;0;0;2;4;2;B01
201400011457;0;7;0;0;1;4;4;A01
201400011458;0;33;0;0;2;1;17;A01
201400011458;0;7;0;0;2;1;15;B01
201400011459;0;7;0;0;2;4;1;B01
201400011459;0;7;0;0;2;1;1;A01
201400011460;0;31;0;0;2;7;1;B01
201400011460;0;7;0;0;2;8;9;A01
201400011461;0;2;0;0;2;4;2;B01
201400011461;0;7;0;0;2;3;2;A01
201400011462;0;7;0;0;1;1;1;A01
201400011463;0;33;0;0;1;1;1;A01
201400011464;0;7;0;14;0;1;1;A01
201400011464;0;7;0;0;2;4;2;C01
201400011464;0;7;0;14;2;4;2;B01
201400011465;0;7;0;0;2;1;1;B01
201400011465;0;7;0;0;2;7;15;A01
201400011466;0;33;0;0;2;1;13;B01
201400011466;0;7;0;0;2;2;9;A01
201400011467;0;7;0;0;2;2;15;A01
201400011467;0;7;0;0;2;1;1;B01
201400011468;0;7;0;0;1;0;1;A01
201400011469;0;7;0;0;2;2;1;B01
201400011469;0;7;0;0;2;7;15;A01
201400011470;0;31;0;0;2;1;1;B01
201400011470;0;7;0;0;2;5;15;A01
201400011471;0;32;0;0;2;1;1;A01
201400011471;0;10;0;0;2;5;2;B01
201400011472;0;2;0;0;2;1;1;B01
201400011472;0;7;0;0;2;2;15;A01
201400011473;0;2;0;1;2;1;1;B01
201400011473;0;7;0;0;2;7;15;A01
201400011474;0;7;0;0;1;2;1;A01
201400011475;0;31;0;0;2;5;19;A01
201400011475;0;7;0;0;2;1;0;B01
201400011476;0;7;0;0;2;2;15;A01
201400011476;0;2;0;0;2;1;1;B01
201400011477;0;7;0;0;2;3;1;B01
201400011477;0;2;0;0;2;5;1;A01
201400011478;0;2;0;0;2;1;1;A01
201400011478;0;14;0;0;2;5;2;B01
201400011479;0;7;0;0;2;1;2;C01
201400011479;0;7;0;0;0;0;10;A01
201400011479;0;7;0;0;2;4;1;B01
201400011480;0;7;0;8;2;1;17;A01
201400011480;0;7;0;0;2;8;2;B01
201400011481;0;7;0;0;1;3;2;A01
201400011482;0;2;0;0;2;1;1;A01
201400011482;0;7;0;0;2;4;1;B01
201400011483;0;7;0;0;2;2;1;B01
201400011483;0;7;0;0;2;8;10;A01
201400011484;0;7;0;0;2;1;15;A01
201400011484;0;2;0;0;2;1;1;B01
201400011485;0;10;0;0;2;3;1;B01
201400011485;0;7;0;0;2;3;1;C01
201400011485;0;31;0;0;2;1;17;A01
201400011486;0;7;0;0;1;2;1;A01
201400011487;0;10;0;0;1;1;1;A01
201400011488;0;7;0;0;1;1;1;Z01
201400011489;0;10;0;0;1;2;1;A01
201400011490;0;7;0;1;0;2;1;A01
201400011491;0;10;0;0;2;1;1;A01