num_acc;senc;catv;occutc;obs;obsm;choc;manv;num_veh
201400011491;0;7;0;0;2;1;1;B01
201400011492;0;10;0;0;2;4;23;B01
201400011492;0;32;0;0;2;1;2;A01
201400011493;0;7;0;14;2;4;2;B01
201400011493;0;7;0;0;2;4;2;D01
201400011493;0;7;0;14;0;1;1;A01
201400011493;0;7;0;0;2;1;1;C01
201400011494;0;2;0;0;1;1;1;A01
201400011495;0;2;0;0;2;1;1;B01
201400011495;0;7;0;0;2;3;0;A01
201400011496;0;2;0;0;2;1;1;B01
201400011496;0;33;0;0;2;1;3;A01
201400011497;0;2;0;0;2;1;2;A01
201400011497;0;7;0;0;2;6;2;B01
201400011498;0;34;0;0;1;3;1;A01
201400011499;0;7;0;0;2;7;15;A01
201400011499;0;7;0;0;2;1;1;B01
201400011500;0;7;0;0;1;2;0;A01
201400011501;0;30;0;0;2;1;0;A01
201400011501;0;7;0;0;2;2;15;B01
201400011502;0;2;0;0;0;8;1;A01
201400011503;0;2;0;0;2;1;1;A01
201400011503;0;7;0;0;2;7;15;B01
201400011504;0;7;0;0;1;2;1;A01
201400011505;0;2;0;0;1;1;1;A01
201400011506;0;7;0;0;1;1;1;A01
201400011507;0;32;0;0;2;1;1;B01
201400011507;0;7;0;0;2;3;9;A01
201400011508;0;2;0;0;1;3;0;A01
201400011509;0;2;0;0;2;1;1;B01
201400011509;0;7;0;0;2;7;15;A01
201400011510;0;7;0;0;2;2;1;B01
201400011510;0;33;0;0;2;3;15;A01
201400011511;0;13;0;0;2;3;15;A01
201400011511;0;2;0;0;2;1;1;B01
201400011512;0;7;0;7;0;1;13;A01
201400011513;0;31;0;0;2;1;1;B01
201400011513;0;7;0;0;2;5;15;A01
201400011514;0;34;0;0;2;1;18;A01
201400011514;0;7;0;0;2;2;16;B01
201400011515;0;32;0;0;1;1;1;A01
201400011516;0;32;0;0;0;4;2;C01
201400011516;0;7;0;0;2;5;3;A01
201400011516;0;7;0;0;2;2;1;B01
201400011516;0;7;0;0;2;4;2;D01
201400011517;0;7;0;0;2;1;1;B01
201400011517;0;30;0;0;2;2;15;A01
201400011518;0;2;0;1;2;1;17;B01
201400011518;0;7;0;0;2;8;17;A01
201400011519;0;2;0;0;1;1;1;A01
201400011520;0;31;0;0;2;4;2;B01
201400011520;0;7;0;0;2;1;1;A01
201400011521;0;7;0;0;1;7;1;A01
201400011522;0;7;0;0;1;7;1;A01
201400011523;0;7;0;0;1;4;4;A01
201400011524;0;7;0;0;2;1;1;B01
201400011524;0;7;0;0;2;1;5;A01
201400011525;0;7;0;0;1;2;15;A01
201400011526;0;7;0;0;1;3;15;A01
201400011527;0;10;0;0;2;1;2;A01
201400011527;0;7;0;3;2;4;2;B01
201400011528;0;7;0;0;2;7;2;B01
201400011528;0;2;0;0;2;8;13;A01
201400011529;0;2;0;0;2;1;1;A01
201400011529;0;7;0;0;2;1;1;B01
201400011530;0;2;0;0;2;2;2;A01
201400011530;0;7;0;0;0;6;23;B01
201400011531;0;7;0;0;2;8;17;A01
201400011531;0;31;0;0;2;1;1;B01
201400011532;0;7;0;15;0;2;1;A01
201400011533;0;33;0;0;2;1;1;B01
201400011533;0;7;0;0;2;1;15;A01
201400011534;0;7;0;0;2;3;5;A01
201400011534;0;17;0;0;2;3;1;B02
201400011535;0;31;0;0;2;1;1;A01
201400011535;0;7;0;0;2;6;19;B02
201400011536;0;33;0;4;0;7;2;A01
201400011537;0;33;0;0;2;7;21;B02
201400011537;0;7;0;0;2;2;15;A01
201400011538;0;33;0;0;9;0;2;A01
201400011539;0;7;0;13;0;1;1;A01
201400011540;0;33;0;0;2;7;1;A01
201400011540;0;37;0;0;2;2;15;B02
201400011541;0;7;0;14;2;1;21;A01
201400011541;0;14;0;0;2;3;1;C03
201400011541;0;7;0;0;2;6;23;B02
201400011542;0;40;0;0;2;3;1;A01
201400011542;0;30;0;0;0;1;1;B02
201400011543;0;7;0;0;2;3;13;A01
201400011543;0;7;0;0;2;3;1;B02
201400011544;0;7;0;0;1;3;1;A01
201400011545;0;7;0;13;0;9;1;A01
201400011546;0;7;0;6;0;1;0;A01
201400011547;0;7;0;0;1;2;1;A01
201400011548;0;7;0;0;2;7;19;A01
201400011548;0;7;0;0;2;1;1;B02
201400011549;0;10;0;0;2;4;23;B02
201400011549;0;33;0;0;2;1;2;A01
201400011550;0;7;0;2;0;1;19;A01
201400011551;0;7;0;6;0;1;13;A01
201400011552;0;1;0;0;0;0;1;B02
201400011552;0;33;0;0;5;1;17;A01
201400011553;0;7;0;0;2;1;1;B02
201400011553;0;7;0;0;2;1;13;A01
201400011554;0;7;0;8;0;1;14;A01
201400011555;0;7;0;0;2;4;23;A01
201400011555;0;2;0;0;2;1;1;B02
201400011556;0;7;0;0;2;1;21;B02
201400011556;0;7;0;0;2;1;13;A01
201400011557;0;7;0;10;0;1;1;A01
201400011558;0;7;0;2;0;7;1;A01
201400011559;0;7;0;0;2;1;5;A01
201400011559;0;7;0;0;2;1;1;B02
201400011560;0;7;0;0;2;6;17;B02
201400011560;0;33;0;0;2;1;17;A01
201400011561;0;33;0;0;2;1;0;B02
201400011561;0;7;0;0;2;5;19;A01
201400011562;0;7;0;2;0;3;0;A01
201400011563;0;7;0;8;0;6;13;A01
201400011564;0;7;0;0;2;2;15;A01
201400011564;0;7;0;0;2;3;1;B02
201400011565;0;7;0;0;1;2;2;A01
201400011566;0;33;0;12;0;0;1;A01
201400011567;0;7;0;6;0;3;0;A01
201400011568;0;30;0;0;0;8;1;A01
201400011569;0;7;0;0;2;3;13;A01
201400011569;0;7;0;3;2;3;1;B01
201400011570;0;7;0;9;2;1;15;A01
201400011570;0;30;0;0;2;8;1;B01
201400011571;0;7;0;0;2;2;16;A01
201400011571;0;7;0;0;2;3;2;B01
201400011572;0;2;0;0;2;1;21;B01
201400011572;0;7;0;0;2;3;11;A01
201400011573;0;33;0;6;0;2;14;A01
201400011574;0;7;0;6;2;3;21;B01
201400011574;0;7;0;0;2;3;13;A01
201400011575;0;7;0;0;0;1;0;C01
201400011575;0;7;0;0;0;3;13;A01
201400011575;0;7;0;0;0;3;0;B01
201400011576;0;2;0;8;0;1;1;A01
201400011577;0;17;0;3;0;3;13;A01
201400011578;0;7;0;15;0;1;1;A01
201400011579;0;7;0;0;1;1;2;A01
201400011580;0;7;0;0;2;1;2;A01
201400011580;0;7;0;0;0;4;2;B01
201400011581;0;33;0;0;2;2;17;A01
201400011581;0;37;20;0;2;6;1;B01
201400011582;0;33;0;0;2;8;1;B01
201400011582;0;7;0;0;2;1;9;A01
201400011583;0;33;0;4;0;0;1;A01
201400011584;0;7;0;14;0;1;1;A01
201400011585;0;33;0;0;0;8;1;C01
201400011585;0;33;0;0;0;6;15;B01
201400011585;0;33;0;0;0;1;13;A01
201400011585;0;33;0;0;0;8;1;D01
201400011585;0;33;0;0;0;8;1;E01
201400011586;0;2;0;0;2;7;0;B01
201400011586;0;99;0;0;2;1;15;A01
201400011587;0;2;0;15;1;4;2;A01
201400011588;0;33;0;0;2;1;1;B01
201400011588;0;7;0;0;2;3;1;A01
201400011589;0;33;0;0;0;1;1;A01
201400011590;0;1;0;0;9;1;9;A01
201400011590;0;1;0;0;9;7;21;B01
201400011591;0;7;0;13;0;1;17;A01
201400011592;0;7;0;0;2;3;1;A01
201400011592;0;10;0;0;2;3;13;B02
201400011593;0;7;0;0;2;3;1;B02
201400011593;0;7;0;0;0;1;13;A01
201400011594;0;7;0;0;2;8;11;B02
201400011594;0;33;0;0;2;1;1;A01
201400011595;0;10;0;0;0;8;1;A01
201400011595;0;1;0;0;2;7;15;B02
201400011596;0;7;0;0;2;2;2;A01
201400011596;0;2;0;0;2;4;2;B02
201400011597;0;7;0;0;2;3;1;B02
201400011597;0;7;0;0;2;3;1;A01
201400011598;0;1;0;0;2;3;1;C03
201400011598;0;16;0;0;0;0;0;A01
201400011599;0;7;0;0;2;2;1;B02
201400011599;0;2;0;0;2;1;1;A01
201400011600;0;7;0;2;0;1;1;A01
201400011601;0;31;0;16;0;1;1;A01
201400011602;0;33;0;0;2;1;17;A01
201400011602;0;7;0;0;2;3;1;B02
201400011603;0;33;0;0;0;8;0;A01
201400011604;0;7;0;0;2;2;3;A01
201400011604;0;34;0;0;2;8;1;B02
201400011605;0;7;0;0;2;1;19;A01
201400011605;0;1;0;0;2;7;1;B02
201400011606;0;31;0;0;2;3;1;A01
201400011606;0;7;0;0;9;1;9;B01
201400011607;0;7;0;0;1;2;1;A01
201400011608;0;7;0;6;0;1;0;A01
201400011609;0;7;0;0;2;5;11;B01
201400011609;0;2;0;0;2;1;2;A01
201400011610;0;1;0;0;2;7;0;B01
201400011610;0;14;0;0;9;3;16;A01
201400011611;0;7;0;0;1;0;1;A01
201400011612;0;1;0;0;2;4;2;B01
201400011612;0;2;0;0;2;1;2;A01
201400011613;0;31;0;0;0;1;1;A01
201400011614;0;2;0;0;1;1;1;A01
201400011615;0;30;0;0;2;7;2;B01
201400011615;0;7;0;0;2;3;9;A01
201400011616;0;7;0;6;0;9;2;A01
201400011617;0;2;0;16;0;0;0;A01
201400011618;0;30;0;0;2;2;17;A01
201400011618;0;7;0;0;2;8;2;B01
201400011619;0;7;0;0;0;4;2;B01
201400011619;0;7;0;0;2;1;2;A01
201400011620;0;7;0;2;0;8;14;A01
201400011621;0;7;0;1;0;4;14;A01
201400011622;0;35;0;0;0;3;1;A01
201400011623;0;7;0;0;2;1;2;B01
201400011623;0;7;0;0;2;8;10;A01
201400011624;0;7;0;0;2;7;10;A01
201400011624;0;33;0;0;2;1;1;B02
201400011625;0;7;0;0;2;1;1;A01
201400011625;0;7;0;0;2;8;1;B02
201400011626;0;31;0;5;0;1;14;A01
201400011627;0;7;0;0;0;7;13;A01
201400011627;0;7;0;0;2;1;1;B02
201400011628;0;7;0;2;0;1;1;A01
201400011629;0;33;0;7;0;1;2;A01
201400011630;0;99;0;0;2;8;13;A01
201400011630;0;7;0;0;9;3;1;D04
201400011630;0;7;0;0;2;8;1;B02
201400011630;0;7;0;0;9;8;1;C03
201400011631;0;7;0;4;0;1;14;A01
201400011632;0;30;0;0;1;1;19;A01
201400011633;0;7;0;0;2;3;1;A01
201400011633;0;2;0;0;2;1;17;B02
201400011634;0;7;0;2;0;1;1;A01
201400011635;0;7;0;0;1;2;9;A01
201400011636;0;33;0;0;0;8;1;A01
201400011637;0;15;0;0;2;1;2;B02
201400011637;0;7;0;0;0;4;2;A01
201400011638;0;7;0;4;0;3;1;A01
201400011639;0;7;0;4;0;3;1;A01
201400011640;0;10;0;0;0;7;1;A01
201400011641;0;7;0;1;1;1;2;B02
201400011642;0;33;0;13;0;1;1;A01
201400011643;0;7;0;8;0;8;1;A01
201400011644;0;7;0;0;2;4;11;B02
201400011644;0;7;0;0;2;1;2;A01
201400011645;0;7;0;0;2;1;2;A01
201400011645;0;38;39;0;2;4;1;B02
201400011646;0;7;0;13;0;2;14;A01
201400011647;0;7;0;0;0;9;0;A01
201400011648;0;7;0;13;0;1;0;A01
201400011649;0;33;0;0;2;1;21;A01
201400011649;0;15;0;0;2;2;21;C03
201400011649;0;7;0;0;0;6;23;B02
201400011650;0;33;0;0;0;7;0;A01
201400011651;0;7;0;0;0;0;0;A01
201400011652;0;10;0;0;2;1;1;A01
201400011652;0;10;0;0;2;4;1;B02
201400011653;0;10;0;0;2;6;11;A01
201400011653;0;10;0;4;2;1;11;C03
201400011653;0;7;0;0;2;4;11;B02
201400011654;0;30;0;0;0;8;1;A01
201400011655;0;7;0;5;2;6;11;A01
201400011655;0;7;0;0;2;2;2;B02
201400011656;0;7;0;0;2;1;1;A01
201400011657;0;7;0;0;2;1;1;A01
201400011657;0;7;0;0;2;4;2;B02
201400011658;0;7;0;0;2;3;1;B02
201400011658;0;38;0;0;2;3;1;A01
201400011659;0;7;0;0;1;6;4;A01
201400011660;0;30;0;0;0;3;1;A01
201400011661;0;7;0;13;0;1;13;A01
201400011662;0;7;0;0;2;2;15;A01
201400011662;0;2;0;0;2;1;1;B02
201400011663;0;7;0;0;1;2;1;A01
201400011664;0;7;0;0;0;4;0;A01
201400011664;0;14;0;0;2;1;0;B02
201400011665;0;7;0;0;2;3;1;B02
201400011665;0;7;0;0;2;3;13;A01
201400011666;0;10;0;8;0;1;14;A01
201400011667;0;7;0;14;0;1;1;A01
201400011667;0;10;0;0;2;7;13;B02
201400011668;0;7;0;0;2;3;1;B02
201400011668;0;7;0;0;2;2;5;A01
201400011669;0;10;0;0;0;1;0;B02
201400011669;0;7;0;0;0;1;1;A01
201400011670;0;7;0;2;0;2;0;A01
201400011671;0;7;0;0;2;2;13;A01
201400011671;0;1;0;0;2;1;1;B02
201400011672;0;7;0;2;0;3;1;A01
201400011673;0;7;0;0;2;6;15;B02
201400011673;0;32;0;0;2;1;17;A01
201400011674;0;7;0;0;2;3;15;B02
201400011674;0;7;0;0;2;1;17;A01
201400011675;0;7;0;2;0;8;1;A01
201400011676;0;7;0;0;2;1;1;A01
201400011676;0;33;0;0;0;4;1;B02
201400011677;0;7;0;0;1;2;1;A01
201400011678;0;30;0;0;0;7;15;A01
201400011679;0;10;0;0;2;2;1;B02
201400011679;0;7;0;0;2;3;9;A01
201400011680;0;7;0;13;0;9;1;A01
201400011681;0;7;0;0;2;3;1;A01
201400011681;0;1;0;0;2;7;19;B02
201400011682;0;10;0;0;2;7;10;A01
201400011682;0;33;0;0;2;1;1;B02
201400011683;0;33;0;0;2;1;1;B02
201400011683;0;7;0;0;0;3;19;A01
201400011684;0;14;0;9;1;1;1;A01
201400011685;0;1;0;0;2;8;1;B02
201400011685;0;7;0;0;2;0;16;A01
201400011686;0;7;0;0;1;2;1;A01
201400011687;0;33;0;13;0;1;1;A01
201400011688;0;7;0;0;0;1;0;A01
201400011689;0;7;0;0;0;0;0;A01
201400011689;0;7;0;13;0;1;0;B02
201400011690;0;10;0;0;2;3;1;A01
201400011690;0;7;0;0;2;1;1;B02
201400011691;0;21;0;0;2;3;13;A01
201400011691;0;7;0;0;2;3;1;B02
201400011692;0;7;0;0;2;1;2;A01
201400011692;0;7;0;0;0;4;2;B02
201400011693;0;7;0;9;0;1;1;A01
201400011694;0;33;0;14;0;9;1;A01
201400011695;0;13;0;0;2;3;1;B02
201400011695;0;7;0;0;2;8;13;A01
201400011696;0;33;0;6;0;1;1;A01
201400011697;0;7;0;2;0;1;1;A01
201400011698;0;7;0;0;2;1;19;A01
201400011698;0;32;0;0;2;7;1;B02
201400011699;0;10;0;0;2;2;1;A01
201400011699;0;2;0;0;2;1;15;B02
201400011700;0;7;0;0;2;1;1;B02
201400011701;0;7;0;0;2;3;17;A01
201400011701;0;30;0;0;2;1;1;B02
201400011702;0;7;0;0;1;2;1;A01
201400011703;0;7;0;0;0;4;1;A01
201400011703;0;7;0;0;2;1;1;B02
201400011704;0;7;0;0;2;3;15;B02
201400011704;0;33;0;0;2;1;17;A01
201400011705;0;31;0;0;2;1;17;A01
201400011705;0;7;0;0;2;3;15;B02
201400011706;0;33;0;0;2;1;0;B02
201400011706;0;7;0;0;0;3;10;A01
201400011707;0;7;0;0;2;3;2;C03
201400011707;0;10;0;0;2;1;13;A01
201400011707;0;7;0;0;2;1;1;B02
201400011708;0;7;0;3;2;1;2;B02
201400011708;0;7;0;3;2;1;2;A01
201400011709;0;7;0;2;0;8;1;A01
201400011710;0;7;0;0;2;3;13;A01
201400011710;0;17;0;0;2;3;1;B02
201400011711;0;10;0;0;2;2;17;A01
201400011711;0;17;0;0;2;6;1;B02
201400011712;0;15;0;4;0;1;1;A01
201400011713;0;7;0;0;0;2;1;A01
201400011714;0;7;0;0;2;3;13;A01
201400011714;0;38;0;0;2;3;1;C03
201400011714;0;7;0;3;2;3;1;B02
201400011715;0;7;0;1;0;2;2;A01
201400011715;0;7;0;0;0;6;2;B02
201400011716;0;33;0;0;2;3;3;A01
201400011716;0;7;0;0;2;0;2;B02
201400011717;0;15;0;0;2;6;1;B02
201400011717;0;10;0;0;2;2;14;A01
201400011718;0;7;0;3;0;3;1;A01
201400011719;0;7;0;4;0;7;1;A01
201400011720;0;7;0;0;9;1;1;B02
201400011720;0;7;0;0;9;1;1;D04
201400011720;0;7;0;0;9;1;1;C03
201400011720;0;7;0;4;0;3;1;A01
201400011721;0;7;0;0;2;2;1;B02
201400011721;0;21;0;0;2;3;23;A01
201400011722;0;33;0;0;0;1;1;A01
201400011723;0;7;0;0;6;8;21;A01
201400011724;0;7;0;0;2;3;13;A01
201400011724;0;7;0;0;2;3;1;B02
201400011725;0;7;0;0;2;1;2;B02
201400011725;0;15;0;0;2;4;2;A01
201400011726;0;7;0;0;2;8;1;B02
201400011726;0;10;0;0;2;3;16;A01
201400011727;0;33;0;0;0;0;1;A01
201400011728;0;36;0;6;0;3;21;B02
201400011728;0;7;0;0;2;3;24;C03
201400011728;0;33;0;1;0;2;1;A01
201400011729;0;7;0;0;2;1;1;B02
201400011729;0;7;0;0;2;1;5;A01
201400011730;0;7;0;0;2;7;17;A01
201400011730;0;7;0;0;2;3;17;B02
201400011731;0;10;0;0;1;0;1;A01
201400011732;0;7;0;0;2;3;2;B02
201400011732;0;7;0;0;2;3;2;A01
201400011733;0;14;0;0;2;1;1;B02
201400011733;0;7;0;0;2;7;1;A01
201400011734;0;7;0;0;0;2;0;A01
201400011734;0;7;0;1;0;3;2;B02
201400011734;0;10;0;4;9;2;9;D04
201400011734;0;7;0;1;0;1;2;C03
201400011735;0;33;0;0;6;1;15;A01
201400011736;0;7;0;0;2;1;1;B02
201400011736;0;7;0;0;2;7;19;A01
201400011737;0;14;0;0;0;4;1;B02
201400011737;0;17;0;0;2;2;2;A01
201400011738;0;7;0;0;0;3;0;A01
201400011739;0;15;0;14;0;1;2;A01
201400011739;0;10;0;0;0;4;0;C03
201400011739;0;15;0;0;0;4;23;B02
201400011739;0;15;0;0;0;4;23;D04
201400011739;0;15;0;0;0;4;23;E05
201400011740;0;15;0;0;0;4;3;A01
201400011740;0;7;0;0;0;9;13;D04
201400011740;0;17;0;0;0;4;1;B02
201400011740;0;17;0;1;0;1;0;C03
201400011741;0;7;0;13;0;2;12;A01
201400011742;0;7;0;4;0;1;13;A01
201400011743;0;10;0;0;2;2;2;A01
201400011743;0;15;0;0;0;4;2;B02
201400011744;0;7;0;4;0;1;2;A01
201400011744;0;7;0;0;0;4;0;B02
201400011745;0;7;0;0;0;0;17;A01
201400011745;0;7;0;0;0;0;1;B02
201400011746;0;7;0;3;0;1;1;A01
201400011747;0;7;0;0;0;9;1;A01
201400011748;0;10;0;3;0;3;1;A01
201400011749;0;7;0;16;0;1;2;A01
201400011750;0;7;0;0;2;1;1;A01
201400011750;0;17;0;0;2;4;0;B02
201400011751;0;7;0;0;2;2;17;A01
201400011751;0;17;0;0;2;8;1;B02
201400011752;0;15;0;0;2;4;2;A01
201400011752;0;15;0;0;2;1;2;B02
201400011752;0;15;0;4;0;3;21;C03
201400011753;0;7;0;13;0;1;1;A01
201400011754;0;15;0;0;2;8;13;A01
201400011754;0;7;0;3;2;7;1;B02
201400011755;0;7;0;0;2;5;1;A01
201400011755;0;17;0;0;2;6;1;B02
201400011755;0;7;0;1;0;3;1;C03
201400011756;0;10;0;0;0;4;0;B02
201400011756;0;10;0;0;2;1;1;A01
201400011757;0;7;0;0;2;7;1;A01
201400011757;0;15;0;0;2;6;1;B02
201400011758;0;7;0;5;0;2;14;A01
201400011759;0;7;0;0;2;1;2;A01
201400011759;0;17;0;0;2;4;2;B02
201400011760;0;15;0;4;2;3;13;A01
201400011760;0;10;0;0;2;1;1;B02
201400011760;0;7;0;0;2;3;1;C03
201400011760;0;7;0;0;2;7;1;D04
201400011760;0;7;0;0;2;3;1;E05
201400011761;0;7;0;0;2;6;9;A01
201400011761;0;15;0;0;2;2;1;B02
201400011762;0;10;0;0;2;8;13;A01
201400011762;0;33;0;0;2;7;1;B02
201400011763;0;7;0;3;0;2;0;A01
201400011764;0;7;0;3;0;3;21;A01
201400011765;0;7;0;0;2;2;1;C03
201400011765;0;14;0;0;2;2;1;B02
201400011765;0;7;0;3;2;7;12;A01
201400011766;0;15;0;0;0;6;0;B02
201400011766;0;7;0;0;2;2;1;A01
201400011767;0;10;0;0;2;1;0;A01
201400011767;0;7;0;0;2;4;1;B02
201400011768;0;7;0;0;2;3;1;C03
201400011768;0;7;0;0;2;1;1;A01
201400011768;0;7;0;0;2;1;1;B02
201400011769;0;33;0;0;0;4;9;A01
201400011769;0;7;0;0;2;2;1;B02
201400011770;0;7;0;14;0;1;1;B02
201400011770;0;15;0;0;0;7;13;A01
201400011771;0;7;0;0;2;4;2;D04
201400011771;0;7;0;0;2;4;2;B02
201400011771;0;7;0;0;2;4;2;C03
201400011771;0;17;0;0;2;1;2;A01
201400011772;0;15;0;0;0;4;1;B02
201400011772;0;15;0;0;2;1;2;A01
201400011773;0;7;0;0;2;6;0;B02
201400011773;0;33;0;0;2;1;1;A01
201400011774;0;38;240;0;0;4;2;B02
201400011774;0;17;0;0;2;1;2;A01
201400011775;0;7;0;4;0;8;1;A01
201400011776;0;7;0;2;0;1;1;B02
201400011776;0;15;0;3;0;1;1;A01
201400011777;0;7;0;3;0;9;0;A01
201400011778;0;33;0;0;0;4;2;B02
201400011778;0;10;0;0;2;1;1;A01
201400011779;0;7;0;0;2;4;2;E05
201400011779;0;7;0;0;2;1;2;A01
201400011779;0;7;0;0;2;4;2;B02
201400011779;0;7;0;0;2;4;2;C03
201400011779;0;7;0;0;2;4;2;D04
201400011780;0;7;0;14;0;1;1;A01
201400011780;0;7;0;0;0;8;0;B02
201400011781;0;7;0;0;0;4;2;B02
201400011781;0;7;0;0;2;1;2;A01
201400011782;0;7;0;1;0;1;2;B02
201400011782;0;7;0;3;2;1;19;A01
201400011783;0;7;0;0;0;4;23;B02
201400011783;0;7;0;0;2;1;2;A01
201400011784;0;33;0;0;2;8;1;B02
201400011784;0;7;0;0;2;7;12;A01
201400011785;0;7;0;0;2;1;2;A01
201400011785;0;17;0;0;0;0;2;B02
201400011786;0;15;0;0;0;4;9;B02
201400011786;0;15;0;0;2;1;2;A01
201400011787;0;7;0;0;0;2;1;C03
201400011787;0;15;0;0;0;0;1;B02
201400011787;0;15;0;4;2;9;11;A01
201400011788;0;14;0;0;2;9;1;C03
201400011788;0;17;0;0;2;2;1;A01
201400011789;0;7;0;0;2;7;1;B02
201400011789;0;7;0;0;2;8;11;A01
201400011790;0;15;0;0;2;1;1;A01
201400011790;0;17;0;0;2;4;1;B02
201400011790;0;15;0;0;2;7;1;C03
201400011791;0;33;0;0;0;8;1;A01
201400011792;0;10;0;6;0;1;21;A01
201400011793;0;7;0;0;2;4;23;A01
201400011793;0;7;0;0;0;1;1;B02
201400011794;0;14;0;1;0;2;3;B02
201400011794;0;7;0;0;0;6;24;A01
201400011795;0;7;0;0;0;0;9;F06
201400011795;0;7;0;0;9;1;1;D04
201400011795;0;7;0;0;9;1;1;C03
201400011795;0;15;0;3;0;8;11;A01
201400011795;0;7;0;0;9;8;1;E05
201400011795;0;7;0;0;9;1;1;B02
201400011796;0;17;0;0;0;4;1;A01
201400011796;0;17;0;0;2;1;2;B02
201400011797;0;7;0;0;2;1;17;A01
201400011797;0;7;0;0;2;1;1;B02
201400011798;0;7;0;0;2;3;17;A01
201400011798;0;7;0;0;2;5;17;B02
201400011799;0;7;0;0;2;1;1;B02
201400011799;0;7;0;0;2;2;1;A01
201400011800;0;7;0;0;2;6;17;A01
201400011800;0;33;0;0;2;2;17;B02
201400011801;0;7;0;0;2;3;13;A01
201400011801;0;2;0;0;2;1;1;B02
201400011802;0;7;0;0;2;3;21;A01
201400011802;0;7;0;0;2;3;1;B02
201400011803;0;7;0;0;0;9;13;A01
201400011804;0;33;0;0;0;0;1;A01
201400011805;1;14;0;0;1;0;1;A01
201400011806;0;7;0;0;2;9;11;A01
201400011806;0;10;0;14;0;1;1;B02
201400011806;0;14;0;0;2;8;12;C03
201400011806;0;17;0;0;2;8;1;D04
201400011807;0;7;0;0;2;8;13;A01
201400011807;0;15;0;0;2;3;1;B02
201400011808;0;7;0;3;0;2;1;A01
201400011809;0;7;0;13;0;2;14;A01
201400011810;0;7;0;3;0;6;17;A01
201400011811;0;7;0;0;2;3;2;A01
201400011811;0;17;0;0;2;5;2;B02
201400011812;0;7;0;13;0;2;1;A01
201400011813;0;33;0;0;2;4;1;B02
201400011813;0;7;0;0;2;2;1;A01
201400011814;0;15;0;4;0;8;1;A01
201400011815;0;7;0;0;2;7;1;B02
201400011815;0;2;0;0;2;8;13;A01
201400011816;2;7;0;0;0;0;0;A01
201400011817;0;7;0;13;0;2;1;A01
201400011818;0;7;0;3;0;2;14;A01
201400011819;0;7;0;14;0;2;2;B02
201400011819;0;7;0;0;2;3;2;A01
201400011820;0;7;0;0;0;4;1;A01
201400011820;0;7;0;0;2;1;2;C03
201400011820;0;7;0;0;2;5;1;D04
201400011820;0;7;0;0;2;4;1;B02
201400011820;0;7;0;0;2;2;1;E05
201400011821;0;7;0;0;2;3;21;B02
201400011821;0;7;0;3;0;2;1;A01
201400011822;0;17;0;0;0;4;2;B02
201400011822;0;7;0;0;2;1;2;A01
201400011823;0;15;0;0;0;6;1;B02
201400011823;0;10;0;0;2;2;14;A01
201400011824;0;7;0;0;2;2;1;A01
201400011824;0;7;0;0;2;6;1;B02
201400011825;0;7;0;5;0;4;1;A01
201400011825;0;7;0;14;0;3;1;D04
201400011825;0;7;0;14;0;1;1;C03
201400011825;0;7;0;0;2;1;1;B02
201400011826;0;17;0;0;2;2;2;A01
201400011826;0;1;0;0;0;4;2;B02
201400011827;0;17;0;0;0;4;1;A01
201400011827;0;17;0;0;2;1;2;B02
201400011827;0;7;0;1;0;1;2;C03
201400011828;0;14;0;0;0;9;2;A01
201400011829;0;17;0;0;0;0;1;B02
201400011829;0;7;0;0;2;9;17;A01
201400011830;0;7;0;3;0;9;14;A01
201400011831;0;17;0;1;0;2;14;A01
201400011831;0;17;0;0;2;8;24;B02
201400011832;0;10;0;3;0;2;1;A01
201400011833;0;10;0;0;0;0;12;C03
201400011833;0;15;0;0;0;8;1;B02
201400011833;0;7;0;0;2;7;1;A01
201400011834;0;7;0;4;0;3;17;A01
201400011835;0;7;0;3;0;9;1;A01
201400011836;0;7;0;0;9;0;2;I09
201400011836;0;7;0;0;9;0;2;F06
201400011836;0;7;0;0;9;0;2;G07
201400011836;0;7;0;0;9;0;2;D04
201400011836;0;7;0;0;2;2;2;A01
201400011836;0;7;0;0;9;0;2;H08
201400011836;0;16;0;0;0;0;2;B02
201400011836;0;7;0;0;9;0;2;E05
201400011837;0;7;0;6;0;2;15;A01
201400011837;0;7;0;1;0;0;15;B02
201400011838;0;7;0;3;0;1;1;A01
201400011839;0;7;0;1;0;3;2;C03
201400011839;0;17;0;0;0;3;1;B02
201400011839;0;7;0;0;2;5;13;A01
201400011840;0;7;0;4;0;9;1;A01
201400011841;0;7;0;2;0;9;1;A01
201400011842;0;33;0;0;2;8;13;A01
201400011842;0;7;0;0;2;3;1;B02
201400011843;0;30;0;0;0;0;0;A01
201400011844;0;7;0;0;2;1;2;A01
201400011844;0;7;0;0;2;4;2;B02
201400011845;0;33;0;13;9;7;2;A01
201400011846;0;7;0;0;2;1;0;B02
201400011846;0;7;0;0;2;7;1;A01
201400011847;0;15;0;0;2;6;2;B02
201400011847;0;10;0;0;2;3;2;A01
201400011848;0;7;0;0;1;7;1;A01
201400011849;0;7;0;0;2;4;2;A01
201400011849;0;33;0;0;2;1;2;B02
201400011850;0;7;0;0;0;2;1;B02