num_acc;senc;catv;occutc;obs;obsm;choc;manv;num_veh
201400011850;0;10;0;0;0;6;1;A01
201400011851;0;7;0;5;0;1;1;A01
201400011852;0;17;0;3;0;8;1;A01
201400011853;0;7;0;0;2;1;1;A01
201400011853;0;15;0;0;0;4;1;B02
201400011854;0;7;0;14;0;1;1;A01
201400011855;0;7;0;13;0;9;14;A01
201400011856;0;7;0;13;0;1;14;A01
201400011857;0;15;0;0;1;7;2;A01
201400011858;0;17;0;0;2;1;2;C03
201400011858;0;17;0;0;0;0;9;A01
201400011858;0;7;0;14;0;1;2;E05
201400011859;0;7;0;0;2;1;2;A01
201400011859;0;15;0;0;2;4;2;B02
201400011860;0;7;0;4;0;3;13;A01
201400011861;0;7;0;3;0;3;13;A01
201400011861;0;14;0;0;2;2;1;B02
201400011862;0;7;0;4;0;1;21;B02
201400011862;0;7;0;14;0;8;21;C03
201400011862;0;7;0;4;0;2;1;A01
201400011863;0;7;0;0;2;5;2;B02
201400011863;0;7;0;0;2;3;2;A01
201400011864;0;14;0;1;0;9;1;A01
201400011864;0;7;0;0;9;1;1;B02
201400011865;0;7;0;13;0;9;2;A01
201400011866;0;7;0;4;2;8;13;A01
201400011866;0;33;0;0;2;2;1;B02
201400011867;0;7;0;0;2;1;0;B02
201400011867;0;7;0;0;0;4;2;A01
201400011868;0;7;0;0;1;2;1;A01
201400011869;0;7;0;3;2;6;1;B02
201400011869;0;7;0;0;2;2;11;A01
201400011870;0;7;0;9;0;1;1;A01
201400011871;0;7;0;0;2;3;17;A01
201400011871;0;14;0;0;2;6;15;B02
201400011872;0;7;0;0;1;1;16;A01
201400011873;0;7;0;0;2;1;1;A01
201400011873;0;7;0;0;0;4;1;B02
201400011874;0;7;0;0;2;5;19;A01
201400011874;0;33;0;0;2;1;1;B02
201400011875;0;7;0;0;2;3;15;A01
201400011875;0;10;0;0;2;1;1;B01
201400011876;0;7;0;0;1;3;1;A01
201400011877;0;7;0;0;2;2;15;A01
201400011877;0;33;0;0;2;1;1;B02
201400011878;0;7;0;0;0;7;15;A01
201400011878;0;30;0;0;2;1;1;B02
201400011879;0;7;0;0;0;3;0;B02
201400011879;0;7;0;0;0;1;1;A01
201400011880;0;33;0;2;0;3;1;A01
201400011881;0;1;0;0;0;0;1;A01
201400011882;0;7;0;0;0;1;17;A01
201400011882;0;21;0;0;0;8;0;B02
201400011883;0;7;0;0;2;1;1;A01
201400011883;0;15;0;0;0;4;1;B02
201400011884;0;7;0;16;0;3;13;A01
201400011885;0;7;0;3;2;1;1;A01
201400011885;0;21;0;0;2;3;1;B02
201400011886;0;7;0;0;1;3;1;A01
201400011887;0;33;0;0;2;1;1;A01
201400011887;0;7;0;0;2;1;15;B02
201400011888;0;17;0;0;0;6;10;B02
201400011888;0;10;0;0;2;1;1;A01
201400011889;0;10;0;0;1;8;1;A01
201400011890;0;31;0;16;0;7;1;A01
201400011891;0;7;0;16;0;2;14;A01
201400011892;0;7;0;0;2;1;1;B02
201400011892;0;30;0;0;2;4;1;A01
201400011893;0;7;0;0;1;2;1;A01
201400011894;0;7;0;0;1;1;1;A01
201400011895;0;17;0;7;2;7;2;A01
201400011895;0;3;0;0;0;4;15;B02
201400011896;0;33;0;13;0;7;1;A01
201400011897;0;7;0;14;6;1;21;A01
201400011898;0;14;0;2;0;7;14;A01
201400011899;0;3;0;3;0;8;16;A01
201400011900;0;7;0;3;0;3;13;A01
201400011901;0;7;0;1;1;3;2;A01
201400011902;0;17;0;0;2;5;2;D04
201400011902;0;33;0;0;0;0;2;C03
201400011902;0;17;0;0;2;1;2;A01
201400011902;0;14;0;0;0;0;2;B02
201400011902;0;17;0;0;2;4;2;E05
201400011903;0;99;0;0;1;4;2;A01
201400011904;0;14;0;0;2;8;17;A01
201400011904;0;7;0;0;2;7;11;B02
201400011905;0;7;0;0;2;2;2;A01
201400011905;0;7;0;0;0;6;1;B02
201400011906;0;7;0;0;2;2;13;A01
201400011906;0;14;0;0;2;2;1;B02
201400011907;0;7;0;3;0;1;2;C03
201400011907;0;7;0;0;2;6;2;E05
201400011907;0;7;0;0;2;8;24;D04
201400011907;0;7;0;1;2;2;2;B02
201400011907;0;7;0;3;0;1;11;A01
201400011908;0;17;0;0;2;1;1;A01
201400011908;0;17;0;0;0;4;1;B02
201400011909;0;14;0;0;2;1;1;B02
201400011909;0;7;0;0;2;7;6;A01
201400011910;0;38;14;0;0;6;23;B02
201400011910;0;7;0;0;2;2;2;A01
201400011911;0;7;0;0;2;1;1;C03
201400011911;0;17;0;0;0;0;23;A01
201400011912;0;38;28;0;0;1;1;A01
201400011913;0;17;0;0;1;7;1;A01
201400011914;0;7;0;0;2;1;15;A01
201400011914;0;30;0;0;2;1;1;B02
201400011915;0;1;0;0;0;8;1;B02
201400011915;0;7;0;0;0;2;17;A01
201400011916;0;1;0;0;0;1;1;B02
201400011916;0;7;0;0;0;2;15;A01
201400011917;0;7;0;0;2;8;13;A01
201400011917;0;7;0;0;2;1;1;B02
201400011918;0;32;0;12;0;1;1;A01
201400011919;0;31;0;0;0;0;14;A01
201400011920;0;7;0;0;1;1;1;A01
201400011921;0;38;3;0;9;3;1;B02
201400011921;0;17;0;0;0;0;1;A01
201400011921;0;7;0;0;9;0;2;D04
201400011921;0;14;0;0;2;1;2;C03
201400011922;0;7;0;0;9;0;1;C03
201400011922;0;7;0;5;0;1;1;A01
201400011922;0;7;0;0;9;1;1;B02
201400011923;0;10;0;0;2;4;1;B02
201400011923;0;7;0;0;2;1;1;A01
201400011924;0;7;0;4;0;1;1;A01
201400011925;0;7;0;0;0;2;14;A01
201400011925;0;14;0;0;0;6;1;B02
201400011926;0;7;0;0;2;1;2;A01
201400011926;0;7;0;0;0;4;2;B02
201400011927;0;7;0;0;0;7;12;A01
201400011927;0;15;0;0;0;0;1;B02
201400011928;0;7;0;0;0;4;0;B02
201400011928;0;7;0;0;0;1;0;A01
201400011929;0;10;0;0;2;9;1;B02
201400011929;0;15;0;0;0;0;1;A01
201400011930;0;7;0;0;2;4;1;B02
201400011930;0;7;0;0;2;2;1;A01
201400011931;0;7;0;3;0;3;21;A01
201400011932;0;7;0;14;0;1;2;A01
201400011933;0;7;0;0;2;4;12;B02
201400011933;0;7;0;0;2;1;1;A01
201400011934;0;31;0;16;0;7;16;A01
201400011935;2;7;0;11;0;1;1;A01
201400011936;0;10;0;11;0;2;1;A01
201400011937;0;7;0;0;9;3;1;A01
201400011938;0;15;0;0;2;6;11;B02
201400011938;0;7;0;0;2;2;21;C03
201400011939;0;7;0;0;2;6;23;B02
201400011939;0;17;0;1;0;2;14;A01
201400011940;0;17;0;0;0;3;13;A01
201400011940;0;10;0;0;2;1;1;C03
201400011940;0;17;0;0;2;2;1;B02
201400011941;0;10;0;0;2;2;1;B02
201400011941;0;7;0;0;2;6;1;A01
201400011942;0;7;0;1;0;1;2;A01
201400011942;0;7;0;0;2;5;23;B02
201400011943;0;7;0;0;2;6;2;B02
201400011943;0;7;0;0;2;1;2;A01
201400011943;0;7;0;0;0;6;2;C03
201400011944;0;14;0;0;2;2;14;B02
201400011944;0;7;0;0;2;8;1;A01
201400011945;0;7;0;0;0;4;2;B02
201400011945;0;7;0;0;2;1;2;A01
201400011946;0;7;0;0;2;6;23;B02
201400011946;0;14;0;1;1;2;14;C03
201400011947;0;15;0;0;2;6;23;B02
201400011947;0;15;0;1;0;2;14;A01
201400011948;0;7;0;2;0;3;1;A01
201400011949;0;7;0;0;2;4;2;C03
201400011949;0;7;0;0;2;1;2;A01
201400011949;0;7;0;0;2;4;2;B02
201400011950;0;7;0;0;2;2;12;A01
201400011950;0;15;0;0;2;6;1;B02
201400011951;0;7;0;4;0;2;14;A01
201400011952;0;7;0;4;0;9;1;A01
201400011952;0;7;0;14;0;1;1;B02
201400011953;0;7;0;4;0;2;14;A01
201400011954;0;10;0;0;2;1;2;A01
201400011954;0;33;0;0;2;4;1;B02
201400011955;0;7;0;3;2;6;1;B02
201400011955;0;7;0;0;0;1;1;A01
201400011956;0;7;0;0;2;7;14;A01
201400011956;0;33;0;0;2;8;1;B02
201400011957;0;7;0;3;0;1;14;A01
201400011957;0;7;0;3;0;2;21;B02
201400011958;0;10;0;0;2;1;2;A01
201400011958;0;7;0;0;2;4;2;B02
201400011959;0;17;0;0;2;4;1;B02
201400011959;0;14;0;0;2;1;1;A01
201400011960;0;16;0;0;0;0;2;B02
201400011960;0;10;0;0;2;1;2;A01
201400011961;0;7;0;13;0;1;16;A01
201400011962;0;33;0;0;2;1;2;A01
201400011962;0;33;0;0;2;4;2;B02
201400011963;0;17;0;6;0;2;1;A01
201400011964;0;7;0;1;0;1;1;F06
201400011964;2;7;0;0;2;2;2;A01
201400011964;0;7;0;1;0;1;1;D04
201400011964;0;15;0;0;2;4;1;B02
201400011964;0;7;0;1;0;1;1;C03
201400011964;0;7;0;1;0;1;1;E05
201400011965;0;7;0;0;2;1;1;B02
201400011965;0;7;0;0;2;7;15;A01
201400011966;0;2;0;0;2;1;1;A01
201400011966;0;7;0;0;0;3;1;B02
201400011967;0;7;0;0;0;1;1;A01
201400011968;0;7;0;0;2;5;15;A01
201400011968;0;33;0;0;2;1;1;B02
201400011969;0;33;0;0;1;5;1;A01
201400011970;0;10;0;0;2;1;1;B02
201400011970;0;7;0;0;2;1;1;C03
201400011970;0;10;0;0;2;1;1;D04
201400011970;0;10;0;3;0;2;14;A01
201400011971;0;7;0;3;0;2;1;A01
201400011972;0;7;0;0;1;7;1;A01
201400011973;0;7;0;13;0;9;1;A01
201400011974;0;17;0;0;0;6;1;B02
201400011974;0;17;0;4;2;2;1;A01
201400011975;0;7;0;13;0;9;1;A01
201400011976;0;7;0;13;0;2;1;A01
201400011977;0;7;0;13;0;2;1;A01
201400011978;0;7;0;0;2;4;1;B02
201400011978;0;7;0;0;2;4;1;C03
201400011978;0;17;0;0;2;1;1;A01
201400011978;0;7;0;0;1;1;21;D04
201400011979;0;7;0;13;2;3;11;A01
201400011979;0;7;0;13;2;5;1;B02
201400011980;0;7;0;13;0;9;1;A01
201400011981;0;7;0;13;0;9;21;A01
201400011982;0;7;0;0;2;7;1;A01
201400011982;0;15;0;0;2;4;23;C03
201400011982;0;7;0;0;2;7;1;F06
201400011982;0;7;0;1;0;1;14;D04
201400011983;0;7;0;4;0;3;1;A01
201400011984;0;7;0;0;2;2;1;B02
201400011984;0;33;0;0;2;8;17;A01
201400011985;0;10;0;13;0;9;1;A01
201400011986;0;7;0;13;0;9;21;A01
201400011987;0;15;0;0;2;6;23;B02
201400011987;0;7;0;1;0;3;21;A01
201400011988;0;15;0;0;0;6;2;B02
201400011988;0;15;0;0;2;2;21;A01
201400011988;0;15;0;0;0;0;0;D04
201400011988;0;7;0;4;0;7;21;C03
201400011989;0;7;0;0;2;1;1;B02
201400011989;0;7;0;0;2;7;13;A01
201400011990;0;7;0;3;2;1;13;A01
201400011990;0;7;0;0;2;1;1;B02
201400011991;0;17;0;0;2;6;1;B02
201400011991;0;10;0;0;2;2;14;A01
201400011992;0;14;0;0;2;6;23;B02
201400011992;0;7;0;1;0;2;21;A01
201400011993;0;15;0;14;0;1;1;C03
201400011993;0;7;0;0;2;8;0;B02
201400011993;0;7;0;3;0;3;13;A01
201400011993;0;7;0;14;0;1;1;D04
201400011994;0;7;0;0;2;1;2;A01
201400011994;0;7;0;0;2;4;23;B02
201400011994;0;7;0;0;0;4;23;C03
201400011995;0;10;0;0;2;3;1;A01
201400011995;0;30;0;0;2;7;1;B02
201400011996;0;33;0;0;2;5;17;B02
201400011996;0;7;0;0;2;3;10;A01
201400011997;0;33;0;0;2;1;13;A01
201400011997;0;7;0;0;2;1;1;B02
201400011998;0;7;0;0;2;3;9;A01
201400011998;0;1;0;0;2;6;1;B02
201400011999;0;7;0;0;2;8;19;A01
201400011999;0;7;0;0;2;1;0;B02
201400012000;0;34;0;0;2;1;1;A01
201400012000;0;10;0;0;2;3;9;B02
201400012001;0;7;0;0;9;2;1;A01
201400012001;0;99;0;0;2;4;1;B02
201400012002;0;36;0;0;2;1;1;A01
201400012002;0;7;0;0;2;6;1;B02
201400012003;0;31;0;0;2;1;13;A01
201400012003;0;7;0;0;2;1;1;B02
201400012004;0;1;0;0;2;8;19;A01
201400012004;0;7;0;0;9;2;1;B02
201400012005;0;17;0;0;2;3;1;B02
201400012005;0;7;0;0;2;3;1;A01
201400012006;0;7;0;0;1;1;1;A01
201400012007;0;7;0;0;2;1;1;A01
201400012007;0;17;0;0;0;0;1;B02
201400012008;0;7;0;4;0;1;14;A01
201400012009;0;17;0;0;0;6;1;A01
201400012009;0;14;0;0;2;2;1;B02
201400012010;0;17;0;16;0;8;1;A01
201400012011;0;7;0;4;0;9;1;B02
201400012011;0;7;0;0;2;9;21;A01
201400012012;0;7;0;0;0;5;2;A01
201400012012;0;7;0;0;2;1;3;B02
201400012012;0;15;0;0;0;8;0;C03
201400012013;0;7;0;3;0;1;0;A01
201400012014;0;10;0;0;2;2;21;A01
201400012014;0;7;0;0;2;6;1;B02
201400012015;0;7;0;0;0;4;2;B02
201400012015;0;7;0;0;2;1;2;A01
201400012016;0;7;0;3;0;8;1;A01
201400012017;0;7;0;0;0;1;2;A01
201400012017;0;14;0;0;2;1;1;B02
201400012017;0;14;0;0;2;3;1;C03
201400012017;0;7;0;0;2;7;1;D04
201400012017;0;7;0;0;2;1;1;E05
201400012018;0;7;0;4;0;1;1;A01
201400012019;0;7;0;3;0;3;1;A01
201400012020;0;7;0;4;0;1;1;A01
201400012021;0;7;0;0;1;2;9;A01
201400012022;0;7;0;0;2;4;4;A01
201400012022;0;7;0;0;1;1;23;B01
201400012023;0;7;0;0;1;3;1;A01
201400012024;0;37;10;0;1;2;20;A01
201400012025;0;7;0;0;2;1;17;A01
201400012025;0;7;0;0;2;1;1;B01
201400012026;0;7;0;6;0;1;1;A01
201400012027;0;33;0;8;0;3;1;A01
201400012028;0;30;0;0;2;3;1;A01
201400012028;0;7;0;0;2;2;15;B01
201400012029;0;7;0;0;2;0;1;B01
201400012029;0;7;0;0;2;3;1;A01
201400012030;0;7;0;6;0;1;0;A01
201400012031;0;30;0;0;2;1;1;A01
201400012031;0;7;0;0;0;2;15;B01
201400012032;0;7;0;0;9;1;1;B01
201400012032;0;1;0;0;0;3;11;A01
201400012033;0;7;0;0;0;4;2;A01
201400012033;0;7;0;0;2;1;2;B01
201400012034;0;7;0;0;2;3;0;B01
201400012034;0;7;0;0;2;3;0;A01
201400012035;0;7;0;0;1;1;1;B01
201400012036;0;7;0;16;0;1;1;A01
201400012037;0;7;0;0;0;9;1;A01
201400012038;0;10;0;13;0;4;14;A01
201400012039;0;7;0;0;2;2;2;A01
201400012039;0;7;0;3;2;6;2;B02
201400012040;0;17;0;0;2;4;1;A01
201400012040;0;7;0;0;2;1;1;B02
201400012041;0;7;0;0;2;7;2;A01
201400012041;0;10;0;0;2;6;2;B02
201400012042;0;10;0;0;0;9;1;A01
201400012043;0;7;0;4;0;1;13;A01
201400012044;0;7;0;3;0;2;14;A01
201400012045;0;7;0;14;1;7;1;A01
201400012046;0;7;0;3;2;2;1;A01
201400012046;0;15;0;0;2;4;1;B02
201400012047;0;7;0;6;0;0;1;A01
201400012048;0;33;0;8;0;1;1;A01
201400012049;0;1;0;0;0;0;1;B02
201400012049;0;7;0;0;0;0;15;A01
201400012050;0;7;0;2;0;8;0;A01
201400012051;0;1;0;0;2;1;13;A01
201400012051;0;7;0;0;2;1;1;B02
201400012052;0;10;0;0;9;1;9;A01
201400012052;0;1;0;0;2;8;1;B02
201400012053;0;7;0;0;1;2;1;A01
201400012054;0;7;0;0;0;1;1;A01
201400012054;0;7;0;0;2;1;15;B02
201400012055;0;33;0;0;0;7;1;A01
201400012055;0;10;0;0;0;3;1;B02
201400012056;0;7;0;0;2;3;13;B02
201400012056;0;7;0;0;2;1;0;A01
201400012057;0;7;0;0;2;1;13;A01
201400012057;0;7;0;0;2;3;1;B02
201400012058;0;7;0;0;2;3;15;A01
201400012058;0;33;0;0;2;1;17;B02
201400012059;0;7;0;0;0;6;2;A01
201400012059;2;7;0;0;0;3;2;B02
201400012060;0;7;0;0;2;1;17;A01
201400012060;0;7;0;0;2;2;1;B02
201400012061;0;7;0;8;0;9;1;A01
201400012062;0;7;0;0;1;2;1;A01
201400012063;0;17;0;0;0;0;1;A01
201400012064;0;7;0;13;0;3;13;A01
201400012064;0;17;0;0;2;3;1;B02
201400012065;0;7;0;0;0;4;1;C03
201400012065;0;7;0;0;2;1;1;A01
201400012065;0;7;0;3;2;4;1;B02
201400012066;0;7;0;3;0;1;17;A01
201400012066;0;17;0;0;2;2;1;B02
201400012067;0;10;0;0;0;6;1;B02
201400012067;0;10;0;0;2;2;17;A01
201400012068;0;17;0;0;0;0;1;B02
201400012068;0;7;0;0;2;2;11;A01
201400012069;0;33;0;0;0;0;17;A01
201400012070;0;10;0;1;1;7;1;A01
201400012071;0;7;0;0;2;1;17;A01
201400012071;0;7;0;0;0;4;1;B02
201400012072;0;99;0;0;2;6;2;C03
201400012072;0;10;0;0;2;2;2;A01
201400012072;0;16;0;0;2;0;2;B02
201400012073;0;7;0;0;2;1;2;A01
201400012073;0;7;0;0;2;4;1;B02
201400012074;0;7;0;4;0;2;1;A01
201400012075;0;7;0;0;2;4;23;C03
201400012075;0;17;0;0;2;2;1;A01
201400012075;0;10;0;0;2;6;23;H08
201400012075;0;10;0;0;2;4;23;G07
201400012075;0;10;0;0;2;4;23;F06
201400012075;0;10;0;0;2;7;1;I09
201400012075;0;7;0;0;2;4;23;B02
201400012075;0;7;0;0;2;4;23;D04
201400012075;0;10;0;0;2;4;23;E05
201400012076;0;7;0;0;0;4;23;B02
201400012076;0;7;0;14;0;1;11;A01
201400012077;0;14;0;0;0;5;17;C03
201400012077;0;7;0;0;2;3;2;A01
201400012077;0;7;0;0;0;5;2;B02
201400012078;0;7;0;0;1;2;0;A01
201400012079;0;33;0;0;0;4;2;B02
201400012079;0;7;0;0;2;1;2;A01
201400012080;0;17;0;0;0;6;1;B02
201400012080;0;7;0;0;2;2;3;A01
201400012081;0;33;0;14;0;1;1;A01
201400012082;0;7;0;4;0;2;14;A01
201400012083;0;17;0;3;0;3;0;A01
201400012084;0;7;0;0;2;1;2;A01
201400012084;0;17;0;0;2;6;23;D04
201400012084;0;7;0;0;2;4;23;B02
201400012084;0;7;0;0;2;4;23;C03
201400012085;0;7;0;0;2;1;2;A01
201400012085;0;15;0;0;0;4;2;B02
201400012086;0;10;0;14;0;2;23;B02
201400012086;0;7;0;0;2;5;2;A01
201400012087;0;7;0;0;0;6;1;B02
201400012087;0;7;0;0;2;2;12;A01
201400012088;0;17;0;3;0;7;1;A01
201400012089;0;7;0;3;0;3;1;A01
201400012089;0;7;0;14;0;1;1;B02
201400012090;0;7;0;0;2;6;1;B02
201400012090;0;14;0;0;2;2;1;A01
201400012091;0;14;0;0;2;2;21;A01
201400012091;0;14;0;0;2;0;2;C03
201400012092;0;7;0;0;2;0;0;D04
201400012092;0;7;0;14;0;0;0;B02
201400012092;0;14;0;0;0;0;0;A01
201400012092;0;7;0;14;9;1;0;C03
201400012093;0;7;0;0;9;1;1;D04
201400012093;0;7;0;0;9;1;1;B02
201400012093;0;17;0;3;0;9;6;A01
201400012093;0;7;0;0;9;1;1;C03
201400012094;0;7;0;0;2;2;13;B02
201400012094;0;10;0;0;2;3;2;A01
201400012095;0;15;0;0;1;2;21;A01
201400012096;0;7;0;3;0;1;0;A01
201400012097;0;7;0;4;2;5;1;A01
201400012097;0;7;0;0;2;3;1;B02
201400012098;0;7;0;0;2;1;1;A01
201400012098;0;7;0;0;2;4;0;B02
201400012099;0;7;0;3;0;1;1;A01
201400012100;0;10;0;4;0;8;1;A01
201400012101;0;10;0;2;0;3;21;A01
201400012102;0;7;0;0;2;1;2;A01
201400012102;0;7;0;13;0;4;1;B02
201400012103;0;7;0;0;0;9;17;A01
201400012104;0;10;0;0;2;1;2;A01
201400012104;0;17;0;0;0;0;2;B02
201400012104;0;17;0;0;0;4;2;C03
201400012104;0;10;0;0;9;1;0;D04
201400012104;0;7;0;3;9;3;0;E05
201400012104;0;10;0;0;9;1;0;F06
201400012105;0;7;0;5;0;2;2;A01
201400012106;0;7;0;3;0;3;1;A01
201400012107;0;14;0;0;0;3;0;A01
201400012107;0;7;0;14;0;1;2;B02
201400012107;0;7;0;0;2;1;2;C03
201400012107;0;7;0;0;9;7;21;D04
201400012107;0;7;0;0;9;1;0;E05
201400012108;0;7;0;0;1;2;1;A01
201400012109;0;14;0;3;2;1;6;A01
201400012109;0;10;0;0;2;3;17;B02
201400012109;0;17;0;0;2;8;1;C03
201400012110;0;7;0;0;1;2;1;A01
201400012111;0;7;0;0;1;6;4;A01
201400012112;0;7;0;0;2;3;9;A01
201400012112;0;33;0;0;2;7;1;B02
201400012113;0;33;0;0;2;0;1;B02
201400012113;0;7;0;0;0;8;13;A01
201400012114;0;7;0;0;2;4;1;B02
201400012114;0;33;0;0;2;9;1;A01
201400012114;0;7;0;0;2;1;1;C03
201400012115;0;7;0;0;2;3;13;A01
201400012115;0;33;0;0;2;2;1;B02
201400012116;0;10;0;0;2;3;0;B02
201400012116;0;33;0;0;2;8;17;A01
201400012117;0;1;0;0;2;1;8;A01
201400012117;0;7;0;0;2;3;1;B02
201400012118;0;7;0;13;0;2;1;A01
201400012119;0;7;0;8;0;2;0;A01
201400012120;0;7;0;0;2;8;19;A01
201400012120;0;7;0;0;2;1;1;B02
201400012121;0;33;0;0;0;1;13;A01
201400012121;0;15;0;0;0;0;1;B02
201400012122;0;10;0;0;2;3;19;A01
201400012122;0;7;0;0;2;2;1;B02
201400012123;0;7;0;3;0;2;1;A01
201400012124;0;1;0;0;2;3;1;A01
201400012124;0;21;0;0;0;0;1;B02
201400012125;0;7;0;0;2;7;15;A01
201400012125;0;1;0;0;2;1;1;B02
201400012126;0;30;0;0;2;8;15;A01
201400012126;0;10;0;0;2;1;1;B02
201400012127;0;30;0;1;2;2;17;A01
201400012127;0;10;0;0;0;6;1;B02
201400012128;0;14;0;1;0;2;16;A01
201400012129;0;7;0;0;2;8;13;A01
201400012129;0;7;0;0;2;8;1;B02
201400012130;0;7;0;0;1;1;12;A01
201400012131;0;7;0;0;2;3;15;A01
201400012131;0;30;0;0;2;7;1;B02
201400012132;0;7;0;0;2;1;1;B02
201400012132;0;7;0;0;2;3;15;A01
201400012133;0;14;0;0;0;2;1;A01
201400012134;0;10;0;0;2;2;1;A01
201400012134;0;7;0;0;2;3;1;B02
201400012135;0;7;0;16;0;2;14;A01
201400012136;0;7;0;13;0;2;0;A01
201400012137;0;7;0;0;2;2;1;A01
201400012137;0;7;0;0;2;3;19;B02
201400012138;0;7;0;0;2;1;1;A01
201400012138;0;7;0;0;2;6;1;B02
201400012139;0;31;0;0;0;2;0;A01
201400012140;0;2;0;0;2;7;1;A01
201400012140;0;10;0;0;2;1;0;B02
201400012141;0;7;0;2;0;8;13;A01
201400012142;0;10;0;0;9;2;1;A01
201400012142;0;1;0;0;2;1;1;B02
201400012143;0;33;0;0;2;1;17;A01
201400012143;0;7;0;0;2;3;1;B02
201400012143;0;7;0;14;0;2;1;C03
201400012144;0;10;0;0;2;1;13;A01
201400012144;0;10;0;0;2;1;1;B02
201400012145;0;7;0;0;2;2;1;A01
201400012145;0;2;0;0;2;3;15;B02
201400012146;0;33;0;0;2;1;17;A01
201400012146;0;10;0;0;2;6;23;B02
201400012147;0;7;0;6;0;1;0;A01
201400012148;0;7;0;0;2;3;15;B02
201400012148;0;33;0;0;2;1;1;A01
201400012149;0;2;0;0;5;1;2;A01
201400012150;0;7;0;6;0;1;1;A01
201400012151;0;7;0;0;2;1;1;A01
201400012151;0;30;0;0;0;4;1;B02
201400012152;0;30;0;0;2;1;1;A01
201400012152;0;30;0;0;2;5;15;B02
201400012153;0;10;0;0;2;3;1;B01
201400012153;0;2;0;0;2;3;1;A02
201400012154;0;7;0;0;2;2;2;A01
201400012154;0;2;0;0;2;4;2;B02
201400012155;0;7;0;0;2;1;0;A01
201400012155;0;7;0;0;2;1;1;B02
201400012156;0;10;0;0;2;3;15;A01
201400012156;0;7;0;0;2;2;1;B02
201400012157;0;2;0;0;2;1;1;B02
201400012157;0;7;0;0;2;8;15;A01
201400012158;0;7;0;0;2;8;10;A01
201400012158;0;31;0;0;2;1;17;B02
201400012159;0;7;0;0;2;2;15;A01
201400012159;0;7;0;0;2;1;1;B02
201400012160;0;7;0;0;2;3;1;A01
201400012160;0;30;0;0;2;3;1;B02
201400012161;0;7;0;0;2;1;1;A01
201400012161;0;7;0;0;2;1;1;B02
201400012162;0;7;0;0;2;3;1;A01
201400012162;0;10;0;0;2;3;1;B02
201400012163;0;33;0;0;0;1;1;A01
201400012164;0;7;0;0;2;3;1;A01
201400012164;0;7;0;0;2;3;1;B02
201400012165;0;7;0;0;2;1;17;A01
201400012165;0;21;0;0;0;4;15;B02
201400012166;0;7;0;0;2;8;15;A01
201400012166;0;33;0;0;2;7;17;B02
201400012167;0;7;0;2;0;3;13;A01
201400012168;0;7;0;0;1;2;1;A01
201400012169;0;7;0;0;2;3;15;A01
201400012169;0;33;0;0;2;1;1;B02
201400012170;0;30;0;11;0;0;1;A01
201400012171;0;1;0;0;0;1;1;B02
201400012171;0;7;0;0;0;2;19;A01
201400012172;0;7;0;0;2;3;17;A01
201400012172;0;1;0;0;2;1;1;B02
201400012173;0;10;0;0;2;6;20;A01
201400012173;0;7;0;0;2;1;1;B02
201400012174;0;7;0;0;2;1;13;A01
201400012174;0;7;0;0;2;1;1;B02
201400012175;0;7;0;0;2;1;13;A01
201400012175;0;2;0;0;2;1;1;B02
201400012176;0;7;0;3;0;1;0;A01
201400012177;0;7;0;0;2;2;15;A01
201400012177;0;33;0;0;2;1;1;B02
201400012178;0;7;0;2;0;1;19;A01
201400012179;0;7;0;0;2;3;1;A01
201400012179;0;7;0;0;2;3;17;B02
201400012180;0;7;0;0;2;3;15;A01
201400012180;0;2;0;0;2;3;1;B02
201400012181;0;2;0;0;6;2;1;A01
201400012182;0;38;4;8;0;2;16;A01
201400012183;0;7;0;0;2;1;13;A01
201400012183;0;7;0;0;2;1;13;B02
201400012184;0;10;0;0;2;1;2;A01
201400012184;0;10;0;0;2;4;2;B02
201400012184;0;10;0;0;2;4;2;C03
201400012185;2;7;0;6;0;1;13;A01
201400012186;0;7;0;0;2;7;13;A01
201400012186;0;15;0;0;2;1;1;B02
201400012187;0;7;0;0;1;1;15;A01
201400012188;0;7;0;0;0;3;15;A01
201400012188;0;33;0;0;0;1;1;B02
201400012189;0;7;0;6;0;2;0;A01
201400012190;0;7;0;6;0;1;1;A01
201400012191;0;7;0;3;0;2;14;A01
201400012192;0;7;0;0;2;3;13;A01
201400012192;0;7;0;0;2;1;1;B02
201400012192;0;7;0;0;0;0;0;C03
201400012193;0;7;0;0;2;2;1;A01
201400012193;0;7;0;0;2;4;1;B02
201400012194;0;7;0;14;0;3;1;B02
201400012194;0;7;0;4;0;1;0;A01
201400012194;0;7;0;14;0;1;1;C03
201400012195;0;7;0;0;0;3;5;A01
201400012195;0;7;0;0;0;0;0;B02
201400012196;0;7;0;0;2;4;2;C03
201400012196;0;7;0;0;2;4;2;B02
201400012196;0;7;0;0;2;1;2;A01
201400012197;0;7;0;0;2;1;2;A01
201400012197;0;7;0;0;2;4;2;B02
201400012197;0;10;0;0;2;5;2;C03
201400012198;0;7;0;0;2;1;13;A01
201400012198;0;7;0;0;2;1;1;B02
201400012199;0;7;0;0;2;3;2;A01