num_acc;senc;catv;occutc;obs;obsm;choc;manv;num_veh
201400012199;0;7;0;0;2;5;1;B02
201400012200;0;7;0;4;0;2;1;A01
201400012201;0;7;0;0;2;4;17;A01
201400012201;0;7;0;0;2;1;17;B02
201400012202;0;7;0;0;1;3;1;A01
201400012203;0;7;0;14;0;4;2;D04
201400012203;0;7;0;14;0;1;2;C03
201400012203;0;7;0;14;0;1;2;E05
201400012203;0;7;0;3;0;2;0;A01
201400012203;0;7;0;14;0;1;1;B02
201400012204;0;7;0;0;2;9;17;A01
201400012204;0;7;0;0;0;8;23;D04
201400012204;0;15;0;0;2;1;1;E05
201400012204;0;7;0;0;2;7;1;C03
201400012204;0;7;0;0;2;1;1;B02
201400012205;0;17;0;0;0;4;2;B02
201400012205;0;17;0;0;2;1;2;A01
201400012206;0;7;0;2;0;1;0;A01
201400012207;0;7;0;0;2;1;21;A01
201400012207;0;7;0;0;0;8;1;B02
201400012208;0;15;0;0;0;4;2;C03
201400012208;0;15;0;0;2;1;2;A01
201400012208;0;15;0;0;0;4;2;B02
201400012209;0;10;0;0;2;3;13;A01
201400012209;0;10;0;0;0;8;1;B02
201400012210;0;16;0;0;2;3;1;B02
201400012210;0;7;0;0;2;5;12;A01
201400012211;0;10;0;0;0;7;0;D04
201400012211;0;7;0;0;2;1;2;A01
201400012211;0;7;0;0;0;4;0;C03
201400012211;0;10;0;0;0;4;1;B02
201400012212;0;15;0;0;2;1;2;A01
201400012212;0;7;0;0;0;4;1;B02
201400012213;0;7;0;0;1;3;15;A01
201400012214;0;1;0;0;0;1;1;B01
201400012214;0;7;0;0;0;8;1;A01
201400012215;0;7;0;0;2;3;15;A01
201400012215;0;2;0;0;2;1;1;B01
201400012216;0;7;0;0;2;0;0;B01
201400012216;0;7;0;0;2;0;0;A01
201400012217;0;7;0;0;1;3;0;A01
201400012218;0;7;0;0;0;3;11;A01
201400012218;0;2;0;0;2;1;17;B01
201400012219;0;31;0;0;2;1;0;A01
201400012219;0;7;0;0;9;1;0;B01
201400012220;0;99;0;0;2;8;2;A01
201400012220;0;7;0;0;2;1;2;B02
201400012221;0;7;0;0;2;1;13;A01
201400012221;0;14;0;0;2;1;1;C03
201400012221;0;14;0;0;2;6;1;B02
201400012222;0;7;0;0;2;3;13;A01
201400012222;0;38;1;0;2;3;1;B02
201400012223;0;15;0;0;2;1;2;A01
201400012223;0;7;0;0;2;4;2;B02
201400012223;0;7;0;0;2;4;2;C03
201400012223;0;7;0;0;2;4;2;D04
201400012223;0;7;0;0;2;4;2;E05
201400012224;0;7;0;0;2;5;2;I09
201400012224;0;7;0;0;2;4;2;H08
201400012224;0;17;0;0;2;1;2;A01
201400012224;0;7;0;0;2;1;2;B02
201400012224;0;7;0;0;2;6;2;E05
201400012224;0;17;0;0;2;6;2;F06
201400012224;0;7;0;0;2;6;2;D04
201400012225;0;7;0;0;2;4;2;C03
201400012225;0;7;0;0;2;1;2;A01
201400012225;0;7;0;0;2;1;2;B02
201400012225;0;17;0;0;0;6;0;D04
201400012226;0;15;0;0;0;8;2;A01
201400012227;0;7;0;0;2;1;2;A01
201400012227;0;7;0;0;2;7;2;B02
201400012227;0;7;0;0;2;4;2;C03
201400012227;0;7;0;0;2;1;2;D04
201400012227;0;7;0;0;2;1;2;E05
201400012227;0;7;0;0;2;1;2;F06
201400012228;0;7;0;0;9;5;1;B02
201400012228;0;1;0;0;2;9;13;A01
201400012228;0;10;0;0;9;1;1;C03
201400012229;0;7;0;0;2;3;13;A01
201400012229;0;13;0;0;2;3;1;B02
201400012230;0;31;0;0;0;7;1;A01
201400012231;0;7;0;11;0;1;6;B02
201400012231;0;7;0;0;0;1;1;A01
201400012232;0;7;0;2;0;1;14;A01
201400012233;0;38;0;0;2;3;1;B02
201400012233;0;10;0;0;2;3;13;A01
201400012234;0;10;0;0;2;1;1;B02
201400012234;0;33;0;0;2;1;13;A01
201400012235;0;7;0;0;9;1;1;B02
201400012235;0;7;0;13;0;1;14;A01
201400012236;0;10;0;0;9;9;4;A01
201400012237;0;7;0;8;0;1;14;A01
201400012238;0;32;0;0;2;1;1;B02
201400012238;0;7;0;0;2;1;10;A01
201400012239;0;7;0;1;2;1;1;A01
201400012239;0;7;0;0;2;4;23;B02
201400012240;0;33;0;12;0;7;2;A01
201400012241;0;7;0;0;2;3;1;B02
201400012241;0;30;0;0;2;2;1;A01
201400012242;0;34;0;0;2;1;0;B02
201400012242;0;7;0;0;2;3;13;A01
201400012243;0;10;0;0;0;6;1;A01
201400012243;0;2;0;0;2;1;1;B02
201400012244;0;7;0;0;0;6;15;A01
201400012244;0;1;0;0;2;2;16;B02
201400012245;0;7;0;0;9;8;9;A01
201400012245;0;1;0;0;2;1;21;B02
201400012246;0;33;0;0;2;6;2;B02
201400012246;0;7;0;0;2;3;2;A01
201400012247;0;7;0;0;2;3;19;A01
201400012247;0;7;0;0;2;2;2;B02
201400012248;0;7;0;6;0;3;0;A01
201400012249;0;7;0;0;1;3;1;A01
201400012250;0;1;0;0;0;0;0;A01
201400012251;0;1;0;0;0;0;1;A01
201400012252;0;7;0;0;9;3;13;A01
201400012252;0;1;0;;;;;B02
201400012253;0;7;0;0;9;3;17;A01
201400012253;0;1;0;0;2;1;1;B02
201400012254;0;7;0;0;2;1;13;A01
201400012254;0;7;0;0;2;8;1;B02
201400012254;0;7;0;0;2;1;1;C03
201400012255;0;1;0;0;0;1;1;A01
201400012256;0;7;0;16;0;2;1;A01
201400012257;0;10;0;13;0;2;1;A01
201400012258;0;7;0;7;0;2;1;A01
201400012259;0;7;0;0;2;1;2;D04
201400012259;0;7;0;0;0;5;2;A01
201400012260;0;7;0;13;0;2;1;A01
201400012261;0;10;0;0;2;1;19;A01
201400012261;0;17;0;0;0;0;1;C03
201400012262;0;7;0;0;2;7;19;B02
201400012262;0;38;27;0;2;3;1;A01
201400012263;0;7;0;13;0;2;17;A01
201400012264;0;7;0;3;0;3;1;A01
201400012265;0;14;0;0;0;8;24;D04
201400012265;0;7;0;0;0;8;24;C03
201400012265;0;17;0;1;1;7;14;A01
201400012266;0;7;0;0;2;1;5;A01
201400012266;0;7;0;0;2;1;17;B02
201400012266;0;7;0;0;2;1;17;C03
201400012266;0;7;0;0;9;1;17;D04
201400012266;0;7;0;0;9;1;13;E05
201400012267;0;33;0;0;2;1;3;A01
201400012267;0;7;0;0;2;7;12;B02
201400012267;0;17;0;0;0;4;23;C03
201400012268;0;33;0;0;2;2;1;A01
201400012268;0;14;0;0;2;7;15;B02
201400012269;0;31;0;0;2;3;1;A01
201400012269;0;14;0;0;2;3;1;B02
201400012270;0;7;0;0;2;8;13;A01
201400012270;0;7;0;0;2;1;17;B02
201400012271;0;7;0;0;2;1;13;A01
201400012271;0;15;0;0;2;3;1;B02
201400012271;0;7;0;0;2;3;1;C03
201400012272;0;7;0;3;0;1;1;A01
201400012272;0;7;0;1;0;3;1;B02
201400012273;0;17;0;0;2;6;10;A01
201400012273;0;7;0;0;2;1;1;B02
201400012274;0;7;0;0;1;7;21;A01
201400012275;0;7;0;2;0;2;1;A01
201400012276;0;7;0;0;2;1;17;B02
201400012276;0;7;0;0;2;1;5;A01
201400012277;0;15;0;0;2;8;11;A01
201400012277;0;33;0;0;2;7;17;B02
201400012278;0;7;0;0;2;8;17;A01
201400012278;0;7;0;0;2;5;1;B02
201400012279;0;7;0;3;0;1;6;A01
201400012280;0;14;0;0;2;1;1;A01
201400012280;0;7;0;0;2;3;19;B02
201400012281;0;14;0;0;2;1;1;A01
201400012281;0;7;0;0;0;4;17;B02
201400012282;0;7;0;0;0;9;16;A01
201400012283;0;2;0;0;2;1;13;B02
201400012283;0;38;1;0;2;1;1;A01
201400012284;0;7;0;16;0;2;21;A01
201400012285;0;7;0;6;0;1;1;A01
201400012286;0;34;0;0;0;7;2;A01
201400012287;0;33;0;0;0;0;0;A01
201400012288;0;32;0;0;5;1;1;A01
201400012289;0;7;0;3;0;1;1;A01
201400012290;0;7;0;4;0;1;0;A01
201400012291;0;7;0;0;2;1;2;B02
201400012291;0;7;0;0;2;4;2;C03
201400012291;0;10;0;0;0;0;0;A01
201400012291;0;7;0;0;2;4;2;D04
201400012292;0;31;0;0;2;1;2;A01
201400012292;0;15;0;0;0;6;0;C03
201400012292;0;7;0;0;2;1;9;B02
201400012293;0;7;0;0;2;5;23;B02
201400012293;0;7;0;0;2;2;23;E05
201400012293;0;7;0;0;2;7;23;D04
201400012293;0;17;0;0;2;4;23;F06
201400012293;0;7;0;0;2;5;23;C03
201400012293;0;17;0;0;2;2;2;A01
201400012294;0;14;0;0;0;0;0;A01
201400012294;0;32;0;0;0;7;2;B02
201400012295;0;7;0;4;0;2;14;A01
201400012295;0;7;0;14;0;1;2;B02
201400012296;0;7;0;0;2;4;2;B02
201400012296;0;33;0;0;2;2;2;A01
201400012297;0;33;0;0;2;2;2;A01
201400012297;0;7;0;0;2;6;2;B02
201400012298;0;33;0;6;0;1;17;A01
201400012299;0;7;0;4;0;3;1;A01
201400012300;0;17;0;0;2;4;2;B02
201400012300;0;17;0;0;2;1;2;A01
201400012301;0;7;0;0;2;1;2;A01
201400012301;0;7;0;0;2;4;2;B02
201400012302;0;7;0;7;0;2;0;A01
201400012303;0;10;0;0;2;3;1;A01
201400012303;0;10;0;3;2;2;14;B02
201400012304;0;7;0;13;0;2;1;A01
201400012305;0;99;0;0;5;5;2;A01
201400012305;0;33;0;0;2;3;2;B02
201400012306;0;33;0;3;0;3;16;A01
201400012307;0;7;0;0;2;7;17;C03
201400012307;0;7;0;1;0;4;2;B02
201400012307;0;7;0;0;0;4;1;A01
201400012308;0;7;0;4;2;7;1;D04
201400012308;0;15;0;4;2;8;1;A01
201400012308;0;10;0;4;2;7;1;B02
201400012308;0;7;0;0;2;1;1;C03
201400012309;0;17;0;0;2;4;2;C03
201400012309;0;7;0;0;2;1;2;A01
201400012309;0;17;0;0;2;1;2;B02
201400012310;0;33;0;0;0;2;1;A01
201400012311;0;7;0;0;2;1;5;A01
201400012311;0;10;0;0;2;1;1;B02
201400012312;0;7;0;4;0;3;1;A01
201400012313;0;33;0;0;9;7;1;A01
201400012314;0;15;0;0;2;4;2;B02
201400012314;0;7;0;0;2;1;2;A01
201400012315;0;7;0;1;1;1;20;A01
201400012316;0;33;0;0;6;2;1;A01
201400012317;0;7;0;5;0;1;1;A01
201400012318;0;10;0;0;0;9;1;A01
201400012319;0;14;0;0;2;3;1;B02
201400012319;0;7;0;4;2;3;5;A01
201400012320;0;15;0;0;2;2;1;B02
201400012320;0;7;0;0;2;8;9;A01
201400012321;0;7;0;0;2;3;21;A01
201400012321;0;14;0;0;0;5;17;B02
201400012322;0;7;0;0;2;1;2;A01
201400012322;0;7;0;3;0;4;2;B02
201400012323;0;7;0;14;0;1;1;C03
201400012323;0;7;0;0;2;6;0;B02
201400012323;0;7;0;0;2;2;0;A01
201400012324;0;7;0;0;2;4;1;C03
201400012324;0;10;0;0;2;1;1;A01
201400012324;0;7;0;0;2;9;1;B02
201400012325;1;17;0;0;1;1;1;A01
201400012326;0;7;0;13;0;4;13;A01
201400012327;0;15;0;0;0;1;2;A01
201400012328;0;13;0;0;2;2;13;A01
201400012328;0;7;0;0;0;6;1;B02
201400012329;0;7;0;0;2;3;19;A01
201400012329;0;37;10;0;2;2;7;B02
201400012330;0;10;0;0;2;2;2;A01
201400012330;0;14;0;0;2;6;2;B02
201400012330;0;15;0;0;2;4;0;C03
201400012331;0;14;0;0;2;3;2;A01
201400012331;0;7;0;0;2;4;2;B02
201400012331;0;14;0;0;2;6;2;C03
201400012332;0;7;0;0;2;1;1;B02
201400012332;0;7;0;3;0;1;1;A01
201400012333;0;7;0;0;2;1;1;A01
201400012333;0;7;0;0;0;4;2;B02
201400012333;0;7;0;0;2;1;2;C03
201400012333;0;7;0;0;0;8;2;D04
201400012334;0;38;0;0;2;1;1;B02
201400012334;0;14;0;0;2;1;13;A01
201400012335;0;34;0;0;2;1;17;A01
201400012335;0;14;0;0;2;3;1;B02
201400012336;0;30;0;0;0;4;23;A01
201400012336;0;14;0;0;2;2;2;B02
201400012337;0;10;0;0;2;3;13;A01
201400012337;0;38;3;0;2;3;1;B02
201400012338;0;7;0;0;2;7;19;A01
201400012338;0;17;0;7;2;3;1;B02
201400012339;0;14;0;0;0;3;1;B02
201400012339;0;7;0;0;2;2;17;A01
201400012340;0;7;0;3;0;1;1;A01
201400012341;0;7;0;3;0;2;1;A01
201400012342;0;7;0;13;0;9;14;A01
201400012343;0;7;0;13;0;1;1;A01
201400012344;0;7;0;3;0;1;1;A01
201400012345;0;14;0;0;0;2;14;A01
201400012346;0;7;0;2;0;8;2;A01
201400012347;0;7;0;0;2;2;15;A01
201400012347;0;33;0;0;2;1;1;B02
201400012347;0;7;0;0;2;5;24;C03
201400012348;0;7;0;9;0;2;1;A01
201400012349;0;7;0;0;2;2;5;A01
201400012349;0;7;0;0;2;1;1;B02
201400012350;0;33;0;12;0;1;1;A01
201400012351;0;7;0;0;2;5;2;C03
201400012351;0;7;0;0;9;3;1;B02
201400012351;0;7;0;0;0;0;16;D04
201400012351;0;33;0;0;2;1;2;A01
201400012352;0;7;0;0;2;8;15;B02
201400012352;0;33;0;0;2;1;1;A01
201400012353;0;38;0;8;0;1;1;A01
201400012354;0;33;0;0;2;1;0;B02
201400012354;0;33;0;0;2;1;17;A01
201400012354;0;7;0;0;2;1;0;C03
201400012355;0;7;0;0;2;3;1;A01
201400012355;0;33;0;0;2;3;13;B02
201400012356;0;7;0;0;2;3;10;B02
201400012356;0;33;0;0;2;1;1;A01
201400012357;0;7;0;0;2;3;13;A01
201400012357;0;33;0;0;2;1;1;B02
201400012358;0;7;0;0;2;7;15;B02
201400012358;0;33;0;0;2;1;1;A01
201400012358;0;7;0;0;2;8;1;C03
201400012359;0;3;0;0;2;3;13;A01
201400012359;0;10;0;0;2;3;1;B02
201400012359;0;10;0;0;2;1;2;C03
201400012360;0;7;0;0;0;9;1;A01
201400012361;0;17;0;8;0;2;14;A01
201400012362;0;10;0;0;2;1;2;C03
201400012362;0;7;0;0;2;1;5;A01
201400012362;0;14;0;0;2;1;1;B02
201400012363;0;7;0;0;0;0;0;A01
201400012363;0;7;0;0;0;0;0;B02
201400012363;0;7;0;0;0;0;0;C03
201400012363;0;20;0;0;0;0;0;D04
201400012364;0;7;0;0;0;4;0;B02
201400012364;0;7;0;0;2;1;2;A01
201400012365;0;7;0;0;2;7;12;A01
201400012365;0;7;0;0;2;3;1;B02
201400012366;0;17;0;0;2;2;12;A01
201400012366;0;7;0;0;2;8;1;B02
201400012367;0;7;0;0;2;4;2;C03
201400012367;0;7;0;0;2;4;2;B02
201400012367;0;7;0;0;2;1;2;A01
201400012368;0;7;0;0;0;4;2;D04
201400012368;0;7;0;0;2;1;2;A01
201400012368;0;7;0;0;2;4;2;B02
201400012368;0;7;0;0;2;4;2;C03
201400012369;0;17;0;0;2;2;21;B02
201400012369;0;7;0;0;2;7;17;C03
201400012369;0;14;0;0;2;6;1;A01
201400012370;0;14;0;0;2;1;1;A01
201400012370;0;7;0;0;0;4;2;B02
201400012370;0;7;0;0;0;4;2;C03
201400012370;0;7;0;0;0;7;1;E05
201400012370;0;7;0;0;0;8;2;G07
201400012370;0;7;0;0;0;4;2;D04
201400012370;0;7;0;0;0;6;1;F06
201400012370;0;14;0;0;0;0;1;H08
201400012370;0;10;0;0;0;0;2;I09
201400012371;0;7;0;0;2;8;1;B02
201400012371;0;17;0;0;2;7;12;A01
201400012372;0;15;0;4;0;2;1;A01
201400012373;0;7;0;0;2;7;1;B02
201400012373;0;33;0;4;2;8;11;A01
201400012374;0;7;0;0;2;5;12;A01
201400012374;0;33;0;0;2;8;1;B02
201400012375;0;10;0;0;2;1;1;D04
201400012375;0;14;0;0;2;3;2;A01
201400012375;0;7;0;0;2;8;1;C03
201400012375;0;14;0;3;2;4;2;B02
201400012376;0;7;0;0;2;4;2;C03
201400012376;0;7;0;0;2;4;2;B02
201400012376;0;7;0;0;2;1;2;A01
201400012377;0;7;0;3;0;1;1;A01
201400012378;0;7;0;4;0;1;1;A01
201400012379;0;7;0;0;1;8;1;A01
201400012380;0;7;0;3;2;1;12;A01
201400012380;0;7;0;0;2;3;1;B02
201400012380;0;10;0;0;2;1;1;C03
201400012381;0;33;0;0;0;0;2;A01
201400012382;0;32;0;14;0;3;1;A01
201400012383;0;33;0;0;2;1;2;A01
201400012383;0;7;0;0;0;4;2;B02
201400012384;0;7;0;0;2;1;1;B02
201400012384;0;33;0;0;0;4;11;A01
201400012385;0;33;0;3;0;3;16;A01
201400012386;0;15;0;0;2;2;12;A01
201400012386;0;7;0;0;2;2;1;C03
201400012386;0;7;0;0;2;6;1;B02
201400012387;0;7;0;0;2;1;2;B02
201400012387;0;7;0;0;2;1;1;C03
201400012387;0;7;0;0;2;4;1;A01
201400012388;0;15;0;0;2;1;2;A01
201400012388;0;7;0;0;0;4;2;B02
201400012389;0;7;0;0;2;4;2;B02
201400012389;0;33;0;0;2;1;2;A01
201400012390;0;33;0;0;0;4;1;A01
201400012391;0;31;0;0;2;1;23;B02
201400012391;0;17;0;0;2;4;4;A01
201400012392;0;7;0;0;0;6;2;B02
201400012392;0;34;0;0;0;2;2;A01
201400012393;2;7;0;0;2;1;1;B02
201400012393;0;7;0;0;2;4;0;C03
201400012393;0;7;0;0;2;4;1;A01
201400012394;0;7;0;13;0;1;17;A01
201400012395;0;7;0;3;0;1;3;A01
201400012396;0;14;0;0;0;4;2;B02
201400012396;0;7;0;0;2;1;2;A01
201400012397;0;7;0;0;2;2;0;C03
201400012397;0;7;0;0;2;2;0;D04
201400012397;0;7;0;1;0;1;1;A01
201400012397;0;7;0;0;2;4;24;B02
201400012398;0;7;0;0;1;1;1;A01
201400012399;0;7;0;0;2;7;13;A01
201400012399;0;7;0;0;2;1;1;B02
201400012400;0;15;0;1;1;1;1;A01
201400012401;0;7;0;3;0;9;1;A01
201400012402;0;7;0;0;2;8;1;A01
201400012402;0;14;0;0;0;5;1;B02
201400012403;0;10;0;4;0;1;1;A01
201400012404;0;7;0;0;6;2;1;A01
201400012405;0;7;0;1;0;1;2;A01
201400012405;0;7;0;0;0;4;24;B02
201400012406;0;7;0;0;2;8;15;B02
201400012406;0;7;0;0;2;1;1;A01
201400012407;0;7;0;0;2;1;1;A01
201400012407;0;7;0;0;2;4;9;B02
201400012408;0;31;0;0;2;7;17;A01
201400012408;0;7;0;0;2;8;15;B02
201400012409;0;30;0;0;2;1;1;A01
201400012409;0;7;0;0;2;2;15;B02
201400012410;0;7;0;0;0;6;23;A01
201400012410;0;10;0;0;2;3;15;B02
201400012411;0;7;0;6;0;1;0;A01
201400012412;0;7;0;0;2;3;15;A01
201400012412;0;7;0;0;2;1;1;B02
201400012413;0;7;0;2;0;1;1;A01
201400012414;0;7;0;16;0;9;17;A01
201400012415;0;7;0;0;2;0;1;A01
201400012416;0;33;0;0;0;1;1;B02
201400012416;0;7;0;0;0;6;6;A01
201400012417;0;17;0;0;2;3;13;A01
201400012417;0;7;0;0;2;3;1;B02
201400012418;0;33;0;0;2;7;2;A01
201400012418;0;33;0;0;2;8;23;B02
201400012419;0;7;0;0;2;1;13;A01
201400012419;0;7;0;0;2;1;1;B02
201400012420;0;7;0;0;2;2;1;B02
201400012420;0;7;0;0;2;0;0;A01
201400012421;0;33;0;13;0;9;1;A01
201400012422;0;7;0;0;2;3;13;B02
201400012422;0;7;0;0;2;3;0;A01
201400012423;0;7;0;13;0;9;1;A01
201400012424;0;14;0;0;2;3;15;B02
201400012424;0;7;0;0;2;2;1;A01
201400012425;0;7;0;0;2;1;13;B02
201400012425;0;7;0;0;2;1;1;A01
201400012425;0;7;0;0;0;0;9;C03
201400012426;0;33;0;0;2;9;17;B02
201400012426;0;14;0;0;2;8;1;A01
201400012427;0;7;0;0;1;1;1;A01
201400012428;0;2;0;0;0;1;1;B02
201400012428;0;7;0;0;0;2;1;A01
201400012429;0;7;0;0;2;1;9;B02
201400012429;0;7;0;1;2;5;1;A01
201400012430;0;1;0;0;0;3;0;B02
201400012430;0;3;0;0;0;5;2;A01
201400012431;0;7;0;8;0;2;1;A01
201400012432;0;7;0;0;1;1;1;A01
201400012433;0;33;0;0;2;1;21;B02
201400012433;0;7;0;0;2;3;13;A01
201400012434;0;7;0;0;2;3;0;A01
201400012434;0;1;0;0;2;8;19;B02
201400012435;0;33;0;0;2;0;1;A01
201400012435;0;7;0;0;2;3;15;B02
201400012436;0;10;0;0;2;1;13;A01
201400012436;0;10;0;0;2;1;1;B02
201400012437;0;36;0;0;2;3;19;A01
201400012437;0;7;0;0;2;1;1;B02
201400012437;0;7;0;0;2;1;1;C03
201400012438;0;7;0;0;0;9;0;A01
201400012439;0;10;0;0;1;1;1;B01
201400012440;0;7;0;3;0;9;1;A01
201400012441;0;7;0;4;0;3;1;A01
201400012442;0;7;0;0;2;1;14;A01
201400012442;0;14;0;0;0;6;1;B02
201400012443;0;7;0;4;0;1;1;A01
201400012444;0;7;0;0;0;1;12;A01
201400012445;0;7;0;0;0;1;1;A01
201400012446;0;10;0;0;2;1;12;A01
201400012446;0;7;0;0;0;4;1;B02
201400012446;0;10;0;0;2;1;1;C03
201400012447;0;7;0;0;0;6;1;B02
201400012447;0;7;0;0;0;2;14;A01
201400012448;0;7;0;4;2;1;1;A01
201400012448;0;7;0;0;0;4;1;B02
201400012449;0;7;0;13;0;1;1;A01
201400012450;0;7;0;0;2;2;2;A01
201400012450;0;15;0;0;0;6;1;B02
201400012451;0;7;0;13;0;1;14;A01
201400012452;0;7;0;0;2;1;2;A01
201400012452;0;17;0;0;2;5;2;B02
201400012452;0;7;0;1;0;1;23;C03
201400012453;0;17;0;0;2;1;1;A01
201400012453;0;7;0;0;2;3;19;B02
201400012454;0;7;0;0;2;7;17;B02
201400012454;0;7;0;0;0;8;13;A01
201400012455;0;7;0;13;0;1;14;A01
201400012456;0;7;0;3;0;9;1;A01
201400012457;0;7;0;10;0;3;1;A01
201400012458;0;7;0;2;0;2;1;A01
201400012459;0;7;0;4;0;1;2;A01
201400012460;0;7;0;0;0;9;1;A01
201400012461;0;10;0;0;2;2;17;A01
201400012461;0;15;0;0;0;6;1;B02
201400012462;0;31;0;0;2;1;13;A01
201400012462;0;14;0;0;2;1;1;B02
201400012463;0;10;0;0;1;1;9;A01
201400012464;0;7;0;0;2;1;1;A01
201400012464;0;7;0;0;2;4;23;B01
201400012465;0;7;0;0;1;1;1;A01
201400012466;0;36;0;0;2;1;1;B01
201400012466;0;7;0;0;2;2;10;A01
201400012467;0;7;0;0;2;1;13;A01
201400012467;0;7;0;0;2;1;1;B01
201400012468;0;7;0;0;1;4;1;A01
201400012469;0;7;0;0;1;4;20;A01
201400012470;0;2;0;12;0;1;1;A01
201400012471;0;1;0;0;2;1;1;B02
201400012471;0;7;0;0;2;1;1;A01
201400012472;0;30;0;0;0;0;1;A01
201400012473;0;31;0;0;2;1;1;B02
201400012473;0;7;0;0;2;3;21;A01
201400012474;0;10;0;0;2;3;1;A01
201400012474;0;1;0;0;2;8;19;B02
201400012475;0;30;0;0;2;7;1;B02
201400012475;0;7;0;0;2;3;9;A01
201400012476;0;7;0;0;0;3;15;A01
201400012476;0;1;0;0;2;1;17;B02
201400012477;0;2;0;0;2;2;2;A01
201400012477;0;7;0;0;0;6;20;B01
201400012478;2;7;0;6;2;1;0;A01
201400012478;0;7;0;0;2;8;1;B01
201400012479;0;33;0;6;0;3;1;A01
201400012480;0;7;0;0;1;3;1;A01
201400012481;0;31;0;0;2;1;1;B01
201400012481;0;7;0;0;2;3;15;A01
201400012482;0;33;0;0;2;1;1;B01
201400012482;0;10;0;0;2;3;15;A01
201400012483;0;7;0;0;1;2;1;A01
201400012484;0;7;0;0;2;1;2;A01
201400012484;0;15;0;0;0;4;1;B02
201400012485;0;7;0;4;0;3;1;A01
201400012486;0;14;0;3;0;3;13;A01
201400012487;0;10;0;0;2;4;1;B02
201400012487;0;7;0;0;2;3;1;C03
201400012487;0;7;0;0;2;1;12;A01
201400012488;0;7;0;0;0;4;2;B02
201400012488;0;7;0;0;2;2;2;A01
201400012489;0;10;0;0;2;3;2;A01
201400012489;0;33;0;0;0;4;1;B02
201400012490;0;7;0;0;2;7;2;A01
201400012490;0;14;0;0;2;3;2;B02
201400012491;0;7;0;3;0;1;1;A01
201400012492;0;7;0;0;2;8;1;D04
201400012492;0;7;0;0;2;1;1;B02
201400012492;0;7;0;0;2;8;1;C03
201400012492;0;7;0;3;2;8;19;A01
201400012493;0;17;0;0;2;2;2;A01
201400012493;0;7;0;0;0;6;2;B02
201400012494;0;33;0;0;2;1;13;A01
201400012494;0;7;0;0;2;3;1;B02
201400012495;0;7;0;3;0;8;17;A01
201400012495;0;7;0;0;4;1;1;B02
201400012496;0;33;0;10;0;0;2;A01
201400012496;0;7;0;0;0;0;9;B02
201400012497;0;33;0;3;0;1;16;A01
201400012498;0;10;0;0;2;1;2;A01
201400012498;0;10;0;0;2;6;2;B02
201400012499;0;99;0;0;0;1;2;A01
201400012499;0;99;0;3;0;4;2;B02
201400012500;0;7;0;0;0;9;17;A01
201400012501;0;33;0;0;2;1;3;A01
201400012501;0;7;0;0;2;5;1;B02
201400012502;0;7;0;0;0;4;1;E05
201400012502;0;7;0;0;2;4;1;C03
201400012502;0;7;0;0;2;4;1;B02
201400012502;0;7;0;0;2;1;1;A01
201400012502;0;7;0;0;2;4;0;D04
201400012503;0;7;0;3;0;1;0;A01
201400012504;0;17;0;0;0;6;2;B02
201400012504;0;7;0;0;2;2;2;A01
201400012505;0;7;0;0;2;1;2;A01
201400012505;0;7;0;0;0;4;13;B02
201400012506;0;7;0;3;0;2;1;A01
201400012507;0;15;0;1;0;2;14;A01
201400012507;0;7;0;0;0;6;23;B02
201400012508;0;2;0;2;0;1;0;A01
201400012509;0;7;0;0;2;1;1;B02
201400012509;0;33;0;0;2;1;13;A01
201400012510;0;7;0;3;0;2;1;A01
201400012511;0;7;0;3;0;1;1;A01
201400012512;0;7;0;0;2;1;1;A01
201400012512;0;7;0;0;2;1;1;B02
201400012513;0;7;0;0;0;4;1;B02
201400012513;0;7;0;3;2;1;1;A01
201400012514;0;38;50;16;0;2;1;A01
201400012515;0;7;0;3;0;1;14;A01
201400012516;0;33;0;3;0;9;1;A01
201400012517;0;7;0;13;0;1;1;A01
201400012518;0;38;30;0;0;0;1;A01
201400012519;0;15;0;0;2;5;1;B02
201400012519;0;7;0;0;2;1;1;A01
201400012519;0;7;0;14;0;8;1;C03
201400012520;0;7;0;0;2;1;2;A01
201400012520;0;17;0;0;2;4;1;B02
201400012521;0;7;0;0;2;1;2;A01
201400012521;0;7;0;0;2;4;2;B02
201400012522;0;7;0;0;0;4;1;A01
201400012522;0;7;0;0;2;1;2;B02
201400012522;0;7;0;0;2;1;2;C03
201400012523;0;7;0;0;2;1;1;B02
201400012523;0;7;0;3;0;3;1;A01
201400012524;0;33;0;0;2;1;2;A01
201400012524;0;7;0;0;2;4;1;B02
201400012525;0;7;0;6;0;1;14;A01
201400012526;0;10;0;3;0;3;1;A01
201400012527;0;7;0;4;0;7;1;A01
201400012528;0;7;0;0;0;1;2;A01
201400012529;0;7;0;16;0;9;1;A01
201400012530;0;7;0;3;0;3;11;A01
201400012531;0;7;0;0;2;2;2;A01
201400012531;0;7;0;0;0;6;2;B02
201400012532;0;10;0;0;2;4;2;A01
201400012532;0;7;0;0;2;1;2;B02
201400012533;0;7;0;13;0;2;1;A01
201400012534;0;7;0;0;2;1;5;A01
201400012534;0;17;0;0;2;1;1;B02
201400012535;0;7;0;0;2;3;1;A01