num_acc;senc;catv;occutc;obs;obsm;choc;manv;num_veh
201400012535;0;7;0;0;2;3;1;B02
201400012536;0;10;0;0;2;2;2;B02
201400012536;0;7;0;0;0;6;1;A01
201400012537;0;7;0;0;0;3;1;A01
201400012538;0;7;0;6;0;1;14;A01
201400012539;0;7;0;6;0;1;1;A01
201400012540;0;7;0;13;0;0;14;A01
201400012541;0;7;0;3;0;7;13;A01
201400012542;0;33;0;0;2;1;1;A01
201400012542;0;7;0;0;9;5;1;B02
201400012543;0;10;0;3;0;2;0;A01
201400012544;0;10;0;3;0;3;13;A01
201400012544;0;7;0;14;0;3;1;B02
201400012545;0;7;0;7;2;2;2;A01
201400012545;0;7;0;0;2;6;2;B02
201400012546;0;7;0;0;2;3;2;A01
201400012546;0;15;0;0;0;7;2;B02
201400012546;0;14;0;0;0;8;1;C03
201400012547;0;7;0;0;2;1;2;A01
201400012547;0;7;0;0;2;4;2;B02
201400012547;0;7;0;0;2;3;1;C03
201400012547;0;7;0;0;2;1;2;D04
201400012547;0;7;0;0;2;6;2;E05
201400012547;0;7;0;0;2;8;2;F06
201400012548;0;10;0;0;2;1;1;A01
201400012548;0;14;0;0;0;6;1;B02
201400012549;0;14;0;3;0;1;1;A01
201400012550;0;1;0;0;0;0;0;A01
201400012551;0;7;0;0;1;3;1;A01
201400012552;0;33;0;0;2;1;1;A01
201400012552;0;33;0;0;2;1;1;B02
201400012553;0;10;0;0;2;5;17;A01
201400012553;0;10;0;0;2;8;4;B02
201400012554;0;7;0;6;0;3;1;A01
201400012555;0;7;0;3;0;1;1;A01
201400012556;0;17;0;3;0;3;1;A01
201400012557;0;1;0;0;2;1;1;B02
201400012557;0;7;0;0;9;4;1;A01
201400012558;0;7;0;0;0;4;15;A01
201400012558;0;33;0;0;2;1;1;B02
201400012559;0;7;0;0;2;1;1;A01
201400012559;0;7;0;0;2;1;15;B02
201400012560;0;7;0;8;0;1;1;A01
201400012561;0;33;0;0;2;1;1;A01
201400012561;0;7;0;0;2;5;15;B02
201400012562;0;7;0;0;0;2;15;A01
201400012562;0;1;0;0;2;1;1;B02
201400012563;0;7;0;0;0;3;19;A01
201400012563;0;7;0;0;0;2;19;B02
201400012564;0;30;0;0;2;1;1;B02
201400012564;0;10;0;0;2;2;15;A01
201400012565;0;30;0;0;2;1;1;A01
201400012565;0;7;0;0;2;5;15;B02
201400012566;0;13;0;0;2;1;1;A01
201400012566;0;7;0;0;2;8;15;B02
201400012567;0;14;0;0;1;3;1;A01
201400012568;0;31;0;0;2;1;17;B02
201400012568;0;7;0;0;2;3;9;A01
201400012569;0;7;0;0;2;6;1;B02
201400012569;1;7;0;0;2;3;9;A01
201400012570;0;7;0;0;0;4;1;B02
201400012570;0;7;0;0;2;1;1;A01
201400012571;0;7;0;0;9;8;15;B02
201400012571;0;1;0;0;2;0;1;A01
201400012572;0;33;0;0;2;1;2;A01
201400012572;0;10;0;0;0;6;2;B02
201400012573;0;33;0;2;0;1;16;A01
201400012574;0;7;0;0;0;6;21;A01
201400012574;0;7;0;0;0;3;1;B02
201400012575;0;33;0;0;2;1;3;A01
201400012575;0;3;0;0;2;3;15;B02
201400012576;0;33;0;0;2;1;1;B02
201400012576;0;7;0;0;2;8;15;A01
201400012577;0;33;0;0;2;1;17;B02
201400012577;0;7;0;0;0;6;15;A01
201400012578;0;7;0;8;0;1;13;A01
201400012579;0;1;0;0;2;1;0;A01
201400012579;0;7;0;0;9;1;0;B02
201400012580;0;30;0;0;0;0;14;A01
201400012581;0;7;0;0;2;3;1;B02
201400012581;0;7;0;0;2;3;13;A01
201400012582;0;7;0;14;0;1;11;C03
201400012582;0;17;0;0;0;6;1;A01
201400012582;0;7;0;0;2;2;11;B02
201400012583;0;7;0;0;1;2;1;A01
201400012584;0;7;0;13;0;1;14;A01
201400012585;0;10;0;0;2;4;2;A01
201400012585;0;7;0;0;2;5;2;B02
201400012585;0;7;0;0;2;3;2;C03
201400012586;0;7;0;0;0;5;2;A01
201400012586;0;7;0;0;2;3;2;B02
201400012587;0;14;0;0;0;0;0;A01
201400012588;0;7;0;2;0;8;1;A01
201400012589;0;7;0;0;2;6;1;A01
201400012589;0;10;0;0;2;2;1;B02
201400012589;0;7;0;0;2;1;1;C03
201400012590;0;7;0;0;2;3;13;A01
201400012590;0;7;0;0;2;2;1;B02
201400012591;0;7;0;2;0;3;14;A01
201400012592;0;10;0;3;0;9;1;A01
201400012593;0;7;0;14;0;1;1;B02
201400012593;0;7;0;3;0;1;1;A01
201400012594;0;7;0;4;0;1;1;A01
201400012594;0;7;0;0;2;1;21;B02
201400012594;0;7;0;1;0;8;21;C03
201400012594;0;7;0;14;0;1;21;D04
201400012595;0;17;0;14;1;2;1;B02
201400012596;0;7;0;12;0;2;1;A01
201400012597;0;7;0;6;0;1;1;A01
201400012598;0;7;0;4;0;3;2;A01
201400012599;0;7;0;4;0;1;9;A01
201400012600;0;7;0;13;0;2;1;A01
201400012601;0;7;0;4;0;3;17;A01
201400012602;0;7;0;3;0;1;2;A01
201400012603;0;10;0;1;0;2;14;B02
201400012603;0;14;0;0;9;6;24;A01
201400012604;0;7;0;4;2;1;1;A01
201400012605;0;3;0;0;2;2;11;A01
201400012605;0;7;0;0;2;2;1;B02
201400012606;0;30;0;0;2;1;16;B02
201400012606;0;7;0;0;2;7;1;A01
201400012607;0;7;0;0;2;4;23;A01
201400012607;0;7;0;0;2;9;23;B02
201400012607;0;7;0;0;0;1;0;C03
201400012607;0;33;0;0;2;1;1;D04
201400012608;0;33;0;0;2;1;1;A01
201400012608;0;7;0;0;2;6;15;B02
201400012609;0;14;0;13;0;8;1;A01
201400012610;0;33;0;0;2;2;17;A01
201400012610;0;10;0;0;0;8;15;B02
201400012611;0;30;0;12;0;1;1;A01
201400012612;0;7;0;14;0;3;13;A01
201400012613;0;10;0;0;2;2;1;A01
201400012613;0;10;0;0;2;8;1;B02
201400012614;0;2;0;0;0;0;0;A01
201400012614;0;10;0;0;0;0;0;B02
201400012615;0;7;0;1;0;1;14;A01
201400012616;0;7;0;6;0;7;0;A01
201400012617;0;7;0;0;2;3;1;A01
201400012617;0;7;0;0;2;3;13;B02
201400012618;0;30;0;0;2;1;1;B02
201400012618;0;7;0;0;2;3;15;A01
201400012619;0;2;0;0;0;4;23;B02
201400012619;0;7;0;0;2;3;2;A01
201400012620;1;7;0;0;1;0;1;A01
201400012621;0;15;0;0;2;2;14;C03
201400012621;0;7;0;0;2;6;1;B02
201400012621;0;10;0;0;2;7;1;A01
201400012622;0;7;0;0;2;1;2;A01
201400012622;0;15;0;0;0;6;1;B02
201400012623;0;7;0;16;0;1;14;A01
201400012624;0;17;0;4;0;3;13;A01
201400012624;0;7;0;0;9;1;1;B02
201400012625;0;17;0;0;2;4;2;A01
201400012625;0;7;0;0;2;1;2;B02
201400012626;0;10;0;0;0;6;1;B02
201400012626;0;10;0;0;2;2;17;A01
201400012627;0;7;0;4;2;1;13;B02
201400012627;0;38;24;10;2;3;1;A01
201400012628;0;7;0;2;2;1;21;A01
201400012628;0;38;1;0;2;1;1;B02
201400012629;0;7;0;0;2;5;1;B02
201400012629;0;7;0;0;2;1;1;C03
201400012629;0;7;0;0;2;8;13;A01
201400012630;0;3;0;0;1;3;2;A01
201400012631;0;7;0;0;0;4;23;A01
201400012631;0;7;0;0;0;1;2;B02
201400012632;0;2;0;0;2;1;1;A01
201400012632;0;7;0;0;2;1;1;B02
201400012633;0;7;0;0;1;1;1;A01
201400012634;0;7;0;0;0;0;1;B02
201400012634;0;7;0;6;0;2;1;A01
201400012635;0;2;0;0;2;7;1;B02
201400012635;0;7;0;0;2;3;1;A01
201400012636;0;34;0;0;2;1;1;A01
201400012636;0;7;0;0;2;3;1;B02
201400012637;0;7;0;0;2;3;1;B02
201400012637;0;7;0;0;2;1;1;A01
201400012638;0;7;0;0;2;3;1;A01
201400012638;0;1;0;0;2;3;21;B02
201400012639;0;7;0;0;1;0;0;A01
201400012640;0;7;0;0;2;8;1;B02
201400012640;0;7;0;0;2;3;13;A01
201400012640;0;7;0;0;2;1;1;C03
201400012641;0;7;0;13;0;1;2;A01
201400012642;0;2;0;0;0;1;5;A01
201400012642;0;7;0;0;0;8;15;B02
201400012643;0;7;0;0;2;4;2;B02
201400012643;0;7;0;0;2;2;2;A01
201400012643;0;7;0;0;2;2;1;C03
201400012644;0;33;0;0;2;3;2;B02
201400012644;0;33;0;0;2;2;1;A01
201400012645;0;33;0;16;0;9;1;A01
201400012646;0;7;0;2;0;1;1;A01
201400012647;0;33;0;16;0;0;1;A01
201400012648;0;7;0;6;0;3;1;A01
201400012649;0;1;0;0;2;1;2;A01
201400012649;1;7;0;0;2;5;2;B02
201400012650;0;7;0;0;2;3;19;B02
201400012650;0;7;0;0;2;1;1;A01
201400012651;0;7;0;0;2;8;16;B02
201400012651;0;15;0;0;2;2;1;A01
201400012652;0;30;0;6;0;1;1;A01
201400012653;0;7;0;0;2;3;13;A01
201400012653;0;7;0;0;2;3;1;B02
201400012654;0;7;0;6;0;3;1;A01
201400012655;0;7;0;0;2;3;13;A01
201400012655;0;7;0;0;2;3;21;B02
201400012656;0;10;0;2;0;1;1;A01
201400012657;0;15;0;0;2;1;1;A01
201400012657;0;15;0;0;0;4;23;B02
201400012658;0;32;0;0;2;1;2;A01
201400012658;0;7;0;0;0;6;23;B02
201400012659;0;31;0;0;2;1;1;A01
201400012659;0;7;0;0;0;4;23;B02
201400012660;0;15;0;0;2;2;19;A01
201400012660;0;7;0;0;2;3;1;B02
201400012661;0;1;0;13;0;0;1;A01
201400012662;0;7;0;0;2;3;17;A01
201400012662;0;16;0;0;2;3;1;B02
201400012663;0;10;0;0;2;1;1;A01
201400012663;0;7;0;0;2;1;15;B02
201400012664;0;7;0;0;2;3;1;B02
201400012664;0;7;0;0;2;3;13;A01
201400012665;0;7;0;0;0;3;15;A01
201400012665;0;30;0;0;2;1;17;B02
201400012666;0;7;0;0;2;3;13;A01
201400012666;0;7;0;0;0;3;1;B02
201400012667;0;7;0;0;2;1;15;A01
201400012667;0;33;0;0;2;7;1;B02
201400012668;0;37;1;7;0;1;1;A01
201400012669;0;33;0;0;2;1;2;A01
201400012669;0;7;0;0;2;4;15;B02
201400012670;0;33;0;0;2;7;1;A01
201400012670;0;7;0;0;2;1;19;B02
201400012671;0;1;0;0;1;1;1;A01
201400012672;0;7;0;0;2;3;13;A01
201400012672;0;7;0;0;2;3;1;B02
201400012672;0;7;0;0;2;1;1;C03
201400012673;0;7;0;0;2;8;1;B02
201400012673;0;10;0;0;2;4;4;A01
201400012674;0;33;0;0;2;8;1;B02
201400012674;0;7;0;0;2;5;1;A01
201400012675;0;33;0;2;0;2;14;A01
201400012676;0;10;0;0;2;8;15;A01
201400012676;0;33;0;0;2;1;17;B02
201400012677;0;7;0;0;2;3;1;B02
201400012677;0;7;0;0;2;3;13;A01
201400012678;0;33;0;0;2;1;2;B02
201400012678;0;7;0;0;2;8;15;A01
201400012679;0;7;0;0;2;1;1;B02
201400012679;0;33;0;0;2;1;13;A01
201400012680;0;33;0;0;2;1;1;A01
201400012680;1;7;0;0;0;2;11;Z02
201400012681;0;1;0;0;2;7;16;C03
201400012681;0;10;0;0;9;1;1;A01
201400012681;0;1;0;0;2;7;16;B02
201400012682;0;33;0;0;0;4;0;A01
201400012682;0;33;0;1;0;1;2;B02
201400012683;0;33;0;0;0;3;1;B02
201400012683;0;7;0;0;0;3;13;A01
201400012684;0;7;0;1;0;1;14;A01
201400012685;0;7;0;0;2;3;15;B02
201400012685;0;33;0;0;2;1;17;A01
201400012686;0;7;0;0;9;7;13;A01
201400012686;0;30;0;0;2;1;1;B02
201400012687;0;7;0;;1;1;1;A01
201400012688;0;7;0;0;9;0;22;A01
201400012688;0;1;0;1;0;2;1;B02
201400012689;0;7;0;0;2;1;15;A01
201400012689;0;30;0;0;2;1;1;B02
201400012690;0;7;0;0;2;2;15;A01
201400012690;0;7;0;0;2;1;1;B02
201400012691;0;7;0;0;9;8;13;A01
201400012691;0;33;0;0;2;1;3;B02
201400012692;0;7;0;0;2;2;15;A01
201400012692;0;2;0;0;2;1;1;B02
201400012693;0;7;0;0;0;8;15;A01
201400012693;0;30;0;0;0;1;1;B02
201400012694;0;7;0;0;1;1;1;A01
201400012695;0;33;0;0;0;4;23;A01
201400012695;0;7;0;0;2;1;1;B02
201400012696;0;7;0;0;2;1;1;B02
201400012696;0;7;0;0;2;1;5;A01
201400012697;0;36;0;8;0;1;1;A01
201400012698;0;7;0;0;2;8;9;A01
201400012698;0;33;0;0;2;1;1;B02
201400012699;0;7;0;0;2;1;1;C03
201400012699;0;7;0;0;2;7;11;B02
201400012699;0;7;0;0;2;1;1;A01
201400012700;0;10;0;0;2;4;23;B02
201400012700;0;10;0;0;2;1;1;A01
201400012701;0;99;0;0;0;8;1;A01
201400012702;0;7;0;0;2;5;23;B02
201400012702;0;31;0;0;2;3;1;A01
201400012703;0;10;0;13;0;2;1;A01
201400012704;0;7;0;0;2;1;1;A01
201400012704;0;7;0;0;2;8;0;B02
201400012705;0;33;0;0;2;7;17;B02
201400012705;0;7;0;0;2;8;19;A01
201400012706;0;34;0;0;2;1;1;B02
201400012706;0;7;0;0;2;7;15;A01
201400012707;0;7;0;0;2;3;13;A01
201400012707;0;7;0;0;2;3;1;B02
201400012708;0;10;0;0;0;1;2;A01
201400012708;0;14;0;0;2;4;23;B02
201400012709;0;33;0;8;0;1;1;A01
201400012710;0;7;0;0;2;8;1;B02
201400012710;0;7;0;0;2;3;13;A01
201400012711;0;7;0;0;9;3;15;A01
201400012711;0;33;0;0;2;1;17;B02
201400012712;0;7;0;0;2;1;13;A01
201400012712;0;7;0;0;2;1;1;B02
201400012713;0;10;0;0;0;0;15;B02
201400012713;0;33;0;0;0;0;17;A01
201400012714;0;33;0;0;2;4;1;A01
201400012714;0;7;0;0;2;1;2;B02
201400012715;0;14;0;0;2;6;1;B02
201400012715;0;7;0;0;2;3;12;A01
201400012716;0;7;0;0;2;3;2;A01
201400012716;0;7;0;0;2;3;13;B02
201400012717;0;7;0;0;2;2;2;B02
201400012717;0;30;0;0;2;3;9;A01
201400012718;0;7;0;0;2;3;13;A01
201400012718;0;7;0;0;2;3;1;B02
201400012719;0;33;0;0;5;1;1;A01
201400012720;0;7;0;0;2;6;13;A01
201400012720;0;7;0;0;2;1;1;B02
201400012721;0;1;0;0;2;5;1;B02
201400012721;0;7;0;0;2;1;1;A01
201400012722;0;30;0;6;0;8;13;A01
201400012723;0;7;0;0;2;3;1;B02
201400012723;0;31;0;0;2;1;1;A01
201400012724;0;1;0;0;2;1;2;B02
201400012724;0;7;0;0;2;3;9;A01
201400012725;0;17;0;0;2;4;2;B02
201400012725;0;7;0;0;2;1;2;A01
201400012726;0;7;0;3;0;3;13;A01
201400012727;0;7;0;4;0;3;1;A01
201400012728;0;7;0;3;0;9;1;A01
201400012729;0;7;0;4;0;1;2;A01
201400012730;0;17;0;0;0;0;1;B02
201400012730;0;7;0;0;2;1;2;A01
201400012731;0;38;0;1;1;2;7;A01
201400012732;0;7;0;0;0;1;1;A01
201400012732;0;38;0;0;0;3;1;B02
201400012733;0;7;0;4;0;2;14;A01
201400012734;1;7;0;1;1;7;1;A01
201400012735;0;7;0;2;0;1;1;A01
201400012736;0;7;0;0;2;2;15;A01
201400012736;0;7;0;0;2;1;1;B02
201400012737;0;10;0;0;2;1;2;A01
201400012737;0;7;0;0;2;4;2;B02
201400012737;0;7;0;0;2;4;2;C03
201400012737;0;10;0;0;2;4;2;D04
201400012738;0;7;0;0;1;4;4;A01
201400012739;0;7;0;0;2;3;1;A01
201400012739;0;31;0;0;2;1;1;B02
201400012740;0;7;0;8;0;1;1;A01
201400012741;0;33;0;0;0;0;1;A01
201400012742;0;7;0;0;1;3;1;A01
201400012743;0;7;0;0;2;3;1;A01
201400012743;0;7;0;0;2;3;21;C03
201400012743;0;7;0;0;2;3;1;B02
201400012744;0;7;0;0;1;3;0;A01
201400012745;0;7;0;0;0;8;19;A01
201400012745;0;17;0;0;2;1;1;B02
201400012746;0;34;0;0;0;1;0;B02
201400012746;0;10;0;0;0;0;9;A01
201400012747;0;10;0;0;0;5;15;A01
201400012747;0;33;0;0;0;1;0;B02
201400012748;0;2;0;0;2;8;19;A01
201400012748;0;7;0;0;2;3;1;B02
201400012749;0;7;0;6;0;2;0;A01
201400012750;0;7;0;0;2;1;1;B02
201400012750;0;7;0;0;2;4;2;A01
201400012751;0;7;0;0;0;6;23;B02
201400012751;0;33;0;0;2;1;1;A01
201400012752;0;10;0;0;2;5;23;B02
201400012752;0;10;0;0;2;2;23;E05
201400012752;0;10;0;0;2;5;23;C03
201400012752;0;10;0;0;2;6;23;D04
201400012752;0;10;0;0;2;8;21;A01
201400012753;0;7;0;2;0;7;1;A01
201400012754;0;7;0;0;2;3;1;B02
201400012754;0;33;0;0;2;3;17;A01
201400012755;0;7;0;0;2;1;13;A01
201400012755;0;7;0;0;2;1;1;B02
201400012756;0;7;0;0;2;1;1;B02
201400012756;0;7;0;0;2;1;13;A01
201400012757;0;33;0;0;0;7;1;A01
201400012758;0;33;0;0;2;2;17;A01
201400012758;0;7;0;0;2;8;15;B02
201400012759;0;7;0;0;2;8;17;A01
201400012759;0;33;0;0;2;3;1;B02
201400012760;0;7;0;0;2;3;13;A01
201400012760;0;33;0;0;2;1;1;B02
201400012761;0;7;0;0;2;2;1;B02
201400012761;0;33;0;0;2;1;13;A01
201400012762;0;7;0;0;2;1;13;A01
201400012762;0;7;0;0;2;1;1;B02
201400012763;0;33;0;0;2;1;3;A01
201400012763;0;7;0;0;2;4;1;B02
201400012763;0;7;0;0;2;2;1;C03
201400012764;0;7;0;13;0;0;1;A01
201400012765;0;30;0;8;0;1;1;A01
201400012766;0;21;0;13;0;0;21;A01
201400012767;0;30;0;0;2;2;1;A01
201400012767;0;7;0;0;2;3;1;B02
201400012768;0;10;0;0;2;2;2;A01
201400012768;0;1;0;0;0;4;2;B02
201400012769;0;7;0;13;0;4;1;A01
201400012770;0;1;0;0;2;8;19;B02
201400012770;0;7;0;0;9;2;1;A01
201400012771;0;10;0;0;1;2;1;A01
201400012772;0;7;0;0;2;3;5;A01
201400012772;0;7;0;0;2;3;0;B02
201400012773;0;7;0;6;0;2;1;A01
201400012774;0;7;0;0;0;9;1;A01
201400012775;0;7;0;0;2;1;2;A01
201400012775;0;17;0;0;0;4;2;B02
201400012776;0;7;0;3;0;1;1;A01
201400012777;0;7;0;3;0;2;1;A01
201400012778;0;17;0;0;0;6;0;B02
201400012778;0;10;0;0;2;2;2;A01
201400012779;2;7;0;0;0;4;0;B02
201400012779;0;33;0;0;2;1;2;A01
201400012780;2;7;0;0;2;1;2;B02
201400012780;0;7;0;0;2;4;1;A01
201400012781;0;7;0;0;2;1;2;A01
201400012781;0;7;0;0;0;4;1;B02
201400012781;0;7;0;0;2;3;1;C03
201400012782;0;7;0;0;2;3;2;B02
201400012782;0;7;0;3;2;2;6;A01
201400012783;0;7;0;0;0;1;5;A01
201400012784;0;7;0;0;2;1;13;A01
201400012784;0;7;0;0;2;0;1;B02
201400012785;0;7;0;0;2;3;19;A01
201400012785;0;7;0;0;2;1;1;B02
201400012786;0;7;0;16;0;0;2;A01
201400012787;0;7;0;2;0;1;1;A01
201400012788;0;7;0;0;2;1;19;A01
201400012788;0;7;0;0;2;3;1;B02
201400012789;0;7;0;0;2;1;2;A01
201400012789;0;7;0;0;0;4;1;B02
201400012790;0;7;0;3;0;3;1;A01
201400012791;0;7;0;3;0;5;12;A01
201400012792;0;10;0;0;2;2;17;A01
201400012792;0;15;0;0;0;6;1;B02
201400012793;0;7;0;4;0;8;11;A01
201400012794;0;7;0;3;2;9;23;A01
201400012794;0;7;0;14;0;1;1;B02
201400012795;0;7;0;13;0;2;1;A01
201400012796;0;7;0;0;2;2;1;B02
201400012796;0;7;0;0;2;6;11;A01
201400012797;1;14;0;0;1;2;1;A01
201400012798;0;16;0;0;0;4;23;A01
201400012798;0;14;0;1;0;2;1;C03
201400012799;0;7;0;0;0;4;1;B02
201400012799;0;7;0;0;2;1;2;A01
201400012800;0;7;0;13;0;2;21;A01
201400012801;0;7;0;14;0;1;1;B02
201400012801;0;7;0;3;0;6;9;A01
201400012802;0;1;0;0;2;7;5;A01
201400012802;0;7;0;0;2;1;1;B02
201400012803;0;20;0;12;0;8;2;A01
201400012804;0;7;0;0;0;2;1;A01
201400012805;0;7;0;0;2;2;1;A01
201400012805;0;1;0;0;2;1;1;B02
201400012806;0;7;0;0;2;2;0;A01
201400012806;0;7;0;0;2;1;0;B02
201400012807;0;7;0;0;2;4;1;B02
201400012807;0;7;0;0;2;2;1;C03
201400012807;0;7;0;0;2;1;1;A01
201400012808;0;7;0;0;9;1;1;B02
201400012808;0;1;0;0;2;1;13;A01
201400012809;0;7;0;0;2;1;1;C03
201400012809;0;7;0;0;2;3;1;B02
201400012809;0;7;0;0;2;3;5;A01
201400012809;0;7;0;0;2;3;0;D04
201400012810;0;17;0;13;0;7;14;A02
201400012811;0;7;0;3;0;9;1;A01
201400012812;0;7;0;3;0;1;1;A01
201400012813;0;7;0;3;2;3;1;A01
201400012813;0;7;0;0;2;1;1;B02
201400012814;0;7;0;3;0;3;13;A01
201400012815;0;7;0;0;2;1;2;A01
201400012815;0;7;0;0;2;4;2;B02
201400012816;0;7;0;3;2;3;2;A01
201400012816;0;7;0;0;2;7;2;B02
201400012817;0;7;0;3;0;2;1;A01
201400012818;0;15;0;0;2;2;1;A01
201400012818;0;7;0;0;2;6;1;B02
201400012818;0;7;0;0;2;1;1;C03
201400012819;0;7;0;1;0;4;1;A01
201400012819;0;7;0;0;2;4;24;B02
201400012820;0;7;0;13;0;3;1;A01
201400012821;0;7;0;0;2;7;12;A01
201400012821;0;7;0;0;2;1;1;B02
201400012822;0;7;0;0;2;1;1;C03
201400012822;0;7;0;0;2;7;1;A01
201400012822;0;7;0;0;2;1;23;B02
201400012823;0;7;0;0;1;2;1;A01
201400012824;0;7;0;8;0;1;14;A01
201400012825;0;1;0;0;2;7;2;B02
201400012825;0;10;0;0;2;8;2;A01
201400012826;0;7;0;0;2;3;16;B02
201400012826;0;7;0;0;2;1;1;A01
201400012827;0;7;0;0;0;0;1;A01
201400012828;0;7;0;0;2;1;1;B02
201400012828;0;7;0;0;2;1;13;A01
201400012829;0;7;0;0;2;1;1;A01
201400012829;0;7;0;0;2;3;19;B02
201400012830;0;33;0;0;2;3;1;A01
201400012830;0;1;0;0;;1;1;B02
201400012831;0;7;0;0;;3;15;A01
201400012831;0;33;0;0;2;1;17;B02
201400012832;0;7;0;0;2;1;2;A01
201400012832;0;7;0;0;0;4;2;B02
201400012833;0;7;0;3;0;1;2;A01
201400012834;0;7;0;0;2;1;1;A01
201400012834;0;14;0;0;2;4;0;B02
201400012835;0;7;0;0;0;9;0;A01
201400012836;0;7;0;3;0;1;1;A01
201400012837;0;7;0;0;2;1;2;A01
201400012837;0;15;0;0;2;4;2;B02
201400012838;0;7;0;0;2;2;21;A01
201400012838;0;7;0;0;0;5;1;B02
201400012839;0;7;0;0;2;4;2;B02
201400012839;0;7;0;0;2;1;2;A01
201400012840;0;7;0;0;2;1;2;A01
201400012840;0;7;0;0;2;4;2;B02
201400012841;0;10;0;3;0;3;0;A01
201400012841;0;7;0;0;2;1;0;B02
201400012842;0;30;0;6;0;2;1;A01
201400012843;2;7;0;0;2;2;3;A01
201400012843;0;17;0;0;0;0;1;B02
201400012844;0;7;0;3;2;8;17;A01
201400012844;0;15;0;3;2;3;1;B02
201400012845;0;7;0;1;0;1;1;A01
201400012846;0;7;0;3;0;3;1;A01
201400012847;0;17;0;0;2;2;21;A01
201400012847;0;7;0;0;2;8;19;C03
201400012848;0;7;0;0;2;3;13;A01
201400012848;0;14;0;0;2;3;21;B02
201400012849;0;7;0;3;0;1;1;A01
201400012850;0;10;0;0;2;1;2;A01
201400012850;0;15;0;0;0;4;2;B02
201400012851;0;17;0;3;0;0;1;A01
201400012851;0;15;0;16;0;0;1;B02
201400012852;0;10;0;0;1;3;1;A01
201400012852;0;7;0;14;0;1;17;B02
201400012853;0;7;0;0;2;2;2;A01
201400012853;0;7;0;0;2;6;1;B02
201400012853;0;7;0;14;2;1;2;C03
201400012853;0;7;0;14;0;1;2;D04
201400012854;0;7;0;0;2;3;19;A01
201400012854;0;7;0;0;2;6;23;B02
201400012854;0;7;0;0;2;7;1;C03
201400012855;0;7;0;3;0;2;1;A01
201400012855;0;14;0;0;0;4;21;B02
201400012855;0;7;0;0;2;1;21;C03
201400012855;0;7;0;0;1;1;21;E05
201400012855;0;14;0;0;2;4;23;F06
201400012855;0;14;0;0;0;0;23;G07
201400012855;0;7;0;0;2;4;23;H08
201400012855;0;7;0;0;2;1;21;I09
201400012855;0;7;0;0;2;1;21;J10
201400012856;0;10;0;0;2;3;5;A01
201400012856;0;7;0;0;2;8;1;B02
201400012856;0;7;0;0;2;2;1;C03
201400012857;0;7;0;4;0;9;1;A01
201400012858;0;7;0;0;2;8;1;B02
201400012858;0;17;0;0;2;1;1;A01
201400012859;0;33;0;6;0;4;1;A01
201400012860;0;10;0;0;0;1;13;A01
201400012860;0;7;0;0;0;1;1;B02
201400012861;0;33;0;13;0;1;0;A01
201400012862;0;7;0;0;2;3;13;A01
201400012862;0;7;0;0;2;3;1;B02
201400012863;0;7;0;0;2;3;10;A01
201400012863;0;2;0;0;2;1;1;B01
201400012864;0;7;0;0;2;1;2;A01
201400012864;0;7;0;0;2;4;2;B01
201400012864;0;7;0;0;2;4;2;C01
201400012865;0;7;0;0;0;8;13;A01
201400012865;0;7;0;0;0;8;1;B01
201400012866;0;7;0;0;0;1;2;A01
201400012866;0;7;0;0;2;4;1;B01
201400012867;0;7;0;0;0;7;19;A01
201400012867;0;33;0;0;0;1;1;B01
201400012868;0;30;0;0;1;1;1;A01
201400012869;0;7;0;0;0;3;15;A01
201400012869;0;2;0;0;0;1;3;B01
201400012870;0;7;0;0;1;3;15;A01
201400012871;0;10;0;0;1;1;1;A01
201400012872;0;7;0;0;1;1;1;A01
201400012873;0;7;0;0;1;1;1;A01
201400012874;0;7;0;0;1;7;1;A01
201400012875;0;7;0;0;0;2;16;A01
201400012875;0;1;0;0;0;1;1;B01
201400012876;0;7;0;0;0;1;16;A01
201400012876;0;30;0;0;0;4;15;B01
201400012877;0;14;0;0;0;5;0;A01
201400012877;0;1;0;0;0;1;1;B01
201400012878;0;34;0;0;0;8;1;A01
201400012879;0;7;0;0;2;7;19;A01
201400012879;0;7;0;0;2;1;0;B01
201400012880;0;7;0;0;0;2;10;A01
201400012880;0;30;0;0;0;1;1;B01
201400012881;0;7;0;0;1;8;1;A01
201400012882;0;7;0;0;0;1;2;A01
201400012882;0;7;0;0;0;4;2;B01
201400012883;2;7;0;0;0;2;15;A01
201400012883;0;10;0;0;0;3;1;B01
201400012884;0;7;0;0;1;1;2;A01
201400012885;0;30;0;0;2;0;1;B01
201400012885;1;7;0;0;0;0;9;A01
201400012886;0;7;0;0;6;9;21;A01
201400012887;0;7;0;0;0;4;2;B01
201400012887;0;7;0;0;2;1;2;A01
201400012888;0;31;0;0;0;0;2;A01
201400012888;0;7;0;0;0;0;2;B01
201400012889;0;7;0;0;0;6;1;B01
201400012889;0;7;0;0;2;1;9;A01
201400012890;0;7;0;14;1;7;17;A01
201400012891;0;7;0;0;1;1;1;A01
201400012892;0;7;0;0;0;1;0;A01
201400012892;0;34;0;0;0;6;2;B01
201400012893;1;7;0;0;1;1;1;Z01
201400012894;0;7;0;0;1;1;1;A01