num_acc;senc;catv;occutc;obs;obsm;choc;manv;num_veh
201400012895;0;7;0;0;2;7;1;B01
201400012895;2;7;0;0;2;1;1;A01
201400012896;0;30;0;0;0;1;17;A01
201400012897;0;10;0;0;0;7;17;A01
201400012897;0;1;0;0;0;5;2;B01
201400012898;0;7;0;0;0;8;24;A01
201400012898;0;2;0;0;0;1;1;B01
201400012899;0;10;0;0;0;1;1;A01
201400012899;0;7;0;0;1;4;1;B01
201400012900;0;7;0;0;0;1;13;A01
201400012900;0;7;0;0;0;1;1;B01
201400012901;0;7;0;0;2;1;13;A01
201400012901;0;7;0;0;2;3;1;B01
201400012902;0;30;0;0;2;1;1;A01
201400012902;0;10;0;0;0;8;1;B01
201400012903;0;7;0;0;2;8;1;A01
201400012903;0;7;0;0;2;1;1;B01
201400012904;0;7;0;0;1;4;4;A01
201400012905;0;7;0;0;0;1;2;A01
201400012905;0;7;0;0;0;4;2;B01
201400012906;0;15;0;0;0;1;2;A01
201400012906;0;7;0;0;0;4;2;B01
201400012907;0;1;0;0;2;1;9;B01
201400012907;0;7;0;0;0;0;0;A01
201400012908;0;7;0;0;1;1;17;A01
201400012909;0;7;0;0;0;7;2;A01
201400012909;0;30;0;0;0;8;2;B01
201400012910;0;7;0;0;1;1;1;A01
201400012911;0;7;0;0;0;3;1;A01
201400012911;0;30;0;0;2;1;1;B01
201400012912;0;1;0;0;2;1;1;B01
201400012912;0;7;0;0;2;3;1;A01
201400012913;0;38;2;0;1;2;1;A01
201400012914;0;33;0;0;2;1;1;B01
201400012914;0;7;0;0;2;1;9;A01
201400012915;0;7;0;0;1;8;1;A01
201400012916;0;30;0;0;0;1;17;A01
201400012916;0;7;0;0;0;1;1;B01
201400012917;0;2;0;0;2;1;1;A01
201400012917;0;7;0;0;0;4;23;B01
201400012918;0;7;0;0;1;1;0;A01
201400012919;0;33;0;0;1;1;1;A01
201400012920;0;7;0;0;0;2;1;B01
201400012920;0;7;0;0;0;3;16;A01
201400012921;0;7;0;0;2;1;1;B01
201400012921;0;7;0;0;2;8;1;A01
201400012922;0;7;0;0;1;1;1;A01
201400012923;0;7;0;0;0;2;14;A01
201400012923;0;2;0;0;0;6;1;B01
201400012924;0;7;0;0;2;1;1;B01
201400012924;0;7;0;0;2;6;1;A01
201400012925;0;33;0;16;0;1;1;A01
201400012926;0;7;0;0;0;6;15;A01
201400012926;0;2;0;0;2;1;17;B01
201400012927;0;7;0;0;2;1;1;A01
201400012927;0;7;0;0;0;4;1;B01
201400012928;0;7;0;0;2;7;1;A01
201400012928;0;7;0;0;2;1;1;B01
201400012929;0;30;0;0;1;1;1;A01
201400012930;0;7;0;0;2;1;15;A01
201400012930;0;2;0;0;2;1;1;B01
201400012931;0;33;0;0;2;1;1;A01
201400012931;0;1;0;0;0;8;19;B02
201400012932;0;31;0;8;0;0;1;A01
201400012933;0;7;0;0;2;4;1;B02
201400012933;0;2;0;0;2;1;1;A01
201400012934;0;1;0;0;2;1;0;B02
201400012934;2;30;0;1;9;1;1;A01
201400012935;0;33;0;0;0;7;1;A01
201400012935;0;7;0;2;0;2;19;B02
201400012936;0;1;0;0;2;5;6;A01
201400012936;0;30;0;0;2;3;2;B02
201400012937;0;7;0;0;2;3;1;B02
201400012937;0;7;0;0;2;7;13;A01
201400012938;0;7;0;2;0;1;1;A01
201400012939;0;10;0;0;2;1;1;A01
201400012939;0;1;0;0;2;1;1;B02
201400012940;0;10;0;0;1;4;4;A01
201400012941;0;1;0;0;1;7;1;A01
201400012942;0;7;0;0;2;3;1;A01
201400012942;0;14;0;0;2;3;1;B02
201400012942;0;31;0;0;2;4;1;C03
201400012943;0;7;0;0;2;2;1;A01
201400012943;0;7;0;0;2;3;1;B02
201400012944;0;7;0;1;0;1;14;A01
201400012945;0;30;0;0;0;0;1;A01
201400012946;0;7;0;0;2;1;1;B02
201400012946;0;7;0;0;2;2;15;A01
201400012947;0;7;0;0;2;1;9;A01
201400012947;0;1;0;0;0;4;1;B02
201400012948;0;7;0;0;9;7;17;A01
201400012948;0;1;0;0;2;8;1;B02
201400012949;0;1;0;0;2;8;1;B02
201400012949;0;7;0;0;2;3;15;A01
201400012950;0;17;0;0;2;1;1;A01
201400012950;0;10;0;0;2;8;15;B02
201400012951;0;7;0;0;1;2;1;A01
201400012952;0;10;0;0;2;1;1;A01
201400012952;0;10;0;0;2;7;15;B02
201400012953;0;10;0;2;0;1;1;A01
201400012954;0;33;0;0;2;1;17;A01
201400012954;0;7;0;0;2;6;15;B02
201400012955;0;7;0;0;2;6;19;B02
201400012955;0;33;0;0;2;1;17;A01
201400012956;0;7;0;0;2;1;15;A01
201400012956;0;1;0;0;2;1;1;B02
201400012957;0;33;0;0;2;3;1;A01
201400012957;0;14;0;0;2;3;1;B02
201400012958;0;33;0;0;2;1;2;B02
201400012958;0;7;0;0;2;4;2;A01
201400012959;0;7;0;6;2;3;17;A01
201400012959;0;7;0;0;2;3;1;B02
201400012960;0;30;0;6;0;7;1;A01
201400012961;0;10;0;0;2;1;19;B02
201400012961;0;30;0;0;0;8;0;A01
201400012962;0;33;0;3;0;8;2;A01
201400012963;0;7;0;4;2;1;2;A01
201400012963;0;7;0;0;2;4;2;B02
201400012964;0;7;0;0;2;6;2;A01
201400012964;0;7;0;0;2;2;2;B02
201400012965;0;7;0;0;2;2;17;B02
201400012965;0;15;0;0;2;6;1;A01
201400012966;0;7;0;1;0;2;2;A01
201400012967;0;10;0;3;2;5;2;A01
201400012967;0;38;62;3;2;2;1;B02
201400012968;0;7;0;0;2;2;14;A01
201400012968;0;15;0;0;2;6;1;B02
201400012969;0;7;0;6;0;1;13;A01
201400012970;0;33;0;4;0;1;16;A01
201400012971;0;37;0;0;2;1;21;B02
201400012971;0;10;0;0;2;3;5;A01
201400012972;0;7;0;0;2;3;5;A01
201400012972;0;7;0;0;2;3;5;B02
201400012973;0;7;0;0;2;3;1;C03
201400012973;0;38;0;0;2;1;1;B02
201400012973;0;7;0;0;2;3;5;A01
201400012974;0;7;0;1;0;1;0;A01
201400012975;0;33;0;0;2;1;1;B02
201400012975;0;7;0;0;2;7;15;A01
201400012976;0;10;0;0;2;1;1;A01
201400012976;0;17;0;0;0;4;1;B02
201400012977;0;7;0;4;0;2;17;A01
201400012978;0;7;0;4;0;2;1;A01
201400012979;0;7;0;4;0;2;1;A01
201400012980;0;14;0;13;0;3;0;A01
201400012981;0;38;0;0;2;3;19;A01
201400012981;0;7;0;0;2;2;1;B02
201400012982;0;7;0;0;2;1;13;A01
201400012982;0;7;0;0;2;3;1;B02
201400012983;0;7;0;0;1;1;15;A01
201400012984;0;33;0;3;0;8;21;A01
201400012985;0;7;0;0;2;1;1;A01
201400012985;0;7;0;4;0;9;1;B02
201400012986;0;7;0;0;2;3;13;A01
201400012986;0;17;0;0;2;3;1;B02
201400012986;0;7;0;0;2;3;1;D04
201400012987;0;10;0;1;0;1;1;A01
201400012987;0;7;0;0;2;4;23;B02
201400012988;0;31;0;0;2;1;1;B02
201400012988;0;7;0;0;0;3;10;A01
201400012989;0;7;0;0;2;7;1;B02
201400012989;0;10;0;0;2;1;19;A01
201400012990;0;10;0;0;2;2;1;B02
201400012990;0;7;0;0;2;2;3;A01
201400012991;0;7;0;0;2;1;1;A01
201400012991;0;7;0;0;2;1;1;B02
201400012992;0;7;0;0;2;3;1;A01
201400012992;0;7;0;13;2;5;17;B02
201400012993;0;10;0;3;0;3;1;A01
201400012994;0;15;0;3;0;2;1;A01
201400012995;0;34;0;0;0;7;17;A01
201400012996;0;7;0;0;0;4;2;B02
201400012996;0;7;0;0;2;4;2;D04
201400012996;0;7;0;0;2;1;2;A01
201400012996;0;10;0;0;2;4;2;C03
201400012997;0;7;0;0;5;1;1;A01
201400012997;0;14;0;0;0;0;0;B02
201400012998;0;7;0;6;0;3;1;A01
201400012999;0;7;0;3;0;1;1;A01
201400013000;0;10;0;0;2;1;1;B02
201400013000;0;17;0;3;2;1;1;A01
201400013001;0;7;0;3;0;2;1;A01
201400013002;0;7;0;0;1;4;20;A01
201400013003;0;7;0;0;2;3;13;A01
201400013003;0;7;0;0;2;3;1;B02
201400013004;0;7;0;0;2;4;23;B02
201400013004;0;7;0;0;2;4;23;C03
201400013004;0;7;0;0;2;1;2;A01
201400013005;0;7;0;0;2;7;15;B02
201400013005;0;2;0;0;2;1;1;A01
201400013006;0;7;0;13;2;1;17;A01
201400013006;0;7;0;0;2;4;1;B02
201400013007;2;10;0;2;0;1;0;A01
201400013008;0;7;0;0;0;9;0;B02
201400013008;0;15;0;0;2;1;0;A01
201400013008;0;7;0;0;0;4;0;D04
201400013008;0;7;0;0;0;9;0;C03
201400013009;0;7;0;0;2;4;1;B02
201400013009;0;7;0;0;2;1;1;A01
201400013010;0;33;0;0;0;0;12;A01
201400013011;0;7;0;0;0;8;10;A01
201400013011;0;32;0;0;0;1;17;B02
201400013012;0;7;0;7;0;1;1;A01
201400013013;0;7;0;7;0;3;1;A01
201400013014;0;14;0;0;2;1;2;A01
201400013014;0;7;0;0;0;4;2;B02
201400013015;0;7;0;13;0;1;21;A01
201400013016;0;7;0;13;0;1;1;A01
201400013017;0;10;0;0;2;1;2;A01
201400013017;0;15;0;0;2;4;2;C03
201400013017;0;7;0;0;0;4;2;B02
201400013018;0;7;0;0;0;9;1;A01
201400013019;0;33;0;3;0;1;17;A01
201400013020;0;7;0;0;0;1;17;A01
201400013021;0;7;0;0;2;1;13;A01
201400013021;0;7;0;0;2;1;21;B02
201400013022;0;31;0;15;0;1;1;A01
201400013023;0;33;0;0;2;1;1;A01
201400013023;0;7;0;0;2;3;1;B01
201400013024;0;7;0;13;0;1;1;A01
201400013024;0;7;0;13;0;1;1;B01
201400013025;0;7;0;0;2;1;17;A01
201400013025;0;7;0;0;2;6;1;B01
201400013026;0;7;0;0;2;2;1;B01
201400013026;0;7;0;0;2;1;19;A01
201400013027;0;7;0;9;0;1;0;A01
201400013028;0;7;0;9;0;0;0;A01
201400013029;0;7;0;0;0;0;1;A01
201400013030;0;7;0;0;2;4;0;A01
201400013030;0;7;0;0;2;1;1;B01
201400013031;0;7;0;0;0;9;1;A01
201400013032;0;7;0;0;2;7;1;A01
201400013032;0;1;0;0;2;1;1;B01
201400013033;0;33;0;0;2;0;0;B01
201400013033;0;10;0;0;0;5;0;A01
201400013034;0;10;0;0;1;2;1;A01
201400013035;0;7;0;0;2;0;1;A01
201400013035;0;37;3;0;2;0;1;B01
201400013036;0;7;0;0;0;0;0;A01
201400013037;0;7;0;6;0;1;1;A01
201400013038;0;33;0;0;1;1;1;A01
201400013039;0;7;0;0;1;8;0;A01
201400013040;0;7;0;0;2;1;1;A01
201400013040;0;7;0;0;2;1;0;B01
201400013041;0;7;0;0;2;1;13;B01
201400013041;0;32;0;0;2;1;0;A01
201400013042;0;33;0;0;0;0;0;A01
201400013043;0;7;0;0;2;1;1;B01
201400013043;0;32;0;0;2;1;1;A01
201400013044;0;7;0;0;2;1;0;A01
201400013044;0;30;0;0;2;0;0;B01
201400013045;0;7;0;0;2;0;0;A01
201400013045;0;7;0;0;2;2;0;B01
201400013046;0;7;0;0;2;5;0;B01
201400013046;0;10;0;0;2;5;0;A01
201400013047;0;7;0;0;0;0;0;A01
201400013048;1;7;0;0;1;0;0;A01
201400013049;0;7;0;0;2;1;2;A01
201400013049;0;7;0;0;2;4;0;B01
201400013049;0;7;0;0;0;0;0;C01
201400013050;0;7;0;0;2;0;0;A01
201400013050;0;7;0;0;2;6;0;B01
201400013051;0;7;0;0;2;2;0;A01
201400013051;0;7;0;0;2;8;0;C01
201400013051;0;7;0;0;2;7;0;B01
201400013052;0;7;0;0;0;3;0;A01
201400013053;0;7;0;0;2;1;1;A01
201400013053;0;32;0;0;2;1;1;B01
201400013054;0;7;0;0;2;4;0;A01
201400013054;0;7;0;0;2;0;2;B01
201400013055;0;7;0;0;1;1;0;A01
201400013056;0;7;0;0;1;0;0;A01
201400013057;0;7;0;0;2;1;0;B01
201400013057;0;7;0;0;2;7;0;A01
201400013058;0;7;0;0;2;4;0;B01
201400013058;0;7;0;0;2;1;0;A01
201400013059;0;33;0;0;2;0;15;B01
201400013059;0;7;0;0;9;0;0;A01
201400013060;0;30;0;0;2;1;2;B01
201400013060;0;7;0;0;9;4;2;A01
201400013061;0;7;0;0;2;0;0;B01
201400013061;0;7;0;0;2;0;0;C01
201400013061;0;7;0;0;0;0;0;A01
201400013062;0;7;0;0;2;5;2;A01
201400013062;0;1;0;0;2;1;2;B01
201400013063;0;7;0;0;2;4;2;A01
201400013063;0;7;0;0;2;1;2;B01
201400013064;0;7;0;0;2;3;0;B01
201400013064;0;7;0;0;2;2;0;A01
201400013065;0;31;0;0;2;1;2;B01
201400013065;0;10;0;0;9;4;4;A01
201400013066;0;7;0;0;1;2;0;A01
201400013067;0;7;0;0;2;3;0;B01
201400013067;0;33;0;0;2;1;2;A01
201400013068;0;7;0;0;2;1;2;A01
201400013068;0;7;0;0;2;4;2;B01
201400013069;0;7;0;0;1;0;0;A01
201400013070;0;32;0;0;0;0;0;A01
201400013071;0;7;0;0;2;6;15;A01
201400013071;0;1;0;0;2;6;18;B01
201400013072;0;7;0;0;2;2;16;A01
201400013072;0;7;0;0;2;1;21;C01
201400013072;0;7;0;0;2;1;21;D01
201400013072;0;7;0;0;2;4;21;B01
201400013073;0;7;0;0;2;0;1;B01
201400013073;0;33;0;0;2;0;13;A01
201400013074;0;7;0;0;2;2;10;A01
201400013074;0;7;0;0;2;3;1;B01
201400013075;0;33;0;0;2;1;14;A01
201400013075;0;7;0;0;2;2;2;B01
201400013076;0;7;0;0;2;5;2;A01
201400013076;0;7;0;0;2;1;2;B01
201400013077;0;7;0;0;2;2;14;B01
201400013077;0;99;0;0;2;6;13;A01
201400013078;0;7;0;0;5;9;21;A01
201400013079;0;7;0;0;0;6;2;B01
201400013079;0;2;0;0;2;1;2;A01
201400013080;0;30;0;0;0;0;0;B01
201400013080;0;7;0;0;0;0;0;A01
201400013081;0;30;0;0;0;0;0;A01
201400013082;0;7;0;0;0;9;2;A01
201400013083;0;7;0;1;2;4;4;A01
201400013083;0;7;0;1;2;4;0;B01
201400013084;0;30;0;0;0;0;1;A01
201400013085;0;7;0;0;2;1;13;A01
201400013085;0;7;0;0;2;1;1;B01
201400013086;0;1;0;0;0;0;0;A01
201400013087;0;36;0;0;0;1;15;A01
201400013088;0;7;0;0;0;0;0;A01
201400013088;0;30;0;0;2;0;0;B01
201400013089;0;7;0;0;2;3;0;B01
201400013089;0;2;0;0;2;3;11;A01
201400013090;0;34;0;0;2;8;16;A01
201400013090;0;7;0;0;2;3;0;B01
201400013091;0;7;0;1;2;3;1;B01
201400013091;0;2;0;0;2;3;1;A01
201400013092;0;3;0;0;9;1;2;A01
201400013093;0;7;0;0;2;4;1;B01
201400013093;0;7;0;0;2;1;2;A01
201400013094;0;7;0;0;1;2;1;A01
201400013095;0;3;0;0;9;9;1;A01
201400013096;0;30;0;0;2;1;0;A01
201400013096;0;7;0;0;2;2;1;B01
201400013097;0;7;0;0;2;2;1;B01
201400013097;0;7;0;0;2;3;1;A01
201400013098;0;1;0;0;2;1;1;B01
201400013098;0;7;0;0;2;2;20;A01
201400013099;0;7;0;4;0;1;1;A01
201400013100;0;30;0;0;2;8;19;B01
201400013100;0;7;0;0;2;2;1;A01
201400013101;0;7;0;0;0;4;1;B01
201400013101;0;7;0;0;2;1;2;A01
201400013102;0;7;0;13;0;2;1;A01
201400013103;0;33;0;1;0;1;2;A01
201400013103;0;7;0;0;0;4;23;B01
201400013104;0;10;0;0;2;0;1;A01
201400013104;0;7;0;0;9;1;1;B01
201400013105;0;2;0;0;0;1;1;A01
201400013106;0;33;0;0;0;0;0;A01
201400013107;0;30;0;0;2;1;0;A01
201400013107;0;7;0;0;9;1;0;B01
201400013108;0;7;0;0;0;2;1;A01
201400013109;0;33;0;0;2;1;0;B01
201400013109;0;7;0;0;0;0;15;A01
201400013110;0;7;0;0;2;0;1;A01
201400013110;0;2;0;0;2;0;0;B01
201400013111;0;7;0;0;2;3;2;A01
201400013111;0;33;0;0;2;3;1;B01
201400013112;0;33;0;0;2;8;13;A01
201400013112;0;7;0;0;2;8;1;B01
201400013113;0;7;0;0;2;1;10;A01
201400013113;0;7;0;0;2;5;1;B01
201400013114;0;7;0;8;0;3;13;A01
201400013115;0;7;0;0;2;4;1;B01
201400013115;0;7;0;0;2;1;1;A01
201400013116;0;33;0;0;2;1;1;A01
201400013116;0;7;0;1;2;4;1;B01
201400013117;0;7;0;0;2;2;1;B01
201400013117;0;7;0;0;2;1;1;A01
201400013118;0;30;0;0;0;0;0;A01
201400013119;0;7;0;0;9;7;1;A01
201400013119;0;1;0;0;2;8;1;B01
201400013120;0;7;0;0;2;1;1;A01
201400013120;0;7;0;0;2;0;2;C01
201400013120;0;7;0;0;2;3;1;B01
201400013121;0;7;0;0;2;4;1;B01
201400013121;0;7;0;0;2;1;2;A01
201400013122;0;7;0;0;2;1;1;B01
201400013122;0;7;0;0;2;4;1;A01
201400013123;0;7;0;0;1;1;1;A01
201400013124;0;7;0;0;0;2;1;A01
201400013125;0;7;0;0;1;0;1;A01
201400013126;0;30;0;0;1;1;1;A01
201400013127;0;7;0;0;2;1;2;A01
201400013127;0;7;0;0;2;4;2;B01
201400013128;0;7;0;0;2;1;1;B01
201400013128;0;30;0;0;2;1;5;A01
201400013129;0;7;0;0;1;1;2;A01
201400013130;0;7;0;0;2;4;1;B01
201400013130;0;30;0;0;2;1;1;A01
201400013131;0;7;0;0;1;5;4;A01
201400013132;0;7;0;0;1;7;1;A01
201400013133;0;36;0;0;0;0;0;A01
201400013134;0;30;0;0;0;0;1;A01
201400013135;0;33;0;0;0;0;1;A01
201400013136;0;30;0;0;0;7;1;A01
201400013137;0;30;0;0;0;0;1;A01
201400013138;0;36;0;0;0;8;0;A01
201400013139;0;7;0;0;2;1;1;A01
201400013139;0;30;0;0;2;7;2;B01
201400013140;0;7;0;0;2;1;1;A01
201400013140;0;7;0;0;2;2;1;B01
201400013141;0;7;0;0;1;0;1;A01
201400013142;0;7;0;0;2;9;2;B01
201400013142;0;7;0;0;2;4;2;A01
201400013142;0;7;0;0;2;1;2;C01
201400013143;0;30;0;0;2;2;0;A01
201400013143;0;7;0;0;9;3;0;B01
201400013144;0;7;0;0;2;2;1;A01
201400013144;0;2;0;0;2;3;1;B01
201400013145;2;7;0;14;0;1;1;A01
201400013146;0;30;0;0;2;1;1;B01
201400013146;0;7;0;0;2;2;1;A01
201400013147;0;7;0;0;2;8;1;C01
201400013147;0;7;0;0;2;6;1;B01
201400013147;0;7;0;0;2;3;1;A01
201400013148;0;7;0;0;2;8;2;B01
201400013148;0;7;0;1;0;1;1;A01
201400013149;0;33;0;0;2;3;17;B01
201400013149;0;7;0;0;2;2;15;A01
201400013150;0;31;0;0;2;1;5;A01
201400013150;0;10;0;0;2;1;2;B01
201400013151;0;7;0;0;2;7;20;A01
201400013151;0;33;0;0;2;3;14;B01
201400013152;0;7;0;2;0;1;19;A01
201400013153;0;7;0;0;0;1;2;A01
201400013153;0;14;0;0;0;4;2;B02
201400013154;0;7;0;0;2;3;1;B02
201400013154;0;7;0;0;2;3;13;A01
201400013155;0;7;0;13;2;7;2;D04
201400013155;0;7;0;0;2;1;2;C03
201400013155;0;7;0;0;0;4;23;B02
201400013155;0;7;0;1;2;1;1;A01
201400013156;0;99;0;0;2;1;1;A01
201400013156;0;15;0;0;2;6;1;B02
201400013157;0;7;0;0;2;7;1;A01
201400013157;0;15;0;0;2;3;1;B02
201400013158;0;7;0;0;9;0;0;A01
201400013158;0;33;0;0;9;1;2;B02
201400013159;0;17;0;1;0;2;1;A01
201400013159;0;10;0;0;0;4;0;B02
201400013160;0;10;0;13;0;1;2;A01
201400013161;0;7;0;0;0;2;0;A01
201400013162;0;7;0;3;0;3;0;A01
201400013163;0;7;0;3;0;1;14;A01
201400013164;0;7;0;13;0;9;14;A01
201400013165;0;1;0;0;2;1;8;A01
201400013165;0;7;0;0;2;5;15;B01
201400013166;0;17;0;0;1;1;1;A01
201400013167;0;7;0;0;1;2;1;A01
201400013168;0;7;0;0;2;1;0;A01
201400013168;0;1;0;0;2;8;0;B01
201400013169;0;7;0;0;0;4;23;C01
201400013169;0;7;0;14;0;1;1;A01
201400013169;0;7;0;14;0;1;1;B01
201400013170;0;7;0;0;2;3;1;B01
201400013170;0;7;0;0;2;2;1;A01
201400013171;0;7;0;0;1;1;1;A01
201400013172;0;7;0;0;2;2;1;A01
201400013172;0;7;0;0;2;8;15;B01
201400013173;0;7;0;9;0;3;14;A01
201400013174;0;7;0;0;2;1;0;A01
201400013174;0;10;0;0;0;4;1;B01
201400013175;0;7;0;0;2;8;24;B01
201400013175;2;7;0;1;0;7;21;A01
201400013176;0;7;0;0;1;4;4;A01
201400013177;0;7;0;0;2;1;1;B01
201400013177;0;2;0;0;2;1;5;A01
201400013178;0;7;0;0;2;2;15;A01
201400013178;0;30;0;0;2;1;15;B01
201400013179;0;7;0;0;1;1;6;A01
201400013180;0;7;0;0;2;1;0;A01
201400013180;0;7;0;0;0;4;0;B01
201400013181;0;7;0;0;2;8;11;A01
201400013181;0;33;0;0;2;7;1;B01
201400013182;0;2;0;0;0;0;9;A01
201400013183;0;30;0;0;2;1;1;B01
201400013183;0;7;0;0;2;2;15;A01
201400013184;0;7;0;0;2;1;1;A01
201400013184;0;7;0;0;2;7;1;B01
201400013185;0;2;0;0;0;1;0;B01
201400013186;0;1;0;1;0;1;5;A01
201400013187;0;7;0;0;1;1;1;A01
201400013188;0;7;0;0;2;1;1;A01
201400013188;0;7;0;0;2;1;1;B01
201400013189;0;7;0;0;1;2;1;A01
201400013190;0;7;0;0;1;4;4;A01
201400013191;0;30;0;0;2;1;2;A01
201400013191;0;7;0;0;2;3;11;B01
201400013192;0;7;0;0;1;4;4;A01
201400013193;0;33;0;14;0;1;1;A01
201400013193;0;7;0;0;0;6;15;B01
201400013194;0;7;0;0;2;3;1;B01
201400013194;0;7;0;0;2;2;1;A01
201400013195;1;7;0;0;2;1;1;A01
201400013195;0;1;0;0;0;4;1;B01
201400013196;0;31;0;1;0;0;1;A01
201400013197;0;7;0;0;1;1;1;A01
201400013198;0;7;0;0;2;4;2;B01
201400013198;0;7;0;0;2;1;2;A01
201400013199;0;7;0;14;0;4;1;B01
201400013199;0;7;0;0;2;1;1;A01
201400013200;0;7;0;0;1;2;1;A01
201400013201;0;2;0;0;2;9;0;B01
201400013201;0;7;0;0;2;1;0;A01
201400013202;0;7;0;0;2;0;0;B01
201400013202;1;7;0;0;2;0;0;A01
201400013203;0;2;0;0;2;1;0;B01
201400013203;1;99;0;0;2;1;0;A01
201400013204;0;7;0;0;2;2;12;A01
201400013204;0;30;0;0;2;6;21;B01
201400013205;0;7;0;0;0;4;23;C01
201400013205;0;7;0;14;0;1;1;A01
201400013205;0;7;0;14;0;4;23;B01
201400013206;0;1;0;0;0;4;1;B01
201400013206;0;7;0;0;2;1;9;A01
201400013207;0;1;0;0;0;0;0;B01
201400013208;0;7;0;0;2;7;1;B01
201400013208;0;7;0;0;2;1;9;A01
201400013209;0;7;0;13;0;0;21;B01
201400013209;1;17;0;0;0;0;13;A01
201400013210;0;7;0;0;1;8;1;A01
201400013211;0;32;0;9;0;1;1;A01
201400013212;0;7;0;9;0;1;15;A01
201400013213;0;7;0;0;2;4;23;B01
201400013213;0;7;0;14;0;1;1;A01
201400013213;0;7;0;0;2;7;1;C01
201400013214;1;7;0;0;1;1;0;A01
201400013215;0;33;0;0;2;1;15;B01
201400013215;0;7;0;0;2;1;1;A01
201400013216;0;7;0;0;2;1;1;C01
201400013216;0;7;0;0;2;8;16;A01
201400013216;0;7;0;0;2;1;1;B01
201400013217;0;7;0;0;1;3;1;A01
201400013218;0;1;0;0;2;7;1;B01
201400013218;0;7;0;0;2;1;9;A01
201400013219;0;7;0;0;1;1;1;A01
201400013220;0;7;0;0;1;2;1;A01
201400013221;0;7;0;0;2;2;15;B01
201400013221;0;7;0;0;2;7;1;A01
201400013222;0;7;0;0;1;1;0;A01
201400013223;0;7;0;0;2;2;20;A01
201400013223;0;1;0;0;2;6;1;B01
201400013224;0;7;0;3;0;8;13;A01
201400013225;0;7;0;0;1;1;0;A01
201400013226;0;7;0;0;1;0;0;A01
201400013227;0;7;0;0;1;3;11;A01
201400013228;0;7;0;0;0;4;1;C01
201400013228;0;7;0;0;2;1;0;A01
201400013228;0;7;0;0;2;9;1;B01
201400013229;0;7;0;0;2;1;15;A01
201400013229;0;33;0;0;0;0;1;B01
201400013230;0;30;0;0;0;0;0;A01
201400013231;0;7;0;0;1;5;1;A01
201400013232;0;7;0;8;0;1;14;A01
201400013233;0;7;0;0;2;5;15;B01
201400013233;0;7;0;0;2;2;21;A01
201400013234;0;7;0;0;1;2;1;A01
201400013235;0;33;0;0;1;1;1;A01
201400013236;0;32;0;0;0;0;0;A01
201400013236;0;7;0;0;0;0;0;B01
201400013237;0;7;0;0;9;1;1;A01
201400013237;0;1;0;0;2;8;1;B01
201400013238;0;32;0;0;0;0;0;A01
201400013239;0;7;0;0;2;1;1;B01
201400013239;0;7;0;0;2;1;5;A01
201400013240;0;33;0;0;0;7;1;A01
201400013241;0;7;0;2;0;4;20;B01
201400013241;0;14;0;0;2;1;1;A01
201400013242;0;7;0;0;2;1;2;A01
201400013242;0;7;0;0;2;4;0;B01
201400013243;0;7;0;1;9;2;20;A01
201400013244;0;7;0;0;2;8;9;A01
201400013244;0;14;0;0;2;7;1;B01
201400013245;0;7;0;0;2;1;1;B01
201400013245;0;7;0;0;2;9;1;A01
201400013245;0;7;0;0;0;4;1;C01
201400013246;0;31;0;0;0;7;0;A01
201400013247;0;37;1;0;2;3;15;B01
201400013247;0;32;0;0;2;2;16;A01
201400013248;0;7;0;0;2;1;10;A01
201400013248;0;7;0;0;2;1;1;B01
201400013249;0;2;0;0;0;0;0;A01
201400013250;0;7;0;0;0;7;1;B01
201400013250;0;7;0;0;2;8;11;A01
201400013250;0;13;0;0;0;7;1;C01
201400013251;0;32;0;0;0;0;0;A01
201400013252;0;7;0;0;2;1;1;A01
201400013252;0;1;0;0;2;7;0;B01
201400013253;0;7;0;0;2;3;0;A01
201400013253;0;31;0;0;2;1;0;B01
201400013254;0;7;0;0;2;1;0;A01
201400013254;0;7;0;0;2;8;0;B01
201400013255;0;7;0;0;2;1;0;A01
201400013255;0;7;0;0;0;5;1;B01
201400013256;0;7;0;0;2;4;1;B01
201400013256;1;7;0;0;2;1;1;A01
201400013256;0;7;0;6;0;4;15;C01
201400013257;0;7;0;0;2;1;1;A01
201400013257;0;1;0;0;2;8;19;B01
201400013258;0;7;0;0;0;4;1;B01
201400013258;0;7;0;0;2;1;1;A01
201400013259;0;7;0;0;2;1;0;A01
201400013259;0;7;0;0;2;1;1;B01
201400013260;0;7;0;1;2;1;15;B01
201400013260;0;7;0;0;2;3;1;A01
201400013261;0;1;0;0;0;0;21;A01
201400013262;0;7;0;14;0;1;1;A01
201400013262;0;7;0;0;0;4;23;B01
201400013263;0;7;0;2;0;0;1;A01
201400013264;0;30;0;0;2;3;1;B01
201400013264;0;7;0;0;2;1;1;A01
201400013265;0;7;0;0;0;4;1;B01
201400013265;0;2;0;0;2;1;1;A01
201400013266;0;7;0;0;0;4;21;B01
201400013266;0;7;0;0;2;1;1;A01
201400013267;0;7;0;0;2;1;1;A01
201400013267;0;7;0;0;0;4;0;B01
201400013268;0;7;0;0;2;1;2;A01
201400013268;0;7;0;0;0;4;2;B01
201400013269;0;31;0;0;0;7;0;A01
201400013270;0;1;0;0;2;4;1;B01
201400013270;1;7;0;0;2;1;0;A01
201400013271;0;7;0;8;2;8;1;B01