num_acc;senc;catv;occutc;obs;obsm;choc;manv;num_veh
201400013271;0;7;0;0;2;1;1;A01
201400013272;0;7;0;0;2;1;1;A01
201400013272;0;1;0;0;2;7;0;B01
201400013273;0;7;0;0;2;7;23;B01
201400013273;0;2;0;0;2;7;18;A01
201400013274;0;7;0;0;1;1;1;A01
201400013275;0;7;0;0;1;1;1;A01
201400013276;0;7;0;0;2;1;1;A01
201400013276;0;7;0;0;0;4;1;B01
201400013277;0;7;0;13;0;0;0;A01
201400013278;0;7;0;0;0;6;23;C01
201400013278;0;7;0;0;2;1;21;A01
201400013278;0;7;0;0;2;1;1;B01
201400013279;0;7;0;0;1;1;0;A01
201400013280;0;33;0;0;0;0;21;A01
201400013281;0;7;0;0;2;9;0;B01
201400013281;0;7;0;0;2;4;1;C01
201400013281;0;7;0;0;2;1;1;A01
201400013282;0;7;0;0;2;1;1;B01
201400013282;0;7;0;0;2;7;0;A01
201400013283;0;32;0;0;2;1;21;A01
201400013283;0;10;0;0;0;4;1;B01
201400013284;0;7;0;0;2;5;0;A01
201400013284;0;1;0;0;2;8;0;B01
201400013285;0;10;0;0;2;7;1;A01
201400013285;0;1;0;0;2;0;1;B01
201400013286;0;7;0;0;1;1;1;A01
201400013287;0;7;0;11;0;2;1;A01
201400013288;0;7;0;0;2;1;1;A01
201400013288;0;7;0;0;0;4;1;C01
201400013288;0;7;0;0;2;9;0;B01
201400013289;0;10;0;0;2;2;2;A01
201400013289;0;17;0;0;0;6;2;B02
201400013290;0;7;0;0;2;1;1;A01
201400013290;0;7;0;0;0;4;1;B02
201400013291;0;7;0;6;0;3;3;A01
201400013292;0;15;0;0;1;3;1;A01
201400013293;0;7;0;2;0;1;1;A01
201400013294;0;7;0;13;0;3;13;A01
201400013295;0;7;0;0;0;1;1;A01
201400013295;0;33;0;0;2;1;17;B02
201400013296;0;38;1;0;2;1;1;B02
201400013296;0;10;0;0;2;7;13;A01
201400013297;0;7;0;0;2;8;1;B02
201400013297;0;7;0;0;2;5;17;A01
201400013298;0;10;0;0;2;1;2;A01
201400013298;0;10;0;3;2;4;2;B02
201400013298;0;7;0;0;2;4;2;D04
201400013298;0;14;0;0;2;3;2;C03
201400013299;0;7;0;0;2;6;1;B02
201400013299;0;15;0;0;2;2;12;A01
201400013300;0;7;0;3;2;3;17;D04
201400013300;0;7;0;0;0;2;2;A01
201400013300;0;7;0;0;2;1;1;C03
201400013300;0;7;0;3;2;6;2;B02
201400013301;0;7;0;13;0;1;16;A01
201400013302;0;33;0;0;0;0;1;A01
201400013303;0;14;0;0;0;4;1;B02
201400013303;0;15;0;0;2;1;1;A01
201400013304;0;17;0;3;0;2;2;A01
201400013305;0;17;0;0;2;4;1;B02
201400013305;0;33;0;0;2;1;12;A01
201400013306;0;10;0;4;0;3;2;A01
201400013307;0;7;0;0;6;1;1;A01
201400013308;0;3;0;0;2;4;2;B02
201400013308;0;7;0;0;2;1;2;A01
201400013309;0;7;0;0;0;0;0;A01
201400013309;0;7;0;0;0;0;0;B02
201400013310;0;7;0;14;0;1;0;C03
201400013310;0;7;0;14;0;1;0;B02
201400013310;0;7;0;14;0;7;0;D04
201400013310;0;7;0;0;0;9;1;A01
201400013311;0;33;0;0;2;8;17;A01
201400013311;0;7;0;0;2;7;1;B02
201400013312;0;7;0;13;0;1;1;A01
201400013313;0;7;0;13;0;9;21;A01
201400013314;0;7;0;0;2;1;2;A01
201400013314;0;15;0;0;2;4;2;B02
201400013315;0;7;0;16;0;9;14;A01
201400013316;0;7;0;0;0;2;14;A01
201400013317;0;15;0;16;0;8;13;A01
201400013318;0;7;0;13;0;2;0;A01
201400013319;0;10;0;3;0;3;0;A01
201400013320;0;7;0;4;0;3;13;A01
201400013321;0;14;0;1;0;2;14;A01
201400013321;0;10;0;0;0;8;24;B02
201400013322;0;10;0;1;1;3;13;A01
201400013323;0;7;0;0;2;2;15;A01
201400013323;0;33;0;0;2;1;1;B02
201400013324;0;7;0;0;2;1;1;B02
201400013324;0;1;0;0;2;4;1;A01
201400013325;0;7;0;0;2;3;17;A01
201400013325;0;33;0;0;2;3;1;B02
201400013326;0;10;0;13;0;9;1;A01
201400013327;0;10;0;4;0;3;21;A01
201400013328;0;7;0;0;2;2;14;A01
201400013328;0;20;0;0;2;6;1;B02
201400013329;0;7;0;0;0;4;1;A01
201400013329;0;7;0;0;2;1;1;B02
201400013330;0;7;0;0;9;3;21;A01
201400013331;0;7;0;3;0;7;1;A01
201400013331;0;7;0;4;0;8;1;B02
201400013331;0;7;0;0;2;6;23;C03
201400013332;0;7;0;13;0;1;1;A01
201400013333;0;7;0;4;0;1;1;A01
201400013334;0;15;0;13;0;3;1;A01
201400013335;0;10;0;13;0;9;1;A01
201400013336;0;10;0;4;0;2;1;A01
201400013337;0;7;0;4;0;1;1;A01
201400013338;0;7;0;4;0;1;1;A01
201400013339;0;10;0;4;2;3;1;B02
201400013339;0;7;0;0;2;2;17;A01
201400013340;0;7;0;3;0;3;1;A01
201400013341;0;10;0;13;0;9;1;A01
201400013342;0;7;0;13;0;1;1;A01
201400013343;0;7;0;13;0;1;1;A01
201400013344;0;7;0;0;2;3;5;A01
201400013344;0;10;0;0;2;3;17;B02
201400013344;0;10;0;0;2;1;17;C03
201400013345;0;17;0;1;1;7;5;A01
201400013346;0;10;0;0;2;5;23;B02
201400013346;0;7;0;1;0;3;3;A01
201400013347;0;10;0;6;0;1;1;A01
201400013348;0;17;0;0;0;5;16;A01
201400013349;0;7;0;16;0;9;17;A01
201400013350;0;7;0;0;2;3;1;B01
201400013350;0;7;0;0;2;8;13;A01
201400013351;0;7;0;0;1;3;1;A01
201400013352;0;30;0;0;0;1;2;A01
201400013353;0;7;0;6;0;1;13;A01
201400013354;0;7;0;0;2;2;1;A01
201400013354;0;2;0;0;2;0;19;Y01
201400013355;0;7;0;9;0;1;1;A01
201400013356;0;7;0;0;1;2;0;A01
201400013357;0;10;0;0;2;8;2;B01
201400013357;0;30;0;0;2;1;2;A01
201400013358;0;7;0;0;2;1;1;B01
201400013358;0;13;0;0;2;1;17;A01
201400013359;0;7;0;0;1;1;15;A01
201400013360;0;7;0;0;2;5;0;A01
201400013360;0;7;0;0;2;3;1;B01
201400013360;0;7;0;14;0;1;2;C01
201400013360;0;7;0;0;0;0;2;D01
201400013361;0;32;0;0;2;1;1;A01
201400013361;0;7;0;0;0;5;1;B01
201400013362;0;7;0;0;1;3;1;A01
201400013363;0;7;0;0;1;2;1;A01
201400013364;0;7;0;0;2;1;13;A01
201400013364;0;7;0;0;2;1;1;B01
201400013365;0;10;0;0;2;5;1;B01
201400013365;0;7;0;0;2;3;9;A01
201400013366;0;7;0;0;1;2;1;A01
201400013367;0;7;0;0;2;3;15;A01
201400013367;0;7;0;0;2;2;1;B01
201400013368;0;14;0;0;1;5;4;A01
201400013369;0;1;0;0;1;1;13;A01
201400013370;0;10;0;0;2;3;9;A01
201400013370;0;2;0;0;2;1;1;B01
201400013371;0;33;0;0;0;0;17;A01
201400013371;0;7;0;0;2;4;15;B01
201400013372;0;2;0;0;2;1;1;B01
201400013372;0;7;0;0;2;6;19;A01
201400013373;0;7;0;0;2;4;2;B01
201400013373;0;7;0;0;2;1;2;A01
201400013374;0;7;0;0;2;2;15;A01
201400013374;0;7;0;0;2;1;1;B01
201400013375;0;7;0;0;2;2;1;B01
201400013375;0;7;0;0;2;6;16;A01
201400013376;0;7;0;0;2;6;2;B01
201400013376;0;10;0;0;2;3;2;A01
201400013377;0;7;0;0;1;3;9;A01
201400013378;0;2;0;11;0;1;6;A01
201400013379;0;33;0;0;2;2;17;B01
201400013379;0;7;0;0;2;3;15;A01
201400013380;0;7;0;0;1;1;2;A01
201400013381;0;7;0;0;0;3;1;A01
201400013382;0;7;0;0;2;1;2;A01
201400013382;0;7;0;0;2;4;2;C01
201400013382;0;7;0;0;2;4;2;B01
201400013383;0;7;0;0;2;1;2;A01
201400013383;0;7;0;0;2;4;2;B01
201400013384;0;7;0;0;2;1;5;A01
201400013384;0;7;0;0;2;1;1;B01
201400013385;0;13;0;0;2;1;2;A01
201400013385;0;14;0;0;2;4;2;B01
201400013385;0;7;0;0;2;4;2;C01
201400013385;0;16;0;0;0;4;2;D01
201400013386;0;7;0;0;1;1;1;A01
201400013387;0;7;0;0;2;3;1;B01
201400013387;0;7;0;0;2;5;12;A01
201400013388;0;33;0;0;2;7;17;A01
201400013388;0;7;0;0;2;3;15;B01
201400013389;0;7;0;0;0;1;19;A01
201400013390;0;7;0;0;1;2;9;A01
201400013391;0;7;0;0;0;1;1;A01
201400013392;0;7;0;9;0;2;1;A01
201400013393;0;7;0;0;2;1;2;A01
201400013393;0;7;0;0;2;4;2;B01
201400013394;0;7;0;0;2;1;2;A01
201400013394;0;7;0;0;2;4;2;B01
201400013395;0;32;0;0;2;1;1;B01
201400013395;0;7;0;0;2;1;0;A01
201400013396;0;7;0;0;1;2;1;A01
201400013397;0;7;0;0;2;2;9;A01
201400013397;0;30;0;0;2;1;1;B01
201400013398;0;7;0;0;1;1;1;A01
201400013399;0;7;0;0;1;2;9;A01
201400013400;0;7;0;0;2;3;9;A01
201400013400;0;32;0;0;2;1;1;B01
201400013401;0;7;0;0;2;3;9;A01
201400013401;0;1;0;0;2;2;1;B01
201400013402;0;7;0;0;0;1;1;A01
201400013403;0;7;0;3;0;2;1;A01
201400013404;0;7;0;0;0;0;11;B02
201400013404;0;10;0;3;2;3;17;A01
201400013404;0;17;0;0;2;4;1;C03
201400013405;0;1;0;0;2;7;1;A01
201400013405;0;7;0;0;2;1;1;B02
201400013406;0;33;0;0;2;8;1;B02
201400013406;0;7;0;0;2;7;17;A01
201400013407;0;7;0;3;0;8;17;A01
201400013408;0;7;0;6;0;1;14;A01
201400013409;0;7;0;4;0;3;17;A01
201400013410;0;10;0;1;0;3;14;A01
201400013410;0;7;0;4;0;2;14;C03
201400013410;0;17;0;0;0;0;24;B02
201400013411;0;7;0;3;0;9;1;A01
201400013412;0;10;0;6;0;1;14;A01
201400013413;0;7;0;0;2;1;1;A01
201400013413;0;7;0;0;0;8;15;B02
201400013414;0;10;0;0;2;1;1;B02
201400013414;0;37;23;0;0;7;1;A01
201400013415;0;7;0;0;2;2;16;B02
201400013415;0;7;0;0;2;8;18;A01
201400013416;0;14;0;0;1;3;1;A01
201400013417;0;7;0;6;0;1;13;A01
201400013418;0;33;0;11;2;0;17;A01
201400013418;0;17;0;0;0;8;1;B02
201400013419;0;15;0;0;2;1;1;A01
201400013419;0;7;0;0;0;8;15;B02
201400013420;0;10;0;0;2;1;1;B02
201400013420;0;7;0;0;0;6;13;A01
201400013421;0;7;0;3;0;8;0;A01
201400013422;0;7;0;0;0;3;15;B01
201400013422;0;38;0;0;2;1;1;A01
201400013423;0;7;0;13;0;2;1;A01
201400013424;0;7;0;0;2;2;17;A01
201400013424;0;17;0;0;0;6;2;B02
201400013424;0;7;0;0;2;2;2;C03
201400013425;0;7;0;5;0;2;1;A01
201400013426;0;10;0;0;2;2;17;A01
201400013426;0;17;0;0;2;6;1;B02
201400013427;0;17;0;3;0;1;14;A01
201400013428;0;7;0;13;0;9;17;A01
201400013429;1;7;0;0;1;0;0;A01
201400013430;0;10;0;0;2;1;1;B01
201400013430;0;7;0;7;2;7;19;A01
201400013431;0;7;0;7;0;1;1;A01
201400013432;0;7;0;0;1;2;16;A01
201400013433;0;7;0;0;1;1;2;A01
201400013434;0;38;1;0;2;1;2;A01
201400013434;0;7;0;0;2;4;2;B01
201400013434;0;7;0;0;2;4;2;C01
201400013434;0;7;0;0;2;4;2;D01
201400013434;0;7;0;0;0;4;2;E01
201400013435;0;38;0;0;1;7;0;A01
201400013436;0;7;0;0;2;8;11;A01
201400013436;0;33;0;0;2;1;3;B01
201400013437;0;10;0;0;2;8;10;A01
201400013437;0;2;0;0;2;1;2;B01
201400013438;0;30;0;1;0;1;0;A01
201400013438;0;7;0;0;0;6;0;B01
201400013439;0;2;0;0;2;1;1;A01
201400013439;0;7;0;0;2;4;1;B01
201400013440;0;2;0;0;1;1;0;A01
201400013441;0;7;0;8;0;1;0;A01
201400013442;0;7;0;0;2;1;1;A01
201400013442;0;7;0;0;2;4;1;B01
201400013443;0;7;0;0;2;3;13;A01
201400013443;0;10;0;0;2;3;1;B01
201400013444;0;7;0;0;1;1;1;A01
201400013445;0;7;0;0;0;0;0;A01
201400013446;0;33;0;0;2;1;2;A01
201400013446;0;7;0;0;2;1;2;B01
201400013447;0;99;0;0;1;6;4;A01
201400013448;0;30;0;0;2;1;2;B01
201400013448;0;7;0;0;2;5;15;A01
201400013449;0;33;0;0;2;1;1;B01
201400013449;0;7;0;0;2;1;15;A01
201400013450;0;7;0;0;2;8;0;A01
201400013450;0;33;0;0;2;1;0;B01
201400013451;0;38;1;0;1;8;1;B01
201400013451;0;7;0;0;2;7;23;A01
201400013452;0;2;0;0;2;1;1;B01
201400013452;0;7;0;0;2;2;9;A01
201400013453;0;33;0;0;2;1;1;B01
201400013453;0;7;0;0;2;3;9;A01
201400013454;0;33;0;0;1;1;1;A01
201400013455;0;7;0;12;0;1;21;A01
201400013456;0;7;0;0;1;1;1;A01
201400013457;0;7;0;15;0;1;15;A01
201400013458;0;7;0;0;2;1;1;A01
201400013458;0;7;0;0;2;8;1;B01
201400013459;0;7;0;0;2;1;2;A01
201400013459;0;7;0;0;2;4;2;B01
201400013459;0;7;0;0;0;8;0;C01
201400013460;0;7;0;0;2;3;1;B01
201400013460;0;7;0;0;2;3;13;A01
201400013461;0;33;0;0;2;1;1;B01
201400013461;0;7;0;0;0;5;9;A01
201400013462;0;7;0;0;1;3;2;A01
201400013463;0;14;0;8;0;0;0;A01
201400013464;0;7;0;0;1;8;9;A01
201400013465;0;7;0;0;1;4;4;A01
201400013466;0;31;0;0;2;1;1;A01
201400013466;0;7;0;0;2;4;1;B01
201400013467;0;7;0;8;0;8;1;A01
201400013468;0;7;0;0;2;3;9;A01
201400013468;0;7;0;3;2;7;1;B01
201400013469;0;7;0;0;1;2;2;A01
201400013470;0;7;0;0;2;6;1;B01
201400013470;0;7;0;8;2;1;1;A01
201400013471;0;33;0;0;2;3;1;A01
201400013471;0;7;0;0;2;2;0;B01
201400013472;0;33;0;0;0;0;0;A01
201400013473;0;7;0;0;1;3;0;A01
201400013474;0;7;0;0;1;3;0;A01
201400013475;0;14;0;0;2;2;1;B01
201400013475;0;13;0;0;2;3;9;A01
201400013476;0;7;0;0;0;6;23;B01
201400013476;0;7;0;0;2;2;2;A01
201400013477;0;7;0;0;2;1;19;A01
201400013477;0;7;0;0;0;8;19;B01
201400013478;0;7;0;0;2;1;1;B01
201400013478;0;7;0;0;2;3;10;A01
201400013479;0;7;0;0;2;3;15;A01
201400013479;0;7;0;1;2;2;1;B01
201400013480;2;7;0;13;2;1;1;Z01
201400013480;0;33;0;0;2;4;1;A01
201400013481;0;7;0;0;0;0;0;A01
201400013481;0;7;0;14;0;0;0;B01
201400013482;0;7;0;0;2;3;15;B01
201400013482;0;2;0;0;2;1;1;A01
201400013483;0;33;0;0;0;1;21;A01
201400013483;0;7;0;0;0;0;23;B01
201400013484;0;7;0;0;2;6;1;B01
201400013484;0;7;0;0;2;2;1;A01
201400013485;0;7;0;0;1;7;9;A01
201400013486;0;31;0;0;2;1;1;A01
201400013486;0;7;0;0;2;8;15;B01
201400013487;0;2;0;8;0;1;14;A01
201400013488;0;7;0;0;1;2;2;A01
201400013489;0;33;0;0;2;1;0;B01
201400013489;0;7;0;0;2;2;15;A01
201400013490;0;7;0;0;0;5;1;B01
201400013490;0;7;0;0;2;2;2;A01
201400013491;0;7;0;0;2;8;15;A01
201400013491;0;7;0;0;2;0;0;C01
201400013491;0;33;0;0;2;1;1;B01
201400013492;0;7;0;13;2;1;2;B01
201400013492;0;7;0;0;2;1;2;C01
201400013492;0;7;0;13;2;7;2;A01
201400013493;0;7;0;0;2;3;5;A01
201400013493;0;7;0;0;2;3;2;B01
201400013494;0;7;0;0;0;5;15;B01
201400013494;0;31;0;0;2;1;0;A01
201400013495;0;7;0;0;2;1;1;B01
201400013495;0;7;0;2;2;7;19;A01
201400013496;0;7;0;8;0;1;0;A01
201400013497;0;7;0;6;0;1;21;A01
201400013498;0;7;0;0;2;0;2;B01
201400013498;0;7;0;0;2;4;1;A01
201400013499;0;7;0;0;1;1;16;A01
201400013500;0;33;0;0;2;1;17;A01
201400013500;0;7;0;0;2;2;19;B01
201400013501;0;33;0;0;2;9;17;A01
201400013501;0;10;0;0;2;8;15;B01
201400013502;0;7;0;0;2;3;9;A01
201400013502;0;7;0;0;2;1;1;B01
201400013503;0;33;0;0;2;1;2;A01
201400013503;0;7;0;0;2;4;2;B01
201400013504;0;33;0;0;2;1;2;A01
201400013504;0;7;0;0;0;6;2;B01
201400013505;0;7;0;0;2;3;1;A01
201400013505;0;3;0;0;2;1;15;B01
201400013506;0;7;0;0;2;8;16;B01
201400013506;0;7;0;0;2;1;1;A01
201400013507;0;7;0;0;2;2;1;B01
201400013507;0;7;0;0;2;3;1;A01
201400013508;0;7;0;0;1;3;1;A01
201400013509;0;33;0;0;2;7;1;B01
201400013509;0;7;0;0;2;1;15;A01
201400013510;0;7;0;0;1;2;1;A01
201400013511;0;7;0;0;0;0;0;A01
201400013511;0;7;0;0;0;0;0;B01
201400013512;0;7;0;1;1;1;2;A01
201400013513;0;2;0;0;2;0;13;A01
201400013513;0;7;0;0;2;3;1;B01
201400013514;0;10;0;0;1;3;2;A01
201400013515;0;7;0;0;1;1;1;A01
201400013516;0;7;0;0;1;1;1;A01
201400013517;0;7;0;0;1;3;15;A01
201400013518;0;7;0;0;1;3;1;A01
201400013519;0;2;0;0;0;0;2;A01
201400013520;0;7;0;0;1;3;0;A01
201400013521;0;7;0;2;0;2;21;A01
201400013521;1;99;0;0;2;2;0;Z01
201400013522;0;7;0;0;2;8;2;B01
201400013522;0;7;0;0;2;8;17;A01
201400013523;0;7;0;0;1;4;4;A01
201400013524;0;7;0;0;2;3;1;A01
201400013524;0;7;0;15;2;3;1;B01
201400013525;0;30;0;0;0;0;16;A01
201400013526;0;7;0;6;0;1;0;A01
201400013527;1;10;0;0;1;2;1;Z01
201400013528;0;33;0;0;2;1;1;B01
201400013528;0;7;0;0;0;5;1;A01
201400013529;0;7;0;0;2;4;1;A01
201400013529;1;7;0;0;2;3;13;Z01
201400013530;0;7;0;0;2;1;9;Z01
201400013530;0;2;0;0;2;7;17;A01
201400013531;0;30;0;0;2;8;16;B01
201400013531;1;7;0;0;2;2;1;A01
201400013532;1;7;0;0;1;3;5;A01
201400013533;0;7;0;0;2;3;1;B01
201400013533;0;7;0;0;2;2;1;A01
201400013534;0;13;0;0;2;3;1;B01
201400013534;0;7;0;0;0;6;14;A01
201400013535;0;7;0;0;2;2;15;B01
201400013535;0;34;0;0;2;0;17;A01
201400013536;0;7;0;0;0;3;16;B01
201400013536;0;7;0;0;2;2;17;A01
201400013537;0;7;0;3;2;8;23;C01
201400013537;0;15;0;0;2;7;1;B01
201400013537;0;7;0;0;2;8;9;A01
201400013538;0;7;0;0;2;4;1;C01
201400013538;0;7;0;0;2;1;1;A01
201400013538;0;7;0;0;2;4;1;B01
201400013539;0;7;0;0;2;8;1;B01
201400013539;0;30;0;0;2;7;1;A01
201400013540;0;7;0;0;1;1;1;A01
201400013541;0;30;0;0;1;1;3;A01
201400013542;0;2;0;0;5;1;1;A01
201400013543;0;7;0;0;2;5;16;A01
201400013543;0;30;0;0;2;3;0;B01
201400013544;0;7;0;0;1;1;1;A01
201400013545;0;7;0;0;2;8;2;A01
201400013545;0;1;0;0;2;2;1;B01
201400013545;0;7;0;0;2;7;1;C01
201400013546;0;7;0;0;1;7;20;A01
201400013547;0;1;0;0;1;8;1;A01
201400013548;0;37;15;14;0;1;1;A01
201400013549;0;14;0;2;2;3;13;A01
201400013549;0;15;0;0;2;8;1;B01
201400013550;0;7;0;0;1;3;1;A01
201400013551;0;7;0;0;1;7;1;A01
201400013552;1;7;0;0;1;8;1;A01
201400013553;0;7;0;0;0;4;23;A01
201400013553;0;7;0;0;2;1;2;B01
201400013554;0;7;0;0;1;2;1;A01
201400013555;0;7;0;0;1;4;4;A01
201400013556;0;7;0;0;2;1;2;B01
201400013556;0;7;0;0;0;4;23;A01
201400013557;0;33;0;10;2;1;1;A01
201400013557;0;7;0;0;2;1;9;B01
201400013558;1;14;0;0;1;4;1;A01
201400013559;1;99;0;0;1;0;0;Z01
201400013560;0;7;0;0;1;2;9;A01
201400013561;0;1;0;0;2;3;1;B01
201400013561;0;7;0;0;9;7;16;A01
201400013562;0;7;0;0;1;2;1;A01
201400013563;0;36;0;9;0;1;0;A01
201400013564;0;7;0;1;2;8;24;B01
201400013564;0;7;0;1;0;3;13;A01
201400013565;0;7;0;0;9;2;9;A01
201400013565;0;1;0;0;2;1;1;B01
201400013566;0;1;0;0;2;3;13;A01
201400013566;0;33;0;0;0;2;2;B01
201400013567;0;7;0;0;2;3;17;A01
201400013567;0;33;0;0;2;1;1;B01
201400013568;0;7;0;0;2;8;10;A01
201400013568;0;33;0;0;2;1;1;B01
201400013569;0;33;0;0;2;1;1;B01
201400013569;0;7;0;0;9;3;0;C01
201400013569;0;7;0;0;2;3;15;A01
201400013570;0;10;0;0;2;5;4;A01
201400013570;0;32;0;0;2;1;2;B01
201400013571;0;7;0;0;2;4;23;A01
201400013571;0;7;0;0;2;4;23;B01
201400013571;1;7;0;0;2;1;2;Z01
201400013572;0;33;0;0;0;7;0;A01
201400013573;0;7;0;0;0;4;2;A01
201400013573;1;99;0;0;0;0;0;Z01
201400013574;0;7;0;0;2;2;1;B01
201400013574;0;30;0;0;2;1;1;A01
201400013575;0;7;0;0;2;3;15;A01
201400013575;0;2;0;0;2;2;18;B01
201400013576;0;7;0;0;2;1;15;A01
201400013576;0;14;0;0;2;3;1;B01
201400013577;0;7;0;0;2;8;1;C01
201400013577;0;7;0;0;2;8;1;B01
201400013577;0;7;0;0;2;3;13;A01
201400013578;0;7;0;0;2;1;15;A01
201400013578;0;7;0;8;2;1;1;B01
201400013579;0;7;0;0;2;3;5;A01
201400013579;0;7;0;0;2;1;1;B01
201400013580;0;7;0;0;2;1;1;A01
201400013580;0;10;0;0;2;1;1;B01
201400013581;0;7;0;0;0;8;15;A01
201400013581;0;7;0;0;2;2;17;B01
201400013582;0;7;0;0;2;1;0;A01
201400013582;0;7;0;0;2;8;0;B01
201400013583;0;7;0;0;2;1;2;A01
201400013583;0;3;0;0;1;6;1;B01
201400013584;0;7;0;0;2;1;2;A01
201400013584;0;7;0;0;2;4;2;B01
201400013584;0;7;0;0;0;4;2;C01
201400013585;0;33;0;8;0;8;1;A01
201400013586;0;10;0;0;2;8;15;B01
201400013586;0;32;0;0;2;8;17;A01
201400013587;0;1;0;0;2;0;0;B01
201400013587;0;7;0;0;2;7;0;A01
201400013588;0;7;0;3;0;2;1;A01
201400013589;0;7;0;0;2;3;15;A01
201400013589;0;33;0;0;2;3;1;B01
201400013590;0;7;0;0;2;1;13;A01
201400013590;0;7;0;0;2;3;1;B01
201400013591;0;7;0;0;0;8;1;A01
201400013591;0;1;0;0;2;1;1;B01
201400013592;0;7;0;0;1;2;1;A01
201400013593;0;7;0;0;2;1;0;B01
201400013593;0;7;0;0;2;2;0;A01
201400013594;0;7;0;0;2;1;1;A01
201400013594;0;7;0;0;2;4;23;C01
201400013594;0;7;0;0;2;4;23;B01
201400013595;0;7;0;0;2;3;0;B01
201400013595;0;7;0;0;2;5;0;A01
201400013596;0;7;0;0;1;1;2;A01
201400013597;0;31;0;0;2;1;1;B01
201400013597;0;10;0;0;2;0;9;A01
201400013598;0;1;0;0;0;0;0;A01
201400013599;0;7;0;0;0;1;1;A01
201400013600;1;7;0;0;2;0;0;X01
201400013600;0;2;0;0;2;1;1;A01
201400013601;0;31;0;0;2;8;1;B01
201400013601;0;7;0;0;2;3;15;A01
201400013602;0;34;0;0;2;2;2;A01
201400013602;0;7;0;0;2;3;2;B01
201400013603;0;7;0;0;1;3;1;A01
201400013604;0;7;0;0;2;4;2;B01
201400013604;0;7;0;0;2;4;2;C01
201400013604;0;7;0;0;0;4;2;D01
201400013604;0;7;0;0;2;1;2;A01
201400013605;0;30;0;1;2;2;17;A01
201400013605;0;7;0;0;2;8;15;B01
201400013606;0;10;0;0;1;1;1;A01
201400013607;0;34;0;0;2;3;0;A01
201400013607;0;15;0;0;2;8;1;B01
201400013608;0;10;0;0;0;4;2;B01
201400013608;0;10;0;0;2;1;2;A01
201400013609;0;31;0;0;2;1;1;B01
201400013609;0;7;0;0;2;1;15;A01
201400013610;0;31;0;1;0;1;17;A01
201400013610;0;17;0;0;0;0;15;B01
201400013611;0;7;0;0;2;3;15;A01
201400013611;0;7;0;0;2;1;1;B01
201400013612;0;7;0;1;0;2;2;A01
201400013613;0;33;0;10;0;1;21;A01
201400013614;0;33;0;0;0;7;0;A01
201400013615;0;33;0;0;2;1;1;B01
201400013615;0;7;0;0;2;1;1;A01
201400013616;0;1;0;0;2;4;0;B01
201400013616;0;7;0;0;2;3;9;A01
201400013617;0;30;0;0;2;5;1;A01
201400013617;0;7;0;0;2;8;15;B01
201400013618;0;7;0;0;9;1;0;A01
201400013618;0;1;0;0;0;0;0;B01
201400013619;0;30;0;0;1;1;1;Z01
201400013620;0;7;0;0;2;1;2;A01
201400013620;0;7;0;0;0;4;2;B01
201400013621;0;7;0;0;2;1;1;A01
201400013621;0;7;0;0;2;7;1;B01
201400013622;0;7;0;0;2;3;5;A01
201400013622;0;7;0;0;2;1;0;B01
201400013623;0;7;0;0;2;3;9;B01
201400013623;0;30;0;0;2;1;1;A01
201400013624;0;7;0;0;2;4;2;B01
201400013624;0;7;0;0;2;1;2;A01
201400013625;0;7;0;0;2;8;15;B01
201400013625;0;7;0;0;2;3;1;A01
201400013626;0;33;0;0;2;1;5;A01
201400013626;0;7;0;0;2;1;5;B01
201400013627;0;7;0;0;2;1;1;A01
201400013627;0;7;0;0;2;4;16;B01
201400013628;0;7;0;0;2;1;1;C01
201400013628;0;7;0;0;2;3;1;B01
201400013628;0;30;0;0;2;1;13;A01
201400013629;0;20;0;0;1;4;4;A01
201400013630;0;7;0;0;2;3;1;B01
201400013630;0;7;0;0;2;1;15;A01
201400013631;0;7;0;0;2;1;1;A01
201400013631;0;7;0;0;2;9;1;B01
201400013632;0;7;0;0;2;2;1;B01
201400013632;0;31;0;0;2;3;15;A01
201400013633;0;10;0;0;0;2;2;B01
201400013633;0;7;0;0;2;3;2;A01
201400013634;0;7;0;0;1;1;1;A01
201400013635;0;32;0;12;0;8;1;A01
201400013636;1;7;0;0;2;3;13;Z01
201400013636;0;7;0;0;2;8;1;A01
201400013637;0;7;0;0;2;2;1;A01
201400013637;0;7;0;0;2;3;0;B01
201400013638;0;7;0;0;2;3;15;A01
201400013638;0;34;0;0;2;1;1;B01
201400013639;0;7;0;0;2;6;23;A01
201400013639;0;7;0;0;2;2;2;B01
201400013640;0;7;0;0;2;1;1;B01
201400013640;0;7;0;11;2;7;1;A01
201400013641;0;33;0;0;2;1;1;B01
201400013641;0;7;0;0;2;7;10;A01
201400013642;0;7;0;0;1;3;15;A01
201400013643;0;7;0;0;2;6;10;A01
201400013643;0;7;0;0;2;2;2;B01
201400013644;0;7;0;0;2;8;0;A01
201400013644;0;10;0;0;2;8;1;B01
201400013645;0;32;0;0;2;8;1;B01
201400013645;0;7;0;0;2;6;0;A01
201400013646;0;7;0;0;1;3;0;A01
201400013647;0;34;0;0;2;4;2;B01
201400013647;0;7;0;0;2;1;2;A01
201400013648;0;7;0;0;2;4;1;B01
201400013648;0;7;0;0;2;1;1;A01
201400013649;0;7;0;0;2;1;2;A01