num_acc;senc;catv;occutc;obs;obsm;choc;manv;num_veh
201400013649;0;7;0;0;2;9;1;B01
201400013649;0;7;0;0;2;4;2;C01
201400013650;0;33;0;0;2;1;2;B01
201400013650;0;7;0;0;0;0;9;A01
201400013650;0;30;0;0;0;0;1;C01
201400013651;0;7;0;0;2;1;1;A01
201400013651;0;7;0;0;2;4;1;B01
201400013652;0;7;0;0;2;5;15;B01
201400013652;0;2;0;0;2;1;2;A01
201400013653;0;33;0;0;2;1;2;B01
201400013653;0;7;0;0;2;8;15;A01
201400013654;0;7;0;0;2;3;15;A01
201400013654;0;7;0;0;2;3;1;B01
201400013655;0;7;0;0;2;4;2;B01
201400013655;0;30;0;0;2;1;2;A01
201400013656;0;7;0;1;0;2;14;A01
201400013657;0;7;0;0;2;3;1;B01
201400013657;0;7;0;0;2;1;1;A01
201400013657;0;7;0;0;2;3;23;C01
201400013658;0;7;0;0;2;4;2;B01
201400013658;0;7;0;0;2;1;2;A01
201400013659;0;1;0;0;0;0;0;A01
201400013660;0;7;0;8;0;8;1;B01
201400013660;0;7;0;0;2;1;19;A01
201400013661;0;30;0;0;2;3;1;B01
201400013661;0;7;0;0;2;2;15;A01
201400013662;0;7;0;0;2;1;1;B01
201400013662;0;7;0;0;2;6;19;A01
201400013663;0;7;0;0;2;1;2;B01
201400013663;0;2;0;0;2;4;15;A01
201400013664;0;7;0;0;0;4;1;B01
201400013664;0;15;0;0;2;2;2;A01
201400013665;0;7;0;0;2;3;2;A01
201400013665;0;1;0;0;2;7;1;B01
201400013666;0;33;0;0;2;8;18;B01
201400013666;0;7;0;0;2;7;20;A01
201400013667;0;2;0;0;0;1;2;A01
201400013667;0;7;0;0;0;6;2;B01
201400013668;0;37;1;0;2;1;2;A01
201400013668;0;7;0;0;0;4;2;B01
201400013669;0;33;0;0;2;0;0;B01
201400013669;0;7;0;0;2;8;11;A01
201400013670;0;7;0;1;2;4;2;B01
201400013670;1;7;0;0;2;1;2;Z01
201400013671;0;7;0;0;2;2;1;A01
201400013671;0;34;0;0;2;6;1;B01
201400013672;0;32;0;0;0;7;0;A01
201400013673;1;7;0;0;2;1;2;Z01
201400013673;0;7;0;0;2;4;2;B01
201400013674;0;32;0;0;2;5;17;B01
201400013674;0;7;0;0;2;3;20;A01
201400013675;0;7;0;0;2;1;2;A01
201400013675;0;7;0;0;2;4;2;B01
201400013676;0;10;0;8;0;1;1;A01
201400013677;0;30;0;0;2;5;2;B01
201400013677;0;33;0;0;2;1;2;A01
201400013678;0;7;0;0;2;3;16;A01
201400013678;0;7;0;0;2;5;2;B01
201400013678;0;7;0;0;2;4;2;C01
201400013679;0;7;0;0;2;1;15;A01
201400013679;0;7;0;0;2;1;1;B01
201400013680;0;7;0;8;0;1;1;A01
201400013681;0;32;0;0;2;1;1;B01
201400013681;0;7;0;0;2;3;5;A01
201400013682;0;7;0;0;5;4;2;B01
201400013682;0;7;0;0;2;1;2;A01
201400013683;0;7;0;0;2;4;2;C01
201400013683;0;7;0;0;2;1;2;A01
201400013683;0;7;0;0;2;4;2;B01
201400013684;0;7;0;0;2;1;1;B01
201400013684;0;7;0;0;2;2;1;A01
201400013685;0;33;0;0;2;1;17;B01
201400013685;0;7;0;0;0;3;23;C01
201400013685;0;7;0;0;2;3;15;A01
201400013686;0;7;0;0;0;7;9;A01
201400013686;0;33;0;0;0;1;2;B01
201400013687;0;33;0;0;0;6;16;B01
201400013687;0;7;0;0;2;2;1;A01
201400013688;0;7;0;0;2;1;1;B01
201400013688;0;10;0;0;2;1;2;A01
201400013689;0;7;0;8;2;1;1;A01
201400013689;0;7;0;0;0;4;2;B01
201400013690;0;7;0;0;2;4;2;B01
201400013690;0;7;0;0;2;1;2;A01
201400013691;0;7;0;0;2;2;1;B01
201400013691;0;7;0;0;2;5;20;A01
201400013692;0;7;0;0;0;4;23;B01
201400013692;0;7;0;0;2;1;1;A01
201400013693;0;32;0;0;0;6;1;B01
201400013693;0;7;0;0;2;1;17;A01
201400013694;0;7;0;0;2;0;5;C01
201400013694;0;7;0;0;2;1;5;B01
201400013694;0;7;0;0;2;1;5;A01
201400013695;0;32;0;0;2;1;17;B01
201400013695;0;10;0;0;2;6;10;A01
201400013696;0;2;0;0;2;8;0;A01
201400013696;0;33;0;0;2;1;2;B01
201400013697;1;7;0;0;0;0;0;B01
201400013697;0;32;0;0;2;3;0;A01
201400013698;0;7;0;0;2;4;2;B01
201400013698;0;7;0;0;2;1;2;A01
201400013699;0;7;0;0;1;4;4;A01
201400013700;0;7;0;0;2;1;15;A01
201400013700;0;7;0;0;2;1;1;B01
201400013701;0;34;0;0;2;1;17;A01
201400013701;0;7;0;0;2;3;15;B01
201400013702;0;33;0;0;2;0;1;B01
201400013702;0;7;0;0;2;8;15;A01
201400013703;0;33;0;13;0;1;21;B01
201400013703;1;7;0;0;0;0;13;Z01
201400013704;0;31;0;0;2;2;1;B01
201400013705;1;30;0;0;1;1;1;A01
201400013706;0;10;0;0;2;1;1;B01
201400013706;0;7;0;0;2;6;10;A01
201400013707;0;10;0;0;2;6;2;B01
201400013707;0;2;0;0;2;2;1;A01
201400013708;0;7;0;0;2;3;1;B01
201400013708;1;7;0;0;2;0;5;A01
201400013709;0;7;0;0;2;3;2;A01
201400013709;0;33;0;0;2;2;2;B01
201400013710;0;7;0;0;1;3;1;A01
201400013711;0;33;0;0;2;8;1;B01
201400013711;0;7;0;0;2;5;15;A01
201400013712;0;7;0;0;2;1;2;A01
201400013712;0;7;0;0;0;4;2;B01
201400013713;0;7;0;8;1;2;1;A01
201400013714;0;3;0;0;0;9;0;A01
201400013715;0;7;0;0;2;7;1;B01
201400013715;0;10;0;0;2;4;4;A01
201400013716;0;7;0;0;0;5;1;B01
201400013716;0;7;0;0;2;3;16;A01
201400013717;0;33;0;0;2;8;19;B01
201400013717;0;7;0;0;2;2;1;A01
201400013718;0;7;0;0;0;6;2;B01
201400013718;0;7;0;0;2;2;2;A01
201400013719;1;7;0;0;2;3;13;Z01
201400013719;0;7;0;0;2;3;1;B01
201400013720;0;7;0;0;2;5;15;A01
201400013720;0;33;0;0;2;1;1;B01
201400013721;0;7;0;0;0;0;4;A01
201400013721;0;33;0;0;0;8;21;B01
201400013722;0;7;0;0;2;8;1;B01
201400013722;0;7;0;0;2;1;15;A01
201400013723;0;30;0;0;2;1;1;B01
201400013723;0;7;0;0;2;7;19;A01
201400013724;0;7;0;0;1;3;1;A01
201400013725;1;7;0;0;1;1;1;Z01
201400013726;0;7;0;0;9;7;2;A01
201400013726;0;1;0;0;2;8;2;B01
201400013727;0;7;0;0;1;1;1;A01
201400013728;0;7;0;0;1;1;14;A01
201400013729;0;7;0;0;0;0;15;A01
201400013729;0;33;0;0;0;0;1;B01
201400013730;0;7;0;0;1;0;0;A01
201400013731;0;7;0;0;2;8;13;A01
201400013731;0;33;0;0;2;1;1;B01
201400013732;1;7;0;0;2;7;16;Z01
201400013732;0;1;0;0;2;1;1;B01
201400013733;0;7;0;1;0;2;17;A01
201400013733;0;10;0;0;2;0;24;B01
201400013734;0;7;0;0;2;3;1;A01
201400013734;0;1;0;15;2;0;1;B01
201400013735;0;33;0;0;2;1;13;A01
201400013735;0;7;0;0;2;3;21;B01
201400013736;0;34;0;0;0;2;17;A01
201400013736;0;7;0;0;2;8;15;B01
201400013737;0;7;0;0;0;1;1;A01
201400013737;0;7;0;0;2;3;1;B01
201400013738;0;2;0;0;2;1;1;A01
201400013738;0;7;0;0;2;3;16;B01
201400013739;0;33;0;0;2;2;17;B01
201400013739;0;7;0;0;2;8;10;A01
201400013740;0;7;0;0;0;8;1;B01
201400013740;0;7;0;0;2;1;1;A01
201400013741;0;30;0;0;2;1;1;B01
201400013741;0;7;0;0;2;2;1;A01
201400013742;0;32;0;0;2;5;15;B01
201400013742;0;7;0;0;2;3;16;A01
201400013743;0;7;0;0;2;4;2;B01
201400013743;0;7;0;0;2;1;2;A01
201400013743;0;7;0;0;2;4;2;C01
201400013744;0;1;0;0;2;7;1;B01
201400013744;0;7;0;0;2;8;2;A01
201400013745;0;33;0;0;2;1;17;A01
201400013745;0;7;0;0;2;3;15;B01
201400013746;0;34;0;7;0;1;1;A01
201400013747;0;33;0;0;2;1;3;B01
201400013747;0;7;0;0;0;6;19;A01
201400013748;0;3;0;0;2;1;1;B01
201400013748;0;30;0;0;2;3;9;A01
201400013749;0;7;0;0;2;8;5;A01
201400013749;0;2;0;0;2;1;15;B01
201400013750;0;7;0;0;2;1;2;A01
201400013750;0;7;0;0;0;4;23;B01
201400013751;0;32;0;0;2;1;2;A01
201400013751;0;7;0;0;2;6;15;B01
201400013752;0;1;0;0;2;1;1;B01
201400013752;1;10;0;0;0;2;15;Z01
201400013753;0;7;0;0;0;4;2;A01
201400013753;0;34;0;0;2;1;0;B01
201400013754;1;7;0;0;1;2;1;Z01
201400013755;0;10;0;0;2;3;15;A01
201400013755;0;33;0;0;2;3;1;B01
201400013756;0;7;0;1;0;7;1;A01
201400013756;0;7;0;0;0;8;24;B01
201400013757;0;7;0;0;1;1;1;A01
201400013758;0;7;0;0;1;4;4;A01
201400013759;0;7;0;0;2;3;1;A01
201400013759;0;1;0;0;2;2;13;B01
201400013760;1;7;0;0;2;1;16;Z01
201400013760;0;2;0;0;0;7;1;B01
201400013761;0;7;0;0;2;1;23;A01
201400013761;0;7;0;0;2;1;23;B01
201400013761;0;7;0;0;0;4;23;C01
201400013762;0;7;0;0;2;1;9;A01
201400013762;0;32;0;0;2;1;1;B01
201400013763;0;30;0;0;2;8;9;A01
201400013763;0;14;0;0;2;3;1;B01
201400013764;0;7;0;0;0;4;23;B01
201400013764;0;7;0;0;2;1;2;A01
201400013765;0;7;0;0;1;1;1;A01
201400013766;0;32;0;0;2;2;2;B01
201400013766;0;7;0;0;2;8;2;A01
201400013767;0;34;0;0;9;1;1;B01
201400013767;0;7;0;0;0;0;1;A01
201400013768;0;7;0;0;2;3;1;B01
201400013768;0;30;0;0;2;1;6;A01
201400013769;0;7;0;0;2;4;2;B01
201400013769;0;7;0;0;2;1;2;A01
201400013770;0;7;0;0;2;3;16;A01
201400013770;0;32;0;0;2;1;15;B01
201400013771;0;34;0;1;2;7;17;A01
201400013771;0;7;0;0;2;8;1;B01
201400013772;0;7;0;0;1;4;4;A01
201400013773;0;7;0;0;2;4;23;B01
201400013773;0;2;0;0;2;1;2;A01
201400013774;0;7;0;0;2;1;1;B01
201400013774;0;7;0;0;0;6;10;A01
201400013775;0;30;0;0;2;8;1;A01
201400013775;0;7;0;0;2;1;1;B01
201400013776;0;7;0;0;1;2;1;A01
201400013777;0;7;0;0;2;1;13;A01
201400013777;0;31;0;0;2;1;1;B01
201400013778;0;7;0;0;2;1;1;A01
201400013778;0;7;0;0;2;1;1;B01
201400013779;0;7;0;0;2;4;2;C01
201400013779;0;7;0;0;2;4;2;B01
201400013779;0;7;0;0;2;1;2;A01
201400013780;0;7;0;0;2;1;2;A01
201400013780;0;7;0;0;0;4;2;B01
201400013781;0;7;0;0;2;4;2;B02
201400013781;0;7;0;0;2;1;2;A01
201400013782;0;10;0;0;2;3;13;A01
201400013782;0;10;0;0;2;1;1;C03
201400013782;0;15;0;0;2;8;1;B02
201400013783;0;7;0;0;0;2;21;B02
201400013783;0;7;0;0;0;1;19;A01
201400013784;0;1;0;0;5;0;21;A01
201400013785;0;10;0;0;1;5;4;A01
201400013786;0;7;0;0;2;3;19;A01
201400013786;0;33;0;0;2;1;1;B01
201400013787;0;7;0;2;2;1;2;A01
201400013787;0;38;5;0;2;1;2;C01
201400013787;0;7;0;0;2;4;2;B01
201400013788;0;7;0;0;2;5;9;A01
201400013788;0;7;0;0;2;3;1;B01
201400013789;0;7;0;0;2;3;11;A01
201400013789;0;14;0;0;2;1;1;B01
201400013790;0;7;0;0;2;7;15;A01
201400013790;0;33;0;0;2;1;1;B01
201400013791;0;7;0;0;2;1;1;B01
201400013791;0;7;0;11;2;1;5;A01
201400013792;0;7;0;0;2;8;1;B01
201400013792;0;33;0;5;2;8;13;A01
201400013793;0;31;0;15;0;2;14;A01
201400013794;0;7;0;0;2;3;1;A01
201400013794;0;7;0;2;2;1;17;B01
201400013795;0;7;0;3;2;3;1;B01
201400013795;0;30;0;0;2;1;13;A01
201400013796;0;7;0;0;1;1;15;A01
201400013797;0;33;0;0;2;1;1;A01
201400013797;0;7;0;0;2;2;10;B01
201400013798;0;7;0;0;1;1;2;A01
201400013798;0;7;0;0;1;0;2;B01
201400013799;0;7;0;0;1;1;21;A01
201400013800;0;7;0;0;1;1;1;A01
201400013801;0;7;0;0;0;3;13;A01
201400013801;0;7;0;0;0;3;1;B01
201400013802;0;2;0;0;0;1;1;A01
201400013802;0;3;0;0;0;1;1;B01
201400013803;0;2;0;0;0;1;0;A01
201400013803;0;7;0;0;0;6;15;B01
201400013804;0;7;0;0;2;4;1;B01
201400013804;0;7;0;0;2;4;1;C01
201400013804;0;7;0;0;2;1;1;A01
201400013805;0;7;0;0;2;4;2;B01
201400013805;0;7;0;0;2;1;2;A01
201400013806;0;7;0;0;2;1;2;A01
201400013806;0;7;0;0;2;6;2;B01
201400013807;0;7;0;0;2;3;5;A01
201400013807;0;7;0;0;2;3;1;B01
201400013808;0;7;0;0;0;2;17;A01
201400013808;0;7;0;0;0;6;15;B01
201400013809;0;7;0;0;2;1;1;A01
201400013809;0;7;0;0;2;4;2;B01
201400013809;0;7;0;0;0;4;2;C01
201400013810;0;7;0;0;0;8;9;B01
201400013810;0;7;0;14;0;2;1;A01
201400013811;1;7;0;0;1;0;1;Z01
201400013812;0;7;0;0;2;1;1;B01
201400013812;0;7;0;0;2;1;13;A01
201400013813;0;33;0;0;2;7;2;B01
201400013813;0;7;0;0;2;3;15;A01
201400013814;0;2;0;0;2;7;0;A01
201400013814;0;7;0;0;2;3;0;B01
201400013815;0;7;0;0;2;5;1;B01
201400013815;0;32;0;0;2;3;9;A01
201400013816;0;7;0;0;2;1;1;B01
201400013816;0;7;0;0;2;3;0;A01
201400013817;0;3;0;0;2;3;1;B01
201400013817;0;3;0;0;2;1;5;A01
201400013818;0;32;0;0;0;3;1;B01
201400013818;0;7;0;0;0;2;4;A01
201400013819;0;7;0;0;2;2;1;A01
201400013819;0;7;0;0;2;2;0;B01
201400013820;0;7;0;0;2;9;1;C01
201400013820;0;15;0;0;2;2;9;A01
201400013820;0;7;0;0;2;2;1;D01
201400013820;0;7;0;0;2;6;1;B01
201400013821;0;7;0;0;2;8;1;A01
201400013821;0;13;0;0;2;1;1;B01
201400013822;0;7;0;0;2;6;1;A01
201400013822;0;7;0;0;2;1;1;B01
201400013823;0;3;0;0;2;3;1;B01
201400013823;0;3;0;0;2;3;5;A01
201400013823;0;3;0;0;2;3;1;C01
201400013824;1;99;0;0;1;0;0;A01
201400013825;0;7;0;0;1;6;4;A01
201400013826;0;7;0;0;2;3;1;B01
201400013826;0;7;0;0;2;3;15;A01
201400013827;0;7;0;0;2;8;15;B01
201400013827;1;7;0;0;0;1;17;A01
201400013828;0;7;0;8;2;3;0;A01
201400013828;0;15;0;0;2;2;0;B01
201400013829;0;7;0;0;0;1;15;A01
201400013829;0;2;0;16;2;8;5;B01
201400013830;0;7;0;0;0;1;2;A01
201400013830;0;7;0;0;0;4;2;B01
201400013830;0;10;0;0;0;0;2;C01
201400013831;0;7;0;0;1;0;16;A01
201400013832;0;7;0;0;2;2;1;A01
201400013832;0;7;0;0;2;8;2;B01
201400013833;0;7;0;0;2;1;1;B01
201400013833;0;7;0;0;2;4;15;A01
201400013834;0;7;0;0;2;8;15;A01
201400013834;0;33;0;0;2;7;17;B01
201400013835;0;7;0;0;0;3;15;B01
201400013835;0;32;0;0;0;1;17;A01
201400013836;0;7;0;0;1;1;1;A01
201400013837;0;7;0;0;2;1;2;A01
201400013837;0;7;0;0;2;4;2;B01
201400013837;0;7;0;0;0;4;23;C01
201400013838;0;7;0;0;2;3;2;A01
201400013838;0;30;0;12;2;1;17;B01
201400013839;0;30;0;0;2;7;15;B01
201400013839;1;99;0;0;0;0;0;A01
201400013840;0;7;0;0;2;8;1;B01
201400013840;0;33;0;0;2;1;5;A01
201400013841;0;33;0;0;2;1;17;B01
201400013841;0;15;0;0;2;3;15;A01
201400013842;0;7;0;0;2;8;9;A01
201400013842;1;7;0;0;2;2;0;D01
201400013843;0;7;0;0;2;3;1;B01
201400013843;0;7;0;12;2;3;13;A01
201400013844;0;33;0;0;2;1;2;A01
201400013844;0;7;0;0;2;3;15;B01
201400013845;0;2;0;0;2;4;2;A01
201400013845;0;7;0;0;0;4;2;B01
201400013846;0;7;0;0;1;3;1;A01
201400013847;0;7;0;1;2;2;1;B01
201400013847;2;7;0;0;2;1;9;A01
201400013848;0;1;0;0;1;1;1;A01
201400013849;0;7;0;0;2;4;2;B01
201400013849;0;10;0;0;2;1;1;A01
201400013850;0;31;0;0;2;1;21;A01
201400013850;0;7;0;0;2;1;1;B01
201400013851;0;7;0;0;1;1;1;A01
201400013852;0;7;0;0;2;3;1;A01
201400013852;0;2;0;0;2;1;1;B01
201400013853;1;7;0;0;2;0;1;Z01
201400013853;0;33;0;1;0;1;1;B01
201400013853;0;7;0;0;2;1;2;A01
201400013854;0;7;0;0;2;2;2;A01
201400013854;0;7;0;0;2;6;0;B01
201400013855;1;7;0;0;2;4;1;Z01
201400013855;0;30;0;0;2;1;1;B01
201400013856;0;7;0;0;2;4;23;B01
201400013856;0;33;0;0;2;1;1;A01
201400013857;0;7;0;0;2;4;1;B01
201400013857;0;7;0;0;2;1;1;A01
201400013858;0;7;0;0;2;1;21;B01
201400013858;0;7;0;13;0;2;0;A01
201400013859;0;7;0;0;1;1;1;A01
201400013860;0;32;0;0;2;1;17;A01
201400013860;0;7;0;0;2;8;15;B01
201400013861;0;7;0;0;2;2;0;B01
201400013861;0;14;0;0;2;3;4;A01
201400013862;0;30;0;0;2;2;17;B01
201400013862;0;7;0;0;2;3;15;A01
201400013863;1;7;0;0;1;1;1;Z01
201400013864;0;7;0;0;2;2;1;A01
201400013864;1;7;0;0;2;3;9;Z01
201400013865;0;7;0;0;2;3;10;A01
201400013865;0;7;0;0;2;1;1;B01
201400013866;0;7;0;0;2;2;1;B01
201400013866;0;34;0;0;2;1;1;A01
201400013867;0;30;0;0;2;3;1;B01
201400013867;0;7;0;0;2;2;12;A01
201400013868;0;7;0;0;2;2;9;A01
201400013868;0;31;0;0;2;8;1;B01
201400013869;0;7;0;0;1;1;1;A01
201400013870;0;7;0;2;0;1;1;A01
201400013871;0;30;0;0;0;0;1;A01
201400013872;0;32;0;0;2;0;1;B01
201400013872;0;7;0;0;2;0;1;A01
201400013873;0;32;0;0;2;0;1;A01
201400013873;1;32;0;0;2;0;1;Z01
201400013874;0;10;0;0;2;0;24;A01
201400013874;0;31;0;0;2;0;1;B01
201400013875;0;30;0;0;1;1;17;A01
201400013876;0;38;1;0;1;5;15;B01
201400013877;0;10;0;0;2;6;10;A01
201400013877;0;30;0;0;2;0;17;B01
201400013878;0;7;0;0;1;1;1;A01
201400013879;0;30;0;0;2;0;0;B01
201400013879;0;7;0;0;2;1;0;A01
201400013880;0;7;0;0;2;6;10;A01
201400013880;0;33;0;0;2;1;17;B01
201400013881;0;7;0;0;2;1;1;A01
201400013881;0;7;0;0;2;4;1;C01
201400013881;0;7;0;0;2;4;1;B01
201400013882;0;33;0;0;1;1;17;A01
201400013883;0;7;0;0;2;1;23;B01
201400013883;0;30;0;0;2;1;21;A01
201400013884;0;32;0;0;2;1;3;A01
201400013884;0;7;0;0;2;1;1;B01
201400013885;0;7;0;0;1;3;1;A01
201400013886;1;30;0;0;2;1;1;Z01
201400013886;0;30;0;0;2;4;1;A01
201400013887;0;1;0;0;2;2;2;A01
201400013887;1;7;0;0;2;0;1;Z01
201400013888;0;30;0;0;2;3;5;A01
201400013888;0;7;0;0;9;3;1;B01
201400013889;0;31;0;0;2;1;1;B01
201400013889;0;7;0;0;2;3;11;A01
201400013890;0;7;0;0;0;0;1;A01
201400013891;0;7;0;0;2;4;1;B01
201400013891;0;33;0;0;2;1;1;A01
201400013892;0;7;0;0;2;4;23;B01
201400013892;0;7;0;0;2;4;23;C01
201400013892;0;7;0;0;2;1;2;A01
201400013893;0;7;0;0;1;2;16;A01
201400013894;0;33;0;0;2;1;2;B01
201400013894;0;7;0;0;2;4;2;A01
201400013895;0;30;0;0;2;4;10;A01
201400013895;0;32;0;0;2;1;2;B01
201400013896;0;7;0;0;2;8;11;A01
201400013896;0;30;0;0;2;1;1;B01
201400013897;0;7;0;0;1;1;1;A01
201400013898;0;7;0;0;2;4;23;B01
201400013898;0;7;0;0;2;1;1;A01
201400013898;0;7;0;0;2;4;23;C01
201400013899;0;7;0;0;2;3;12;B01
201400013899;0;34;0;0;2;1;16;A01
201400013900;0;7;0;0;2;2;17;A01
201400013900;0;7;0;0;2;3;15;B01
201400013901;0;2;0;0;2;2;2;A01
201400013901;0;7;0;0;0;5;2;B01
201400013902;0;7;0;0;2;2;9;A01
201400013902;0;7;0;0;0;8;1;B01
201400013903;0;7;0;0;2;3;10;A01
201400013903;0;34;0;0;2;1;2;B01
201400013904;2;7;0;12;0;1;2;A01
201400013905;0;7;0;0;2;8;9;A01
201400013905;0;7;0;0;2;2;1;B01
201400013906;1;7;0;0;1;1;0;Z01
201400013907;0;14;0;0;2;2;0;B01
201400013907;0;7;0;0;2;1;0;A01
201400013908;0;7;0;0;0;9;1;A01
201400013909;0;7;0;15;0;7;1;A01
201400013910;0;7;0;0;2;8;13;A01
201400013910;0;7;0;0;2;2;1;B01
201400013911;0;7;0;0;2;1;1;A01
201400013911;0;7;0;0;2;3;0;B01
201400013912;0;7;0;0;2;3;15;A01
201400013912;0;7;0;0;2;2;1;B01
201400013913;0;7;0;1;2;1;1;A01
201400013913;0;7;0;0;2;2;15;B01
201400013914;0;30;0;12;0;1;21;A01
201400013915;1;7;0;0;1;1;2;Z01
201400013916;0;7;0;0;2;1;1;B01
201400013916;0;7;0;0;2;2;6;A01
201400013917;0;7;0;8;0;1;14;A01
201400013918;0;30;0;0;2;1;1;B01
201400013918;0;7;0;0;2;8;15;A01
201400013919;0;7;0;0;1;4;4;A01
201400013920;0;7;0;12;0;3;2;A01
201400013921;0;7;0;0;2;6;1;A01
201400013921;1;7;0;0;2;0;0;Z01
201400013922;0;7;0;0;2;3;2;A01
201400013922;0;30;0;0;2;1;2;B01
201400013923;0;7;0;0;2;1;1;A01
201400013923;0;7;0;0;2;7;15;B01
201400013924;0;7;0;0;1;0;1;A01
201400013925;0;7;0;0;2;1;2;B01
201400013925;0;10;0;0;2;3;2;A01
201400013926;0;32;0;0;1;1;1;A01
201400013927;0;32;0;0;0;1;2;A01
201400013927;1;10;0;0;2;3;15;Z01
201400013928;0;7;0;0;2;1;1;A01
201400013928;0;7;0;0;2;7;1;B01
201400013929;0;7;0;0;2;2;22;B01
201400013929;0;34;0;0;2;1;18;A01
201400013930;0;7;0;0;2;1;2;A01
201400013930;0;7;0;0;2;4;23;B01
201400013930;0;33;0;0;2;4;2;C01
201400013930;0;33;0;0;2;4;2;D01
201400013930;0;7;0;0;2;5;2;E01
201400013931;0;7;0;0;2;7;15;A01
201400013931;0;30;0;0;2;1;2;B01
201400013932;0;7;0;0;2;7;15;A01
201400013932;0;7;0;0;2;1;1;B01
201400013933;0;7;0;2;2;1;0;A01
201400013933;0;33;0;0;2;1;3;B01
201400013934;0;33;0;0;2;1;2;A01
201400013934;0;7;0;0;9;6;2;B01
201400013935;0;7;0;0;2;1;9;A01
201400013935;0;31;0;0;2;7;1;B01
201400013936;0;33;0;0;2;1;18;A01
201400013936;0;7;0;0;2;3;1;B01
201400013937;0;7;0;0;0;7;1;A01
201400013938;0;33;0;0;0;1;1;A01
201400013939;0;7;0;0;2;4;23;B01
201400013939;0;7;0;0;2;4;23;C01
201400013939;0;7;0;0;2;4;23;D01
201400013939;1;10;0;0;2;1;23;Z01
201400013940;0;30;0;0;0;0;0;A01
201400013940;0;30;0;0;2;0;0;B01
201400013941;0;7;0;0;2;3;11;A01
201400013941;0;2;0;0;2;7;17;B01
201400013942;0;32;0;0;2;0;0;A01
201400013942;0;7;0;0;2;3;2;B01
201400013943;0;30;0;0;2;1;9;A01
201400013943;0;7;0;0;2;1;0;B01
201400013944;0;7;0;0;2;4;2;B01
201400013944;0;7;0;0;2;1;2;A01
201400013945;0;34;0;0;2;5;3;A01
201400013945;0;7;0;0;9;3;2;B01
201400013946;0;7;0;0;2;1;5;A01
201400013946;0;7;0;0;2;3;0;B01
201400013947;0;7;0;0;1;1;0;A01
201400013948;0;14;0;0;1;4;4;A01
201400013949;0;32;0;14;2;3;12;A01
201400013949;0;7;0;14;2;2;12;B01
201400013950;0;7;0;0;2;8;2;A01
201400013950;0;34;0;0;2;7;17;B01
201400013951;1;7;0;0;1;0;1;Z01
201400013952;0;7;0;0;2;6;0;A01
201400013952;0;32;0;0;2;2;0;B01
201400013953;0;7;0;0;2;1;15;A01
201400013953;0;32;0;0;2;7;17;B01
201400013954;0;7;0;0;0;3;1;B01
201400013954;0;7;0;0;0;2;15;A01
201400013955;0;32;0;0;1;1;1;A01
201400013956;0;30;0;0;2;7;21;A01
201400013956;1;7;0;0;2;0;20;Z01
201400013957;0;30;0;0;0;7;2;A01
201400013958;0;7;0;0;1;3;9;A01
201400013959;0;30;0;1;2;1;1;B01
201400013959;0;7;0;0;2;2;15;A01
201400013960;0;7;0;0;2;1;15;A01
201400013960;0;30;0;0;2;9;17;B01
201400013960;0;38;1;0;2;6;23;C01
201400013961;0;7;0;0;0;1;1;B01
201400013961;1;7;0;0;2;1;13;Z01
201400013962;1;7;0;0;1;0;0;Z01
201400013963;0;32;0;0;0;0;0;A01
201400013964;0;30;0;0;0;0;2;A01
201400013965;0;7;0;0;1;1;15;A01
201400013966;0;7;0;0;2;1;2;A01
201400013966;0;7;0;0;0;4;2;B01
201400013967;0;7;0;0;2;2;1;B01
201400013967;0;30;0;0;2;7;1;A01
201400013968;0;7;0;0;2;1;15;A01
201400013968;0;33;0;0;2;1;1;B01
201400013969;0;7;0;0;2;3;1;A01
201400013969;0;7;0;0;2;2;1;B01
201400013970;0;7;0;0;1;2;1;A01
201400013971;0;7;0;0;0;9;0;A01
201400013972;0;7;0;0;2;3;15;A01
201400013972;0;30;0;0;2;1;17;B01
201400013973;0;7;0;2;2;5;22;A01
201400013973;0;7;0;0;2;1;2;B01
201400013974;0;7;0;0;1;0;0;A01
201400013975;0;7;0;0;1;1;1;A01
201400013976;0;10;0;0;2;1;2;A01
201400013976;0;7;0;0;2;4;2;B01
201400013977;0;7;0;0;2;1;0;B01
201400013977;0;7;0;0;2;1;0;A01
201400013978;0;7;0;0;2;1;15;A01
201400013978;0;7;0;0;2;4;1;B01
201400013979;0;2;0;0;0;0;0;A01
201400013979;1;99;0;0;0;0;0;Z01
201400013980;0;7;0;0;2;1;9;A01
201400013980;0;7;0;0;2;7;1;B01
201400013981;0;7;0;0;2;3;9;A01
201400013981;0;33;0;0;0;1;1;B01
201400013982;0;7;0;0;2;3;2;B01
201400013982;0;2;0;0;2;7;2;A01
201400013983;0;7;0;0;1;1;15;A01
201400013984;0;7;0;1;2;3;1;A01
201400013984;0;7;0;0;2;6;15;B01
201400013985;0;7;0;0;1;1;16;A01
201400013986;0;7;0;0;2;1;1;B01
201400013986;0;7;0;0;2;2;20;A01
201400013987;0;7;0;0;2;2;6;A01
201400013987;0;32;0;0;2;1;1;B01
201400013988;0;7;0;0;2;8;15;A01
201400013988;0;30;0;0;2;0;2;B01
201400013989;0;34;0;0;1;5;0;A01
201400013990;0;7;0;0;2;5;16;A01
201400013990;0;30;0;0;2;1;1;B01