num_acc;senc;catv;occutc;obs;obsm;choc;manv;num_veh
201400013991;0;30;0;0;0;8;1;A01
201400013992;0;30;0;0;1;8;17;A01
201400013993;0;7;0;0;2;0;15;A01
201400013993;0;30;0;1;2;1;21;B01
201400013994;1;7;0;0;1;0;1;Z01
201400013995;0;7;0;0;0;4;0;A01
201400013995;0;7;0;0;0;0;0;B01
201400013996;0;7;0;0;2;4;0;A01
201400013996;0;32;0;0;2;1;1;B01
201400013997;0;33;0;0;2;1;1;B01
201400013997;0;7;0;0;2;6;15;A01
201400013998;0;33;0;0;2;1;1;A01
201400013998;0;7;0;0;2;6;1;B01
201400013999;0;7;0;0;2;1;2;A01
201400013999;0;7;0;0;2;4;2;B01
201400014000;0;7;0;0;2;7;15;A01
201400014000;0;7;0;0;2;1;1;B01
201400014000;0;7;0;0;2;3;23;C01
201400014001;0;7;0;0;2;1;1;A01
201400014001;0;7;0;0;2;2;15;B01
201400014002;0;7;0;0;2;3;9;A01
201400014002;0;7;0;0;2;3;1;B01
201400014003;0;7;0;0;2;1;2;A01
201400014003;0;7;0;0;2;4;2;B01
201400014004;0;34;0;0;2;1;1;A01
201400014004;0;7;0;0;2;3;10;B01
201400014005;0;7;0;0;2;3;2;A01
201400014005;0;34;0;0;2;1;2;B01
201400014006;0;7;0;0;2;1;5;A01
201400014006;0;30;0;0;2;1;6;B01
201400014007;0;7;0;15;0;1;1;A01
201400014008;0;7;0;0;1;1;1;A01
201400014009;0;7;0;0;2;5;1;B01
201400014009;0;7;0;0;2;2;15;A01
201400014010;0;7;0;1;0;1;1;A01
201400014011;0;7;0;0;0;9;0;A01
201400014012;0;7;0;0;1;2;2;A01
201400014013;0;10;0;0;2;1;2;A01
201400014013;0;7;0;0;2;4;23;B01
201400014014;0;2;0;0;2;1;13;A01
201400014014;0;7;0;0;2;1;1;B01
201400014015;0;7;0;0;2;7;0;B01
201400014015;0;7;0;0;2;1;15;A01
201400014016;0;2;0;0;2;0;14;A01
201400014016;0;7;0;0;9;3;1;B01
201400014017;0;30;0;0;2;0;14;A01
201400014017;0;7;0;0;9;3;1;B01
201400014018;0;7;0;0;2;2;0;A01
201400014018;0;32;0;0;2;1;2;B01
201400014019;0;7;0;0;2;3;1;B01
201400014019;0;33;0;0;1;1;1;A01
201400014020;0;7;0;0;2;1;13;A01
201400014020;0;7;0;0;0;0;13;B01
201400014020;0;30;0;0;2;1;1;C01
201400014021;0;30;0;0;0;0;1;A01
201400014022;0;32;0;0;2;1;9;A01
201400014022;0;7;0;0;2;3;0;B01
201400014023;0;7;0;2;0;3;0;A01
201400014024;0;38;3;0;2;7;2;A01
201400014024;0;38;2;0;2;4;24;C01
201400014025;0;7;0;0;2;1;1;A01
201400014025;0;7;0;0;2;2;1;B01
201400014026;1;7;0;0;1;3;1;Z01
201400014027;0;7;0;0;2;3;10;A01
201400014027;0;7;0;0;2;5;9;B01
201400014028;1;32;0;0;1;1;1;Z01
201400014029;0;3;0;0;2;2;2;A01
201400014029;0;10;0;0;2;6;2;B01
201400014030;0;10;0;0;2;4;4;A01
201400014030;0;7;0;0;2;1;23;B01
201400014031;0;7;0;0;2;7;10;A01
201400014031;0;34;0;0;2;1;1;B01
201400014032;2;7;0;0;2;1;1;A01
201400014032;0;7;0;0;2;8;1;B01
201400014033;0;7;0;0;2;1;1;B01
201400014033;1;7;0;0;2;1;1;Z01
201400014034;0;7;0;13;0;1;1;A01
201400014035;0;7;0;0;2;3;20;A01
201400014035;0;32;0;0;2;1;1;B01
201400014036;0;37;1;1;1;7;0;A01
201400014037;0;7;0;0;2;2;12;A01
201400014037;0;33;0;0;2;8;1;B01
201400014038;0;32;0;0;2;0;2;A01
201400014038;0;7;0;0;2;3;15;B01
201400014039;0;7;0;0;0;0;9;A01
201400014039;0;33;0;0;0;0;21;B01
201400014040;0;34;0;0;2;2;2;A01
201400014040;0;10;0;0;2;7;16;B01
201400014041;0;7;0;4;2;8;9;A01
201400014041;0;7;0;0;2;7;2;B01
201400014042;0;7;0;0;2;7;11;A01
201400014042;0;7;0;8;2;1;2;B01
201400014043;1;30;0;0;1;0;0;Z01
201400014044;0;2;0;0;2;1;0;A01
201400014044;0;1;0;0;2;4;19;B01
201400014045;0;7;0;6;0;3;14;A01
201400014046;0;10;0;0;2;2;9;A01
201400014046;0;32;0;0;2;8;2;B01
201400014047;0;7;0;0;2;3;1;B01
201400014047;0;7;0;0;2;2;1;A01
201400014048;0;7;0;8;0;2;0;A01
201400014049;0;7;0;0;2;5;10;A01
201400014049;0;31;0;0;2;8;21;B01
201400014050;0;7;0;0;2;7;15;A01
201400014050;0;30;0;0;0;1;1;B01
201400014051;0;7;0;0;2;4;1;B01
201400014051;1;7;0;0;2;1;1;Z01
201400014052;1;7;0;0;0;0;1;Z01
201400014052;0;1;0;0;2;8;1;B01
201400014053;0;7;0;0;1;1;1;A01
201400014054;0;7;0;0;9;8;15;B01
201400014054;0;1;0;0;2;1;17;A01
201400014055;0;10;0;0;1;1;1;A01
201400014056;1;7;0;0;1;0;1;Z01
201400014057;1;30;0;0;1;0;0;Z01
201400014058;0;30;0;0;1;1;1;A01
201400014059;0;7;0;0;2;3;13;A01
201400014059;0;7;0;0;2;3;0;B01
201400014060;0;32;0;8;0;1;1;A01
201400014061;0;7;0;0;2;3;15;B01
201400014061;0;30;0;0;2;2;17;A01
201400014062;0;7;0;0;1;1;1;A01
201400014063;0;7;0;0;2;1;1;A01
201400014063;0;7;0;0;2;4;1;B01
201400014064;0;30;0;0;2;1;1;B01
201400014064;1;7;0;0;2;0;1;Z01
201400014065;0;32;0;0;0;0;16;A01
201400014066;0;30;0;0;2;4;2;B01
201400014066;0;7;0;0;2;1;2;A01
201400014067;0;7;0;0;2;2;0;A01
201400014067;0;32;0;0;2;1;1;B01
201400014068;1;7;0;0;2;8;15;Z01
201400014068;0;7;0;0;2;9;5;A01
201400014068;0;7;0;0;2;8;1;B01
201400014069;0;7;0;0;2;1;23;B01
201400014069;1;7;0;0;0;4;4;Z01
201400014070;0;1;0;0;2;4;1;A01
201400014070;1;7;0;0;2;1;15;Z01
201400014071;0;7;0;0;2;7;1;A01
201400014071;0;7;0;0;2;3;1;B01
201400014072;0;7;0;0;1;1;1;A01
201400014073;0;7;0;0;1;5;1;A01
201400014074;0;10;0;0;2;3;16;A01
201400014074;0;7;0;0;2;5;16;B01
201400014075;0;7;0;0;2;4;1;A01
201400014075;1;33;0;0;0;0;0;Z01
201400014076;0;7;0;0;1;1;1;A01
201400014077;0;30;0;0;2;1;1;A01
201400014077;0;7;0;0;0;0;16;B01
201400014078;0;7;0;0;2;3;9;A01
201400014078;0;33;0;0;2;5;1;B01
201400014079;0;7;0;0;2;2;9;A01
201400014079;0;30;0;0;2;7;5;B01
201400014080;1;7;0;0;1;1;1;Z01
201400014081;1;7;0;0;2;2;2;Z01
201400014081;0;7;0;0;2;6;2;B01
201400014082;0;7;0;0;0;1;0;A01
201400014083;0;7;0;13;0;1;1;A01
201400014084;0;7;0;0;2;8;10;A01
201400014084;0;3;0;0;2;2;1;B01
201400014085;0;7;0;0;1;3;6;A01
201400014086;0;7;0;0;2;1;1;A01
201400014086;0;7;0;0;2;2;1;B01
201400014087;1;7;0;0;1;0;1;Z01
201400014088;0;7;0;0;2;0;10;A01
201400014088;0;33;0;0;2;0;2;B01
201400014089;2;7;0;0;2;1;2;A01
201400014089;0;7;0;0;2;4;23;B01
201400014089;0;7;0;0;2;4;23;C01
201400014090;0;32;0;0;2;1;1;A01
201400014090;0;7;0;0;2;2;12;B01
201400014091;0;32;0;0;2;7;1;B01
201400014091;0;7;0;0;2;3;9;A01
201400014092;0;30;0;0;2;3;1;A01
201400014092;1;7;0;0;0;0;0;Z01
201400014093;1;7;0;0;2;0;0;Z01
201400014093;0;7;0;0;2;4;2;A01
201400014094;0;34;0;0;2;1;1;B01
201400014094;0;7;0;0;2;5;15;A01
201400014095;0;33;0;0;2;1;17;A01
201400014095;0;7;0;0;2;8;13;B01
201400014096;0;2;0;0;2;1;17;A01
201400014096;0;7;0;0;2;3;15;B01
201400014097;0;7;0;0;1;1;1;A01
201400014098;0;7;0;0;2;1;2;A01
201400014098;0;7;0;0;2;5;16;B01
201400014099;0;7;0;0;2;6;2;B01
201400014099;1;7;0;0;2;1;2;Z01
201400014100;0;7;0;0;2;1;2;A01
201400014100;0;7;0;0;0;4;2;B01
201400014101;1;7;0;0;1;0;1;Z01
201400014102;0;7;0;0;1;1;0;A01
201400014103;0;7;0;0;2;8;15;A01
201400014103;0;33;0;0;2;1;2;B01
201400014104;1;7;0;0;2;7;12;Z01
201400014104;0;33;0;0;2;8;1;B01
201400014105;0;7;0;0;2;3;9;A01
201400014105;0;34;0;0;2;1;1;B01
201400014106;0;30;0;0;2;2;6;A01
201400014106;0;7;0;0;2;3;2;B01
201400014107;0;7;0;0;2;4;4;A01
201400014107;0;7;0;0;2;1;1;B01
201400014108;0;7;0;0;2;8;10;A01
201400014108;0;7;0;1;2;3;13;B01
201400014108;0;7;0;0;2;3;1;C01
201400014109;0;31;0;0;2;1;1;B01
201400014109;0;7;0;0;2;7;1;A01
201400014110;0;37;1;0;2;2;19;B01
201400014110;0;7;0;0;2;1;1;A01
201400014111;0;32;0;0;2;1;0;A01
201400014111;0;7;0;0;2;1;23;B01
201400014112;0;7;0;0;2;2;19;A01
201400014112;0;32;0;0;2;8;1;B01
201400014113;0;7;0;0;2;1;2;A01
201400014113;0;7;0;0;2;8;2;B01
201400014113;0;7;0;0;2;4;2;C01
201400014114;0;34;0;0;2;3;0;A01
201400014114;0;7;0;0;2;3;0;B01
201400014115;1;30;0;0;1;0;0;Z01
201400014116;0;7;0;0;0;1;1;B01
201400014116;0;7;0;0;0;7;9;A01
201400014117;0;37;44;1;0;2;2;A01
201400014117;0;10;0;0;0;4;23;B01
201400014118;0;10;0;0;2;1;2;A01
201400014118;0;7;0;0;2;4;2;B01
201400014119;0;31;0;0;2;1;1;A01
201400014119;0;7;0;0;2;3;2;B01
201400014120;0;7;0;0;2;3;1;B01
201400014120;1;7;0;0;2;0;0;Z01
201400014121;1;7;0;0;0;0;9;Z01
201400014121;0;32;0;0;2;0;1;B01
201400014122;0;7;0;0;2;7;2;A01
201400014122;0;7;0;0;2;3;2;B01
201400014123;0;7;0;14;0;8;2;A01
201400014123;0;7;0;0;0;6;2;B01
201400014124;0;7;0;0;2;7;24;B01
201400014124;0;7;0;0;2;1;21;A01
201400014125;0;7;0;0;2;8;17;A01
201400014125;0;33;0;0;2;1;1;B01
201400014126;0;7;0;0;2;6;12;B01
201400014126;0;7;0;0;2;2;2;A01
201400014127;0;7;0;0;2;4;4;A01
201400014127;0;37;2;0;2;3;1;B01
201400014128;0;33;0;0;2;1;2;A01
201400014128;0;7;0;0;2;5;1;B01
201400014129;0;7;0;0;2;4;3;A01
201400014129;0;16;0;0;2;2;2;B01
201400014129;0;7;0;0;2;6;2;C01
201400014130;0;7;0;0;2;1;2;A01
201400014130;0;32;0;0;2;4;2;B01
201400014131;0;7;0;0;2;1;2;A01
201400014131;0;7;0;0;2;4;23;B01
201400014132;0;10;0;0;2;5;22;A01
201400014132;0;7;0;0;2;3;2;B01
201400014133;0;7;0;0;1;1;2;A01
201400014134;0;34;0;0;2;1;0;B01
201400014134;0;7;0;0;2;3;0;A01
201400014135;0;10;0;0;2;4;23;B01
201400014135;1;7;0;0;2;1;2;Z01
201400014136;0;7;0;0;2;3;1;B01
201400014136;1;7;0;0;2;1;5;Z01
201400014137;0;7;0;0;2;1;13;A01
201400014137;0;7;0;0;2;3;1;B01
201400014138;0;7;0;0;2;4;16;B01
201400014138;0;32;0;0;2;1;1;A01
201400014139;1;7;0;0;2;1;0;Z01
201400014139;0;7;0;0;2;4;1;A01
201400014140;0;31;0;0;2;7;2;B01
201400014140;0;7;0;0;2;8;9;A01
201400014141;0;7;0;0;2;3;1;A01
201400014141;0;7;0;0;2;2;1;B01
201400014142;0;31;0;0;1;1;1;A01
201400014143;1;13;0;0;1;1;0;Z01
201400014144;0;32;0;0;1;1;1;A01
201400014145;0;7;0;0;2;3;10;A01
201400014145;0;32;0;0;2;1;17;B01
201400014146;0;1;0;0;2;8;2;A01
201400014146;0;99;0;0;2;7;2;B01
201400014147;0;10;0;0;2;3;15;A01
201400014147;0;30;0;0;2;1;1;B01
201400014148;0;34;0;0;2;1;1;B01
201400014148;0;7;0;0;2;8;9;A01
201400014149;0;7;0;0;2;5;1;A01
201400014149;1;7;0;0;2;1;1;Z01
201400014150;0;7;0;0;2;7;16;B01
201400014150;0;33;0;0;2;3;1;A01
201400014151;0;7;0;0;2;8;15;A01
201400014151;0;31;0;0;2;0;2;B01
201400014152;0;34;0;0;0;0;1;A01
201400014153;0;7;0;0;2;2;0;B01
201400014153;0;2;0;0;2;6;0;A01
201400014154;0;30;0;0;2;6;15;B01
201400014154;0;7;0;0;2;8;15;A01
201400014155;0;7;0;0;2;3;1;A01
201400014155;0;1;0;0;2;0;0;B01
201400014156;0;7;0;0;2;0;24;A01
201400014156;1;7;0;0;2;7;1;Z01
201400014157;0;7;0;0;2;7;9;A01
201400014157;0;31;0;0;2;7;17;B01
201400014158;0;7;0;0;2;1;2;A01
201400014158;0;7;0;0;2;4;2;B01
201400014159;0;7;0;0;2;1;9;A01
201400014159;0;31;0;0;2;2;1;B01
201400014160;0;7;0;0;2;1;2;A01
201400014160;0;7;0;0;2;4;2;B01
201400014160;0;7;0;0;2;1;2;C01
201400014161;0;34;0;0;0;1;1;A01
201400014162;0;7;0;0;2;3;16;A01
201400014162;0;33;0;0;2;1;1;B01
201400014163;0;33;0;0;2;1;5;A01
201400014163;0;7;0;0;2;3;9;B01
201400014164;0;7;0;0;2;1;2;A01
201400014164;0;2;0;0;2;4;2;B01
201400014165;0;7;0;0;9;1;16;A01
201400014166;0;7;0;0;2;5;5;A01
201400014166;0;7;0;0;2;2;1;B01
201400014167;0;7;0;0;2;1;2;A01
201400014167;0;7;0;0;2;4;2;B01
201400014168;0;30;0;0;2;1;1;A01
201400014168;0;7;0;0;2;3;15;B01
201400014169;0;32;0;0;2;1;17;A01
201400014169;0;7;0;0;2;3;0;B01
201400014170;0;7;0;0;2;1;9;A01
201400014170;0;32;0;0;2;1;0;B01
201400014171;0;33;0;0;2;1;17;A01
201400014171;0;7;0;0;2;2;1;B01
201400014172;0;7;0;0;2;3;9;B01
201400014172;0;7;0;0;2;3;21;A01
201400014173;0;7;0;0;2;1;1;A01
201400014173;0;7;0;0;2;8;1;B01
201400014174;0;7;0;0;2;5;1;B01
201400014174;0;2;0;0;2;1;2;A01
201400014175;0;7;0;0;2;3;1;B01
201400014175;0;7;0;0;2;1;1;A01
201400014176;0;7;0;0;0;1;0;A01
201400014177;0;7;0;0;2;3;1;A01
201400014177;0;33;0;0;2;1;1;B01
201400014178;0;33;0;0;2;1;2;A01
201400014178;0;7;0;0;2;4;1;B01
201400014179;0;7;0;0;2;2;1;B01
201400014179;1;7;0;0;2;0;1;Z01
201400014180;0;33;0;0;2;5;1;A01
201400014180;0;7;0;0;2;3;1;B01
201400014181;0;7;0;0;2;1;1;A01
201400014181;0;7;0;0;2;4;1;B01
201400014182;0;7;0;0;2;8;15;B01
201400014182;0;7;0;0;2;3;1;A01
201400014183;0;10;0;0;0;0;17;A01
201400014183;0;32;0;0;0;0;17;B01
201400014184;0;7;0;0;2;1;0;A01
201400014184;0;7;0;0;2;4;1;B01
201400014185;0;33;0;0;2;1;2;B01
201400014185;1;7;0;0;0;4;2;Z01
201400014186;0;7;0;0;2;7;1;B01
201400014186;0;7;0;0;2;0;5;A01
201400014187;0;7;0;0;2;3;1;A01
201400014187;0;7;0;0;2;2;1;B01
201400014188;0;34;0;0;6;7;1;A01
201400014189;1;7;0;0;2;3;15;Z01
201400014189;0;2;0;0;2;1;1;B01
201400014190;0;7;0;0;2;1;2;A01
201400014190;0;7;0;0;2;4;1;B01
201400014191;0;34;0;0;2;1;1;A01
201400014191;0;7;0;0;2;6;23;B01
201400014192;0;7;0;0;2;1;15;A01
201400014192;0;33;0;0;2;8;17;B01
201400014193;0;7;0;0;1;4;4;A01
201400014194;0;7;0;0;1;1;1;A01
201400014195;0;33;0;0;1;4;4;A01
201400014196;0;7;0;0;2;8;22;A01
201400014196;0;30;0;0;2;7;1;B01
201400014197;0;7;0;0;2;1;15;A01
201400014197;0;34;0;0;2;1;1;B01
201400014198;0;7;0;0;2;3;9;A01
201400014198;0;2;0;0;2;1;1;B01
201400014199;0;7;0;0;2;7;2;B01
201400014199;0;34;0;0;2;8;2;A01
201400014200;0;30;0;0;2;1;2;A01
201400014200;0;32;0;0;2;6;2;B01
201400014201;1;7;0;0;1;1;0;Z01
201400014202;0;7;0;0;2;4;0;B01
201400014202;0;7;0;0;1;1;1;A01
201400014203;0;7;0;0;2;1;15;A01
201400014203;0;7;0;0;2;3;1;B01
201400014204;0;7;0;0;2;1;2;A01
201400014204;0;7;0;0;2;5;1;B01
201400014205;0;7;0;0;2;3;15;B01
201400014205;0;33;0;0;2;5;17;A01
201400014206;1;7;0;0;0;0;0;Z01
201400014206;0;7;0;2;2;3;0;A01
201400014207;0;7;0;0;2;3;9;A01
201400014207;0;7;0;0;2;2;0;B01
201400014208;0;7;0;0;2;1;2;A01
201400014208;0;10;0;0;2;4;2;B01
201400014209;0;33;0;0;0;7;0;A01
201400014210;0;30;0;0;2;1;1;B01
201400014210;0;7;0;0;1;7;16;A01
201400014211;0;7;0;0;2;9;17;A01
201400014211;0;7;0;0;2;1;1;B01
201400014212;0;7;0;0;2;1;9;A01
201400014212;0;30;0;0;2;9;1;B01
201400014213;0;7;0;0;2;5;16;A01
201400014213;0;33;0;0;2;3;16;B01
201400014214;0;30;0;0;2;1;1;A01
201400014214;0;7;0;0;2;2;1;B01
201400014215;0;7;0;0;2;1;2;A01
201400014215;0;7;0;0;2;4;2;C01
201400014215;0;7;0;0;2;4;2;B01
201400014216;0;7;0;0;1;4;4;A01
201400014217;0;7;0;0;2;5;1;B01
201400014217;0;30;0;0;2;1;1;A01
201400014218;0;33;0;10;0;1;0;A01
201400014219;0;2;0;14;0;3;18;A01
201400014219;0;10;0;0;0;5;23;B01
201400014220;0;33;0;1;0;2;1;A01
201400014221;0;32;0;0;2;5;23;A01
201400014221;1;7;0;0;2;4;0;Z01
201400014222;0;7;0;0;2;7;9;A01
201400014222;0;7;0;0;2;2;1;B01
201400014223;0;7;0;0;2;3;17;A01
201400014223;0;34;0;0;2;7;17;B01
201400014224;0;7;0;0;2;1;2;A01
201400014224;0;7;0;0;2;4;2;B01
201400014225;0;33;0;0;2;3;1;B01
201400014225;0;7;0;0;2;6;15;A01
201400014226;1;7;0;0;2;1;2;Z01
201400014226;0;7;0;0;2;4;2;A01
201400014227;0;10;0;0;2;8;15;A01
201400014227;0;1;0;0;2;1;1;B01
201400014228;0;7;0;0;2;3;9;A01
201400014228;1;7;0;0;2;2;1;Z01
201400014229;0;33;0;0;2;1;2;B01
201400014229;1;7;0;0;2;4;4;Z01
201400014230;1;99;0;0;2;2;0;Z01
201400014230;0;34;0;0;2;1;0;B01
201400014231;0;7;0;0;1;2;1;A01
201400014232;0;7;0;0;2;1;2;A01
201400014232;0;7;0;0;2;4;2;B01
201400014233;0;7;0;0;1;2;0;A01
201400014234;0;34;0;0;2;7;0;A01
201400014234;0;7;0;0;2;1;1;B01
201400014235;0;7;0;0;2;0;1;A01
201400014235;0;7;0;0;2;7;1;B01
201400014236;0;7;0;0;2;1;2;A01
201400014236;0;7;0;0;2;4;2;B01
201400014237;0;31;0;0;2;0;17;A01
201400014237;0;7;0;0;2;0;1;C01
201400014237;0;7;0;0;2;8;1;B01
201400014238;0;7;0;0;2;1;1;B01
201400014238;0;7;0;0;2;3;16;A01
201400014239;1;7;0;0;1;3;1;Z01
201400014240;0;7;0;0;2;1;2;A01
201400014240;0;7;0;0;2;4;2;B01
201400014240;0;7;0;0;2;4;2;C01
201400014241;0;34;0;0;2;1;1;B01
201400014241;0;7;0;0;2;1;9;A01
201400014242;0;7;0;0;4;6;1;B01
201400014242;0;7;0;0;2;1;1;C01
201400014242;0;7;0;0;2;1;15;A01
201400014243;0;17;0;0;1;6;1;A01
201400014244;0;3;0;1;0;2;14;A01
201400014245;0;7;0;0;2;1;9;A01
201400014245;0;33;0;0;2;3;2;B01
201400014246;0;7;0;0;1;1;5;A01
201400014247;0;30;0;0;2;1;17;A01
201400014247;0;7;0;0;2;6;9;B01
201400014248;0;40;0;0;2;2;1;B01
201400014248;0;7;0;0;4;8;1;A01
201400014249;1;7;0;0;2;1;1;Z01
201400014249;0;7;0;0;2;4;1;B01
201400014249;0;7;0;0;2;4;1;A01
201400014250;0;1;0;0;2;7;17;B01
201400014250;0;7;0;0;2;8;17;A01
201400014251;0;7;0;0;2;5;16;B01
201400014251;0;2;0;0;2;1;7;A01
201400014252;0;7;0;0;1;7;15;A01
201400014253;0;7;0;0;2;3;15;A01
201400014253;0;31;0;0;2;1;1;B01
201400014254;0;7;0;0;2;1;2;A01
201400014254;0;7;0;0;2;4;1;B01
201400014255;0;33;0;0;2;1;2;A01
201400014255;0;30;0;0;2;4;2;B01
201400014256;0;7;0;0;1;4;4;A01
201400014257;0;30;0;0;2;1;1;B01
201400014257;0;7;0;0;2;1;15;A01
201400014258;0;7;0;0;2;1;1;A01
201400014258;0;7;0;0;2;1;1;B01
201400014259;0;7;0;0;0;9;1;A01
201400014260;0;7;0;0;2;5;1;A01
201400014260;0;32;0;0;2;1;1;B01
201400014261;0;7;0;0;2;8;0;B01
201400014261;0;7;0;0;2;7;0;A01
201400014262;0;7;0;0;2;5;2;B01
201400014262;0;7;0;0;2;1;2;A01
201400014263;0;7;0;0;2;3;5;A01
201400014263;0;7;0;0;2;6;0;B01
201400014263;0;7;0;0;2;7;5;C01
201400014264;0;7;0;0;2;5;1;B01
201400014264;0;7;0;1;2;5;2;C01
201400014264;0;7;0;0;2;2;2;A01
201400014265;0;33;0;0;2;1;1;B01
201400014265;0;7;0;0;2;7;15;A01
201400014266;0;2;0;0;2;3;12;A01
201400014266;0;32;0;0;2;3;13;B01
201400014267;0;13;0;0;2;6;1;B01
201400014267;0;7;0;0;2;0;13;A01
201400014268;0;2;0;0;0;0;0;A01
201400014269;1;7;0;0;1;0;0;Z01
201400014270;0;33;0;0;2;1;2;A01
201400014270;0;7;0;0;2;4;2;B01
201400014271;0;7;0;0;2;8;15;A01
201400014271;0;32;0;0;2;1;17;B01
201400014272;0;7;0;0;1;2;2;A01
201400014273;0;32;0;0;1;1;14;A01
201400014274;0;37;1;0;1;3;1;A01
201400014275;0;7;0;0;2;2;16;B01
201400014275;0;30;0;0;2;1;5;A01
201400014276;0;2;0;14;0;8;1;A01
201400014277;0;7;0;0;1;3;1;A01
201400014278;0;2;0;0;2;1;1;B01
201400014278;0;7;0;0;2;3;11;A01
201400014279;0;7;0;0;2;2;1;A01
201400014279;1;7;0;0;2;0;9;Z01
201400014280;0;10;0;1;0;3;0;A01
201400014280;0;7;0;0;2;6;0;B01
201400014281;0;7;0;0;2;2;15;A01
201400014281;1;7;0;0;2;4;0;Z01
201400014282;0;2;0;0;0;0;2;A01
201400014283;0;7;0;10;0;9;1;A01
201400014284;0;33;0;0;2;1;1;A01
201400014284;0;7;0;0;2;3;19;B01
201400014285;0;7;0;0;2;3;19;B01
201400014285;0;32;0;0;2;1;17;A01
201400014286;0;32;0;0;2;1;1;B01
201400014286;0;7;0;0;2;3;10;A01
201400014287;0;7;0;0;1;2;1;A01
201400014288;0;1;0;0;2;8;1;B01
201400014288;0;37;1;0;2;2;14;A01
201400014289;0;7;0;0;2;1;14;A01
201400014289;0;7;0;0;2;7;1;B01
201400014290;0;7;0;0;2;3;10;A01
201400014290;0;30;0;0;2;2;2;B01
201400014291;0;10;0;0;2;2;10;A01
201400014291;0;31;0;0;2;1;1;B01
201400014292;0;7;0;0;2;1;2;B01
201400014292;0;7;0;0;2;4;2;A01
201400014293;0;15;0;0;1;8;1;A01
201400014294;0;7;0;0;2;6;24;B01
201400014294;0;7;0;1;0;2;14;A01
201400014295;0;30;0;0;2;0;17;A01
201400014295;0;7;0;0;2;3;15;B01
201400014296;0;30;0;0;2;1;0;A01
201400014296;0;7;0;0;2;5;1;B01
201400014297;0;34;0;0;1;1;1;A01
201400014298;0;10;0;0;2;2;1;B01
201400014298;0;30;0;0;2;1;1;A01
201400014299;0;7;0;0;2;3;11;A01
201400014299;0;33;0;0;2;7;1;B01
201400014300;0;7;0;12;0;2;1;A01
201400014301;0;7;0;0;2;1;15;A01
201400014301;0;7;0;0;2;7;1;B01
201400014302;0;7;0;0;1;7;15;A01
201400014303;0;7;0;0;2;7;1;B01
201400014303;0;7;0;0;2;1;13;A01
201400014304;1;99;0;0;0;0;0;Z01
201400014304;0;32;0;0;2;3;0;A01
201400014305;0;7;0;0;2;1;17;A01
201400014305;0;7;0;0;2;8;1;B01
201400014306;0;30;0;0;1;2;1;A01
201400014307;0;30;0;0;2;1;1;B01
201400014307;0;7;0;0;2;3;15;A01
201400014308;0;34;0;0;2;7;1;B01
201400014308;0;7;0;0;2;3;9;A01
201400014309;0;17;0;0;2;4;2;B01
201400014309;0;10;0;0;2;2;2;A01
201400014310;0;37;2;0;2;1;1;B01
201400014310;0;7;0;0;2;3;13;A01
201400014311;0;7;0;0;2;3;9;A01
201400014311;0;34;0;0;2;2;1;B01
201400014312;0;32;0;15;0;1;1;A01
201400014313;0;7;0;0;2;6;4;A01
201400014313;0;7;0;0;2;3;1;B01
201400014314;0;7;0;0;1;2;14;A01
201400014315;1;7;0;0;0;0;0;Z01
201400014315;0;7;0;0;2;7;2;B01
201400014315;0;30;0;0;2;7;0;A01
201400014316;0;33;0;0;2;7;1;B01
201400014316;0;7;0;0;2;8;11;A01
201400014317;0;37;1;0;1;2;2;A01
201400014318;0;7;0;0;2;7;1;B01
201400014318;0;37;1;8;2;2;1;A01
201400014319;0;7;0;0;2;1;13;A01
201400014319;0;7;0;0;2;7;1;B01
201400014320;0;7;0;0;2;6;1;B01
201400014320;1;7;0;0;2;1;1;Z01
201400014321;0;33;0;0;2;7;2;B01
201400014321;0;7;0;0;2;3;9;A01
201400014322;0;7;0;0;1;3;1;A01
201400014323;0;7;0;0;2;8;23;C01
201400014323;0;1;0;0;2;1;0;B01
201400014323;0;34;0;0;2;2;0;A01
201400014324;0;7;0;0;2;8;1;B01
201400014324;0;7;0;0;2;3;1;D01
201400014324;0;7;0;0;2;3;23;C01
201400014324;0;7;0;0;2;1;9;A01
201400014325;0;7;0;11;0;1;0;A01
201400014326;0;33;0;2;0;8;0;A01
201400014327;0;10;0;0;2;7;2;A01
201400014327;0;32;0;0;2;4;18;B01
201400014328;0;7;0;0;2;2;2;A01
201400014328;1;7;0;0;2;1;0;Z01
201400014329;0;34;0;0;1;1;1;A01
201400014330;0;7;0;0;2;3;13;A01
201400014330;0;33;0;0;2;1;1;B01
201400014331;0;7;0;0;1;1;11;A01
201400014332;0;10;0;0;2;3;10;A01
201400014332;0;7;0;0;2;2;1;B01
201400014333;0;7;0;0;2;4;2;C01
201400014333;0;7;0;0;2;4;2;B01
201400014333;0;7;0;0;2;1;2;A01
201400014334;0;7;0;0;2;3;1;D01
201400014334;0;10;0;0;2;0;1;F02
201400014334;0;33;0;0;2;1;1;B01
201400014334;0;2;0;0;2;8;1;C01
201400014334;0;7;0;0;2;2;9;A01
201400014334;0;7;0;0;2;2;1;E01
201400014335;1;7;0;0;2;2;15;Z01
201400014335;0;32;0;0;2;1;1;A01
201400014336;0;7;0;0;2;8;10;A01
201400014336;0;34;0;0;2;1;1;B01
201400014337;0;34;0;0;2;7;1;B01
201400014337;2;7;0;0;2;2;0;Z01
201400014338;1;7;0;0;0;7;0;Z01
201400014338;0;7;0;0;2;1;1;B01