num_acc;senc;catv;occutc;obs;obsm;choc;manv;num_veh
201400014339;0;32;0;0;2;1;2;A01
201400014339;0;10;0;0;2;4;2;B01
201400014340;0;37;1;0;9;2;1;B01
201400014340;0;1;0;0;2;8;3;A01
201400014341;0;7;0;0;2;1;2;A01
201400014341;0;7;0;0;2;4;2;B01
201400014342;0;7;0;0;2;2;1;A01
201400014342;0;32;0;0;2;8;1;B01
201400014343;0;7;0;0;1;1;1;A01
201400014344;0;34;0;0;2;1;17;A01
201400014344;0;7;0;0;2;6;15;B01
201400014345;0;30;0;0;0;0;21;A01
201400014346;0;32;0;0;2;2;1;B01
201400014346;0;7;0;0;2;3;11;A01
201400014347;0;7;0;0;2;6;15;A01
201400014347;0;30;0;0;2;1;17;B01
201400014348;0;7;0;1;0;1;19;A01
201400014349;0;37;1;0;1;2;8;A01
201400014350;0;7;0;0;2;5;1;B01
201400014350;0;7;0;0;2;8;11;A01
201400014351;0;7;0;0;2;5;1;B01
201400014351;0;7;0;0;2;1;21;A01
201400014352;0;7;0;0;1;3;1;A01
201400014353;0;14;0;0;2;8;1;A01
201400014353;0;37;2;0;2;4;15;B01
201400014354;0;30;0;0;2;1;17;A01
201400014354;0;7;0;0;2;0;9;B01
201400014355;0;2;0;0;2;1;1;B01
201400014355;0;7;0;0;2;3;10;A01
201400014356;0;7;0;0;1;1;0;A01
201400014357;0;7;0;0;2;1;15;A01
201400014357;0;32;0;0;2;1;1;B01
201400014358;0;7;0;0;2;1;19;A01
201400014359;0;7;0;0;1;4;4;A01
201400014360;0;30;0;0;2;1;1;B01
201400014360;0;7;0;0;2;2;15;A01
201400014361;0;7;0;0;2;2;1;B01
201400014361;0;7;0;0;2;3;21;A01
201400014362;0;7;0;0;2;2;2;A01
201400014362;0;7;0;0;2;6;16;B01
201400014363;0;32;0;0;2;5;1;B01
201400014363;0;7;0;0;2;1;9;A01
201400014364;0;31;0;0;2;4;2;B01
201400014364;0;7;0;0;2;1;2;A01
201400014365;0;7;0;0;2;1;2;A01
201400014365;0;7;0;0;2;4;2;B01
201400014366;0;37;1;0;1;2;1;A01
201400014367;0;7;0;0;2;4;2;B01
201400014367;0;15;0;0;2;1;2;A01
201400014368;0;37;1;0;2;1;2;A01
201400014368;0;7;0;0;2;4;2;B01
201400014369;0;33;0;0;2;7;1;B01
201400014369;0;7;0;0;2;3;9;A01
201400014369;0;7;0;0;2;8;1;C01
201400014370;0;7;0;0;1;3;1;A01
201400014371;0;32;0;0;0;7;21;A01
201400014372;0;7;0;0;2;1;1;B01
201400014372;0;7;0;0;2;5;2;A01
201400014373;0;7;0;2;0;1;0;A01
201400014374;0;7;0;0;1;1;2;A01
201400014375;0;30;0;0;2;1;1;A01
201400014375;0;33;0;0;2;7;9;B01
201400014376;0;7;0;0;1;1;1;A01
201400014377;0;33;0;12;0;1;0;A01
201400014378;0;7;0;0;2;3;1;B01
201400014378;0;10;0;0;5;7;12;A01
201400014379;0;7;0;0;2;8;1;A01
201400014379;0;32;0;0;2;1;1;B01
201400014380;0;7;0;0;2;1;1;B01
201400014380;0;7;0;0;2;5;1;A01
201400014381;0;30;0;0;1;1;21;A01
201400014382;0;10;0;0;2;7;9;A01
201400014382;0;7;0;0;2;8;18;B01
201400014383;0;7;0;0;2;2;0;A01
201400014383;0;34;0;0;2;3;1;B01
201400014384;1;7;0;0;2;4;15;Z01
201400014384;0;7;0;0;2;1;2;A01
201400014384;0;7;0;0;2;4;2;B01
201400014385;0;33;0;0;0;0;1;A01
201400014386;0;7;0;0;1;0;1;A01
201400014387;0;7;0;1;0;8;9;A01
201400014387;0;7;0;0;0;1;1;B01
201400014388;0;7;0;0;2;5;23;B01
201400014388;0;30;0;0;2;1;1;A01
201400014389;0;2;0;0;2;1;0;A01
201400014389;0;1;0;0;2;0;0;B01
201400014390;0;34;0;8;0;9;0;A01
201400014390;0;7;0;0;0;0;0;B01
201400014391;1;32;0;0;1;0;0;Z01
201400014392;0;33;0;0;2;3;1;A01
201400014392;0;7;0;0;2;5;1;B01
201400014393;0;7;0;0;2;3;0;A01
201400014393;0;31;0;0;2;0;13;B01
201400014394;0;7;0;0;2;2;1;B01
201400014394;0;10;0;0;2;3;19;A01
201400014395;1;7;0;0;1;0;15;Z01
201400014396;0;7;0;0;2;8;0;A01
201400014396;1;7;0;0;2;2;0;Z01
201400014397;0;7;0;0;1;0;0;A01
201400014398;0;7;0;0;2;1;1;A01
201400014398;0;7;0;0;2;4;1;B01
201400014399;0;32;0;0;9;8;1;A01
201400014400;0;7;0;0;2;0;13;A01
201400014400;0;7;0;0;2;8;1;B01
201400014401;0;7;0;0;2;1;1;B01
201400014401;0;7;0;0;2;6;15;A01
201400014402;1;7;0;0;2;0;15;Z01
201400014402;0;31;0;0;2;1;1;B01
201400014403;0;30;0;2;2;1;17;A01
201400014403;0;7;0;0;2;3;15;B01
201400014404;0;7;0;0;2;2;12;A01
201400014404;0;7;0;0;2;6;23;B01
201400014405;0;7;0;0;2;1;16;A01
201400014405;0;33;0;0;2;1;16;B01
201400014406;0;7;0;0;2;2;1;B01
201400014406;0;7;0;0;2;8;1;A01
201400014407;0;7;0;0;2;7;1;C01
201400014407;0;33;0;0;2;7;17;A01
201400014407;0;7;0;0;2;8;24;B01
201400014408;0;32;0;0;2;1;1;B01
201400014408;0;7;0;0;2;3;9;A01
201400014409;0;7;0;0;2;5;1;B01
201400014409;0;7;0;0;2;3;1;A01
201400014410;0;33;0;0;1;7;14;A01
201400014411;0;7;0;0;2;6;22;A01
201400014411;0;30;0;0;2;1;17;B01
201400014412;0;33;0;0;2;1;1;B01
201400014412;0;30;0;0;2;1;0;A01
201400014413;0;7;0;0;2;4;23;A01
201400014413;1;7;0;0;2;1;1;Z01
201400014414;0;32;0;0;1;1;1;A01
201400014415;0;30;0;0;0;0;1;A01
201400014416;0;32;0;0;2;1;0;B01
201400014416;0;34;0;0;2;7;15;A01
201400014417;0;7;0;0;2;3;1;B01
201400014417;0;32;0;0;0;9;17;A01
201400014418;0;7;0;0;2;3;10;A01
201400014418;0;34;0;0;2;1;1;B01
201400014419;0;33;0;0;2;7;0;B01
201400014419;0;7;0;0;2;3;10;A01
201400014420;0;7;0;8;1;6;1;B01
201400014420;0;7;0;0;2;3;1;A01
201400014421;1;7;0;0;2;3;0;Z01
201400014421;0;99;0;0;2;1;1;B01
201400014422;0;7;0;0;2;3;15;B01
201400014422;0;33;0;0;2;3;15;A01
201400014423;0;30;0;0;2;1;2;A01
201400014423;0;10;0;0;2;4;15;B01
201400014424;0;7;0;0;1;1;1;A01
201400014425;0;10;0;0;2;3;10;A01
201400014425;0;32;0;0;2;1;2;B01
201400014426;0;7;0;0;2;7;1;A01
201400014426;0;7;0;0;2;3;15;B01
201400014427;0;7;0;0;2;1;5;A01
201400014427;0;31;0;0;2;1;1;B01
201400014428;0;7;0;0;1;1;1;A01
201400014429;0;7;0;0;2;3;15;B01
201400014429;0;32;0;0;2;1;2;A01
201400014430;0;34;0;0;0;0;0;A01
201400014431;0;1;0;0;2;0;1;A01
201400014431;0;7;0;0;2;2;16;B01
201400014432;0;7;0;0;1;1;1;A01
201400014433;0;7;0;0;1;2;1;A01
201400014434;0;7;0;0;2;1;1;A01
201400014434;0;7;0;0;2;4;1;B01
201400014435;0;7;0;0;2;4;2;B01
201400014435;0;7;0;0;2;1;2;A01
201400014436;0;7;0;0;1;1;1;A01
201400014437;0;2;0;0;2;1;17;A01
201400014437;0;7;0;0;2;3;11;B01
201400014438;0;2;0;0;2;8;0;A01
201400014438;1;7;0;0;2;1;0;Z01
201400014439;1;99;0;0;1;0;0;Z01
201400014440;0;30;0;0;0;0;0;A01
201400014441;0;7;0;0;2;1;1;B01
201400014441;0;33;0;0;2;1;13;A01
201400014442;0;31;0;0;1;1;14;A01
201400014443;0;33;0;0;0;1;0;A01
201400014444;1;7;0;0;2;1;19;Z01
201400014444;0;30;0;0;2;8;1;B01
201400014445;0;7;0;0;1;1;1;A01
201400014446;0;7;0;0;2;1;1;B01
201400014446;0;7;0;0;2;8;19;A01
201400014447;0;7;0;0;2;3;1;A01
201400014447;0;7;0;0;2;2;15;B01
201400014448;0;33;0;0;2;3;1;B01
201400014448;0;7;0;0;2;3;15;A01
201400014449;0;34;0;0;2;1;1;B01
201400014449;0;7;0;0;2;2;15;A01
201400014450;0;7;0;0;1;1;1;A01
201400014451;0;7;0;0;2;3;1;A01
201400014451;0;10;0;0;2;6;1;B01
201400014452;0;7;0;0;2;2;9;A01
201400014452;0;33;0;0;2;1;1;B01
201400014453;0;7;0;0;2;9;9;A01
201400014453;0;7;0;0;2;5;1;B01
201400014454;0;33;0;0;1;1;1;A01
201400014455;0;7;0;0;2;3;2;C01
201400014455;0;7;0;0;2;3;9;B01
201400014455;0;30;0;0;2;1;2;A01
201400014456;0;7;0;0;2;3;1;B01
201400014456;0;7;0;0;2;2;3;A01
201400014457;0;40;0;0;1;1;1;A01
201400014458;0;3;0;0;2;4;1;B01
201400014458;0;3;0;0;2;1;2;A01
201400014459;0;7;0;0;1;1;15;A01
201400014460;0;7;0;0;1;2;1;A01
201400014461;0;7;0;0;1;6;1;A01
201400014462;1;7;0;0;1;0;0;Z01
201400014463;0;7;0;0;1;1;1;A01
201400014464;0;33;0;0;2;1;1;B01
201400014464;0;7;0;0;2;4;9;A01
201400014465;0;31;0;0;9;3;17;A01
201400014466;0;7;0;0;2;4;2;B01
201400014466;0;30;0;0;2;1;2;A01
201400014467;0;34;0;0;2;7;17;A01
201400014467;0;7;0;0;2;8;1;B01
201400014468;0;30;0;0;2;1;2;A01
201400014468;0;7;0;0;2;4;2;B01
201400014469;0;30;0;0;2;1;1;A01
201400014469;0;7;0;0;2;4;1;B01
201400014470;0;30;0;0;2;0;0;B01
201400014471;0;30;0;0;2;1;1;B01
201400014471;0;7;0;0;2;1;13;A01
201400014472;0;30;0;0;2;7;1;B01
201400014472;0;7;0;0;2;3;15;A01
201400014473;0;34;0;0;2;1;5;A01
201400014473;0;33;0;0;2;1;1;B01
201400014474;0;7;0;0;2;1;2;A01
201400014474;0;7;0;0;2;4;2;B01
201400014475;0;7;0;0;2;3;15;B01
201400014475;0;30;0;0;2;1;1;A01
201400014476;0;7;0;0;2;6;15;B01
201400014476;0;30;0;0;2;1;17;A01
201400014477;0;1;0;1;0;3;1;A01
201400014478;0;7;0;0;2;8;9;A01
201400014478;0;30;0;0;2;1;1;B01
201400014479;1;7;0;0;1;0;1;Z01
201400014480;0;2;0;0;0;1;1;A01
201400014481;0;7;0;0;0;6;0;A01
201400014482;1;99;0;0;1;1;15;Z01
201400014483;1;7;0;0;2;1;1;Z01
201400014483;0;7;0;0;2;7;1;B01
201400014484;0;7;0;0;1;1;16;A01
201400014485;0;34;0;0;9;7;1;A01
201400014486;0;7;0;0;2;7;1;B01
201400014486;0;33;0;0;2;1;1;A01
201400014487;0;34;0;0;0;3;21;A01
201400014488;0;7;0;0;1;3;1;A01
201400014489;0;7;0;0;2;1;2;A01
201400014489;1;7;0;0;2;1;2;Z01
201400014489;0;7;0;0;2;4;2;B01
201400014490;0;7;0;0;2;1;1;B01
201400014490;0;7;0;0;2;7;15;A01
201400014491;0;7;0;0;2;1;1;A01
201400014491;0;33;0;1;2;1;1;B01
201400014492;0;33;0;0;2;1;1;B01
201400014492;0;7;0;0;2;8;15;A01
201400014493;0;30;0;0;2;1;1;B01
201400014493;0;30;0;0;2;7;1;A01
201400014494;0;30;0;0;2;1;2;A01
201400014494;0;30;0;0;2;4;2;B01
201400014495;0;7;0;0;2;1;2;A01
201400014495;0;7;0;0;2;4;2;B01
201400014496;0;33;0;1;0;1;0;A01
201400014497;1;30;0;0;1;1;1;Z01
201400014498;0;7;0;0;2;6;15;B01
201400014498;0;30;0;0;2;2;2;A01
201400014499;0;7;0;0;2;2;23;B01
201400014499;0;33;0;0;2;7;21;A01
201400014500;0;7;0;2;0;3;0;A01
201400014501;0;7;0;0;1;1;1;A01
201400014502;0;7;0;0;2;1;1;B01
201400014502;0;31;0;0;2;1;1;A01
201400014503;0;7;0;0;2;4;1;A01
201400014503;1;7;0;0;2;1;1;Z01
201400014504;0;32;0;0;2;1;1;B01
201400014504;0;7;0;0;2;3;15;A01
201400014505;0;7;0;0;2;4;1;B01
201400014505;0;10;0;0;2;1;1;A01
201400014506;0;17;0;0;2;4;4;A01
201400014506;0;7;0;0;2;8;1;B01
201400014507;0;34;0;0;1;1;13;A01
201400014508;0;32;0;0;2;1;0;B01
201400014508;0;7;0;0;2;0;0;A01
201400014509;0;7;0;0;2;4;1;B01
201400014509;0;30;0;0;2;1;1;A01
201400014510;1;3;0;0;1;0;0;Z01
201400014511;0;40;0;0;1;0;1;A01
201400014512;0;7;0;0;2;1;1;B01
201400014512;0;7;0;0;2;2;15;A01
201400014513;0;7;0;0;2;8;1;B01
201400014513;0;7;0;0;2;1;15;A01
201400014514;0;33;0;0;2;4;2;B01
201400014514;0;37;1;0;2;1;2;A01
201400014515;1;7;0;0;1;4;0;Z01
201400014516;0;7;0;0;2;1;1;A01
201400014516;0;7;0;0;2;1;1;B01
201400014517;0;32;0;0;2;3;1;A01
201400014517;0;1;0;0;2;4;19;B01
201400014518;0;32;0;0;2;2;2;B01
201400014518;0;7;0;0;2;3;15;A01
201400014519;0;32;0;0;2;3;2;A01
201400014519;0;7;0;0;2;6;1;B01
201400014520;0;33;0;0;0;9;1;A01
201400014521;0;30;0;0;2;1;15;B01
201400014521;0;7;0;0;2;2;9;A01
201400014522;0;32;0;0;2;2;1;A01
201400014522;1;7;0;0;2;3;15;Z01
201400014523;0;7;0;0;2;3;2;B01
201400014523;0;7;0;0;2;2;21;A01
201400014524;0;2;0;0;0;8;1;A01
201400014525;0;10;0;0;2;1;1;A01
201400014525;0;7;0;0;2;4;1;B01
201400014526;0;7;0;0;2;1;1;B01
201400014526;2;7;0;0;4;1;15;A01
201400014527;0;34;0;0;2;1;1;B01
201400014527;0;2;0;0;2;1;15;A01
201400014528;0;34;0;0;2;1;2;A01
201400014528;0;7;0;0;2;5;2;B01
201400014529;0;32;0;0;2;7;17;A01
201400014529;0;7;0;0;2;3;13;B01
201400014530;0;31;0;0;2;7;17;A01
201400014530;0;7;0;0;2;6;15;B01
201400014531;0;32;0;0;2;1;17;A01
201400014531;0;7;0;0;2;3;13;B01
201400014532;0;2;0;0;0;7;1;A01
201400014533;0;7;0;0;1;1;1;A01
201400014534;0;33;0;0;2;1;1;B01
201400014534;0;7;0;0;2;3;10;A01
201400014535;0;32;0;0;2;8;1;B01
201400014535;0;7;0;0;2;3;9;A01
201400014536;0;7;0;0;2;4;1;B01
201400014536;0;7;0;0;2;1;1;A01
201400014537;0;7;0;0;2;4;1;B01
201400014537;0;7;0;0;2;1;1;A01
201400014537;0;7;0;0;2;4;1;C01
201400014538;1;10;0;0;2;0;9;Z01
201400014538;0;32;0;0;2;7;1;B01
201400014539;0;7;0;0;1;1;16;A01
201400014540;0;2;0;0;1;1;1;A01
201400014541;0;7;0;0;2;8;9;A01
201400014541;0;7;0;0;2;1;1;B01
201400014542;0;7;0;0;1;6;1;A01
201400014543;1;7;0;0;2;0;1;Z01
201400014543;0;30;0;0;2;1;1;B01
201400014544;0;33;0;0;2;8;1;B01
201400014544;0;34;0;0;2;1;14;A01
201400014545;0;7;0;0;2;1;1;B01
201400014545;0;30;0;0;2;2;1;A01
201400014546;0;7;0;0;2;3;8;A01
201400014546;0;34;0;0;2;2;1;B01
201400014547;0;7;0;0;2;4;2;B01
201400014547;0;7;0;0;2;1;1;A01
201400014548;0;7;0;0;2;3;1;B01
201400014548;0;30;0;0;2;1;9;A01
201400014549;0;7;0;0;2;1;15;A01
201400014549;0;2;0;0;2;8;1;B01
201400014550;0;7;0;0;1;4;1;A01
201400014551;0;10;0;0;2;4;1;B01
201400014551;0;7;0;0;2;1;2;A01
201400014552;0;30;0;1;0;1;11;A01
201400014552;1;7;0;0;2;4;24;Z01
201400014553;0;7;0;0;2;3;1;A01
201400014553;0;7;0;0;2;2;1;B01
201400014554;0;34;0;0;2;7;0;B01
201400014554;0;34;0;0;2;1;0;A01
201400014555;0;7;0;0;2;3;9;B01
201400014555;0;7;0;0;2;1;9;A01
201400014556;0;7;0;0;1;3;1;A01
201400014557;1;7;0;0;2;0;1;Z01
201400014557;0;7;0;0;2;3;1;B01
201400014558;0;7;0;0;2;1;2;A01
201400014558;0;7;0;0;2;4;23;B01
201400014559;0;7;0;0;2;1;2;B01
201400014559;0;7;0;0;2;4;2;A01
201400014560;0;7;0;0;2;1;11;A01
201400014560;0;7;0;0;2;1;1;B01
201400014561;0;7;0;0;2;8;1;A01
201400014561;0;7;0;0;2;6;1;B01
201400014562;0;32;0;0;2;3;1;A01
201400014562;0;7;0;0;2;4;11;B01
201400014563;0;7;0;0;2;1;1;A01
201400014563;0;7;0;0;2;4;23;B01
201400014564;0;34;0;0;2;2;21;A01
201400014564;1;7;0;0;2;3;1;Z01
201400014565;0;32;0;12;0;1;0;A01
201400014566;1;7;0;0;2;0;1;Z01
201400014566;0;30;0;0;2;7;1;A01
201400014567;0;7;0;0;2;0;0;A01
201400014567;0;1;0;0;2;0;0;B01
201400014568;0;7;0;1;2;1;1;B01
201400014568;0;7;0;0;2;1;5;A01
201400014569;0;32;0;0;2;1;21;B01
201400014569;1;7;0;1;2;8;10;Z01
201400014570;0;7;0;0;2;1;1;B01
201400014570;0;7;0;0;2;1;15;A01
201400014571;0;7;0;0;1;3;1;A01
201400014572;0;7;0;0;2;1;1;B01
201400014572;0;7;0;0;2;1;5;A01
201400014573;0;10;0;0;2;1;1;A01
201400014573;0;37;12;0;2;2;1;B01
201400014574;0;7;0;0;2;1;2;A01
201400014574;0;7;0;0;2;4;1;B01
201400014575;0;7;0;0;2;2;1;B01
201400014575;0;32;0;0;2;3;9;A01
201400014576;0;7;0;0;2;1;1;A01
201400014576;0;7;0;0;2;2;1;B01
201400014577;0;30;0;0;2;1;1;A01
201400014577;0;7;0;0;2;4;1;B01
201400014578;0;7;0;0;2;4;2;B01
201400014578;0;7;0;0;2;5;2;C01
201400014578;0;7;0;0;2;1;2;A01
201400014578;0;7;0;0;2;4;2;D01
201400014579;0;7;0;0;2;3;24;B01
201400014579;0;7;0;1;0;2;2;A01
201400014580;0;7;0;8;0;1;15;A01
201400014581;1;7;0;0;1;0;0;Z01
201400014582;0;7;0;0;2;1;1;A01
201400014582;0;7;0;0;2;4;1;B01
201400014583;1;7;0;0;1;0;1;Z01
201400014584;0;7;0;0;2;2;1;B01
201400014584;0;7;0;0;2;2;20;A01
201400014585;2;7;0;6;0;1;0;A01
201400014586;0;2;0;12;0;0;14;A01
201400014587;0;34;0;0;2;0;15;B01
201400014587;0;30;0;0;2;3;21;A01
201400014588;0;7;0;0;2;5;19;B01
201400014588;0;7;0;0;2;1;2;A01
201400014589;1;7;0;0;1;0;0;Z01
201400014590;0;30;0;0;2;1;1;B01
201400014590;0;7;0;0;2;3;13;A01
201400014591;0;7;0;0;1;1;1;A01
201400014592;0;7;0;0;2;4;2;B01
201400014592;0;7;0;0;2;1;2;A01
201400014593;0;7;0;0;1;1;1;A01
201400014594;0;7;0;0;2;7;1;B01
201400014594;0;7;0;0;2;1;16;A01
201400014595;0;7;0;0;2;2;15;A01
201400014595;0;7;0;0;2;1;2;C01
201400014595;0;30;0;0;2;1;1;B01
201400014596;0;7;0;0;2;3;15;A01
201400014596;0;7;0;0;2;3;1;B01
201400014597;0;7;0;0;1;0;1;A01
201400014598;0;15;0;0;2;1;1;A01
201400014598;0;7;0;0;2;8;1;B01
201400014599;0;7;0;0;2;2;1;A01
201400014599;0;7;0;0;2;4;15;B01
201400014600;0;7;0;0;2;4;2;C01
201400014600;0;7;0;0;2;1;2;A01
201400014600;0;7;0;0;2;4;2;B01
201400014601;0;7;0;15;0;1;1;A01
201400014602;0;32;0;0;2;1;1;B01
201400014602;0;7;0;0;2;7;1;A01
201400014603;0;32;0;0;2;1;17;A01
201400014603;0;7;0;0;2;8;15;B01
201400014604;0;7;0;0;2;8;9;A01
201400014604;0;32;0;0;2;1;10;B01
201400014605;1;7;0;0;2;4;15;Z01
201400014605;0;2;0;0;2;1;0;A01
201400014606;0;30;0;0;2;7;2;B01
201400014606;0;7;0;0;2;3;2;A01
201400014607;0;1;0;0;2;1;1;A01
201400014607;0;7;0;0;2;8;22;B01
201400014608;0;33;0;0;2;3;2;A01
201400014608;0;10;0;0;2;7;15;B01
201400014609;0;7;0;0;2;7;15;B01
201400014609;0;34;0;0;2;0;1;A01
201400014610;0;7;0;13;0;8;13;A01
201400014611;0;7;0;0;1;1;1;A01
201400014612;0;7;0;0;1;2;1;A01
201400014613;0;31;0;0;2;2;1;A01
201400014614;0;33;0;4;0;2;0;A01
201400014615;0;7;0;0;2;1;2;A01
201400014615;0;37;1;0;2;4;2;B01
201400014616;0;32;0;0;9;2;1;A01
201400014617;0;32;0;0;2;8;9;A01
201400014617;0;32;0;0;2;0;1;B01
201400014618;0;34;0;0;9;8;1;A01
201400014619;0;7;0;0;2;3;23;C01
201400014619;0;7;0;0;2;3;1;B01
201400014619;0;7;0;0;2;2;9;A01
201400014620;0;32;0;0;2;4;1;B01
201400014620;1;7;0;0;2;1;1;Z01
201400014621;0;7;0;0;2;1;2;A01
201400014621;0;33;0;0;2;4;23;B01
201400014622;0;7;0;0;2;1;12;A01
201400014622;0;7;0;0;2;4;24;B01
201400014623;0;7;0;0;2;7;16;A01
201400014623;0;37;30;0;2;3;1;B01
201400014624;0;7;0;0;1;1;1;A01
201400014625;0;7;0;0;2;4;23;B01
201400014625;0;33;0;0;2;1;2;A01
201400014626;0;7;0;0;2;3;9;B01
201400014626;0;33;0;0;2;1;1;A01
201400014627;0;32;0;0;2;1;1;B01
201400014627;0;7;0;0;2;3;15;A01
201400014628;0;31;0;0;1;1;1;A01
201400014629;0;7;0;0;2;1;15;B01
201400014629;0;30;0;0;2;1;18;A01
201400014630;0;7;0;0;1;3;1;A01
201400014631;0;32;0;0;2;8;1;A01
201400014631;0;30;0;0;2;3;1;B01
201400014632;0;34;0;0;2;1;1;A01
201400014632;0;7;0;0;2;6;15;B01
201400014633;0;7;0;0;2;1;2;A01
201400014633;0;7;0;0;2;4;1;B01
201400014634;0;7;0;0;2;3;9;B01
201400014634;0;33;0;0;2;1;3;A01
201400014635;0;7;0;0;2;3;15;B01
201400014635;0;34;0;0;2;1;17;A01
201400014636;0;7;0;1;0;1;14;A01
201400014637;0;7;0;0;1;3;1;A01
201400014638;1;7;0;0;2;1;13;Z01
201400014638;0;2;0;0;2;1;21;A01
201400014639;0;32;0;0;2;7;17;B01
201400014639;0;7;0;0;2;1;15;A01
201400014640;0;7;0;0;2;1;1;A01
201400014640;0;7;0;0;2;4;1;B01
201400014641;0;7;0;0;1;1;1;A01
201400014642;0;7;0;0;2;3;1;B01
201400014642;0;2;0;0;2;1;1;A01
201400014643;0;37;10;0;1;2;7;A01
201400014644;0;7;0;8;2;3;1;B01
201400014644;0;7;0;0;2;1;1;A01
201400014645;0;10;0;0;2;2;1;A01
201400014645;0;7;0;0;2;3;14;B01
201400014646;0;33;0;0;2;8;2;A01
201400014646;0;7;0;0;2;2;2;B01
201400014647;0;7;0;0;1;1;15;A01
201400014648;1;7;0;0;1;7;0;Z01
201400014649;0;7;0;0;2;4;0;B01
201400014649;0;7;0;0;2;1;2;A01
201400014650;0;7;0;0;2;7;15;A01
201400014650;0;2;0;0;2;1;1;B01
201400014651;0;7;0;0;2;4;15;B01
201400014651;0;7;0;0;2;3;1;A01
201400014652;0;33;0;0;2;1;1;B01
201400014652;0;7;0;0;2;2;1;A01
201400014653;0;32;0;0;9;1;1;A01
201400014653;0;1;0;0;2;4;14;B01
201400014654;0;7;0;0;0;0;1;B01
201400014654;0;7;0;0;2;1;1;A01
201400014655;0;10;0;0;2;6;1;C01
201400014655;0;30;0;0;2;2;0;A01
201400014655;0;7;0;0;2;2;0;B01
201400014656;0;7;0;0;2;3;15;A01
201400014656;0;33;0;0;2;3;0;B01
201400014657;0;7;0;0;2;3;2;A01
201400014657;0;32;0;0;2;4;2;B01
201400014658;0;7;0;0;1;5;0;A01
201400014659;0;7;0;0;2;1;2;A01
201400014659;0;7;0;0;2;4;2;B01
201400014660;0;7;0;0;2;6;2;B01
201400014660;0;34;0;0;2;1;2;A01
201400014661;1;7;0;0;1;1;0;Z01
201400014662;0;10;0;0;2;2;2;B01
201400014662;0;7;0;0;2;3;9;A01
201400014663;0;7;0;0;2;1;2;A01
201400014663;0;7;0;0;2;0;2;B01
201400014664;0;2;0;0;2;6;2;A01
201400014664;0;7;0;0;2;6;2;B01
201400014665;0;2;0;1;0;7;1;A01
201400014666;0;2;0;0;2;1;1;A01
201400014666;0;1;0;0;2;4;15;B01
201400014667;0;32;0;0;2;7;1;A01
201400014667;0;7;0;0;2;3;1;B01
201400014668;0;7;0;0;2;1;1;B01
201400014668;0;7;0;0;2;4;1;A01
201400014669;0;7;0;0;2;1;1;A01
201400014669;0;7;0;0;2;1;1;B01
201400014670;0;7;0;13;0;1;1;A01
201400014671;0;7;0;0;2;6;15;B01
201400014671;0;34;0;0;2;1;1;A01
201400014672;0;2;0;2;0;1;0;A01
201400014673;0;32;0;0;2;1;1;B01
201400014673;0;7;0;0;2;0;9;A01
201400014674;0;7;0;0;2;3;15;A01
201400014674;0;30;0;0;2;1;1;B01
201400014675;0;32;0;1;2;3;0;A01
201400014675;0;7;0;15;2;3;9;B01
201400014676;0;30;0;0;1;1;1;A01
201400014677;1;7;0;0;2;2;0;Z01
201400014677;0;2;0;0;2;6;1;A01
201400014678;0;32;0;0;2;1;1;B01
201400014678;0;7;0;0;2;1;1;A01
201400014679;0;7;0;0;2;4;2;B01
201400014679;0;2;0;0;2;1;2;A01
201400014680;0;32;0;0;2;1;2;A01
201400014680;0;7;0;0;2;6;15;B01
201400014681;0;7;0;0;2;6;1;B01
201400014681;0;30;0;0;2;1;17;A01
201400014682;0;7;0;0;2;8;0;A01
201400014682;0;7;0;0;2;8;1;B01
201400014683;0;33;0;0;2;4;17;B01
201400014683;0;7;0;0;2;3;15;A01
201400014684;0;7;0;0;1;1;1;A01
201400014685;0;33;0;0;2;1;1;B01
201400014685;0;7;0;0;2;2;15;A01
201400014686;0;10;0;0;1;2;4;A01
201400014687;0;7;0;0;2;1;1;B01
201400014687;0;7;0;0;2;7;19;A01
201400014688;0;7;0;0;1;4;4;A01
201400014689;0;7;0;0;2;1;1;A01
201400014689;0;7;0;0;2;8;1;B01
201400014690;0;7;0;0;2;1;2;A01
201400014690;0;7;0;0;2;4;2;C01
201400014690;0;32;0;0;2;4;2;B01
201400014691;0;7;0;0;2;2;20;A01
201400014691;0;32;0;0;2;7;1;B01
201400014692;0;34;0;0;1;3;0;A01
201400014693;0;7;0;0;2;1;2;A01
201400014693;0;7;0;0;2;6;24;B01
201400014694;0;30;0;0;2;8;2;A01
201400014694;0;7;0;0;2;7;2;B01
201400014695;1;7;0;0;1;1;0;Z01
201400014696;0;33;0;6;0;9;1;A01
201400014697;0;7;0;0;2;4;2;B01
201400014697;0;7;0;0;2;1;2;A01
201400014698;0;33;0;0;2;1;3;B01
201400014698;0;7;0;0;2;8;10;A01
201400014699;0;7;0;0;2;7;15;A01
201400014699;0;7;0;0;2;1;1;B01
201400014700;0;7;0;0;1;3;16;A01
201400014701;0;7;0;0;2;2;0;A01
201400014701;0;7;0;0;2;3;0;B01
201400014702;0;7;0;0;2;4;2;B01
201400014702;0;7;0;0;2;1;2;A01
201400014703;0;7;0;1;0;1;15;A01
201400014704;0;7;0;0;2;3;15;A01
201400014704;0;7;0;0;2;2;1;B01
201400014705;0;7;0;0;1;1;1;A01