num_acc;senc;catv;occutc;obs;obsm;choc;manv;num_veh
201400014706;0;7;0;0;1;4;4;A01
201400014707;0;7;0;0;2;1;2;B01
201400014707;0;7;0;0;2;1;2;A01
201400014707;0;7;0;0;2;4;2;C01
201400014708;1;7;0;1;0;7;0;Z01
201400014708;0;7;0;1;0;8;24;B01
201400014709;0;7;0;0;1;2;1;A01
201400014710;0;7;0;2;1;3;1;A01
201400014711;0;7;0;0;2;1;2;A01
201400014711;0;7;0;0;0;4;23;C01
201400014711;0;7;0;0;2;4;23;B01
201400014712;0;34;0;0;2;3;7;A01
201400014712;0;32;0;0;2;7;9;B01
201400014713;0;32;0;0;2;1;18;A01
201400014713;0;7;0;0;2;2;16;B01
201400014714;0;32;0;0;2;1;17;A01
201400014714;0;7;0;0;2;3;15;B01
201400014715;1;7;0;0;0;0;13;Z01
201400014715;0;34;0;0;0;2;21;B01
201400014716;0;2;0;0;1;1;1;A01
201400014717;0;10;0;0;2;1;2;A01
201400014717;0;7;0;0;2;4;2;B01
201400014718;1;7;0;0;0;0;0;Z01
201400014718;0;34;0;0;2;4;0;A01
201400014719;0;7;0;0;2;4;16;B01
201400014719;0;7;0;0;2;1;2;A01
201400014720;0;30;0;0;2;1;21;A01
201400014720;0;7;0;0;2;3;0;B01
201400014720;1;30;0;0;2;4;0;C01
201400014721;0;7;0;0;2;1;5;A01
201400014721;0;7;0;0;2;1;1;B01
201400014722;0;7;0;0;2;4;23;C01
201400014722;0;7;0;0;2;4;1;B01
201400014722;1;7;0;0;2;1;1;Z01
201400014723;1;7;0;0;1;0;1;Z01
201400014724;0;1;0;0;2;1;1;B01
201400014724;0;7;0;0;2;2;15;A01
201400014725;0;7;0;0;0;1;1;A01
201400014726;0;32;0;0;2;1;2;A01
201400014726;0;7;0;0;2;6;1;B01
201400014727;0;33;0;0;2;2;1;B01
201400014727;0;7;0;0;2;6;9;A01
201400014728;0;7;0;0;2;1;2;A01
201400014728;0;33;0;0;2;4;23;B01
201400014729;0;7;0;0;1;7;2;A01
201400014730;1;7;0;0;1;0;0;Z01
201400014731;0;32;0;0;2;1;17;B01
201400014731;0;7;0;0;2;3;15;A01
201400014732;0;30;0;0;2;1;1;A01
201400014732;0;10;0;0;2;4;4;B01
201400014733;0;10;0;0;2;6;1;B01
201400014733;0;34;0;0;2;2;21;A01
201400014733;0;7;0;0;2;3;1;C01
201400014734;0;7;0;0;1;3;0;A01
201400014735;0;7;0;0;2;1;2;A01
201400014735;0;7;0;0;2;4;23;B01
201400014736;0;32;0;0;0;1;1;A01
201400014737;0;7;0;0;2;5;15;A01
201400014737;0;30;0;0;2;1;1;B01
201400014738;0;7;0;0;1;3;1;A01
201400014739;0;30;0;2;0;1;1;B01
201400014740;0;34;0;0;0;0;1;A01
201400014741;0;7;0;0;2;2;1;B01
201400014741;0;7;0;12;2;8;11;A01
201400014742;0;7;0;0;1;2;1;A01
201400014743;0;7;0;0;1;1;1;A01
201400014744;0;7;0;0;2;7;0;A01
201400014744;0;34;0;1;0;8;1;B01
201400014745;0;34;0;0;2;1;17;A01
201400014745;0;1;0;0;2;6;15;B01
201400014746;0;7;0;0;2;6;2;B01
201400014746;0;34;0;0;2;1;1;A01
201400014747;0;7;0;0;2;6;11;A01
201400014747;0;33;0;0;2;1;1;B01
201400014748;0;32;0;0;2;0;1;B01
201400014748;0;7;0;0;2;0;13;A01
201400014749;0;7;0;0;1;4;4;A01
201400014750;0;7;0;0;2;4;1;B01
201400014750;0;7;0;0;2;1;1;A01
201400014751;0;7;0;0;2;1;2;A01
201400014751;0;7;0;0;2;4;1;B01
201400014752;0;30;0;1;2;7;17;A01
201400014752;0;7;0;0;2;8;1;B01
201400014752;0;10;0;0;2;1;24;C01
201400014753;0;7;0;0;1;5;1;A01
201400014754;0;7;0;0;2;1;2;A01
201400014754;0;2;0;0;2;4;0;B01
201400014755;0;7;0;0;2;7;19;B01
201400014755;0;32;0;0;2;1;1;A01
201400014756;0;7;0;0;2;0;15;A01
201400014756;0;31;0;0;2;1;1;B01
201400014757;0;7;0;0;2;3;1;B01
201400014757;0;34;0;0;2;6;1;A01
201400014758;0;1;0;0;2;1;1;A01
201400014758;0;7;0;0;2;2;23;B01
201400014759;0;30;0;0;2;1;17;B01
201400014759;0;7;0;2;2;3;9;A01
201400014760;0;34;0;0;2;6;1;B01
201400014760;0;7;0;0;2;1;9;A01
201400014761;0;7;0;0;2;8;0;B01
201400014761;0;32;0;0;2;1;1;A01
201400014762;1;7;0;0;2;8;11;Z01
201400014762;0;2;0;0;2;7;1;B01
201400014763;0;33;0;0;2;2;1;B01
201400014763;0;7;0;0;2;6;12;A01
201400014764;0;7;0;1;0;9;15;A01
201400014765;0;10;0;0;2;1;1;A01
201400014765;0;7;0;0;2;0;1;B01
201400014766;0;7;0;0;2;1;2;A01
201400014766;0;7;0;0;2;4;23;B01
201400014767;0;7;0;0;2;1;5;A01
201400014767;0;7;0;0;2;3;20;B01
201400014768;0;30;0;0;2;0;1;A01
201400014768;0;30;0;0;2;0;1;B01
201400014769;0;34;0;0;0;8;1;A01
201400014770;0;7;0;0;2;3;1;A01
201400014770;0;37;1;0;2;3;13;B01
201400014771;0;7;0;0;1;2;1;A01
201400014772;0;30;0;0;1;1;1;A01
201400014773;0;7;0;0;2;2;15;A01
201400014773;0;34;0;0;2;7;1;B01
201400014774;0;7;0;0;2;8;1;A01
201400014774;0;7;0;0;2;1;1;B01
201400014775;0;7;0;0;2;1;2;A01
201400014775;0;7;0;0;2;4;2;B01
201400014776;1;7;0;0;0;0;0;Z01
201400014776;0;7;0;0;0;2;15;B01
201400014777;0;7;0;0;2;2;1;B01
201400014777;0;7;0;0;2;3;1;A01
201400014778;0;7;0;0;2;0;24;A01
201400014778;0;32;0;0;2;7;17;B01
201400014779;0;30;0;0;2;7;1;B01
201400014779;1;10;0;0;2;0;15;Z01
201400014780;1;7;0;0;2;1;1;Z01
201400014780;0;7;0;0;2;4;1;B01
201400014781;0;2;0;0;2;8;1;B01
201400014781;1;7;0;0;2;7;12;Z01
201400014782;0;7;0;0;2;1;1;A01
201400014782;0;7;0;0;2;4;1;B01
201400014783;0;33;0;0;2;1;7;A01
201400014783;0;7;0;0;0;2;16;B01
201400014784;0;7;0;0;2;4;1;B01
201400014784;0;7;0;0;2;1;0;A01
201400014785;0;34;0;0;2;1;17;A01
201400014785;0;7;0;0;2;3;11;B01
201400014786;0;7;0;0;2;3;10;A01
201400014786;0;7;0;0;2;0;17;B01
201400014787;0;7;0;0;2;1;1;A01
201400014787;0;7;0;0;2;4;1;B01
201400014787;0;7;0;0;2;4;1;C01
201400014788;0;7;0;0;0;1;15;B01
201400014788;0;30;0;0;2;1;5;A01
201400014789;0;30;0;0;2;5;17;B01
201400014789;0;10;0;0;2;3;15;A01
201400014790;0;7;0;8;2;2;1;B01
201400014790;0;7;0;0;2;2;23;A01
201400014791;0;7;0;0;2;1;1;B01
201400014791;0;7;0;0;2;3;15;A01
201400014792;0;7;0;0;0;8;1;B01
201400014792;0;1;0;0;2;7;19;A01
201400014793;0;32;0;0;2;1;1;B01
201400014793;0;7;0;0;2;5;15;A01
201400014794;0;33;0;0;2;1;1;B01
201400014794;0;7;0;0;2;3;10;A01
201400014795;0;2;0;0;2;1;1;B01
201400014795;0;7;0;0;2;3;15;A01
201400014796;0;7;0;0;2;1;1;A01
201400014796;0;7;0;0;2;4;1;B01
201400014797;0;7;0;0;2;3;9;A01
201400014797;0;30;0;0;2;6;1;B01
201400014798;0;13;0;0;2;4;14;B01
201400014798;0;30;0;0;2;1;18;A01
201400014799;0;7;0;0;2;1;2;A01
201400014799;0;33;0;0;2;4;9;B01
201400014800;0;7;0;0;1;2;1;A01
201400014801;0;34;0;0;1;2;1;A01
201400014802;0;34;0;0;2;7;1;B01
201400014802;0;7;0;0;2;8;15;A01
201400014803;0;1;0;0;2;7;1;B01
201400014803;0;7;0;0;2;8;1;A01
201400014804;0;7;0;0;2;3;1;A01
201400014804;0;7;0;0;2;3;1;B01
201400014805;0;7;0;0;2;3;22;A01
201400014805;0;1;0;1;0;1;1;B01
201400014806;0;33;0;15;0;1;13;A01
201400014807;0;7;0;0;2;2;15;A01
201400014807;0;7;0;0;2;1;1;B01
201400014808;0;7;0;0;2;2;15;A01
201400014808;0;34;0;0;2;0;1;B01
201400014809;0;34;0;0;2;1;17;B01
201400014809;1;30;0;0;2;1;19;Z01
201400014810;0;33;0;0;2;3;1;B01
201400014810;0;7;0;0;2;8;10;A01
201400014811;0;33;0;0;1;1;1;A01
201400014811;0;7;0;0;2;3;1;B01
201400014812;0;7;0;0;2;2;1;B01
201400014812;0;7;0;0;2;1;9;A01
201400014813;0;7;0;0;2;3;1;B01
201400014813;0;7;0;0;2;1;1;A01
201400014814;0;7;0;0;2;3;1;B01
201400014814;0;7;0;0;2;1;0;A01
201400014815;0;7;0;0;2;3;15;A01
201400014815;0;32;0;0;2;1;1;B01
201400014816;0;7;0;0;0;1;15;A01
201400014816;0;33;0;0;2;1;1;B01
201400014817;1;32;0;0;1;0;0;Z01
201400014818;0;32;0;0;2;1;9;B01
201400014818;0;10;0;0;2;3;10;A01
201400014819;0;7;0;0;1;3;1;A01
201400014820;1;7;0;0;2;1;1;Z01
201400014820;0;7;0;0;2;3;20;B01
201400014821;0;1;0;0;1;1;16;A01
201400014822;0;7;0;0;1;2;1;A01
201400014823;1;7;0;0;2;1;1;Z01
201400014823;0;7;0;0;2;4;23;A01
201400014824;0;33;0;0;2;1;6;A01
201400014824;0;10;0;0;2;3;1;B01
201400014825;0;34;0;0;2;1;1;B01
201400014825;0;7;0;0;2;8;11;A01
201400014826;0;34;0;0;1;3;1;A01
201400014827;0;32;0;0;2;2;1;B01
201400014827;0;7;0;0;2;3;9;A01
201400014828;0;7;0;0;2;2;12;A01
201400014828;0;7;0;0;2;3;1;B01
201400014829;0;7;0;0;2;1;1;A01
201400014829;0;7;0;0;2;1;1;C01
201400014829;0;34;0;0;2;7;1;B01
201400014830;0;7;0;0;2;3;1;B01
201400014830;0;34;0;0;2;2;12;A01
201400014831;0;1;0;0;2;1;11;A01
201400014831;0;7;0;0;2;1;1;B01
201400014832;0;32;0;0;1;1;1;A01
201400014833;0;2;0;0;2;1;1;B01
201400014833;0;7;0;0;2;2;15;A01
201400014834;2;7;0;0;2;1;2;A01
201400014834;0;10;0;0;2;4;23;B01
201400014835;0;7;0;0;2;1;1;B01
201400014835;0;7;0;0;2;8;9;A01
201400014836;1;7;0;0;1;0;0;Z01
201400014837;0;7;0;0;1;1;15;A01
201400014838;0;7;0;0;1;4;4;A01
201400014839;0;32;0;0;1;1;1;A01
201400014840;0;7;0;0;2;8;14;A01
201400014840;0;37;4;0;2;3;1;B01
201400014841;0;33;0;0;0;7;0;A01
201400014842;0;7;0;0;2;6;0;B01
201400014842;0;32;0;0;2;1;1;A01
201400014843;0;34;0;0;0;8;0;A01
201400014844;0;7;0;0;2;4;23;B01
201400014844;0;7;0;0;2;1;1;A01
201400014845;0;7;0;0;2;3;1;B01
201400014845;0;7;0;0;2;2;9;A01
201400014846;0;7;0;1;0;1;14;A01
201400014847;0;7;0;0;2;8;15;B01
201400014847;0;33;0;0;2;1;17;A01
201400014848;0;7;0;0;2;1;1;A01
201400014848;0;7;0;0;2;4;1;B01
201400014849;0;30;0;0;2;1;1;B01
201400014849;0;34;0;0;2;5;15;A01
201400014850;0;33;0;0;2;1;21;B01
201400014850;0;7;0;0;2;5;16;A01
201400014851;0;7;0;0;1;1;1;A01
201400014852;0;7;0;0;2;4;23;B01
201400014852;0;7;0;0;2;1;2;A01
201400014853;0;13;0;0;1;3;1;A01
201400014854;0;7;0;0;2;2;15;A01
201400014854;0;33;0;0;2;1;1;B01
201400014855;0;10;0;0;1;8;1;A01
201400014856;0;7;0;0;1;4;4;A01
201400014857;0;7;0;0;2;1;1;B01
201400014857;0;7;0;0;2;5;1;A01
201400014858;0;33;0;0;1;8;1;A01
201400014859;0;30;0;0;2;1;1;B01
201400014859;0;31;0;0;2;0;15;A01
201400014860;0;7;0;0;2;1;1;A01
201400014860;0;7;0;0;2;4;1;B01
201400014861;0;34;0;0;2;5;1;A01
201400014861;0;7;0;0;2;2;9;B01
201400014862;0;7;0;0;2;1;2;A01
201400014862;0;7;0;0;2;4;2;B01
201400014863;0;7;0;0;2;1;15;A01
201400014863;0;7;0;0;2;4;15;B01
201400014864;0;30;0;0;2;1;9;A01
201400014864;0;33;0;0;2;3;1;B01
201400014865;0;7;0;0;2;1;1;C01
201400014865;0;7;0;0;2;3;15;A01
201400014865;0;32;0;0;2;1;1;B01
201400014866;0;33;0;0;2;1;2;A01
201400014866;0;7;0;0;2;5;1;B01
201400014866;1;7;0;0;2;0;1;Z01
201400014867;1;7;0;0;1;0;1;Z01
201400014868;0;7;0;0;2;5;15;B01
201400014868;0;10;0;0;2;3;1;A01
201400014869;1;7;0;0;2;3;1;Z01
201400014869;0;33;0;0;2;5;16;A01
201400014870;0;2;0;0;2;1;21;B01
201400014870;1;33;0;0;2;0;1;Z01
201400014871;0;7;0;8;0;2;1;A01
201400014872;1;7;0;0;2;1;1;Z01
201400014872;0;7;0;0;2;3;1;B01
201400014873;0;32;0;0;2;1;1;B01
201400014873;0;7;0;0;2;3;15;A01
201400014874;0;37;1;0;2;2;1;B01
201400014874;0;7;0;0;2;3;1;A01
201400014875;0;7;0;0;2;2;1;A01
201400014875;0;2;0;0;2;3;1;B01
201400014876;0;7;0;0;2;5;16;B01
201400014876;0;7;0;0;2;3;16;A01
201400014877;0;7;0;0;2;1;2;A01
201400014877;0;7;0;0;2;4;1;D01
201400014877;0;7;0;0;2;4;2;B01
201400014877;0;7;0;0;2;4;2;C01
201400014878;1;7;0;0;2;0;0;Z01
201400014878;0;32;0;0;2;2;1;B01
201400014879;0;32;0;0;2;8;1;B01
201400014879;0;7;0;0;2;2;12;A01
201400014880;0;7;0;0;2;8;1;A01
201400014880;0;34;0;0;2;1;12;B01
201400014881;0;7;0;0;2;1;1;A01
201400014881;0;7;0;0;2;4;1;B01
201400014882;0;32;0;0;0;0;1;A01
201400014883;0;7;0;0;2;1;15;B01
201400014883;0;34;0;0;2;0;1;A01
201400014884;0;32;0;0;2;0;1;A01
201400014885;0;7;0;0;2;1;1;A01
201400014885;0;7;0;0;2;4;1;B01
201400014886;1;7;0;0;1;1;15;Z01
201400014887;0;7;0;0;2;5;12;A01
201400014887;0;7;0;0;2;3;1;B01
201400014888;0;7;0;0;1;3;0;A01
201400014889;1;7;0;0;0;0;0;Z01
201400014889;0;7;0;0;1;2;0;A01
201400014890;1;7;0;0;2;6;0;Z01
201400014890;0;2;0;0;2;8;21;A01
201400014891;0;7;0;6;0;3;16;A01
201400014892;0;30;0;0;2;1;5;B01
201400014892;1;7;0;0;0;0;0;Z01
201400014893;0;10;0;0;2;3;1;B01
201400014893;0;7;0;0;2;5;1;A01
201400014894;0;7;0;0;2;1;1;A01
201400014894;0;7;0;0;2;4;1;B01
201400014895;0;7;0;0;2;6;15;B01
201400014895;0;33;0;0;2;1;1;A01
201400014896;0;7;0;0;1;7;1;A01
201400014897;0;7;0;0;2;1;1;A01
201400014897;0;7;0;0;2;2;1;B01
201400014898;0;7;0;0;2;4;1;B01
201400014898;0;7;0;0;2;1;16;A01
201400014899;0;33;0;0;2;1;1;A01
201400014899;0;7;0;0;2;4;1;B01
201400014900;0;7;0;0;2;6;15;B01
201400014900;0;10;0;0;2;2;2;A01
201400014901;0;7;0;0;2;4;2;B01
201400014901;0;7;0;0;2;4;2;C01
201400014901;0;7;0;0;2;1;2;A01
201400014902;0;15;0;0;2;2;12;A01
201400014902;0;7;0;0;2;8;1;B01
201400014903;0;7;0;0;2;6;9;B01
201400014903;0;7;0;0;2;2;15;A01
201400014904;0;7;0;0;2;8;10;A01
201400014904;0;30;0;0;2;1;1;B01
201400014905;0;32;0;0;2;1;2;A01
201400014905;0;7;0;0;2;4;23;B01
201400014906;0;33;0;0;2;1;17;A01
201400014906;0;7;0;0;2;3;15;B01
201400014907;0;7;0;0;2;1;2;A01
201400014907;0;7;0;0;2;4;1;B01
201400014908;0;10;0;0;1;1;15;A01
201400014909;0;7;0;0;2;4;15;A01
201400014909;0;7;0;0;2;1;1;B01
201400014910;0;33;0;9;0;7;1;A01
201400014911;0;2;0;0;2;1;1;B01
201400014911;0;7;0;0;2;7;10;A01
201400014912;0;7;0;0;2;1;15;A01
201400014912;0;30;0;0;2;1;1;B01
201400014913;0;7;0;0;2;3;1;B01
201400014913;0;7;0;0;2;5;12;A01
201400014914;0;2;0;0;0;0;10;A01
201400014915;0;37;1;0;1;2;1;A01
201400014916;0;40;0;0;1;7;1;A01
201400014917;0;7;0;0;2;1;0;A01
201400014917;0;7;0;0;1;4;1;B01
201400014918;0;38;1;0;2;8;9;A01
201400014918;0;33;0;0;2;1;1;B01
201400014919;0;7;0;0;2;1;16;A01
201400014919;0;32;0;0;2;8;1;B01
201400014920;0;37;1;0;1;3;1;A01
201400014921;0;7;0;0;1;3;5;A01
201400014922;0;7;0;0;2;1;1;A01
201400014922;0;7;0;0;2;4;23;B01
201400014923;0;7;0;0;1;3;1;A01
201400014924;0;30;0;0;0;0;1;A01
201400014925;0;7;0;0;2;1;15;A01
201400014925;0;33;0;0;2;1;1;B01
201400014926;0;7;0;0;1;2;1;A01
201400014927;0;7;0;0;1;2;1;A01
201400014928;0;7;0;0;2;4;23;C01
201400014928;0;7;0;0;2;1;2;A01
201400014928;1;7;0;0;2;0;9;Z01
201400014928;0;7;0;0;2;4;23;B01
201400014929;0;33;0;0;2;1;17;B01
201400014929;0;7;0;0;2;8;10;A01
201400014930;0;7;0;0;2;6;23;A01
201400014930;1;33;0;0;2;1;2;B01
201400014931;0;7;0;0;2;3;10;A01
201400014931;0;33;0;0;2;1;1;B01
201400014932;0;33;0;0;2;9;1;B01
201400014932;0;7;0;0;2;2;0;A01
201400014933;0;7;0;0;2;1;15;A01
201400014933;0;31;0;0;2;2;17;B01
201400014934;0;7;0;4;0;1;5;A01
201400014935;0;31;0;0;1;1;17;A01
201400014936;0;7;0;0;2;8;9;B01
201400014936;0;30;0;0;2;7;1;A01
201400014937;0;7;0;0;2;3;13;A01
201400014937;0;32;0;0;0;1;1;B01
201400014938;0;7;0;0;2;4;2;B01
201400014938;0;10;0;0;2;1;2;A01
201400014939;0;7;0;0;2;1;15;A01
201400014939;0;33;0;0;2;1;1;B01
201400014940;0;33;0;0;2;1;1;B01
201400014940;0;13;0;0;2;8;10;A01
201400014941;0;7;0;0;2;1;1;A01
201400014941;0;7;0;0;2;8;1;B01
201400014942;0;7;0;0;2;8;1;B01
201400014942;0;7;0;0;2;7;16;A01
201400014943;0;7;0;0;2;8;24;A01
201400014943;0;10;0;1;0;2;1;B01
201400014944;0;7;0;0;2;8;11;B01
201400014944;0;32;0;0;2;1;1;A01
201400014945;0;10;0;0;1;1;15;A01
201400014946;0;33;0;0;1;4;1;A01
201400014947;0;7;0;0;2;1;1;B01
201400014947;0;7;0;0;2;8;9;A01
201400014948;0;7;0;0;2;9;1;A01
201400014948;0;7;0;0;2;6;1;B01
201400014949;0;30;0;0;2;8;23;B01
201400014949;0;33;0;0;2;7;0;A01
201400014950;0;32;0;0;2;2;18;B01
201400014950;0;7;0;0;2;0;1;A01
201400014951;0;7;0;0;2;3;7;A01
201400014951;0;3;0;0;2;5;16;B01
201400014952;0;2;0;0;0;2;0;A01
201400014953;0;34;0;0;2;1;1;B01
201400014953;0;10;0;0;2;1;17;A01
201400014954;0;31;0;0;2;2;1;B01
201400014954;0;13;0;0;2;7;5;A01
201400014955;0;34;0;0;2;1;17;A01
201400014955;0;7;0;0;2;8;15;B01
201400014956;0;7;0;0;2;4;0;B01
201400014956;0;7;0;0;2;1;1;A01
201400014957;0;7;0;0;2;4;1;A01
201400014957;0;7;0;0;2;4;2;B01
201400014957;1;7;0;0;2;1;0;Z01
201400014958;0;7;0;0;1;1;1;A01
201400014959;0;32;0;0;2;1;1;A01
201400014959;0;10;0;0;2;4;1;B01
201400014960;0;33;0;0;2;4;2;B01
201400014960;0;7;0;0;2;4;2;C01
201400014960;0;7;0;0;2;1;2;A01
201400014961;0;33;0;0;2;4;23;A01
201400014961;0;7;0;0;2;1;1;B01
201400014962;0;7;0;0;2;6;9;A01
201400014962;0;32;0;0;2;1;1;B01
201400014963;0;7;0;0;2;1;1;A01
201400014963;0;7;0;0;2;4;0;B01
201400014964;0;1;0;0;1;1;5;A01
201400014965;0;7;0;0;2;4;23;B01
201400014965;0;7;0;0;2;1;2;A01
201400014966;0;7;0;0;2;5;1;A01
201400014966;0;7;0;0;2;1;1;B01
201400014967;0;7;0;0;2;3;1;B01
201400014967;1;7;0;0;2;1;1;Z01
201400014968;0;33;0;0;2;2;2;A01
201400014968;0;7;0;0;2;6;2;B01
201400014969;0;7;0;0;2;6;1;B01
201400014969;0;32;0;0;2;2;12;A01
201400014970;1;7;0;0;2;1;2;Z01
201400014970;0;7;0;0;2;4;2;C01
201400014970;0;7;0;0;2;4;2;B01
201400014971;0;32;0;0;2;1;1;A01
201400014971;0;7;0;0;2;3;19;B01
201400014972;0;7;0;0;2;3;9;A01
201400014972;0;7;0;0;2;3;1;B01
201400014973;0;7;0;0;2;8;10;A01
201400014973;0;14;0;0;2;5;1;B01
201400014974;0;7;0;0;2;8;13;A01
201400014974;0;17;0;0;2;2;2;B01
201400014975;0;7;0;0;2;1;1;C01
201400014975;0;7;0;0;2;1;2;A01
201400014975;0;7;0;0;2;4;2;B01
201400014976;0;7;0;0;2;0;11;A01
201400014976;0;32;0;0;2;0;17;B01
201400014977;0;7;0;0;2;2;12;A01
201400014977;0;33;0;0;2;3;1;B01
201400014978;0;7;0;0;2;4;16;B01
201400014978;0;37;2;0;2;1;2;A01
201400014979;0;7;0;0;2;8;15;A01
201400014979;0;7;0;0;2;8;1;B01
201400014980;0;33;0;0;2;1;1;B01
201400014980;0;7;0;0;2;2;0;A01
201400014981;0;2;0;0;2;1;15;B01
201400014981;0;7;0;0;2;8;15;A01
201400014982;0;7;0;0;2;3;1;A01
201400014982;0;7;0;0;2;1;1;B01
201400014983;0;7;0;0;1;6;4;A01
201400014984;2;30;0;0;2;1;5;A01
201400014984;0;7;0;0;2;1;21;B01
201400014985;0;2;0;0;2;8;0;A01
201400014985;0;7;0;0;2;7;1;B01
201400014986;0;2;0;0;9;0;0;A01
201400014987;0;7;0;0;2;4;0;B01
201400014987;0;7;0;0;2;1;0;A01
201400014988;1;7;0;0;2;1;2;Z01
201400014988;0;32;0;0;2;4;23;A01
201400014989;0;33;0;0;2;7;2;A01
201400014989;0;7;0;0;2;8;15;B01
201400014990;0;7;0;0;1;1;1;A01
201400014991;0;2;0;0;2;1;17;A01
201400014991;0;7;0;0;2;3;15;B01
201400014992;0;31;0;0;2;1;1;B01
201400014992;0;7;0;0;2;5;15;A01
201400014993;0;30;0;0;2;0;14;B01
201400014993;0;7;0;0;2;5;16;A01
201400014994;0;33;0;0;1;0;1;A01
201400014995;0;7;0;0;1;2;1;A01
201400014996;0;7;0;0;2;4;23;B01
201400014996;0;7;0;0;2;1;2;A01
201400014997;1;7;0;0;1;0;15;Z01
201400014998;1;30;0;0;1;1;1;Z01
201400014999;0;7;0;0;2;2;1;B01
201400014999;0;32;0;0;2;1;9;A01
201400015000;0;7;0;0;2;2;9;A01
201400015000;0;34;0;0;2;2;1;B01
201400015001;0;7;0;0;1;2;1;A01
201400015002;0;7;0;0;1;2;1;A01
201400015003;0;99;0;8;0;1;0;A01
201400015004;0;7;0;0;2;3;2;B01
201400015004;0;32;0;0;2;1;2;A01
201400015005;0;32;0;0;2;2;1;A01
201400015005;0;7;0;0;2;8;15;B01
201400015006;0;7;0;0;2;2;15;A01
201400015006;0;32;0;0;2;8;1;B01
201400015007;0;7;0;0;1;1;1;A01
201400015008;0;2;0;0;2;2;2;A01
201400015008;0;7;0;0;2;4;1;B01
201400015009;0;7;0;14;2;2;1;A01
201400015010;0;7;0;0;2;2;12;A01
201400015010;0;32;0;0;2;3;12;B01
201400015011;0;35;0;6;0;0;1;A01
201400015012;0;7;0;0;2;1;20;B01
201400015012;0;30;0;0;2;1;17;A01
201400015013;1;7;0;0;2;1;2;Z01
201400015013;0;7;0;0;2;4;23;B01
201400015013;0;7;0;0;2;4;23;C01
201400015014;0;7;0;0;2;2;15;A01
201400015014;0;7;0;0;2;1;1;B01
201400015015;0;10;0;0;2;1;2;A01
201400015015;0;7;0;0;2;4;21;B01
201400015016;0;7;0;0;1;3;1;A01
201400015017;0;7;0;0;2;7;9;A01
201400015017;0;34;0;0;2;5;1;B01
201400015018;0;7;0;0;2;1;15;B01
201400015018;0;7;0;0;2;3;1;A01
201400015019;0;7;0;0;2;1;1;B01
201400015019;0;7;0;0;2;8;9;A01
201400015020;0;33;0;0;2;7;17;B01
201400015020;0;7;0;0;2;0;15;A01
201400015021;0;7;0;0;2;4;2;B01
201400015021;0;7;0;0;2;1;2;A01
201400015022;0;33;0;0;1;3;17;A01
201400015023;1;2;0;0;2;0;0;Z01
201400015023;0;34;0;0;2;2;2;B01
201400015024;0;32;0;0;2;1;16;A01
201400015024;0;7;0;0;2;2;19;B01
201400015025;1;7;0;0;2;1;2;Z01
201400015025;0;7;0;0;2;4;1;A01
201400015026;0;7;0;0;2;4;2;B01
201400015026;0;7;0;0;2;1;2;A01
201400015027;0;31;0;0;2;1;2;A01
201400015027;0;32;0;0;2;6;2;B01
201400015028;0;7;0;0;2;5;4;A01
201400015028;0;7;0;0;2;1;0;B01
201400015029;1;7;0;0;1;2;16;Z01
201400015030;0;7;0;0;2;2;12;A01
201400015030;0;34;0;0;2;6;1;B01
201400015031;0;7;0;15;0;2;21;A01
201400015032;0;7;0;0;2;1;2;A01
201400015032;0;7;0;0;2;4;2;B01
201400015033;1;7;0;0;1;0;0;Z01
201400015034;0;7;0;0;2;3;0;A01
201400015034;0;7;0;0;2;3;1;B01
201400015035;0;7;0;0;2;2;1;A01
201400015035;0;7;0;0;0;3;1;B01
201400015036;0;10;0;0;2;4;2;B01
201400015036;0;7;0;0;2;1;2;A01
201400015036;0;7;0;0;2;4;18;C01
201400015037;1;30;0;0;1;0;1;Z01
201400015038;0;7;0;0;2;1;2;A01
201400015038;0;7;0;0;2;4;2;B01
201400015039;0;7;0;0;2;1;2;A01
201400015039;0;7;0;0;2;4;2;B01
201400015040;0;7;0;0;2;8;10;A01
201400015040;0;33;0;0;2;0;2;B01
201400015041;0;32;0;0;2;1;1;B01
201400015041;1;32;0;0;0;0;1;Z01
201400015042;0;7;0;0;2;4;1;C01
201400015042;0;7;0;0;2;4;2;B01
201400015042;0;7;0;0;2;1;1;A01
201400015043;1;7;0;0;2;1;16;Z01
201400015043;0;7;0;0;2;8;1;B01
201400015044;0;33;0;0;2;0;13;A01
201400015044;0;7;0;0;2;8;1;B01
201400015045;0;7;0;0;1;1;1;A01
201400015046;0;10;0;0;2;7;9;A01
201400015046;0;2;0;0;2;1;16;B01
201400015047;0;30;0;0;2;8;19;B01
201400015047;0;37;1;0;2;1;1;A01
201400015048;0;7;0;0;2;5;15;B01
201400015048;0;3;0;0;2;3;1;A01
201400015049;0;33;0;0;0;7;16;A01
201400015050;0;7;0;0;2;1;1;A01
201400015050;0;7;0;0;2;4;2;B01
201400015051;0;7;0;0;1;1;1;A01
201400015052;0;32;0;0;2;1;1;B01
201400015052;0;2;0;0;2;1;16;A01
201400015053;0;7;0;0;2;4;2;B01
201400015053;0;7;0;0;2;1;2;A01
201400015054;0;7;0;0;1;1;1;A01
201400015055;0;7;0;0;2;2;1;B01
201400015055;0;30;0;0;2;6;13;A01
201400015056;0;32;0;0;2;7;17;A01