num_acc;senc;catv;occutc;obs;obsm;choc;manv;num_veh
201400015056;0;7;0;0;2;3;10;B01
201400015057;0;7;0;0;2;3;20;A01
201400015057;0;33;0;0;2;2;1;B01
201400015058;0;7;0;0;2;1;1;A01
201400015058;0;7;0;0;2;4;1;B01
201400015059;0;7;0;0;2;3;23;B01
201400015059;0;33;0;0;2;1;1;A01
201400015060;1;7;0;0;2;1;9;Z01
201400015060;0;33;0;0;2;2;2;B01
201400015061;0;3;0;0;1;2;1;A01
201400015062;0;7;0;0;2;5;15;C01
201400015062;0;7;0;0;2;1;9;A01
201400015062;0;33;0;0;2;2;15;B01
201400015063;0;7;0;0;2;1;2;C01
201400015063;0;7;0;0;2;4;21;A01
201400015063;0;7;0;0;2;1;2;D01
201400015063;0;7;0;0;2;1;2;B01
201400015064;0;7;0;0;2;3;15;B01
201400015064;0;7;0;0;2;2;15;A01
201400015065;0;7;0;0;2;3;9;A01
201400015065;0;2;0;0;2;7;1;B01
201400015066;0;7;0;8;2;1;1;B01
201400015066;0;7;0;8;2;2;15;A01
201400015067;0;33;0;0;2;1;1;A01
201400015067;0;33;0;0;2;4;1;B01
201400015068;0;31;0;0;1;1;1;A01
201400015069;0;7;0;0;2;5;1;B01
201400015069;0;33;0;0;2;1;3;A01
201400015070;0;32;0;0;9;0;1;A01
201400015071;0;30;0;0;2;3;17;A01
201400015071;0;7;0;0;2;8;15;B01
201400015072;0;7;0;0;2;3;15;A01
201400015072;0;31;0;0;2;1;1;B01
201400015073;0;7;0;0;2;7;2;B01
201400015073;0;32;0;8;2;1;2;A01
201400015074;0;7;0;0;2;6;1;B01
201400015074;0;7;0;0;2;1;1;C01
201400015074;0;7;0;0;2;1;13;A01
201400015075;0;7;0;0;2;4;1;B01
201400015075;0;33;0;0;2;1;1;A01
201400015076;0;7;0;0;2;4;2;C01
201400015076;0;7;0;0;2;1;2;A01
201400015076;0;7;0;0;2;4;2;B01
201400015077;0;7;0;0;2;6;15;A01
201400015077;0;34;0;0;2;1;2;B01
201400015078;0;7;0;0;1;4;4;A01
201400015079;0;34;0;14;0;8;1;A01
201400015080;0;7;0;0;2;4;23;B01
201400015080;0;7;0;0;2;1;2;A01
201400015081;0;7;0;0;0;2;9;A01
201400015081;0;30;0;0;2;0;1;B01
201400015082;0;33;0;0;1;1;1;A01
201400015083;0;32;0;6;0;1;1;A01
201400015084;0;7;0;0;2;4;15;B01
201400015084;0;7;0;0;2;1;2;A01
201400015085;0;7;0;0;2;1;2;A01
201400015085;0;7;0;0;2;4;2;B01
201400015086;1;33;0;0;1;1;1;Z01
201400015087;0;7;0;0;2;1;1;A01
201400015087;0;7;0;0;2;3;1;B01
201400015088;0;7;0;0;2;2;1;B01
201400015088;0;7;0;0;2;3;9;A01
201400015089;0;33;0;0;2;1;2;A01
201400015089;0;7;0;0;2;3;2;B01
201400015090;0;32;0;0;5;1;1;A01
201400015091;0;7;0;0;2;3;13;A01
201400015091;0;32;0;0;2;8;1;B01
201400015092;1;7;0;0;1;1;1;Z01
201400015093;0;7;0;0;2;3;1;A01
201400015093;0;7;0;0;2;3;1;B01
201400015094;0;30;0;0;1;3;3;A01
201400015094;1;30;0;0;2;0;1;Z01
201400015095;0;10;0;0;2;1;2;A01
201400015095;0;7;0;0;2;4;2;B01
201400015096;0;7;0;0;2;1;2;A01
201400015096;1;30;0;0;2;9;17;Z01
201400015096;0;7;0;0;2;6;2;B01
201400015096;0;7;0;0;2;3;1;C01
201400015097;0;1;0;0;2;8;1;B01
201400015097;1;7;0;0;2;0;17;Z01
201400015098;2;7;0;0;2;2;10;Z01
201400015098;0;7;0;0;2;2;1;B01
201400015099;0;7;0;0;1;5;1;A01
201400015100;1;7;0;0;1;0;1;Z01
201400015101;1;30;0;0;1;1;1;Z01
201400015102;0;33;0;0;1;1;1;A01
201400015103;0;7;0;0;2;4;0;B01
201400015103;0;34;0;0;2;4;1;C01
201400015103;0;7;0;0;2;1;1;A01
201400015103;0;7;0;0;2;4;1;D01
201400015104;0;7;0;0;1;2;1;A01
201400015105;0;7;0;0;2;6;1;B01
201400015105;1;7;0;0;2;0;1;Z01
201400015106;0;7;0;0;2;1;2;A01
201400015106;0;7;0;0;2;4;23;B01
201400015107;0;7;0;0;0;4;1;B01
201400015107;0;7;0;0;2;1;2;A01
201400015108;0;31;0;0;2;1;17;A01
201400015108;0;7;0;0;2;1;1;B01
201400015108;0;10;0;0;2;3;1;C01
201400015109;0;7;0;0;2;3;1;B01
201400015109;0;10;0;0;2;5;12;A01
201400015110;0;7;0;1;2;3;10;A01
201400015110;0;2;0;0;2;1;1;B01
201400015111;0;14;0;0;1;4;4;A01
201400015112;0;7;0;0;2;5;15;A01
201400015112;0;7;0;0;2;1;1;B01
201400015113;0;7;0;0;1;1;11;A01
201400015114;0;7;0;0;2;1;2;A01
201400015114;0;7;0;0;2;4;2;B01
201400015114;0;7;0;0;2;4;2;C01
201400015115;0;33;0;0;2;1;0;B01
201400015115;0;7;0;0;2;1;0;A01
201400015116;0;7;0;0;2;1;1;B01
201400015116;0;7;0;0;2;1;5;A01
201400015117;0;7;0;0;1;1;1;A01
201400015118;0;7;0;0;2;1;2;A01
201400015118;0;7;0;0;2;4;2;B01
201400015119;0;7;0;0;2;2;2;A01
201400015119;0;7;0;0;2;6;2;B01
201400015120;0;30;0;0;2;0;9;A01
201400015120;0;7;0;0;2;3;1;B01
201400015121;0;7;0;0;1;4;4;A01
201400015122;0;7;0;12;2;1;13;A01
201400015122;0;7;0;0;2;1;1;B01
201400015123;0;33;0;0;2;3;1;B01
201400015123;0;7;0;0;2;3;13;A01
201400015124;0;32;0;0;0;4;0;A01
201400015125;0;7;0;0;2;5;16;B01
201400015125;0;37;7;0;2;3;7;A01
201400015126;0;33;0;0;2;1;1;B01
201400015126;0;7;0;0;2;1;14;A01
201400015127;0;2;0;0;1;3;1;A01
201400015128;0;7;0;0;2;5;15;A01
201400015128;0;32;0;0;2;1;18;B01
201400015129;0;7;0;0;2;3;1;A01
201400015129;0;7;0;0;2;2;1;B01
201400015130;0;7;0;8;0;1;1;A01
201400015131;0;7;0;0;2;3;1;B01
201400015131;0;32;0;0;2;1;1;A01
201400015132;0;37;1;0;2;2;1;B01
201400015132;1;7;0;0;2;1;19;Z01
201400015133;0;33;0;14;9;0;1;A01
201400015134;0;37;1;0;2;2;2;A01
201400015134;0;7;0;0;2;6;2;B01
201400015135;0;7;0;0;1;4;23;B01
201400015135;0;7;0;0;2;1;2;A01
201400015136;0;31;0;0;2;1;1;B01
201400015136;0;7;0;0;2;3;9;A01
201400015137;0;7;0;0;2;8;17;B01
201400015137;0;2;0;0;2;7;17;A01
201400015138;0;7;0;0;2;6;17;A01
201400015138;0;34;0;0;2;1;21;B01
201400015139;0;7;0;0;2;3;1;A01
201400015139;0;7;0;0;2;3;1;B01
201400015140;0;33;0;0;2;4;1;B01
201400015140;1;7;0;0;2;1;2;Z01
201400015141;0;2;0;0;0;0;1;A01
201400015142;0;7;0;0;2;4;23;B01
201400015142;0;7;0;0;2;1;2;A01
201400015143;0;7;0;0;2;5;15;A01
201400015143;0;30;0;0;2;1;1;B01
201400015144;1;30;0;0;2;0;0;Z01
201400015144;0;7;0;0;2;6;11;A01
201400015145;0;30;0;12;0;7;1;A01
201400015146;0;7;0;0;2;3;2;B01
201400015146;0;7;0;0;2;3;2;A01
201400015147;0;7;0;0;2;4;15;B01
201400015147;0;33;0;0;2;1;1;A01
201400015148;0;7;0;0;2;8;1;B01
201400015148;0;7;0;0;2;8;1;A01
201400015149;0;7;0;0;2;0;15;A01
201400015149;0;34;0;0;2;2;1;B01
201400015150;0;7;0;0;1;1;1;A01
201400015151;0;33;0;0;2;1;21;A01
201400015151;0;32;0;0;2;4;15;B01
201400015152;0;14;0;0;2;1;11;A01
201400015152;0;33;0;0;2;1;1;B01
201400015153;1;7;0;0;1;0;1;Z01
201400015154;0;7;0;0;2;1;2;A01
201400015154;0;7;0;0;2;4;1;B01
201400015155;1;7;0;0;2;7;1;Z01
201400015155;0;7;0;0;2;1;1;B01
201400015156;0;30;0;0;2;4;1;B01
201400015156;1;7;0;0;2;1;2;Z01
201400015157;1;7;0;0;2;8;10;Z01
201400015157;0;34;0;0;2;1;1;B01
201400015158;1;7;0;0;2;1;1;Z01
201400015158;0;30;0;0;2;8;1;B01
201400015159;0;7;0;0;1;1;1;A01
201400015160;0;32;0;0;2;5;1;B01
201400015160;0;7;0;0;2;3;9;A01
201400015161;0;30;0;0;2;8;1;B01
201400015161;1;10;0;0;2;1;1;Z01
201400015162;0;7;0;0;2;8;23;B01
201400015162;1;7;0;0;2;0;1;Z01
201400015162;0;7;0;0;2;7;1;A01
201400015163;0;7;0;0;2;1;15;A01
201400015163;0;34;0;0;2;1;1;B01
201400015164;0;7;0;0;2;1;1;B01
201400015164;0;7;0;0;2;1;11;A01
201400015165;0;7;0;0;2;1;15;A01
201400015165;0;3;0;0;2;1;1;B01
201400015166;0;7;0;0;2;1;2;A01
201400015166;0;14;0;0;2;4;1;B01
201400015167;0;7;0;0;2;3;15;B01
201400015167;0;7;0;0;2;2;9;A01
201400015168;0;7;0;0;2;7;1;A01
201400015168;0;7;0;0;2;1;1;B01
201400015169;0;33;0;0;2;3;1;A01
201400015169;0;7;0;0;2;3;9;B01
201400015170;0;33;0;4;0;1;13;A01
201400015171;0;7;0;0;2;1;1;A01
201400015171;0;7;0;0;2;4;1;B01
201400015172;0;34;0;14;0;9;1;A01
201400015173;0;2;0;0;2;8;1;A01
201400015173;0;7;0;0;2;7;9;B01
201400015174;0;10;0;0;2;3;9;A01
201400015174;0;7;0;0;2;7;1;B01
201400015175;0;7;0;0;2;7;1;B01
201400015175;0;30;0;0;2;1;1;A01
201400015176;0;7;0;0;2;1;1;A01
201400015176;0;2;0;0;2;1;1;B01
201400015177;0;7;0;1;0;2;14;A01
201400015178;0;7;0;0;2;5;9;B01
201400015178;0;34;0;0;2;3;17;A01
201400015179;0;7;0;0;2;2;15;B01
201400015179;0;30;0;0;2;1;1;A01
201400015180;0;30;0;0;2;7;15;A01
201400015180;0;7;0;0;2;8;15;B01
201400015181;0;2;0;12;0;1;1;A01
201400015182;0;1;0;0;2;7;0;B01
201400015182;1;7;0;0;2;8;9;Z01
201400015183;0;7;0;0;2;8;13;A01
201400015183;0;3;0;0;2;3;1;B01
201400015184;0;31;0;0;2;8;15;A01
201400015184;0;33;0;0;2;1;2;B01
201400015185;0;7;0;0;2;2;10;A01
201400015185;0;34;0;0;2;1;0;B01
201400015186;0;30;0;0;2;1;1;A01
201400015186;0;7;0;0;2;3;16;B01
201400015187;0;32;0;15;0;1;1;A01
201400015188;0;7;0;0;2;3;13;A01
201400015188;0;33;0;0;2;1;1;B01
201400015189;0;33;0;0;2;7;19;A01
201400015190;0;7;0;0;1;0;12;A01
201400015191;0;32;0;0;1;1;1;A01
201400015192;0;10;0;0;1;1;1;A01
201400015193;0;7;0;0;2;4;23;A01
201400015193;1;7;0;0;2;1;2;Z01
201400015194;0;7;0;0;1;1;1;A01
201400015195;0;7;0;0;2;1;2;A01
201400015195;0;30;0;0;2;4;2;B01
201400015196;2;30;0;0;2;1;1;Z01
201400015196;0;7;0;0;2;3;1;B01
201400015197;0;30;0;0;2;3;18;A01
201400015197;0;7;0;0;2;5;18;B01
201400015198;0;34;0;0;2;6;21;B01
201400015198;0;7;0;0;2;6;23;A01
201400015199;0;7;0;0;1;1;1;A01
201400015200;0;32;0;0;2;1;1;B01
201400015200;0;1;0;0;2;6;19;A01
201400015201;0;7;0;0;1;0;15;A01
201400015202;0;32;0;0;2;1;2;A01
201400015202;0;1;0;0;2;4;2;B01
201400015203;0;32;0;0;0;0;21;B01
201400015203;1;7;0;0;0;0;1;Z01
201400015204;0;3;0;0;2;8;1;A01
201400015204;1;13;0;0;2;0;0;Z01
201400015205;0;7;0;0;2;3;17;A01
201400015205;0;7;0;0;2;3;16;B01
201400015206;0;10;0;0;2;6;1;B01
201400015206;0;32;0;0;2;1;17;A01
201400015207;0;7;0;0;2;8;10;A01
201400015207;0;7;0;0;2;2;1;B01
201400015208;0;30;0;0;2;2;1;A01
201400015208;0;7;0;0;2;2;1;B01
201400015209;0;7;0;0;2;5;1;B01
201400015209;0;2;0;0;2;1;2;A01
201400015210;0;7;0;0;1;4;4;A01
201400015211;0;7;0;0;2;4;2;B01
201400015211;0;7;0;0;2;1;2;A01
201400015211;0;7;0;0;2;4;2;C01
201400015212;0;7;0;0;1;1;1;A01
201400015213;0;7;0;0;2;8;15;B01
201400015213;0;32;0;0;2;1;3;A01
201400015214;0;7;0;0;2;1;1;A01
201400015214;0;7;0;0;2;6;1;B01
201400015215;1;7;0;0;2;1;2;Z01
201400015215;0;30;0;0;2;4;1;B01
201400015216;0;7;0;0;2;1;15;A01
201400015216;0;7;0;0;2;1;1;B01
201400015217;0;13;0;0;2;6;1;B01
201400015217;0;2;0;0;2;0;5;A01
201400015218;0;7;0;0;2;5;15;A01
201400015218;0;7;0;0;2;1;1;B01
201400015219;0;7;0;0;1;6;4;A01
201400015220;0;31;0;0;2;1;1;A01
201400015220;0;7;0;0;2;7;10;B01
201400015221;0;7;0;0;2;4;2;B01
201400015221;0;7;0;0;2;1;2;A01
201400015222;0;7;0;0;2;3;16;A01
201400015222;0;7;0;0;2;3;16;B01
201400015223;0;34;0;0;2;1;1;B01
201400015223;0;7;0;0;2;3;9;A01
201400015224;0;33;0;0;0;0;16;A01
201400015225;0;7;0;0;2;5;15;A01
201400015225;0;33;0;0;2;1;1;B01
201400015226;0;7;0;0;2;3;1;B01
201400015226;0;30;0;0;2;7;9;A01
201400015227;0;7;0;0;2;6;1;B01
201400015227;0;7;0;0;2;1;12;A01
201400015228;0;32;0;0;2;7;1;B01
201400015228;0;32;0;0;2;0;0;C01
201400015228;1;7;0;0;2;8;11;Z01
201400015229;0;30;0;0;2;1;15;B01
201400015229;0;30;0;0;2;1;17;A01
201400015230;0;34;0;0;2;8;9;B01
201400015230;0;32;0;0;2;1;1;A01
201400015231;0;7;0;0;1;2;1;A01
201400015232;0;7;0;0;1;7;1;A01
201400015233;0;32;0;0;2;1;1;B01
201400015233;0;7;0;0;2;3;15;A01
201400015234;0;33;0;0;2;1;1;B01
201400015234;0;7;0;0;2;1;15;A01
201400015235;0;7;0;0;2;3;1;B01
201400015235;0;30;0;0;2;1;10;A01
201400015236;0;7;0;0;2;3;15;B01
201400015236;0;2;0;0;2;7;17;A01
201400015237;0;7;0;0;2;3;9;A01
201400015237;0;7;0;0;2;1;1;B01
201400015238;0;30;0;0;2;1;0;A01
201400015238;0;7;0;0;2;1;9;B01
201400015239;0;2;0;0;2;1;5;A01
201400015239;0;7;0;0;2;3;1;B01
201400015240;1;7;0;0;2;7;17;Z01
201400015240;0;2;0;0;2;3;1;B01
201400015241;0;7;0;0;2;3;15;B01
201400015241;0;33;0;0;2;1;17;A01
201400015242;1;7;0;0;1;1;1;Z01
201400015243;0;7;0;0;1;1;15;A01
201400015244;0;32;0;0;2;1;9;A01
201400015244;0;30;0;0;2;7;1;B01
201400015245;0;7;0;0;2;1;1;B01
201400015245;0;7;0;0;2;3;1;A01
201400015246;0;30;0;0;2;6;1;B01
201400015246;0;33;0;0;2;1;1;A01
201400015247;1;7;0;0;1;1;1;Z01
201400015248;0;7;0;0;2;3;1;C01
201400015248;0;2;0;0;2;9;1;A01
201400015248;0;7;0;0;2;6;23;B01
201400015249;0;7;0;0;2;4;6;A01
201400015249;0;7;0;0;2;8;1;B01
201400015249;0;7;0;0;2;1;1;C01
201400015250;0;7;0;0;1;3;1;A01
201400015251;0;32;0;0;0;0;1;A01
201400015252;0;34;0;0;2;6;1;B01
201400015252;0;7;0;0;2;2;12;A01
201400015253;0;30;0;0;2;1;0;A01
201400015253;0;7;0;0;2;0;0;B01
201400015253;1;7;0;0;0;0;0;Z01
201400015254;0;7;0;0;2;2;2;B01
201400015254;0;7;0;0;2;3;2;A01
201400015255;0;15;0;0;2;7;2;A01
201400015255;0;32;0;0;2;3;2;B01
201400015256;0;7;0;12;0;1;1;A01
201400015257;0;7;0;8;0;1;1;A01
201400015258;0;32;0;0;2;7;1;B01
201400015258;1;7;0;0;2;8;13;Z01
201400015259;0;32;0;0;2;1;17;A01
201400015259;0;7;0;0;2;3;15;B01
201400015260;0;2;0;0;2;1;17;B01
201400015260;0;7;0;0;2;3;6;A01
201400015261;0;32;0;0;2;1;17;B01
201400015261;0;7;0;0;2;8;15;A01
201400015262;0;7;0;0;9;1;1;A01
201400015263;0;32;0;0;2;4;23;B01
201400015263;0;7;0;0;2;1;2;A01
201400015264;1;7;0;0;2;1;9;Z01
201400015264;0;7;0;0;2;5;1;A01
201400015265;0;32;0;1;0;1;1;A01
201400015266;0;32;0;0;2;1;1;B01
201400015266;0;7;0;0;2;6;10;A01
201400015267;0;7;0;14;2;2;5;A01
201400015267;0;7;0;0;2;5;16;B01
201400015268;0;7;0;0;2;7;12;A01
201400015268;0;7;0;0;2;8;1;B01
201400015269;0;7;0;0;2;1;9;A01
201400015269;0;7;0;0;2;5;1;B01
201400015270;0;33;0;0;2;1;1;B01
201400015270;0;7;0;0;2;8;17;A01
201400015271;0;2;0;0;2;7;15;B01
201400015271;0;7;0;0;2;8;1;A01
201400015272;0;7;0;0;2;1;2;A01
201400015272;0;7;0;0;2;4;1;B01
201400015273;0;7;0;0;2;3;20;A01
201400015273;0;37;1;0;2;2;2;B01
201400015274;0;7;0;0;2;4;1;C01
201400015274;0;7;0;0;2;1;1;B01
201400015274;0;7;0;0;2;1;1;A01
201400015275;0;7;0;0;1;1;1;A01
201400015275;0;7;0;0;2;5;1;B01
201400015276;0;30;0;1;0;2;1;A01
201400015277;0;33;0;0;0;4;1;A01
201400015278;0;34;0;0;2;1;1;B01
201400015278;0;7;0;0;2;3;9;A01
201400015279;0;32;0;0;2;1;1;B01
201400015279;0;7;0;0;9;1;11;A01
201400015280;0;7;0;0;1;2;1;A01
201400015281;0;32;0;1;0;1;0;A01
201400015282;0;7;0;0;2;1;2;A01
201400015282;0;7;0;0;2;4;2;D01
201400015282;0;7;0;0;2;4;2;C01
201400015282;0;7;0;0;2;4;2;B01
201400015282;0;7;0;0;2;4;2;E01
201400015283;0;7;0;0;2;1;19;A01
201400015283;0;7;0;0;2;7;1;B01
201400015284;1;7;0;0;1;1;0;Z01
201400015285;0;7;0;0;2;1;1;B01
201400015285;0;7;0;0;2;1;5;A01
201400015286;0;7;0;0;2;1;9;A01
201400015286;0;31;0;0;2;8;1;B01
201400015287;0;30;0;0;0;0;1;A01
201400015288;0;7;0;8;2;1;1;A01
201400015288;0;7;0;0;2;1;1;C01
201400015288;0;7;0;0;2;5;1;B01
201400015289;0;34;0;0;2;1;17;B01
201400015289;0;7;0;0;2;8;15;A01
201400015290;0;7;0;0;2;4;2;B01
201400015290;0;10;0;0;2;2;2;A01
201400015291;0;32;0;0;2;4;2;B01
201400015291;0;34;0;0;2;1;2;A01
201400015292;0;30;0;0;2;1;5;A01
201400015292;0;32;0;0;2;7;1;B01
201400015293;0;10;0;0;2;4;1;B01
201400015293;0;33;0;0;2;1;2;A01
201400015294;0;7;0;0;2;1;7;B01
201400015294;0;7;0;0;2;7;16;A01
201400015295;0;2;0;0;2;0;13;A01
201400015295;0;34;0;0;2;3;1;B01
201400015296;0;7;0;0;4;3;1;A01
201400015296;0;40;0;0;2;1;1;B01
201400015297;0;7;0;0;1;3;1;A01
201400015298;0;31;0;0;2;1;1;B01
201400015298;0;7;0;0;2;7;15;A01
201400015299;0;7;0;0;2;1;1;B01
201400015299;0;7;0;0;2;3;8;A01
201400015300;0;10;0;0;2;2;9;A01
201400015300;0;10;0;0;2;3;1;B01
201400015301;0;7;0;0;2;6;1;B01
201400015301;0;7;0;0;2;2;2;A01
201400015302;0;7;0;0;1;2;1;A01
201400015303;0;7;0;0;2;2;9;A01
201400015303;0;7;0;0;2;3;1;B01
201400015304;0;7;0;0;2;3;5;B01
201400015304;0;7;0;0;2;3;7;A01
201400015305;0;7;0;0;2;4;12;B01
201400015305;0;32;0;0;2;1;1;A01
201400015306;0;7;0;0;2;1;15;A01
201400015306;0;7;0;6;2;1;1;B01
201400015307;0;7;0;0;2;3;21;B01
201400015307;0;7;0;0;2;2;15;A01
201400015308;0;7;0;0;2;3;1;A01
201400015308;0;7;0;0;2;3;1;B01
201400015309;0;15;0;0;2;1;1;B01
201400015309;0;7;0;0;2;4;6;A01
201400015310;0;31;0;0;2;1;1;B01
201400015310;0;7;0;0;2;1;15;A01
201400015311;0;32;0;0;2;1;2;A01
201400015311;0;7;0;0;2;4;2;B01
201400015312;0;7;0;0;2;7;19;B01
201400015312;0;34;0;0;2;1;1;A01
201400015313;0;1;0;0;2;1;1;B01
201400015313;0;7;0;0;2;7;15;A01
201400015314;0;7;0;0;2;8;15;B01
201400015314;0;33;0;0;2;2;17;A01
201400015315;0;7;0;0;4;1;2;A01
201400015315;0;7;0;0;2;4;23;B01
201400015316;0;33;0;0;2;8;1;B01
201400015316;0;7;0;0;2;7;19;A01
201400015317;0;7;0;1;2;8;15;B01
201400015317;0;7;0;0;2;1;1;A01
201400015318;0;31;0;0;0;1;1;A01
201400015319;1;37;1;0;2;7;1;Z01
201400015319;0;7;0;0;2;8;23;B01
201400015320;0;7;0;0;2;1;2;A01
201400015320;0;7;0;0;2;4;23;B01
201400015320;0;7;0;0;2;4;23;C01
201400015321;0;1;0;0;2;4;1;A01
201400015321;0;7;0;0;2;1;16;B01
201400015322;0;7;0;0;2;6;16;B01
201400015322;0;7;0;0;2;2;1;A01
201400015323;0;7;0;0;2;1;15;B01
201400015323;0;33;0;0;2;1;1;A01
201400015324;0;7;0;0;2;3;1;B01
201400015324;0;7;0;8;2;5;5;A01
201400015325;0;7;0;0;2;1;1;B01
201400015325;0;7;0;0;2;7;1;A01
201400015326;0;7;0;0;2;8;1;B01
201400015326;0;30;0;0;2;1;1;A01
201400015327;1;30;0;0;1;1;1;Z01
201400015328;0;20;0;0;2;3;9;B01
201400015328;0;30;0;8;2;1;21;A01
201400015329;0;13;0;6;2;2;1;A01
201400015330;0;7;0;0;1;5;1;B01
201400015331;1;30;0;0;1;1;1;Z01
201400015332;0;7;0;0;2;8;15;B01
201400015332;0;7;0;0;2;2;17;A01
201400015333;0;32;0;0;2;1;1;B01
201400015333;0;7;0;0;2;6;9;A01
201400015334;0;7;0;0;2;4;1;B01
201400015334;0;7;0;0;2;1;2;A01
201400015335;0;7;0;0;2;2;9;B01
201400015335;1;7;0;0;2;0;1;Z01
201400015336;0;7;0;0;1;2;1;A01
201400015337;1;99;0;0;2;1;1;Z01
201400015337;0;7;0;0;2;5;1;B01
201400015337;0;7;0;0;2;3;1;C01
201400015338;0;7;0;14;0;1;1;A01
201400015339;0;7;0;0;2;3;1;B01
201400015339;0;2;0;0;2;1;17;A01
201400015340;1;7;0;0;2;0;10;Z01
201400015340;0;34;0;0;2;1;1;A01
201400015341;0;7;0;0;2;4;2;B01
201400015341;0;7;0;0;2;1;2;A01
201400015342;0;7;0;0;2;1;1;A01
201400015342;0;7;0;0;2;4;23;B01
201400015343;0;7;0;0;2;6;9;B01
201400015343;0;7;0;0;2;1;1;A01
201400015344;0;7;0;0;2;1;15;A01
201400015344;0;30;0;0;2;7;1;B01
201400015345;1;7;0;0;2;0;1;Z01
201400015345;0;33;0;0;2;5;15;B01
201400015346;0;32;0;8;0;8;0;A01
201400015347;1;2;0;0;1;1;1;Z01
201400015348;0;7;0;1;0;4;1;A01
201400015349;1;99;0;0;2;0;1;Z01
201400015349;0;1;0;0;2;0;0;B01
201400015350;0;7;0;0;2;1;1;A01
201400015350;0;99;0;0;2;8;1;B01
201400015351;0;7;0;0;2;2;13;A01
201400015351;0;30;0;0;2;8;3;B01
201400015352;0;7;0;0;2;2;9;A01
201400015352;0;34;0;0;2;3;1;B01
201400015353;0;7;0;0;2;4;11;B01
201400015353;0;30;0;0;2;1;2;A01
201400015354;0;7;0;14;1;4;4;A01
201400015355;0;7;0;0;2;6;1;B01
201400015355;0;32;0;0;2;1;0;A01
201400015356;0;10;0;0;1;2;1;A01
201400015357;0;7;0;0;2;1;15;A01
201400015357;0;33;0;0;2;6;1;B01
201400015358;0;2;0;0;2;1;1;A01
201400015358;1;30;0;0;2;2;15;Z01
201400015359;0;30;0;0;2;1;1;B01
201400015359;0;7;0;0;2;6;15;A01
201400015360;0;7;0;0;1;3;1;A01
201400015361;0;33;0;0;0;1;0;A01
201400015362;0;33;0;0;2;1;1;B01
201400015362;0;7;0;0;2;7;15;A01
201400015363;0;32;0;0;0;0;1;A01
201400015364;1;7;0;0;0;0;0;Z01
201400015364;0;3;0;9;1;2;21;A01
201400015365;0;7;0;0;2;5;9;B01
201400015365;0;32;0;0;2;4;21;A01
201400015366;0;7;0;0;2;4;2;B01
201400015366;0;7;0;0;2;1;2;A01
201400015367;0;34;0;0;2;5;1;B01
201400015367;1;7;0;0;2;3;10;Z01
201400015368;0;7;0;0;1;4;4;A01
201400015369;0;7;0;0;1;2;1;A01
201400015370;0;33;0;0;2;1;1;B01
201400015370;0;10;0;0;2;2;15;A01
201400015371;0;7;0;0;0;3;13;A01
201400015372;0;7;0;0;2;9;17;A01
201400015372;0;7;0;0;2;3;1;C01
201400015372;0;7;0;0;2;7;1;B01
201400015373;0;2;0;0;0;8;1;A01
201400015374;0;7;0;0;2;1;1;A01
201400015374;0;7;0;0;2;8;1;B01
201400015375;0;30;0;0;2;7;17;B01
201400015375;0;7;0;0;2;8;15;A01
201400015376;1;7;0;0;2;0;9;Z01
201400015376;0;33;0;0;2;5;1;A01
201400015377;1;7;0;0;2;4;11;Z01
201400015377;0;33;0;0;2;1;1;A01
201400015378;0;33;0;0;0;0;0;A01
201400015379;0;37;3;0;2;3;17;B01
201400015379;1;7;0;0;2;0;9;Z01
201400015380;0;7;0;0;2;3;9;A01
201400015380;0;7;0;0;2;5;14;B01
201400015381;0;2;0;0;0;1;1;A01
201400015382;0;7;0;0;2;3;1;B01
201400015382;1;7;0;0;2;1;1;Z01
201400015383;0;7;0;6;0;2;21;A01
201400015384;0;7;0;0;2;6;9;A01
201400015384;0;33;0;0;2;1;1;B01
201400015385;1;30;0;0;1;1;1;Z01
201400015386;0;32;0;0;2;1;1;A01
201400015386;0;7;0;0;2;8;1;B01
201400015387;0;7;0;0;2;5;15;B01
201400015387;0;33;0;0;2;9;18;A01
201400015388;0;34;0;0;2;4;23;B01
201400015388;0;7;0;0;2;1;1;A01
201400015389;0;7;0;0;2;1;13;A01
201400015389;0;14;0;0;2;7;1;B01
201400015390;0;33;0;0;2;2;17;B01
201400015390;0;7;0;0;2;1;9;A01
201400015390;0;34;0;0;2;3;23;C01
201400015391;0;7;0;0;2;1;2;A01
201400015391;0;7;0;0;2;4;2;B01
201400015392;0;17;0;0;1;1;1;A01
201400015393;0;7;0;0;2;3;1;A01
201400015393;0;7;0;0;2;5;15;B01
201400015394;0;7;0;0;2;4;23;C01
201400015394;0;7;0;0;2;1;2;A01
201400015394;0;7;0;0;2;4;2;B01
201400015395;0;7;0;0;1;3;15;A01
201400015396;0;1;0;0;2;1;1;B01
201400015396;0;7;0;0;2;7;1;A01
201400015397;1;7;0;0;1;0;1;Z01
201400015398;0;7;0;0;2;3;1;B01
201400015398;0;32;0;0;2;1;1;A01
201400015399;0;7;0;0;2;2;7;A01
201400015399;0;7;0;0;2;6;16;B01
201400015400;0;7;0;0;2;4;2;B01
201400015400;1;7;0;0;2;1;2;Z01
201400015401;0;7;0;0;2;7;1;A01
201400015401;0;33;0;0;2;1;1;B01
201400015402;0;7;0;0;2;4;1;B01
201400015402;0;7;0;0;2;2;1;A01
201400015403;0;7;0;0;1;3;1;A01