num_acc;senc;catv;occutc;obs;obsm;choc;manv;num_veh
201400015404;0;7;0;0;2;8;13;A01
201400015404;0;32;0;0;2;7;17;B01
201400015405;0;7;0;0;2;1;15;B01
201400015405;0;7;0;0;2;2;1;A01
201400015406;1;2;0;0;2;0;2;Z01
201400015406;0;2;0;0;2;1;2;B01
201400015407;0;7;0;0;2;1;2;B01
201400015407;0;7;0;0;2;1;16;A01
201400015408;0;2;0;0;2;1;2;A01
201400015408;0;7;0;0;2;5;1;B01
201400015409;0;32;0;0;2;1;17;A01
201400015409;0;7;0;0;2;3;15;B01
201400015410;0;7;0;0;1;1;1;A01
201400015411;0;7;0;0;1;1;1;A01
201400015412;0;33;0;14;0;2;1;A01
201400015413;0;7;0;0;1;1;15;A01
201400015414;1;7;0;0;1;1;1;Z01
201400015415;0;7;0;0;2;2;15;A01
201400015415;0;34;0;0;2;1;1;B01
201400015416;0;7;0;0;2;1;2;A01
201400015416;0;7;0;0;2;4;2;B01
201400015416;0;7;0;0;2;4;23;C01
201400015417;0;7;0;0;2;1;2;A01
201400015417;0;7;0;0;2;4;2;B01
201400015418;0;32;0;0;2;1;21;B01
201400015418;0;7;0;0;2;7;15;A01
201400015419;0;30;0;0;2;1;1;A01
201400015419;0;7;0;0;2;4;1;B01
201400015420;0;7;0;0;2;4;1;B01
201400015420;1;7;0;0;2;0;0;Z01
201400015421;0;32;0;0;2;2;1;B01
201400015421;0;7;0;0;2;1;9;A01
201400015422;0;30;0;0;2;2;15;B01
201400015422;0;7;0;0;2;3;15;A01
201400015423;0;7;0;9;1;1;21;A01
201400015424;0;7;0;0;1;1;1;A01
201400015425;0;7;0;0;2;3;1;B01
201400015425;0;7;0;0;2;3;13;A01
201400015426;0;7;0;0;2;8;15;A01
201400015426;0;33;0;0;2;1;2;B01
201400015427;0;7;0;0;2;3;15;B01
201400015427;0;30;0;0;2;7;3;A01
201400015428;0;34;0;0;2;1;0;A01
201400015428;0;7;0;0;2;6;16;B01
201400015429;0;7;0;0;9;1;15;A01
201400015429;0;32;0;1;2;0;21;B01
201400015430;0;7;0;0;9;4;1;A01
201400015430;0;1;0;0;2;4;1;B01
201400015431;0;1;0;0;0;1;1;A01
201400015432;0;7;0;0;2;2;15;A01
201400015432;0;33;0;0;2;1;16;B01
201400015433;0;7;0;0;1;3;1;A01
201400015434;0;7;0;0;2;3;11;B01
201400015434;0;30;0;0;2;1;1;A01
201400015435;0;7;0;0;2;1;2;A01
201400015435;0;7;0;0;2;4;2;B01
201400015435;0;7;0;0;2;4;2;C01
201400015436;0;7;0;8;0;1;14;A01
201400015437;0;7;0;0;1;2;1;A01
201400015438;0;7;0;0;2;3;9;A01
201400015438;0;37;1;0;2;2;1;B01
201400015439;0;32;0;0;2;7;17;A01
201400015439;0;7;0;0;2;8;15;B01
201400015440;0;33;0;0;2;1;1;B01
201400015440;0;30;0;0;2;7;19;A01
201400015441;0;7;0;0;2;4;2;B01
201400015441;0;10;0;0;2;1;2;A01
201400015442;0;2;0;0;0;0;15;A01
201400015443;0;14;0;0;2;4;4;A01
201400015443;0;99;0;0;2;7;2;B01
201400015444;0;7;0;0;1;1;1;A01
201400015445;1;7;0;0;1;1;1;Z01
201400015446;0;7;0;4;0;2;1;A01
201400015447;0;30;0;0;2;1;1;B01
201400015447;0;7;0;0;2;7;15;A01
201400015448;0;32;0;0;2;7;1;A01
201400015448;1;32;0;0;2;0;0;Z01
201400015449;0;1;0;0;9;1;21;A01
201400015450;0;7;0;0;2;4;1;B01
201400015450;0;7;0;0;2;1;1;A01
201400015451;0;7;0;1;0;1;0;A01
201400015452;0;7;0;0;1;7;1;A01
201400015453;0;7;0;0;2;4;2;B01
201400015453;0;7;0;0;2;1;2;A01
201400015454;0;7;0;0;0;0;17;A01
201400015455;0;7;0;0;2;5;1;A01
201400015455;0;31;0;0;2;1;1;B01
201400015456;0;7;0;1;9;1;17;A01
201400015457;0;7;0;6;2;3;1;B01
201400015457;0;7;0;0;2;3;15;A01
201400015458;0;7;0;0;2;4;11;A01
201400015458;0;13;0;0;2;1;2;B01
201400015459;0;7;0;0;2;3;1;B01
201400015459;0;7;0;0;2;2;10;A01
201400015460;0;30;0;0;1;1;1;A01
201400015461;0;7;0;14;0;0;1;A01
201400015462;0;7;0;0;2;4;2;B01
201400015462;0;7;0;0;2;1;2;A01
201400015463;0;7;0;0;2;2;17;A01
201400015463;0;7;0;0;2;3;15;B01
201400015464;0;2;0;0;2;1;17;B01
201400015464;0;7;0;0;2;3;15;A01
201400015465;0;7;0;0;1;0;1;A01
201400015466;0;7;0;0;2;6;2;B01
201400015466;0;7;0;0;2;2;2;A01
201400015467;0;7;0;0;1;5;1;A01
201400015468;0;31;0;0;1;2;1;A01
201400015469;0;30;0;0;0;7;1;A01
201400015470;0;32;0;0;2;1;15;A01
201400015470;0;32;0;0;2;8;1;B01
201400015471;0;37;2;0;1;2;7;A01
201400015472;0;7;0;0;1;2;1;A01
201400015473;0;33;0;0;2;4;2;B01
201400015473;0;7;0;0;2;1;2;A01
201400015474;0;7;0;0;2;0;24;D01
201400015474;0;10;0;1;0;1;2;A01
201400015475;0;30;0;0;2;1;15;A01
201400015475;0;7;0;0;2;2;16;B01
201400015476;0;7;0;0;1;1;1;A01
201400015477;0;7;0;0;2;1;1;B01
201400015477;0;7;0;0;2;2;16;A01
201400015478;0;2;0;0;2;2;1;A01
201400015478;1;7;0;0;2;0;15;Z01
201400015479;0;10;0;0;1;2;1;A01
201400015480;0;7;0;8;0;2;2;A01
201400015481;0;30;0;0;2;1;1;A01
201400015481;0;7;0;0;2;7;1;B01
201400015482;0;7;0;0;2;1;10;A01
201400015482;0;33;0;0;2;1;1;B01
201400015483;0;7;0;0;2;3;0;A01
201400015483;0;33;0;0;2;1;2;B01
201400015484;0;7;0;0;2;8;1;A01
201400015484;0;32;0;0;2;4;2;C01
201400015484;0;33;0;0;2;7;2;B01
201400015485;0;14;0;0;2;6;23;B01
201400015485;0;14;0;0;2;2;13;A01
201400015486;0;7;0;0;2;4;1;B01
201400015486;0;7;0;0;2;4;1;C01
201400015486;0;7;0;0;2;1;1;A01
201400015487;0;7;0;0;1;7;1;A01
201400015488;0;7;0;0;1;3;1;A01
201400015489;0;7;0;0;2;3;15;A01
201400015489;0;32;0;0;2;1;1;B01
201400015490;0;7;0;0;2;4;2;C01
201400015490;0;7;0;0;2;4;2;B01
201400015490;0;10;0;0;2;1;2;A01
201400015491;0;20;0;0;0;0;0;A01
201400015492;0;30;0;7;0;1;1;A01
201400015493;0;31;0;0;0;0;1;A01
201400015494;0;7;0;0;2;3;9;A01
201400015494;0;33;0;0;2;1;1;B01
201400015495;0;34;0;0;2;3;1;A01
201400015495;0;7;0;0;2;1;15;B01
201400015496;0;7;0;0;2;3;15;B01
201400015496;0;33;0;0;2;2;17;A01
201400015497;0;37;1;0;1;5;1;A01
201400015498;0;7;0;1;0;2;1;A01
201400015498;0;7;0;0;2;8;22;B01
201400015499;1;7;0;0;1;0;1;Z01
201400015500;0;7;0;0;1;7;1;A01
201400015501;0;10;0;0;2;2;1;B01
201400015501;0;7;0;0;2;3;11;A01
201400015502;0;7;0;0;1;2;1;A01
201400015503;0;30;0;1;2;1;1;B01
201400015503;0;7;0;0;2;1;15;A01
201400015504;0;2;0;0;0;7;1;A01
201400015505;0;7;0;0;1;2;1;A01
201400015506;0;7;0;0;2;3;15;B01
201400015506;0;7;0;0;2;2;17;A01
201400015507;0;30;0;0;2;1;1;B01
201400015507;0;7;0;0;2;3;4;A01
201400015508;0;33;0;0;1;1;13;A01
201400015509;0;7;0;0;9;3;13;A01
201400015509;0;1;0;0;2;1;1;B01
201400015510;0;10;0;0;2;1;2;A01
201400015510;0;7;0;0;2;4;23;B01
201400015511;0;7;0;0;2;2;12;A01
201400015511;0;32;0;0;2;4;1;B01
201400015512;1;7;0;0;2;2;0;Z01
201400015512;0;33;0;0;2;8;11;A01
201400015513;0;34;0;0;2;3;1;B01
201400015513;0;7;0;0;2;3;15;A01
201400015514;0;7;0;2;0;3;13;A01
201400015515;0;7;0;0;2;2;1;B01
201400015515;0;1;0;0;2;8;13;A01
201400015516;1;33;0;0;1;1;1;Z01
201400015517;1;7;0;0;1;1;1;Z01
201400015518;0;7;0;6;0;3;0;A01
201400015519;0;7;0;0;2;3;1;B01
201400015519;0;30;0;0;2;2;17;A01
201400015520;0;32;0;0;1;1;1;A01
201400015521;0;7;0;1;0;2;1;A01
201400015522;0;30;0;0;2;2;1;B01
201400015522;1;30;0;0;2;1;5;Z01
201400015523;0;2;0;0;2;1;7;A01
201400015523;0;7;0;0;2;5;16;B01
201400015524;0;30;0;0;2;1;1;B01
201400015524;0;7;0;0;2;3;10;A01
201400015525;0;7;0;0;2;3;2;B01
201400015525;0;33;0;0;2;4;2;C01
201400015525;0;33;0;0;2;5;2;A01
201400015526;0;7;0;9;0;7;1;A01
201400015527;0;7;0;0;2;2;9;A01
201400015527;0;7;0;0;2;8;1;B01
201400015528;0;32;0;0;1;1;17;A01
201400015529;1;7;0;0;1;1;1;Z01
201400015530;0;33;0;0;2;2;1;A01
201400015530;0;7;0;0;2;6;1;B01
201400015531;0;7;0;2;0;1;1;A01
201400015532;0;30;0;0;2;1;1;B01
201400015532;0;7;0;0;2;5;15;A01
201400015533;0;7;0;0;2;3;7;B01
201400015533;0;7;0;0;2;2;12;A01
201400015534;0;7;0;0;2;4;2;B01
201400015534;0;7;0;0;2;4;24;C01
201400015534;0;33;0;0;2;1;2;A01
201400015535;0;33;0;0;0;1;1;A01
201400015536;1;7;0;0;1;1;1;Z01
201400015537;0;2;0;0;9;1;1;A01
201400015538;0;7;0;0;2;0;1;B01
201400015538;0;33;0;0;2;8;13;A01
201400015539;0;7;0;0;2;1;2;A01
201400015539;0;7;0;0;2;4;1;B01
201400015540;0;7;0;0;1;2;1;A01
201400015541;0;7;0;8;0;1;1;A01
201400015542;1;32;0;0;2;1;1;Z01
201400015542;0;7;0;0;2;6;20;B01
201400015543;0;7;0;0;1;1;1;A01
201400015544;0;32;0;0;2;0;21;B01
201400015544;0;7;0;0;2;0;10;A01
201400015545;0;34;0;0;2;8;9;A01
201400015545;0;7;0;0;2;2;1;B01
201400015546;0;7;0;6;0;1;1;A01
201400015547;0;7;0;0;1;1;1;A01
201400015548;1;7;0;0;1;1;1;Z01
201400015549;0;40;0;0;1;1;1;A01
201400015550;0;7;0;0;2;1;1;B01
201400015550;0;7;0;0;2;7;15;A01
201400015551;0;7;0;0;2;1;1;B01
201400015551;1;7;0;0;2;7;15;Z01
201400015552;0;7;0;0;1;7;1;A01
201400015553;0;7;0;0;2;4;1;B01
201400015553;1;7;0;0;2;1;2;Z01
201400015554;1;2;0;0;1;1;1;Z01
201400015555;0;33;0;0;0;2;1;A01
201400015556;0;7;0;0;1;1;15;A01
201400015557;0;7;0;0;2;2;14;B01
201400015557;0;34;0;0;2;3;14;A01
201400015558;0;7;0;0;2;3;9;A01
201400015558;0;7;0;0;2;1;1;B01
201400015559;0;33;0;8;0;1;0;A01
201400015560;0;20;0;0;2;4;1;B01
201400015560;0;7;0;0;2;1;1;A01
201400015561;0;7;0;0;2;4;2;B01
201400015561;0;33;0;0;2;1;2;A01
201400015562;0;7;0;0;2;2;1;B01
201400015562;1;7;0;0;2;1;10;Z01
201400015563;0;7;0;0;2;1;2;A01
201400015563;0;7;0;0;2;4;2;C01
201400015563;0;34;0;0;2;4;2;B01
201400015564;0;7;0;0;2;1;1;B01
201400015564;0;7;0;0;2;3;15;A01
201400015565;0;7;0;0;2;3;15;A01
201400015565;0;32;0;0;2;1;1;B01
201400015566;0;7;0;0;2;1;2;A01
201400015566;0;7;0;0;2;4;2;B01
201400015567;0;34;0;0;2;2;1;A01
201400015567;0;7;0;0;2;3;15;B01
201400015568;0;7;0;0;1;1;1;A01
201400015569;0;33;0;0;2;1;1;B01
201400015569;0;7;0;0;2;1;15;A01
201400015570;1;7;0;0;1;1;1;Z01
201400015571;0;7;0;0;2;1;2;A01
201400015571;0;7;0;0;2;4;2;B01
201400015572;0;7;0;0;2;1;23;B01
201400015572;0;10;0;0;2;4;4;A01
201400015573;0;7;0;0;2;7;15;A01
201400015573;0;32;0;0;2;1;1;B01
201400015574;0;30;0;0;2;1;1;B01
201400015574;0;7;0;0;2;2;1;A01
201400015575;0;32;0;1;2;1;1;B01
201400015575;0;7;0;0;2;2;9;A01
201400015576;0;7;0;0;1;2;15;A01
201400015577;0;33;0;0;2;1;1;B01
201400015577;0;7;0;0;2;2;15;A01
201400015578;1;7;0;0;1;1;1;Z01
201400015579;0;7;0;0;1;0;1;A01
201400015580;0;7;0;0;2;3;13;B01
201400015580;0;7;0;0;2;1;13;A01
201400015581;0;32;0;0;0;7;0;A01
201400015582;0;30;0;0;2;0;0;B01
201400015582;0;7;0;0;2;0;0;A01
201400015583;0;32;0;0;2;1;21;B01
201400015583;0;7;0;0;2;7;9;A01
201400015584;0;30;0;0;2;7;2;B01
201400015584;0;7;0;0;2;3;15;A01
201400015585;0;7;0;0;1;2;15;A01
201400015586;0;30;0;0;2;4;1;B01
201400015586;0;7;0;0;2;4;19;A01
201400015587;0;7;0;0;1;4;4;A01
201400015588;0;33;0;0;2;2;17;A01
201400015588;0;7;0;0;0;3;15;B01
201400015589;0;33;0;0;1;7;1;A01
201400015590;0;33;0;0;2;1;1;B01
201400015590;0;7;0;0;2;2;9;A01
201400015591;1;7;0;0;2;0;1;Z01
201400015591;0;34;0;0;2;0;0;B01
201400015592;0;7;0;0;2;2;16;B01
201400015592;0;34;0;0;2;1;18;A01
201400015593;0;7;0;0;2;4;23;B01
201400015593;0;7;0;0;2;4;23;C01
201400015593;0;7;0;0;2;1;2;A01
201400015594;0;33;0;0;1;6;1;A01
201400015595;0;30;0;0;0;0;1;A01
201400015596;0;30;0;0;0;8;1;A01
201400015597;0;7;0;0;2;6;2;A01
201400015597;0;34;0;0;2;1;2;B01
201400015598;0;33;0;0;1;1;1;A01
201400015599;0;7;0;0;1;1;1;A01
201400015600;0;7;0;0;2;1;1;B01
201400015600;0;7;0;0;2;1;1;A01
201400015601;0;33;0;0;2;1;1;B01
201400015601;0;7;0;0;2;2;15;A01
201400015602;0;30;0;0;0;0;2;B01
201400015602;0;2;0;8;0;0;2;A01
201400015603;0;7;0;0;1;2;1;A01
201400015604;0;7;0;0;2;1;2;A01
201400015604;0;7;0;0;2;4;2;B01
201400015605;0;10;0;0;2;3;1;B01
201400015605;0;30;0;0;2;1;1;A01
201400015606;0;33;0;0;0;8;9;A01
201400015607;0;34;0;0;0;9;1;A01
201400015608;0;1;0;0;2;1;9;B01
201400015608;0;7;0;0;4;3;1;A01
201400015609;0;7;0;0;2;1;2;A01
201400015609;0;7;0;0;2;4;23;C01
201400015609;0;7;0;0;2;4;2;B01
201400015610;0;30;0;0;2;7;1;A01
201400015610;0;7;0;0;2;1;1;B01
201400015611;0;7;0;0;1;1;1;A01
201400015612;0;7;0;6;0;1;1;A01
201400015613;0;7;0;9;0;1;1;A01
201400015614;0;30;0;0;0;0;0;A01
201400015615;0;7;0;0;2;1;15;A01
201400015615;0;32;0;0;2;1;1;B01
201400015616;0;30;0;0;2;1;17;A01
201400015616;0;7;0;0;2;8;15;B01
201400015617;0;7;0;0;2;8;10;A01
201400015617;0;7;0;0;2;1;2;B01
201400015618;0;7;0;0;2;1;1;A01
201400015618;0;7;0;0;2;4;2;B01
201400015619;1;7;0;0;1;1;1;Z01
201400015620;1;7;0;0;2;2;1;Z01
201400015620;0;30;0;0;2;4;1;A01
201400015621;0;36;0;0;1;1;13;A01
201400015622;0;33;0;0;2;8;1;B01
201400015622;0;7;0;0;2;1;15;A01
201400015623;0;7;0;0;2;1;2;A01
201400015623;0;30;0;0;2;4;2;B01
201400015624;0;7;0;0;2;6;11;A01
201400015624;0;15;0;0;2;2;1;B01
201400015625;0;33;0;0;2;2;1;B01
201400015625;0;10;0;0;2;3;9;A01
201400015626;1;7;0;0;1;0;1;Z01
201400015627;0;7;0;0;2;2;1;A01
201400015627;0;1;0;0;2;2;1;B01
201400015628;0;32;0;0;1;1;1;A01
201400015629;0;7;0;0;2;2;1;A01
201400015629;0;7;0;0;2;1;1;B01
201400015630;1;33;0;1;1;0;1;Z01
201400015631;0;7;0;0;1;3;1;A01
201400015632;0;7;0;1;0;1;21;A01
201400015633;0;33;0;0;2;2;17;B01
201400015633;0;7;0;0;2;3;10;A01
201400015634;1;7;0;0;2;1;12;Z01
201400015634;0;7;0;0;2;4;23;C01
201400015634;0;7;0;0;2;4;23;B01
201400015634;1;7;0;0;2;4;23;A01
201400015635;0;7;0;8;0;1;0;A01
201400015636;0;34;0;0;2;2;17;B01
201400015636;0;7;0;0;2;6;15;A01
201400015637;0;7;0;0;2;8;11;A01
201400015637;0;33;0;0;2;2;1;B01
201400015638;0;7;0;0;2;6;15;A01
201400015638;0;34;0;0;2;1;1;B01
201400015639;0;30;0;0;2;1;1;B01
201400015639;0;7;0;0;2;3;15;A01
201400015640;0;7;0;0;1;2;1;A01
201400015641;0;7;0;0;2;1;15;B01
201400015641;0;7;0;0;2;1;1;A01
201400015642;0;7;0;1;0;9;1;A01
201400015643;0;7;0;0;2;1;2;A01
201400015643;0;7;0;0;2;4;2;B01
201400015644;1;7;0;0;2;1;9;Z01
201400015644;0;2;0;0;2;5;1;B01
201400015645;1;7;0;0;1;1;1;Z01
201400015646;0;7;0;0;1;1;1;A01
201400015647;0;7;0;0;0;0;1;A01
201400015648;0;30;0;0;2;0;18;B01
201400015648;0;7;0;0;2;2;14;A01
201400015649;0;7;0;0;1;2;1;A01
201400015650;0;7;0;0;2;4;13;A01
201400015650;0;7;0;0;2;1;1;B01
201400015651;0;7;0;0;1;4;4;A01
201400015652;0;32;0;8;0;8;0;A01
201400015653;0;7;0;0;2;3;13;A01
201400015653;0;7;0;0;2;8;1;B01
201400015654;0;7;0;0;2;1;2;A01
201400015654;0;10;0;0;2;4;1;D01
201400015654;0;7;0;0;2;4;2;C01
201400015654;0;7;0;0;2;4;1;B01
201400015655;0;7;0;0;1;2;16;A01
201400015656;0;7;0;15;0;1;1;A01
201400015657;0;33;0;0;2;0;7;A01
201400015657;1;7;0;0;2;0;7;Z01
201400015658;0;7;0;3;5;2;21;A01
201400015659;0;7;0;0;2;1;1;B01
201400015659;0;7;0;0;2;1;13;A01
201400015660;0;7;0;0;2;2;1;B01
201400015660;0;7;0;0;2;8;10;A01
201400015661;0;7;0;0;2;1;1;A01
201400015661;0;7;0;0;2;4;2;B01
201400015662;0;30;0;0;1;2;1;A01
201400015663;0;7;0;0;2;5;15;B01
201400015663;0;31;0;0;2;2;1;A01
201400015664;0;7;0;0;1;0;20;A01
201400015665;0;7;0;0;2;3;9;A01
201400015665;0;2;0;0;2;7;1;B01
201400015666;0;7;0;0;1;1;15;A01
201400015667;0;30;0;0;2;1;12;A01
201400015667;0;7;0;0;2;8;15;B01
201400015668;0;1;0;0;2;0;1;B01
201400015668;0;7;0;0;2;5;9;A01
201400015669;0;33;0;0;2;1;1;B01
201400015669;0;7;0;0;2;8;9;A01
201400015670;0;30;0;0;0;8;15;A01
201400015671;0;7;0;0;2;1;9;A01
201400015671;0;30;0;0;2;1;1;B01
201400015672;0;7;0;0;2;8;15;B01
201400015672;0;32;0;0;2;1;1;A01
201400015673;0;20;0;0;2;6;1;B01
201400015673;0;32;0;0;2;1;2;A01
201400015674;0;7;0;0;1;1;1;A01
201400015675;0;33;0;1;0;1;1;A01
201400015676;0;1;0;0;1;4;1;A01
201400015677;1;7;0;0;2;3;0;Z01
201400015677;0;37;2;0;2;3;1;A01
201400015678;0;32;0;0;0;3;21;A01
201400015679;0;7;0;0;2;1;1;A01
201400015679;0;7;0;0;2;2;1;B01
201400015680;0;7;0;0;2;3;0;A01
201400015680;0;7;0;0;2;2;15;B01
201400015681;0;7;0;0;2;5;24;C01
201400015681;0;7;0;0;2;3;9;A01
201400015681;0;7;0;1;2;1;1;B01
201400015682;0;7;0;0;1;1;1;A01
201400015683;0;33;0;0;2;4;1;A01
201400015683;1;10;0;0;2;1;2;Z01
201400015684;0;32;0;0;2;4;23;B01
201400015684;0;7;0;0;2;3;2;A01
201400015685;0;30;0;0;2;1;2;A01
201400015685;0;34;0;0;2;4;2;B01
201400015686;0;7;0;0;2;1;1;A01
201400015686;0;7;0;0;2;4;2;B01
201400015687;0;7;0;0;2;7;19;A01
201400015687;0;33;0;0;2;1;1;B01
201400015688;0;7;0;1;2;8;1;B01
201400015688;1;30;0;0;2;1;9;Z01
201400015689;0;37;1;0;2;3;1;A01
201400015689;0;34;0;0;2;1;1;B01
201400015690;0;1;0;0;1;2;1;A01
201400015691;0;1;0;0;1;2;1;A01
201400015692;0;34;0;8;0;1;1;A01
201400015693;0;31;0;0;2;6;1;B01
201400015693;0;7;0;0;2;1;1;A01
201400015694;1;7;0;0;1;4;0;Z01
201400015695;0;34;0;0;0;2;12;B01
201400015695;0;10;0;0;2;0;15;A01
201400015696;0;7;0;0;2;0;15;B01
201400015696;0;32;0;0;2;0;1;A01
201400015697;0;7;0;0;2;2;9;A01
201400015697;0;34;0;0;2;1;1;B01
201400015698;0;2;0;0;1;1;0;A01
201400015699;0;33;0;0;2;1;17;A01
201400015699;0;7;0;0;2;3;15;B01
201400015700;0;30;0;0;2;7;2;A01
201400015700;0;7;0;0;2;3;2;B01
201400015701;0;1;0;0;2;0;2;B01
201400015701;0;7;0;0;2;5;16;D01
201400015701;0;1;0;0;2;1;2;C01
201400015701;0;1;0;0;2;1;2;A01
201400015702;0;7;0;0;2;4;2;B01
201400015702;0;7;0;0;2;1;1;A01
201400015703;0;7;0;0;1;0;1;A01
201400015704;0;7;0;0;1;7;1;A01
201400015705;0;7;0;0;2;2;1;B01
201400015705;0;32;0;0;2;1;1;A01
201400015706;0;32;0;0;2;1;1;A01
201400015706;0;10;0;0;2;7;14;B01
201400015707;0;7;0;0;1;2;1;A01
201400015708;0;7;0;0;1;2;1;A01
201400015709;0;7;0;0;2;7;15;B01
201400015709;0;13;0;0;2;1;1;A01
201400015710;1;7;0;0;2;4;0;Z01
201400015710;0;7;0;0;2;3;1;A01
201400015711;0;37;1;0;1;2;15;A01
201400015712;1;7;0;0;2;7;1;Z01
201400015712;0;1;0;0;2;8;1;B01
201400015713;0;7;0;0;2;4;23;B01
201400015713;0;7;0;0;2;1;2;A01
201400015714;0;2;0;0;2;1;17;A01
201400015714;0;33;0;0;2;4;1;B01
201400015715;0;32;0;8;0;1;2;B01
201400015715;0;7;0;0;2;0;12;A01
201400015716;0;30;0;0;2;1;5;A01
201400015716;0;7;0;0;2;1;1;B01
201400015717;0;31;0;0;1;1;1;A01
201400015718;0;7;0;0;2;1;15;A01
201400015718;0;7;0;0;2;8;1;B01
201400015719;0;7;0;0;2;1;9;A01
201400015719;0;33;0;0;2;8;1;B01
201400015720;0;7;0;0;2;8;10;A01
201400015720;0;33;0;0;2;1;1;B01
201400015721;0;7;0;0;2;1;9;A01
201400015721;0;1;0;0;2;4;1;B01
201400015722;1;10;0;0;2;8;11;Z01
201400015722;0;32;0;0;2;7;1;A01
201400015723;0;33;0;12;0;7;20;A01
201400015724;1;7;0;0;1;1;1;Z01
201400015725;0;2;0;1;0;4;1;B01
201400015725;1;7;0;0;2;0;0;Z01
201400015726;0;7;0;0;0;3;1;A01
201400015727;0;30;0;11;0;1;1;A01
201400015728;0;7;0;0;2;3;1;B01
201400015728;0;1;0;0;2;1;1;A01
201400015729;0;33;0;0;2;1;0;A01
201400015729;1;7;0;0;2;7;1;Z01
201400015730;0;33;0;0;2;7;2;A01
201400015730;1;7;0;0;2;8;13;Z01
201400015731;0;7;0;0;1;7;1;A01
201400015732;0;33;0;0;1;0;1;A01
201400015733;1;30;0;0;2;7;0;Z01
201400015733;0;7;0;0;2;1;1;A01
201400015734;0;7;0;0;2;2;15;B01
201400015734;0;7;0;0;2;1;1;A01
201400015735;0;7;0;0;2;1;5;B01
201400015735;0;7;0;0;2;1;1;A01
201400015736;0;7;0;0;2;4;1;B01
201400015736;0;7;0;0;2;2;1;A01
201400015737;0;34;0;0;2;1;1;B01
201400015737;0;7;0;0;2;6;21;A01
201400015738;0;7;0;0;2;1;1;A01
201400015738;0;31;0;0;2;4;2;B01
201400015739;0;30;0;0;0;7;21;A01
201400015740;0;2;0;0;2;1;17;B01
201400015740;0;7;0;0;2;3;15;A01
201400015741;0;7;0;0;2;6;4;A01
201400015741;0;30;0;0;2;1;1;B01
201400015742;0;33;0;0;2;1;5;A01
201400015742;0;34;0;0;2;1;1;B01
201400015743;0;7;0;0;1;1;1;A01
201400015744;0;30;0;0;2;1;17;B01
201400015744;0;7;0;0;2;8;15;A01
201400015745;0;7;0;0;2;8;0;B01
201400015745;0;14;0;0;2;7;1;A01
201400015746;0;7;0;0;2;4;1;C01
201400015746;0;7;0;0;2;1;1;A01
201400015746;0;10;0;0;2;4;1;B01
201400015747;0;32;0;0;1;0;1;A01
201400015748;0;33;0;0;2;1;1;B01
201400015748;0;7;0;0;2;6;15;A01
201400015749;0;7;0;6;0;2;1;A01
201400015750;1;7;0;0;2;0;0;Z01
201400015750;0;34;0;0;2;1;2;A01
201400015751;0;7;0;0;2;6;2;B01
201400015751;0;33;0;0;2;2;2;A01
201400015752;1;7;0;0;2;1;17;Z01
201400015752;0;7;0;0;2;8;1;A01
201400015752;0;7;0;0;2;4;1;B01
201400015753;0;30;0;0;2;3;1;A01
201400015753;0;33;0;0;2;7;1;B01
201400015754;0;7;0;9;0;1;15;A01
201400015754;0;33;0;0;2;2;1;B01
201400015755;0;2;0;0;2;3;2;A01
201400015755;0;37;1;0;2;7;2;B01
201400015756;0;33;0;0;2;0;1;B01
201400015756;0;7;0;0;0;0;11;A01
201400015757;0;10;0;0;1;3;11;A01
201400015758;1;99;0;0;1;0;1;Z01
201400015759;0;7;0;0;2;2;15;B01
201400015759;0;7;0;0;2;1;2;A01
201400015760;0;30;0;0;2;1;1;B01
201400015760;0;7;0;0;2;8;9;A01
201400015761;0;7;0;0;2;8;1;B01
201400015761;0;7;0;0;2;2;12;A01
201400015762;0;7;0;0;1;1;1;A01
201400015763;0;7;0;0;1;1;15;A01
201400015764;0;7;0;0;2;2;17;A01
201400015764;0;7;0;0;2;3;3;B01
201400015765;0;30;0;0;2;0;1;A01
201400015765;0;7;0;0;9;8;20;B01
201400015766;0;7;0;0;2;3;9;A01
201400015766;0;32;0;0;2;1;17;B01
201400015767;0;7;0;0;2;8;15;B01
201400015767;0;34;0;0;2;1;17;A01
201400015768;0;33;0;0;2;2;1;B01
201400015768;1;7;0;0;2;0;19;Z01
201400015769;0;7;0;0;2;4;20;B01
201400015769;1;7;0;0;2;1;1;Z01
201400015770;0;7;0;0;2;7;23;B01
201400015770;0;33;0;0;2;1;18;A01
201400015771;0;33;0;0;0;0;21;B01
201400015771;0;30;0;0;0;0;21;A01
201400015772;0;30;0;0;2;1;10;A01
201400015772;0;30;0;0;2;3;10;B01
201400015773;0;7;0;0;2;0;2;A01
201400015773;0;7;0;0;2;7;2;B01
201400015774;1;7;0;0;1;7;1;Z01
201400015775;1;7;0;0;2;7;15;Z01
201400015775;0;2;0;0;2;3;1;A01
201400015775;0;7;0;0;2;3;23;B01
201400015776;0;33;0;8;0;1;15;A01
201400015777;0;30;0;14;0;8;1;A01
201400015778;0;30;0;0;0;0;0;A01
201400015779;0;33;0;0;2;6;2;B01
201400015779;0;7;0;0;2;0;2;A01
201400015780;1;32;0;0;1;1;0;Z01
201400015781;1;7;0;0;1;1;1;Z01
201400015782;0;7;0;0;2;1;2;B01
201400015782;0;13;0;0;2;4;2;A01
201400015783;1;7;0;0;2;7;15;Z01
201400015783;0;32;0;0;2;1;1;B01