num_acc;senc;catv;occutc;obs;obsm;choc;manv;num_veh
201400015784;0;7;0;0;2;1;1;B01
201400015784;0;7;0;0;2;2;19;A01
201400015785;0;37;1;0;2;6;23;B01
201400015785;0;2;0;0;2;1;18;A01
201400015786;0;30;0;0;2;0;9;B01
201400015786;1;7;0;0;2;0;1;Z01
201400015787;0;7;0;0;1;1;1;A01
201400015788;0;32;0;0;2;8;2;A01
201400015788;0;7;0;0;2;7;2;B01
201400015789;1;7;0;0;1;1;1;Z01
201400015790;0;32;0;0;2;2;21;A01
201400015790;0;7;0;0;2;3;1;B01
201400015791;0;33;0;0;0;7;1;B01
201400015791;0;7;0;0;0;0;15;A01
201400015792;0;7;0;0;1;3;4;A01
201400015793;0;7;0;0;0;0;0;B01
201400015793;0;1;0;0;2;1;1;A01
201400015794;0;7;0;0;2;9;23;B01
201400015794;0;13;0;0;2;4;23;C01
201400015794;0;7;0;0;2;1;2;A01
201400015795;0;7;0;0;1;0;1;A01
201400015796;0;7;0;0;2;1;9;A01
201400015796;0;7;0;0;2;8;1;B01
201400015797;0;7;0;0;2;2;9;A01
201400015797;0;32;0;0;2;2;1;B01
201400015798;0;7;0;0;2;4;2;B01
201400015798;0;7;0;0;2;1;2;A01
201400015799;0;7;0;0;2;1;1;A01
201400015799;0;7;0;0;1;1;16;B01
201400015800;0;7;0;0;2;4;23;B01
201400015800;0;7;0;0;2;1;2;A01
201400015801;0;7;0;0;2;5;15;A01
201400015801;0;33;0;0;2;3;1;B01
201400015802;0;7;0;0;1;2;15;A01
201400015803;0;7;0;0;2;0;1;B01
201400015803;0;14;0;0;2;2;9;A01
201400015804;1;7;0;0;2;0;0;Z01
201400015804;0;34;0;0;2;7;1;A01
201400015805;1;7;0;0;2;0;1;Z01
201400015805;0;7;0;0;2;1;1;A01
201400015806;0;7;0;0;2;1;1;B01
201400015806;0;7;0;0;2;7;1;A01
201400015807;0;7;0;0;2;3;1;B01
201400015807;0;30;0;0;2;3;1;A01
201400015808;0;33;0;0;2;1;1;A01
201400015808;0;7;0;0;2;4;1;B01
201400015809;0;33;0;0;2;1;15;A01
201400015809;0;7;0;0;2;2;19;B01
201400015810;0;7;0;0;2;8;1;B01
201400015810;0;7;0;0;2;1;19;A01
201400015811;0;7;0;0;2;2;1;B01
201400015811;0;7;0;0;2;1;19;A01
201400015812;1;7;0;0;1;1;1;Z01
201400015813;0;7;0;0;1;2;1;A01
201400015814;0;7;0;0;2;6;1;A01
201400015814;0;33;0;0;2;1;12;B01
201400015815;0;32;0;0;2;0;2;A01
201400015815;0;7;0;0;2;0;11;B01
201400015816;0;7;0;0;2;7;15;A01
201400015816;0;7;0;0;2;2;1;B01
201400015817;0;7;0;0;2;4;2;A01
201400015817;0;7;0;0;2;4;2;B01
201400015818;0;7;0;0;2;8;1;B01
201400015818;0;7;0;0;2;1;9;A01
201400015819;0;37;1;0;2;6;23;B01
201400015819;0;32;0;0;2;1;1;A01
201400015820;0;10;0;0;1;0;1;A01
201400015821;0;33;0;0;2;1;9;B01
201400015821;0;7;0;0;2;7;9;A01
201400015822;0;30;0;0;0;0;1;A01
201400015823;0;30;0;0;0;0;1;A01
201400015824;0;14;0;0;2;0;0;A01
201400015824;0;7;0;0;1;2;1;B01
201400015825;0;7;0;0;2;3;1;B01
201400015825;0;7;0;0;2;1;16;A01
201400015826;0;7;0;0;2;4;1;B01
201400015826;0;7;0;0;2;5;2;A01
201400015827;0;7;0;0;2;1;15;A01
201400015827;0;34;0;0;2;7;1;B01
201400015828;0;7;0;0;2;1;2;A01
201400015828;0;10;0;0;2;4;23;C01
201400015828;0;7;0;0;2;4;23;B01
201400015829;0;32;0;0;1;1;1;A01
201400015830;0;31;0;0;2;1;1;B01
201400015830;0;7;0;0;2;3;9;A01
201400015831;0;7;0;0;2;3;1;B01
201400015831;0;7;0;0;2;1;1;A01
201400015832;0;7;0;0;2;7;1;A01
201400015832;0;32;0;0;2;1;1;B01
201400015833;0;7;0;0;1;1;1;A01
201400015834;0;7;0;0;2;2;16;B01
201400015834;0;31;0;0;2;3;18;A01
201400015835;0;30;0;0;2;1;17;A01
201400015835;0;7;0;0;2;3;15;B01
201400015836;0;33;0;0;1;1;1;A01
201400015837;0;2;0;14;0;1;1;A01
201400015838;0;7;0;0;2;1;2;A01
201400015838;0;32;0;0;2;4;23;B01
201400015839;0;7;0;0;1;1;17;A01
201400015840;0;7;0;0;2;4;2;C01
201400015840;0;7;0;0;2;4;2;B01
201400015840;0;7;0;0;2;1;2;A01
201400015841;0;7;0;0;2;2;1;B01
201400015841;0;7;0;0;2;1;11;A01
201400015842;0;7;0;0;2;3;9;A01
201400015842;0;30;0;0;2;1;17;B01
201400015843;0;7;0;0;2;6;1;B01
201400015843;0;7;0;0;2;4;4;A01
201400015844;0;7;0;0;1;3;1;A01
201400015845;0;34;0;0;0;0;1;A01
201400015846;0;3;0;0;1;1;1;A01
201400015847;0;7;0;0;2;3;23;B01
201400015847;0;7;0;0;2;8;1;A01
201400015848;0;7;0;6;0;1;1;A01
201400015848;0;7;0;0;0;0;1;C01
201400015848;0;7;0;0;0;0;1;B01
201400015849;0;7;0;8;0;1;6;A01
201400015850;0;7;0;0;2;4;2;B01
201400015850;0;32;0;0;2;1;2;A01
201400015851;0;7;0;0;2;4;23;C01
201400015851;0;7;0;0;2;4;2;B01
201400015851;0;10;0;0;2;1;2;A01
201400015852;0;7;0;0;2;8;15;A01
201400015852;0;30;0;0;2;2;17;B01
201400015853;0;7;0;1;0;2;14;A01
201400015854;0;7;0;2;0;2;0;A01
201400015855;0;2;0;0;2;3;0;A01
201400015855;0;7;0;0;2;2;16;B01
201400015856;0;7;0;0;2;7;1;B01
201400015856;0;34;0;0;2;1;5;A01
201400015857;0;7;0;0;2;8;10;A01
201400015857;0;7;0;0;2;2;2;B01
201400015858;0;30;0;0;1;0;0;A01
201400015859;0;7;0;0;2;5;1;A01
201400015859;0;7;0;0;2;2;1;B01
201400015860;0;7;0;0;2;1;2;A01
201400015860;0;7;0;0;2;4;2;B01
201400015861;0;7;0;0;2;3;0;C01
201400015861;0;37;1;0;2;1;1;B01
201400015861;0;7;0;0;2;1;16;A01
201400015862;0;99;0;0;2;6;1;B01
201400015862;0;7;0;0;2;3;9;A01
201400015863;0;7;0;0;2;3;13;B01
201400015863;0;7;0;0;2;1;16;A01
201400015864;0;33;0;1;2;1;1;A01
201400015864;0;7;0;0;2;1;9;B01
201400015865;0;7;0;0;2;4;1;B01
201400015865;0;30;0;0;2;1;2;A01
201400015866;1;7;0;0;1;1;1;Z01
201400015867;0;7;0;0;2;2;15;A01
201400015867;0;34;0;0;2;3;1;B01
201400015868;0;32;0;0;0;8;17;A01
201400015869;1;7;0;1;1;9;0;Z01
201400015870;0;1;0;0;1;1;1;A01
201400015871;0;7;0;0;2;1;2;A01
201400015871;0;32;0;0;2;4;11;B01
201400015872;0;32;0;0;2;7;1;B01
201400015872;0;7;0;0;2;3;9;A01
201400015873;0;7;0;0;2;7;19;A01
201400015873;0;2;0;0;2;1;19;B01
201400015874;0;34;0;0;1;1;19;A01
201400015875;0;2;0;0;2;1;1;A01
201400015875;0;7;0;0;2;3;1;B01
201400015876;1;7;0;0;2;5;1;Z01
201400015876;0;33;0;0;2;1;1;A01
201400015877;0;7;0;0;1;1;1;A01
201400015878;0;34;0;0;2;3;1;B01
201400015878;0;7;0;0;2;1;1;A01
201400015879;0;10;0;0;2;1;1;B01
201400015879;0;10;0;0;2;0;1;A01
201400015880;0;30;0;0;2;3;12;B01
201400015880;0;7;0;0;2;3;15;A01
201400015881;0;7;0;0;2;4;1;B01
201400015881;0;7;0;0;2;3;6;A01
201400015882;0;7;0;13;0;1;0;C01
201400015882;0;7;0;0;2;1;1;A01
201400015882;1;7;0;0;2;0;0;Z01
201400015883;0;7;0;0;2;3;15;B01
201400015883;0;7;0;8;2;2;17;A01
201400015884;0;7;0;0;2;1;1;B01
201400015884;0;7;0;0;2;1;15;A01
201400015885;0;32;0;0;2;1;17;A01
201400015885;0;7;0;0;2;3;15;B01
201400015886;1;7;0;0;1;1;16;Z01
201400015887;0;30;0;0;2;2;5;A01
201400015887;0;34;0;0;2;8;1;B01
201400015888;0;7;0;0;2;8;15;A01
201400015888;0;7;0;0;2;1;1;B01
201400015889;0;7;0;1;0;9;1;A01
201400015890;0;7;0;0;2;1;1;A01
201400015890;0;7;0;0;2;1;1;B01
201400015891;0;32;0;0;2;8;1;B01
201400015891;0;7;0;0;2;3;15;A01
201400015892;1;7;0;0;2;2;1;Z01
201400015892;0;7;0;0;2;6;0;A01
201400015893;0;7;0;0;2;8;15;A01
201400015893;0;32;0;1;2;7;17;B01
201400015894;0;7;0;0;2;4;2;B01
201400015894;0;7;0;0;2;1;2;A01
201400015894;0;7;0;0;2;4;23;C01
201400015895;0;7;0;0;2;2;1;B01
201400015895;0;7;0;0;2;1;9;A01
201400015896;0;32;0;0;0;0;1;A01
201400015897;0;7;0;0;2;1;23;A01
201400015897;1;7;0;0;2;1;1;Z01
201400015897;0;7;0;0;2;4;23;B01
201400015898;0;7;0;0;2;1;1;A01
201400015898;0;7;0;0;2;4;1;C01
201400015898;0;7;0;0;2;4;1;B01
201400015899;0;7;0;0;2;1;1;A01
201400015899;0;7;0;0;0;4;2;B01
201400015900;0;40;0;0;0;8;1;B01
201400015900;0;7;0;0;4;2;1;A01
201400015901;0;7;0;8;0;1;1;A01
201400015902;0;7;0;0;0;2;1;B01
201400015903;1;30;0;0;1;1;1;Z01
201400015904;0;7;0;0;2;6;15;A01
201400015904;0;33;0;0;2;3;17;B01
201400015905;0;30;0;0;2;1;1;A01
201400015905;1;7;0;0;2;0;1;Z01
201400015906;1;7;0;0;1;0;1;Z01
201400015907;0;7;0;0;2;3;15;B01
201400015907;0;34;0;0;2;1;17;A01
201400015908;0;7;0;0;2;5;12;A01
201400015908;0;32;0;0;2;3;12;B01
201400015909;0;7;0;0;2;6;9;B01
201400015909;0;7;0;0;2;1;1;A01
201400015910;0;7;0;0;2;2;1;B01
201400015910;0;7;0;0;2;8;11;A01
201400015911;1;7;0;0;2;2;11;Z01
201400015911;0;2;0;0;2;1;1;A01
201400015912;0;7;0;0;2;4;2;B01
201400015912;0;32;0;0;2;1;2;A01
201400015913;0;7;0;0;2;3;15;A01
201400015913;0;37;2;0;2;2;21;B01
201400015914;0;7;0;0;2;4;1;B01
201400015914;0;7;0;0;2;4;2;D01
201400015914;1;10;0;0;2;1;1;Z01
201400015914;0;7;0;0;2;4;2;C01
201400015915;0;7;0;0;2;4;2;A01
201400015915;0;7;0;0;2;1;2;B01
201400015915;0;7;0;0;2;1;2;C01
201400015916;0;34;0;0;2;1;1;B01
201400015916;1;7;0;0;2;7;1;Z01
201400015917;0;7;0;0;2;9;6;A01
201400015917;0;7;0;0;2;8;1;B01
201400015918;1;7;0;0;1;1;0;Z01
201400015919;0;7;0;0;1;2;1;A01
201400015920;0;40;0;0;1;0;1;A01
201400015921;0;7;0;0;1;6;15;A01
201400015922;1;7;0;0;2;1;17;Z01
201400015922;0;30;0;0;2;2;2;B01
201400015923;0;7;0;0;2;9;23;B01
201400015923;0;7;0;0;2;1;2;A01
201400015923;0;7;0;0;2;4;23;C01
201400015924;0;7;0;0;1;4;4;A01
201400015925;1;7;0;0;1;2;1;Z01
201400015926;0;13;0;0;2;1;1;A01
201400015926;1;7;0;0;2;0;1;Z01
201400015927;0;7;0;0;2;7;15;A01
201400015927;0;34;0;0;2;3;1;B01
201400015928;0;30;0;0;2;1;1;B01
201400015928;0;7;0;0;2;2;15;A01
201400015929;0;7;0;0;2;1;1;B01
201400015929;0;30;0;0;2;7;1;A01
201400015930;0;7;0;0;9;2;16;B01
201400015930;0;2;0;0;2;3;5;A01
201400015931;0;7;0;0;2;3;1;A01
201400015931;0;7;0;0;2;3;9;B01
201400015932;0;7;0;0;2;3;19;A01
201400015932;0;30;0;0;2;1;17;B01
201400015933;0;7;0;0;2;2;1;A01
201400015933;0;7;0;0;2;1;1;B01
201400015934;0;7;0;0;1;1;1;A01
201400015935;0;32;0;0;2;3;18;A01
201400015935;0;7;0;0;2;5;15;B01
201400015936;0;7;0;0;2;4;23;B01
201400015936;0;7;0;0;2;1;1;A01
201400015937;0;32;0;0;2;1;1;A01
201400015937;0;7;0;0;2;8;1;B01
201400015938;0;33;0;0;2;1;1;B01
201400015938;0;7;0;0;2;8;10;A01
201400015939;0;7;0;0;2;4;21;B01
201400015939;0;7;0;1;0;4;21;A01
201400015940;0;7;0;0;1;3;1;A01
201400015941;0;7;0;0;2;3;9;A01
201400015941;0;7;0;0;0;1;0;B01
201400015942;0;7;0;0;2;5;1;B01
201400015942;0;30;0;0;2;1;1;A01
201400015943;0;30;0;0;2;1;1;A01
201400015943;0;30;0;0;2;7;1;B01
201400015944;0;33;0;0;1;2;1;A01
201400015945;0;7;0;0;2;5;3;A01
201400015945;0;7;0;0;2;3;1;B01
201400015946;0;14;0;0;1;8;15;A01
201400015947;0;7;0;0;1;3;16;A01
201400015948;0;7;0;0;2;2;1;B01
201400015948;0;7;0;0;2;1;1;A01
201400015949;1;1;0;0;1;0;1;Z01
201400015950;0;33;0;0;2;7;17;B01
201400015950;0;7;0;0;2;3;23;C01
201400015950;0;7;0;0;2;8;18;A01
201400015951;0;7;0;0;2;5;1;B01
201400015951;0;34;0;0;2;1;1;A01
201400015952;0;7;0;0;2;2;19;A01
201400015952;0;7;0;0;2;1;1;B01
201400015953;0;7;0;0;2;1;1;B01
201400015953;0;7;0;0;2;2;15;A01
201400015954;0;7;0;0;2;4;2;B01
201400015954;0;7;0;0;2;1;2;A01
201400015955;0;7;0;0;9;8;2;A01
201400015955;0;1;0;0;2;7;2;B01
201400015956;0;7;0;0;1;1;1;A01
201400015957;1;7;0;0;1;0;1;Z01
201400015958;0;7;0;0;1;1;0;A01
201400015959;0;7;0;0;2;1;15;A01
201400015959;0;30;0;0;2;2;17;B01
201400015960;0;7;0;8;0;1;1;A01
201400015961;1;30;0;0;1;8;1;Z01
201400015962;0;30;0;0;0;0;1;A01
201400015963;0;7;0;0;2;3;15;A01
201400015963;0;30;0;0;2;9;1;B01
201400015964;0;10;0;0;2;2;1;B01
201400015964;0;1;0;0;2;8;19;A01
201400015965;0;7;0;0;2;7;16;B01
201400015965;0;33;0;0;2;8;2;A01
201400015966;0;7;0;0;2;2;19;A01
201400015966;0;33;0;0;2;1;1;B01
201400015967;0;7;0;0;2;3;13;A01
201400015967;0;7;0;0;2;8;1;B01
201400015968;1;7;0;0;1;0;1;Z01
201400015969;0;30;0;0;2;1;1;A01
201400015970;0;7;0;0;2;4;2;C01
201400015970;0;7;0;0;2;1;2;A01
201400015970;0;7;0;0;2;9;2;B01
201400015971;1;7;0;0;2;3;13;Z01
201400015971;0;30;0;0;2;1;1;A01
201400015972;0;7;0;8;0;1;1;A01
201400015973;0;7;0;0;2;3;15;A01
201400015973;0;7;0;0;2;3;1;B01
201400015974;1;7;0;0;1;0;0;Z01
201400015975;0;7;0;0;2;5;4;A01
201400015975;0;7;0;0;2;2;0;B01
201400015976;0;30;0;0;1;1;3;A01
201400015977;0;7;0;0;2;4;23;B01
201400015977;0;7;0;0;2;1;1;A01
201400015978;0;7;0;0;1;1;16;A01
201400015979;0;30;0;0;5;1;1;A01
201400015980;0;30;0;0;2;1;5;A01
201400015980;0;7;0;0;2;1;0;B01
201400015981;0;33;0;0;2;4;0;C01
201400015981;1;7;0;0;2;3;13;Z01
201400015981;0;7;0;0;2;3;1;B01
201400015982;0;7;0;0;2;1;1;A01
201400015982;0;7;0;0;2;3;1;B01
201400015983;0;2;0;0;0;1;1;A01
201400015984;0;7;0;0;2;1;1;B01
201400015984;0;7;0;0;2;6;1;A01
201400015985;0;10;0;0;2;1;1;A01
201400015985;0;7;0;0;2;4;23;B01
201400015986;0;33;0;0;2;0;1;A01
201400015986;0;10;0;0;2;2;12;B01
201400015987;0;7;0;15;0;2;1;A01
201400015988;0;7;0;0;2;1;1;B01
201400015988;0;7;0;16;2;1;6;A01
201400015989;0;7;0;0;1;4;4;A01
201400015990;0;7;0;0;2;2;2;A01
201400015990;0;7;0;0;2;3;23;B01
201400015990;0;7;0;0;2;6;2;C01
201400015991;0;30;0;0;2;1;2;A01
201400015991;0;10;0;0;2;4;2;B01
201400015992;0;7;0;0;2;4;2;B01
201400015992;0;33;0;0;2;1;2;A01
201400015993;0;7;0;0;2;3;9;A01
201400015993;0;30;0;0;2;1;1;B01
201400015994;0;32;0;0;2;1;1;B01
201400015994;0;7;0;0;2;3;1;A01
201400015995;0;32;0;0;2;0;17;B01
201400015995;0;7;0;0;2;0;13;A01
201400015996;0;7;0;0;2;4;2;B01
201400015996;0;7;0;0;2;4;1;C01
201400015996;0;7;0;0;2;1;2;A01
201400015997;0;33;0;0;1;1;1;A01
201400015998;0;7;0;0;1;2;1;A01
201400015999;0;7;0;0;2;1;9;A01
201400015999;0;7;0;0;2;7;1;B01
201400016000;0;7;0;0;2;1;2;A01
201400016000;0;7;0;0;2;9;2;B01
201400016000;0;7;0;0;2;4;2;C01
201400016001;0;2;0;0;1;1;2;A01
201400016002;0;7;0;0;2;3;1;B01
201400016002;0;34;0;0;2;1;1;A01
201400016003;0;7;0;0;2;1;9;A01
201400016003;0;30;0;0;2;8;1;B01
201400016004;0;7;0;8;0;1;1;A01
201400016005;0;7;0;0;2;8;15;A01
201400016005;0;33;0;0;2;1;1;B01
201400016006;0;31;0;0;2;2;1;A01
201400016006;1;7;0;0;2;3;1;Z01
201400016007;1;2;0;0;1;8;0;Z01
201400016008;0;7;0;1;0;3;15;A01
201400016009;0;30;0;0;2;5;17;A01
201400016009;0;7;0;0;2;3;2;B01
201400016010;0;7;0;0;2;6;1;B01
201400016010;0;33;0;11;2;3;17;A01
201400016011;0;33;0;0;2;1;1;B01
201400016011;0;7;0;0;2;2;15;A01
201400016012;0;7;0;0;1;7;13;A01
201400016013;0;7;0;0;1;1;9;A01
201400016014;0;7;0;0;2;2;1;B01
201400016014;0;7;0;0;2;8;9;A01
201400016015;0;7;0;0;2;1;1;B01
201400016015;1;16;0;0;2;4;1;Z01
201400016016;0;7;0;0;0;1;1;A01
201400016017;0;30;0;0;2;8;14;A01
201400016017;1;7;0;0;2;7;1;Z01
201400016018;0;10;0;0;1;4;4;A01
201400016019;0;33;0;6;0;2;0;A01
201400016020;0;7;0;0;2;1;1;B01
201400016020;0;30;0;0;2;1;19;A01
201400016021;0;7;0;0;2;4;23;B01
201400016021;0;7;0;0;2;1;2;A01
201400016022;0;7;0;0;2;2;15;A01
201400016022;0;7;0;0;2;1;1;B01
201400016023;0;33;0;1;0;1;21;A01
201400016024;0;30;0;0;2;1;9;A01
201400016024;0;7;0;0;2;2;1;B01
201400016025;1;7;0;0;1;1;15;Z01
201400016026;0;30;0;0;1;1;1;A01
201400016027;0;7;0;0;1;3;1;A01
201400016028;0;7;0;0;0;1;9;A01
201400016028;0;30;0;0;2;2;17;B01
201400016029;0;33;0;13;0;7;1;A01
201400016030;0;7;0;0;1;1;1;A01
201400016031;1;7;0;0;1;5;1;Z01
201400016032;0;7;0;0;2;3;1;B01
201400016032;0;10;0;0;2;2;15;A01
201400016033;0;7;0;0;2;1;17;A01
201400016033;0;7;0;0;2;2;1;B01
201400016034;1;7;0;0;2;1;1;B01
201400016034;0;7;0;0;2;2;10;A01
201400016035;0;7;0;0;2;4;2;C01
201400016035;0;7;0;0;2;1;2;A01
201400016035;0;7;0;0;0;4;2;B01
201400016036;0;7;0;8;0;1;14;A01
201400016037;0;7;0;0;2;3;10;A01
201400016037;0;34;0;0;2;2;1;B01
201400016038;0;7;0;0;2;4;2;B01
201400016038;0;7;0;0;2;1;2;A01
201400016039;1;10;0;0;2;1;1;Z01
201400016039;0;7;0;0;2;1;23;A01
201400016040;0;7;0;0;2;3;13;A01
201400016040;0;7;0;0;2;3;1;B01
201400016041;0;7;0;0;2;3;1;B01
201400016041;0;30;0;0;2;1;5;A01
201400016042;0;7;0;0;1;1;1;A01
201400016043;0;7;0;0;2;2;4;A01
201400016043;0;7;0;0;2;1;2;B01
201400016043;0;7;0;0;2;4;2;C01
201400016044;0;32;0;0;2;8;1;A01
201400016044;0;7;0;0;2;2;15;B01
201400016045;0;7;0;0;1;1;1;A01
201400016046;0;7;0;0;2;8;13;A01
201400016046;0;32;0;0;2;1;17;B01
201400016047;0;30;0;0;0;1;1;A01
201400016048;0;7;0;0;1;2;1;A01
201400016049;0;7;0;0;2;8;1;B01
201400016049;0;7;0;0;2;1;1;A01
201400016050;0;7;0;2;0;2;13;A01
201400016051;0;32;0;0;0;0;0;A01
201400016052;0;7;0;0;2;1;15;A01
201400016052;0;7;0;0;2;3;1;B01
201400016052;0;7;0;0;2;3;1;C01
201400016053;0;30;0;0;1;0;0;A01
201400016054;0;30;0;0;9;8;1;A01
201400016055;0;7;0;0;1;7;1;A01
201400016056;0;7;0;0;2;4;2;B01
201400016056;0;7;0;0;2;1;2;A01
201400016057;0;7;0;12;0;1;0;A01
201400016058;0;33;0;0;2;2;2;A01
201400016058;0;7;0;0;2;4;2;B01
201400016059;0;7;0;0;1;3;1;A01
201400016060;0;7;0;0;0;1;2;A01
201400016060;0;7;0;0;2;4;2;B01
201400016060;0;7;0;0;2;4;2;C01
201400016061;0;7;0;0;2;1;21;A01
201400016061;0;7;0;0;2;3;21;B01
201400016062;0;30;0;0;2;1;1;B01
201400016062;0;7;0;0;2;2;15;A01
201400016063;0;7;0;0;2;1;2;A01
201400016063;0;7;0;0;2;4;2;B01
201400016064;0;7;0;0;2;7;17;A01
201400016064;0;7;0;0;2;1;1;B01
201400016065;0;7;0;0;2;3;13;A01
201400016065;0;32;0;0;2;1;2;B01
201400016066;0;7;0;0;1;3;10;A01
201400016067;1;7;0;0;1;0;1;Z01
201400016068;1;7;0;0;1;0;1;Z01
201400016069;2;7;0;1;0;3;1;A01
201400016069;0;7;0;0;2;4;24;B01
201400016070;0;2;0;0;2;1;1;A01
201400016070;0;7;0;0;2;7;15;B01
201400016071;0;7;0;0;2;5;1;B01
201400016071;0;7;0;0;2;2;1;A01
201400016072;0;34;0;0;2;1;2;A01
201400016072;0;7;0;0;2;5;16;B01
201400016073;0;7;0;0;1;7;1;A01
201400016074;1;7;0;0;2;2;1;Z01
201400016075;0;7;0;0;2;8;15;A01
201400016075;0;37;1;0;2;1;1;B01
201400016076;0;7;0;0;1;2;16;A01
201400016077;0;3;0;0;2;3;15;B01
201400016077;0;2;0;0;2;2;17;A01
201400016078;0;7;0;0;2;2;1;A01
201400016078;0;7;0;0;2;6;1;B01
201400016079;0;7;0;0;2;3;0;B01
201400016079;0;32;0;14;0;1;1;A01
201400016080;0;1;0;0;2;7;19;B01
201400016080;0;7;0;0;2;2;16;A01
201400016081;0;7;0;0;2;4;1;B01
201400016081;0;32;0;0;2;1;1;A01
201400016082;0;33;0;0;2;1;1;B01
201400016082;0;7;0;0;2;3;15;A01
201400016083;0;7;0;0;2;7;15;B01
201400016083;0;7;0;0;2;8;1;A01
201400016084;0;7;0;0;2;6;16;B01
201400016084;0;7;0;0;2;2;13;A01
201400016085;0;7;0;0;2;2;1;B01
201400016085;0;7;0;0;2;8;9;A01
201400016086;1;7;0;0;2;1;1;Z01
201400016086;0;30;0;0;2;4;1;A01
201400016087;0;7;0;0;2;1;15;B01
201400016087;0;2;0;0;2;1;1;A01
201400016088;0;7;0;0;2;3;15;B01
201400016088;0;32;0;0;2;1;17;A01
201400016089;0;7;0;0;2;2;15;A01
201400016089;0;33;0;0;2;1;1;B01
201400016090;0;7;0;0;2;3;15;A01
201400016090;0;34;0;0;2;1;1;B01
201400016091;0;32;0;0;2;1;1;A01
201400016091;0;7;0;0;2;2;1;B01
201400016092;0;7;0;0;2;7;1;B01
201400016092;0;7;0;0;2;1;1;A01
201400016093;0;7;0;0;1;1;15;A01
201400016094;0;32;0;0;2;8;23;B01
201400016094;1;7;0;0;0;0;0;Z01
201400016095;0;33;0;0;2;8;2;A01
201400016095;0;33;0;0;2;4;2;B01
201400016096;0;33;0;0;2;1;2;A01
201400016096;0;7;0;0;2;4;1;B01
201400016097;0;7;0;0;2;1;1;B01
201400016097;0;31;0;0;2;4;16;A01
201400016098;0;2;0;0;0;0;1;A01
201400016099;0;30;0;0;0;0;1;B01
201400016100;0;7;0;0;1;7;1;A01
201400016101;0;7;0;0;2;2;14;A01
201400016101;0;7;0;0;2;5;1;B01
201400016102;0;7;0;0;2;5;23;B01
201400016102;0;30;0;1;2;1;1;A01
201400016103;0;7;0;0;2;3;9;A01
201400016103;0;31;0;0;2;2;1;B01
201400016104;0;7;0;0;2;5;15;B01
201400016104;0;7;0;0;2;0;1;A01
201400016105;0;32;0;0;2;1;17;A01
201400016105;0;7;0;0;2;3;15;B01
201400016106;0;7;0;0;2;3;15;B01
201400016106;0;2;0;0;2;2;17;A01
201400016107;0;7;0;0;2;8;20;C01
201400016107;0;7;0;0;2;1;23;B01
201400016107;0;7;0;0;2;1;2;A01
201400016108;0;33;0;0;2;1;1;B01
201400016108;0;7;0;0;2;1;9;A01
201400016109;0;7;0;0;2;2;15;B01
201400016109;0;7;0;0;2;2;15;A01
201400016110;0;7;0;0;2;1;1;A01
201400016110;0;7;0;0;2;2;15;B01
201400016111;0;3;0;0;2;1;1;B01
201400016111;0;32;0;14;2;1;1;A01
201400016112;0;33;0;12;0;1;1;A01
201400016113;0;7;0;0;1;3;1;A01
201400016114;0;7;0;0;1;1;1;A01
201400016115;0;31;0;0;2;2;17;B01
201400016115;0;7;0;0;2;3;15;A01
201400016116;0;34;0;0;1;2;1;A01
201400016117;0;7;0;0;2;4;2;B01
201400016117;0;7;0;0;2;3;2;A01
201400016118;0;30;0;0;2;3;1;A01
201400016118;0;7;0;0;2;8;13;B01
201400016119;0;7;0;0;2;5;1;B01
201400016119;0;7;0;0;2;3;1;A01
201400016120;0;7;0;0;1;1;15;A01
201400016121;0;7;0;0;1;3;1;A01
201400016122;0;30;0;0;2;0;1;A01
201400016122;1;7;0;0;2;0;4;Z01
201400016123;0;7;0;0;1;2;1;A01
201400016124;0;30;0;0;2;1;1;B01
201400016124;0;7;0;0;2;7;15;A01
201400016125;0;2;0;0;0;0;0;A01
201400016126;0;7;0;0;1;3;1;A01
201400016127;0;7;0;0;1;1;15;A01
201400016128;0;7;0;0;2;1;5;A01
201400016128;0;33;0;0;2;1;15;B01
201400016129;1;7;0;0;2;2;9;Z01
201400016129;0;7;0;0;2;3;1;B01
201400016130;0;2;0;12;0;1;1;A01
201400016131;0;7;0;0;1;2;1;A01
201400016132;0;7;0;0;2;3;9;A01
201400016132;0;34;0;0;2;2;1;B01
201400016133;0;2;0;0;2;8;1;A01
201400016133;0;7;0;0;2;7;2;B01
201400016134;0;7;0;0;2;2;1;B01
201400016134;0;2;0;0;2;8;15;A01
201400016135;0;1;0;0;2;0;0;A01
201400016135;1;7;0;0;0;0;0;Z01
201400016136;0;33;0;0;2;8;1;B01
201400016136;0;7;0;0;2;2;9;A01
201400016137;0;7;0;0;2;2;16;A01
201400016137;0;32;0;0;2;3;1;B01
201400016138;0;7;0;0;1;8;1;A01
201400016139;0;7;0;0;2;1;2;A01
201400016139;0;33;0;0;2;4;1;B01
201400016140;0;7;0;0;2;7;15;A01
201400016140;0;32;0;0;2;1;1;B01
201400016141;0;2;0;0;2;1;5;A01
201400016141;0;7;0;0;2;6;0;B01
201400016142;0;2;0;1;0;1;1;B01
201400016142;0;7;0;0;2;2;24;A01
201400016143;0;7;0;0;9;3;15;B01
201400016143;0;30;0;0;2;1;8;A01
201400016144;0;7;0;0;2;1;1;A01
201400016144;0;7;0;0;2;6;1;B01
201400016145;0;33;0;0;2;5;2;B01
201400016145;0;7;0;0;2;3;2;A01