num_acc;senc;catv;occutc;obs;obsm;choc;manv;num_veh
201400016146;0;33;0;0;0;0;0;A01
201400016147;0;32;0;0;0;1;1;B01
201400016147;0;7;0;0;2;2;15;A01
201400016148;0;7;0;12;0;1;1;A01
201400016149;0;7;0;0;2;4;1;A01
201400016149;1;7;0;0;2;0;1;Z01
201400016149;0;7;0;0;2;4;1;B01
201400016150;0;7;0;0;2;3;1;B01
201400016150;0;7;0;0;2;5;14;A01
201400016151;0;7;0;0;2;1;19;A01
201400016151;0;7;0;0;2;2;1;B01
201400016152;1;7;0;0;1;0;1;Z01
201400016153;0;7;0;0;2;4;1;B01
201400016153;0;7;0;0;2;1;1;A01
201400016154;0;34;0;0;0;0;1;A01
201400016155;0;7;0;0;2;3;15;B01
201400016155;0;33;0;0;2;1;13;A01
201400016156;1;7;0;0;1;1;1;Z01
201400016157;1;7;0;0;2;0;1;Z01
201400016157;0;7;0;0;2;7;16;B01
201400016158;0;7;0;0;2;8;10;A01
201400016158;0;33;0;0;2;1;2;B01
201400016159;0;7;0;0;2;3;15;B01
201400016159;0;30;0;0;2;1;17;A01
201400016160;0;7;0;4;0;7;1;A01
201400016161;0;7;0;1;0;8;6;A01
201400016162;0;7;0;0;2;8;2;A01
201400016162;0;7;0;0;2;1;1;B01
201400016163;0;7;0;1;0;1;19;A01
201400016163;0;30;0;0;2;8;0;B01
201400016164;0;7;0;0;1;3;1;A01
201400016165;0;7;0;0;2;3;1;B01
201400016165;0;32;0;0;2;1;5;A01
201400016166;0;7;0;1;0;9;1;A01
201400016167;0;7;0;0;1;1;1;A01
201400016168;0;37;5;0;2;3;1;B01
201400016168;0;7;0;0;2;2;1;A01
201400016169;0;10;0;0;1;3;0;A01
201400016170;0;2;0;0;2;0;16;B01
201400016170;0;7;0;0;2;2;0;A01
201400016171;0;7;0;0;2;7;16;A01
201400016171;0;32;0;8;2;3;18;B01
201400016172;0;3;0;0;2;1;2;A01
201400016172;0;7;0;1;2;4;2;B01
201400016173;2;7;0;0;2;1;1;A01
201400016173;0;7;0;0;2;2;1;B01
201400016174;0;7;0;0;2;1;1;A01
201400016174;0;32;0;0;2;5;23;B01
201400016175;0;7;0;0;1;4;4;A01
201400016176;0;7;0;0;2;8;9;A01
201400016176;0;2;0;0;2;1;1;B01
201400016177;0;1;0;0;2;1;19;A01
201400016177;0;7;0;0;9;3;1;B01
201400016178;0;33;0;0;2;2;1;B01
201400016178;0;7;0;0;2;3;15;A01
201400016179;0;31;0;0;2;1;0;A01
201400016179;0;7;0;0;2;6;8;B01
201400016180;0;10;0;0;2;1;0;B01
201400016180;0;7;0;0;2;1;1;A01
201400016181;0;7;0;0;2;3;1;A01
201400016181;0;32;0;0;2;1;0;B01
201400016182;0;1;0;0;2;0;1;B01
201400016182;0;7;0;0;2;0;0;A01
201400016183;0;7;0;0;1;3;15;A01
201400016184;0;7;0;0;2;1;1;B01
201400016184;0;7;0;0;2;9;15;A01
201400016185;0;7;0;14;0;2;1;A01
201400016186;0;30;0;0;0;0;1;A01
201400016187;0;30;0;0;2;1;1;A01
201400016187;0;7;0;0;2;4;23;B01
201400016188;0;32;0;0;2;1;1;A01
201400016188;0;3;0;0;2;1;1;B01
201400016189;0;33;0;14;0;0;1;A01
201400016190;0;7;0;1;0;1;14;A01
201400016191;0;7;0;0;2;1;1;A01
201400016191;0;7;0;0;2;4;2;B01
201400016192;0;7;0;7;2;3;5;A01
201400016192;0;7;0;0;2;2;1;B01
201400016193;0;7;0;1;0;1;0;A01
201400016194;0;7;0;0;2;1;3;A01
201400016194;0;33;0;0;2;1;21;B01
201400016195;0;34;0;0;2;1;1;A01
201400016195;0;7;0;0;2;7;15;B01
201400016196;0;32;0;0;2;1;1;B01
201400016196;0;7;0;0;2;3;1;A01
201400016197;0;7;0;8;0;1;1;A01
201400016198;0;34;0;4;0;7;1;A01
201400016199;0;7;0;0;1;2;5;A01
201400016200;0;7;0;0;2;1;0;A01
201400016200;0;7;0;0;2;1;0;B01
201400016201;0;10;0;0;2;7;1;B01
201400016201;0;7;0;0;2;1;0;A01
201400016202;0;7;0;0;2;8;1;B01
201400016202;0;7;0;0;2;1;9;A01
201400016203;0;7;0;8;0;1;6;A01
201400016204;1;7;0;0;0;3;1;A01
201400016205;0;30;0;0;2;7;0;A01
201400016205;0;7;0;0;2;1;0;B01
201400016206;1;7;0;0;1;0;1;Z01
201400016207;0;7;0;0;2;8;11;B01
201400016207;0;7;0;0;2;9;0;A01
201400016208;0;7;0;0;2;3;1;B01
201400016208;0;10;0;0;2;3;13;A01
201400016209;0;7;0;0;2;2;15;A01
201400016209;0;33;0;0;2;3;1;B01
201400016210;0;7;0;0;2;3;21;A01
201400016210;0;7;0;0;2;8;21;B01
201400016210;0;7;0;0;2;8;0;C01
201400016211;0;7;0;0;1;2;1;A01
201400016212;0;7;0;0;2;1;1;B01
201400016212;0;7;0;0;2;4;4;A01
201400016213;0;7;0;0;2;4;2;B01
201400016213;0;7;0;0;2;1;2;A01
201400016214;0;32;0;0;0;7;17;A01
201400016215;0;7;0;0;2;1;1;A01
201400016215;0;7;0;0;2;3;1;B01
201400016216;0;10;0;0;2;3;3;A01
201400016216;0;7;0;0;2;3;3;B01
201400016217;0;7;0;1;0;2;1;A01
201400016218;0;32;0;0;1;8;1;A01
201400016219;0;30;0;0;2;1;2;B01
201400016219;0;7;0;0;9;8;10;A01
201400016220;0;32;0;0;2;1;1;B01
201400016220;0;32;0;0;2;1;1;A01
201400016221;0;7;0;0;2;0;0;A01
201400016221;0;33;0;0;2;0;0;B01
201400016222;1;30;0;0;1;0;1;Z01
201400016223;0;34;0;0;2;7;9;A01
201400016223;1;7;0;0;2;0;1;Z01
201400016224;0;7;0;0;2;7;15;A01
201400016224;0;33;0;0;2;3;1;B01
201400016225;0;7;0;0;2;4;2;B01
201400016225;1;7;0;0;2;1;2;Z01
201400016226;2;30;0;0;0;0;1;A01
201400016227;0;30;0;0;2;1;1;A01
201400016227;0;7;0;0;2;5;1;B01
201400016228;0;30;0;0;2;1;1;A01
201400016228;0;7;0;0;2;3;1;B01
201400016229;0;7;0;1;0;1;0;A01
201400016230;0;7;0;0;1;7;1;A01
201400016231;0;30;0;0;1;1;1;A01
201400016232;0;7;0;0;1;1;1;A01
201400016233;0;7;0;0;2;0;10;A01
201400016233;0;7;0;0;2;0;1;B01
201400016234;0;7;0;0;2;4;4;A01
201400016234;0;2;0;0;2;0;1;B01
201400016235;0;7;0;0;1;1;1;A01
201400016236;0;7;0;0;2;8;24;B01
201400016236;0;30;0;1;0;1;1;A01
201400016237;1;7;0;0;2;1;1;B01
201400016237;0;15;0;0;2;1;1;C01
201400016237;0;7;0;0;2;4;1;A01
201400016238;0;37;1;0;1;5;7;A01
201400016239;0;7;0;0;1;4;4;A01
201400016240;0;7;0;0;1;0;1;A01
201400016241;0;7;0;0;1;8;1;A01
201400016242;0;7;0;0;1;0;1;A01
201400016243;0;7;0;0;2;1;1;C01
201400016243;0;7;0;0;2;1;1;A01
201400016243;0;7;0;0;2;4;1;B01
201400016244;0;15;0;0;0;8;1;A01
201400016245;0;33;0;0;2;1;2;A01
201400016245;0;7;0;0;2;7;16;B01
201400016246;1;99;0;0;1;0;15;Z01
201400016247;0;7;0;0;2;1;2;A01
201400016247;0;7;0;0;2;4;2;B01
201400016248;0;30;0;0;5;8;1;A01
201400016249;0;7;0;0;1;1;1;A01
201400016250;0;7;0;0;0;0;0;A01
201400016251;0;7;0;0;2;4;2;B01
201400016251;0;7;0;0;2;4;2;C01
201400016251;0;7;0;0;2;1;2;A01
201400016251;0;7;0;0;2;4;2;D01
201400016252;0;14;0;0;2;1;2;A01
201400016252;0;7;0;0;0;4;2;B01
201400016253;0;7;0;9;2;2;1;B01
201400016253;0;7;0;0;2;3;11;A01
201400016254;0;7;0;0;2;1;13;A01
201400016254;0;7;0;0;2;1;1;B01
201400016255;0;7;0;0;2;8;1;B01
201400016255;0;10;0;0;2;2;16;A01
201400016256;0;7;0;0;2;8;12;A01
201400016256;0;10;0;0;2;3;11;B01
201400016257;0;7;0;12;2;1;1;B01
201400016257;0;7;0;12;2;1;13;A01
201400016258;0;33;0;0;2;8;13;A01
201400016258;0;7;0;0;2;8;17;B01
201400016259;0;7;0;0;2;1;13;A01
201400016259;0;7;0;0;2;8;1;B01
201400016260;1;7;0;0;1;0;15;Z01
201400016261;0;14;0;0;2;1;2;A01
201400016261;0;7;0;0;2;4;2;B01
201400016262;0;33;0;1;0;1;14;A01
201400016263;0;7;0;0;1;1;2;A01
201400016264;0;7;0;0;2;4;2;A01
201400016264;0;32;0;0;2;7;2;B01
201400016265;0;2;0;0;2;1;1;B01
201400016265;0;7;0;0;2;7;1;A01
201400016266;0;7;0;0;2;1;13;A01
201400016266;0;7;0;0;2;1;23;B01
201400016267;0;7;0;0;2;3;11;B01
201400016267;0;33;0;0;2;2;12;A01
201400016268;0;7;0;0;2;1;1;A01
201400016268;0;7;0;0;0;8;19;B01
201400016269;0;14;0;0;1;4;4;A01
201400016270;0;36;0;6;0;1;2;A01
201400016271;0;7;0;0;2;1;1;B01
201400016271;0;30;0;0;2;1;5;A01
201400016272;0;2;0;0;2;1;19;A01
201400016272;0;10;0;0;0;7;1;B01
201400016273;0;10;0;0;0;8;10;B01
201400016273;0;33;0;0;2;1;17;A01
201400016274;1;7;0;0;2;1;1;Z01
201400016274;0;7;0;0;2;3;19;A01
201400016275;0;7;0;0;2;1;13;A01
201400016275;0;7;0;0;2;1;1;C01
201400016275;0;7;0;0;2;1;1;B01
201400016276;0;7;0;0;1;1;15;A01
201400016277;0;33;0;0;2;1;1;B01
201400016277;0;7;0;0;2;3;15;A01
201400016278;0;7;0;0;0;3;15;A01
201400016278;0;33;0;0;2;0;0;B01
201400016279;0;7;0;0;2;1;5;A01
201400016279;0;7;0;0;2;1;1;B01
201400016280;0;14;0;0;2;2;21;B01
201400016280;0;7;0;0;2;1;1;C01
201400016280;0;7;0;4;2;2;13;A01
201400016281;0;10;0;0;2;4;2;E01
201400016281;0;10;0;0;2;4;2;D01
201400016281;0;17;0;0;2;4;2;B01
201400016281;0;10;0;0;2;4;2;C01
201400016281;0;10;0;0;2;1;2;A01
201400016282;0;7;0;0;0;4;23;B01
201400016282;0;33;0;0;2;1;1;A01
201400016283;0;7;0;0;2;1;9;A01
201400016283;1;7;0;0;2;1;1;B01
201400016284;0;34;0;0;2;1;1;B01
201400016284;0;7;0;0;2;1;15;A01
201400016285;0;7;0;0;1;2;1;A01
201400016286;0;7;0;0;2;2;1;B01
201400016286;0;7;0;0;2;3;9;A01
201400016287;0;7;0;0;1;2;2;A01
201400016288;0;7;0;0;2;1;0;A01
201400016288;0;7;0;0;2;2;2;B01
201400016289;0;7;0;0;1;1;1;A01
201400016290;0;7;0;0;0;1;1;A01
201400016291;0;7;0;2;0;9;2;A01
201400016292;0;7;0;4;0;5;13;A01
201400016293;0;7;0;0;2;0;2;B01
201400016293;0;7;0;0;2;4;2;C01
201400016293;0;7;0;0;2;1;2;A01
201400016294;0;2;0;0;0;5;1;B01
201400016294;0;7;0;0;2;1;1;A01
201400016295;0;7;0;1;1;1;0;A01
201400016296;0;30;0;0;2;7;15;A01
201400016296;0;7;0;0;2;1;1;B01
201400016297;0;10;0;0;2;4;2;C01
201400016297;0;10;0;0;2;1;2;A01
201400016297;0;7;0;0;2;4;2;B01
201400016298;0;7;0;0;2;4;2;D01
201400016298;0;7;0;0;2;4;2;B01
201400016298;0;7;0;0;2;1;2;A01
201400016298;0;7;0;0;2;4;2;C01
201400016299;0;7;0;0;0;4;23;B01
201400016299;2;7;0;0;2;1;1;A01
201400016300;0;7;0;0;2;8;15;A01
201400016300;0;32;0;0;2;1;17;B01
201400016301;0;7;0;0;2;2;1;B01
201400016301;0;7;0;0;2;1;1;A01
201400016302;0;7;0;0;0;4;23;B01
201400016302;0;7;0;0;2;1;1;A01
201400016303;0;7;0;0;1;1;2;A01
201400016304;0;7;0;0;2;1;13;A01
201400016304;0;7;0;0;2;1;1;B01
201400016305;0;33;0;9;2;1;21;A01
201400016305;0;7;0;0;0;6;23;B01
201400016306;0;7;0;0;2;1;2;A01
201400016306;0;7;0;0;0;4;23;B01
201400016307;0;7;0;0;2;1;2;A01
201400016307;0;10;0;0;0;4;23;B01
201400016308;0;7;0;6;0;1;15;A01
201400016309;0;7;0;0;2;1;1;B01
201400016309;0;7;0;0;2;8;15;A01
201400016310;0;10;0;0;2;1;1;C01
201400016310;0;10;0;0;2;1;14;A01
201400016310;0;7;0;0;2;4;1;B01
201400016311;0;2;0;0;2;1;1;B01
201400016311;0;7;0;0;2;4;2;A01
201400016312;0;2;0;0;0;7;0;A01
201400016313;1;7;0;0;2;1;2;A01
201400016313;0;10;0;0;0;5;1;B01
201400016314;0;7;0;0;1;1;1;A01
201400016315;0;13;0;0;1;2;1;A01
201400016316;0;13;0;0;2;6;15;A01
201400016316;0;33;0;0;2;0;0;B01
201400016317;0;7;0;0;2;3;15;A01
201400016317;0;7;0;0;2;1;1;B01
201400016318;0;33;0;0;2;7;1;B01
201400016318;0;7;0;0;2;1;9;A01
201400016319;0;7;0;0;2;1;15;A01
201400016319;0;33;0;0;2;7;0;B01
201400016320;0;7;0;2;0;1;0;A01
201400016321;0;7;0;0;2;2;2;A01
201400016321;0;1;0;0;2;3;10;B01
201400016322;0;7;0;2;0;1;0;A01
201400016323;0;7;0;0;1;1;4;A01
201400016324;0;7;0;2;0;2;14;A01
201400016325;0;7;0;0;2;2;16;A01
201400016325;0;1;0;0;2;8;1;B01
201400016326;0;7;0;13;2;1;0;B01
201400016326;0;7;0;0;2;1;0;A01
201400016327;0;7;0;14;2;4;23;B01
201400016327;0;7;0;0;2;4;23;A01
201400016327;0;7;0;14;0;1;2;C01
201400016328;0;7;0;0;1;2;0;A01
201400016329;0;33;0;2;0;1;0;A01
201400016330;0;7;0;0;0;3;0;B01
201400016330;0;7;0;1;0;2;0;A01
201400016331;0;7;0;13;0;3;0;A01
201400016332;0;7;0;0;2;1;0;A01
201400016332;0;7;0;0;0;4;0;B01
201400016333;0;7;0;0;1;3;0;A01
201400016334;0;10;0;0;2;1;1;B01
201400016334;0;10;0;0;2;6;1;A01
201400016335;0;7;0;0;2;7;14;A01
201400016335;0;30;0;0;2;8;2;B01
201400016336;0;7;0;1;0;9;0;A01
201400016337;0;7;0;0;2;3;15;A01
201400016337;0;7;0;0;2;1;0;B01
201400016338;0;7;0;0;1;6;4;A01
201400016339;0;7;0;0;0;0;1;B01
201400016339;0;7;0;0;0;0;0;A01
201400016340;0;7;0;0;0;3;1;B01
201400016340;0;7;0;0;0;3;1;A01
201400016341;0;7;0;0;2;3;15;A01
201400016341;0;2;0;0;2;1;1;B01
201400016342;0;7;0;0;0;0;1;A01
201400016343;0;7;0;0;1;2;1;A01
201400016344;0;7;0;0;0;0;0;A01
201400016345;0;7;0;8;0;9;1;A01
201400016346;0;7;0;0;2;5;16;A01
201400016346;0;30;0;0;2;7;1;B01
201400016347;0;7;0;0;0;7;1;A01
201400016348;0;7;0;0;0;0;0;A01
201400016349;1;7;0;0;1;0;1;Z01
201400016350;0;7;0;0;2;1;1;A01
201400016350;0;17;0;0;4;1;1;B01
201400016351;0;7;0;0;1;6;4;A01
201400016352;0;17;0;0;0;0;1;A01
201400016353;0;33;0;1;0;1;1;A01
201400016353;0;7;0;0;0;8;24;B01
201400016353;0;7;0;0;0;8;24;C01
201400016354;0;7;0;0;0;7;15;A01
201400016354;0;7;0;0;2;2;1;B01
201400016355;0;30;0;0;0;1;1;A01
201400016355;0;7;0;0;0;8;1;B01
201400016356;0;7;0;13;0;1;1;A01
201400016357;0;7;0;0;2;3;1;C01
201400016357;0;7;0;0;2;3;1;B01
201400016357;0;7;0;0;2;1;1;A01
201400016358;0;7;0;0;6;1;0;A01
201400016359;0;7;0;0;0;0;1;A01
201400016360;0;33;0;0;0;7;1;A01
201400016360;0;7;0;0;0;3;23;B01
201400016361;0;7;0;0;0;0;0;A01
201400016361;0;7;0;0;0;0;0;B01
201400016362;0;2;0;0;0;0;0;A01
201400016363;0;33;0;0;0;1;1;A01
201400016364;0;7;0;1;0;7;17;B01
201400016365;0;7;0;0;0;3;1;B01
201400016365;0;7;0;0;0;1;15;A01
201400016366;0;30;0;0;0;0;1;A01
201400016367;0;7;0;0;2;0;1;B01
201400016367;0;1;0;0;0;0;1;A01
201400016368;0;7;0;0;0;4;1;B01
201400016368;1;7;0;0;2;2;0;Z01
201400016369;0;7;0;0;5;2;1;A01
201400016370;0;7;0;0;0;4;1;B01
201400016370;0;7;0;0;2;1;1;A01
201400016371;0;7;0;0;0;0;0;A01
201400016372;0;36;0;0;0;1;1;A01
201400016373;0;7;0;0;0;3;1;A01
201400016374;0;7;0;0;2;7;1;A01
201400016374;0;7;0;0;2;1;16;B01
201400016375;0;7;0;0;2;1;1;B01
201400016375;0;7;0;0;2;1;1;A01
201400016376;0;7;0;0;2;3;1;B01
201400016376;0;7;0;0;2;3;15;A01
201400016377;0;7;0;0;2;3;1;B01
201400016377;0;21;0;0;2;2;16;A01
201400016378;1;7;0;0;2;1;1;Z01
201400016378;0;7;0;0;0;4;1;A01
201400016379;0;20;0;0;2;3;1;B01
201400016379;1;13;0;0;2;6;1;Z01
201400016379;0;7;0;0;2;3;1;A01
201400016380;0;33;0;0;0;4;1;B01
201400016380;0;33;0;0;0;4;1;C01
201400016380;0;7;0;0;2;1;1;A01
201400016381;0;30;0;0;0;0;1;A01
201400016382;0;7;0;0;0;0;1;A01
201400016382;0;7;0;0;9;3;1;B01
201400016383;0;21;0;13;0;0;1;A01
201400016384;0;7;0;0;0;0;1;A01
201400016385;0;7;0;0;0;0;1;A01
201400016386;0;7;0;0;0;1;1;A01
201400016387;0;7;0;0;2;1;1;A01
201400016387;0;7;0;0;0;4;1;B01
201400016388;0;2;0;0;0;0;1;A01
201400016389;0;7;0;0;0;4;1;C01
201400016389;0;7;0;0;0;4;1;B01
201400016389;0;7;0;0;2;1;1;A01
201400016390;0;99;0;0;0;8;1;B01
201400016390;0;7;0;0;9;7;1;A01
201400016391;0;7;0;0;0;7;1;B01
201400016391;0;7;0;0;2;3;1;A01
201400016392;0;7;0;0;0;0;1;A01
201400016393;0;7;0;0;0;0;1;A01
201400016394;0;7;0;0;0;0;1;A01
201400016395;0;15;0;0;0;8;0;A01
201400016396;0;7;0;0;2;1;1;B01
201400016396;0;7;0;0;2;1;17;A01
201400016396;0;7;0;0;2;1;1;C01
201400016397;0;7;0;0;0;6;1;A01
201400016397;0;7;0;0;2;1;1;B01
201400016398;0;7;0;0;0;4;15;B01
201400016398;0;7;0;0;2;1;1;A01
201400016399;0;7;0;0;0;8;15;A01
201400016399;0;7;0;0;2;1;1;B01
201400016400;0;7;0;0;2;1;1;B01
201400016400;0;7;0;0;0;2;15;A01
201400016401;0;7;0;0;2;1;1;A01
201400016401;0;7;0;0;0;4;1;C01
201400016401;0;7;0;0;2;4;1;B01
201400016402;0;7;0;0;2;2;15;A01
201400016402;0;7;0;0;2;2;1;B01
201400016403;0;7;0;0;0;0;1;A01
201400016404;0;1;0;0;2;1;1;Y01
201400016404;0;7;0;0;2;7;1;A01
201400016405;0;7;0;0;2;3;0;A01
201400016405;0;30;0;0;2;3;1;B01
201400016406;0;7;0;0;0;4;1;B01
201400016406;0;30;0;0;2;1;1;A01
201400016407;0;7;0;0;0;7;1;A01
201400016407;0;7;0;0;2;1;1;B01
201400016408;0;7;0;0;2;1;1;B01
201400016408;0;2;0;0;2;1;1;A01
201400016409;0;7;0;0;2;0;16;A01
201400016409;0;1;0;0;0;0;0;Y01
201400016410;0;31;0;0;0;0;0;A01
201400016411;0;7;0;0;2;4;1;C01
201400016411;0;7;0;0;2;4;1;B01
201400016411;0;7;0;0;2;1;1;A01
201400016412;0;30;0;0;2;1;1;A01
201400016412;0;7;0;0;0;4;15;B01
201400016413;0;7;0;0;0;0;1;A01
201400016414;0;33;0;0;0;1;1;A01
201400016415;0;14;0;0;0;3;15;B01
201400016415;0;33;0;0;2;7;17;A01
201400016416;0;7;0;0;2;1;1;C01
201400016416;0;7;0;0;2;4;1;B01
201400016416;0;7;0;0;0;0;15;A01
201400016417;0;13;0;0;2;1;1;A01
201400016417;0;7;0;0;0;4;1;B01
201400016418;0;7;0;0;2;1;1;A01
201400016418;0;2;0;0;0;4;0;B01
201400016419;0;7;0;0;1;0;1;A01
201400016420;0;7;0;0;0;0;1;A01
201400016421;0;7;0;0;1;7;1;A01
201400016422;0;31;0;0;0;0;1;B01
201400016422;0;31;0;0;0;0;1;A01
201400016423;0;7;0;0;0;0;1;A01
201400016424;0;7;0;0;0;1;1;A01
201400016425;0;7;0;0;0;0;1;A01
201400016426;0;7;0;0;0;4;1;C01
201400016426;0;7;0;0;2;1;1;A01
201400016426;0;7;0;0;0;1;1;B01
201400016427;0;7;0;1;0;1;1;A01
201400016428;0;7;0;0;0;0;1;A01
201400016429;0;7;0;0;2;1;1;B01
201400016429;0;7;0;0;0;7;15;A01
201400016430;0;7;0;0;1;0;1;A01
201400016431;0;7;0;0;0;1;1;A01
201400016432;0;30;0;0;1;0;1;Z01
201400016433;0;7;0;0;6;1;1;A01
201400016434;0;7;0;0;1;8;0;A01
201400016435;0;7;0;0;2;1;1;A01
201400016435;0;7;0;0;2;1;1;B01
201400016436;0;7;0;0;2;4;1;C01
201400016436;0;7;0;0;2;1;1;A01
201400016436;0;7;0;0;0;4;1;B01
201400016437;0;7;0;0;0;1;1;B01
201400016437;0;7;0;0;0;1;1;A01
201400016438;0;7;0;0;0;4;4;A01
201400016438;0;7;0;0;2;1;1;B01
201400016439;0;7;0;0;0;8;15;B01
201400016439;0;7;0;0;2;1;17;A01
201400016440;0;7;0;0;0;0;1;A01
201400016441;0;10;0;0;1;2;1;A01
201400016442;0;13;0;0;0;2;1;A01
201400016443;1;7;0;0;0;0;0;Z01
201400016443;0;7;0;0;2;2;1;A01
201400016444;0;7;0;0;6;1;1;A01
201400016445;0;7;0;0;2;1;1;A01
201400016445;0;7;0;0;2;1;1;B01
201400016446;0;7;0;0;0;2;1;A01
201400016447;0;7;0;0;2;2;0;A01
201400016447;0;7;0;0;0;3;1;B01
201400016448;0;7;0;8;0;2;14;A01
201400016449;0;7;0;0;2;1;2;A01
201400016449;0;7;0;0;0;4;1;B01
201400016450;0;38;1;0;1;2;11;A01
201400016451;0;7;0;0;0;3;0;A01
201400016451;0;7;0;1;2;2;2;B01
201400016451;0;7;0;0;2;3;0;C01
201400016452;0;7;0;0;0;3;0;B01
201400016452;0;7;0;0;0;2;1;A01
201400016453;0;7;0;1;0;1;1;A01
201400016453;0;15;0;0;2;4;24;B01
201400016454;0;7;0;0;1;2;1;A01
201400016455;0;13;0;0;2;4;0;D01
201400016455;0;7;0;0;2;3;0;A01
201400016455;0;13;0;0;2;4;1;B01
201400016455;0;7;0;0;2;4;0;C01
201400016456;0;7;0;0;2;8;10;A01
201400016456;0;33;0;0;2;1;1;B01
201400016457;0;7;0;8;2;7;1;B01
201400016457;0;7;0;0;2;1;1;A01
201400016458;0;7;0;9;2;5;15;A01
201400016458;0;7;0;9;2;1;1;B01
201400016459;0;7;0;0;2;2;0;A01
201400016459;0;7;0;0;2;2;1;B01
201400016460;0;7;0;13;0;1;1;A01
201400016461;0;7;0;12;0;3;1;A01
201400016462;0;14;0;1;0;6;1;A01
201400016462;0;7;0;0;2;6;24;B01
201400016463;0;14;0;0;2;4;4;A01
201400016463;0;7;0;0;2;1;23;B01
201400016464;0;33;0;0;2;2;17;A01
201400016465;0;7;0;8;0;2;1;A01
201400016466;0;7;0;0;2;3;9;A01
201400016466;0;7;0;0;2;2;1;B01
201400016467;0;7;0;0;2;2;2;A01
201400016467;0;7;0;0;2;6;2;B01
201400016468;0;33;0;0;2;1;1;B01
201400016468;0;7;0;0;2;8;19;A01
201400016469;0;7;0;0;2;1;1;B01
201400016469;0;7;0;0;2;3;16;A01
201400016470;0;7;0;4;0;1;1;A01
201400016471;0;33;0;0;0;1;16;A01
201400016472;0;7;0;13;0;1;2;A01
201400016473;0;7;0;12;0;3;6;A01
201400016474;0;7;0;0;2;1;2;A01
201400016474;0;7;0;0;2;4;1;B01
201400016475;0;10;0;0;2;1;2;A01
201400016475;1;7;0;0;2;4;2;B01
201400016476;0;10;0;0;2;1;2;A01
201400016476;0;7;0;0;2;4;2;B01
201400016477;0;7;0;0;2;1;2;A01
201400016477;0;7;0;0;2;4;2;B01
201400016478;0;7;0;0;0;2;14;A01
201400016479;0;7;0;13;2;5;13;A01
201400016479;0;7;0;0;2;1;1;B01
201400016480;2;7;0;4;0;9;6;A01
201400016481;0;7;0;0;0;9;1;A01
201400016482;0;7;0;0;1;0;4;A01
201400016483;0;7;0;0;2;8;1;B01
201400016483;0;10;0;0;2;3;5;A01
201400016484;0;7;0;13;0;1;17;A01
201400016484;0;7;0;0;0;0;1;C01
201400016484;0;7;0;0;0;0;2;B01
201400016485;0;7;0;0;2;3;1;A01
201400016485;0;7;0;0;2;4;1;B01
201400016485;0;7;0;0;0;4;1;C01
201400016486;0;30;0;0;0;0;17;A01
201400016487;0;2;0;7;0;1;2;A01
201400016488;0;17;0;0;2;4;2;B01
201400016488;0;7;0;0;2;1;2;A01
201400016489;0;33;0;0;2;1;2;B01
201400016489;0;7;0;0;2;6;13;A01
201400016490;0;7;0;0;0;4;23;C01
201400016490;0;7;0;0;2;1;2;A01
201400016490;0;7;0;0;2;4;23;B01
201400016491;0;7;0;0;2;6;11;B01
201400016491;0;33;0;0;2;1;17;A01
201400016492;0;7;0;0;2;7;1;B01
201400016492;0;7;0;0;2;1;19;A01
201400016493;0;7;0;0;2;1;2;A01
201400016493;0;7;0;0;2;4;2;B01
201400016493;0;7;0;0;2;4;2;C01
201400016494;0;7;0;13;0;9;0;A01
201400016495;0;7;0;0;2;4;2;C01
201400016495;0;7;0;0;2;4;2;B01
201400016495;0;7;0;0;2;1;2;A01
201400016496;0;33;0;0;2;1;5;B01
201400016496;0;7;0;0;2;1;19;A01
201400016497;0;7;0;0;2;1;0;A01
201400016497;0;7;0;0;2;1;0;B01
201400016498;0;7;0;0;2;1;13;A01
201400016498;0;7;0;0;2;2;21;B01
201400016498;0;7;0;0;2;3;1;C01
201400016499;0;7;0;0;2;8;11;B01
201400016499;0;7;0;0;2;1;2;A01
201400016500;0;7;0;0;2;1;2;A01
201400016500;0;7;0;0;2;4;2;B01
201400016500;0;7;0;0;2;4;2;D01
201400016500;0;7;0;0;2;4;2;C01
201400016501;0;7;0;4;2;8;1;B01
201400016501;0;14;0;0;2;7;0;A01
201400016502;0;7;0;1;1;1;2;A01
201400016503;0;7;0;0;1;2;2;A01
201400016504;0;7;0;0;0;4;23;B01
201400016504;0;1;0;0;2;1;1;A01
201400016505;0;7;0;0;2;5;16;B01
201400016505;0;7;0;0;2;1;2;A01
201400016506;0;7;0;0;2;4;2;C01
201400016506;0;7;0;0;2;4;2;B01
201400016506;0;7;0;0;2;1;2;A01
201400016507;0;7;0;0;2;2;16;B01
201400016507;0;33;0;0;2;1;18;A01
201400016508;0;7;0;0;2;4;2;B01
201400016508;0;7;0;0;2;2;2;A01
201400016509;0;7;0;0;1;0;0;A01
201400016510;0;15;0;0;0;0;13;A01
201400016511;0;7;0;0;2;6;1;B01
201400016511;0;7;0;0;2;5;1;C01
201400016511;0;7;0;0;2;2;21;A01
201400016512;0;7;0;0;2;7;15;A01
201400016512;0;10;0;0;2;2;1;B01
201400016513;0;13;0;0;1;1;16;A01
201400016514;0;1;0;1;0;1;1;A01
201400016514;0;7;0;0;0;5;23;B01
201400016515;0;7;0;0;0;9;2;A01
201400016516;0;32;0;0;5;2;1;A01
201400016517;0;7;0;0;2;2;2;B01
201400016517;0;7;0;0;2;8;9;A01