num_acc;senc;catv;occutc;obs;obsm;choc;manv;num_veh
201400016518;0;7;0;15;0;1;1;A01
201400016519;0;7;0;15;0;5;13;A01
201400016520;0;7;0;0;2;5;1;B01
201400016520;0;7;0;0;2;2;9;A01
201400016521;0;7;0;0;2;1;2;A01
201400016521;0;7;0;0;0;4;0;B01
201400016522;0;7;0;0;2;7;2;A01
201400016522;0;7;0;0;2;8;2;B01
201400016523;0;7;0;0;2;7;15;A01
201400016523;0;33;0;0;2;1;1;B01
201400016524;0;10;0;1;0;1;2;A01
201400016525;0;32;0;14;0;1;0;A01
201400016526;0;30;0;0;0;1;1;A01
201400016527;0;33;0;0;0;0;0;A01
201400016528;0;7;0;0;0;7;1;A01
201400016528;0;7;0;0;0;1;1;B01
201400016529;0;7;0;0;2;1;11;A01
201400016529;0;7;0;0;2;1;1;B01
201400016529;0;7;0;0;2;2;21;C01
201400016530;0;7;0;0;2;8;15;B01
201400016530;0;30;0;0;2;1;17;A01
201400016531;0;31;0;0;0;1;0;A01
201400016531;0;7;0;0;0;8;1;B01
201400016532;0;7;0;0;2;4;2;B01
201400016532;0;7;0;0;2;1;2;A01
201400016533;0;7;0;0;0;3;0;B01
201400016533;0;7;0;0;0;2;0;A01
201400016534;0;7;0;0;2;8;1;B01
201400016534;0;7;0;0;2;2;9;A01
201400016535;2;7;0;1;1;2;1;A01
201400016535;0;7;0;0;0;6;24;C01
201400016536;0;30;0;0;0;1;1;A01
201400016537;0;33;0;0;2;8;0;B01
201400016537;0;7;0;0;2;3;15;A01
201400016538;0;7;0;0;1;1;0;A01
201400016539;0;7;0;0;2;1;1;A01
201400016539;0;7;0;0;0;4;1;B01
201400016540;0;7;0;0;1;6;15;A01
201400016541;0;7;0;0;2;7;1;B01
201400016541;0;34;0;0;2;3;18;A01
201400016542;0;7;0;0;2;1;1;B01
201400016542;0;7;0;0;2;8;15;A01
201400016543;0;7;0;4;0;2;1;A01
201400016544;0;7;0;8;0;2;14;A01
201400016545;0;7;0;0;2;1;5;A01
201400016545;0;7;0;0;2;1;1;B01
201400016546;0;7;0;0;0;6;2;B01
201400016546;0;33;0;0;2;1;2;A01
201400016547;0;7;0;10;2;1;1;A01
201400016547;0;7;0;10;0;8;1;B01
201400016548;0;7;0;0;2;4;2;B01
201400016548;0;7;0;0;2;1;2;A01
201400016548;0;7;0;0;2;4;1;C01
201400016549;0;7;0;0;2;1;13;A01
201400016549;0;7;0;0;2;1;1;B01
201400016550;0;7;0;0;0;0;4;A01
201400016550;0;7;0;0;0;0;24;B01
201400016551;0;7;0;0;0;4;2;B01
201400016551;0;7;0;0;0;1;2;A01
201400016552;0;7;0;0;2;8;15;B01
201400016552;0;33;0;0;2;1;17;A01
201400016553;0;7;0;0;2;6;19;A01
201400016553;0;32;0;0;2;1;1;B01
201400016554;0;7;0;0;1;1;9;A01
201400016555;0;7;0;0;2;1;1;A01
201400016555;0;7;0;0;2;4;1;B01
201400016556;0;7;0;0;2;8;1;A01
201400016556;0;7;0;0;2;8;1;B01
201400016557;0;7;0;3;2;1;11;A01
201400016558;0;7;0;3;0;1;1;A01
201400016559;0;7;0;2;0;1;0;A01
201400016560;0;7;0;0;2;1;1;A01
201400016560;0;10;0;0;2;4;1;B01
201400016561;0;7;0;0;2;1;2;A01
201400016561;0;7;0;0;2;2;2;B01
201400016561;0;7;0;0;2;4;1;C01
201400016562;0;7;0;0;2;5;16;A01
201400016562;0;30;0;0;2;8;0;B01
201400016563;0;33;0;3;0;8;1;A01
201400016564;0;30;0;0;2;0;17;A01
201400016564;0;7;0;0;2;6;15;B01
201400016565;0;2;0;0;0;1;1;A01
201400016566;0;7;0;0;2;2;1;A01
201400016566;0;7;0;0;2;3;1;B01
201400016567;0;7;0;0;0;6;0;B01
201400016567;0;7;0;0;2;0;0;A01
201400016568;0;7;0;0;2;6;1;B01
201400016568;0;7;0;0;2;3;15;A01
201400016569;0;7;0;6;0;1;13;A01
201400016570;0;7;0;0;2;4;23;B01
201400016570;0;7;0;0;2;1;2;A01
201400016571;0;7;0;0;2;6;9;B01
201400016571;0;7;0;0;2;2;9;A01
201400016572;0;7;0;0;2;4;2;B01
201400016572;0;7;0;0;2;4;2;C01
201400016572;0;7;0;0;2;1;2;A01
201400016573;0;7;0;15;0;1;2;A01
201400016574;0;7;0;14;0;1;2;A01
201400016575;0;32;0;0;2;7;1;A01
201400016575;0;7;0;0;2;1;9;B01
201400016576;0;7;0;0;0;0;0;A01
201400016577;0;7;0;0;0;1;23;B01
201400016577;0;33;0;14;0;8;2;A01
201400016578;0;7;0;8;0;1;1;A01
201400016579;0;7;0;0;2;3;1;B01
201400016579;0;7;0;0;2;1;1;A01
201400016580;0;34;0;0;0;0;21;B01
201400016580;0;7;0;0;0;0;15;A01
201400016581;0;7;0;0;9;6;9;A01
201400016581;0;33;0;0;2;1;2;B01
201400016582;0;7;0;4;0;9;1;A01
201400016583;0;7;0;0;0;4;2;B01
201400016583;0;7;0;0;0;1;2;A01
201400016584;0;33;0;12;0;1;17;A01
201400016585;0;7;0;0;2;7;1;B01
201400016585;0;7;0;0;2;1;19;A01
201400016586;0;7;0;4;2;1;1;B01
201400016586;0;7;0;0;2;2;9;A01
201400016587;0;7;0;0;0;3;11;A01
201400016587;0;33;0;0;2;7;1;B01
201400016588;0;7;0;0;2;8;15;A01
201400016588;0;33;0;0;2;1;2;B01
201400016589;0;33;0;0;2;1;2;A01
201400016589;0;7;0;0;2;1;2;C01
201400016589;0;7;0;0;2;1;2;B01
201400016590;0;7;0;0;2;6;2;B01
201400016590;0;7;0;6;2;1;17;A01
201400016591;0;7;0;0;1;7;1;A01
201400016592;0;32;0;0;2;1;2;B01
201400016592;0;7;0;0;2;3;10;A01
201400016593;0;7;0;1;2;3;1;B01
201400016593;0;7;0;0;2;3;17;A01
201400016594;0;7;0;0;2;3;2;A01
201400016594;0;7;0;0;0;5;2;B01
201400016595;0;7;0;8;0;1;14;A01
201400016596;0;33;0;3;0;8;21;A01
201400016597;0;7;0;0;2;6;10;A01
201400016597;0;30;0;0;2;7;17;B01
201400016598;0;1;0;0;2;1;1;B01
201400016598;0;7;0;0;2;5;19;A01
201400016599;0;7;0;0;2;7;0;A01
201400016599;0;1;0;0;2;0;2;B01
201400016600;0;7;0;0;2;3;9;A01
201400016600;0;33;0;0;2;7;1;B01
201400016601;0;14;0;4;0;0;1;A01
201400016602;0;34;0;0;2;1;0;B01
201400016602;0;7;0;0;2;5;15;A01
201400016603;0;7;0;0;2;4;2;B01
201400016603;0;7;0;0;2;1;2;A01
201400016604;0;7;0;4;0;9;1;A01
201400016605;0;7;0;0;0;3;2;B01
201400016606;0;7;0;3;0;1;9;A01
201400016607;0;7;0;0;2;8;19;A01
201400016607;0;31;0;0;2;7;1;B01
201400016608;0;7;0;4;0;1;0;A01
201400016609;0;7;0;6;0;1;0;A01
201400016610;0;7;0;5;0;3;15;A01
201400016611;0;7;0;0;0;3;15;B01
201400016611;0;31;0;0;2;2;17;A01
201400016612;0;7;0;0;0;1;2;A01
201400016612;0;7;0;0;0;0;1;B01
201400016613;0;7;0;0;2;1;1;B01
201400016613;0;7;0;0;2;1;13;A01
201400016614;0;2;0;0;2;1;1;B01
201400016614;0;7;0;0;2;5;15;A01
201400016615;0;33;0;0;0;0;2;A01
201400016616;0;7;0;0;0;4;2;B01
201400016616;0;30;0;0;2;1;2;A01
201400016617;0;1;0;0;2;8;0;B01
201400016617;0;15;0;0;9;1;0;A01
201400016618;0;7;0;4;1;1;5;A01
201400016619;0;7;0;0;2;2;1;A01
201400016619;0;7;0;0;2;3;0;B01
201400016620;0;7;0;0;2;1;1;A01
201400016620;0;7;0;0;2;4;23;D01
201400016620;0;7;0;0;2;4;23;B01
201400016620;0;7;0;0;2;4;23;C01
201400016620;0;7;0;0;2;4;23;E01
201400016621;0;2;0;0;2;1;1;B01
201400016621;0;7;0;0;2;3;15;A01
201400016622;0;7;0;0;2;3;0;B01
201400016622;0;2;0;0;2;1;0;A01
201400016623;0;7;0;0;2;6;2;C01
201400016623;0;33;0;0;2;2;3;B01
201400016623;0;7;0;0;2;3;11;A01
201400016624;0;34;0;0;0;9;0;B01
201400016624;0;7;0;0;0;1;0;A01
201400016625;0;7;0;0;2;3;1;B01
201400016625;0;33;0;0;2;2;17;A01
201400016626;0;2;0;0;0;7;2;A01
201400016626;0;7;0;0;0;3;2;B01
201400016627;0;7;0;0;2;1;2;A01
201400016627;0;7;0;0;0;4;1;B01
201400016628;0;33;0;3;0;1;1;A01
201400016629;0;7;0;0;0;3;15;A01
201400016629;0;34;0;0;0;1;1;B01
201400016630;0;7;0;2;0;2;0;A01
201400016631;0;7;0;0;2;1;1;A01
201400016631;0;7;0;0;2;4;1;B01
201400016632;0;7;0;0;2;1;9;A01
201400016632;0;7;0;0;0;6;1;B01
201400016633;0;7;0;13;0;2;15;A01
201400016634;0;7;0;0;0;1;1;A01
201400016634;0;7;0;0;0;4;0;B01
201400016635;0;7;0;0;2;3;1;B01
201400016635;0;7;0;0;2;3;1;A01
201400016636;0;7;0;6;0;1;0;A01
201400016637;0;7;0;3;0;1;0;A01
201400016638;0;7;0;1;0;8;1;A01
201400016638;0;7;0;13;2;1;23;B01
201400016639;0;7;0;0;2;6;15;A01
201400016639;0;7;0;0;2;2;17;B01
201400016640;0;7;0;4;0;3;9;A01
201400016641;0;7;0;0;2;1;0;A01
201400016641;0;7;0;0;2;1;1;B01
201400016642;0;7;0;0;2;3;11;B01
201400016642;0;7;0;0;0;7;11;A01
201400016643;0;7;0;6;0;1;0;A01
201400016644;0;7;0;0;2;3;13;A01
201400016644;0;7;0;0;2;1;1;C01
201400016644;0;7;0;3;2;6;1;B01
201400016645;0;7;0;0;2;1;1;B01
201400016645;0;7;0;0;2;5;1;A01
201400016646;0;7;0;0;2;8;2;B01
201400016646;0;2;0;0;2;7;2;A01
201400016647;0;7;0;0;2;8;1;B01
201400016647;0;7;0;0;2;3;1;A01
201400016648;0;7;0;0;2;2;2;A01
201400016648;0;7;0;0;2;3;0;B01
201400016649;0;7;0;0;2;1;17;B01
201400016649;0;7;0;0;2;5;4;A01
201400016650;0;7;0;0;2;5;2;B01
201400016650;0;7;0;0;2;3;2;A01
201400016651;0;7;0;0;2;1;0;B01
201400016651;0;7;0;0;2;2;9;A01
201400016652;0;7;0;0;2;8;2;A01
201400016652;0;17;0;0;2;2;2;B01
201400016653;0;7;0;0;1;1;1;A01
201400016654;0;7;0;0;2;1;2;A01
201400016654;0;7;0;0;2;4;2;C01
201400016654;0;7;0;0;2;4;2;B01
201400016655;0;7;0;3;0;1;1;A01
201400016656;0;33;0;0;2;2;1;A01
201400016656;1;99;0;0;0;0;0;Z01
201400016657;0;7;0;0;0;4;2;B01
201400016657;0;7;0;0;0;3;2;A01
201400016658;0;3;0;3;0;1;1;A01
201400016659;0;7;0;0;2;1;2;A01
201400016659;0;7;0;0;0;4;2;B01
201400016660;0;7;0;0;0;4;0;B01
201400016660;0;34;0;0;2;1;2;A01
201400016661;0;7;0;0;0;7;1;A01
201400016661;0;7;0;0;0;1;1;B01
201400016662;0;7;0;12;2;2;2;B01
201400016662;0;7;0;0;2;8;9;A01
201400016663;0;7;0;7;0;8;0;A01
201400016664;0;7;0;3;0;2;1;A01
201400016665;0;7;0;0;2;1;0;B01
201400016665;0;7;0;0;0;2;0;A01
201400016666;0;7;0;0;1;1;2;A01
201400016667;0;7;0;0;0;4;0;B01
201400016667;1;7;0;0;2;9;2;A01
201400016667;1;99;0;0;0;0;0;Z01
201400016668;0;33;0;0;0;1;1;A01
201400016668;0;7;0;0;0;5;15;B01
201400016669;0;7;0;0;0;4;23;C01
201400016669;0;7;0;0;0;1;2;A01
201400016669;0;7;0;0;0;4;23;B01
201400016670;0;37;2;0;2;3;0;B01
201400016670;0;7;0;0;2;5;0;A01
201400016671;0;33;0;0;0;3;15;B01
201400016671;0;7;0;0;0;3;15;A01
201400016672;0;7;0;0;1;1;0;A01
201400016673;0;7;0;0;2;3;2;B01
201400016673;0;7;0;4;2;0;14;A01
201400016674;0;33;0;0;2;2;1;B01
201400016674;0;7;0;0;2;3;16;A01
201400016675;1;7;0;0;0;0;0;A01
201400016675;0;7;0;0;2;3;1;D01
201400016675;0;7;0;0;2;5;1;B01
201400016675;0;7;0;0;2;1;2;C01
201400016676;0;2;0;0;2;3;17;B01
201400016676;0;31;0;0;2;3;1;A01
201400016677;0;7;0;0;1;1;1;A01
201400016678;0;34;0;0;2;1;1;A01
201400016678;0;7;0;0;0;5;1;B01
201400016678;0;7;0;0;0;8;1;C01
201400016679;0;7;0;0;2;4;2;B01
201400016679;0;7;0;0;2;1;2;A01
201400016679;0;7;0;0;0;6;2;C01
201400016680;0;7;0;0;1;4;4;A01
201400016681;0;7;0;0;2;7;17;A01
201400016681;0;7;0;0;2;8;1;B02
201400016682;0;7;0;0;2;1;2;A01
201400016682;0;7;0;0;2;4;23;B02
201400016682;0;7;0;0;2;4;23;C03
201400016682;0;7;0;0;2;4;23;D04
201400016682;0;7;0;0;0;4;23;E05
201400016683;0;7;0;13;0;1;1;A01
201400016684;0;3;0;0;2;4;1;A01
201400016684;0;10;0;0;2;1;2;B02
201400016684;0;7;0;0;2;7;17;C03
201400016685;0;7;0;1;0;2;2;A01
201400016685;0;7;0;0;0;6;23;B02
201400016686;0;7;0;0;2;1;2;A01
201400016686;0;15;0;0;0;4;2;B02
201400016687;0;10;0;0;2;1;2;A01
201400016687;0;7;0;0;0;4;2;B02
201400016688;0;38;50;0;2;2;2;A01
201400016688;0;17;0;0;0;6;2;B02
201400016689;0;7;0;2;0;2;14;A01
201400016690;0;15;0;16;0;0;14;A01
201400016691;0;7;0;3;0;1;1;A01
201400016692;0;10;0;13;0;2;14;A01
201400016693;0;7;0;0;0;6;1;A01
201400016693;0;10;0;0;2;4;2;B02
201400016693;0;7;0;0;2;1;1;C03
201400016693;0;10;0;0;2;1;2;D04
201400016693;0;7;0;0;2;1;2;E05
201400016694;0;7;0;0;0;0;1;A01
201400016695;0;7;0;4;0;3;1;A01
201400016696;0;10;0;0;2;1;2;A01
201400016696;0;7;0;0;0;4;2;B02
201400016697;0;10;0;4;0;1;17;A01
201400016698;0;10;0;0;0;0;1;A01
201400016699;0;7;0;0;2;1;17;A01
201400016699;0;17;0;0;2;4;1;B02
201400016700;0;14;0;13;0;1;14;A01
201400016701;0;7;0;0;2;1;1;A01
201400016701;0;7;0;0;2;6;2;B02
201400016702;0;7;0;4;0;1;21;A01
201400016703;0;7;0;0;2;1;19;A01
201400016703;0;7;0;0;2;8;1;B02
201400016704;0;7;0;0;0;0;1;A01
201400016705;0;7;0;0;2;5;1;A01
201400016705;0;7;0;0;2;1;1;B02
201400016705;0;17;0;0;2;3;1;C03
201400016706;0;10;0;2;0;3;1;A01
201400016707;0;7;0;0;2;1;2;A01
201400016707;0;15;0;0;2;6;2;B02
201400016708;0;7;0;2;0;3;1;A01
201400016709;0;7;0;0;2;1;1;A01
201400016709;0;7;0;0;2;1;1;B02
201400016710;0;7;0;0;2;3;1;B02
201400016710;0;7;0;0;2;1;1;A01
201400016711;0;7;0;0;2;3;1;A01
201400016711;0;7;0;0;2;3;1;B02
201400016712;0;7;0;0;2;1;1;A01
201400016712;0;33;0;0;2;1;19;B02
201400016713;0;7;0;0;2;3;15;A01
201400016713;0;7;0;0;2;1;1;B02
201400016714;0;33;0;0;2;1;1;A01
201400016714;0;10;0;0;0;1;15;B02
201400016715;0;30;0;0;0;8;14;A01
201400016716;0;7;0;0;0;4;2;A01
201400016716;0;33;0;0;0;1;2;B02
201400016717;0;33;0;12;0;1;1;A01
201400016718;0;33;0;13;0;1;1;A01
201400016719;0;7;0;3;0;3;1;A01
201400016720;0;7;0;0;2;2;2;A01
201400016720;0;15;0;0;0;6;1;B02
201400016721;0;7;0;4;0;3;13;A01
201400016722;0;10;0;3;0;6;1;B02
201400016722;0;7;0;0;2;2;17;A01
201400016723;0;7;0;13;0;2;1;A01
201400016724;0;7;0;13;0;9;1;A01
201400016725;0;7;0;4;0;3;1;A01
201400016726;0;14;0;0;2;1;1;B02
201400016726;0;7;0;0;2;8;10;A01
201400016727;0;7;0;0;2;6;1;A01
201400016727;0;7;0;0;2;2;1;B02
201400016728;0;7;0;0;2;3;19;A01
201400016728;0;7;0;0;2;1;1;B02
201400016728;0;7;0;0;2;3;2;C03
201400016729;0;14;0;0;2;2;17;A01
201400016729;0;10;0;0;2;8;15;B02
201400016730;0;7;0;0;1;2;1;A01
201400016731;0;7;0;0;9;1;2;C03
201400016731;0;33;0;0;2;1;2;A01
201400016731;0;7;0;0;0;6;2;B02
201400016732;0;7;0;0;2;1;1;A01
201400016732;0;36;0;0;2;1;1;B02
201400016733;0;7;0;0;2;8;1;B02
201400016733;0;7;0;0;2;1;19;A01
201400016734;0;7;0;13;0;1;1;A01
201400016735;0;21;0;0;2;3;15;B02
201400016735;0;7;0;0;2;2;17;A01
201400016736;0;33;0;1;2;7;13;B02
201400016736;0;7;0;0;2;3;1;A01
201400016737;0;7;0;0;2;6;15;B02
201400016737;0;32;0;0;2;1;17;A01
201400016738;0;7;0;0;2;2;14;A01
201400016738;0;30;0;0;2;1;1;B02
201400016739;0;10;0;1;2;4;2;B01
201400016739;0;7;0;0;2;1;1;C02
201400016740;0;7;0;0;1;3;15;A01
201400016741;0;33;0;3;0;2;14;A01
201400016742;0;7;0;13;0;1;1;A01
201400016743;0;7;0;1;0;2;14;A01
201400016744;0;7;0;3;0;1;14;A01
201400016745;0;7;0;2;0;1;1;A01
201400016746;0;7;0;3;0;9;1;A01
201400016747;0;7;0;0;0;1;1;A01
201400016748;0;10;0;0;2;1;2;A01
201400016748;0;14;0;0;2;4;1;B02
201400016749;0;7;0;11;0;1;1;A01
201400016750;0;7;0;3;0;2;14;A01
201400016751;0;7;0;0;0;2;14;A01
201400016752;0;17;0;0;0;5;10;A01
201400016752;0;10;0;0;2;2;1;B02
201400016753;0;38;26;0;2;3;1;A01
201400016753;0;7;0;0;2;8;19;B02
201400016754;0;7;0;0;2;1;2;A01
201400016754;0;7;0;0;2;4;2;B02
201400016755;0;10;0;8;0;8;1;A01
201400016756;0;10;0;13;0;2;1;A01
201400016757;0;7;0;0;2;3;13;A01
201400016757;0;7;0;0;2;3;1;B02
201400016758;0;30;0;5;4;1;1;A01
201400016758;0;39;0;0;4;3;1;B02
201400016759;0;7;0;6;0;3;1;A01
201400016760;0;15;0;0;2;2;1;B02
201400016760;0;10;0;0;2;8;19;A01
201400016761;0;1;0;0;0;8;19;A01
201400016761;0;10;0;0;0;2;21;B02
201400016762;0;7;0;0;0;7;9;A01
201400016762;0;7;0;0;2;3;21;B02
201400016763;0;7;0;0;2;1;2;A01
201400016763;0;7;0;0;2;4;2;B02
201400016764;0;30;0;0;2;1;1;A01
201400016764;0;10;0;0;2;1;13;B02
201400016765;0;7;0;9;0;3;1;A01
201400016766;1;99;0;0;1;1;1;A01
201400016767;0;33;0;0;2;2;1;A01
201400016767;0;2;0;0;2;3;9;B02
201400016768;0;1;0;0;0;0;1;A01
201400016768;1;7;0;0;0;0;17;B02
201400016769;0;7;0;0;2;1;13;A01
201400016769;0;10;0;0;2;3;1;B02
201400016770;0;7;0;0;2;2;21;A01
201400016770;0;7;0;0;2;1;13;B02
201400016771;0;7;0;3;0;1;13;A01
201400016771;0;7;0;14;0;1;21;B02
201400016772;0;7;0;13;0;1;1;A01
201400016773;0;7;0;0;0;1;1;A01
201400016773;0;7;0;0;0;4;1;B02
201400016774;0;7;0;7;0;1;14;A01
201400016775;0;7;0;0;0;4;2;B02
201400016775;0;7;0;0;2;1;2;A01
201400016776;0;7;0;2;6;1;1;A01
201400016777;0;10;0;2;0;2;0;A01
201400016778;0;7;0;15;1;0;1;A01
201400016779;0;33;0;0;0;9;21;A01
201400016779;0;7;0;0;0;0;19;B02
201400016780;0;7;0;0;2;2;0;A01
201400016780;0;7;0;0;2;3;13;B02
201400016781;0;7;0;0;0;0;1;A01
201400016782;0;7;0;0;0;7;19;A01
201400016782;0;2;0;0;0;1;0;B02
201400016783;0;10;0;13;0;7;15;A01
201400016784;0;30;0;0;2;1;1;A01
201400016784;0;7;0;0;2;2;16;B02
201400016785;0;7;0;0;1;2;1;A01
201400016786;0;2;0;0;2;8;1;A01
201400016786;0;7;0;0;2;3;15;B01
201400016787;0;7;0;0;2;7;15;A01
201400016787;0;2;0;0;2;1;1;B01
201400016788;0;7;0;0;1;8;1;A01
201400016789;0;7;0;3;2;2;3;A01
201400016789;0;7;0;0;2;6;1;B01
201400016789;0;7;0;0;2;2;1;C01
201400016790;0;7;0;2;0;2;13;A01
201400016791;0;7;0;0;2;2;15;A01
201400016791;0;2;0;0;2;1;1;B01
201400016792;0;7;0;4;0;9;1;A01
201400016793;0;7;0;3;0;3;9;A01
201400016794;0;7;0;0;1;3;15;A01
201400016795;0;10;0;0;1;4;4;A01
201400016796;0;7;0;0;1;1;1;A01
201400016797;0;7;0;0;2;1;1;A01
201400016797;0;7;0;0;2;4;23;B01
201400016798;0;7;0;0;2;6;11;A01
201400016798;0;33;0;0;2;1;17;B01
201400016799;0;33;0;0;2;1;1;B01
201400016799;0;7;0;0;2;1;13;A01
201400016800;0;7;0;0;1;3;15;A01
201400016801;0;7;0;0;2;7;15;A01
201400016801;0;7;0;0;2;1;1;B01
201400016802;0;7;0;0;2;8;15;B01
201400016802;0;33;0;0;2;1;17;A01
201400016803;0;7;0;0;2;1;1;A01
201400016803;0;7;0;0;2;4;23;B01
201400016804;0;7;0;3;0;1;14;A01
201400016805;0;7;0;0;2;7;15;A01
201400016805;0;33;0;0;2;8;1;B01
201400016806;0;7;0;0;2;3;1;B01
201400016806;0;7;0;0;2;2;1;A01
201400016807;0;10;0;0;2;2;12;A01
201400016807;0;21;0;0;2;6;1;B01
201400016808;0;7;0;0;2;2;15;A01
201400016808;0;2;0;0;2;1;1;B01
201400016809;0;7;0;0;2;3;15;A01
201400016809;0;1;0;0;2;1;1;B01
201400016810;0;1;0;0;1;3;21;A01
201400016811;0;1;0;0;2;8;19;A01
201400016811;0;7;0;0;2;1;15;B01
201400016812;0;7;0;0;2;6;9;A01
201400016812;0;15;0;0;2;1;1;B01
201400016813;0;7;0;0;1;2;1;A01
201400016814;0;7;0;2;0;7;14;A01
201400016815;0;7;0;0;2;1;1;A01
201400016815;0;7;0;0;2;4;23;B01
201400016815;0;7;0;0;2;4;23;C01
201400016816;0;7;0;2;0;1;16;A01
201400016817;0;7;0;0;2;3;15;A01
201400016817;0;1;0;0;2;1;1;B01
201400016818;0;2;0;1;0;1;13;A01
201400016819;0;7;0;6;2;4;15;B01
201400016819;0;7;0;0;2;1;1;A01
201400016820;0;7;0;0;2;1;1;B01
201400016820;0;7;0;0;2;7;1;A01
201400016821;0;7;0;0;2;7;15;B01
201400016821;0;2;0;0;2;1;7;A01
201400016822;0;7;0;0;1;3;17;A01
201400016823;0;10;0;0;2;1;1;A01
201400016823;0;7;0;0;2;4;1;B01
201400016824;0;7;0;0;2;6;1;B01
201400016824;0;33;0;0;2;1;2;A01
201400016825;0;33;0;0;2;1;1;A01
201400016825;0;7;0;0;2;2;15;B01
201400016826;0;2;0;0;2;4;1;A01
201400016826;1;7;0;0;2;1;2;Z01
201400016827;0;7;0;0;1;3;1;A01
201400016828;0;7;0;2;0;1;19;A01
201400016829;0;7;0;0;1;1;1;A01
201400016830;0;7;0;0;2;4;1;B01
201400016830;0;7;0;0;2;1;1;A01
201400016830;0;7;0;0;2;4;1;C01
201400016831;0;30;0;6;0;2;1;A01
201400016832;0;32;0;8;0;1;13;A01
201400016833;0;7;0;0;2;5;1;B01
201400016833;0;33;0;0;2;8;9;A01
201400016834;0;7;0;0;2;1;17;A01
201400016834;0;21;0;0;2;4;15;B01
201400016835;0;2;0;0;0;0;1;A01
201400016836;0;1;0;0;2;8;1;A01
201400016836;1;7;0;0;2;7;14;Z01
201400016837;0;2;0;0;2;1;1;A01
201400016837;0;7;0;0;2;2;15;B01
201400016838;0;1;0;0;2;1;5;A01
201400016838;0;7;0;0;2;2;16;B01
201400016839;0;7;0;0;2;7;1;A01
201400016839;0;1;0;0;2;1;9;B01
201400016840;1;33;0;0;1;1;1;Z01
201400016841;0;7;0;0;1;2;21;A01
201400016842;0;7;0;0;2;2;15;A01
201400016842;0;33;0;0;2;1;1;B01
201400016843;0;7;0;0;1;2;9;A01
201400016844;0;7;0;0;1;3;1;A01
201400016845;0;31;0;0;2;1;15;A01
201400016845;0;7;0;0;2;8;1;B01
201400016846;0;2;0;0;1;1;1;A01
201400016847;0;1;0;0;0;0;1;A01
201400016848;0;7;0;0;2;8;16;A01
201400016848;0;1;0;0;2;1;15;B01
201400016849;0;2;0;1;0;1;14;A01
201400016850;0;1;0;0;2;1;19;A01
201400016850;0;7;0;0;2;2;1;B01
201400016851;0;7;0;3;2;2;1;A01
201400016851;0;15;0;0;2;4;1;B01
201400016852;0;7;0;0;2;3;23;B01
201400016852;0;7;0;11;2;1;15;A01
201400016853;0;37;20;0;2;5;1;A01
201400016853;0;1;0;0;1;9;23;B01
201400016854;0;33;0;0;2;1;1;B01
201400016854;0;10;0;0;2;3;15;A01
201400016855;0;31;0;12;0;1;21;B01
201400016856;0;7;0;0;4;3;15;A01
201400016856;0;40;0;0;2;7;1;B01
201400016857;0;7;0;0;1;2;1;A01
201400016858;0;3;0;0;2;7;17;A01
201400016858;0;1;0;0;2;8;1;B01
201400016859;0;2;0;0;0;1;1;A01
201400016860;0;7;0;0;2;1;1;B01
201400016860;0;7;0;0;2;2;15;A01
201400016861;0;7;0;0;1;1;13;A01
201400016862;0;30;0;0;2;1;15;A01
201400016862;0;2;0;0;2;1;1;B01
201400016863;0;7;0;0;2;6;1;A01
201400016863;0;7;0;0;2;2;1;B01
201400016864;0;7;0;0;2;1;15;A01
201400016864;0;2;0;0;2;1;1;B01
201400016865;0;2;0;0;2;1;21;A01
201400016865;1;7;0;0;2;0;15;Z01
201400016866;0;30;0;0;2;7;1;B01
201400016866;0;10;0;0;2;3;15;A01
201400016867;0;7;0;0;2;1;13;A01
201400016867;0;7;0;0;2;1;1;B01
201400016868;0;7;0;0;1;1;1;A01
201400016869;0;7;0;0;1;2;1;A01
201400016870;0;37;1;0;2;2;1;B01
201400016870;0;1;0;0;2;1;1;A01
201400016871;0;7;0;0;2;1;1;B01
201400016871;0;7;0;0;2;1;0;A01
201400016872;0;7;0;0;2;1;1;A01
201400016872;0;7;0;0;2;6;1;B01
201400016873;0;7;0;0;1;8;1;A01
201400016874;0;7;0;0;1;1;1;A01
201400016875;0;7;0;0;2;7;13;A01
201400016875;0;14;0;0;2;1;1;C01
201400016875;0;7;0;0;0;1;1;B01
201400016876;0;7;0;0;2;1;1;B01
201400016876;0;7;0;0;2;1;1;A01
201400016877;0;7;0;0;1;3;15;A01
201400016878;0;7;0;0;2;3;13;A01
201400016878;0;10;0;0;0;8;1;B02
201400016878;0;7;0;0;0;6;1;C03
201400016879;0;7;0;2;0;1;1;A01
201400016879;0;7;0;0;2;1;1;B02
201400016880;0;7;0;0;2;1;1;B02
201400016880;0;7;0;0;2;7;1;A01
201400016881;0;7;0;0;0;2;15;A01
201400016881;0;33;0;0;2;1;1;B02
201400016882;0;7;0;2;0;1;15;A01
201400016883;0;7;0;0;6;9;21;A01
201400016884;0;10;0;2;0;1;14;A01
201400016885;0;7;0;8;0;7;1;A01
201400016886;0;1;0;0;2;8;5;B01
201400016886;0;2;0;0;2;1;1;A01
201400016887;0;7;0;0;1;1;12;A01
201400016888;0;7;0;2;0;1;13;A01
201400016889;0;1;0;0;2;4;1;B01
201400016889;1;7;0;0;2;1;1;A01