num_acc;senc;catv;occutc;obs;obsm;choc;manv;num_veh
201400016890;0;7;0;0;2;5;23;B01
201400016890;0;2;0;0;2;1;2;A01
201400016891;0;7;0;0;2;4;2;A01
201400016891;0;7;0;0;2;1;2;B01
201400016892;0;1;0;0;2;8;1;A01
201400016892;0;7;0;0;2;7;14;B01
201400016893;0;7;0;0;2;4;2;A01
201400016893;0;30;0;0;2;1;2;B01
201400016894;0;7;0;0;2;1;15;A01
201400016894;0;7;0;0;2;1;1;B01
201400016895;0;1;0;0;2;7;1;B01
201400016895;0;7;0;0;2;1;9;A01
201400016896;0;30;0;0;2;1;17;A01
201400016896;0;1;0;0;2;3;19;B01
201400016897;0;30;0;0;0;1;1;A01
201400016897;0;7;0;0;0;8;1;B01
201400016898;0;7;0;0;9;1;2;A01
201400016898;0;99;0;0;0;4;2;B01
201400016899;0;7;0;11;0;9;1;A01
201400016900;0;7;0;0;2;3;1;B01
201400016900;0;31;0;0;2;2;1;A01
201400016901;0;33;0;0;0;0;1;A01
201400016902;0;7;0;0;2;3;1;A01
201400016902;0;32;0;0;2;2;15;B01
201400016903;0;7;0;12;0;1;1;A01
201400016904;0;33;0;0;0;2;16;A01
201400016905;0;1;0;0;2;1;1;A01
201400016905;0;7;0;0;2;1;15;B02
201400016906;0;33;0;0;2;1;1;B02
201400016906;0;7;0;0;2;7;19;A01
201400016907;0;7;0;0;2;1;1;B02
201400016907;0;7;0;0;2;5;13;A01
201400016908;0;33;0;0;2;7;17;A01
201400016908;0;7;0;0;2;1;19;B02
201400016909;0;7;0;0;5;2;1;A01
201400016910;0;7;0;0;2;6;15;A01
201400016910;0;33;0;0;2;1;1;B02
201400016911;0;7;0;13;0;1;1;A01
201400016912;0;7;0;0;1;3;1;A01
201400016913;0;7;0;7;0;7;19;A01
201400016914;0;33;0;0;2;1;1;B02
201400016914;0;7;0;0;2;2;15;A01
201400016915;0;33;0;0;2;1;1;B02
201400016915;0;7;0;0;2;3;19;A01
201400016916;0;7;0;0;2;3;15;A01
201400016916;0;2;0;0;2;2;1;B02
201400016917;0;7;0;0;2;8;1;A01
201400016917;0;7;0;0;2;1;9;B02
201400016918;0;33;0;0;2;5;1;A01
201400016918;0;21;0;0;2;1;19;B02
201400016919;0;1;0;0;2;1;16;A01
201400016919;0;7;0;0;2;7;1;B02
201400016920;0;7;0;0;2;1;1;B02
201400016920;0;30;0;0;2;1;1;A01
201400016921;0;7;0;15;0;1;1;A01
201400016922;0;30;0;14;0;1;1;A01
201400016923;0;10;0;0;6;9;17;A01
201400016924;0;30;0;8;0;0;1;A01
201400016925;0;7;0;6;0;3;13;A01
201400016926;0;15;0;0;2;8;13;A01
201400016926;0;15;0;0;2;3;1;B02
201400016927;0;10;0;0;1;6;1;A01
201400016928;0;7;0;0;2;6;15;A01
201400016928;0;33;0;0;2;1;1;B02
201400016929;0;33;0;0;2;1;17;A01
201400016929;0;21;0;0;2;6;15;B02
201400016930;0;15;0;0;2;1;1;A01
201400016930;0;7;0;0;0;8;15;B02
201400016931;0;15;0;0;2;1;1;B02
201400016931;0;7;0;0;2;8;19;A01
201400016932;0;7;0;0;1;1;1;A01
201400016933;0;36;0;14;1;1;2;A01
201400016934;0;7;0;13;0;2;0;A01
201400016935;0;7;0;0;0;0;1;A01
201400016936;0;33;0;16;0;1;15;A01
201400016937;0;36;0;0;0;7;15;A01
201400016938;0;7;0;6;0;1;19;A01
201400016939;0;17;0;0;2;2;1;B02
201400016939;0;7;0;0;2;8;15;A01
201400016940;0;7;0;16;0;0;13;A01
201400016941;0;31;0;6;2;5;19;A01
201400016941;0;7;0;0;2;2;1;B02
201400016942;0;1;0;0;0;4;1;B02
201400016942;0;7;0;0;2;1;1;A01
201400016943;0;7;0;13;0;2;1;A01
201400016944;0;7;0;0;0;4;1;B02
201400016944;0;31;0;0;2;1;17;A01
201400016945;0;36;0;7;0;1;1;A01
201400016946;0;33;0;0;0;8;1;A01
201400016947;0;7;0;6;0;1;1;A01
201400016948;0;7;0;6;0;1;1;A01
201400016949;0;7;0;0;0;3;13;A01
201400016949;0;15;0;0;0;3;1;B02
201400016950;0;33;0;0;0;1;1;A01
201400016951;0;7;0;0;2;3;1;B02
201400016951;0;7;0;0;2;1;19;A01
201400016952;0;7;0;0;2;5;13;B02
201400016952;0;1;0;0;2;1;1;A01
201400016953;0;21;0;0;0;4;2;A01
201400016953;0;7;0;0;2;1;2;B02
201400016954;0;7;0;8;0;1;1;A01
201400016955;0;30;0;12;0;2;1;A01
201400016956;0;10;0;13;0;2;1;A01
201400016957;0;33;0;0;0;6;1;A01
201400016958;0;7;0;0;1;2;1;A01
201400016959;0;7;0;14;0;3;1;A01
201400016960;0;33;0;0;2;1;17;A01
201400016960;0;21;0;0;2;3;15;B02
201400016961;0;30;0;0;0;0;0;A01
201400016962;0;21;0;0;1;0;1;A01
201400016963;0;7;0;0;2;2;9;A01
201400016963;0;7;0;0;2;1;1;B02
201400016964;0;7;0;2;0;3;1;A01
201400016965;0;33;0;0;0;2;1;A01
201400016966;0;7;0;0;1;1;1;A01
201400016967;0;10;0;0;2;8;19;A01
201400016967;0;7;0;0;2;1;1;B02
201400016968;0;7;0;2;0;2;1;A01
201400016969;0;1;0;0;0;4;1;B02
201400016969;0;7;0;0;0;2;1;A01
201400016970;0;7;0;0;2;1;1;A01
201400016970;0;7;0;0;2;1;1;B02
201400016971;0;33;0;0;2;7;1;B01
201400016971;0;7;0;0;2;3;1;A01
201400016972;0;7;0;0;2;8;15;A01
201400016972;0;33;0;0;2;2;1;B01
201400016973;0;7;0;1;0;2;1;A01
201400016974;0;33;0;0;2;1;2;A01
201400016974;0;10;0;0;2;4;2;B01
201400016975;0;10;0;16;0;9;13;A01
201400016976;0;2;0;0;2;7;1;B01
201400016976;0;7;0;0;2;1;9;A01
201400016977;0;7;0;0;2;2;15;A01
201400016977;0;2;0;0;2;1;1;B01
201400016978;0;7;0;0;1;7;1;A01
201400016979;0;7;0;0;2;3;15;A01
201400016979;0;30;0;0;2;1;1;B01
201400016980;0;10;0;0;1;7;1;A01
201400016981;0;7;0;2;0;1;1;A01
201400016982;0;10;0;0;0;5;21;A01
201400016982;0;7;0;0;2;4;23;B01
201400016982;0;7;0;0;2;1;21;C01
201400016983;0;7;0;0;2;1;21;B01
201400016983;0;7;0;0;2;8;19;A01
201400016984;0;30;0;0;2;7;1;B01
201400016984;0;10;0;0;2;3;9;A01
201400016985;0;7;0;0;2;5;1;B01
201400016985;0;1;0;0;2;1;9;A01
201400016986;0;7;0;0;1;2;1;A01
201400016987;0;7;0;0;2;1;16;B01
201400016987;0;1;0;0;2;6;1;A01
201400016988;0;33;0;0;0;8;1;A01
201400016989;0;33;0;0;2;2;21;A01
201400016989;0;10;0;0;0;6;21;B01
201400016990;0;7;0;6;0;2;14;A01
201400016991;0;7;0;0;1;3;1;A01
201400016992;0;7;0;2;0;3;13;A01
201400016993;0;2;0;1;0;1;2;A01
201400016993;0;7;0;1;0;6;2;B01
201400016994;0;7;0;0;2;2;1;B01
201400016994;0;1;0;0;2;1;9;A01
201400016995;0;7;0;11;2;5;2;A01
201400016995;0;2;0;0;2;8;2;B01
201400016996;0;7;0;0;2;7;15;A01
201400016996;0;10;0;0;2;1;1;B01
201400016997;0;7;0;0;2;5;0;A01
201400016997;0;33;0;0;2;1;0;B01
201400016998;0;7;0;0;1;1;1;A01
201400016999;0;7;0;0;0;5;0;A01
201400016999;0;7;0;0;0;2;0;B01
201400017000;0;7;0;0;1;2;15;A01
201400017001;0;7;0;0;2;1;16;B02
201400017001;0;2;0;0;2;1;1;A01
201400017002;0;33;0;6;0;3;13;A01
201400017003;0;31;0;0;0;1;16;A01
201400017004;0;7;0;0;0;8;15;A01
201400017004;0;30;0;0;0;1;1;B02
201400017005;0;7;0;2;0;8;0;A01
201400017006;0;7;0;16;0;9;1;A01
201400017007;0;7;0;16;0;9;1;A01
201400017008;0;7;0;0;1;2;1;A01
201400017009;0;7;0;2;0;9;1;A01
201400017010;0;33;0;16;0;8;1;A01
201400017011;0;1;0;0;0;0;1;A01
201400017011;0;7;0;0;0;0;1;B02
201400017012;0;33;0;0;2;7;1;B02
201400017012;0;33;0;14;0;1;1;C03
201400017013;0;33;0;3;0;2;1;A01
201400017014;0;7;0;13;0;9;13;A01
201400017015;0;7;0;2;0;1;1;A01
201400017016;0;7;0;0;2;2;1;A01
201400017016;0;33;0;0;2;0;13;B02
201400017017;0;33;0;8;0;8;14;A01
201400017018;0;7;0;0;2;3;13;A01
201400017018;0;14;0;0;0;8;1;B02
201400017019;0;33;0;5;0;0;1;A01
201400017020;0;15;0;0;2;3;1;B02
201400017020;0;7;0;0;2;1;13;A01
201400017021;0;37;1;1;0;4;2;B02
201400017021;0;7;0;0;2;1;2;A01
201400017022;0;33;0;0;1;1;1;A01
201400017022;0;7;0;0;2;8;9;B02
201400017023;0;1;0;8;2;8;1;A01
201400017023;0;7;0;8;2;1;1;B02
201400017024;0;7;0;0;6;3;21;A01
201400017024;0;7;0;0;2;1;1;B02
201400017025;0;31;0;0;6;0;1;A01
201400017026;0;7;0;0;2;3;1;B02
201400017026;0;7;0;0;2;3;13;A01
201400017027;0;33;0;0;2;1;1;A01
201400017027;0;33;0;0;2;1;1;B02
201400017027;0;7;0;0;2;1;19;C01
201400017028;0;7;0;13;0;1;1;A01
201400017029;0;7;0;0;1;1;1;A01
201400017030;0;36;0;13;0;2;0;A01
201400017031;0;2;0;11;0;1;1;A01
201400017032;0;7;0;0;2;1;1;A01
201400017032;0;7;0;0;2;1;1;B02
201400017033;0;7;0;0;2;6;15;B02
201400017033;0;30;0;0;2;1;2;A01
201400017033;0;7;0;0;2;3;1;C03
201400017034;0;7;0;8;6;1;1;A01
201400017035;0;7;0;0;1;1;1;A01
201400017036;0;7;0;8;0;8;1;A01
201400017037;0;30;0;15;0;1;1;A01
201400017038;0;33;0;0;2;1;17;A01
201400017038;0;7;0;0;0;8;15;B02
201400017039;0;7;0;;6;0;1;A01
201400017040;0;7;0;0;6;0;1;A01
201400017041;0;33;0;0;2;1;1;B02
201400017041;0;7;0;0;0;8;9;A01
201400017042;0;7;0;0;0;2;17;A01
201400017042;0;1;0;0;0;0;0;B02
201400017043;0;7;0;0;0;1;19;A01
201400017044;0;7;0;0;2;1;1;B01
201400017044;0;7;0;0;2;1;1;A01
201400017045;0;30;0;1;0;8;1;A01
201400017046;0;1;0;0;0;5;19;A01
201400017046;0;7;0;0;2;1;1;B02
201400017047;0;7;0;0;2;1;15;B01
201400017047;0;33;0;0;2;1;1;A02
201400017048;0;7;0;0;0;1;1;A01
201400017049;0;2;0;0;2;1;17;A01
201400017049;0;7;0;;2;6;17;B02
201400017050;0;17;0;0;0;8;13;A01
201400017051;0;7;0;15;0;1;14;A01
201400017052;0;7;0;0;2;2;15;A01
201400017052;0;7;0;0;2;2;1;B01
201400017053;0;2;0;0;2;1;2;A01
201400017053;0;7;0;0;0;4;15;B01
201400017054;0;7;0;0;1;1;1;A01
201400017055;0;7;0;0;2;3;1;A01
201400017055;0;1;0;0;2;1;1;B01
201400017056;0;7;0;0;2;2;1;B01
201400017056;0;10;0;0;2;8;9;A01
201400017057;0;7;0;0;2;8;1;B01
201400017057;0;2;0;0;2;1;1;A01
201400017058;0;15;0;0;2;2;15;A01
201400017058;0;7;0;0;2;8;1;B01
201400017059;0;7;0;0;2;1;2;A01
201400017059;0;7;0;0;0;4;15;B01
201400017060;0;7;0;0;1;2;20;A01
201400017061;0;7;0;0;2;1;2;A01
201400017061;0;7;0;0;2;4;2;B01
201400017062;0;7;0;0;1;3;1;A01
201400017063;0;7;0;0;2;3;1;B01
201400017063;0;7;0;0;2;1;19;A01
201400017064;0;7;0;0;2;3;15;A01
201400017064;0;30;0;0;2;1;1;B01
201400017065;0;2;0;0;0;7;21;B01
201400017066;1;7;0;0;2;4;1;B01
201400017066;0;7;0;0;2;1;2;A01
201400017067;0;2;0;0;2;1;2;A01
201400017067;0;7;0;0;2;5;2;B01
201400017068;0;7;0;0;2;2;15;A01
201400017068;0;33;0;0;2;1;1;B01
201400017069;0;33;0;1;0;1;13;A01
201400017070;0;7;0;0;2;6;19;A01
201400017070;0;7;0;0;2;1;1;B01
201400017071;0;7;0;0;2;3;15;A01
201400017071;0;33;0;0;2;1;17;B01
201400017072;0;7;0;0;2;1;13;A01
201400017072;0;7;0;0;2;1;1;B01
201400017073;0;2;0;0;0;0;21;B01
201400017074;0;30;0;0;2;1;13;A01
201400017074;0;7;0;0;2;1;1;B01
201400017075;0;7;0;0;2;2;19;A01
201400017075;0;2;0;0;2;8;1;B01
201400017076;1;99;0;0;2;2;0;A01
201400017076;0;30;0;0;2;1;0;B01
201400017077;0;30;0;12;0;8;1;A01
201400017078;0;2;0;0;2;1;2;A01
201400017078;1;7;0;0;0;4;23;B01
201400017079;0;7;0;1;1;1;0;A01
201400017080;1;7;0;0;2;7;17;A01
201400017080;0;2;0;0;2;8;15;B01
201400017081;0;7;0;0;1;1;1;A01
201400017082;0;17;0;0;1;4;4;A01
201400017083;0;7;0;0;2;3;9;A01
201400017083;0;15;0;0;2;2;1;B01
201400017084;0;30;0;0;2;7;2;B01
201400017084;0;7;0;0;2;3;2;A01
201400017085;0;7;0;0;1;1;1;A01
201400017086;0;7;0;0;1;4;4;A01
201400017087;0;7;0;0;2;1;2;A01
201400017087;0;7;0;0;0;4;2;B01
201400017088;0;33;0;0;0;0;1;A01
201400017089;0;7;0;0;2;7;20;A01
201400017089;0;31;0;0;2;1;1;B01
201400017090;0;7;0;13;0;0;1;A01
201400017091;0;7;0;0;2;1;1;C01
201400017091;0;7;0;0;2;1;9;A01
201400017091;0;7;0;0;2;2;1;B01
201400017092;0;7;0;8;0;9;1;A01
201400017093;0;7;0;0;2;1;1;A01
201400017093;0;7;0;0;2;1;1;B01
201400017094;0;1;0;0;2;1;16;B02
201400017094;0;7;0;0;2;1;15;A01
201400017095;0;7;0;0;2;1;1;A01
201400017095;0;2;0;0;2;1;13;B01
201400017096;0;7;0;0;1;1;16;A01
201400017097;0;3;0;1;0;1;1;A01
201400017098;0;30;0;0;2;1;1;A01
201400017098;0;7;0;0;2;6;1;B01
201400017099;0;7;0;0;0;0;1;A01
201400017100;0;7;0;0;2;1;2;A01
201400017100;0;7;0;0;0;4;2;B01
201400017100;0;7;0;0;0;4;2;C01
201400017101;0;33;0;0;2;1;1;B02
201400017101;0;7;0;0;2;3;20;A01
201400017102;0;7;0;0;2;7;1;B02
201400017102;0;1;0;0;2;1;5;A01
201400017103;0;15;0;0;6;7;1;A01
201400017104;0;7;0;0;0;6;15;B02
201400017104;0;33;0;0;2;1;17;A01
201400017105;0;7;0;10;0;1;15;A01
201400017106;0;7;0;16;0;9;1;A01
201400017107;0;30;0;0;2;1;5;A01
201400017107;0;7;0;0;2;1;1;B02
201400017108;0;31;0;13;0;7;14;A01
201400017109;0;33;0;15;0;1;14;A01
201400017110;0;7;0;0;2;2;17;A01
201400017110;0;7;0;0;2;8;15;B02
201400017111;0;7;0;0;2;7;13;A01
201400017111;0;10;0;0;2;1;1;B02
201400017112;0;7;0;0;2;3;1;A01
201400017112;0;3;0;0;2;8;19;B02
201400017113;0;2;0;0;0;0;0;A01
201400017114;0;7;0;14;0;1;14;A01
201400017115;0;33;0;0;0;8;2;A01
201400017116;0;7;0;0;2;1;1;A01
201400017116;0;7;0;0;2;1;1;B02
201400017117;0;33;0;12;0;1;16;A01
201400017118;0;7;0;2;0;8;1;A01
201400017119;0;7;0;15;0;1;19;A01
201400017120;0;7;0;0;2;3;13;A01
201400017120;0;7;0;0;2;3;1;B02
201400017121;0;14;0;0;0;1;0;A01
201400017122;0;7;0;13;0;3;1;A01
201400017123;0;10;0;0;0;9;1;A01
201400017124;0;7;0;0;2;3;0;B02
201400017124;0;7;0;0;2;3;0;A01
201400017125;0;7;0;13;0;3;1;A01
201400017126;0;7;0;2;0;8;1;A01
201400017127;0;33;0;13;0;1;1;A01
201400017128;0;10;0;8;0;1;1;A01
201400017129;0;7;0;13;0;8;1;A01
201400017130;0;7;0;2;0;7;1;A01
201400017131;0;7;0;0;1;3;1;A01
201400017132;0;32;0;0;1;1;1;A01
201400017133;0;33;0;0;2;1;1;A01
201400017133;0;7;0;0;2;3;19;B02
201400017134;0;7;0;6;0;1;1;A01
201400017135;0;7;0;0;2;1;15;A01
201400017135;0;7;0;0;2;3;1;B02
201400017136;0;2;0;0;2;3;13;A01
201400017136;0;7;0;0;2;3;1;B02
201400017137;0;38;1;0;0;0;1;B02
201400017137;0;33;0;0;2;0;1;A01
201400017138;0;7;0;0;0;3;0;A01
201400017138;0;7;0;14;0;3;0;B02
201400017139;0;7;0;13;0;9;1;A01
201400017140;0;7;0;10;0;3;1;A01
201400017141;0;33;0;0;2;7;17;A01
201400017142;0;7;0;2;0;7;1;A01
201400017143;0;7;0;6;0;2;1;A01
201400017144;0;10;0;0;2;1;1;B02
201400017144;0;10;0;0;2;1;1;A01
201400017145;0;7;0;0;2;5;1;A01
201400017145;0;7;0;0;2;1;1;B02
201400017146;0;7;0;0;2;1;13;A01
201400017146;0;17;0;0;2;3;1;B02
201400017147;0;7;0;0;2;3;1;B02
201400017147;0;7;0;0;2;1;13;A01
201400017148;0;35;0;0;0;1;1;B02
201400017148;0;7;0;0;2;2;1;A01
201400017149;0;7;0;0;2;4;2;F06
201400017149;0;7;0;0;2;6;2;C03
201400017149;0;7;0;0;2;6;2;D04
201400017149;0;7;0;0;0;4;2;G07
201400017149;0;10;0;4;2;1;2;A01
201400017149;0;7;0;0;2;4;2;E05
201400017149;0;10;0;0;2;4;2;B02
201400017150;0;10;0;0;0;9;0;A01
201400017151;0;7;0;0;1;1;1;A01
201400017152;0;7;0;0;2;1;1;B02
201400017152;0;1;0;0;2;1;1;A01
201400017153;0;7;0;0;2;1;1;B02
201400017153;0;7;0;0;2;1;13;A01
201400017154;0;7;0;8;0;1;1;A01
201400017155;0;7;0;13;0;1;1;A01
201400017156;0;7;0;0;1;3;19;A01
201400017157;0;7;0;0;2;1;1;A01
201400017157;0;7;0;0;2;7;1;B02
201400017158;0;7;0;3;0;3;13;A01
201400017159;0;7;0;15;0;3;1;A01
201400017160;0;7;0;0;2;1;1;C03
201400017160;0;7;0;0;2;3;13;A01
201400017160;0;7;0;0;2;3;1;B02
201400017161;0;7;0;0;2;2;1;B02
201400017161;0;7;0;8;2;3;1;A01
201400017162;0;7;0;0;0;9;1;A01
201400017163;0;15;0;13;0;2;1;A01
201400017164;0;7;0;0;2;8;1;B02
201400017164;0;7;0;0;2;8;13;A01
201400017165;0;7;0;0;2;1;13;B02
201400017165;0;7;0;0;2;1;1;A01
201400017166;0;7;0;0;2;2;1;A01
201400017166;0;1;0;0;2;8;15;B02
201400017167;0;17;0;0;2;3;1;B02
201400017167;0;7;0;0;2;3;5;A01
201400017168;0;33;0;4;0;1;1;A01
201400017169;0;7;0;0;2;9;1;A01
201400017170;0;1;0;0;2;1;19;B02
201400017170;0;7;0;0;2;2;1;A01
201400017171;0;33;0;3;2;1;1;A01
201400017172;0;7;0;0;2;8;1;B02
201400017172;0;7;0;0;2;7;15;A01
201400017173;0;7;0;0;0;0;1;A01
201400017174;0;7;0;13;0;9;1;A01
201400017175;0;7;0;;;;;B01
201400017175;0;7;0;;;;;A02
201400017175;0;15;0;;;;;C03
201400017176;0;7;0;13;0;1;1;A01
201400017177;0;7;0;0;2;3;1;B02
201400017177;0;7;0;0;2;3;17;A01
201400017178;0;7;0;0;2;1;1;A01
201400017178;0;1;0;0;2;8;19;B02
201400017179;0;7;0;0;2;1;1;B02
201400017179;0;30;0;0;2;1;13;A01
201400017180;0;32;0;;;1;;B02
201400017180;0;7;0;;;4;20;A01
201400017181;0;7;0;;;;;B01
201400017181;0;7;0;;;;;A01
201400017182;0;7;0;0;2;2;10;A01
201400017182;0;2;0;0;2;1;1;B02
201400017183;0;7;0;0;2;2;6;A01
201400017183;0;36;0;0;2;6;1;B02
201400017184;0;30;0;;;;;A01
201400017185;0;7;0;;;9;2;A01
201400017186;0;7;0;1;2;8;15;A01
201400017186;0;7;0;1;2;2;17;B02
201400017187;0;7;0;0;2;3;1;B02
201400017187;0;7;0;0;2;3;5;A01
201400017188;0;7;0;0;2;8;15;B02
201400017188;0;33;0;0;2;1;17;A01
201400017189;0;7;0;0;2;2;2;A01
201400017189;0;1;0;0;2;6;2;B02
201400017190;0;31;0;0;2;3;15;B02
201400017190;0;7;0;0;2;2;1;A01
201400017191;0;33;0;0;2;1;19;A01
201400017191;0;7;0;0;2;3;1;B02
201400017192;0;33;0;0;0;4;1;A01
201400017192;0;33;0;0;2;1;1;B02
201400017193;0;7;0;8;0;1;1;A01
201400017194;0;33;0;0;2;0;13;A01
201400017194;0;7;0;0;2;2;1;B02
201400017195;0;7;0;6;0;1;1;A01
201400017196;0;7;0;0;2;3;1;B02
201400017196;0;7;0;0;2;1;13;A01
201400017197;0;10;0;0;2;8;13;A01
201400017197;0;33;0;0;2;3;13;B02
201400017198;0;7;0;2;0;2;1;A01
201400017199;0;2;0;3;0;2;1;A01
201400017200;0;7;0;0;2;1;13;A01
201400017200;0;33;0;0;2;1;1;B02
201400017201;0;31;0;0;2;7;17;A01
201400017201;0;7;0;0;2;8;1;B02
201400017202;0;99;0;0;2;2;19;A01
201400017202;0;7;0;0;2;2;1;B02
201400017203;0;33;0;0;0;9;1;A01
201400017204;0;7;0;0;6;9;1;A01
201400017205;0;7;0;0;9;1;1;A01
201400017205;1;14;0;0;0;0;1;B02
201400017206;0;10;0;13;0;1;13;A01
201400017207;0;7;0;0;2;2;1;A01
201400017207;0;7;0;0;2;3;19;B02
201400017208;0;7;0;0;2;1;2;A01
201400017208;0;33;0;0;2;4;2;B02
201400017209;0;10;0;13;0;1;1;A01
201400017210;0;33;0;0;6;1;1;A01
201400017211;0;7;0;0;0;2;5;A01
201400017211;0;7;0;0;0;1;5;B02
201400017212;0;7;0;16;0;3;13;A01
201400017213;0;7;0;2;0;1;1;A01
201400017214;0;7;0;2;0;8;1;A01
201400017215;0;7;0;0;2;2;1;A01
201400017215;0;7;0;0;2;3;9;B02
201400017216;0;7;0;2;0;2;1;A01
201400017217;0;10;0;0;2;1;15;A01
201400017217;0;7;0;0;2;3;1;B02
201400017218;0;7;0;0;2;1;1;A01
201400017218;0;7;0;0;2;1;1;B02
201400017219;0;31;0;0;0;6;1;A01
201400017220;0;7;0;0;1;5;14;A01
201400017221;0;7;0;0;2;1;13;A01
201400017221;0;7;0;0;2;1;1;B02
201400017222;0;33;0;0;0;1;1;A01
201400017222;0;30;0;0;0;8;19;B02
201400017223;0;7;0;0;2;1;15;A01
201400017223;0;2;0;0;2;3;1;B02
201400017224;0;7;0;1;1;3;24;A01
201400017225;0;7;0;0;2;2;15;A01
201400017225;0;7;0;0;2;1;1;B02
201400017226;0;7;0;2;0;1;1;A01
201400017227;0;10;0;0;2;0;15;A01
201400017227;0;33;0;0;2;8;1;B02
201400017228;0;21;0;0;0;0;19;B02
201400017228;0;7;0;16;0;0;21;A01
201400017229;0;7;0;0;1;3;15;A01
201400017230;0;7;0;0;2;0;13;A01
201400017230;0;7;0;0;2;2;2;B02
201400017231;0;7;0;1;1;2;14;A01
201400017232;0;7;0;0;0;7;15;A01
201400017232;0;33;0;0;0;1;0;B02
201400017233;0;7;0;0;2;3;1;A01
201400017233;0;7;0;0;2;3;1;B02
201400017234;0;7;0;0;1;2;1;A01
201400017235;0;7;0;0;2;3;1;A01
201400017235;0;14;0;0;2;2;1;B02
201400017236;0;33;0;0;2;1;13;A01
201400017236;0;7;0;0;2;3;1;B02
201400017237;0;30;0;0;2;7;1;A01
201400017237;0;7;0;0;2;1;1;B02
201400017238;0;7;0;0;2;1;1;B02
201400017238;0;7;0;0;2;2;15;A01
201400017239;0;7;0;0;1;0;1;A01
201400017240;0;7;0;0;2;1;19;B01
201400017240;0;10;0;0;2;1;23;C02
201400017240;0;7;0;0;2;8;1;A01
201400017241;0;7;0;13;0;3;21;A01
201400017242;0;2;0;0;2;1;13;A01
201400017242;0;7;0;0;2;3;1;B02
201400017243;0;7;0;0;2;5;19;A01
201400017243;0;33;0;0;2;3;1;B02
201400017244;0;7;0;0;2;3;13;A01
201400017244;0;7;0;0;2;8;1;B02
201400017244;0;7;0;0;2;3;1;C03
201400017245;0;7;0;0;2;8;1;A01
201400017245;0;1;0;0;2;1;1;B02
201400017245;0;1;0;0;2;1;1;C03
201400017246;0;7;0;0;2;1;1;A01
201400017246;0;7;0;0;2;8;19;B02
201400017247;0;33;0;3;0;7;1;A01
201400017248;0;7;0;13;0;9;13;A01
201400017249;0;7;0;13;0;3;1;A01
201400017250;0;7;0;0;2;1;1;A01
201400017250;0;7;0;0;2;1;5;B02
201400017250;0;7;0;0;2;6;1;C03
201400017251;0;7;0;0;0;1;0;B02
201400017251;0;7;0;0;0;3;0;A01
201400017252;0;2;0;0;0;4;2;B02
201400017252;0;7;0;0;2;3;2;A01
201400017253;0;7;0;8;0;3;13;A01
201400017254;0;7;0;2;0;7;13;A01
201400017255;0;7;0;0;0;9;13;A01
201400017256;0;7;0;0;2;2;15;A01
201400017256;0;7;0;0;2;1;1;B02
201400017257;0;7;0;0;1;8;1;A01
201400017258;0;21;0;0;1;5;1;A01
201400017259;0;2;0;0;2;1;5;B02
201400017259;0;7;0;0;2;7;1;A01
201400017260;0;7;0;0;2;6;23;A01
201400017260;0;30;0;0;2;1;21;B02
201400017261;0;7;0;0;2;1;1;A01
201400017261;0;33;0;0;2;8;19;B02
201400017262;0;7;0;8;0;9;1;A01
201400017263;0;7;0;2;0;2;1;A01
201400017264;0;7;0;13;0;1;17;A01
201400017264;0;21;0;0;0;0;15;B02
201400017265;0;7;0;10;0;1;1;A01
201400017266;0;33;0;9;0;1;1;A01
201400017267;0;15;0;0;1;1;16;A01
201400017268;0;7;0;0;1;1;19;A01
201400017269;0;7;0;0;2;1;11;A01
201400017269;0;15;0;0;2;3;21;B02
201400017270;0;7;0;13;0;1;14;A01
201400017271;0;1;0;0;0;4;16;A01
201400017271;0;10;0;0;0;2;1;B02
201400017272;0;1;0;0;2;1;1;A01
201400017272;0;17;0;0;0;4;15;B02
201400017273;0;7;0;0;2;1;15;A01
201400017273;0;2;0;0;2;1;1;B02
201400017274;0;7;0;0;1;3;1;A01
201400017275;0;7;0;0;2;1;1;A01
201400017275;0;21;0;0;2;8;6;B02
201400017276;0;32;0;0;2;1;1;B02
201400017276;0;14;0;0;2;7;15;A01
201400017277;0;33;0;0;0;8;1;A01
201400017278;0;36;0;13;0;3;1;A01
201400017279;0;7;0;0;2;1;1;B02
201400017279;0;33;0;0;2;1;1;A01
201400017280;0;7;0;0;2;1;0;A01
201400017280;0;7;0;0;2;1;0;B02
201400017281;0;33;0;2;0;1;1;A01
201400017282;0;1;0;0;2;1;1;B02
201400017282;0;7;0;0;2;3;13;A01
201400017283;0;33;0;0;0;3;1;A01
201400017284;0;7;0;13;0;3;1;A01
201400017285;0;10;0;0;2;3;15;B02
201400017285;0;7;0;2;2;2;17;A01
201400017286;0;7;0;0;2;3;1;B02
201400017286;0;7;0;0;2;1;13;A01
201400017287;0;7;0;0;2;1;5;A01
201400017287;0;7;0;0;2;1;1;B02
201400017288;0;7;0;13;2;3;0;A01
201400017288;0;17;0;0;2;3;0;B02
201400017288;0;7;0;0;2;8;0;C03
201400017289;0;33;0;13;0;1;13;A01
201400017290;0;33;0;0;2;8;1;A01
201400017290;0;7;0;0;2;3;0;B02