num_acc;senc;catv;occutc;obs;obsm;choc;manv;num_veh
201400017291;0;99;0;0;2;4;0;A01
201400017291;0;33;0;0;2;1;0;B02
201400017292;0;7;0;2;0;7;13;A01
201400017293;0;7;0;6;2;1;13;A01
201400017293;0;7;0;0;2;1;1;B02
201400017294;0;33;0;0;2;1;1;C03
201400017294;0;33;0;0;2;8;1;B02
201400017294;0;7;0;0;2;3;1;A01
201400017295;0;7;0;0;2;1;1;B02
201400017295;0;7;0;0;2;7;13;A01
201400017296;0;7;0;0;1;3;1;A01
201400017297;0;30;0;0;0;8;1;A01
201400017298;0;7;0;0;1;2;14;A01
201400017299;0;1;0;0;0;0;2;A01
201400017300;0;7;0;0;2;3;17;A01
201400017300;0;7;0;0;2;2;2;B02
201400017301;0;7;0;8;0;2;1;A01
201400017302;0;10;0;0;0;2;1;B02
201400017302;0;7;0;0;0;1;5;A01
201400017303;0;7;0;0;1;1;1;A01
201400017304;0;7;0;2;0;1;13;A01
201400017305;0;7;0;0;1;1;1;A01
201400017306;0;7;0;0;2;6;23;A01
201400017306;0;7;0;0;2;6;23;B02
201400017306;0;7;0;1;0;2;1;C03
201400017306;0;7;0;0;2;6;1;D04
201400017306;0;7;0;1;0;9;1;E05
201400017306;0;7;0;1;0;0;1;F06
201400017307;0;7;0;0;2;1;1;A01
201400017307;0;2;0;;2;1;13;B02
201400017308;0;7;0;6;0;3;13;A01
201400017309;0;31;0;13;0;1;1;A01
201400017310;0;7;0;0;2;8;1;A01
201400017310;0;7;0;0;2;3;15;B02
201400017311;0;36;0;13;0;1;1;A01
201400017312;0;10;0;0;2;7;1;A01
201400017312;0;31;0;0;2;1;19;B02
201400017313;0;7;0;0;9;1;2;A01
201400017313;0;1;0;0;2;4;2;B02
201400017313;0;1;0;0;2;4;2;C03
201400017314;0;10;0;0;1;3;19;A01
201400017315;0;7;0;0;2;3;10;A01
201400017315;0;2;0;0;2;1;1;B02
201400017316;0;7;0;0;2;3;13;A01
201400017316;0;10;0;0;2;3;1;B02
201400017316;0;10;0;0;2;1;1;C03
201400017317;0;7;0;0;0;1;15;A01
201400017317;0;1;0;0;2;4;15;B02
201400017318;0;7;0;13;0;3;13;A01
201400017319;0;1;0;6;0;1;1;A01
201400017320;0;7;0;7;0;1;1;A01
201400017321;0;7;0;0;2;3;2;B02
201400017321;0;33;0;0;2;9;17;A01
201400017322;0;7;0;0;2;1;1;B02
201400017322;0;7;0;0;2;7;16;A01
201400017323;0;7;0;0;6;7;14;A01
201400017324;0;7;0;0;2;1;13;A01
201400017324;0;7;0;0;2;1;1;B02
201400017325;0;7;0;0;0;9;1;A01
201400017326;0;7;0;0;2;1;1;B02
201400017326;0;7;0;0;2;2;1;A01
201400017327;0;7;0;13;0;1;13;A01
201400017328;0;7;0;0;2;4;20;A01
201400017328;0;30;0;0;2;7;1;B02
201400017329;0;7;0;0;1;2;1;A01
201400017330;0;10;0;2;0;8;1;A01
201400017331;0;10;0;8;0;1;1;A01
201400017332;0;7;0;13;0;1;16;A01
201400017333;0;30;0;0;2;1;19;A01
201400017333;0;7;0;0;2;3;15;B02
201400017334;0;7;0;0;2;7;19;A01
201400017334;0;7;0;0;2;1;1;B02
201400017335;0;7;0;0;2;2;15;A01
201400017335;0;7;0;0;2;2;1;B02
201400017336;0;7;0;0;2;1;1;B02
201400017336;0;7;0;0;2;1;13;A01
201400017337;0;33;0;1;0;2;1;A01
201400017338;0;7;0;13;0;8;13;A01
201400017339;1;7;0;0;1;8;1;A01
201400017340;0;10;0;0;1;3;1;A01
201400017341;0;33;0;15;0;3;1;A01
201400017342;0;7;0;0;2;2;17;A01
201400017342;0;2;0;0;2;6;13;B02
201400017343;0;7;0;0;2;1;1;B02
201400017343;0;7;0;0;2;7;19;A01
201400017344;0;7;0;2;0;8;13;A01
201400017345;0;7;0;2;0;1;1;A01
201400017346;0;7;0;0;1;2;1;A01
201400017347;0;33;0;1;0;0;21;A01
201400017348;0;30;0;16;0;8;1;A01
201400017349;0;7;0;2;0;1;0;A01
201400017350;0;7;0;2;0;1;13;A01
201400017351;0;33;0;9;0;1;1;A01
201400017352;0;7;0;0;2;1;2;A01
201400017352;0;7;0;0;2;4;2;B02
201400017353;0;7;0;2;0;5;13;A01
201400017354;0;7;0;13;0;1;13;A01
201400017355;0;7;0;9;0;1;17;A01
201400017356;0;7;0;2;0;8;1;A01
201400017357;0;7;0;0;2;3;13;A01
201400017357;0;7;0;0;2;3;1;B02
201400017358;0;7;0;13;0;9;16;A01
201400017359;0;7;0;13;0;1;2;A01
201400017360;0;7;0;2;0;3;21;A01
201400017361;0;7;0;0;0;6;15;A01
201400017361;0;7;0;0;2;1;1;B02
201400017362;0;7;0;6;0;7;5;A01
201400017363;0;7;0;0;0;1;19;A01
201400017364;0;7;0;0;2;3;13;A01
201400017364;0;31;0;0;2;6;0;B02
201400017365;0;1;0;0;2;1;1;B02
201400017365;0;7;0;0;9;1;15;A01
201400017366;0;10;0;0;2;8;0;B02
201400017366;0;14;0;0;2;7;19;A01
201400017367;0;7;0;0;1;2;1;A01
201400017368;0;7;0;0;0;2;15;A01
201400017368;0;33;0;0;0;1;1;B02
201400017369;0;7;0;0;0;3;9;A01
201400017369;0;33;0;0;2;0;1;B02
201400017370;0;7;0;2;0;1;1;A01
201400017371;0;7;0;13;0;1;1;A01
201400017372;0;10;0;5;0;2;1;A01
201400017373;0;7;0;2;0;6;13;A01
201400017374;0;7;0;0;2;2;1;B01
201400017374;0;7;0;0;2;3;19;A01
201400017375;0;2;0;0;0;0;1;A01
201400017376;0;7;0;0;2;1;13;A01
201400017376;0;7;0;0;2;1;1;B02
201400017377;0;36;0;0;2;1;1;A01
201400017377;0;10;0;0;2;3;1;B01
201400017378;0;7;0;0;2;1;9;A01
201400017378;0;1;0;0;2;7;1;B01
201400017379;0;7;0;0;2;3;13;A01
201400017379;0;10;0;0;2;8;1;B01
201400017380;0;7;0;13;0;1;1;A01
201400017381;0;7;0;0;1;2;1;A01
201400017382;0;7;0;16;0;1;1;A01
201400017383;0;7;0;0;2;1;17;A01
201400017383;0;30;0;0;2;4;15;B02
201400017384;0;21;0;13;0;0;1;A01
201400017385;0;7;0;0;2;1;13;A01
201400017385;0;7;0;0;2;1;1;B01
201400017386;0;38;20;0;1;8;1;A01
201400017387;0;33;0;0;2;1;1;A01
201400017387;0;7;0;0;2;3;15;B02
201400017388;0;7;0;2;0;8;1;A01
201400017389;0;33;0;14;0;1;1;A01
201400017390;0;7;0;0;0;9;1;A01
201400017391;0;7;0;2;0;1;1;A01
201400017392;0;7;0;0;2;3;1;B02
201400017392;0;7;0;0;2;3;13;A01
201400017393;0;7;0;0;2;2;15;A02
201400017393;0;30;0;0;2;3;1;B01
201400017394;0;36;0;0;2;1;13;A01
201400017394;0;10;0;0;2;3;1;B01
201400017395;0;7;0;8;0;1;1;A01
201400017396;0;7;0;15;0;2;1;A01
201400017397;0;7;0;0;2;1;17;A01
201400017397;0;7;0;0;2;1;1;B02
201400017398;0;7;0;0;2;7;13;A01
201400017398;0;7;0;0;2;1;1;B01
201400017399;0;7;0;13;0;2;1;A01
201400017400;0;7;0;0;1;1;17;A01
201400017401;0;7;0;8;0;3;13;A01
201400017402;0;7;0;0;2;8;1;B02
201400017402;0;7;0;0;2;7;17;A01
201400017403;0;33;0;0;2;1;13;A01
201400017403;0;33;0;0;2;1;1;B02
201400017404;0;7;0;15;0;9;1;A01
201400017405;0;7;0;4;0;1;14;A01
201400017406;0;7;0;16;0;9;21;A01
201400017407;0;7;0;0;0;9;21;A01
201400017408;0;7;0;0;1;3;15;A01
201400017409;0;33;0;0;2;8;10;B02
201400017409;0;33;0;0;2;1;1;A01
201400017410;0;7;0;0;2;3;15;B02
201400017410;0;7;0;0;2;2;1;A01
201400017411;0;7;0;0;1;3;1;A01
201400017412;0;10;0;0;2;2;1;B02
201400017412;0;31;0;0;2;1;13;A01
201400017413;0;7;0;2;0;2;0;A01
201400017414;0;7;0;2;0;7;1;A01
201400017415;0;33;0;0;2;8;17;A01
201400017415;0;10;0;0;2;3;1;B02
201400017416;0;7;0;2;0;1;1;A01
201400017417;0;7;0;0;2;5;4;A01
201400017417;0;31;0;0;2;1;1;B02
201400017418;0;36;0;0;9;2;2;A01
201400017418;0;1;0;0;2;4;2;B02
201400017419;0;7;0;0;2;3;1;C03
201400017419;0;17;0;0;2;0;1;A01
201400017420;0;7;0;0;2;3;1;A01
201400017420;0;31;0;8;2;7;1;B02
201400017421;0;7;0;2;0;2;1;A01
201400017422;0;2;0;13;0;9;17;A01
201400017422;0;21;0;0;0;0;23;B02
201400017423;0;7;0;16;0;1;13;A01
201400017424;0;7;0;6;0;2;1;A01
201400017425;0;33;0;0;6;1;1;A01
201400017426;0;7;0;8;0;3;13;A01
201400017427;0;7;0;0;2;2;15;A01
201400017427;0;7;0;0;2;2;1;B02
201400017428;0;7;0;8;0;3;1;A01
201400017429;0;7;0;0;2;1;1;A01
201400017429;0;30;0;0;2;1;15;B02
201400017430;0;2;0;0;2;1;1;A01
201400017430;0;7;0;0;2;8;15;B02
201400017431;0;7;0;2;0;1;1;A01
201400017432;0;7;0;0;2;1;1;B02
201400017432;0;7;0;0;2;3;16;A01
201400017433;0;1;0;0;1;1;1;A01
201400017434;0;36;0;0;0;8;10;A01
201400017435;0;33;0;13;0;1;1;A01
201400017436;0;33;0;0;0;7;1;A01
201400017437;0;7;0;0;1;2;16;A01
201400017438;0;31;0;0;2;1;1;A01
201400017438;0;14;0;0;2;5;1;B02
201400017439;0;10;0;2;0;3;1;A01
201400017440;0;7;0;13;0;1;1;A01
201400017441;0;7;0;0;2;8;23;C03
201400017441;0;10;0;0;2;2;15;A01
201400017441;0;7;0;0;2;3;1;B02
201400017442;0;7;0;0;2;2;19;A01
201400017442;0;7;0;0;2;1;1;B02
201400017443;0;7;0;0;0;3;14;A01
201400017444;0;7;0;0;2;1;13;A02
201400017444;0;7;0;0;2;1;1;B01
201400017445;0;7;0;13;0;2;14;A01
201400017446;0;33;0;0;2;1;1;B02
201400017446;0;7;0;0;2;6;10;A01
201400017447;0;10;0;13;0;9;1;A01
201400017448;0;7;0;13;0;1;1;A01
201400017449;0;7;0;16;0;9;1;A01
201400017450;0;33;0;12;0;1;1;A01
201400017451;0;7;0;0;1;1;21;A01
201400017452;0;10;0;0;2;1;1;B02
201400017452;0;7;0;0;2;1;13;A01
201400017453;0;7;0;0;1;3;1;A01
201400017454;0;7;0;0;2;1;19;A01
201400017454;0;10;0;0;2;7;19;B02
201400017455;0;7;0;8;0;9;14;A01
201400017456;0;15;0;0;2;3;1;B02
201400017456;0;7;0;0;2;3;13;A01
201400017457;0;7;0;0;1;7;1;A01
201400017458;0;33;0;0;2;8;1;B02
201400017458;0;7;0;0;2;3;15;A01
201400017459;0;7;0;13;0;9;21;A01
201400017460;0;33;0;0;0;8;1;A01
201400017461;0;7;0;0;2;3;1;B02
201400017461;0;3;0;0;2;3;13;A01
201400017462;0;7;0;0;2;3;9;B02
201400017462;0;2;0;0;2;5;1;A01
201400017463;0;7;0;0;2;8;15;A01
201400017463;0;33;0;0;2;1;1;B02
201400017464;0;7;0;0;1;2;1;A01
201400017465;0;7;0;0;2;8;1;A01
201400017465;0;32;0;0;2;1;13;B02
201400017466;0;7;0;0;1;7;1;A01
201400017467;0;30;0;0;0;1;13;A01
201400017467;0;13;0;0;0;1;1;B02
201400017468;0;7;0;2;0;1;1;A01
201400017469;0;7;0;0;1;3;1;A01
201400017470;0;7;0;6;2;3;1;A01
201400017470;0;10;0;0;2;3;1;B02
201400017471;0;7;0;6;0;1;13;A01
201400017472;0;33;0;0;2;8;1;B02
201400017472;0;21;0;0;2;6;19;A01
201400017473;0;7;0;0;0;8;1;B02
201400017473;0;7;0;0;2;3;17;A01
201400017473;0;7;0;0;0;1;1;C03
201400017474;0;1;0;0;2;4;9;A01
201400017474;0;7;0;0;2;1;1;B01
201400017475;0;7;0;0;2;6;1;B02
201400017475;0;7;0;0;2;3;13;A01
201400017476;0;7;0;2;0;1;1;A01
201400017477;0;7;0;0;2;2;15;A01
201400017477;0;7;0;0;2;1;1;B02
201400017478;0;2;0;1;0;1;1;A02
201400017478;0;2;0;0;2;4;23;B01
201400017479;0;7;0;3;6;1;1;A01
201400017480;0;7;0;0;2;7;15;A01
201400017480;0;2;0;0;2;1;1;B02
201400017481;0;7;0;2;0;8;17;A01
201400017482;0;1;0;4;0;7;1;A01
201400017483;0;2;0;0;2;1;17;A01
201400017483;0;33;0;0;2;2;1;B02
201400017484;0;7;0;0;2;3;17;A01
201400017484;0;7;0;0;2;3;1;B02
201400017485;0;33;0;0;2;1;17;A01
201400017485;0;7;0;0;2;6;15;B02
201400017486;0;33;0;11;0;1;1;A01
201400017487;0;33;0;0;2;1;17;A01
201400017487;0;7;0;0;2;3;1;B02
201400017488;0;10;0;0;1;1;1;A01
201400017489;0;7;0;6;0;7;1;A01
201400017490;0;20;0;13;0;9;1;A01
201400017491;0;7;0;0;2;2;9;A01
201400017491;0;1;0;0;2;4;1;B02
201400017492;0;7;0;0;0;1;1;B02
201400017492;0;7;0;0;0;8;15;A01
201400017493;0;7;0;0;2;5;1;B02
201400017493;0;7;0;0;2;2;5;A01
201400017494;0;10;0;0;1;2;1;A01
201400017495;0;7;0;0;2;9;2;C03
201400017495;0;7;0;0;2;6;2;A01
201400017495;0;7;0;0;2;9;2;B02
201400017495;0;7;0;0;2;1;2;D04
201400017496;0;7;0;2;0;1;0;A01
201400017497;0;33;0;0;0;1;0;A01
201400017498;0;7;0;8;0;1;1;A01
201400017499;0;7;0;0;2;2;15;A01
201400017499;0;7;0;0;2;7;1;B02
201400017500;0;7;0;0;2;2;1;A01
201400017500;0;1;0;0;2;1;5;B02
201400017501;0;7;0;0;1;2;2;A01
201400017502;0;7;0;2;0;1;1;A01
201400017503;0;7;0;2;0;7;1;A01
201400017504;0;7;0;0;2;1;1;B02
201400017504;0;7;0;0;2;1;1;C03
201400017504;0;7;0;0;2;1;13;A01
201400017505;0;7;0;0;2;3;1;A01
201400017505;0;21;0;0;2;8;1;B02
201400017506;0;7;0;0;2;3;13;A01
201400017506;0;33;0;0;2;1;1;B02
201400017507;0;33;0;13;0;1;1;A01
201400017508;0;7;0;13;0;1;1;A01
201400017509;0;33;0;3;0;7;1;A01
201400017510;0;7;0;0;2;3;1;C03
201400017510;0;7;0;0;2;8;1;B02
201400017510;0;7;0;0;2;1;13;A01
201400017511;0;33;0;13;0;1;1;A01
201400017511;0;33;0;13;0;1;1;B02
201400017512;0;7;0;0;2;2;13;A01
201400017512;0;7;0;0;2;2;21;B02
201400017513;0;7;0;0;2;3;1;B02
201400017513;0;30;0;0;2;1;1;A01
201400017514;0;7;0;13;0;9;21;A01
201400017515;0;7;0;8;0;1;1;A01
201400017516;0;7;0;0;1;2;1;A01
201400017517;0;7;0;0;2;3;19;A01
201400017517;0;33;0;0;2;1;1;B02
201400017518;0;7;0;0;0;6;1;B02
201400017518;0;7;0;0;2;3;1;A01
201400017519;0;33;0;0;2;2;1;B02
201400017519;0;7;0;1;2;3;9;A01
201400017520;0;10;0;0;2;5;15;A01
201400017520;0;2;0;0;2;1;1;B02
201400017521;0;33;0;0;2;8;1;B02
201400017521;0;33;0;0;2;7;14;A01
201400017522;0;30;0;8;0;1;1;A01
201400017523;0;10;0;0;2;1;1;B02
201400017523;0;10;0;0;2;1;13;A01
201400017524;0;7;0;13;0;3;13;A01
201400017525;0;7;0;0;2;1;13;A01
201400017525;0;7;0;0;2;1;1;B02
201400017526;0;2;0;0;0;8;1;A01
201400017527;0;10;0;0;2;2;1;A01
201400017527;0;2;0;0;2;1;16;B02
201400017528;0;7;0;2;0;9;21;A01
201400017529;0;7;0;0;2;2;1;B02
201400017529;0;7;0;0;2;2;17;A01
201400017530;0;7;0;0;2;3;1;A01
201400017530;0;7;0;0;2;2;1;B02
201400017531;0;7;0;0;2;3;1;B02
201400017531;0;3;0;0;2;1;13;A01
201400017532;0;10;0;13;0;9;1;A01
201400017533;0;7;0;0;2;1;15;A01
201400017533;0;7;0;0;2;1;1;B02
201400017534;0;7;0;13;0;1;1;A01
201400017535;0;10;0;0;2;3;1;B02
201400017535;0;7;0;0;2;1;13;A01
201400017536;0;7;0;13;0;3;1;A01
201400017537;0;7;0;13;0;3;1;A01
201400017538;0;7;0;2;0;2;1;A01
201400017539;0;7;0;0;2;7;1;A01
201400017539;0;21;0;0;2;1;1;B02
201400017540;0;7;0;0;2;6;19;A01
201400017540;0;30;0;0;2;1;1;B02
201400017541;0;7;0;2;0;1;1;A01
201400017542;0;7;0;7;0;4;1;A01
201400017543;0;7;0;16;0;0;0;A01
201400017544;0;33;0;0;0;8;1;A01
201400017545;0;33;0;0;0;2;1;A01
201400017546;0;7;0;0;2;2;1;A01
201400017546;0;7;0;0;2;2;1;B02
201400017547;0;7;0;0;1;4;4;A01
201400017548;0;7;0;0;2;1;1;A01
201400017548;0;7;0;0;2;6;19;B02
201400017549;0;7;0;0;2;1;21;B02
201400017549;0;21;0;0;2;2;15;A01
201400017550;0;7;0;0;2;1;1;A01
201400017550;0;7;0;0;2;8;1;B02
201400017551;0;7;0;2;0;1;14;A01
201400017552;0;7;0;9;0;2;1;A01
201400017553;0;7;0;13;0;8;1;A01
201400017554;0;7;0;0;2;7;13;A01
201400017554;0;7;0;0;2;1;1;B02
201400017555;0;7;0;0;2;1;1;B02
201400017555;0;7;0;0;2;7;13;A01
201400017556;0;7;0;0;2;5;13;A01
201400017556;0;7;0;0;2;1;1;B02
201400017557;0;7;0;0;1;1;1;A01
201400017558;0;7;0;0;2;9;14;A01
201400017558;0;7;0;0;2;1;21;B02
201400017558;0;7;0;0;2;5;21;C03
201400017559;0;7;0;0;2;1;15;A01
201400017559;0;7;0;0;2;1;1;B02
201400017560;0;10;0;0;2;3;1;A01
201400017560;0;7;0;0;2;3;1;B02
201400017561;0;7;0;0;2;3;1;A01
201400017561;0;7;0;0;2;1;1;B02
201400017562;0;7;0;0;2;1;11;A01
201400017562;0;7;0;0;2;8;15;B02
201400017563;0;33;0;0;2;1;1;A01
201400017563;0;7;0;0;2;7;15;B02
201400017564;0;7;0;0;2;1;2;A01
201400017564;0;7;0;0;0;4;23;B02
201400017565;0;7;0;0;1;3;1;A01
201400017566;0;15;0;0;2;1;1;B02
201400017566;0;7;0;0;2;5;19;A01
201400017567;0;7;0;0;1;2;19;A01
201400017568;0;7;0;0;2;0;1;B02
201400017568;0;7;0;0;2;3;1;A01
201400017569;0;7;0;3;2;3;13;A01
201400017569;0;7;0;0;2;3;1;B02
201400017570;0;7;0;0;2;3;1;A01
201400017570;0;7;0;0;2;2;1;B02
201400017571;0;7;0;0;2;1;19;C03
201400017571;0;10;0;0;2;3;1;B02
201400017571;0;7;0;0;2;1;1;A01
201400017572;0;7;0;0;9;3;1;A01
201400017572;0;1;0;0;2;2;1;B02
201400017573;1;7;0;0;1;3;1;A01
201400017574;0;7;0;0;0;1;15;A01
201400017574;0;30;0;0;0;8;1;B02
201400017575;0;7;0;0;2;1;1;B02
201400017575;0;33;0;0;2;1;1;A01
201400017576;0;7;0;0;2;3;1;B02
201400017576;0;3;0;0;2;1;13;A01
201400017577;0;7;0;8;0;2;0;A01
201400017578;0;7;0;0;1;1;1;A01
201400017579;0;7;0;0;2;1;1;A01
201400017579;0;7;0;0;2;8;19;B02
201400017580;0;7;0;6;0;1;1;A01
201400017581;0;32;0;12;0;1;1;A01
201400017582;0;7;0;0;0;8;19;A01
201400017582;0;7;0;0;0;1;1;B02
201400017583;0;7;0;6;0;3;1;A01
201400017584;0;7;0;0;2;1;1;B02
201400017584;0;7;0;0;2;3;1;A01
201400017584;0;7;0;0;2;1;0;C03
201400017585;0;30;0;0;0;0;0;B02
201400017585;0;10;0;0;2;1;0;A01
201400017586;0;7;0;0;9;7;15;A01
201400017586;0;1;0;0;0;0;0;B02
201400017587;0;1;0;0;2;0;21;A01
201400017587;0;13;0;0;2;3;1;B02
201400017588;0;7;0;7;0;1;1;A01
201400017589;0;7;0;0;2;3;13;A01
201400017589;0;7;0;0;2;3;1;B02
201400017590;0;33;0;9;0;1;1;A01
201400017591;0;32;0;0;2;1;1;A01
201400017591;0;21;0;0;0;5;11;B02
201400017592;0;7;0;2;0;3;1;A01
201400017593;0;7;0;0;1;2;1;A01
201400017594;0;10;0;0;1;1;1;A01
201400017595;0;7;0;0;2;1;13;A01
201400017595;0;7;0;0;2;1;1;B02
201400017596;0;7;0;0;2;5;1;A01
201400017596;0;2;0;0;2;1;1;B02
201400017597;0;7;0;0;1;1;1;A01
201400017598;0;7;0;0;2;3;15;A01
201400017598;0;10;0;0;2;2;1;B02
201400017599;0;33;0;0;2;7;16;B02
201400017599;0;7;0;0;2;3;16;A01
201400017600;0;7;0;0;2;1;17;A01
201400017600;0;7;0;0;2;1;1;B02
201400017601;0;10;0;0;2;3;13;B02
201400017601;0;15;0;0;2;3;1;A01
201400017602;0;2;0;0;2;3;13;A01
201400017602;0;7;0;0;2;3;1;B02
201400017603;0;17;0;0;2;3;1;A01
201400017603;0;7;0;0;2;1;13;B02
201400017604;0;7;0;0;2;4;1;A01
201400017604;0;30;0;0;2;1;1;B02
201400017605;0;7;0;0;6;9;1;A01
201400017606;0;7;0;0;0;8;1;A01
201400017607;0;14;0;0;1;3;1;A01
201400017608;0;7;0;0;9;5;12;A01
201400017608;0;1;0;0;2;8;1;B02
201400017609;0;7;0;6;1;2;20;A01
201400017610;0;7;0;0;2;1;5;A01
201400017610;0;7;0;0;2;3;1;B02
201400017611;0;33;0;4;0;3;1;A01
201400017612;0;33;0;1;0;1;1;A01
201400017612;0;7;0;1;2;6;23;B02
201400017612;0;7;0;0;2;4;23;C03
201400017613;0;31;0;0;0;7;19;A01
201400017614;0;33;0;13;0;3;1;A01
201400017615;0;7;0;6;0;2;1;A01
201400017616;0;7;0;0;0;5;1;A01
201400017616;0;30;0;0;0;2;0;B02
201400017617;0;33;0;0;1;1;0;A01
201400017618;0;14;0;0;0;2;1;A01
201400017619;0;7;0;0;0;9;13;A01
201400017620;0;14;0;0;2;1;1;B02
201400017620;0;7;0;0;2;1;5;A01
201400017621;0;38;1;0;2;8;5;B02
201400017621;0;33;0;0;2;8;5;A01
201400017622;0;7;0;0;2;3;1;B02
201400017622;0;31;0;0;2;1;5;A01
201400017623;0;10;0;0;2;1;1;A01
201400017623;0;7;0;0;2;1;5;B02
201400017624;0;7;0;0;2;1;5;A01
201400017624;0;7;0;0;2;1;1;B02
201400017625;0;7;0;2;0;1;14;A01
201400017626;0;10;0;0;2;1;2;A01
201400017626;0;7;0;0;2;4;15;B02
201400017627;0;14;0;0;2;3;1;B02
201400017627;0;99;0;13;2;2;5;A01
201400017628;0;30;0;0;0;8;1;A01
201400017629;0;30;0;0;0;0;13;A01
201400017630;0;7;0;0;6;0;0;A01
201400017631;0;7;0;0;2;3;1;B02
201400017631;1;10;0;0;2;3;13;A01
201400017632;0;33;0;10;0;1;1;A01
201400017632;0;33;0;0;2;1;2;B02
201400017633;0;7;0;0;2;3;1;B02
201400017633;0;7;0;0;2;3;13;A01
201400017634;0;33;0;0;6;1;1;A01
201400017635;0;7;0;0;2;2;13;A01
201400017635;0;7;0;0;2;1;1;B02
201400017636;0;7;0;2;0;2;1;A01
201400017637;1;7;0;0;1;0;0;A01
201400017638;0;7;0;13;0;9;14;A01
201400017639;0;7;0;0;0;1;13;A01
201400017639;0;7;0;0;2;1;0;B02
201400017640;0;7;0;2;0;3;1;A01
201400017641;0;7;0;0;1;3;15;A01
201400017642;0;14;0;0;2;3;0;B02
201400017642;0;7;0;0;2;7;13;A01
201400017643;0;7;0;0;0;3;1;A01
201400017644;0;7;0;0;1;3;1;A01
201400017645;0;39;0;0;9;2;1;A01
201400017645;0;1;0;0;4;7;1;B02
201400017646;0;33;0;16;0;0;1;A01
201400017647;0;33;0;8;2;1;2;A01
201400017647;0;3;0;0;0;3;24;C03
201400017647;0;7;0;0;0;5;14;B02
201400017648;0;7;0;0;0;2;1;A01
201400017648;0;1;0;0;0;8;19;B02
201400017649;0;14;0;0;2;1;1;B01
201400017649;0;7;0;0;2;8;15;A01
201400017650;0;7;0;0;1;3;1;A01
201400017651;0;7;0;0;2;1;17;A01
201400017651;0;7;0;0;2;1;1;B01
201400017652;0;7;0;0;0;1;1;B01
201400017652;0;7;0;0;2;1;15;A01
201400017653;0;7;0;0;2;4;17;B01
201400017653;0;33;0;0;2;1;17;A01
201400017654;0;7;0;0;2;1;1;A01
201400017654;0;7;0;0;2;5;13;B01
201400017655;0;33;0;0;2;1;1;B02
201400017655;0;2;0;0;2;8;15;A01
201400017656;0;7;0;0;6;9;14;A01
201400017657;0;2;0;0;2;1;21;A01
201400017657;0;7;0;0;9;2;9;B01
201400017658;0;33;0;0;2;1;17;A01
201400017658;0;7;0;0;2;6;15;B01
201400017659;0;7;0;0;1;2;1;A01
201400017660;0;7;0;0;2;8;1;A01
201400017661;0;7;0;0;2;7;15;A01
201400017661;0;7;0;0;2;1;1;B02
201400017662;0;7;0;0;2;2;15;A01
201400017662;0;7;0;0;2;3;1;B02
201400017663;0;7;0;0;2;8;1;A01
201400017663;0;31;0;0;2;2;1;B01
201400017664;0;7;0;0;2;2;1;A01
201400017664;1;7;0;0;2;3;16;B01
201400017665;0;21;0;0;2;4;15;A01
201400017665;0;7;0;0;2;1;17;B01
201400017666;0;1;0;0;2;1;19;A01
201400017666;0;7;0;0;2;3;1;B01
201400017667;0;30;0;0;2;1;15;A01
201400017667;0;7;0;0;2;2;1;B02
201400017668;0;17;0;0;2;2;1;B02
201400017668;0;7;0;0;0;8;19;A01
201400017669;0;7;0;0;2;8;1;B01
201400017669;0;7;0;0;2;1;16;A01
201400017670;0;7;0;0;2;3;15;A01
201400017670;0;30;0;0;2;1;1;B01
201400017671;0;7;0;0;2;8;6;A01
201400017671;0;2;0;0;2;1;1;B01
201400017672;0;30;0;0;2;1;13;A01
201400017672;0;7;0;0;2;1;1;B01
201400017673;0;30;0;0;2;1;2;A01
201400017673;0;7;0;0;2;5;15;B01
201400017674;0;14;0;0;1;5;1;A01
201400017675;0;21;0;0;2;8;15;A01
201400017675;0;10;0;0;2;2;17;B01
201400017676;0;30;0;0;2;8;1;A01
201400017676;0;7;0;0;2;8;1;B01
201400017677;0;7;0;0;2;3;17;A01
201400017677;0;7;0;0;2;3;1;B01
201400017678;0;7;0;0;2;3;1;B01
201400017678;0;7;0;2;2;8;13;A01
201400017679;0;7;0;0;2;1;2;A01
201400017679;0;10;0;0;0;4;23;B01
201400017680;0;1;0;0;0;9;21;A01
201400017681;0;7;0;16;0;1;1;A01
201400017682;0;7;0;0;0;3;1;A01
201400017682;0;7;0;0;0;1;19;B01
201400017683;0;7;0;0;0;2;1;B02
201400017683;0;7;0;0;0;1;13;A01
201400017684;0;33;0;0;2;1;1;B02
201400017684;0;10;0;0;2;2;13;A01
201400017685;0;7;0;0;2;3;1;A01
201400017685;0;17;0;0;2;3;13;B01
201400017686;0;7;0;13;0;8;1;A01
201400017687;0;7;0;13;0;0;13;A01
201400017688;0;7;0;0;2;6;19;A01
201400017688;0;7;0;0;2;1;1;B02
201400017689;0;2;0;0;2;1;19;B01
201400017689;0;10;0;0;2;2;1;A01
201400017690;0;7;0;0;1;5;1;A01
201400017691;0;7;0;0;2;4;15;B02
201400017691;0;7;0;0;2;3;1;D04
201400017691;0;7;0;0;2;8;1;E05
201400017691;0;7;0;0;2;3;1;C03
201400017691;0;7;0;0;2;1;1;A01