num_acc;senc;catv;occutc;obs;obsm;choc;manv;num_veh
201400017692;0;7;0;0;2;1;1;B02
201400017692;0;31;0;0;2;1;13;A01
201400017693;0;1;0;0;2;7;1;A01
201400017693;0;7;0;0;9;1;9;B02
201400017694;0;7;0;0;2;2;19;B01
201400017694;0;2;0;0;2;1;1;A01
201400017695;0;7;0;0;1;3;1;A01
201400017696;0;7;0;0;6;2;21;A01
201400017697;0;1;0;0;2;1;0;B02
201400017697;0;7;0;0;9;3;1;A01
201400017698;0;7;0;0;;4;23;B02
201400017698;0;32;0;0;2;1;1;A01
201400017699;0;7;0;0;2;1;13;A01
201400017699;0;7;0;0;2;1;1;B02
201400017699;0;7;0;0;2;1;21;C03
201400017700;0;7;0;15;0;1;13;A01
201400017701;0;38;10;0;1;5;9;A01
201400017702;0;33;0;0;2;5;21;A01
201400017702;0;7;0;0;2;2;9;B02
201400017703;0;1;0;0;0;0;1;A01
201400017704;0;1;0;0;2;1;1;A01
201400017704;0;7;0;0;2;3;9;B02
201400017705;0;33;0;7;0;1;1;A01
201400017706;0;7;0;13;0;2;14;A01
201400017707;0;1;0;0;2;7;1;A01
201400017707;0;20;0;0;2;6;4;B02
201400017708;0;1;0;0;1;1;1;A01
201400017709;0;2;0;0;2;1;1;B02
201400017709;0;10;0;0;2;1;5;A01
201400017710;0;7;0;0;2;1;1;B02
201400017710;0;7;0;0;2;8;19;A01
201400017711;0;33;0;0;2;1;2;A01
201400017711;0;7;0;0;2;4;1;B02
201400017712;0;1;0;0;5;1;1;A01
201400017713;0;7;0;0;2;6;1;B01
201400017713;0;7;0;1;0;2;1;A01
201400017714;0;7;0;13;0;3;13;A01
201400017715;0;7;0;2;0;8;13;A01
201400017716;0;10;0;13;2;7;1;B01
201400017716;0;7;0;0;2;1;1;A01
201400017717;0;7;0;0;2;3;1;A01
201400017717;0;21;0;0;2;3;1;B02
201400017718;0;7;0;13;6;2;21;A01
201400017719;0;7;0;15;0;1;13;A01
201400017720;0;7;0;0;2;6;19;A01
201400017720;0;33;0;0;2;1;1;B01
201400017721;0;7;0;0;2;2;21;B01
201400017721;0;7;0;0;2;2;17;A01
201400017722;0;3;0;0;2;4;23;A01
201400017722;0;1;0;0;2;1;2;B01
201400017723;0;33;0;1;0;1;1;A01
201400017724;0;7;0;0;2;1;1;A01
201400017724;0;7;0;0;2;8;15;B01
201400017725;0;10;0;0;0;8;1;A01
201400017726;0;30;0;0;0;0;1;A01
201400017727;0;1;0;13;0;1;14;A01
201400017728;0;7;0;0;1;2;1;A01
201400017729;0;33;0;0;2;1;13;A01
201400017729;0;7;0;0;2;1;1;B01
201400017730;0;30;0;0;2;7;1;B02
201400017730;0;7;0;0;2;3;1;A01
201400017731;0;7;0;0;2;4;23;A01
201400017731;0;7;0;0;2;1;1;B01
201400017732;0;33;0;0;2;1;21;A01
201400017732;0;7;0;13;2;3;13;B02
201400017733;0;7;0;13;0;3;13;A01
201400017734;0;7;0;13;2;6;10;A01
201400017734;0;7;0;15;2;3;17;B02
201400017735;0;31;0;3;0;1;13;A01
201400017736;0;7;0;2;0;1;1;A01
201400017737;0;7;0;0;2;1;1;B02
201400017737;0;7;0;0;2;7;13;A01
201400017738;0;7;0;0;2;1;1;A01
201400017738;0;7;0;0;2;1;1;B01
201400017739;0;31;0;0;2;0;2;A01
201400017740;0;7;0;2;0;3;13;A01
201400017741;0;2;0;0;2;2;15;B01
201400017741;0;10;0;0;2;3;1;A01
201400017742;0;30;0;0;2;0;1;A01
201400017742;1;7;0;0;2;4;2;B01
201400017743;0;33;0;0;2;0;17;A01
201400017743;0;7;0;0;2;3;1;B02
201400017744;0;7;0;0;2;3;10;A01
201400017744;0;31;0;0;2;1;2;B02
201400017745;0;7;0;0;0;1;1;B02
201400017745;0;7;0;0;0;8;1;A01
201400017746;0;7;0;0;0;2;0;A01
201400017747;0;7;0;0;2;2;1;A01
201400017747;0;1;0;0;2;4;1;B02
201400017748;0;7;0;2;0;7;1;A01
201400017749;0;33;0;0;0;0;0;A01
201400017750;0;7;0;0;1;1;1;A01
201400017751;0;1;0;0;2;8;21;B02
201400017751;0;7;0;0;2;1;15;A01
201400017752;0;10;0;0;2;1;13;A01
201400017752;0;14;0;0;2;1;1;B02
201400017753;0;33;0;0;2;9;13;A01
201400017753;0;7;0;0;2;1;1;B02
201400017753;0;7;0;0;2;8;1;C03
201400017754;0;7;0;0;2;8;19;B02
201400017754;0;10;0;0;2;1;1;A01
201400017755;0;33;0;6;0;2;1;A01
201400017756;0;7;0;16;2;1;1;B02
201400017756;0;7;0;16;2;1;1;A01
201400017756;0;30;0;16;9;5;1;C03
201400017757;0;7;0;8;0;2;14;A01
201400017758;0;7;0;13;0;2;1;A01
201400017759;0;7;0;2;0;7;13;A01
201400017760;0;33;0;16;0;2;1;A01
201400017761;0;7;0;0;2;3;13;A01
201400017761;0;7;0;0;2;1;1;B02
201400017762;0;33;0;0;2;1;1;A01
201400017762;0;7;0;0;2;4;1;B02
201400017763;0;7;0;13;0;2;1;A01
201400017764;0;7;0;0;0;3;1;B02
201400017764;0;7;0;0;0;1;1;A01
201400017765;0;10;0;0;2;1;13;A01
201400017765;0;14;0;0;2;1;1;B02
201400017766;0;7;0;8;0;1;13;A01
201400017767;0;7;0;0;0;0;15;A01
201400017768;0;33;0;0;0;1;0;A01
201400017768;0;7;0;0;0;4;0;B02
201400017769;0;3;0;0;2;1;5;A01
201400017769;0;7;0;0;2;1;1;B02
201400017770;0;33;0;0;2;3;1;B02
201400017770;0;33;0;0;2;3;1;A01
201400017771;0;34;0;0;2;1;17;A01
201400017771;0;10;0;0;0;4;15;B02
201400017772;0;14;0;5;2;3;1;B02
201400017772;0;14;0;13;2;3;13;A01
201400017773;0;33;0;13;0;1;1;A01
201400017774;0;31;0;13;0;3;0;A01
201400017775;0;33;0;5;0;1;1;A01
201400017776;0;7;0;2;0;1;0;A01
201400017777;0;7;0;0;2;1;13;A01
201400017777;0;7;0;0;2;1;1;B02
201400017778;0;2;0;0;2;1;13;B02
201400017778;0;7;0;0;2;2;1;A01
201400017779;0;7;0;0;9;1;13;A01
201400017779;0;1;0;0;2;1;1;B02
201400017780;0;7;0;6;0;1;1;A01
201400017781;0;7;0;0;2;8;1;B02
201400017781;0;7;0;0;2;6;1;C03
201400017781;0;7;0;0;2;8;13;A01
201400017782;0;30;0;0;2;1;16;A01
201400017782;0;10;0;0;0;8;1;B02
201400017783;0;7;0;0;2;3;11;C03
201400017783;0;10;0;0;2;3;1;B02
201400017783;0;7;0;0;2;1;11;A01
201400017784;0;7;0;0;2;3;1;A01
201400017784;0;30;0;0;2;7;19;B02
201400017785;0;7;0;0;2;8;15;A01
201400017785;0;7;0;0;2;1;1;B02
201400017786;0;7;0;0;2;3;19;B02
201400017786;0;30;0;0;2;5;1;A01
201400017787;0;3;0;0;1;3;2;A01
201400017788;0;7;0;13;0;2;1;A01
201400017789;0;2;0;0;2;1;5;A01
201400017789;0;7;0;0;2;3;5;B02
201400017790;0;33;0;0;0;7;0;A01
201400017791;0;31;0;0;2;1;1;B02
201400017791;0;7;0;0;2;8;15;A01
201400017792;0;33;0;0;2;1;13;B02
201400017792;0;7;0;0;2;1;1;A01
201400017793;0;17;0;0;2;8;21;B02
201400017793;0;10;0;0;2;3;13;A01
201400017794;0;17;0;13;2;3;1;B02
201400017794;0;10;0;13;2;3;13;A01
201400017795;0;7;0;0;2;4;1;B02
201400017795;0;7;0;0;2;1;1;A01
201400017796;0;7;0;0;2;2;1;A01
201400017796;0;30;0;0;2;1;9;B02
201400017797;0;33;0;0;5;1;1;A01
201400017798;0;7;0;0;2;7;1;A01
201400017798;0;31;0;0;2;1;9;B02
201400017799;0;7;0;0;1;1;1;A01
201400017800;0;7;0;0;2;1;1;A01
201400017800;0;7;0;0;2;4;1;B02
201400017801;0;7;0;0;2;3;1;A01
201400017801;0;7;0;0;2;3;1;B02
201400017802;0;33;0;0;0;7;1;A01
201400017803;0;1;0;0;0;7;16;A01
201400017804;0;10;0;0;0;0;17;B02
201400017804;0;33;0;13;0;1;17;A01
201400017805;0;7;0;0;2;1;1;B02
201400017806;0;38;0;0;2;3;1;A01
201400017806;0;7;0;0;2;3;1;B02
201400017807;0;7;0;0;2;1;1;B02
201400017807;0;30;0;0;2;1;1;C03
201400017807;0;7;0;0;2;1;13;A01
201400017808;0;33;0;8;0;1;1;A01
201400017809;0;32;0;0;2;2;0;A01
201400017809;0;7;0;0;2;3;0;B02
201400017810;0;33;0;0;2;7;1;A01
201400017810;0;30;0;0;2;4;19;B02
201400017811;0;38;0;13;0;2;1;A01
201400017812;0;7;0;0;1;1;1;A01
201400017813;0;31;0;0;2;2;2;A01
201400017813;0;7;0;0;0;4;23;B02
201400017814;0;7;0;0;1;2;19;A01
201400017815;0;33;0;0;0;1;1;A01
201400017816;0;7;0;0;0;1;1;A01
201400017816;0;99;0;0;0;8;0;B02
201400017817;0;7;0;0;2;1;1;A01
201400017817;0;99;0;0;2;1;1;B02
201400017818;0;7;0;8;0;0;0;A01
201400017819;0;7;0;2;0;5;1;A01
201400017820;0;7;0;0;2;1;19;A01
201400017820;0;7;0;0;2;7;21;B02
201400017821;0;7;0;0;2;5;15;A01
201400017821;0;33;0;0;2;1;21;B02
201400017822;0;10;0;0;2;1;1;B02
201400017822;0;7;0;0;2;3;1;A01
201400017823;0;33;0;16;0;0;1;A01
201400017824;0;7;0;2;0;3;0;A01
201400017825;0;7;0;6;0;2;1;A01
201400017826;0;10;0;13;0;3;0;A01
201400017827;0;7;0;2;0;2;14;A01
201400017828;0;7;0;0;0;6;23;A01
201400017828;0;7;0;14;2;2;21;B02
201400017828;0;7;0;0;2;1;1;C03
201400017829;0;7;0;0;2;2;18;A01
201400017829;0;33;0;0;2;8;9;B01
201400017830;0;7;0;2;0;2;14;A01
201400017831;0;10;0;0;2;8;1;B02
201400017831;0;7;0;0;2;3;1;A01
201400017832;0;7;0;13;0;8;13;A01
201400017833;0;7;0;13;0;5;1;A01
201400017834;0;1;0;0;0;1;1;A01
201400017835;0;7;0;0;1;3;1;A01
201400017836;0;30;0;0;2;1;1;A01
201400017836;0;7;0;0;2;8;1;B01
201400017837;0;7;0;2;0;1;1;A01
201400017838;0;7;0;0;2;1;1;A01
201400017838;0;7;0;2;2;8;9;B01
201400017839;0;7;0;0;2;2;15;A01
201400017839;0;30;0;0;2;1;1;B01
201400017840;0;7;0;7;0;9;13;A01
201400017841;0;7;0;13;0;1;21;A01
201400017842;0;10;0;0;1;4;4;A01
201400017843;0;30;0;0;2;1;18;B01
201400017843;0;7;0;0;2;7;16;A01
201400017844;0;1;0;0;2;1;19;B01
201400017844;0;7;0;0;2;2;15;A01
201400017845;1;7;0;0;2;7;1;A01
201400017845;0;30;0;0;2;8;1;B01
201400017846;0;7;0;2;0;2;0;A01
201400017847;0;30;0;0;0;7;1;A01
201400017848;0;7;0;0;2;1;5;A01
201400017848;0;7;0;0;2;1;1;B02
201400017849;0;7;0;0;2;8;13;A01
201400017849;0;2;0;0;2;7;1;B01
201400017850;0;7;0;0;2;8;9;A01
201400017850;0;7;0;0;2;1;1;B01
201400017851;0;30;0;0;0;7;16;A01
201400017852;0;33;0;0;2;1;1;B01
201400017852;0;7;0;0;2;7;9;A01
201400017853;0;30;0;0;0;0;21;A01
201400017854;0;7;0;0;0;7;1;A01
201400017854;0;30;0;0;0;8;1;B01
201400017855;0;7;0;0;1;4;20;A01
201400017856;0;7;0;0;1;0;1;A01
201400017857;0;7;0;13;0;1;1;A01
201400017858;0;7;0;13;0;8;1;A01
201400017859;0;7;0;0;2;3;9;A01
201400017859;0;33;0;0;2;1;1;B01
201400017860;0;31;0;1;0;1;1;A01
201400017861;0;99;0;0;1;4;4;A01
201400017862;0;7;0;0;2;7;17;A01
201400017862;0;30;0;0;2;8;1;B01
201400017863;0;7;0;0;0;2;1;A01
201400017864;0;7;0;0;2;1;2;A01
201400017864;0;7;0;0;2;4;1;B01
201400017865;0;7;0;13;0;9;1;A01
201400017866;0;36;0;0;2;1;1;B01
201400017866;0;7;0;0;2;7;9;A01
201400017867;0;7;0;0;1;4;4;A01
201400017868;0;1;0;0;1;1;1;A01
201400017869;0;7;0;0;1;1;4;A01
201400017869;0;7;0;0;2;1;1;B01
201400017870;0;7;0;0;2;1;2;A01
201400017870;0;7;0;0;2;4;2;B01
201400017871;0;7;0;1;0;1;21;A01
201400017872;0;7;0;0;9;6;0;A01
201400017872;0;33;0;0;2;1;2;B01
201400017873;0;33;0;0;0;1;0;A01
201400017874;0;33;0;0;0;2;0;A01
201400017875;0;7;0;0;0;3;9;A01
201400017875;0;2;0;0;2;1;1;B01
201400017876;0;2;0;0;2;1;1;A01
201400017876;0;7;0;0;2;3;1;B01
201400017877;0;7;0;0;1;7;1;A01
201400017878;0;2;0;0;0;8;1;A01
201400017879;0;13;0;15;0;2;1;A01
201400017880;0;7;0;0;1;1;1;A01
201400017881;0;3;0;0;2;7;1;A01
201400017881;0;7;0;0;2;1;5;B01
201400017882;0;7;0;14;1;1;1;A01
201400017883;0;7;0;15;9;1;1;A01
201400017884;2;7;0;0;2;3;1;A01
201400017884;0;7;0;0;2;3;1;B02
201400017885;0;33;0;3;0;7;1;A01
201400017886;0;10;0;0;1;4;23;A01
201400017887;0;7;0;0;2;4;0;B02
201400017887;0;7;0;1;1;5;1;A01
201400017888;0;7;0;13;0;1;15;A01
201400017889;0;1;0;0;0;4;1;B02
201400017889;0;10;0;0;9;2;1;A01
201400017890;0;33;0;0;2;1;1;A01
201400017890;0;10;0;0;0;4;23;B02
201400017891;0;7;0;0;2;3;13;A01
201400017891;0;7;0;0;2;3;1;B02
201400017892;0;10;0;0;2;1;1;A01
201400017892;0;10;0;0;2;1;15;B02
201400017893;0;7;0;0;2;3;1;A01
201400017893;0;1;0;0;2;1;13;B02
201400017894;0;7;0;0;1;3;1;A01
201400017895;0;33;0;0;9;1;1;B02
201400017895;0;33;0;0;9;1;1;A01
201400017896;0;7;0;0;2;3;15;A01
201400017896;0;7;0;0;2;2;1;B02
201400017897;0;7;0;0;2;7;1;A01
201400017897;0;7;0;0;2;1;1;B02
201400017898;0;33;0;0;0;7;1;A01
201400017899;0;10;0;0;2;1;1;A01
201400017899;0;7;0;0;2;4;1;B02
201400017900;0;33;0;0;0;0;1;A01
201400017901;0;7;0;0;2;1;1;A01
201400017901;0;33;0;0;2;1;1;B02
201400017902;0;33;0;0;0;0;1;A01
201400017903;0;7;0;0;2;1;1;C03
201400017903;0;7;0;0;2;3;13;A01
201400017903;0;7;0;0;2;3;1;B02
201400017904;0;10;0;13;0;3;1;A01
201400017905;0;10;0;13;0;1;21;A01
201400017906;0;7;0;0;0;1;13;A01
201400017906;0;7;0;0;0;1;0;B02
201400017907;0;33;0;0;2;1;2;A01
201400017907;0;1;0;0;2;4;15;B02
201400017908;0;7;0;0;1;2;1;A01
201400017909;0;7;0;0;2;2;1;A01
201400017909;0;7;0;0;2;1;1;B02
201400017910;0;7;0;0;2;6;17;A01
201400017910;0;33;0;0;2;0;13;B02
201400017911;0;7;0;0;2;1;15;A01
201400017911;0;7;0;0;2;2;1;B02
201400017912;0;7;0;0;2;1;17;A01
201400017912;0;7;0;0;2;1;1;B02
201400017913;0;7;0;0;2;3;13;A01
201400017913;0;7;0;0;2;3;1;B02
201400017914;0;7;0;0;2;1;1;A01
201400017914;0;37;0;0;2;2;1;B02
201400017915;0;7;0;13;0;4;4;A01
201400017916;0;7;0;0;2;1;13;A01
201400017916;0;7;0;0;2;3;1;B02
201400017917;0;10;0;0;1;8;1;A01
201400017918;0;7;0;0;2;8;15;B02
201400017918;0;30;0;0;2;1;17;A01
201400017919;0;7;0;0;2;3;13;A01
201400017919;0;17;0;0;2;3;1;B02
201400017920;0;7;0;6;0;2;1;A01
201400017921;0;7;0;13;0;9;1;A01
201400017922;0;7;0;0;2;1;1;B02
201400017922;0;7;0;0;2;1;1;C03
201400017922;0;10;0;0;2;6;13;A01
201400017923;0;7;0;0;2;1;17;A01
201400017923;0;7;0;0;2;8;15;B02
201400017924;0;7;0;0;2;7;13;A01
201400017924;0;7;0;0;2;1;1;B02
201400017925;0;33;0;0;2;9;1;B02
201400017925;0;7;0;0;0;2;19;A01
201400017926;0;7;0;0;2;3;15;A01
201400017926;0;33;0;0;2;6;0;B02
201400017927;0;14;0;0;2;8;0;B02
201400017927;0;10;0;0;2;7;17;A01
201400017928;0;30;0;1;0;2;1;A01
201400017929;0;7;0;0;2;1;1;B02
201400017929;0;30;0;0;2;1;13;A01
201400017930;0;7;0;0;2;2;23;A01
201400017930;0;1;0;0;2;3;1;B02
201400017931;0;30;0;15;0;1;1;A01
201400017932;0;7;0;16;6;9;1;A01
201400017933;0;30;0;12;0;7;1;A01
201400017934;0;1;0;0;2;8;1;B02
201400017934;0;21;0;0;2;1;15;A01
201400017935;0;7;0;8;0;3;16;A01
201400017936;0;7;0;0;2;3;13;A01
201400017936;0;15;0;0;2;3;1;B02
201400017937;0;7;0;0;2;3;15;B02
201400017937;0;1;0;0;2;1;1;A01
201400017938;0;17;0;7;0;1;1;A01
201400017939;0;7;0;0;2;0;2;A01
201400017939;0;7;0;0;9;4;2;B02
201400017940;0;7;0;0;2;8;1;C03
201400017940;0;7;0;0;9;1;1;E05
201400017940;0;10;0;0;2;8;1;G07
201400017940;0;7;0;0;2;1;1;B02
201400017940;0;7;0;0;2;1;5;A01
201400017940;0;10;0;0;2;7;21;F06
201400017940;0;7;0;0;9;1;1;D04
201400017940;0;17;0;0;9;0;1;H08
201400017941;0;17;0;0;2;2;13;A01
201400017941;0;17;0;0;2;3;1;B02
201400017942;0;7;0;0;2;3;1;B02
201400017942;0;7;0;0;2;2;5;A01
201400017943;0;7;0;0;2;7;15;A01
201400017943;0;33;0;0;2;2;1;B02
201400017944;0;7;0;0;2;3;13;A01
201400017944;0;15;0;0;2;3;1;B02
201400017945;0;33;0;0;0;1;0;A01
201400017945;0;7;0;0;0;6;0;B02
201400017946;0;7;0;2;0;3;14;A01
201400017947;0;10;0;6;2;8;1;B01
201400017947;0;7;0;0;2;8;13;A01
201400017948;0;2;0;0;2;7;2;B01
201400017948;0;7;0;0;2;3;9;A01
201400017949;0;7;0;0;2;2;1;B02
201400017949;0;7;0;0;0;1;19;A01
201400017950;0;7;0;0;2;1;1;B02
201400017950;0;10;0;0;2;1;1;A01
201400017951;0;7;0;0;1;2;1;A01
201400017952;0;33;0;0;0;1;1;A01
201400017953;0;7;0;15;0;3;13;A01
201400017954;0;10;0;0;0;0;14;A01
201400017955;0;7;0;0;2;1;1;A01
201400017955;0;10;0;0;0;8;23;C03
201400017955;0;7;0;0;0;7;1;B02
201400017956;0;7;0;3;0;2;1;A01
201400017957;0;7;0;0;2;2;19;A01
201400017957;0;7;0;0;2;8;1;B02
201400017958;0;7;0;0;1;3;15;A01
201400017959;0;7;0;2;0;2;1;A01
201400017960;0;7;0;2;0;3;1;A01
201400017961;0;10;0;0;0;9;21;A01
201400017962;0;1;0;0;2;3;1;B02
201400017962;0;7;0;0;2;5;12;A01
201400017963;0;14;0;0;2;1;9;B02
201400017963;0;7;0;0;2;7;1;A01
201400017963;0;7;0;0;2;3;19;C03
201400017964;0;7;0;4;0;7;1;A01
201400017965;0;7;0;0;9;5;16;A01
201400017965;0;1;0;0;2;1;15;B02
201400017966;0;7;0;6;0;2;1;A01
201400017967;0;7;0;3;0;9;14;A01
201400017968;0;33;0;0;2;1;2;A01
201400017968;0;7;0;0;2;6;15;B02
201400017969;0;7;0;0;2;1;13;A01
201400017969;0;7;0;0;2;1;1;B01
201400017970;0;7;0;2;0;2;14;A01
201400017971;0;7;0;2;0;1;1;A01
201400017972;0;7;0;13;0;9;14;A01
201400017973;0;10;0;0;2;3;1;A01
201400017973;0;7;0;0;2;2;15;B01
201400017974;0;7;0;0;2;7;1;B01
201400017974;0;7;0;0;2;3;16;A01
201400017975;0;7;0;0;2;3;15;B02
201400017975;0;33;0;0;2;1;1;A01
201400017976;0;7;0;0;1;1;1;A01
201400017977;0;7;0;0;2;3;15;B02
201400017977;0;31;0;0;2;8;1;A01
201400017978;0;7;0;0;2;1;1;B02
201400017978;0;33;0;0;2;1;1;A01
201400017979;0;7;0;0;2;2;19;A01
201400017979;0;7;0;0;2;7;1;C03
201400017979;0;7;0;0;2;1;1;B02
201400017980;0;7;0;2;0;0;1;A01
201400017981;0;7;0;6;0;3;5;A01
201400017982;0;7;0;0;2;1;1;B02
201400017982;0;7;0;0;2;3;13;A01
201400017983;0;33;0;3;0;1;1;A01
201400017984;0;7;0;13;0;1;1;A01
201400017985;0;31;0;0;2;1;1;A01
201400017986;0;7;0;0;2;1;13;A01
201400017986;0;7;0;0;2;3;1;B02
201400017987;0;7;0;0;2;3;9;A01
201400017987;0;7;0;0;2;1;2;B02
201400017988;0;7;0;0;1;1;1;A01
201400017989;0;10;0;0;2;3;1;B02
201400017989;0;10;0;0;2;2;1;A01
201400017990;0;7;0;0;2;7;13;A01
201400017990;0;2;0;0;2;1;1;B02
201400017991;0;7;0;0;2;2;5;A01
201400017991;0;14;0;0;2;1;5;B02
201400017992;0;7;0;0;1;2;1;A01
201400017993;0;7;0;0;2;1;1;A01
201400017993;0;7;0;0;2;9;23;B02
201400017993;0;7;0;15;2;3;1;C03
201400017994;0;7;0;0;2;2;15;A01
201400017994;0;33;0;0;2;1;1;B02
201400017995;0;33;0;0;0;8;1;A01
201400017996;0;7;0;13;0;1;1;A01
201400017997;0;33;0;0;2;3;13;A01
201400017997;0;7;0;0;2;3;1;B02
201400017997;0;33;0;0;2;8;2;C03
201400017998;0;7;0;0;2;2;1;A01
201400017998;0;7;0;0;2;0;1;B02
201400017999;0;7;0;2;0;3;13;A01
201400018000;0;33;0;0;2;0;16;A01
201400018000;0;7;0;0;2;3;1;B02
201400018001;0;7;0;0;2;8;13;A01
201400018001;0;33;0;0;2;3;1;B02
201400018002;0;15;0;0;0;6;15;A01
201400018002;0;7;0;0;2;1;1;B02
201400018003;0;7;0;0;1;3;15;A01
201400018004;0;33;0;0;2;8;13;A01
201400018004;0;7;0;0;2;3;0;B02
201400018005;0;33;0;0;1;1;1;A01
201400018006;0;7;0;8;0;1;1;A01
201400018007;0;33;0;0;2;1;1;A01
201400018007;0;33;0;0;2;0;1;B02
201400018008;0;7;0;0;1;1;1;A01
201400018009;0;7;0;0;2;2;15;A01
201400018009;0;7;0;0;2;1;1;B02
201400018010;0;7;0;13;0;2;1;A01
201400018011;0;7;0;0;2;3;13;A01
201400018011;0;7;0;0;2;3;1;B02
201400018012;0;10;0;0;2;5;15;A01
201400018012;0;33;0;0;2;1;1;B02
201400018013;0;21;0;6;0;7;14;A01
201400018014;0;7;0;6;0;1;13;A01
201400018015;0;7;0;0;2;3;13;A01
201400018015;0;7;0;0;0;3;1;B02
201400018016;0;7;0;0;2;2;16;A01
201400018016;0;31;0;7;2;3;1;B02
201400018017;0;30;0;1;9;2;17;A01
201400018017;0;30;0;0;2;3;17;B02
201400018018;0;7;0;13;0;9;14;A01
201400018019;0;7;0;0;0;3;1;B02
201400018019;0;7;0;0;2;2;19;A01
201400018020;0;7;0;5;0;9;14;A01
201400018021;0;7;0;0;2;1;1;B02
201400018021;0;7;0;0;2;8;9;A01
201400018022;0;10;0;0;2;3;1;B02
201400018022;0;14;0;0;2;7;9;A01
201400018023;0;31;0;0;2;1;13;A01
201400018023;0;21;0;0;2;1;23;B02
201400018024;0;30;0;0;2;1;13;A01
201400018024;0;10;0;0;2;3;1;B02
201400018025;0;35;0;2;0;1;14;A01
201400018026;0;7;0;0;2;6;13;A01
201400018026;0;7;0;0;2;1;1;B02
201400018027;0;7;0;0;2;0;1;B02
201400018027;0;10;0;0;2;2;13;A01
201400018028;0;7;0;6;0;9;14;A01
201400018029;0;7;0;0;1;1;1;A01
201400018030;0;7;0;2;0;1;14;A01
201400018031;0;15;0;0;0;4;1;E05
201400018031;0;15;0;0;2;1;1;A01
201400018031;0;7;0;0;2;4;1;B02
201400018031;0;7;0;0;2;4;1;C03
201400018031;0;7;0;0;2;4;1;D04
201400018032;0;15;0;0;2;1;1;B02
201400018032;0;7;0;0;2;8;13;A01
201400018033;0;2;0;9;0;1;14;A01
201400018034;0;14;0;16;0;8;14;A01
201400018035;0;7;0;13;0;1;14;A01
201400018036;0;21;0;16;0;1;13;A01
201400018037;0;33;0;0;2;1;1;B02
201400018037;0;7;0;0;2;1;15;A01
201400018037;0;7;0;0;2;3;23;C03
201400018038;0;7;0;0;2;3;11;A01
201400018038;0;7;0;0;2;2;17;B02
201400018039;0;7;0;0;1;7;1;A01
201400018040;0;7;0;0;2;1;15;A01
201400018040;0;7;0;0;2;1;1;B02
201400018041;0;7;0;0;2;2;15;A01
201400018041;0;7;0;0;2;2;21;B02
201400018042;0;7;0;0;2;2;20;A01
201400018042;0;30;0;0;2;1;1;B02
201400018043;0;7;0;0;2;3;13;A01
201400018043;0;14;0;0;2;3;1;B02
201400018044;0;1;0;0;2;8;19;A01
201400018044;0;7;0;0;2;1;19;B02
201400018045;0;7;0;0;2;3;17;A01
201400018045;0;1;0;0;2;0;1;B02
201400018046;0;7;0;0;2;1;1;B02
201400018046;0;7;0;0;2;7;13;A01
201400018047;0;7;0;0;2;3;13;A01
201400018047;0;7;0;0;2;3;1;B02
201400018048;0;7;0;13;0;2;14;A01
201400018049;0;7;0;13;0;2;21;A01
201400018050;0;3;0;0;1;1;14;A01
201400018051;0;7;0;2;0;3;13;A01
201400018052;0;7;0;2;0;2;14;A01
201400018053;0;10;0;0;2;8;1;A01
201400018053;0;7;0;0;2;2;17;B02
201400018054;0;7;0;8;0;7;14;A01
201400018055;0;7;0;6;0;2;21;A01
201400018056;0;7;0;0;1;3;1;A01
201400018057;0;7;0;0;2;1;15;A01
201400018057;0;7;0;0;2;1;1;B02
201400018058;0;21;0;0;2;7;5;B02
201400018058;0;7;0;0;2;1;1;A01
201400018059;0;7;0;0;0;9;13;A01
201400018060;0;7;0;0;2;2;15;A01
201400018060;0;33;0;0;2;0;1;B02
201400018061;0;10;0;0;2;1;1;B02
201400018061;0;10;0;0;2;1;13;A01
201400018062;0;7;0;2;0;1;13;A01
201400018063;0;1;0;0;2;4;2;B02
201400018063;0;7;0;0;2;2;2;A01
201400018064;0;7;0;2;0;1;1;A01
201400018065;0;7;0;0;2;2;2;C03
201400018065;0;7;0;0;2;1;1;B02
201400018065;0;7;0;0;2;1;5;A01
201400018066;0;7;0;10;0;2;1;A01
201400018067;0;10;0;0;2;2;1;B02
201400018067;0;15;0;0;2;6;1;A01
201400018068;0;33;0;3;0;1;1;A01
201400018069;0;7;0;4;2;1;1;A01
201400018069;0;7;0;4;2;8;17;B02
201400018070;0;7;0;0;2;3;1;A01
201400018070;0;33;0;0;2;1;2;B02
201400018071;0;14;0;3;0;9;1;A01
201400018072;0;2;0;0;2;1;13;A01
201400018072;0;7;0;0;2;1;1;B02
201400018073;0;7;0;0;2;4;23;B02
201400018073;0;7;0;0;2;1;2;C03
201400018073;0;7;0;0;0;4;23;A01
201400018074;0;7;0;0;2;3;10;A01
201400018074;0;2;0;0;2;1;1;B02
201400018075;0;7;0;0;0;7;0;B02
201400018075;0;7;0;0;2;1;0;A01
201400018076;0;1;0;6;0;1;1;A01
201400018077;0;7;0;0;2;7;1;A01
201400018077;0;7;0;0;2;8;1;B02
201400018078;0;7;0;0;2;1;13;A01
201400018078;0;7;0;0;2;8;1;B02
201400018079;0;7;0;6;0;1;1;A01
201400018080;0;7;0;0;2;1;15;A01