num_acc;senc;catv;occutc;obs;obsm;choc;manv;num_veh
201400018080;0;7;0;0;2;6;1;B02
201400018080;0;7;0;0;2;1;1;C03
201400018081;0;7;0;0;0;4;1;A01
201400018081;0;7;0;0;2;1;2;B02
201400018081;0;7;0;0;2;1;2;C03
201400018082;0;7;0;0;2;5;15;B02
201400018082;0;33;0;0;2;1;1;A01
201400018083;0;7;0;0;2;1;23;C03
201400018083;0;2;0;0;2;1;1;A01
201400018083;0;7;0;0;2;3;16;B02
201400018084;0;7;0;0;2;8;1;A01
201400018084;0;33;0;0;2;1;1;B02
201400018085;0;7;0;0;2;1;15;A01
201400018085;0;2;0;0;2;8;1;B02
201400018086;0;7;0;0;2;7;1;A01
201400018086;0;33;0;0;2;8;9;B02
201400018087;0;10;0;0;1;3;15;A01
201400018088;0;7;0;0;2;1;1;B02
201400018088;0;7;0;0;2;8;1;A01
201400018089;0;7;0;6;0;2;14;A01
201400018090;0;7;0;0;2;3;0;A01
201400018090;0;1;0;0;2;7;1;B02
201400018091;0;7;0;0;0;4;2;C03
201400018091;0;7;0;0;0;4;2;B02
201400018091;0;7;0;0;2;1;2;A01
201400018092;0;30;0;0;0;8;9;A01
201400018092;0;33;0;0;2;1;1;B02
201400018093;0;7;0;8;0;2;1;A01
201400018094;0;32;0;0;5;1;1;A01
201400018095;0;7;0;6;0;7;1;A01
201400018096;0;30;0;0;2;8;19;A01
201400018096;0;7;0;0;2;2;1;B02
201400018097;0;33;0;0;2;1;17;A01
201400018097;0;7;0;0;0;4;15;C03
201400018097;0;33;0;0;2;1;17;B02
201400018098;0;7;0;0;2;3;1;B02
201400018098;0;7;0;0;2;2;15;A01
201400018099;0;7;0;0;0;1;0;A01
201400018099;0;33;0;0;0;6;1;B02
201400018100;0;7;0;0;0;1;15;A01
201400018100;0;7;0;0;0;1;1;B02
201400018101;0;33;0;13;0;1;2;A01
201400018102;0;33;0;0;2;1;1;A01
201400018102;0;7;0;0;0;8;10;B02
201400018103;0;7;0;0;0;5;1;B02
201400018103;0;2;0;0;2;1;18;A01
201400018104;0;7;0;0;2;4;2;D04
201400018104;0;7;0;0;2;3;13;A01
201400018104;0;14;0;0;2;3;0;B02
201400018104;0;7;0;0;2;3;0;C03
201400018105;0;7;0;0;2;2;1;A01
201400018105;0;7;0;0;2;1;15;B02
201400018106;0;7;0;0;1;7;0;A01
201400018107;0;7;0;0;2;1;17;A01
201400018107;0;21;0;0;0;6;15;B02
201400018108;0;7;0;0;2;1;2;B02
201400018108;0;7;0;0;2;4;1;A01
201400018109;0;7;0;0;0;1;13;A01
201400018109;0;7;0;0;0;1;1;B02
201400018110;0;7;0;0;2;2;13;A01
201400018110;0;7;0;0;2;2;1;B02
201400018111;0;7;0;0;2;1;1;A01
201400018111;0;7;0;0;2;1;1;B02
201400018112;0;7;0;6;0;1;1;A01
201400018113;0;31;0;15;0;1;0;A01
201400018114;0;7;0;8;0;1;13;A01
201400018115;0;7;0;0;1;2;1;A01
201400018116;0;1;0;0;0;4;1;C03
201400018116;0;1;0;0;2;4;1;B02
201400018116;0;7;0;0;2;2;1;A01
201400018117;0;7;0;0;2;4;15;B02
201400018117;0;7;0;0;2;1;1;C03
201400018117;0;7;0;0;2;3;2;A01
201400018118;0;7;0;0;2;1;5;A01
201400018118;0;15;0;0;2;1;1;B02
201400018119;0;7;0;0;0;4;2;B02
201400018119;0;30;0;0;2;1;2;A01
201400018120;0;31;0;0;2;1;1;B02
201400018120;0;7;0;0;0;5;15;A01
201400018121;0;7;0;0;2;1;19;A01
201400018121;0;7;0;0;2;8;1;B02
201400018122;0;7;0;0;2;3;1;B02
201400018122;0;31;0;0;2;1;1;A01
201400018123;0;10;0;13;0;9;1;A01
201400018124;0;7;0;0;2;8;15;A01
201400018124;0;31;0;0;2;2;13;B02
201400018125;0;30;0;0;0;4;15;B02
201400018125;0;10;0;0;2;1;2;A01
201400018126;0;7;0;2;0;1;0;A01
201400018127;0;7;0;0;2;1;1;B02
201400018127;0;7;0;0;2;7;1;A01
201400018128;0;7;0;2;0;7;14;A01
201400018129;0;7;0;6;0;7;1;A01
201400018130;0;7;0;10;0;3;1;A01
201400018131;0;33;0;0;0;7;13;A01
201400018132;0;7;0;13;0;3;0;A01
201400018133;0;7;0;2;0;2;2;A01
201400018134;0;7;0;0;2;5;17;A01
201400018134;0;1;0;0;2;6;17;B02
201400018135;0;33;0;0;2;9;1;A01
201400018135;0;7;0;0;2;1;1;B02
201400018136;0;7;0;0;0;1;3;B02
201400018136;0;7;0;0;2;1;1;A01
201400018137;0;7;0;0;2;1;9;A01
201400018137;0;1;0;0;2;7;1;B02
201400018138;0;7;0;0;1;3;15;A01
201400018139;0;7;0;0;1;2;1;A01
201400018140;0;33;0;0;1;1;18;A01
201400018141;0;7;0;0;2;1;15;A01
201400018141;0;1;0;0;2;1;1;B02
201400018142;0;7;0;0;1;1;1;A01
201400018143;0;10;0;0;2;1;2;A01
201400018143;0;7;0;0;2;4;2;B02
201400018143;0;13;0;0;0;4;15;C03
201400018144;0;1;0;0;2;7;1;A01
201400018144;0;7;0;0;2;1;9;B02
201400018145;0;10;0;0;1;1;1;A01
201400018146;0;7;0;13;0;3;1;A01
201400018147;0;10;0;0;1;7;1;A01
201400018148;0;30;0;0;2;1;0;A01
201400018148;0;7;0;0;2;7;0;B02
201400018149;0;10;0;13;0;3;0;A01
201400018150;0;7;0;0;0;3;9;A01
201400018150;0;2;0;0;2;1;1;B02
201400018151;0;7;0;0;2;1;5;A01
201400018151;0;7;0;0;2;3;1;B02
201400018152;0;7;0;13;0;1;1;A01
201400018153;0;7;0;0;2;2;1;A01
201400018153;0;2;0;0;2;8;15;B02
201400018154;0;33;0;0;2;8;0;A01
201400018154;0;7;0;0;2;2;15;B02
201400018155;0;30;0;0;2;1;1;B02
201400018155;0;7;0;0;5;4;1;A01
201400018156;0;30;0;0;2;1;14;A01
201400018156;0;7;0;0;2;5;1;B02
201400018157;0;2;0;14;0;1;13;A01
201400018158;0;7;0;0;2;3;9;A01
201400018158;0;33;0;0;2;1;1;B02
201400018159;0;10;0;0;1;2;1;A01
201400018160;0;7;0;0;2;1;13;A01
201400018160;0;14;0;0;2;1;1;B02
201400018161;0;7;0;0;1;2;2;A01
201400018162;0;7;0;0;2;3;13;A01
201400018162;0;14;0;0;2;3;1;B02
201400018163;0;33;0;0;0;3;0;A01
201400018164;0;7;0;0;2;0;1;A01
201400018164;0;10;0;0;2;1;1;B02
201400018165;0;7;0;13;0;2;1;A01
201400018166;0;33;0;0;0;8;1;A01
201400018167;0;10;0;6;0;3;1;A01
201400018168;0;10;0;13;0;2;1;A01
201400018169;0;7;0;0;2;6;15;A01
201400018169;0;34;0;0;2;1;1;B02
201400018170;0;7;0;0;2;2;15;A01
201400018170;0;33;0;0;2;1;1;B02
201400018171;0;33;0;0;0;0;1;A01
201400018172;0;2;0;16;0;0;1;A01
201400018173;0;33;0;12;2;1;13;A01
201400018173;0;7;0;0;2;2;1;B02
201400018174;0;33;0;3;0;1;1;A01
201400018175;0;7;0;0;0;2;1;B02
201400018175;0;7;0;0;0;4;1;A01
201400018176;0;7;0;0;0;4;17;A01
201400018176;0;33;0;0;2;1;1;B02
201400018177;0;7;0;13;0;1;13;A01
201400018178;0;7;0;0;2;5;15;A01
201400018178;0;33;0;0;2;1;1;B02
201400018179;0;99;0;0;9;1;1;A01
201400018180;0;21;0;13;0;1;13;A01
201400018181;0;7;0;6;0;2;14;A01
201400018182;0;7;0;0;0;9;1;A01
201400018183;0;33;0;13;0;1;1;A01
201400018184;0;7;0;8;0;8;1;A01
201400018185;0;14;0;6;0;2;1;A01
201400018186;0;7;0;0;2;3;15;B02
201400018186;0;10;0;0;2;2;1;A01
201400018187;0;7;0;0;2;4;24;B02
201400018187;0;7;0;1;0;1;14;A01
201400018188;0;7;0;2;0;8;1;A01
201400018189;0;7;0;0;2;8;19;A01
201400018189;0;30;0;0;2;1;1;B02
201400018190;0;7;0;8;0;9;1;A01
201400018191;0;7;0;0;2;7;15;B02
201400018191;0;7;0;0;2;1;17;A01
201400018192;0;7;0;13;0;1;1;A01
201400018193;0;10;0;0;2;1;0;B02
201400018193;0;7;0;0;2;8;1;A01
201400018194;0;7;0;0;0;5;15;A01
201400018194;0;33;0;0;0;1;1;B02
201400018195;0;7;0;0;2;7;2;C03
201400018195;0;7;0;0;2;2;2;B02
201400018195;0;1;0;0;0;6;2;A01
201400018196;0;7;0;0;2;1;13;A01
201400018196;0;7;0;0;2;1;1;B02
201400018197;0;7;0;0;2;5;2;B02
201400018197;0;7;0;3;2;1;2;A01
201400018198;0;7;0;8;0;9;19;A01
201400018199;0;7;0;0;1;3;15;A01
201400018200;0;7;0;6;0;1;1;A01
201400018201;0;7;0;1;1;0;20;A01
201400018202;0;7;0;6;0;2;14;A01
201400018203;0;7;0;0;1;2;1;A01
201400018204;0;7;0;6;0;2;1;A01
201400018205;0;10;0;13;0;0;1;A01
201400018206;0;7;0;0;2;1;1;A01
201400018206;0;1;0;0;2;4;1;B02
201400018207;0;33;0;0;0;0;2;A01
201400018207;0;7;0;0;0;0;9;B02
201400018208;0;2;0;0;2;1;1;A01
201400018208;0;7;0;0;2;3;16;B02
201400018209;0;7;0;0;2;2;1;A01
201400018209;0;7;0;0;2;3;0;B02
201400018210;0;7;0;0;2;2;1;A01
201400018210;0;7;0;0;2;8;19;B02
201400018211;0;7;0;13;0;3;13;A01
201400018212;0;21;0;0;2;5;15;A01
201400018212;0;2;0;0;2;1;1;B02
201400018213;0;7;0;13;0;2;17;A01
201400018214;0;7;0;0;2;1;15;A01
201400018214;0;7;0;0;2;3;1;B02
201400018215;0;7;0;0;2;3;13;A01
201400018215;0;15;0;0;2;3;1;B02
201400018216;0;7;0;13;0;2;1;A01
201400018217;0;14;0;0;2;3;15;B02
201400018217;0;7;0;0;2;2;1;A01
201400018218;0;10;0;0;0;3;2;A01
201400018218;0;1;0;0;0;7;1;B02
201400018219;0;7;0;0;0;2;1;A01
201400018220;0;7;0;0;2;4;1;C03
201400018220;0;15;0;0;2;3;2;A01
201400018220;0;7;0;0;2;8;0;E05
201400018220;0;7;0;0;2;5;1;D04
201400018220;0;7;0;0;2;5;2;B02
201400018221;0;30;0;3;0;8;1;A01
201400018222;0;30;0;0;0;8;13;B02
201400018222;0;7;0;0;2;3;1;A01
201400018223;0;7;0;0;2;3;1;B02
201400018223;0;7;0;0;2;3;15;A01
201400018224;0;7;0;5;0;1;0;A01
201400018225;0;7;0;0;2;3;1;B02
201400018225;0;10;0;0;2;3;1;A01
201400018226;0;7;0;0;0;1;1;B02
201400018226;0;7;0;0;2;7;1;A01
201400018227;1;7;0;0;2;8;19;A01
201400018227;0;2;0;0;2;1;1;B02
201400018228;0;7;0;0;2;1;17;B02
201400018228;0;7;0;0;2;1;15;A01
201400018229;0;7;0;6;0;1;13;A01
201400018230;0;33;0;0;2;1;1;B02
201400018230;0;7;0;0;2;2;15;A01
201400018231;0;7;0;0;2;3;13;A01
201400018231;0;10;0;0;2;3;1;B02
201400018232;0;7;0;0;2;2;1;B02
201400018232;0;7;0;0;2;2;13;A01
201400018233;0;7;0;2;0;7;1;A01
201400018234;0;33;0;0;2;1;17;B02
201400018234;0;7;0;0;2;3;15;A01
201400018235;0;7;0;0;2;1;1;B02
201400018235;0;7;0;0;2;1;1;C03
201400018235;0;10;0;0;2;7;13;A01
201400018236;0;7;0;6;0;1;1;A01
201400018237;0;7;0;0;2;2;11;A01
201400018237;0;10;0;0;2;2;1;B02
201400018238;0;7;0;16;0;9;1;A01
201400018239;0;14;0;0;2;6;1;A01
201400018239;0;7;0;0;2;3;13;B02
201400018240;0;7;0;12;0;3;1;A01
201400018241;0;1;0;0;1;1;1;A01
201400018242;0;7;0;0;2;2;13;A01
201400018242;0;7;0;0;2;3;1;B02
201400018243;0;31;0;0;2;1;1;B02
201400018243;0;7;0;0;2;2;15;A01
201400018244;0;7;0;0;1;2;1;A01
201400018245;0;30;0;3;0;8;1;A01
201400018246;0;30;0;0;2;1;1;B02
201400018246;0;7;0;0;2;1;15;A01
201400018247;0;30;0;0;1;1;1;A01
201400018248;0;7;0;0;1;7;13;A01
201400018249;0;10;0;0;2;8;15;A01
201400018249;0;31;0;0;2;7;17;B02
201400018250;0;7;0;0;2;3;13;A01
201400018250;0;7;0;0;2;3;21;B02
201400018251;0;7;0;0;2;1;1;C03
201400018251;0;7;0;0;2;1;1;B02
201400018251;0;7;0;0;2;1;17;A01
201400018252;0;2;0;0;2;1;1;B02
201400018252;0;7;0;0;2;3;15;A01
201400018253;0;30;0;0;2;5;16;A01
201400018253;0;7;0;0;2;3;1;B02
201400018254;0;7;0;0;1;3;1;A01
201400018255;0;14;0;0;2;3;1;B02
201400018255;0;7;0;0;2;3;15;A01
201400018256;0;1;0;0;2;2;1;B02
201400018256;0;10;0;0;2;2;15;A01
201400018257;0;7;0;0;2;3;1;C03
201400018257;0;7;0;0;2;3;1;A01
201400018257;0;7;0;0;2;6;15;B02
201400018258;0;7;0;13;0;1;1;A01
201400018259;0;7;0;0;2;1;1;A01
201400018259;0;7;0;13;2;3;19;B02
201400018260;0;33;0;0;2;1;5;A01
201400018260;0;7;0;0;2;1;1;B02
201400018261;0;7;0;6;0;1;1;A01
201400018262;0;14;0;0;2;8;2;A01
201400018262;0;33;0;0;2;1;10;B02
201400018263;0;7;0;0;0;5;1;A01
201400018263;0;2;0;0;0;1;1;B02
201400018264;0;7;0;0;2;1;1;A01
201400018264;0;33;0;0;2;8;13;B02
201400018265;0;7;0;0;0;2;9;A01
201400018265;0;38;1;0;2;3;1;B02
201400018265;0;14;0;0;2;2;1;C03
201400018266;0;7;0;0;2;2;19;A01
201400018266;0;33;0;0;2;2;1;B02
201400018267;0;10;0;0;0;1;13;A01
201400018267;0;7;0;0;0;1;1;B02
201400018268;0;7;0;0;9;3;9;A01
201400018268;0;1;0;0;2;1;15;B02
201400018269;0;7;0;13;0;9;1;A01
201400018270;0;7;0;0;1;6;4;A01
201400018271;0;31;0;0;2;5;17;A01
201400018271;0;7;0;0;2;3;15;B02
201400018272;0;1;0;12;0;1;1;A01
201400018273;0;7;0;6;0;3;13;A01
201400018274;0;7;0;0;2;3;1;B02
201400018274;0;7;0;0;2;1;13;A01
201400018275;0;36;0;0;2;1;13;A01
201400018275;0;7;0;0;2;1;1;B02
201400018276;0;7;0;0;2;8;13;A01
201400018276;0;7;0;0;2;8;21;B02
201400018277;0;7;0;0;2;1;13;A01
201400018277;0;10;0;0;2;3;1;B02
201400018278;0;33;0;0;5;0;1;A01
201400018279;0;1;0;0;2;8;0;B02
201400018279;0;33;0;0;2;1;1;A01
201400018280;0;7;0;0;1;1;1;A01
201400018281;0;7;0;0;2;1;13;A01
201400018281;0;7;0;0;2;1;1;B02
201400018282;0;7;0;2;0;1;13;A01
201400018283;0;7;0;13;0;1;1;A01
201400018284;0;7;0;0;1;2;1;A01
201400018285;0;33;0;0;0;0;13;A01
201400018286;0;7;0;2;0;1;1;A01
201400018287;0;10;0;0;2;3;1;A01
201400018287;0;10;0;0;2;1;1;B02
201400018288;0;7;0;0;2;1;5;A01
201400018288;0;7;0;0;2;3;2;B02
201400018289;0;7;0;0;0;3;2;A01
201400018289;0;7;0;0;0;5;15;B02
201400018290;0;7;0;0;1;4;20;A01
201400018291;0;7;0;8;0;1;1;A01
201400018292;0;7;0;0;0;0;21;A01
201400018293;0;7;0;0;0;0;17;A01
201400018293;0;7;0;13;2;7;21;C03
201400018293;0;7;0;2;2;1;1;B02
201400018294;0;7;0;0;2;8;15;A01
201400018294;0;7;0;0;2;1;1;B02
201400018295;0;33;0;0;0;0;17;A01
201400018296;0;1;0;0;9;1;1;A01
201400018297;0;7;0;0;9;2;15;A01
201400018297;0;1;0;0;2;1;1;B02
201400018298;0;7;0;2;0;3;1;A01
201400018299;0;33;0;0;2;9;13;A01
201400018299;0;10;0;0;2;6;1;B02
201400018300;0;7;0;0;2;4;15;B02
201400018300;0;7;0;0;2;1;17;A01
201400018301;0;33;0;13;0;1;1;A01
201400018302;0;2;0;0;2;1;13;A01
201400018302;0;21;0;0;2;1;1;B02
201400018303;0;7;0;1;0;1;1;A01
201400018304;0;7;0;0;2;1;13;A01
201400018304;0;7;0;0;2;1;1;B02
201400018305;0;7;0;0;2;1;13;A01
201400018305;0;7;0;0;2;1;1;B02
201400018306;0;1;0;0;0;0;0;A01
201400018307;0;7;0;0;2;2;15;A01
201400018307;0;31;0;0;2;8;1;B02
201400018308;0;7;0;0;2;2;1;B02
201400018308;0;30;0;0;2;8;19;A01
201400018309;0;7;0;0;2;3;1;B02
201400018309;0;7;0;0;2;2;19;A01
201400018310;0;7;0;0;2;2;1;A01
201400018310;0;7;0;13;0;6;0;B02
201400018311;0;7;0;0;2;1;1;B02
201400018311;0;7;0;0;2;7;19;A01
201400018312;0;7;0;16;0;2;1;A01
201400018313;0;15;0;0;0;8;14;A01
201400018314;0;7;0;0;2;1;17;A01
201400018314;0;14;0;0;2;1;0;B02
201400018315;0;31;0;0;2;1;1;A01
201400018315;0;10;0;0;2;5;15;B02
201400018316;0;31;0;1;0;2;1;A01
201400018316;0;7;0;0;2;2;24;B02
201400018317;0;3;0;2;0;1;2;A01
201400018318;0;7;0;0;2;1;1;A01
201400018318;0;10;0;0;2;1;1;B02
201400018319;0;10;0;0;2;3;10;A01
201400018319;0;7;0;0;2;1;1;B02
201400018320;0;7;0;13;0;3;1;A01
201400018321;0;33;0;11;0;1;1;A01
201400018322;0;7;0;0;2;2;19;A01
201400018322;0;7;0;0;2;3;1;B02
201400018323;0;7;0;0;2;3;13;A01
201400018323;0;15;0;0;2;3;1;B02
201400018324;0;7;0;0;2;3;13;A01
201400018324;0;21;0;0;2;6;1;B02
201400018325;0;30;0;0;2;1;1;B01
201400018325;0;7;0;0;0;2;15;A02
201400018326;0;7;0;0;2;3;17;A01
201400018326;0;15;0;0;2;1;21;B02
201400018327;0;10;0;0;1;3;13;A01
201400018328;0;7;0;13;0;3;21;A01
201400018329;0;10;0;0;2;3;13;A01
201400018329;0;7;0;0;2;3;1;B02
201400018330;0;7;0;2;0;3;1;A01
201400018331;0;10;0;0;2;1;1;A01
201400018331;0;10;0;0;0;8;9;B02
201400018332;0;7;0;0;1;4;20;A01
201400018333;0;33;0;0;2;1;1;B02
201400018333;0;10;0;0;2;8;19;A01
201400018334;0;10;0;0;1;3;1;A01
201400018335;0;7;0;2;0;1;13;A01
201400018336;0;7;0;0;2;8;13;A01
201400018336;0;7;0;0;2;1;1;B02
201400018337;0;7;0;0;1;3;15;A01
201400018338;0;7;0;13;0;3;13;A01
201400018339;0;7;0;0;2;7;1;A01
201400018339;0;10;0;0;2;1;1;B02
201400018340;0;7;0;0;2;2;15;A01
201400018340;0;33;0;0;2;1;1;B02
201400018341;0;7;0;0;1;1;1;A01
201400018342;0;33;0;0;2;7;3;B02
201400018342;0;7;0;0;2;1;15;A01
201400018343;0;7;0;0;2;3;1;A01
201400018343;0;30;0;0;2;8;15;B02
201400018344;0;21;0;0;2;6;1;A01
201400018344;0;31;0;0;2;3;1;B02
201400018345;0;7;0;0;0;1;19;B02
201400018345;0;7;0;0;0;1;19;A01
201400018346;0;33;0;0;2;2;17;A01
201400018346;0;21;0;0;2;3;15;B02
201400018347;0;7;0;0;2;5;15;A01
201400018347;0;2;0;0;2;1;17;B02
201400018348;0;33;0;0;2;2;17;A01
201400018348;0;21;0;0;2;3;15;B02
201400018349;0;7;0;0;1;1;1;A01
201400018350;0;7;0;0;1;1;1;A01
201400018351;0;7;0;0;1;3;1;A01
201400018352;0;7;0;13;2;7;13;A01
201400018352;0;7;0;0;2;1;1;B02
201400018353;0;30;0;0;2;1;1;A01
201400018353;0;7;0;0;2;3;9;B02
201400018354;0;33;0;13;0;1;1;A01
201400018355;0;10;0;0;9;4;4;A01
201400018355;0;1;0;0;2;1;1;B02
201400018356;0;1;0;0;0;1;15;A01
201400018357;0;7;0;0;2;1;13;A01
201400018357;0;10;0;0;2;1;1;B02
201400018358;0;7;0;13;0;1;1;A01
201400018359;0;7;0;6;1;2;1;A01
201400018359;0;7;0;6;0;3;1;B02
201400018360;0;1;0;0;0;0;1;A01
201400018361;0;7;0;2;0;1;13;A01
201400018362;0;7;0;13;0;3;1;A01
201400018363;0;7;0;13;0;1;1;A01
201400018364;0;7;0;13;0;2;1;A01
201400018365;0;15;0;0;2;3;1;B02
201400018365;0;7;0;0;2;6;19;A01
201400018366;0;7;0;0;2;1;1;B02
201400018366;0;3;0;0;2;8;19;A01
201400018367;0;7;0;0;1;2;1;A01
201400018368;0;7;0;0;2;3;1;B01
201400018368;0;7;0;0;2;8;15;A02
201400018369;0;7;0;1;0;1;13;A01
201400018370;0;33;0;13;0;1;2;A01
201400018371;0;7;0;16;0;6;1;A01
201400018371;0;33;0;0;0;1;1;B02
201400018372;0;31;0;0;2;8;16;B01
201400018372;0;7;0;0;2;7;1;A01
201400018373;0;7;0;0;2;1;5;A01
201400018373;0;7;0;0;2;1;1;B02
201400018374;0;7;0;0;2;1;13;A01
201400018374;0;7;0;0;2;1;1;B02
201400018375;0;7;0;0;2;7;19;A01
201400018375;0;7;0;0;2;1;1;B02
201400018376;0;7;0;0;0;2;1;A01
201400018376;0;1;0;0;0;4;1;B02
201400018377;0;36;0;16;0;2;1;A01
201400018378;0;7;0;0;2;1;15;A01
201400018378;0;7;0;0;2;1;1;B02
201400018379;0;33;0;13;0;0;0;A01
201400018380;0;7;0;0;0;3;13;A01
201400018380;0;7;0;0;2;8;1;B02
201400018380;0;7;0;0;2;8;1;C03
201400018381;0;30;0;8;0;1;1;A01
201400018382;0;7;0;0;2;5;15;A01
201400018382;0;7;0;0;2;2;1;B02
201400018383;0;10;0;0;2;1;1;A01
201400018383;0;7;0;0;2;9;23;B02
201400018383;0;10;0;0;2;4;15;C03
201400018384;0;2;0;14;2;1;2;A01
201400018384;0;7;0;0;0;4;2;B02
201400018385;0;7;0;0;2;1;1;B02
201400018385;0;7;0;0;2;6;19;A01
201400018386;0;7;0;0;0;5;19;A01
201400018386;0;7;0;0;2;1;1;B02
201400018387;0;7;0;0;2;1;1;A01
201400018387;0;7;0;0;0;0;23;B02
201400018388;0;21;0;0;2;6;15;A01
201400018388;0;7;0;0;2;2;17;B02
201400018389;0;2;0;0;0;3;1;B02
201400018389;0;7;0;0;0;3;15;A01
201400018390;0;7;0;0;2;2;15;A01
201400018390;0;2;0;0;2;1;1;B02
201400018391;0;30;0;0;2;3;17;A01
201400018391;0;7;0;0;2;3;1;B02
201400018392;0;7;0;0;2;2;15;A01
201400018392;0;30;0;0;2;1;1;B02
201400018393;0;7;0;0;1;2;13;A01
201400018394;0;7;0;0;0;3;13;A01
201400018394;0;7;0;0;0;3;1;B02
201400018395;0;7;0;0;2;3;19;A01
201400018395;0;7;0;0;2;1;1;B02
201400018396;0;7;0;0;2;2;5;A01
201400018396;0;7;0;0;2;2;1;B02
201400018397;0;14;0;13;0;2;1;A01
201400018398;0;7;0;0;2;1;13;A01
201400018398;0;7;0;0;2;1;1;B02
201400018399;0;33;0;13;0;1;13;A01
201400018400;0;33;0;0;0;8;14;A01
201400018401;0;7;0;0;1;1;1;A01
201400018402;0;7;0;0;2;3;15;A01
201400018402;0;7;0;3;2;8;1;B02
201400018403;0;33;0;11;0;1;1;A01
201400018404;0;7;0;0;0;4;1;A01
201400018404;0;30;0;0;2;1;2;B02
201400018405;0;33;0;0;2;1;17;A01
201400018405;0;17;0;0;2;8;9;B02
201400018406;0;7;0;0;2;7;15;A01
201400018406;0;31;0;0;2;1;1;B01
201400018407;0;33;0;16;0;8;1;A01
201400018408;0;7;0;2;0;3;1;A01
201400018409;0;7;0;0;2;1;1;B02
201400018409;0;7;0;0;2;1;11;A01
201400018410;0;10;0;0;1;5;4;A01
201400018411;0;10;0;0;2;2;1;B02
201400018411;0;33;0;4;2;0;13;A01
201400018412;0;7;0;0;0;2;5;A01
201400018412;0;7;0;0;2;3;1;B02
201400018413;0;31;0;0;1;1;1;A01
201400018414;0;1;0;0;0;0;0;A01
201400018415;0;31;0;0;2;3;1;A01
201400018415;0;7;0;0;2;3;16;B02
201400018416;0;33;0;1;0;2;1;A01
201400018417;0;7;0;3;2;3;13;A01
201400018417;0;14;0;3;2;3;1;B02
201400018418;0;10;0;0;2;3;10;A01
201400018418;0;33;0;0;2;1;1;B02
201400018419;0;7;0;13;0;1;1;A01
201400018420;0;7;0;13;0;9;1;A01
201400018421;0;1;0;0;2;2;1;A01
201400018421;0;30;0;0;2;6;16;B02
201400018422;0;10;0;0;2;2;2;A01
201400018422;0;21;0;0;2;6;2;B02
201400018423;0;7;0;6;0;1;1;A01
201400018424;0;7;0;0;2;1;1;B02
201400018424;0;7;0;0;2;1;13;A01
201400018425;0;7;0;2;2;9;1;A01
201400018425;0;7;0;0;2;1;21;B02
201400018426;0;7;0;2;0;8;13;A01
201400018427;0;33;0;0;2;1;13;A01
201400018427;0;7;0;0;2;3;1;B02
201400018428;0;7;0;2;0;9;2;A01
201400018429;0;7;0;2;0;1;14;A01
201400018430;0;1;0;0;1;1;17;A01
201400018431;0;7;0;13;0;9;1;A01
201400018432;0;7;0;0;9;8;1;A01
201400018432;0;1;0;0;2;8;17;B02
201400018433;0;1;0;0;2;1;5;A01
201400018433;0;38;0;0;2;3;1;B02
201400018434;0;7;0;0;1;3;1;A01
201400018435;0;7;0;0;2;1;1;B02
201400018435;0;7;0;0;2;7;15;A01
201400018436;0;33;0;4;0;3;1;A01
201400018437;0;7;0;6;0;1;13;A01
201400018438;0;7;0;13;0;7;1;A01
201400018439;0;7;0;0;1;1;1;A01
201400018440;0;33;0;0;2;1;1;B02
201400018440;0;7;0;0;2;1;1;A01
201400018441;0;7;0;0;1;3;1;A01
201400018442;0;7;0;0;1;3;1;A01
201400018443;0;7;0;0;2;1;13;A01
201400018443;0;17;0;0;2;6;1;B01
201400018443;0;7;0;0;2;1;1;C01
201400018444;0;7;0;0;1;2;15;A01
201400018445;0;7;0;0;1;1;1;A01
201400018446;0;7;0;13;0;2;14;A01
201400018447;0;7;0;0;1;4;4;A01
201400018448;0;7;0;0;1;1;1;A01
201400018449;0;10;0;0;2;7;13;A01
201400018449;0;7;0;0;2;1;1;B01
201400018450;0;31;0;0;2;1;1;B01
201400018450;0;7;0;0;2;2;19;A01
201400018451;0;7;0;0;2;8;15;B01
201400018451;0;2;0;0;2;1;17;A01
201400018452;0;7;0;0;2;7;19;A01
201400018452;0;7;0;0;2;2;1;B01
201400018453;0;7;0;0;1;5;4;A01
201400018454;0;1;0;14;0;9;1;A01
201400018455;0;2;0;9;0;1;1;A01
201400018456;0;7;0;0;2;1;1;A01
201400018456;0;7;0;0;0;7;1;B02
201400018457;0;10;0;0;2;2;1;B02
201400018457;0;34;0;4;2;0;1;A01
201400018458;0;7;0;2;0;3;1;A01
201400018459;0;7;0;14;0;1;13;A01
201400018460;0;10;0;0;1;0;1;A01
201400018461;0;33;0;7;0;1;17;A01
201400018462;0;10;0;0;2;3;1;A01
201400018462;0;15;0;0;2;3;1;B02
201400018463;0;7;0;0;1;4;4;A01
201400018464;0;7;0;0;2;3;9;A01
201400018464;0;30;0;0;2;1;1;B02
201400018465;0;33;0;6;0;8;13;A01
201400018466;0;1;0;0;0;0;1;A01
201400018467;0;7;0;0;0;1;1;A01
201400018467;0;7;0;0;0;7;9;B02
201400018468;0;33;0;0;2;1;17;A01
201400018468;0;10;0;0;2;6;15;B02