num_acc;senc;catv;occutc;obs;obsm;choc;manv;num_veh
201400018469;0;15;0;0;2;3;13;A01
201400018469;0;15;0;0;2;3;1;B02
201400018470;0;7;0;0;2;5;13;A01
201400018470;0;7;0;0;2;1;1;B02
201400018471;0;7;0;2;0;1;1;A01
201400018472;0;33;0;0;2;1;1;A01
201400018472;0;7;0;0;0;4;1;B02
201400018473;0;33;0;0;6;1;11;A01
201400018474;0;17;0;0;9;2;2;A01
201400018474;0;1;0;0;2;4;2;B02
201400018475;0;30;0;0;0;2;1;A01
201400018476;0;30;0;0;0;0;1;A01
201400018477;0;7;0;15;0;1;1;A01
201400018478;0;10;0;8;0;1;13;A01
201400018479;0;15;0;0;2;1;1;A01
201400018479;0;10;0;0;2;3;19;B02
201400018480;0;30;0;0;0;8;1;A01
201400018480;0;30;0;0;0;7;1;B02
201400018481;0;30;0;0;2;8;1;A01
201400018481;0;7;0;0;2;8;1;B02
201400018482;0;7;0;0;2;3;13;A01
201400018482;0;15;0;0;2;3;21;B02
201400018483;0;31;0;0;2;0;1;A01
201400018483;0;7;0;0;2;8;9;B02
201400018484;0;7;0;0;2;7;15;A01
201400018484;0;33;0;0;2;1;1;B02
201400018484;0;33;0;0;2;1;1;C03
201400018485;0;7;0;0;2;2;1;A01
201400018485;0;2;0;0;2;8;9;B02
201400018486;0;7;0;13;2;6;1;A01
201400018486;0;7;0;13;2;3;1;B02
201400018487;0;30;0;0;2;1;2;A01
201400018487;0;10;0;0;2;6;2;B02
201400018488;0;30;0;0;1;1;1;A01
201400018489;0;21;0;0;0;0;15;B02
201400018489;0;7;0;13;0;1;17;A01
201400018490;1;7;0;0;1;2;14;A01
201400018491;1;7;0;0;0;0;15;B02
201400018491;0;33;0;0;2;1;17;A01
201400018492;0;10;0;0;2;2;15;A01
201400018492;0;2;0;0;2;1;1;B02
201400018493;0;7;0;0;2;3;1;B02
201400018493;0;7;0;0;2;7;15;A01
201400018494;0;33;0;13;0;1;1;A01
201400018495;0;7;0;8;0;8;1;A01
201400018496;0;7;0;2;0;1;13;A01
201400018497;0;7;0;0;0;1;21;A01
201400018498;0;7;0;2;0;9;17;A01
201400018499;0;7;0;15;0;9;13;A01
201400018500;0;7;0;0;1;2;1;A01
201400018501;0;7;0;0;0;3;1;A01
201400018502;0;7;0;0;2;2;2;A01
201400018502;0;7;0;0;0;6;12;B02
201400018503;0;7;0;8;0;3;17;A01
201400018504;0;10;0;0;1;4;20;A01
201400018505;0;7;0;0;2;1;21;B02
201400018505;0;7;0;0;2;3;13;A01
201400018506;0;7;0;0;2;3;1;B02
201400018506;0;7;0;0;2;3;17;A01
201400018507;0;7;0;0;2;2;19;A01
201400018507;0;33;0;0;2;3;1;B02
201400018508;0;33;0;1;0;6;1;A01
201400018509;0;7;0;0;2;7;0;B02
201400018509;0;31;0;0;2;1;0;A01
201400018510;0;7;0;13;0;2;1;A01
201400018511;0;17;0;0;2;3;1;B02
201400018511;1;33;0;0;2;1;17;A01
201400018512;0;10;0;0;2;4;2;B02
201400018512;0;30;0;0;2;1;2;A01
201400018513;0;7;0;0;1;7;17;A01
201400018514;0;7;0;0;0;9;14;A01
201400018515;0;33;0;0;2;9;13;A01
201400018515;0;7;0;0;2;1;1;B02
201400018516;0;2;0;0;2;1;13;B02
201400018516;0;7;0;0;2;3;14;A01
201400018517;0;7;0;0;2;3;1;B02
201400018517;0;7;0;0;2;3;15;A01
201400018518;0;33;0;0;0;0;13;A01
201400018519;0;7;0;0;1;1;1;A01
201400018520;0;7;0;8;0;8;1;A01
201400018521;0;1;0;0;0;4;0;B02
201400018522;0;7;0;0;2;1;0;B02
201400018522;0;7;0;0;2;5;15;A01
201400018523;0;10;0;0;0;0;0;B02
201400018523;0;33;0;0;2;0;2;A01
201400018524;0;7;0;0;2;3;0;B02
201400018524;0;10;0;0;2;3;5;A01
201400018525;0;7;0;13;0;1;1;A01
201400018526;0;10;0;0;1;1;1;A01
201400018527;0;7;0;0;2;1;1;A01
201400018527;0;7;0;0;2;1;1;B02
201400018528;0;7;0;0;1;1;1;A01
201400018529;0;7;0;0;2;3;1;B02
201400018529;0;33;0;0;2;1;13;A01
201400018530;0;7;0;2;0;8;11;A01
201400018531;0;33;0;0;0;8;1;A01
201400018532;0;7;0;13;0;4;1;A01
201400018533;0;33;0;16;0;8;14;A01
201400018534;0;7;0;2;0;8;14;A01
201400018535;0;7;0;0;2;1;1;A01
201400018535;0;7;0;0;2;7;1;B02
201400018536;0;7;0;2;0;7;13;A01
201400018537;0;7;0;0;0;6;24;A01
201400018537;0;2;0;1;0;1;1;B02
201400018538;0;7;0;0;1;3;0;A01
201400018539;0;33;0;16;0;1;15;A01
201400018540;0;7;0;13;0;1;1;A01
201400018541;0;7;0;13;0;3;1;A01
201400018542;0;7;0;2;0;0;0;A01
201400018543;0;7;0;0;0;1;1;B02
201400018543;0;7;0;0;2;4;16;A01
201400018544;0;7;0;8;0;1;1;A01
201400018545;0;7;0;8;0;8;1;A01
201400018546;0;7;0;8;0;2;14;A01
201400018547;0;17;0;0;2;4;23;C03
201400018547;0;17;0;0;2;1;23;B02
201400018547;0;17;0;0;2;1;2;A01
201400018548;0;7;0;2;0;9;1;A01
201400018549;0;7;0;0;2;3;5;A01
201400018549;0;7;0;0;2;3;17;B02
201400018550;0;7;0;6;0;1;14;A01
201400018551;0;7;0;0;2;3;19;A01
201400018551;0;33;0;0;2;1;1;B02
201400018552;0;10;0;2;0;1;1;A01
201400018553;0;7;0;2;0;1;1;A01
201400018554;0;1;0;0;5;1;1;A01
201400018555;0;7;0;0;2;5;15;B02
201400018555;0;33;0;0;2;5;1;A01
201400018556;0;7;0;0;2;3;9;A01
201400018556;0;7;0;0;2;1;1;B02
201400018557;0;1;0;0;2;8;1;B02
201400018557;0;7;0;0;2;2;1;A01
201400018558;0;10;0;0;0;3;13;A01
201400018558;0;10;0;;;2;1;B02
201400018559;0;10;0;0;2;3;1;B02
201400018559;0;10;0;0;2;1;19;A01
201400018560;0;7;0;10;0;1;1;A01
201400018561;0;7;0;0;2;3;1;A01
201400018561;0;2;0;0;2;3;1;B02
201400018562;0;7;0;0;2;7;15;A01
201400018562;0;33;0;0;2;1;1;B02
201400018563;0;7;0;0;2;8;1;A01
201400018563;0;2;0;0;2;1;11;B02
201400018564;0;7;0;13;0;2;1;A01
201400018565;0;7;0;0;0;3;1;A01
201400018566;0;7;0;0;2;7;6;A01
201400018566;0;7;0;0;2;7;1;B02
201400018567;0;7;0;2;0;1;15;A01
201400018568;0;7;0;0;2;1;11;B02
201400018568;0;21;0;0;2;1;1;A01
201400018569;0;7;0;16;0;9;0;A01
201400018570;0;7;0;0;2;1;13;A01
201400018570;0;7;0;0;2;1;1;B02
201400018571;0;7;0;2;0;9;13;A01
201400018572;0;7;0;10;0;1;1;A01
201400018573;0;7;0;0;1;2;1;A01
201400018574;0;7;0;6;2;3;0;B02
201400018574;0;7;0;13;2;3;0;A01
201400018575;0;10;0;2;0;1;0;A01
201400018576;0;7;0;0;2;3;1;B02
201400018576;0;7;0;0;2;3;13;A01
201400018577;0;7;0;0;2;2;1;A01
201400018577;0;14;0;0;2;1;1;B02
201400018578;0;7;0;0;0;1;5;A01
201400018579;0;7;0;13;0;1;1;A01
201400018580;0;33;0;0;6;1;0;A01
201400018581;0;7;0;8;0;7;1;A01
201400018582;0;7;0;0;2;3;1;A01
201400018582;0;7;0;0;0;5;15;B02
201400018583;0;2;0;0;2;7;0;A01
201400018583;0;7;0;0;2;8;9;B02
201400018584;0;7;0;0;2;1;1;B02
201400018584;0;7;0;0;2;1;15;A01
201400018585;0;7;0;0;5;1;1;A01
201400018586;0;7;0;5;0;3;13;A01
201400018587;0;7;0;6;0;1;1;A01
201400018588;0;7;0;2;0;1;1;A01
201400018589;0;17;0;0;0;1;1;A01
201400018589;0;37;0;0;0;1;23;B02
201400018590;0;7;0;0;1;1;1;A01
201400018591;0;7;0;0;2;6;9;A01
201400018591;0;7;0;0;2;1;2;B02
201400018592;0;2;0;0;2;1;1;B02
201400018592;0;7;0;0;2;1;15;A01
201400018593;0;7;0;0;2;3;16;A01
201400018593;0;7;0;0;2;3;1;B02
201400018594;0;7;0;0;1;7;1;A01
201400018595;0;1;0;0;2;1;9;A01
201400018595;0;7;0;0;2;8;1;B02
201400018596;0;7;0;0;2;1;19;A01
201400018596;0;7;0;0;2;2;1;B02
201400018597;0;7;0;2;0;3;1;A01
201400018598;0;33;0;3;0;1;16;A01
201400018599;0;15;0;0;2;1;15;A01
201400018599;0;33;0;0;2;1;1;B02
201400018600;0;33;0;6;0;1;1;A01
201400018601;0;21;0;0;0;0;1;A01
201400018602;0;10;0;0;0;2;1;A01
201400018603;0;7;0;2;0;2;1;A01
201400018604;0;7;0;0;1;6;9;A01
201400018604;0;7;0;0;2;2;9;B02
201400018605;0;7;0;0;0;4;1;A01
201400018606;0;7;0;0;2;1;1;C03
201400018606;0;10;0;13;2;1;1;B02
201400018606;0;14;0;13;2;7;1;A01
201400018607;0;7;0;0;2;3;15;A01
201400018607;0;7;0;0;2;1;1;B02
201400018608;0;33;0;0;2;1;13;A01
201400018608;0;17;0;0;2;8;1;B02
201400018609;0;17;0;13;0;2;1;A01
201400018610;0;13;0;0;2;1;1;C03
201400018610;0;7;0;0;2;2;1;A01
201400018610;0;7;0;0;2;8;1;B02
201400018611;0;7;0;2;0;9;1;A01
201400018612;0;33;0;0;2;1;1;A01
201400018612;0;7;0;0;2;1;1;B02
201400018613;0;7;0;0;1;3;1;A01
201400018614;0;7;0;13;0;1;17;A01
201400018615;0;7;0;3;0;2;14;A01
201400018616;0;33;0;0;2;1;1;B02
201400018616;0;10;0;0;2;1;15;A01
201400018617;0;33;0;0;0;9;13;A01
201400018618;0;7;0;0;2;2;2;A01
201400018618;0;1;0;0;2;4;1;B02
201400018619;0;7;0;0;2;1;13;A01
201400018619;0;7;0;6;2;3;1;B02
201400018619;0;7;0;0;2;3;1;C03
201400018619;0;7;0;3;2;3;1;D04
201400018620;0;10;0;0;2;3;13;A01
201400018620;0;10;0;0;2;3;1;B02
201400018621;0;7;0;0;1;2;1;A01
201400018622;0;7;0;0;2;3;15;A01
201400018622;0;30;0;0;2;3;1;B02
201400018623;0;7;0;0;2;3;10;A01
201400018623;0;7;0;0;2;1;1;B02
201400018624;0;10;0;0;0;0;0;A01
201400018625;0;7;0;0;2;1;0;A01
201400018625;0;1;0;0;2;4;0;B02
201400018626;0;7;0;2;0;2;14;A01
201400018627;0;7;0;0;2;1;1;B02
201400018627;0;7;0;0;2;8;15;A01
201400018628;0;2;0;0;2;1;13;A01
201400018628;0;7;0;0;2;3;1;B02
201400018629;0;33;0;0;0;9;1;A01
201400018630;0;7;0;0;1;3;15;A01
201400018631;0;7;0;0;2;7;19;B02
201400018631;0;3;0;0;2;1;1;A01
201400018632;0;7;0;0;1;2;17;A01
201400018633;0;7;0;0;2;5;1;A01
201400018633;0;1;0;0;2;4;1;B02
201400018634;0;2;0;0;1;1;1;A01
201400018635;0;7;0;15;2;7;1;B02
201400018635;0;7;0;0;2;1;1;A01
201400018636;0;7;0;0;1;2;1;A01
201400018637;0;7;0;0;2;3;1;B02
201400018637;0;7;0;0;2;2;1;A01
201400018638;0;7;0;0;2;1;13;A01
201400018638;0;7;0;0;2;1;1;B02
201400018638;0;7;0;13;0;7;14;C03
201400018639;0;30;0;0;2;3;13;A01
201400018639;0;7;0;0;2;2;1;B02
201400018640;0;7;0;0;5;1;1;A01
201400018641;0;7;0;7;0;1;0;A01
201400018642;0;33;0;0;0;7;0;A01
201400018643;0;7;0;0;2;7;17;A01
201400018643;0;31;0;0;2;8;1;B02
201400018644;0;7;0;0;2;6;19;A01
201400018644;0;7;0;0;2;1;1;B02
201400018645;0;7;0;6;0;1;1;A01
201400018646;0;7;0;8;0;1;1;A01
201400018647;0;7;0;13;0;2;1;A01
201400018648;0;7;0;0;2;1;13;A01
201400018648;0;7;0;0;2;1;1;B02
201400018649;0;7;0;0;2;1;1;A01
201400018649;0;7;0;0;2;7;19;B02
201400018650;0;30;0;13;0;8;1;A01
201400018651;0;10;0;0;2;3;1;B02
201400018651;0;2;0;0;2;8;19;A01
201400018652;0;7;0;0;2;3;16;A01
201400018652;0;30;0;0;2;8;1;B02
201400018653;0;33;0;0;0;8;1;A01
201400018654;0;33;0;0;2;7;1;B02
201400018654;0;10;0;0;2;3;1;A01
201400018655;0;7;0;2;0;1;14;A01
201400018656;0;7;0;3;2;1;13;A01
201400018656;0;15;0;0;2;3;1;B02
201400018657;0;7;0;2;0;7;13;A01
201400018658;0;31;0;0;0;7;1;A01
201400018659;0;7;0;0;0;1;1;A01
201400018660;0;7;0;2;0;9;1;A01
201400018661;0;7;0;13;0;3;1;A01
201400018662;0;1;0;0;2;1;2;A01
201400018662;0;21;0;0;2;4;2;B02
201400018663;0;7;0;0;2;2;1;B02
201400018663;0;7;0;0;2;3;1;A01
201400018664;0;7;0;0;1;3;1;A01
201400018665;0;7;0;0;2;7;15;B02
201400018665;0;33;0;0;2;1;1;A01
201400018666;0;7;0;13;0;3;19;A01
201400018667;0;1;0;0;0;0;0;A01
201400018668;0;7;0;0;5;1;1;A01
201400018669;0;7;0;0;1;3;2;A01
201400018670;0;7;0;0;2;1;1;A01
201400018670;0;7;0;0;2;3;19;B02
201400018671;0;7;0;0;2;1;2;A01
201400018671;0;7;0;0;2;4;23;B02
201400018672;0;7;0;2;0;1;1;A01
201400018673;0;7;0;13;0;1;1;A01
201400018674;0;7;0;0;2;2;15;A01
201400018674;0;7;0;0;2;1;1;B02
201400018675;0;7;0;6;0;1;14;A01
201400018676;0;7;0;0;2;1;1;B02
201400018676;0;7;0;0;2;1;13;A01
201400018677;0;7;0;14;0;1;1;A01
201400018678;0;7;0;13;0;9;13;A01
201400018679;1;7;0;0;2;3;15;A01
201400018679;0;33;0;0;2;5;17;B02
201400018680;0;7;0;0;2;8;19;B02
201400018680;0;7;0;0;2;2;1;A01
201400018681;0;7;0;1;2;1;13;A01
201400018681;0;7;0;0;2;1;1;B02
201400018682;0;7;0;0;2;3;1;B02
201400018682;0;2;0;0;2;1;1;A01
201400018683;0;7;0;0;2;3;1;C03
201400018683;0;7;0;0;2;1;1;B02
201400018683;0;7;0;0;2;9;15;A01
201400018684;0;10;0;0;2;8;19;B02
201400018684;0;14;0;0;2;3;1;A01
201400018685;0;7;0;13;0;2;14;A01
201400018686;0;7;0;0;1;0;1;A01
201400018687;0;7;0;8;0;3;13;A01
201400018688;0;7;0;0;0;0;14;A01
201400018689;0;30;0;13;0;1;14;A01
201400018690;0;3;0;1;0;1;1;A01
201400018691;0;7;0;0;2;1;1;C03
201400018691;0;7;0;0;2;5;15;B02
201400018691;0;7;0;0;2;3;1;A01
201400018692;0;7;0;2;0;2;0;A01
201400018693;0;10;0;0;2;3;1;A01
201400018693;0;33;0;0;2;1;13;B02
201400018694;0;31;0;13;0;1;1;A01
201400018695;0;7;0;0;2;3;1;B02
201400018695;0;7;0;0;2;3;5;A01
201400018696;0;7;0;0;0;3;1;B02
201400018696;0;7;0;0;0;2;15;A01
201400018697;0;7;0;2;0;3;1;A01
201400018698;0;33;0;0;2;1;1;B02
201400018698;0;7;0;0;2;8;13;A01
201400018699;2;7;0;1;0;1;1;A01
201400018700;0;7;0;0;2;1;5;B02
201400018700;0;7;0;0;2;1;13;A01
201400018701;1;99;0;0;1;1;1;A01
201400018702;0;1;0;14;2;5;0;B02
201400018702;0;7;0;0;2;2;2;A01
201400018703;0;17;0;2;0;1;1;A01
201400018704;0;7;0;0;0;4;1;A01
201400018704;0;30;0;0;2;1;1;B02
201400018705;0;7;0;0;1;2;1;A01
201400018706;1;38;0;0;1;7;1;A01
201400018707;0;1;0;0;2;1;0;A01
201400018707;0;10;0;0;2;2;1;B02
201400018708;0;10;0;0;2;3;1;B02
201400018708;0;7;0;14;0;8;1;C03
201400018708;0;7;0;0;2;3;6;A01
201400018709;0;7;0;6;0;1;1;A01
201400018710;0;7;0;0;2;3;1;A01
201400018710;0;7;0;0;0;5;2;B02
201400018711;0;7;0;0;2;3;1;A01
201400018711;0;7;0;0;2;3;1;B02
201400018712;0;7;0;0;0;8;13;A01
201400018712;0;33;0;0;2;1;1;B02
201400018713;0;7;0;0;1;2;1;A01
201400018714;0;7;0;8;0;1;14;A01
201400018715;0;7;0;0;2;3;15;A01
201400018715;0;7;0;0;2;2;1;B02
201400018716;0;7;0;0;1;1;1;A01
201400018717;0;7;0;0;9;2;1;A01
201400018717;0;1;0;0;2;8;9;B02
201400018718;0;7;0;2;0;0;14;A01
201400018719;0;7;0;0;2;2;15;A01
201400018719;0;33;0;0;2;1;1;B02
201400018720;0;7;0;0;2;8;15;A01
201400018720;0;7;0;0;2;1;1;B02
201400018721;0;33;0;6;0;8;20;A01
201400018722;0;33;0;0;0;8;14;A01
201400018723;0;33;0;6;0;7;1;A01
201400018724;0;1;0;0;2;1;15;A01
201400018724;0;7;0;0;9;3;16;B02
201400018725;0;15;0;0;2;8;1;B02
201400018725;0;7;0;0;2;8;1;A01
201400018726;0;17;0;0;0;0;1;A01
201400018726;0;7;0;0;2;1;1;C03
201400018727;0;7;0;0;2;7;1;A01
201400018727;0;7;0;0;2;3;1;B02
201400018728;0;1;0;0;0;0;0;A01
201400018729;0;2;0;0;1;3;13;A01
201400018730;0;7;0;13;0;2;1;A01
201400018731;0;7;0;0;2;3;1;A01
201400018731;0;34;0;0;2;8;1;B02
201400018732;0;7;0;0;2;4;1;A01
201400018732;0;33;0;0;2;1;1;B02
201400018733;0;7;0;0;2;8;9;A01
201400018733;0;31;0;0;2;1;1;B02
201400018734;0;7;0;8;0;1;16;A01
201400018735;0;7;0;0;2;1;21;A01
201400018735;0;7;0;0;2;8;19;B02
201400018736;0;7;0;0;0;5;10;A01
201400018736;0;31;0;0;0;1;1;B02
201400018737;0;7;0;2;0;9;14;A01
201400018738;0;7;0;13;0;1;14;A01
201400018739;0;7;0;13;0;1;0;A01
201400018740;0;7;0;0;2;1;1;A01
201400018740;0;7;0;0;2;2;1;B02
201400018741;0;7;0;0;0;9;14;A01
201400018742;0;38;0;0;2;2;15;A01
201400018742;0;33;0;0;2;1;1;B02
201400018743;0;7;0;0;2;2;1;A01
201400018743;0;32;0;0;2;1;15;B02
201400018744;0;17;0;3;0;8;13;A01
201400018745;0;7;0;8;0;3;1;A01
201400018746;0;33;0;0;2;1;1;B02
201400018746;0;7;0;0;2;7;15;A01
201400018747;0;7;0;0;2;3;1;B02
201400018747;0;33;0;0;2;1;1;A01
201400018748;0;7;0;0;2;1;19;B02
201400018748;0;7;0;0;2;8;1;A01
201400018749;0;33;0;0;2;2;17;B02
201400018749;0;7;0;0;2;3;15;A01
201400018750;0;10;0;6;1;6;4;A01
201400018751;0;7;0;2;0;3;0;A01
201400018752;0;2;0;0;2;1;13;A01
201400018752;0;7;0;0;2;2;0;B02
201400018753;0;33;0;0;1;1;1;A01
201400018754;0;7;0;0;1;1;1;A01
201400018755;0;7;0;13;0;9;1;A01
201400018756;0;7;0;2;0;5;1;A01
201400018757;0;7;0;0;2;1;13;A01
201400018757;0;10;0;0;2;1;1;B02
201400018758;0;7;0;6;0;1;1;A01
201400018759;0;7;0;0;2;2;1;A01
201400018760;0;7;0;13;0;3;13;A01
201400018761;0;7;0;14;0;1;1;A01
201400018762;0;17;0;1;0;1;13;A01
201400018762;0;17;0;0;0;8;24;B02
201400018763;0;7;0;0;2;5;14;A01
201400018763;0;7;0;0;2;3;2;B02
201400018764;0;10;0;8;0;0;2;A01
201400018765;0;33;0;0;2;7;13;A01
201400018765;0;7;0;0;2;8;15;B02
201400018766;0;33;0;13;0;2;16;A01
201400018767;0;15;0;0;1;2;1;A01
201400018768;0;7;0;0;2;2;15;A01
201400018768;0;31;0;0;2;1;1;B02
201400018769;0;7;0;0;2;1;2;A01
201400018769;0;2;0;0;0;4;2;B02
201400018770;0;7;0;0;2;6;1;A01
201400018770;0;7;0;0;2;1;1;B02
201400018771;0;7;0;2;0;3;1;A01
201400018772;0;7;0;2;0;1;14;A01
201400018773;0;30;0;0;0;2;1;A01
201400018774;0;30;0;0;0;0;1;A01
201400018775;0;7;0;0;2;1;17;A01
201400018775;0;30;0;0;2;1;1;B02
201400018776;0;7;0;0;1;8;1;A01
201400018777;0;7;0;0;0;3;15;A01
201400018777;0;31;0;0;2;1;1;B02
201400018778;0;30;0;0;0;0;1;A01
201400018779;0;7;0;0;2;2;15;A01
201400018779;0;30;0;0;2;1;1;B02
201400018780;0;33;0;0;0;2;1;A01
201400018781;0;7;0;2;0;2;1;A01
201400018782;0;15;0;0;1;2;1;A01
201400018783;0;7;0;0;1;2;1;A01
201400018784;0;7;0;0;0;6;1;A01
201400018784;0;34;0;0;0;3;0;B02
201400018785;0;7;0;0;9;3;1;A01
201400018785;0;33;0;0;2;1;13;B02
201400018786;0;7;0;13;0;3;1;A01
201400018787;0;7;0;0;2;7;13;A01
201400018787;0;7;0;0;2;1;1;B02
201400018788;0;17;0;0;0;8;15;A01
201400018788;0;7;0;0;2;3;1;B02
201400018789;0;7;0;0;2;1;0;A01
201400018789;0;10;0;0;2;1;1;B02
201400018790;0;7;0;0;2;3;1;A01
201400018790;0;7;0;0;2;8;15;B02
201400018791;0;7;0;0;2;3;13;A01
201400018791;0;7;0;0;2;1;9;B02
201400018792;0;7;0;0;1;2;5;A01
201400018793;0;7;0;13;0;1;12;A01
201400018794;0;7;0;2;0;3;13;A01
201400018795;0;7;0;13;0;9;1;A01
201400018796;0;7;0;9;0;1;1;A01
201400018797;0;7;0;0;2;2;1;A01
201400018797;0;21;0;0;2;1;15;B02
201400018798;0;33;0;0;2;1;21;B02
201400018798;0;33;0;0;2;1;21;C03
201400018798;0;30;0;0;2;8;15;A01
201400018799;0;7;0;0;2;7;13;A01
201400018799;0;7;0;0;0;0;17;B02
201400018799;0;17;0;0;2;3;1;C03
201400018800;0;7;0;13;0;3;1;A01
201400018801;0;30;0;0;5;8;1;A01
201400018802;0;10;0;0;2;1;1;A01
201400018802;0;7;0;0;2;4;23;B02
201400018803;0;7;0;0;2;3;13;A01
201400018803;0;7;0;0;0;6;1;B02
201400018804;0;7;0;2;0;3;13;A01
201400018805;0;7;0;0;2;1;15;A01
201400018805;0;7;0;0;2;1;1;B02
201400018806;0;7;0;0;0;2;13;A01
201400018806;0;10;0;0;2;3;1;B02
201400018807;0;7;0;1;0;1;13;A01
201400018807;0;7;0;0;2;3;21;B02
201400018808;0;7;0;0;2;1;13;A01
201400018808;0;7;0;0;2;1;1;B02
201400018809;0;7;0;0;1;3;15;A01
201400018810;0;7;0;0;0;0;1;A01
201400018811;0;33;0;6;0;1;14;A01
201400018812;0;7;0;0;2;2;1;A01
201400018812;0;7;0;0;2;1;1;B02
201400018813;0;7;0;10;0;7;21;A01
201400018814;0;15;0;0;2;6;13;A01
201400018814;0;7;0;0;2;3;1;B02
201400018815;0;7;0;3;2;7;1;A01
201400018815;0;7;0;0;2;1;1;B02
201400018816;0;7;0;0;9;1;15;A01
201400018816;0;1;0;0;2;1;1;B02
201400018817;0;17;0;0;2;3;1;A01
201400018817;0;7;0;0;2;3;1;B02
201400018818;0;2;0;0;2;1;1;A01
201400018818;0;7;0;0;2;3;17;B02
201400018819;0;7;0;0;1;1;1;A01
201400018820;0;7;0;1;0;9;1;A01
201400018821;0;7;0;10;0;2;1;A01
201400018822;0;7;0;8;0;2;14;A01
201400018823;0;7;0;0;2;2;1;A01
201400018823;0;31;0;0;2;8;15;B02
201400018824;0;7;0;0;2;8;15;A01
201400018824;0;33;0;0;2;1;17;B02
201400018825;0;7;0;0;2;3;1;A01
201400018825;0;7;0;0;2;2;1;B02
201400018826;0;7;0;0;2;1;19;A01
201400018826;0;31;0;0;2;8;1;B02
201400018827;0;7;0;0;2;3;13;A01
201400018827;0;15;0;0;2;3;1;B02
201400018828;0;7;0;0;1;1;1;A01
201400018829;0;1;0;0;2;8;19;B02
201400018829;0;7;0;0;2;1;1;A01
201400018830;0;7;0;6;0;3;13;A01
201400018831;0;7;0;8;0;5;1;A01
201400018832;0;7;0;0;1;2;1;A01
201400018833;0;7;0;0;1;1;1;A01
201400018834;0;7;0;0;9;7;9;A01
201400018834;0;1;0;0;2;7;1;B02
201400018835;0;30;0;0;2;1;2;A01
201400018835;0;7;0;0;0;5;23;B02
201400018836;0;7;0;0;2;1;1;B02
201400018836;0;7;0;0;0;4;15;C03
201400018836;0;7;0;0;0;1;1;A01
201400018837;0;31;0;0;2;1;1;B02
201400018837;0;7;0;0;2;5;15;A01
201400018838;0;7;0;0;1;3;1;A01
201400018839;0;7;0;2;0;1;13;A01
201400018840;0;7;0;0;1;2;10;A01
201400018841;0;30;0;7;0;1;1;A01
201400018842;1;7;0;0;2;2;17;B01
201400018842;0;30;0;0;2;8;1;A01
201400018843;0;7;0;0;2;3;1;A01
201400018843;0;7;0;0;2;3;1;B02
201400018844;0;7;0;2;0;2;1;A01
201400018845;0;7;0;13;0;2;1;A01
201400018846;0;7;0;0;2;2;16;A01
201400018846;0;33;0;0;2;1;1;B02
201400018847;0;7;0;13;0;1;1;A01
201400018848;0;7;0;6;0;1;1;A01
201400018849;0;7;0;0;2;8;13;A01
201400018849;0;7;0;0;2;8;1;B02
201400018850;0;7;0;6;0;3;1;A01
201400018851;0;10;0;0;1;4;4;A01
201400018852;0;7;0;2;0;7;1;A01
201400018853;0;1;0;0;2;7;21;A01
201400018853;0;3;0;0;2;3;9;B02
201400018854;0;7;0;15;0;3;1;A01
201400018855;0;7;0;0;0;0;0;A01
201400018856;0;10;0;0;1;7;1;A01
201400018857;0;7;0;0;2;1;13;A01
201400018857;0;7;0;0;2;3;1;B02
201400018858;0;10;0;0;2;3;19;A01
201400018858;0;30;0;0;2;1;1;B02
201400018859;0;7;0;8;0;1;14;A01
201400018860;0;7;0;0;2;1;1;B02
201400018860;0;33;0;0;2;1;17;A01
201400018861;0;7;0;0;2;2;15;A01
201400018861;0;33;0;0;2;1;1;B02
201400018862;0;33;0;0;0;2;1;A01
201400018863;0;15;0;2;0;1;0;A01
201400018864;0;7;0;13;0;3;1;A01
201400018865;0;7;0;0;1;2;1;A01
201400018866;0;15;0;0;2;2;1;B02
201400018866;0;10;0;0;2;2;17;A01
201400018867;0;7;0;13;0;2;1;A01
201400018868;0;7;0;0;2;3;1;A01
201400018868;0;7;0;0;2;3;1;B02
201400018869;0;31;0;9;0;1;1;A01
201400018870;0;30;0;0;2;1;1;B02
201400018870;0;7;0;0;2;3;1;A01
201400018871;0;1;0;0;1;1;1;A01
201400018872;0;7;0;0;2;1;13;B02
201400018872;0;7;0;0;2;1;1;A01
201400018873;0;7;0;13;0;9;1;A01
201400018874;0;21;0;2;0;2;1;A01
201400018875;0;37;11;3;0;1;1;A01
201400018876;0;7;0;0;0;1;1;A01
201400018877;0;10;0;13;0;1;1;A01
201400018878;0;7;0;0;2;1;17;B02
201400018878;0;7;0;0;0;4;1;A01
201400018879;0;7;0;0;2;1;1;A01
201400018879;0;38;0;0;2;4;15;B02
201400018880;0;7;0;0;2;2;2;A01
201400018880;0;15;0;0;2;6;1;B02
201400018881;0;7;0;0;2;3;2;A01
201400018881;0;33;0;0;2;2;2;B02
201400018882;0;17;0;0;0;0;1;A01
201400018883;0;10;0;2;0;1;13;A01
201400018884;0;7;0;2;0;1;0;A01
201400018885;0;36;0;6;0;2;1;A01
201400018886;0;7;0;0;9;2;1;A01
201400018886;0;1;0;0;2;8;15;B02
201400018887;0;10;0;0;0;1;15;A01