num_acc;senc;catv;occutc;obs;obsm;choc;manv;num_veh
201400019274;0;7;0;0;2;3;15;A01
201400019274;0;2;0;0;2;1;1;B02
201400019275;0;1;0;0;2;1;1;B02
201400019275;0;7;0;0;2;3;15;A01
201400019276;0;7;0;8;0;3;13;A01
201400019277;0;7;0;0;1;3;1;A01
201400019278;0;7;0;0;1;2;1;A01
201400019279;0;33;0;0;2;1;13;A01
201400019279;0;7;0;0;2;3;1;B02
201400019280;0;2;0;16;0;1;1;A01
201400019281;0;7;0;3;2;1;23;B02
201400019281;0;7;0;0;2;1;1;A01
201400019282;0;7;0;0;1;4;1;A01
201400019283;0;7;0;0;2;2;1;A01
201400019283;0;1;0;0;2;4;1;B02
201400019284;0;7;0;0;1;3;15;A01
201400019285;0;31;0;0;2;1;1;B02
201400019285;0;10;0;0;0;7;15;A01
201400019286;0;7;0;0;2;2;9;A01
201400019286;0;2;0;0;2;1;1;B02
201400019287;0;7;0;2;0;2;1;A01
201400019288;0;33;0;13;0;8;15;A01
201400019289;0;31;0;13;0;7;9;A01
201400019290;0;7;0;0;2;1;19;A01
201400019290;0;7;0;0;2;3;1;B02
201400019291;0;2;0;0;2;3;13;A01
201400019291;0;15;0;0;2;8;1;B02
201400019292;0;33;0;8;0;1;1;A01
201400019293;0;7;0;3;0;8;1;A01
201400019294;0;10;0;6;0;1;1;A01
201400019295;0;7;0;0;2;1;21;B02
201400019295;0;7;0;0;2;1;1;A01
201400019296;0;33;0;13;0;0;1;A01
201400019297;0;7;0;0;0;6;1;B02
201400019297;0;33;0;0;2;1;2;A01
201400019298;0;7;0;8;0;9;0;A01
201400019299;0;1;0;0;2;7;1;B02
201400019299;0;7;0;0;2;3;16;A01
201400019300;0;7;0;0;1;2;1;A01
201400019301;0;7;0;0;1;2;1;A01
201400019302;0;7;0;0;2;1;1;C03
201400019302;0;17;0;0;2;3;1;B02
201400019302;0;17;0;0;2;3;13;A01
201400019303;0;33;0;0;0;0;0;A01
201400019304;0;33;0;0;2;0;1;B02
201400019304;0;10;0;0;2;1;15;A01
201400019305;0;30;0;0;2;7;1;A01
201400019305;0;7;0;0;2;1;1;B02
201400019306;0;7;0;0;2;3;12;A01
201400019306;0;99;0;0;2;4;1;B02
201400019307;0;7;0;0;2;4;23;C03
201400019307;0;37;2;0;2;1;1;A01
201400019307;0;7;0;0;0;4;23;D04
201400019307;0;7;0;0;2;4;23;B02
201400019308;0;14;0;0;2;8;1;B02
201400019308;0;14;0;0;2;4;4;A01
201400019309;0;7;0;0;0;3;13;A01
201400019309;0;7;0;0;2;3;0;B02
201400019310;0;7;0;0;2;3;19;A01
201400019310;0;1;0;0;2;7;1;B02
201400019311;0;7;0;0;2;1;13;A01
201400019311;0;7;0;0;2;1;1;B02
201400019312;0;7;0;0;2;1;13;A01
201400019312;0;7;0;0;2;1;1;B02
201400019313;0;7;0;0;2;1;1;B02
201400019313;0;7;0;0;2;3;0;E05
201400019313;0;7;0;0;2;3;1;D04
201400019313;0;7;0;0;2;1;0;A01
201400019313;0;7;0;0;2;3;1;C03
201400019314;0;7;0;0;2;1;1;A01
201400019314;0;7;0;0;2;3;1;B02
201400019314;0;14;0;0;2;3;1;C03
201400019315;0;7;0;13;0;1;1;A01
201400019316;0;7;0;0;1;3;20;A01
201400019317;0;7;0;13;0;1;1;A01
201400019318;0;7;0;0;2;2;1;A01
201400019318;0;1;0;0;2;1;1;B02
201400019319;0;30;0;0;2;1;1;B02
201400019319;0;7;0;0;2;1;11;A01
201400019320;0;7;0;0;2;3;1;B02
201400019320;0;7;0;0;2;1;13;A01
201400019321;0;7;0;13;0;0;1;A01
201400019322;0;7;0;0;2;3;13;A01
201400019322;0;14;0;0;2;3;0;B02
201400019323;0;7;0;8;0;1;13;A01
201400019324;0;34;0;0;2;1;17;B02
201400019324;0;1;0;0;2;4;13;A01
201400019325;0;7;0;0;0;4;24;C03
201400019325;0;7;0;1;0;2;14;A01
201400019325;0;7;0;0;0;4;24;B02
201400019326;0;7;0;0;2;7;15;A01
201400019326;0;2;0;0;2;1;1;B02
201400019327;0;7;0;13;0;1;1;A01
201400019328;0;2;0;0;2;1;1;B02
201400019328;0;7;0;0;2;2;21;A01
201400019329;0;33;0;0;2;1;1;A01
201400019329;0;7;0;0;0;4;1;B02
201400019329;0;7;0;0;9;3;1;C03
201400019330;0;7;0;0;2;1;1;A01
201400019330;0;34;0;0;0;4;1;B02
201400019331;0;1;0;13;0;1;1;A01
201400019332;0;7;0;0;2;1;13;B02
201400019332;0;7;0;0;2;1;1;A01
201400019333;0;30;0;0;2;8;13;B02
201400019333;0;7;0;0;2;2;1;A01
201400019334;0;7;0;2;0;1;1;A01
201400019335;1;7;0;0;0;0;11;B02
201400019335;0;7;0;3;2;1;1;A01
201400019336;0;7;0;13;0;2;1;A01
201400019337;0;33;0;0;0;8;15;A01
201400019338;0;7;0;8;0;1;1;A01
201400019339;0;7;0;8;0;3;13;A01
201400019340;0;1;0;0;0;4;1;A01
201400019340;1;7;0;0;2;2;2;B02
201400019341;0;31;0;0;0;5;15;A01
201400019341;0;7;0;0;0;3;0;B02
201400019342;0;30;0;6;0;1;1;A01
201400019343;0;7;0;7;0;2;1;A01
201400019344;0;15;0;0;2;2;1;B02
201400019344;0;7;0;0;2;3;10;A01
201400019345;0;15;0;0;2;0;17;A01
201400019345;0;7;0;0;2;9;1;C03
201400019346;0;7;0;0;2;1;13;A01
201400019346;0;7;0;0;2;1;1;B02
201400019347;0;7;0;0;1;2;2;A01
201400019348;0;30;0;0;2;8;1;A01
201400019348;0;7;0;0;2;1;19;B02
201400019349;0;33;0;0;2;1;1;B02
201400019349;0;10;0;0;2;1;15;A01
201400019349;0;33;0;0;2;1;1;C03
201400019350;0;33;0;0;2;1;13;A01
201400019350;0;10;0;0;2;1;1;B02
201400019351;0;7;0;0;2;1;1;A01
201400019351;0;20;0;0;2;3;1;B02
201400019352;0;10;0;0;2;7;15;A01
201400019352;0;7;0;0;2;1;1;B02
201400019352;0;10;0;0;2;1;1;C03
201400019353;0;7;0;6;0;1;1;A01
201400019354;0;7;0;15;0;1;1;A01
201400019355;0;7;0;0;2;1;13;A01
201400019355;0;10;0;0;2;3;1;B02
201400019356;0;7;0;13;0;9;0;A01
201400019357;0;7;0;0;2;1;0;B02
201400019357;0;7;0;0;2;1;13;A01
201400019358;0;14;0;0;2;8;15;A01
201400019358;0;7;0;0;2;1;1;B02
201400019359;0;7;0;0;2;1;17;A01
201400019359;0;10;0;0;2;8;15;B02
201400019360;0;7;0;15;2;3;19;A01
201400019360;0;7;0;9;2;2;19;B02
201400019361;0;2;0;0;0;7;1;A01
201400019362;0;7;0;0;2;1;19;A01
201400019362;0;7;0;0;2;2;1;B02
201400019363;0;30;0;14;2;1;1;A01
201400019363;0;7;0;0;2;4;23;B02
201400019364;0;7;0;0;2;4;23;B02
201400019364;0;30;0;14;2;1;1;A01
201400019365;0;7;0;0;1;1;1;A01
201400019366;0;7;0;0;1;3;1;A01
201400019367;0;30;0;0;0;8;1;A01
201400019368;0;7;0;8;0;2;14;A01
201400019369;0;7;0;2;0;2;1;A01
201400019370;0;33;0;8;0;1;1;A01
201400019371;0;7;0;0;2;2;1;A01
201400019371;0;1;0;0;2;4;2;B02
201400019372;0;10;0;3;2;3;13;A01
201400019372;0;38;2;3;2;3;1;B02
201400019373;0;7;0;2;0;3;13;A01
201400019374;0;7;0;0;2;1;13;A01
201400019374;0;7;0;0;2;1;1;B02
201400019375;0;7;0;0;2;4;13;A01
201400019375;0;33;0;0;2;1;17;B02
201400019376;0;7;0;1;0;1;0;A01
201400019377;0;7;0;0;2;3;1;A01
201400019377;0;7;0;0;0;3;13;B02
201400019378;0;7;0;0;2;3;10;A01
201400019378;0;33;0;0;2;1;1;B02
201400019379;0;33;0;0;2;1;21;A01
201400019379;0;7;0;0;2;2;17;B02
201400019380;0;7;0;0;2;3;23;B02
201400019380;0;7;0;0;2;2;19;A01
201400019380;0;33;0;0;2;8;1;C03
201400019381;0;10;0;2;0;2;14;A01
201400019382;0;7;0;2;0;2;1;A01
201400019383;0;10;0;8;0;1;1;D04
201400019383;0;10;0;0;2;1;1;C03
201400019383;0;14;0;0;2;8;2;A01
201400019383;0;10;0;0;2;7;1;B02
201400019384;0;36;0;0;0;9;16;A01
201400019385;0;7;0;0;2;2;6;A01
201400019385;0;7;0;0;2;1;1;B02
201400019386;0;7;0;0;1;3;1;A01
201400019387;0;33;0;0;2;2;1;B02
201400019387;0;7;0;13;2;5;1;A01
201400019387;0;33;0;0;2;2;1;C03
201400019388;0;7;0;2;0;9;1;A01
201400019389;0;7;0;2;0;2;0;A01
201400019390;0;15;0;0;2;1;1;B02
201400019390;0;33;0;0;2;1;13;A01
201400019391;0;31;0;13;0;1;14;A01
201400019392;0;7;0;0;0;0;1;A01
201400019393;0;2;0;0;0;1;1;A01
201400019394;0;1;0;0;2;1;1;B02
201400019394;0;7;0;0;2;7;15;A01
201400019395;0;33;0;0;2;1;1;B02
201400019395;0;7;0;0;2;7;15;A01
201400019396;0;2;0;0;2;1;18;A01
201400019396;0;10;0;0;2;5;20;B02
201400019397;0;7;0;2;0;1;1;A01
201400019398;0;7;0;0;2;1;13;A01
201400019398;0;7;0;0;2;1;1;B02
201400019399;0;33;0;16;0;1;1;A01
201400019400;0;7;0;2;0;3;5;A01
201400019401;0;7;0;6;0;1;1;A01
201400019402;0;7;0;0;1;1;15;A01
201400019403;0;33;0;16;0;1;1;A01
201400019404;0;33;0;0;0;7;9;A01
201400019405;0;7;0;0;1;1;16;A01
201400019406;0;7;0;0;1;1;1;A01
201400019407;0;7;0;0;2;1;23;C03
201400019407;0;7;0;0;2;6;1;A01
201400019407;0;7;0;0;2;1;19;B02
201400019408;0;7;0;0;2;8;9;A01
201400019408;0;1;0;0;2;2;1;B02
201400019409;0;10;0;0;2;7;13;A01
201400019409;0;7;0;0;2;2;1;B02
201400019410;0;15;0;0;2;3;0;C03
201400019410;0;7;0;0;2;9;1;A01
201400019410;0;10;0;0;2;8;15;B02
201400019411;0;7;0;0;2;1;1;A01
201400019411;0;7;0;0;2;4;1;B02
201400019412;0;7;0;0;2;1;1;A01
201400019412;0;1;0;0;2;8;19;B02
201400019413;0;30;0;0;0;4;2;B01
201400019413;0;7;0;0;0;1;2;A02
201400019414;0;7;0;0;2;1;1;B02
201400019414;0;7;0;0;2;8;9;A01
201400019415;0;10;0;0;2;1;1;B02
201400019415;0;7;0;0;2;8;19;A01
201400019416;0;10;0;0;1;3;1;A01
201400019417;0;7;0;0;2;3;9;A01
201400019417;0;2;0;0;2;2;1;B02
201400019418;0;7;0;0;9;1;9;B02
201400019418;0;1;0;0;2;1;5;A01
201400019419;0;7;0;0;1;1;1;A01
201400019420;0;30;0;6;0;7;1;A01
201400019421;0;7;0;0;2;1;2;A01
201400019421;0;7;0;0;2;4;2;B02
201400019421;0;14;0;0;2;4;2;C03
201400019422;0;7;0;0;2;1;19;C03
201400019422;0;21;0;0;2;3;0;A01
201400019422;0;7;0;0;2;7;0;B02
201400019423;0;1;0;0;2;1;1;B02
201400019423;0;7;0;0;9;3;13;A01
201400019424;0;7;0;6;0;8;14;A01
201400019425;0;7;0;0;2;1;13;A01
201400019425;0;14;0;0;2;1;1;B02
201400019426;0;7;0;13;0;1;1;A01
201400019427;0;7;0;0;2;1;1;B02
201400019427;0;10;0;0;2;2;19;A01
201400019427;0;7;0;0;2;6;1;C03
201400019428;0;7;0;0;0;9;1;A01
201400019429;0;7;0;0;1;1;17;A01
201400019430;0;7;0;0;0;0;1;A01
201400019431;0;7;0;0;1;3;16;A01
201400019431;0;7;0;0;2;7;1;B02
201400019432;0;33;0;0;6;1;0;A01
201400019433;0;7;0;13;0;3;13;A01
201400019434;0;14;0;0;2;1;1;A01
201400019434;0;7;0;0;2;1;5;B02
201400019435;0;30;0;0;2;1;17;B02
201400019435;0;7;0;0;2;6;15;A01
201400019436;0;2;0;9;0;1;1;A01
201400019437;0;7;0;0;1;1;20;A01
201400019438;0;7;0;0;0;4;2;A01
201400019438;0;7;0;0;2;1;2;B02
201400019439;0;7;0;0;1;1;1;A01
201400019440;0;7;0;0;2;3;13;A01
201400019440;0;38;10;0;2;2;1;B02
201400019441;0;33;0;0;2;1;11;A01
201400019441;0;7;0;0;2;4;2;B02
201400019442;0;7;0;0;1;3;1;A01
201400019443;0;7;0;0;2;2;2;A01
201400019443;0;7;0;0;2;1;1;C03
201400019443;0;7;0;0;2;3;1;B02
201400019444;0;33;0;0;0;1;1;A01
201400019445;0;7;0;0;0;9;14;A01
201400019446;0;7;0;0;2;3;1;B02
201400019446;0;7;0;0;2;1;1;C03
201400019446;0;7;0;0;2;3;13;A01
201400019447;0;17;0;0;2;8;1;B02
201400019447;0;33;0;14;2;1;17;A01
201400019448;0;7;0;13;0;1;14;A01
201400019449;0;7;0;0;2;1;1;A01
201400019449;0;7;0;0;2;1;15;B02
201400019450;0;7;0;0;1;2;1;A01
201400019451;0;30;0;0;2;1;13;B02
201400019451;0;10;0;0;2;2;1;A01
201400019452;0;7;0;0;2;3;13;A01
201400019452;0;17;0;0;2;3;1;B02
201400019453;0;30;0;0;2;1;1;A01
201400019453;0;7;0;0;2;8;19;B02
201400019454;0;7;0;0;2;8;15;A01
201400019454;0;33;0;0;2;7;2;B02
201400019455;0;10;0;0;2;4;23;A01
201400019455;0;7;0;1;0;1;2;B02
201400019456;0;33;0;0;2;3;13;A01
201400019456;0;10;0;0;2;3;1;B02
201400019457;0;7;0;6;0;2;1;A01
201400019458;2;10;0;0;2;3;13;B02
201400019458;0;7;0;0;2;3;1;A01
201400019459;0;7;0;1;0;1;1;A01
201400019459;0;7;0;0;0;4;0;C03
201400019459;0;7;0;0;0;4;1;B02
201400019460;0;33;0;0;2;7;17;A01
201400019460;0;7;0;0;2;6;15;B02
201400019461;0;15;0;0;1;3;9;A01
201400019462;0;15;0;0;0;4;24;B02
201400019462;0;7;0;1;0;2;1;A01
201400019463;0;31;0;0;6;2;21;A01
201400019464;0;7;0;0;2;5;13;A01
201400019464;0;7;0;0;2;1;1;B02
201400019465;0;7;0;1;0;1;1;B02
201400019465;0;14;0;0;2;2;23;A01
201400019466;0;7;0;2;9;2;1;A01
201400019467;0;33;0;14;0;1;1;B02
201400019467;0;7;0;0;0;7;10;A01
201400019468;0;1;0;0;2;1;6;B02
201400019468;0;7;0;0;9;3;6;A01
201400019469;0;33;0;0;2;1;1;B02
201400019469;0;7;0;0;2;7;15;A01
201400019470;0;7;0;0;9;2;2;A01
201400019470;0;1;0;0;0;4;2;B02
201400019471;0;7;0;0;2;1;1;B02
201400019471;0;7;0;0;2;4;1;A01
201400019472;0;7;0;0;2;3;13;A01
201400019472;0;7;0;0;2;3;1;B02
201400019473;0;7;0;0;2;3;10;A01
201400019473;0;33;0;0;2;2;17;B02
201400019474;0;7;0;6;0;1;16;A01
201400019475;0;10;0;0;2;1;2;A01
201400019475;0;17;0;0;2;4;1;B02
201400019476;0;7;0;0;2;6;2;A01
201400019476;0;10;0;0;2;1;13;C03
201400019476;0;7;0;0;2;2;2;B02
201400019477;0;7;0;0;2;3;1;B02
201400019477;0;7;0;0;2;2;13;A01
201400019478;0;7;0;0;2;3;1;D04
201400019478;0;10;0;0;2;1;21;C03
201400019478;0;7;0;0;2;3;1;B02
201400019478;0;7;0;0;2;3;17;A01
201400019479;0;7;0;0;2;2;15;A01
201400019479;0;33;0;0;2;1;1;B02
201400019480;0;10;0;13;0;1;1;A01
201400019481;0;7;0;0;2;3;1;A01
201400019481;0;7;0;0;2;2;11;B02
201400019482;0;7;0;2;0;3;1;A01
201400019483;0;7;0;0;2;1;1;A01
201400019483;0;7;0;0;2;1;1;C03
201400019483;0;7;0;0;2;1;1;B02
201400019484;0;10;0;0;2;1;1;B01
201400019484;0;7;0;10;2;4;1;C02
201400019485;0;7;0;0;1;8;1;A01
201400019486;0;33;0;0;2;1;1;A01
201400019486;0;7;0;0;2;4;10;B01
201400019487;0;17;0;0;2;5;18;A01
201400019487;0;7;0;0;2;3;1;B01
201400019488;0;7;0;0;2;1;13;A01
201400019488;0;7;0;0;2;1;1;B01
201400019489;0;2;0;0;2;1;15;A01
201400019489;0;7;0;0;2;1;1;B01
201400019490;0;7;0;0;2;1;2;A01
201400019490;0;7;0;0;2;4;2;B01
201400019490;0;7;0;0;2;4;2;C01
201400019490;0;7;0;0;2;4;2;D01
201400019491;0;7;0;1;0;7;14;A01
201400019492;0;7;0;8;0;1;14;A01
201400019493;0;7;0;0;1;2;17;A01
201400019494;0;7;0;6;0;1;13;A01
201400019495;0;7;0;0;2;2;1;B01
201400019495;0;10;0;0;2;1;15;A01
201400019496;0;7;0;0;1;2;1;A01
201400019497;0;30;0;0;2;1;14;A01
201400019497;0;7;0;0;2;8;1;B01
201400019498;0;7;0;0;2;8;11;A01
201400019498;0;7;0;0;0;2;1;B01
201400019498;0;7;0;0;2;2;1;C01
201400019499;0;7;0;0;1;1;1;A01
201400019500;0;7;0;0;2;2;21;A01
201400019500;1;7;0;;2;3;5;A02
201400019501;0;7;0;0;1;1;1;A01
201400019502;0;7;0;0;2;1;2;A01
201400019502;0;7;0;0;2;4;23;B01
201400019502;0;7;0;0;2;4;23;C01
201400019503;0;10;0;0;1;2;20;A01
201400019504;0;7;0;0;1;1;1;A01
201400019505;0;7;0;0;2;1;2;A01
201400019505;0;7;0;0;2;1;23;B01
201400019505;0;7;0;0;2;1;23;C01
201400019505;0;7;0;0;2;4;23;D01
201400019506;0;7;0;16;0;1;14;A01
201400019507;0;7;0;0;1;1;16;A01
201400019508;0;7;0;0;2;2;2;A01
201400019508;0;7;0;0;2;8;15;B01
201400019509;0;33;0;0;2;1;2;A01
201400019509;0;7;0;0;2;6;11;B01
201400019510;0;7;0;8;0;2;1;A01
201400019511;0;7;0;0;2;3;13;A01
201400019511;0;7;0;0;2;3;1;B01
201400019512;0;7;0;0;1;2;1;A01
201400019513;0;7;0;13;0;4;21;A01
201400019514;0;7;0;0;2;3;1;B01
201400019514;0;30;0;0;2;2;1;A01
201400019515;0;33;0;0;2;8;21;A01
201400019515;1;7;0;0;0;;;Z01
201400019516;1;7;0;0;1;2;0;A01
201400019517;0;7;0;0;2;1;2;A01
201400019517;0;7;0;0;2;4;15;B01
201400019518;0;33;0;0;1;1;19;A01
201400019519;0;15;0;0;2;4;2;A01
201400019519;0;7;0;0;2;1;2;B01
201400019520;0;7;0;0;1;2;1;A01
201400019521;0;2;0;0;2;4;2;A01
201400019521;0;30;0;0;2;1;2;B01
201400019522;0;33;0;0;2;1;1;B01
201400019522;0;7;0;0;2;1;1;A01
201400019523;0;7;0;0;2;8;10;A01
201400019523;0;30;0;0;2;1;1;B01
201400019524;0;2;0;0;2;1;2;A01
201400019524;0;7;0;0;2;4;15;B01
201400019525;0;7;0;0;2;4;1;A01
201400019525;0;2;0;0;2;1;2;B01
201400019526;0;7;0;0;1;4;20;A01
201400019527;0;7;0;0;1;2;1;A01
201400019528;0;2;0;0;2;2;17;A01
201400019528;0;7;0;0;2;8;1;B01
201400019528;0;7;0;0;2;8;1;C01
201400019529;0;10;0;0;1;1;1;A01
201400019530;0;7;0;0;2;1;2;A01
201400019530;0;7;0;0;2;4;2;B01
201400019530;0;7;0;0;2;3;16;C01
201400019531;0;37;2;0;2;1;23;A01
201400019531;0;7;0;0;2;1;2;B01
201400019531;0;7;0;0;2;4;23;C01
201400019532;0;7;0;0;2;4;2;A01
201400019532;0;30;0;0;2;1;2;B01
201400019533;0;33;0;0;1;2;1;A01
201400019534;0;10;0;0;2;6;4;A01
201400019534;0;2;0;0;2;5;1;B01
201400019535;0;37;2;0;2;2;17;A01
201400019535;0;7;0;0;2;6;17;B01
201400019535;0;7;0;0;2;4;20;C01
201400019536;0;7;0;0;2;1;2;A01
201400019536;0;7;0;0;2;4;2;B01
201400019537;0;7;0;0;2;8;19;A01
201400019537;0;7;0;0;2;1;1;B01
201400019538;1;7;0;0;1;4;20;A01
201400019539;0;2;0;0;2;1;1;A01
201400019539;0;7;0;0;2;6;23;B01
201400019540;0;7;0;0;2;1;1;A01
201400019540;0;7;0;0;2;4;1;B01
201400019541;0;33;0;9;0;7;15;A01
201400019542;0;1;0;0;2;1;1;B01
201400019542;0;7;0;0;2;1;1;A01
201400019543;0;7;0;0;2;2;13;A01
201400019543;0;7;0;0;2;2;1;B01
201400019544;0;10;0;14;0;1;1;A01
201400019545;0;30;0;0;2;2;17;B01
201400019545;0;7;0;0;2;3;9;A01
201400019546;0;7;0;0;2;8;9;A01
201400019546;0;7;0;1;2;1;1;B01
201400019547;0;7;0;0;2;2;15;A01
201400019547;0;7;0;0;2;1;1;B01
201400019548;1;99;0;0;1;2;0;A01
201400019549;0;7;0;0;1;1;1;A01
201400019550;0;7;0;0;2;3;17;A01
201400019550;0;7;0;0;2;9;1;B01
201400019550;0;7;0;0;2;1;1;C01
201400019551;0;33;0;0;0;0;1;A01
201400019552;0;33;0;0;2;1;1;A01
201400019552;0;7;0;0;2;4;1;B01
201400019553;0;10;0;0;1;4;4;A01
201400019554;0;2;0;0;2;1;1;B01
201400019554;0;7;0;0;2;3;15;A01
201400019555;0;7;0;0;1;2;1;A01
201400019556;0;33;0;13;0;8;17;A01
201400019557;0;7;0;0;2;1;10;A01
201400019557;0;7;0;0;2;2;1;B01
201400019558;0;7;0;0;2;4;20;A01
201400019558;0;33;0;0;2;1;2;B01
201400019559;0;2;0;12;0;0;1;A01
201400019560;0;7;0;13;0;7;21;A01
201400019561;0;7;0;0;2;1;13;A01
201400019561;0;7;0;0;2;1;1;B01
201400019562;0;7;0;0;2;1;2;A01
201400019562;0;7;0;0;2;4;1;B01
201400019562;0;7;0;0;2;4;20;C01
201400019563;0;7;0;0;1;5;1;A01
201400019564;0;33;0;0;2;8;17;A01
201400019564;0;7;0;0;2;2;17;B01
201400019565;0;7;0;6;0;7;21;B01
201400019565;0;7;0;0;2;1;9;A01
201400019566;0;10;0;3;0;7;1;A01
201400019567;0;7;0;0;2;1;1;A01
201400019567;0;7;0;0;2;1;1;B01
201400019568;0;7;0;0;2;2;15;A01
201400019568;0;31;0;0;2;1;1;B01
201400019569;0;7;0;4;0;1;1;A01
201400019570;0;7;0;0;2;4;23;A01
201400019570;0;1;0;0;2;1;2;B01
201400019571;0;10;0;0;1;1;1;A01
201400019572;0;2;0;1;0;2;1;A01
201400019573;0;2;0;10;0;8;1;A01
201400019574;0;7;0;6;6;1;21;A01
201400019575;0;7;0;0;2;7;16;A01
201400019575;0;33;0;0;2;8;1;B01
201400019576;0;7;0;0;2;1;1;A01
201400019576;0;7;0;0;2;1;1;B01
201400019577;0;7;0;0;2;3;20;A01
201400019577;0;2;0;0;2;1;1;B01
201400019578;0;10;0;0;2;8;10;A01
201400019578;0;7;0;0;2;1;1;B01
201400019579;0;10;0;0;1;4;20;A01
201400019580;0;7;0;0;2;1;15;A01
201400019580;0;2;0;0;2;1;1;B01
201400019581;0;7;0;0;1;1;1;A01
201400019582;0;7;0;0;2;1;1;A01
201400019582;0;7;0;0;2;4;23;B01
201400019583;0;7;0;0;1;1;1;A01
201400019584;0;7;0;0;2;1;1;A01
201400019584;0;7;0;0;2;4;23;B01
201400019584;0;7;0;0;2;4;23;C01
201400019585;0;7;0;3;0;9;1;A01
201400019586;0;30;0;0;2;1;1;A01
201400019586;0;30;0;0;2;4;1;B01
201400019587;0;7;0;0;2;1;15;A01
201400019587;0;7;0;0;2;1;1;B01
201400019588;0;7;0;0;2;1;1;A01
201400019588;0;7;0;0;2;7;15;B01
201400019589;0;7;0;0;2;1;1;A01
201400019589;0;32;0;0;2;8;1;B01
201400019590;0;7;0;0;2;1;1;B01
201400019590;0;7;0;0;2;2;19;A01
201400019591;0;7;0;6;0;1;1;A01
201400019592;0;7;0;0;1;6;4;A01
201400019593;0;31;0;0;1;1;1;A01
201400019594;0;7;0;0;1;4;20;A01
201400019595;0;1;0;0;1;1;1;A01
201400019596;0;31;0;15;0;1;1;A01
201400019597;0;32;0;0;2;8;15;A01
201400019597;0;10;0;0;2;2;17;B01
201400019598;0;7;0;0;1;2;9;A01
201400019599;0;7;0;0;2;1;13;A01
201400019599;0;10;0;0;2;1;1;B01
201400019600;0;33;0;1;2;1;17;A01
201400019600;0;30;0;0;2;8;15;B01
201400019601;0;7;0;0;2;2;15;A01
201400019601;0;32;0;0;2;1;1;B01
201400019602;0;7;0;0;1;3;1;A01
201400019603;0;7;0;0;2;1;13;A01
201400019603;0;7;0;0;2;6;1;B01
201400019603;0;7;0;0;2;1;1;C01
201400019604;0;7;0;0;2;3;16;A01
201400019604;0;38;0;0;2;3;1;B02
201400019605;0;7;0;0;2;8;15;B02
201400019605;0;33;0;0;2;1;17;A01
201400019606;0;7;0;6;0;1;13;A01
201400019607;0;7;0;0;2;3;1;A01
201400019607;0;7;0;0;2;3;0;B02
201400019608;0;1;0;0;2;7;0;B02
201400019608;0;7;0;0;9;1;0;A01
201400019609;0;7;0;1;1;1;1;A01
201400019610;0;7;0;5;0;1;13;A01
201400019611;0;7;0;0;0;3;0;A01
201400019611;0;31;0;0;0;1;0;B02
201400019612;0;33;0;0;2;8;19;A01
201400019612;0;7;0;0;2;3;1;B02
201400019613;1;7;0;0;1;3;2;A01
201400019614;0;7;0;0;1;2;1;A01
201400019615;0;7;0;0;1;1;1;A01
201400019616;0;7;0;0;2;3;15;A01
201400019616;0;30;0;0;0;3;1;B02
201400019617;0;7;0;0;2;8;22;A01
201400019617;0;1;0;1;0;1;1;B01
201400019618;0;7;0;0;2;1;2;A01
201400019618;0;7;0;0;2;4;15;B01
201400019618;0;7;0;0;2;1;1;C01
201400019619;0;7;0;0;1;8;1;A01
201400019620;0;10;0;0;1;1;1;A01
201400019621;0;7;0;0;1;1;1;A01
201400019622;0;7;0;0;2;1;1;B01
201400019622;0;7;0;0;2;8;0;A01
201400019623;0;2;0;0;2;8;0;A01
201400019623;0;37;1;0;2;1;0;B01
201400019624;0;10;0;0;2;4;1;B01
201400019624;0;2;0;0;2;1;2;A01
201400019625;0;7;0;0;2;1;15;B01
201400019625;0;2;0;0;2;1;17;A01
201400019626;0;7;0;0;2;8;15;A01
201400019626;0;7;0;0;2;1;1;B01
201400019627;0;1;0;0;2;7;1;B01
201400019627;0;7;0;0;2;1;1;A01
201400019628;0;7;0;0;0;4;2;B01
201400019628;0;30;0;0;2;1;2;A01
201400019629;0;7;0;6;0;1;0;A01
201400019630;0;33;0;0;2;1;1;B01
201400019630;0;7;0;0;2;3;15;A01
201400019631;0;7;0;0;2;7;10;B01
201400019631;0;7;0;0;2;1;1;A01
201400019632;0;7;0;13;0;1;1;A01
201400019633;0;30;0;12;0;0;1;A01
201400019634;0;7;0;0;1;1;1;A01
201400019635;0;7;0;1;0;1;1;A01
201400019636;0;7;0;0;2;4;1;B01
201400019636;0;33;0;0;2;1;2;A01
201400019637;0;2;0;0;0;7;1;A01
201400019638;0;7;0;13;0;1;1;A01
201400019639;0;33;0;0;2;1;2;A01
201400019639;0;7;0;0;2;4;1;B01
201400019640;0;7;0;1;0;2;1;A01
201400019641;0;7;0;13;0;2;1;A01
201400019642;0;7;0;0;2;1;2;A01
201400019642;0;7;0;0;2;4;1;B01
201400019643;0;7;0;2;0;1;13;A01
201400019644;0;7;0;1;0;2;1;A01
201400019644;0;7;0;0;2;8;22;B01
201400019645;0;10;0;0;2;3;1;B01
201400019645;0;7;0;0;2;6;17;A01
201400019646;0;30;0;0;2;3;15;A01
201400019646;0;1;0;0;2;8;18;B01
201400019647;0;7;0;0;2;5;15;A01