num_acc;senc;catv;occutc;obs;obsm;choc;manv;num_veh
201400020408;0;7;0;0;1;2;1;A01
201400020409;0;7;0;13;0;1;1;A01
201400020410;0;7;0;0;1;1;1;A01
201400020411;0;7;0;0;1;1;1;A01
201400020412;0;7;0;0;2;2;15;A01
201400020412;0;7;0;0;2;2;1;B01
201400020413;0;7;0;0;1;2;1;A01
201400020414;0;10;0;0;2;1;2;C01
201400020414;0;7;0;0;0;4;23;A01
201400020414;0;7;0;0;2;1;1;B01
201400020415;0;7;0;0;2;1;15;A01
201400020415;0;7;0;0;2;3;1;B01
201400020416;0;7;0;0;2;3;15;B01
201400020416;0;7;0;0;2;1;1;A01
201400020417;0;7;0;0;2;1;1;A01
201400020417;0;2;0;0;0;6;1;B01
201400020418;0;7;0;0;2;1;1;B01
201400020418;0;30;0;0;2;7;16;A01
201400020419;0;10;0;0;2;5;4;A01
201400020419;0;7;0;0;2;1;1;B01
201400020420;0;7;0;0;0;4;23;B01
201400020420;1;7;0;0;2;1;2;Z01
201400020421;0;7;0;0;2;3;1;B01
201400020421;0;2;0;0;2;1;1;A01
201400020422;0;7;0;0;2;1;1;B01
201400020422;0;7;0;8;2;1;1;A01
201400020423;0;7;0;0;1;2;1;A01
201400020424;0;7;0;0;0;6;2;B01
201400020424;0;31;0;0;2;1;1;A01
201400020425;0;7;0;0;2;1;1;A01
201400020425;0;7;0;0;2;3;15;B01
201400020426;0;7;0;0;1;1;1;A01
201400020427;0;7;0;0;2;2;17;A01
201400020427;0;7;0;0;2;8;15;B01
201400020428;0;7;0;0;1;3;1;A01
201400020429;0;7;0;0;2;2;1;A01
201400020429;0;7;0;0;2;3;16;B01
201400020430;0;7;0;0;2;1;9;A01
201400020430;0;7;0;0;2;7;15;B01
201400020431;0;10;0;0;0;7;1;B01
201400020431;0;7;0;0;2;1;16;A01
201400020432;0;7;0;0;2;3;1;C01
201400020432;0;7;0;0;2;2;1;B01
201400020432;0;7;0;0;2;1;19;A01
201400020433;0;7;0;0;1;3;1;A01
201400020434;0;7;0;0;1;1;15;A01
201400020435;0;7;0;8;0;1;1;A01
201400020436;0;10;0;16;0;1;1;A01
201400020437;0;1;0;0;2;8;2;B01
201400020437;0;15;0;0;9;7;1;A01
201400020438;0;7;0;9;0;1;1;A01
201400020439;0;7;0;0;2;3;12;B01
201400020439;2;7;0;0;2;2;15;Z01
201400020440;0;33;0;0;2;1;1;B01
201400020440;0;7;0;0;2;3;10;A01
201400020441;0;7;0;0;2;2;13;A01
201400020441;0;15;0;0;2;2;1;B01
201400020442;0;30;0;0;2;1;1;B01
201400020442;0;7;0;0;2;3;1;A01
201400020443;0;10;0;0;1;4;4;A01
201400020444;0;7;0;0;2;8;15;A01
201400020444;0;33;0;0;2;1;17;B01
201400020445;0;7;0;15;2;1;13;A01
201400020445;0;7;0;0;2;8;1;B01
201400020446;0;7;0;0;1;1;1;A01
201400020447;0;7;0;0;1;2;1;A01
201400020448;0;7;0;13;0;1;1;A01
201400020449;0;7;0;6;0;1;1;A01
201400020450;0;7;0;13;0;1;1;A01
201400020451;0;7;0;0;2;3;21;A01
201400020451;0;7;0;0;2;6;1;B02
201400020452;0;1;0;0;2;1;1;C03
201400020452;0;7;0;0;2;7;1;A01
201400020452;0;7;0;0;2;1;1;B02
201400020453;0;33;0;13;0;9;1;A01
201400020454;0;7;0;1;0;1;1;A01
201400020454;0;7;0;0;2;2;0;B02
201400020455;0;33;0;6;0;1;1;A01
201400020456;0;7;0;0;2;7;1;B02
201400020456;0;7;0;0;2;2;19;A01
201400020457;0;7;0;0;1;1;19;A01
201400020458;0;1;0;0;2;0;1;B02
201400020458;0;7;0;0;9;3;17;A01
201400020459;0;7;0;0;2;1;17;A01
201400020459;0;7;0;0;2;8;0;B02
201400020460;0;7;0;0;2;7;13;A01
201400020460;0;7;0;0;2;1;1;B02
201400020461;0;7;0;0;2;1;1;B02
201400020461;0;7;0;0;2;8;19;A01
201400020462;0;33;0;13;0;1;1;C03
201400020462;0;7;0;0;2;1;1;B02
201400020462;0;33;0;0;2;1;1;A01
201400020463;0;99;0;0;2;2;1;A01
201400020463;0;7;0;0;2;3;19;B02
201400020464;0;7;0;0;2;8;15;A01
201400020464;0;33;0;0;2;8;1;B02
201400020465;0;33;0;0;2;1;13;A01
201400020465;0;7;0;0;2;2;1;B02
201400020466;0;10;0;1;1;2;1;A01
201400020467;0;7;0;0;2;1;23;C03
201400020467;0;7;0;0;2;1;13;A01
201400020467;0;7;0;1;2;1;1;B02
201400020468;0;7;0;0;2;7;1;B02
201400020468;0;1;0;0;2;7;1;A01
201400020469;0;7;0;0;2;6;0;B02
201400020469;0;7;0;0;2;1;0;A01
201400020470;0;30;0;0;2;1;17;B02
201400020470;0;7;0;0;2;7;15;A01
201400020471;0;7;0;0;1;1;15;A01
201400020472;0;31;0;0;0;8;1;A01
201400020473;0;7;0;0;2;2;15;A01
201400020473;0;34;0;0;2;1;18;B02
201400020474;0;2;0;4;0;7;1;A01
201400020475;0;7;0;0;2;2;15;A01
201400020475;0;2;0;0;2;3;1;B02
201400020476;0;7;0;0;2;3;16;C03
201400020476;0;31;0;0;2;7;1;A01
201400020476;0;7;0;0;2;2;1;B02
201400020477;0;10;0;0;2;5;15;A01
201400020477;0;33;0;0;2;1;1;B02
201400020478;0;33;0;7;0;1;1;A01
201400020479;0;7;0;0;2;1;1;B02
201400020479;0;7;0;0;2;1;13;A01
201400020480;0;33;0;0;2;1;21;B02
201400020480;0;7;0;0;0;8;15;A01
201400020481;0;31;0;0;2;8;1;B02
201400020481;0;7;0;0;2;3;15;A01
201400020482;0;2;0;1;0;1;1;A01
201400020483;0;34;0;14;0;1;1;A01
201400020484;0;2;0;7;0;2;13;A01
201400020485;0;10;0;0;0;3;1;B02
201400020485;0;7;0;0;0;3;13;A01
201400020486;0;10;0;0;2;7;17;A01
201400020486;0;1;0;0;2;8;1;B02
201400020487;0;7;0;0;2;3;13;A01
201400020487;0;7;0;0;2;3;1;B02
201400020488;0;10;0;0;2;3;14;A01
201400020488;0;2;0;0;2;1;1;B02
201400020489;0;2;0;0;2;7;1;B02
201400020489;0;7;0;0;2;8;16;A01
201400020490;0;7;0;0;2;1;13;A01
201400020490;0;7;0;0;2;1;1;B02
201400020491;0;7;0;6;0;9;1;A01
201400020492;0;30;0;0;0;1;1;A01
201400020493;0;14;0;0;1;2;1;A01
201400020494;0;7;0;2;0;9;1;A01
201400020495;0;7;0;13;2;7;1;B02
201400020495;0;33;0;0;2;2;13;A01
201400020496;0;31;0;0;6;1;0;A01
201400020497;0;7;0;0;1;3;1;A01
201400020498;0;7;0;2;0;1;14;A01
201400020499;0;30;0;0;2;2;1;B02
201400020499;0;7;0;0;2;3;20;A01
201400020500;0;7;0;0;2;1;1;B02
201400020500;0;7;0;0;2;1;13;A01
201400020501;0;7;0;0;2;1;1;A01
201400020501;0;7;0;0;2;1;1;B02
201400020502;0;7;0;0;2;1;13;A01
201400020502;0;7;0;0;2;1;1;B02
201400020503;0;33;0;0;2;7;1;A01
201400020503;0;1;0;0;2;6;2;B02
201400020504;0;33;0;0;2;1;1;A01
201400020504;0;7;0;0;2;2;15;B02
201400020505;0;7;0;0;2;6;23;B02
201400020505;0;1;0;1;2;1;14;A01
201400020506;0;7;0;0;2;3;1;B02
201400020506;0;10;0;0;2;8;14;A01
201400020507;0;7;0;0;2;7;10;A01
201400020507;0;33;0;0;2;1;9;B02
201400020508;0;7;0;0;1;1;1;A01
201400020509;0;38;1;0;1;1;1;A01
201400020510;0;7;0;0;2;3;1;B01
201400020510;0;7;0;0;2;1;15;A01
201400020511;0;7;0;0;2;8;13;A01
201400020511;0;30;0;0;2;8;17;B01
201400020512;0;7;0;0;1;1;1;A01
201400020513;0;7;0;0;1;1;1;A01
201400020514;0;7;0;0;1;7;16;A01
201400020515;0;7;0;0;2;1;1;B01
201400020515;0;7;0;0;2;1;9;A01
201400020516;0;7;0;0;1;3;15;A01
201400020517;1;7;0;0;1;1;1;Z01
201400020518;0;7;0;1;2;1;1;B01
201400020518;0;7;0;0;2;7;17;A01
201400020519;0;1;0;0;2;1;2;A01
201400020519;0;7;0;0;2;4;1;B01
201400020520;0;7;0;0;2;3;15;A01
201400020520;0;7;0;0;2;6;1;B01
201400020521;0;10;0;0;1;4;20;A01
201400020522;0;7;0;0;2;1;1;A01
201400020522;0;7;0;0;2;4;23;B01
201400020523;0;7;0;0;2;7;16;B01
201400020523;0;30;0;0;2;1;18;A01
201400020524;0;7;0;0;2;1;1;A01
201400020524;0;7;0;0;2;4;23;B01
201400020525;0;7;0;0;2;1;1;B01
201400020525;0;7;0;0;2;8;9;A01
201400020526;0;30;0;0;2;7;9;A01
201400020526;0;7;0;0;2;1;1;B01
201400020527;0;7;0;0;2;1;15;A01
201400020527;0;30;0;0;2;1;1;B01
201400020528;0;7;0;0;2;1;1;A01
201400020528;0;7;0;0;2;4;23;B01
201400020529;0;7;0;0;1;0;1;A01
201400020530;0;2;0;0;2;2;1;B01
201400020530;0;7;0;0;2;1;9;A01
201400020531;0;7;0;0;2;1;1;B01
201400020531;0;7;0;1;2;2;15;A01
201400020532;0;7;0;0;1;2;1;A01
201400020533;0;2;0;0;2;7;9;A01
201400020533;0;10;0;0;2;3;1;B01
201400020534;0;7;0;0;2;4;2;B01
201400020534;0;2;0;0;2;1;1;A01
201400020535;0;7;0;0;1;1;1;A01
201400020536;0;10;0;0;1;1;1;A01
201400020537;0;7;0;0;2;2;9;A01
201400020537;0;7;0;0;2;3;1;B01
201400020538;0;7;0;0;2;3;1;B01
201400020538;0;7;0;0;2;2;15;A01
201400020539;0;7;0;0;2;2;1;B01
201400020539;0;1;0;0;2;1;9;A01
201400020540;0;7;0;0;1;1;1;A01
201400020541;1;7;0;0;1;1;1;Z01
201400020542;0;2;0;0;0;9;18;C01
201400020542;0;2;0;0;2;1;2;A01
201400020542;0;7;0;0;2;6;16;B01
201400020543;0;7;0;0;2;9;1;B01
201400020543;0;7;0;0;2;1;1;A01
201400020544;0;7;0;0;1;4;4;A01
201400020545;0;7;0;6;2;1;6;A01
201400020545;0;7;0;0;2;7;1;B01
201400020546;0;7;0;0;2;3;9;A01
201400020546;0;7;0;0;2;7;1;B01
201400020547;0;7;0;15;0;9;1;A01
201400020548;0;7;0;0;2;0;13;A01
201400020548;0;7;0;0;2;8;1;B01
201400020549;0;2;0;0;2;1;2;A01
201400020549;0;2;0;0;2;4;1;B01
201400020550;0;2;0;0;2;1;9;A01
201400020550;0;7;0;0;2;1;1;B01
201400020551;0;2;0;0;2;1;1;B01
201400020551;0;7;0;0;2;3;9;A01
201400020552;0;7;0;0;2;2;9;B01
201400020552;0;10;0;0;2;1;1;A01
201400020553;0;30;0;1;0;2;1;A01
201400020554;0;7;0;0;2;0;9;A01
201400020554;0;2;0;0;2;1;1;B01
201400020555;0;7;0;0;2;2;15;A01
201400020555;0;2;0;0;2;1;1;B01
201400020556;0;7;0;0;2;4;23;C01
201400020556;0;7;0;0;2;4;23;B01
201400020556;0;7;0;0;2;1;2;A01
201400020557;0;7;0;0;2;1;2;A01
201400020557;0;7;0;0;2;4;16;B01
201400020558;0;2;0;0;2;1;1;A01
201400020558;0;10;0;0;2;4;2;B01
201400020559;0;7;0;0;2;8;10;A01
201400020559;0;2;0;0;2;1;1;B01
201400020560;0;7;0;1;0;1;1;A01
201400020561;0;7;0;0;2;4;23;B01
201400020561;0;7;0;0;2;1;2;A01
201400020562;0;1;0;0;2;1;1;B01
201400020562;0;7;0;0;2;2;15;A01
201400020563;0;7;0;0;2;1;1;B01
201400020563;0;7;0;0;2;8;9;A01
201400020564;0;7;0;0;2;8;1;B01
201400020564;0;30;0;0;2;8;1;A01
201400020565;0;7;0;0;1;1;15;A01
201400020566;0;33;0;12;0;9;1;A01
201400020567;0;7;0;0;2;1;1;A01
201400020567;0;7;0;0;2;7;1;B01
201400020568;0;30;0;0;2;1;1;B01
201400020568;0;7;0;0;2;3;9;A01
201400020569;0;33;0;0;2;7;1;A01
201400020569;2;30;0;0;2;1;19;B01
201400020570;0;7;0;0;2;1;1;A01
201400020570;0;7;0;0;2;4;15;B01
201400020571;0;7;0;0;1;3;1;A01
201400020572;0;7;0;0;2;8;15;B01
201400020572;0;30;0;0;2;1;1;A01
201400020573;0;7;0;15;0;1;1;A01
201400020573;0;7;0;8;0;1;1;B01
201400020574;0;7;0;0;2;8;11;A01
201400020574;0;30;0;0;2;7;17;B01
201400020575;0;7;0;0;2;1;2;A01
201400020575;0;7;0;0;2;4;23;B01
201400020575;0;7;0;0;2;4;23;C01
201400020576;0;7;0;0;1;1;15;A01
201400020577;0;7;0;0;2;1;1;B01
201400020577;0;7;0;0;2;2;15;A01
201400020578;0;33;0;0;2;9;1;B01
201400020578;0;7;0;0;2;8;11;A01
201400020579;0;7;0;0;2;4;4;A01
201400020579;0;1;0;0;2;7;1;B01
201400020580;0;7;0;0;2;8;15;A01
201400020580;0;33;0;0;2;1;1;B01
201400020581;0;7;0;0;2;1;2;A01
201400020581;0;7;0;0;2;4;23;B01
201400020582;0;7;0;0;2;6;2;B01
201400020582;0;2;0;0;2;1;1;A01
201400020583;0;7;0;0;1;1;1;A01
201400020584;0;7;0;0;2;4;4;A01
201400020584;0;7;0;0;2;8;23;B01
201400020585;0;2;0;0;2;0;17;A01
201400020585;0;7;0;0;2;8;15;B01
201400020586;0;7;0;0;2;1;1;A01
201400020586;0;7;0;0;2;4;23;B01
201400020587;0;7;0;1;0;1;1;A01
201400020588;0;2;0;0;2;1;17;B01
201400020588;0;10;0;0;2;0;9;A01
201400020589;0;7;0;0;2;1;1;A01
201400020589;0;7;0;0;2;4;23;B01
201400020590;0;7;0;0;2;4;23;C01
201400020590;0;2;0;0;2;1;1;A01
201400020590;0;7;0;0;2;1;2;B01
201400020591;0;1;0;0;2;4;2;B01
201400020591;0;7;0;0;2;1;2;A01
201400020592;0;7;0;0;2;2;9;A01
201400020592;0;7;0;0;2;1;1;B01
201400020593;0;7;0;0;2;4;15;A01
201400020593;0;2;0;0;2;1;17;B01
201400020594;0;7;0;0;2;8;10;A01
201400020594;0;2;0;0;2;1;1;B01
201400020595;0;7;0;0;1;2;1;A01
201400020596;0;7;0;0;2;4;2;C01
201400020596;0;7;0;0;2;4;2;B01
201400020596;0;7;0;0;2;1;1;A01
201400020597;0;3;0;0;2;1;1;A01
201400020597;0;7;0;0;2;4;2;B01
201400020598;0;7;0;0;2;1;1;B01
201400020598;0;7;0;0;2;7;15;A01
201400020599;0;7;0;0;1;1;15;A01
201400020600;0;30;0;0;2;1;1;A01
201400020600;0;7;0;0;2;1;1;B01
201400020601;0;7;0;0;2;4;2;C01
201400020601;0;7;0;0;2;4;2;B01
201400020601;0;14;0;0;2;1;1;A01
201400020601;0;7;0;0;2;4;2;D01
201400020602;0;30;0;0;2;3;15;A01
201400020602;0;15;0;0;2;8;1;B01
201400020603;0;7;0;0;1;0;0;A01
201400020604;0;7;0;0;2;1;1;A01
201400020604;0;7;0;0;2;1;1;B01
201400020605;0;7;0;0;2;1;15;A01
201400020605;0;33;0;0;2;1;1;B01
201400020606;0;7;0;0;2;1;15;A01
201400020606;0;7;0;0;0;1;1;B01
201400020607;0;7;0;0;2;1;1;A01
201400020607;0;7;0;0;2;4;1;D01
201400020607;0;7;0;0;2;4;1;B01
201400020607;0;7;0;0;2;1;1;C01
201400020608;0;7;0;0;2;6;1;A01
201400020608;0;7;0;0;2;3;1;B01
201400020609;0;7;0;0;2;0;15;A01
201400020609;0;7;0;0;2;3;1;B01
201400020610;0;2;0;0;2;1;18;A01
201400020610;0;7;0;0;2;2;16;B01
201400020611;0;7;0;0;2;2;2;A01
201400020611;0;7;0;0;2;4;1;B01
201400020612;0;2;0;0;2;1;1;A01
201400020612;0;7;0;0;2;4;2;B01
201400020613;0;7;0;0;2;8;1;A01
201400020613;0;31;0;0;2;4;2;B01
201400020614;0;7;0;0;2;2;1;A01
201400020614;0;7;0;0;2;6;2;B01
201400020615;0;33;0;0;2;1;17;A01
201400020615;0;7;0;0;2;8;15;B01
201400020616;0;7;0;0;2;7;9;A01
201400020616;0;7;0;0;2;1;1;B01
201400020617;0;2;0;0;2;7;17;A01
201400020617;0;3;0;0;2;8;15;B01
201400020618;0;7;0;0;2;3;13;A01
201400020618;0;31;0;0;2;1;17;B01
201400020619;0;7;0;9;0;1;19;A01
201400020620;0;2;0;0;2;4;1;B01
201400020620;0;2;0;0;2;1;2;A01
201400020621;0;2;0;0;1;4;1;A01
201400020622;0;7;0;0;1;1;1;A01
201400020623;0;7;0;0;2;3;15;A01
201400020623;0;30;0;0;2;1;1;B01
201400020624;0;7;0;0;2;1;2;A01
201400020624;0;7;0;0;2;4;23;B01
201400020625;0;2;0;0;2;1;1;A01
201400020625;0;7;0;0;2;8;1;B01
201400020626;0;30;0;0;2;4;2;B01
201400020626;0;7;0;0;2;1;1;A01
201400020627;0;7;0;0;1;4;4;A01
201400020628;0;7;0;0;2;1;9;A01
201400020628;0;7;0;0;2;6;1;B01
201400020629;0;7;0;0;2;2;15;A01
201400020629;0;2;0;0;2;1;1;B01
201400020630;0;7;0;0;2;1;1;B01
201400020630;0;7;0;0;2;1;13;A01
201400020631;0;7;0;8;0;1;1;A01
201400020632;0;7;0;0;2;8;9;A01
201400020632;0;2;0;0;2;1;1;B01
201400020633;0;7;0;0;2;1;1;A01
201400020633;0;7;0;0;2;6;1;B01
201400020634;0;7;0;0;2;1;1;A01
201400020634;0;7;0;0;2;4;1;B01
201400020635;0;2;0;0;0;1;1;A01
201400020636;0;7;0;0;2;6;15;B01
201400020636;0;7;0;0;2;1;2;A01
201400020637;0;7;0;0;2;8;9;A01
201400020637;0;31;0;0;2;1;1;B01
201400020638;0;7;0;0;2;3;15;A01
201400020638;0;32;0;0;2;7;17;B01
201400020639;0;2;0;0;2;1;2;A01
201400020639;0;7;0;0;2;4;2;B01
201400020640;0;10;0;0;1;2;1;A01
201400020641;0;30;0;0;2;8;1;B01
201400020641;0;7;0;0;2;2;15;A01
201400020642;0;33;0;0;2;1;13;A01
201400020642;0;34;0;0;2;1;1;B02
201400020643;0;7;0;0;2;3;20;A01
201400020643;0;33;0;0;2;8;1;B02
201400020644;0;7;0;6;0;0;1;A01
201400020645;0;7;0;0;1;2;1;A01
201400020646;0;7;0;0;2;2;1;A01
201400020647;0;7;0;0;2;3;15;A01
201400020647;0;33;0;0;2;8;1;B02
201400020648;0;7;0;6;0;3;2;A01
201400020649;0;7;0;0;0;4;17;B02
201400020649;0;7;0;0;0;6;1;A01
201400020649;0;33;0;0;2;1;17;C03
201400020650;0;7;0;6;0;1;1;A01
201400020651;0;33;0;0;2;8;1;B02
201400020651;0;7;0;0;2;6;15;A01
201400020652;0;7;0;0;1;3;1;A01
201400020653;0;1;0;0;5;1;1;A01
201400020654;0;10;0;0;1;8;1;A01
201400020655;0;10;0;0;1;4;4;A01
201400020656;1;7;0;1;0;0;1;A01
201400020657;0;1;0;0;2;1;1;D01
201400020657;0;7;0;0;0;5;1;A01
201400020658;0;7;0;0;0;6;1;B01
201400020658;0;7;0;0;0;5;24;C01
201400020658;0;7;0;0;2;1;15;A01
201400020659;0;7;0;0;1;4;4;A01
201400020660;0;33;0;0;2;7;2;A01
201400020660;0;7;0;0;2;3;2;B01
201400020661;0;7;0;0;0;8;0;C01
201400020661;0;7;0;0;2;3;0;B01
201400020661;0;7;0;1;0;2;1;A01
201400020662;0;7;0;0;1;3;9;A01
201400020663;0;7;0;0;2;3;10;A01
201400020663;0;33;0;3;2;2;2;B01
201400020664;0;7;0;13;0;2;0;A01
201400020665;0;7;0;15;1;3;1;A01
201400020666;0;7;0;13;0;1;2;A01
201400020667;0;7;0;16;0;1;1;A01
201400020668;0;7;0;0;2;1;5;A01
201400020668;0;7;0;0;2;1;2;B01
201400020669;0;7;0;0;1;6;4;A01
201400020670;0;33;0;14;0;1;6;A01
201400020671;0;7;0;0;2;3;1;B01
201400020671;0;1;0;0;2;7;15;A01
201400020672;0;7;0;1;0;2;1;A01
201400020673;0;7;0;2;0;1;0;A01
201400020674;0;7;0;0;9;7;17;A01
201400020674;0;1;0;0;9;8;2;B01
201400020675;0;7;0;2;0;1;2;A01
201400020676;0;7;0;0;2;4;2;B01
201400020676;1;7;0;0;2;1;2;A01
201400020677;0;7;0;0;1;3;1;A01
201400020678;0;7;0;0;2;2;1;A01
201400020678;0;1;0;0;2;8;15;B02
201400020679;0;33;0;0;2;1;1;A01
201400020679;0;7;0;0;2;6;15;B02
201400020680;0;33;0;0;2;8;2;A01
201400020680;0;7;0;0;2;7;17;B02
201400020681;0;7;0;2;0;1;1;A01
201400020682;0;7;0;2;0;1;1;A01
201400020683;1;2;0;0;1;1;1;A01
201400020684;0;2;0;0;2;4;15;B01
201400020684;0;7;0;0;2;1;1;A01
201400020685;0;7;0;0;2;1;1;B01
201400020685;0;7;0;0;2;1;13;A01
201400020686;0;7;0;0;2;5;1;B01
201400020686;0;2;0;0;2;1;9;A01
201400020687;0;33;0;0;2;1;1;B01
201400020687;0;7;0;0;2;3;1;A01
201400020688;0;7;0;14;0;0;22;A01
201400020688;0;1;0;0;2;0;21;B01
201400020689;0;31;0;0;2;1;1;B01
201400020689;0;7;0;0;2;6;19;A01
201400020690;0;7;0;0;1;2;1;A01
201400020691;0;7;0;0;2;7;1;A01
201400020691;0;1;0;0;2;1;19;B01
201400020692;0;7;0;0;1;2;16;A01
201400020693;0;7;0;0;1;7;16;A01
201400020694;0;33;0;0;2;2;17;A01
201400020694;0;7;0;0;2;3;10;B01
201400020695;0;7;0;0;2;1;1;B01
201400020695;0;7;0;0;2;7;19;A01
201400020696;0;7;0;0;2;3;15;B01
201400020696;0;1;0;0;2;1;5;A01
201400020697;0;7;0;0;2;8;10;A01
201400020697;0;7;0;0;2;1;1;B01
201400020698;0;7;0;0;1;0;1;A01
201400020699;0;7;0;0;2;2;19;A01
201400020699;0;7;0;0;2;3;1;B01
201400020700;0;7;0;0;1;2;1;A01
201400020701;0;7;0;15;2;1;17;A01
201400020701;0;7;0;0;2;8;15;B01
201400020702;0;7;0;0;1;1;15;A01
201400020703;0;37;10;0;1;1;1;A01
201400020704;0;7;0;0;2;1;15;A01
201400020704;0;30;0;0;2;1;1;B01
201400020705;0;7;0;0;2;2;1;A01
201400020705;0;33;0;0;2;1;1;B01
201400020706;0;7;0;0;1;4;20;A01
201400020707;0;7;0;0;2;3;1;B01
201400020707;0;2;0;0;2;1;15;A01
201400020708;0;7;0;0;2;1;2;A01
201400020708;0;7;0;0;2;4;23;B01
201400020709;0;7;0;0;1;2;16;A01
201400020710;0;7;0;13;0;1;14;A01
201400020711;0;7;0;1;0;2;14;A01
201400020712;0;3;0;0;1;1;1;A01
201400020713;1;7;0;0;1;1;1;Z01
201400020714;0;1;0;0;2;4;15;B01
201400020714;0;7;0;0;2;1;17;A01
201400020715;0;7;0;6;1;1;14;A01
201400020716;0;30;0;0;2;1;1;A01
201400020716;0;7;0;0;2;7;15;B01
201400020717;0;7;0;0;2;3;15;A01
201400020717;0;33;0;0;2;1;1;B01
201400020718;2;33;0;0;2;1;1;A01
201400020718;0;7;0;0;2;3;0;B01
201400020719;0;7;0;0;2;8;16;B01
201400020719;0;7;0;0;2;1;17;A01
201400020720;0;7;0;6;0;1;14;A01
201400020721;0;7;0;0;2;5;1;B01
201400020721;0;30;0;0;2;1;2;A01
201400020722;0;7;0;0;2;1;1;A01
201400020722;0;33;0;0;2;3;15;B01
201400020723;0;7;0;0;2;6;23;B01
201400020723;0;2;0;0;2;1;2;A01
201400020724;1;7;0;0;2;2;17;Z01
201400020724;0;30;0;0;2;6;1;B01
201400020725;0;7;0;0;0;0;15;B01
201400020725;0;30;0;12;0;0;15;A01
201400020726;0;10;0;1;1;5;4;A01
201400020727;0;32;0;0;2;3;1;B01
201400020727;1;10;0;0;2;2;1;Z01
201400020728;0;7;0;1;0;1;14;A01
201400020729;2;10;0;0;2;2;15;Z01
201400020729;0;7;0;0;2;8;1;B01
201400020730;0;31;0;0;2;1;17;B01
201400020730;0;7;0;1;2;3;1;A01
201400020731;0;7;0;0;1;1;1;A01
201400020732;0;31;0;1;0;2;1;A01
201400020733;0;7;0;0;1;1;0;A01
201400020734;0;1;0;0;2;1;1;A01
201400020734;0;1;0;0;2;4;16;B01
201400020735;0;7;0;0;2;7;1;A01
201400020735;0;7;0;9;2;1;1;B01
201400020736;0;1;0;1;0;1;1;B01
201400020736;0;7;0;0;2;8;22;A01
201400020737;0;7;0;0;1;2;1;A01
201400020738;0;7;0;0;2;4;1;B01
201400020738;0;7;0;0;2;1;2;A01
201400020739;0;7;0;0;1;2;1;A01
201400020740;0;30;0;12;0;1;1;A01
201400020741;0;7;0;3;0;1;13;A01
201400020742;0;7;0;0;1;2;1;A01
201400020743;0;7;0;0;2;1;15;B01
201400020743;0;32;0;0;2;1;1;A01
201400020744;2;7;0;6;2;2;1;A01
201400020744;0;10;0;0;2;1;1;B01
201400020745;0;7;0;0;2;1;1;B01
201400020745;0;7;0;0;2;8;20;A01
201400020746;0;7;0;2;0;2;14;A01
201400020747;0;7;0;6;2;3;1;B01
201400020747;0;7;0;0;2;1;1;A01
201400020748;0;7;0;0;2;2;15;B01
201400020748;0;7;0;0;2;3;1;A01
201400020749;0;30;0;0;2;3;2;A01
201400020749;0;7;0;0;2;5;2;B01
201400020750;0;30;0;11;0;1;13;A01
201400020751;0;31;0;0;0;8;23;A01
201400020751;0;7;0;0;2;2;17;B01
201400020752;0;7;0;1;0;2;14;A01
201400020753;0;99;0;0;2;3;23;B01
201400020753;0;31;0;12;2;6;21;A01
201400020754;0;7;0;0;2;1;13;A01
201400020754;0;7;0;0;2;1;1;B01
201400020755;0;30;0;0;2;2;1;B01
201400020755;1;7;0;0;2;3;16;Z01
201400020756;0;7;0;0;2;5;15;A01
201400020756;0;30;0;0;2;1;1;B01
201400020757;0;7;0;0;2;3;16;A01
201400020757;0;7;0;0;2;7;1;B01
201400020758;0;7;0;0;1;3;1;A01
201400020759;0;33;0;6;0;1;1;A01
201400020760;0;10;0;0;2;1;1;A01
201400020760;0;2;0;0;2;8;1;B01
201400020761;0;7;0;0;1;1;1;A01
201400020762;0;7;0;0;2;1;10;A01
201400020762;0;33;0;0;2;1;1;B01
201400020763;0;33;0;0;2;1;1;B01
201400020763;0;7;0;0;2;1;5;A01
201400020764;0;7;0;0;2;4;11;A01
201400020764;0;33;0;0;2;1;1;B01
201400020765;0;2;0;15;0;1;1;A01
201400020766;0;1;0;0;2;8;1;B01
201400020766;0;40;0;0;2;1;1;A01
201400020767;0;32;0;0;2;1;1;B01
201400020767;0;7;0;0;2;2;15;A01
201400020768;0;1;0;0;2;1;1;B01
201400020768;0;7;0;0;2;7;1;A01
201400020769;0;33;0;0;2;1;1;B01
201400020769;0;7;0;0;2;5;15;A01
201400020770;0;7;0;0;1;2;15;A01
201400020771;0;7;0;0;2;2;15;A01
201400020771;0;33;0;0;2;1;1;B01
201400020772;1;7;0;0;1;1;1;Z01
201400020773;0;7;0;0;2;1;16;A01
201400020773;0;1;0;0;2;6;1;B01
201400020774;0;34;0;0;0;0;1;A01
201400020775;0;7;0;0;2;3;1;B01
201400020775;0;7;0;0;2;2;1;A01
201400020776;0;7;0;0;1;4;4;A01
201400020777;0;7;0;0;1;1;1;A01
201400020778;0;7;0;0;2;4;15;C01
201400020778;0;7;0;0;2;1;2;A01
201400020778;0;7;0;0;2;4;2;B01
201400020779;0;7;0;6;0;1;14;A01
201400020780;0;37;10;0;1;2;21;A01
201400020781;1;7;0;0;1;2;1;Z01
201400020782;0;31;0;0;2;3;1;A01
201400020782;0;10;0;0;2;2;20;B01