num_acc;senc;catv;occutc;obs;obsm;choc;manv;num_veh
201400021172;0;7;0;0;2;1;1;B01
201400021173;0;7;0;0;2;3;9;A01
201400021173;0;7;0;0;2;3;1;B01
201400021174;0;7;0;4;0;9;1;A01
201400021175;0;7;0;0;2;8;15;A01
201400021175;0;33;0;0;2;1;1;B01
201400021176;0;7;0;0;2;7;9;A01
201400021176;0;1;0;0;2;1;1;B01
201400021177;0;7;0;11;0;2;1;A01
201400021178;1;7;0;0;2;1;1;B01
201400021178;0;7;0;0;2;4;1;A01
201400021179;0;7;0;0;2;2;1;A01
201400021179;0;7;0;0;2;3;1;B01
201400021180;0;31;0;1;0;1;1;A01
201400021181;0;7;0;2;0;1;1;A01
201400021182;0;1;0;0;2;0;19;B01
201400021182;0;2;0;0;2;0;1;A01
201400021183;0;31;0;0;2;3;18;B01
201400021183;0;7;0;0;2;7;16;A01
201400021184;1;30;0;0;1;0;0;A01
201400021185;0;30;0;0;2;0;1;A01
201400021185;0;7;0;0;2;0;1;B01
201400021186;0;7;0;0;2;3;11;A01
201400021186;0;33;0;0;2;7;17;B01
201400021187;0;7;0;0;2;7;0;A01
201400021187;0;7;0;0;2;1;1;B01
201400021188;0;7;0;0;2;1;9;A01
201400021188;0;1;0;0;2;7;0;B01
201400021189;0;7;0;0;2;1;1;A01
201400021189;0;7;0;0;2;1;15;B01
201400021190;0;7;0;0;9;2;20;A01
201400021190;0;2;0;0;2;1;1;B01
201400021191;1;36;0;0;2;0;0;A01
201400021191;0;7;0;0;2;0;0;B01
201400021192;0;7;0;0;2;1;1;A01
201400021192;0;7;0;0;2;4;1;B01
201400021193;0;7;0;0;2;3;11;A01
201400021193;0;7;0;0;2;7;1;B01
201400021194;0;33;0;4;0;0;1;A01
201400021195;0;7;0;0;2;1;1;B01
201400021195;0;30;0;0;2;1;9;A01
201400021196;0;33;0;0;0;0;0;A01
201400021197;0;2;0;0;2;1;1;A01
201400021197;1;7;0;0;2;3;15;Z01
201400021198;0;7;0;0;2;3;10;A01
201400021198;0;33;0;0;2;1;1;B01
201400021199;0;2;0;0;2;4;0;B01
201400021199;0;7;0;0;2;2;0;A01
201400021200;0;7;0;9;0;2;1;A01
201400021201;0;31;0;0;2;1;13;A01
201400021201;0;7;0;0;2;1;1;B01
201400021202;0;14;0;0;2;2;12;A01
201400021202;0;7;0;0;2;8;1;B01
201400021203;0;40;1;0;1;2;1;A01
201400021204;0;31;0;8;0;0;0;A01
201400021205;0;7;0;0;1;2;2;A01
201400021206;0;1;0;0;2;1;2;A01
201400021206;0;7;0;0;2;4;2;B01
201400021207;0;32;0;0;2;1;1;A01
201400021207;0;7;0;0;2;7;1;B01
201400021208;0;7;0;0;2;3;1;B01
201400021208;0;7;0;0;2;1;19;A01
201400021209;0;7;0;0;2;3;16;B01
201400021209;0;7;0;0;2;2;15;A01
201400021210;0;7;0;0;2;2;1;A01
201400021210;0;7;0;0;2;2;1;B01
201400021211;0;33;0;0;2;1;2;A01
201400021211;0;7;0;0;2;4;2;B01
201400021212;0;31;0;0;2;1;1;B01
201400021212;0;7;0;0;2;1;19;A01
201400021213;0;2;0;0;2;6;11;A01
201400021213;0;7;0;0;2;2;1;B01
201400021214;0;7;0;0;2;1;0;B01
201400021214;0;7;0;0;2;2;0;A01
201400021215;0;10;0;0;2;1;9;A01
201400021215;0;7;0;0;2;1;1;B01
201400021216;0;7;0;0;1;1;1;A01
201400021217;1;7;0;0;1;1;0;A01
201400021218;0;10;0;0;1;2;0;A01
201400021219;0;7;0;0;2;8;15;A01
201400021219;0;37;4;0;2;1;1;B01
201400021220;1;7;0;0;2;0;1;Z01
201400021220;0;1;0;0;2;7;9;A01
201400021221;0;7;0;0;2;3;15;A01
201400021221;0;1;0;0;2;1;1;B01
201400021222;0;7;0;0;2;2;17;A01
201400021222;0;2;0;0;2;8;15;B01
201400021223;0;7;0;0;1;2;1;A01
201400021224;1;99;0;0;1;0;0;A01
201400021225;0;30;0;0;0;0;1;A01
201400021226;0;7;0;0;1;1;0;A01
201400021227;0;10;0;6;0;1;1;A01
201400021228;0;30;0;0;0;0;0;A01
201400021229;0;7;0;4;0;0;0;A01
201400021229;0;7;0;0;0;4;23;B01
201400021229;0;7;0;1;0;8;21;C01
201400021230;0;7;0;0;1;3;15;A01
201400021231;0;30;0;0;1;1;13;A01
201400021232;0;7;0;0;1;2;1;A01
201400021233;1;15;0;0;2;0;14;B01
201400021233;0;7;0;7;1;4;2;A01
201400021234;0;7;0;0;2;1;11;A01
201400021234;0;7;0;0;2;1;0;B01
201400021234;0;7;0;0;2;1;1;C01
201400021235;0;2;0;1;0;1;2;A01
201400021236;0;7;0;0;2;1;10;A01
201400021236;0;31;0;0;2;8;1;B01
201400021237;0;7;0;0;2;5;0;B01
201400021237;0;33;0;0;2;1;0;A01
201400021238;0;7;0;0;1;2;1;A01
201400021239;0;7;0;0;1;3;1;A01
201400021240;0;7;0;0;2;2;1;A01
201400021240;0;7;0;0;2;1;1;B01
201400021241;0;33;0;12;0;0;1;A01
201400021242;0;7;0;0;1;1;0;A01
201400021243;0;7;0;0;1;2;1;A01
201400021244;0;7;0;0;2;1;2;B01
201400021244;0;7;0;0;2;1;2;A01
201400021245;0;7;0;0;1;3;15;A01
201400021246;0;7;0;0;1;0;0;A01
201400021247;0;7;0;0;1;2;0;A01
201400021248;0;7;0;0;2;1;13;A01
201400021248;0;7;0;0;2;1;0;B01
201400021249;0;2;0;12;0;1;1;A01
201400021250;0;7;0;0;9;5;0;B01
201400021250;0;1;0;0;2;1;19;A01
201400021251;0;7;0;0;1;2;0;A01
201400021252;0;7;0;0;2;2;1;A01
201400021252;0;1;0;0;2;1;6;B01
201400021253;0;7;0;0;1;1;1;A01
201400021254;0;7;0;0;1;2;1;A01
201400021255;0;7;0;0;1;1;19;A01
201400021256;0;7;0;0;1;1;1;A01
201400021257;0;7;0;0;2;1;1;A01
201400021257;0;7;0;0;2;6;1;B01
201400021258;0;7;0;0;1;3;0;A01
201400021259;0;7;0;0;1;8;1;A01
201400021260;0;7;0;0;1;2;1;A01
201400021261;0;15;0;16;0;9;2;A01
201400021262;0;7;0;0;1;3;1;A01
201400021263;0;7;0;0;0;1;9;A01
201400021263;0;1;0;0;0;7;1;B01
201400021264;0;7;0;1;1;2;1;A01
201400021265;0;7;0;0;0;7;19;B01
201400021265;0;7;0;0;0;1;15;A01
201400021266;0;7;0;0;1;1;1;A01
201400021267;0;7;0;0;0;6;2;B01
201400021267;0;7;0;0;0;1;2;A01
201400021268;0;7;0;0;1;7;1;A01
201400021269;0;7;0;0;2;1;13;A01
201400021269;0;7;0;0;2;1;1;B01
201400021269;0;7;0;0;2;1;1;C01
201400021270;0;7;0;0;2;6;9;A01
201400021270;0;14;0;0;2;3;0;P01
201400021271;0;99;0;0;2;3;0;A01
201400021271;0;31;0;0;2;2;0;B01
201400021272;0;14;0;0;1;1;15;A01
201400021273;0;1;0;0;2;0;2;A01
201400021273;0;7;0;0;0;5;0;B01
201400021274;0;7;0;0;1;0;2;A01
201400021275;0;7;0;0;0;3;13;A01
201400021276;0;7;0;2;0;1;1;A01
201400021277;0;31;0;0;2;1;2;A01
201400021277;0;7;0;0;2;4;2;B01
201400021278;0;7;0;0;2;5;4;A01
201400021278;0;2;0;0;2;7;21;B01
201400021279;0;33;0;8;0;1;14;A01
201400021280;0;7;0;0;2;2;6;A01
201400021280;0;7;0;0;2;3;1;B01
201400021281;0;10;0;0;2;1;1;A01
201400021281;0;7;0;0;2;7;1;B01
201400021282;0;1;0;0;1;1;18;A01
201400021283;0;1;0;0;0;1;2;A01
201400021283;0;7;0;0;0;4;2;B01
201400021284;1;7;0;0;1;1;1;A01
201400021285;0;7;0;0;0;5;17;A01
201400021285;0;7;0;0;0;3;2;B01
201400021286;0;7;0;0;0;3;15;B01
201400021286;0;1;0;16;0;1;5;A01
201400021287;0;7;0;0;2;1;15;A01
201400021287;0;33;0;0;2;1;0;B01
201400021288;0;7;0;0;2;3;13;A01
201400021288;0;7;0;0;2;3;1;B01
201400021289;0;15;0;0;0;6;1;B01
201400021289;0;1;0;0;2;1;9;A01
201400021290;0;7;0;0;1;2;1;A01
201400021291;0;7;0;0;2;1;2;A01
201400021291;0;7;0;0;2;4;2;B01
201400021292;0;7;0;13;0;2;1;A01
201400021293;0;7;0;0;9;3;9;A01
201400021293;0;1;0;0;2;1;0;B01
201400021294;0;7;0;3;0;1;2;A01
201400021295;0;7;0;0;0;1;1;A01
201400021295;0;7;0;0;0;1;0;B01
201400021296;0;10;0;0;1;4;4;A01
201400021297;0;7;0;0;1;3;1;A01
201400021298;0;7;0;0;0;1;1;A01
201400021298;0;7;0;0;0;6;1;B01
201400021299;0;7;0;0;2;1;21;A01
201400021299;0;7;0;0;0;8;19;B02
201400021300;0;10;0;0;0;7;1;A01
201400021301;0;7;0;8;0;1;1;A01
201400021302;0;7;0;13;0;1;1;A01
201400021303;0;7;0;0;0;9;0;A01
201400021304;0;33;0;0;2;1;1;B02
201400021304;0;7;0;0;2;3;19;A01
201400021305;0;7;0;0;2;3;13;A01
201400021305;0;7;0;0;2;8;1;B02
201400021306;0;7;0;6;0;1;13;A01
201400021307;0;7;0;0;2;2;1;A01
201400021307;0;14;0;0;0;8;10;B02
201400021308;0;7;0;13;0;7;14;A01
201400021309;0;7;0;0;1;1;16;A01
201400021310;0;7;0;6;0;2;14;A01
201400021311;0;7;0;0;2;3;13;A01
201400021311;0;10;0;0;2;3;1;B02
201400021312;0;33;0;0;2;1;17;A01
201400021312;0;7;0;0;2;3;1;B02
201400021313;0;7;0;13;0;9;1;A01
201400021314;0;7;0;0;2;1;1;A01
201400021314;0;7;0;0;2;7;19;B02
201400021315;0;36;0;13;0;1;19;A01
201400021316;0;7;0;2;0;3;1;A01
201400021317;0;7;0;13;0;9;1;A01
201400021318;0;33;0;0;2;1;1;C03
201400021318;0;33;0;0;2;1;1;B02
201400021318;0;7;0;0;2;8;10;A01
201400021318;0;7;0;0;2;8;1;D04
201400021319;0;7;0;0;0;6;2;A01
201400021319;0;33;0;0;2;1;2;B02
201400021320;0;7;0;0;2;2;15;A01
201400021320;0;2;0;0;2;1;1;B02
201400021321;0;33;0;0;2;2;1;B02
201400021321;0;31;0;0;2;1;15;A01
201400021322;0;33;0;0;9;1;1;A01
201400021322;0;1;0;0;0;8;19;B02
201400021323;0;32;0;0;2;1;1;A01
201400021323;0;7;0;0;2;2;1;B02
201400021324;0;7;0;8;0;1;0;A01
201400021325;0;10;0;0;9;3;1;B02
201400021325;0;30;0;0;2;3;1;A01
201400021326;0;33;0;0;2;1;17;A01
201400021326;0;7;0;0;2;3;15;B02
201400021327;0;30;0;0;2;1;1;A01
201400021327;0;7;0;0;2;8;4;B02
201400021328;0;7;0;2;0;8;1;A01
201400021329;0;7;0;0;2;4;13;A01
201400021329;0;30;0;0;2;1;1;B02
201400021330;0;7;0;0;2;3;19;A01
201400021330;0;10;0;0;2;1;1;B02
201400021331;0;7;0;0;1;1;1;A01
201400021332;0;7;0;0;1;1;1;A01
201400021333;0;7;0;0;2;3;13;A01
201400021333;0;15;0;0;2;3;1;B02
201400021334;1;7;0;0;1;2;1;A01
201400021335;0;30;0;0;2;7;1;A01
201400021335;0;7;0;0;0;8;15;B02
201400021336;0;33;0;7;0;1;1;A01
201400021337;0;7;0;2;0;2;0;A01
201400021338;0;7;0;0;2;3;5;A01
201400021338;0;7;0;0;2;1;1;B02
201400021338;0;7;0;0;2;1;1;C03
201400021339;0;7;0;0;2;1;17;A01
201400021339;0;7;0;0;2;1;1;B02
201400021340;0;7;0;0;1;2;1;A01
201400021341;0;10;0;0;2;1;1;B02
201400021341;0;7;0;0;2;1;21;A01
201400021342;0;7;0;0;2;1;13;A01
201400021342;0;10;0;0;2;3;1;B02
201400021343;0;2;0;0;0;7;21;B02
201400021343;0;10;0;0;0;2;15;A01
201400021344;0;10;0;0;2;1;13;A01
201400021344;0;7;0;0;2;1;1;B02
201400021344;0;7;0;0;2;3;1;C03
201400021345;0;14;0;0;1;5;1;A01
201400021346;0;7;0;0;0;9;0;A01
201400021347;0;36;0;0;2;3;17;A01
201400021348;0;7;0;0;1;3;1;A01
201400021349;0;36;0;12;0;7;1;A01
201400021350;0;14;0;0;1;0;0;A01
201400021351;0;7;0;0;2;1;14;A01
201400021351;0;17;0;0;2;4;24;B02
201400021352;0;7;0;0;2;2;1;A01
201400021352;0;7;0;0;2;3;16;B02
201400021353;0;7;0;13;0;2;1;A01
201400021354;0;7;0;0;1;7;1;A01
201400021355;0;33;0;0;0;0;1;A01
201400021356;0;7;0;0;2;8;1;C03
201400021356;0;7;0;0;2;3;13;A01
201400021356;0;38;0;0;2;3;1;B02
201400021357;0;7;0;0;0;0;1;A01
201400021358;0;10;0;0;2;3;13;A01
201400021358;0;7;0;0;2;3;1;B02
201400021359;0;7;0;0;0;3;0;B02
201400021359;0;34;0;0;0;7;0;A01
201400021360;0;7;0;0;1;1;0;A01
201400021361;0;7;0;0;1;2;16;A01
201400021362;0;7;0;0;1;1;1;A01
201400021363;0;7;0;8;0;4;1;A01
201400021363;1;7;0;0;0;;;Z01
201400021364;0;7;0;0;0;1;1;A01
201400021365;0;3;0;0;2;1;11;A01
201400021365;0;2;0;0;2;1;1;B01
201400021366;0;7;0;0;2;7;1;A01
201400021366;0;1;0;0;2;8;1;B01
201400021367;0;7;0;0;2;7;19;A01
201400021367;0;16;0;0;2;3;1;B01
201400021368;0;32;0;0;0;0;1;A01
201400021368;1;7;0;0;0;0;15;Z01
201400021369;0;17;0;6;0;1;1;A01
201400021370;0;1;0;0;2;1;15;B01
201400021370;0;7;0;0;1;3;15;A01
201400021371;0;7;0;0;9;1;1;A01
201400021371;0;1;0;0;2;7;1;B01
201400021372;0;7;0;0;2;2;15;A01
201400021372;0;2;0;0;2;1;17;B01
201400021373;0;1;0;0;0;7;1;B01
201400021373;0;7;0;0;2;1;1;A01
201400021374;0;7;0;0;9;3;0;A01
201400021374;0;1;0;0;2;7;1;B01
201400021375;0;7;0;0;2;8;1;B01
201400021375;0;2;0;0;2;1;19;A01
201400021376;0;7;0;0;2;1;0;A01
201400021376;0;7;0;0;0;4;1;B01
201400021377;0;2;0;0;2;1;13;A01
201400021377;0;7;0;0;0;6;1;B01
201400021378;0;7;0;0;9;3;2;A01
201400021378;0;1;0;0;2;2;1;B01
201400021379;0;7;0;0;2;2;1;A01
201400021379;0;7;0;0;2;3;16;B01
201400021380;0;7;0;0;2;2;15;A01
201400021380;0;1;0;0;2;1;1;B01
201400021381;0;7;0;0;2;1;15;A01
201400021381;0;31;0;0;2;7;1;B01
201400021382;0;2;0;0;2;1;1;A01
201400021382;0;7;0;0;0;4;1;B01
201400021383;0;31;0;0;2;1;2;A01
201400021383;0;7;0;0;0;4;2;B01
201400021384;0;7;0;0;2;1;15;A01
201400021384;0;31;0;0;2;1;1;B01
201400021385;0;7;0;0;2;3;2;A01
201400021385;0;30;0;0;2;1;2;B01
201400021386;0;7;0;0;1;2;17;A01
201400021387;0;1;0;0;2;2;15;B01
201400021387;0;7;0;0;0;3;15;A01
201400021388;0;7;0;0;1;1;1;A01
201400021389;0;30;0;0;2;7;15;B01
201400021389;0;7;0;0;2;2;0;A01
201400021390;0;7;0;0;2;0;15;A01
201400021390;0;30;0;0;2;7;1;B01
201400021391;0;3;0;0;1;1;17;A01
201400021392;0;32;0;0;2;1;0;A01
201400021392;0;7;0;0;2;0;0;B01
201400021393;0;10;0;0;1;0;0;A01
201400021394;0;7;0;1;2;0;0;A01
201400021394;0;7;0;0;2;0;0;B01
201400021395;0;7;0;0;2;1;1;A01
201400021395;0;7;0;0;2;1;1;B01
201400021396;0;7;0;0;2;1;1;A01
201400021396;0;7;0;0;2;4;23;B01
201400021396;0;7;0;0;0;4;23;C01
201400021397;0;7;0;0;2;0;0;A01
201400021397;0;7;0;0;2;0;0;B01
201400021398;0;7;0;0;2;1;13;A01
201400021398;0;7;0;0;0;1;1;B01
201400021399;0;7;0;0;1;3;15;A01
201400021400;0;7;0;0;2;3;1;A01
201400021400;0;7;0;0;2;2;15;B01
201400021401;0;7;0;0;2;2;1;A01
201400021401;0;7;0;0;0;5;23;B01
201400021402;0;7;0;0;0;4;23;B01
201400021402;0;7;0;0;2;1;1;A01
201400021403;0;10;0;0;2;3;10;A01
201400021403;0;7;0;0;2;7;17;B01
201400021404;0;1;0;0;2;3;19;A01
201400021404;0;7;0;0;2;2;1;B01
201400021405;0;7;0;0;1;1;1;A01
201400021406;0;7;0;0;2;1;1;B01
201400021406;0;7;0;0;2;7;9;A01
201400021407;0;30;0;0;2;1;1;A01
201400021407;0;10;0;0;0;4;23;B01
201400021408;0;7;0;0;9;3;22;A01
201400021408;0;1;0;1;2;0;1;B01
201400021409;0;7;0;0;2;1;1;A01
201400021409;0;7;0;0;0;4;23;B01
201400021410;0;7;0;0;2;1;1;A01
201400021410;0;7;0;0;0;4;23;B01
201400021411;0;7;0;0;2;1;2;A01
201400021411;0;7;0;0;2;4;2;B01
201400021412;0;7;0;0;2;3;19;A01
201400021412;0;7;0;0;2;2;1;B01
201400021413;0;33;0;0;2;1;1;B01
201400021413;0;1;0;0;2;7;19;A01
201400021414;0;7;0;0;1;1;9;A01
201400021415;0;7;0;0;2;1;0;A01
201400021415;0;7;0;0;2;1;0;B01
201400021416;0;7;0;0;2;2;19;A01
201400021416;0;2;0;0;2;1;0;B01
201400021417;0;7;0;0;2;1;1;A01
201400021417;0;7;0;0;0;4;23;B01
201400021418;0;7;0;0;2;1;9;A01
201400021418;0;1;0;0;2;1;0;B01
201400021419;0;7;0;0;2;5;19;A01
201400021419;0;33;0;0;2;1;0;B01
201400021420;0;7;0;0;2;3;0;A01
201400021420;0;30;0;0;2;1;0;B01
201400021421;0;7;0;0;2;1;1;A01
201400021421;0;7;0;0;2;4;23;B01
201400021422;0;7;0;0;2;3;13;A01
201400021422;0;7;0;0;0;3;1;B01
201400021423;0;7;0;0;2;1;1;B01
201400021423;0;7;0;0;2;1;19;A01
201400021424;0;33;0;0;1;1;17;A01
201400021425;0;7;0;0;2;1;2;A01
201400021425;0;7;0;0;0;4;2;B01
201400021426;0;1;0;0;2;1;0;B01
201400021426;0;7;0;0;2;3;0;A01
201400021427;0;1;0;0;2;1;13;A01
201400021427;0;7;0;0;2;3;0;B01
201400021428;0;3;0;0;2;1;0;A01
201400021428;0;7;0;0;2;1;0;B01
201400021429;0;7;0;0;1;7;1;A01
201400021430;0;7;0;0;2;3;9;A01
201400021430;0;1;0;0;2;2;1;B02
201400021431;0;7;0;0;2;2;15;A01
201400021431;0;7;0;0;2;1;0;B01
201400021432;0;7;0;0;2;1;1;A01
201400021432;0;10;0;0;2;4;23;B01
201400021432;0;10;0;0;0;4;1;C01
201400021433;0;7;0;0;2;1;1;A01
201400021433;0;7;0;0;2;4;23;B01
201400021433;0;7;0;0;0;4;23;C01
201400021434;0;7;0;0;1;1;15;A01
201400021435;0;7;0;0;2;1;0;B01
201400021435;0;33;0;0;2;3;0;A01
201400021436;0;7;0;15;0;1;14;A01
201400021437;0;7;0;0;2;2;9;A01
201400021437;0;1;0;0;2;4;1;B01
201400021438;0;7;0;0;2;1;1;A01
201400021438;0;7;0;0;0;4;23;B01
201400021439;0;7;0;0;2;2;15;A01
201400021439;0;7;0;0;2;1;1;B01
201400021440;0;7;0;0;2;1;1;A01
201400021440;0;7;0;0;5;0;1;B01
201400021441;0;7;0;0;2;1;13;A01
201400021441;0;7;0;0;9;3;1;B01
201400021442;0;7;0;0;2;4;20;A01
201400021442;0;7;0;0;2;3;1;B01
201400021443;0;7;0;0;2;1;0;B01
201400021443;0;31;0;0;2;2;0;A01
201400021444;0;7;0;0;0;6;0;B01
201400021444;0;30;0;0;2;1;2;A01
201400021445;0;7;0;0;0;4;0;B01
201400021445;0;7;0;0;2;1;0;A01
201400021446;0;7;0;0;2;3;13;A01
201400021446;0;7;0;0;2;3;1;B01
201400021447;0;7;0;0;2;3;0;A01
201400021447;0;1;0;0;2;8;0;B01
201400021448;0;7;0;0;2;1;15;B01
201400021448;0;2;0;0;2;3;9;A01
201400021449;0;7;0;0;2;6;10;A01
201400021449;0;2;0;0;2;2;17;B01
201400021450;0;7;0;0;2;1;0;B01
201400021450;0;7;0;0;2;7;0;A01
201400021451;0;1;0;0;2;7;1;B01
201400021451;0;7;0;0;2;1;9;A01
201400021452;0;1;0;0;2;7;1;B01
201400021452;0;7;0;0;2;1;9;A01
201400021453;0;7;0;0;2;3;10;A01
201400021453;0;2;0;0;2;2;17;B01
201400021454;0;30;0;0;2;1;0;B01
201400021454;0;7;0;0;2;0;0;A01
201400021455;0;7;0;0;2;1;9;A01
201400021455;0;7;0;0;2;7;1;B01
201400021456;0;7;0;0;2;1;1;A01
201400021456;0;7;0;0;2;1;23;B01
201400021456;0;7;0;0;0;4;23;C01
201400021457;0;7;0;0;2;2;0;B01
201400021457;0;7;0;0;2;3;0;A01
201400021458;0;7;0;1;0;3;13;A01
201400021459;0;7;0;0;2;8;15;A01
201400021459;0;2;0;0;2;2;17;B01
201400021460;0;7;0;0;2;2;1;A01
201400021460;0;7;0;0;0;5;16;B01
201400021461;0;7;0;0;2;2;13;A01
201400021461;0;7;0;0;2;6;1;B01
201400021462;0;7;0;0;2;1;0;B01
201400021462;0;7;0;0;2;8;5;A01
201400021463;0;7;0;0;2;1;0;B01
201400021463;0;7;0;0;2;3;0;A01
201400021464;0;7;0;0;1;2;0;A01
201400021465;0;7;0;0;2;3;1;A01
201400021465;0;7;0;0;0;5;23;B01
201400021466;0;2;0;0;2;6;0;A01
201400021466;0;10;0;0;2;8;0;B01
201400021467;0;7;0;0;2;8;1;B01
201400021467;0;1;0;0;2;7;19;A01
201400021468;0;7;0;0;2;3;13;A01
201400021468;0;7;0;0;2;3;1;B01
201400021469;0;7;0;0;1;1;1;A01
201400021470;0;2;0;0;2;1;2;A01
201400021470;0;7;0;0;2;4;2;B01
201400021471;0;7;0;0;1;1;1;A01
201400021472;0;7;0;0;2;8;9;A01
201400021472;0;30;0;0;2;1;1;B01
201400021473;0;7;0;0;2;3;9;A01
201400021473;0;1;0;0;2;2;1;B01
201400021474;0;2;0;0;2;1;0;B01
201400021474;0;7;0;0;2;3;0;A01
201400021475;0;7;0;0;2;1;1;A01
201400021475;0;7;0;0;0;4;23;B01
201400021476;0;30;0;0;1;1;17;A01
201400021477;0;7;0;0;2;7;2;A01
201400021477;0;1;0;0;0;8;2;B01
201400021478;0;7;0;0;1;0;0;A01
201400021479;0;33;0;0;2;1;1;B01
201400021479;0;7;0;0;2;8;19;A01
201400021480;0;30;0;0;2;1;0;B01
201400021480;0;7;0;0;2;8;0;A01
201400021481;0;7;0;0;2;3;2;A01
201400021481;0;1;0;0;2;2;19;B01
201400021482;0;7;0;0;2;1;1;A01
201400021482;0;7;0;0;2;2;0;B01
201400021483;0;7;0;0;2;1;21;A01
201400021483;0;30;0;0;2;1;15;B01
201400021484;0;10;0;0;1;1;1;A01
201400021485;0;7;0;0;2;3;10;A01
201400021485;0;33;0;0;2;1;2;B01
201400021486;0;7;0;0;1;1;0;A01
201400021487;0;7;0;0;2;1;0;A01
201400021487;0;1;0;0;2;0;0;B01
201400021488;0;7;0;11;0;1;2;A01
201400021489;0;7;0;0;0;1;1;A01
201400021490;0;7;0;0;1;2;2;A01
201400021491;0;1;0;0;1;0;0;A01
201400021492;0;7;0;0;2;8;19;A01
201400021492;0;2;0;0;2;1;2;B01
201400021493;0;7;0;0;1;3;2;A01
201400021494;0;7;0;0;1;1;1;A01
201400021495;0;7;0;0;2;1;9;B01
201400021495;1;7;0;0;2;1;5;Z01
201400021496;0;7;0;0;1;7;1;A01
201400021497;0;10;0;0;0;5;9;A01
201400021497;0;33;0;0;2;1;2;B01
201400021498;0;7;0;0;1;1;1;A01
201400021499;0;7;0;6;0;1;2;A01
201400021500;0;33;0;12;0;9;1;A01
201400021501;0;7;0;0;2;8;2;A01
201400021501;0;7;0;0;2;1;2;B01
201400021502;0;7;0;1;1;1;1;A01
201400021503;0;7;0;0;2;1;2;A01
201400021503;0;7;0;0;0;4;2;B01
201400021503;0;7;0;0;0;4;2;C01
201400021504;0;7;0;0;2;9;1;A01
201400021504;0;33;0;0;2;1;1;B01
201400021505;0;7;0;0;2;2;2;A01
201400021505;0;7;0;0;2;4;11;B01
201400021505;0;1;0;0;9;0;2;C01
201400021506;0;7;0;0;1;3;1;A01
201400021507;0;7;0;12;1;0;16;A01
201400021508;0;7;0;0;2;2;2;A01
201400021508;0;10;0;13;0;4;2;B01
201400021509;0;33;0;0;2;7;17;A01
201400021509;0;10;0;0;2;3;0;B01
201400021510;1;7;0;0;1;4;2;Z01
201400021510;0;7;0;0;2;1;2;A01
201400021511;0;32;0;0;2;0;1;B01
201400021511;0;7;0;0;2;0;9;A01
201400021512;0;7;0;0;2;3;15;A01
201400021512;0;34;0;0;2;1;15;B01
201400021513;0;31;0;0;2;8;1;B01
201400021513;0;7;0;0;2;6;9;A01
201400021514;1;34;0;0;2;1;21;A01
201400021514;0;7;0;0;0;5;15;B01
201400021515;0;7;0;0;2;3;15;A01
201400021515;0;33;0;0;2;1;1;B01
201400021516;0;7;0;0;1;2;2;A01
201400021517;0;2;0;0;0;0;0;A01
201400021518;0;7;0;0;2;1;2;B01
201400021518;0;1;0;0;2;8;19;A01
201400021519;0;7;0;6;0;9;1;A01
201400021520;0;7;0;0;2;4;1;A01
201400021520;0;1;0;0;2;1;0;B01
201400021521;0;7;0;0;2;1;2;A01
201400021521;0;1;0;0;0;4;15;B01
201400021522;0;7;0;3;0;0;1;A01
201400021522;1;7;0;0;0;0;5;Z01
201400021523;0;7;0;0;2;1;2;B01
201400021523;0;7;0;0;0;7;2;A01
201400021524;0;30;0;0;2;4;0;A01
201400021524;0;7;0;0;2;1;1;B01
201400021525;0;7;0;0;2;1;2;B01
201400021525;0;7;0;0;2;3;19;A01
201400021525;0;7;0;0;2;6;2;C01
201400021526;0;7;0;0;0;0;0;B01
201400021526;0;1;0;0;0;0;0;A01
201400021527;0;7;0;0;1;1;9;A01
201400021528;0;7;0;8;0;8;14;A01
201400021529;0;7;0;0;0;9;1;A01
201400021529;0;7;0;0;2;0;1;B01
201400021530;0;38;50;0;1;2;2;A01
201400021531;0;7;0;0;2;8;9;A01
201400021531;0;33;0;0;2;1;1;B01
201400021532;0;7;0;0;2;7;9;A01
201400021532;0;33;0;0;2;1;2;B01
201400021533;0;34;0;0;2;1;15;B01
201400021533;0;7;0;0;2;0;0;A01
201400021534;0;7;0;0;1;1;2;A01
201400021535;0;7;0;0;2;4;1;A01
201400021535;0;7;0;0;2;1;2;B01
201400021536;0;7;0;0;0;4;2;A01
201400021536;0;7;0;0;2;1;2;B01
201400021537;0;7;0;0;2;3;1;A01
201400021537;0;1;0;0;2;4;1;B01
201400021538;0;7;0;0;1;1;15;A01
201400021539;0;7;0;0;1;3;2;A01
201400021540;0;7;0;0;1;2;2;A01
201400021541;0;31;0;0;2;0;1;A01
201400021541;0;7;0;0;2;3;9;B01
201400021542;0;7;0;0;1;2;2;A01
201400021543;0;7;0;0;2;1;5;A01
201400021543;0;10;0;0;2;1;1;B01
201400021544;0;7;0;0;1;1;2;A01
201400021545;0;7;0;0;2;1;2;A01
201400021545;0;7;0;0;2;4;2;B01
201400021545;0;7;0;0;2;4;2;C01
201400021546;0;2;0;0;2;1;2;A01
201400021546;0;7;0;0;2;2;16;B01
201400021547;0;7;0;0;0;0;5;A01
201400021547;0;7;0;0;2;9;1;B01
201400021547;0;7;0;0;2;3;1;C01
201400021548;0;7;0;3;0;1;2;A01
201400021549;0;7;0;3;0;9;0;A01
201400021550;0;10;0;0;0;4;16;A01