num_acc;senc;catv;occutc;obs;obsm;choc;manv;num_veh
201400021550;0;33;0;0;0;1;1;B02
201400021551;0;33;0;0;2;9;5;A01
201400021551;0;7;0;0;0;6;1;B02
201400021552;0;33;0;0;2;1;13;A01
201400021552;0;7;0;0;2;3;1;B02
201400021553;0;7;0;0;0;3;23;A01
201400021553;0;1;0;0;0;3;15;B02
201400021554;0;14;0;0;2;3;1;A01
201400021554;0;7;0;0;2;3;1;B02
201400021555;0;7;0;0;2;1;1;B02
201400021555;0;7;0;3;2;2;1;A01
201400021556;0;14;0;0;2;1;1;A01
201400021556;0;14;0;0;0;4;1;B02
201400021557;0;32;0;0;0;0;1;A01
201400021558;0;7;0;10;2;1;5;C03
201400021558;0;7;0;0;2;2;21;A01
201400021558;0;7;0;8;0;6;15;B02
201400021559;0;7;0;0;2;2;15;B02
201400021559;0;7;0;0;2;1;1;A01
201400021560;0;7;0;1;0;1;1;A01
201400021561;0;33;0;0;2;1;17;B02
201400021561;0;7;0;0;2;6;15;A01
201400021562;0;33;0;13;0;1;11;A01
201400021563;0;1;0;1;0;1;14;A01
201400021564;0;7;0;0;2;1;1;A01
201400021564;0;1;0;0;2;4;11;B02
201400021565;0;7;0;0;1;2;17;A01
201400021566;0;10;0;0;2;1;13;A01
201400021566;0;7;0;0;2;1;1;B02
201400021567;0;7;0;0;5;1;21;A01
201400021568;0;7;0;0;2;1;1;B02
201400021568;0;7;0;0;2;6;15;A01
201400021569;0;1;0;0;2;1;1;A01
201400021569;0;7;0;0;0;4;23;B02
201400021570;0;10;0;0;1;3;1;A01
201400021571;0;10;0;0;2;1;1;B02
201400021571;0;36;0;0;2;1;13;A01
201400021572;0;7;0;0;2;2;1;B02
201400021572;0;7;0;0;2;3;19;A01
201400021573;0;7;0;2;0;5;1;A01
201400021574;0;10;0;0;2;1;0;A01
201400021574;0;30;0;0;2;7;1;B02
201400021575;0;7;0;0;1;1;0;A01
201400021576;0;7;0;2;0;2;1;A01
201400021577;0;7;0;0;2;1;1;B02
201400021577;0;7;0;0;2;1;5;A01
201400021578;0;7;0;13;0;2;14;A01
201400021579;0;17;0;13;0;2;14;A01
201400021580;0;7;0;4;0;1;13;A01
201400021581;0;7;0;0;2;1;2;A01
201400021581;0;17;0;0;2;4;1;B02
201400021582;0;7;0;0;2;2;2;B02
201400021582;0;17;0;0;0;6;2;A01
201400021583;0;15;0;0;2;6;2;C03
201400021583;0;7;0;14;0;7;2;E05
201400021583;0;15;0;0;2;1;2;A01
201400021584;0;17;0;0;2;1;2;A01
201400021584;0;7;0;0;0;4;2;C03
201400021585;0;10;0;4;0;1;1;A01
201400021585;0;7;0;0;9;3;1;B02
201400021586;0;7;0;14;0;1;0;C03
201400021586;0;7;0;4;0;1;0;A01
201400021586;0;7;0;14;0;3;0;B02
201400021586;0;7;0;14;0;7;0;D04
201400021587;0;10;0;0;2;8;1;B02
201400021587;0;7;0;0;2;2;17;A01
201400021588;0;7;0;0;2;4;2;B02
201400021588;0;10;0;0;2;1;2;A01
201400021589;0;10;0;0;2;1;1;B02
201400021589;0;7;0;0;2;7;1;A01
201400021590;0;7;0;10;5;3;1;A01
201400021591;0;7;0;0;0;2;1;A01
201400021592;0;7;0;0;1;3;1;A01
201400021593;0;7;0;8;2;4;10;B01
201400021593;0;7;0;0;2;1;2;A01
201400021594;0;3;0;3;0;0;1;A01
201400021595;0;7;0;0;2;3;15;B01
201400021595;0;33;0;0;2;7;15;A01
201400021596;0;7;0;0;1;2;1;A01
201400021597;0;7;0;0;1;2;1;A01
201400021598;0;7;0;0;1;2;1;A01
201400021599;0;7;0;0;2;1;1;A01
201400021599;0;7;0;0;2;4;23;B01
201400021599;0;7;0;0;2;4;23;C01
201400021600;0;7;0;0;1;0;0;A01
201400021601;0;10;0;0;1;3;1;A01
201400021602;0;7;0;0;1;1;1;A01
201400021603;0;36;0;0;2;1;13;A01
201400021603;0;7;0;0;2;1;1;B01
201400021604;0;7;0;9;2;3;15;B01
201400021604;0;7;0;9;2;1;13;A01
201400021605;0;7;0;12;1;1;1;A01
201400021606;0;7;0;0;1;1;1;A01
201400021607;0;31;0;0;2;1;2;B01
201400021607;0;7;0;0;2;8;24;A01
201400021608;0;10;0;0;1;1;1;A01
201400021609;0;2;0;0;2;1;12;A01
201400021609;0;7;0;0;2;3;1;B01
201400021610;0;30;0;0;2;4;2;B01
201400021611;0;7;0;6;0;0;2;A01
201400021612;0;7;0;0;1;1;1;A01
201400021613;0;7;0;0;1;1;2;A01
201400021614;0;7;0;0;1;1;0;A01
201400021615;0;7;0;0;1;2;1;A01
201400021616;0;33;0;0;2;4;0;A01
201400021617;0;7;0;0;1;0;1;A01
201400021618;0;33;0;0;2;1;5;B01
201400021618;0;7;0;0;2;3;5;A01
201400021619;0;7;0;0;2;6;1;B02
201400021619;0;30;0;0;2;1;17;A01
201400021620;0;7;0;0;1;3;1;A01
201400021621;1;7;0;0;1;3;1;A01
201400021622;0;7;0;0;1;1;17;A01
201400021623;0;33;0;0;2;1;1;B01
201400021623;0;7;0;0;0;7;1;A01
201400021623;0;7;0;0;2;3;1;C01
201400021624;0;7;0;2;0;1;2;A01
201400021625;0;7;0;0;1;6;4;A01
201400021626;0;7;0;0;0;3;1;B01
201400021626;0;10;0;0;0;2;1;A01
201400021627;0;7;0;0;2;8;9;A01
201400021627;0;1;0;0;0;7;1;B01
201400021628;0;15;0;0;2;2;1;B01
201400021628;0;7;0;0;2;1;9;A01
201400021629;0;37;4;0;2;4;1;B01
201400021629;0;7;0;0;2;1;1;A01
201400021630;0;7;0;0;2;7;1;A01
201400021630;0;7;0;0;2;3;1;B01
201400021631;0;2;0;0;1;1;1;A01
201400021632;0;7;0;0;2;4;2;B01
201400021632;0;7;0;0;2;4;2;C01
201400021632;0;7;0;0;0;1;2;A01
201400021633;0;7;0;0;2;7;2;C01
201400021633;0;7;0;0;2;3;1;B01
201400021633;0;7;0;0;2;3;1;A01
201400021634;0;7;0;15;0;1;14;A01
201400021635;0;7;0;13;0;9;21;A01
201400021636;0;7;0;13;0;2;14;A01
201400021637;0;7;0;13;0;9;14;A01
201400021638;0;7;0;13;0;9;21;A01
201400021639;0;7;0;0;2;3;1;B02
201400021639;1;99;0;0;2;0;14;A01
201400021640;0;7;0;13;0;2;1;A01
201400021641;0;7;0;13;0;2;14;A01
201400021642;0;7;0;0;2;4;2;A01
201400021642;0;7;0;0;2;1;2;B02
201400021642;0;7;0;0;2;4;2;C03
201400021642;0;7;0;0;2;1;2;D04
201400021643;0;13;0;2;0;1;1;A01
201400021644;0;7;0;0;6;1;1;A01
201400021645;0;7;0;0;2;1;5;A01
201400021645;0;7;0;0;2;1;1;B02
201400021646;0;33;0;10;0;8;1;A01
201400021647;0;7;0;0;1;1;17;A01
201400021648;0;31;0;0;2;1;1;B02
201400021648;0;10;0;0;2;3;15;A01
201400021649;0;10;0;0;1;1;20;A01
201400021650;0;7;0;0;0;6;1;B02
201400021650;0;33;0;0;2;1;1;A01
201400021651;0;7;0;0;1;3;15;A01
201400021652;0;33;0;6;0;1;1;A01
201400021653;0;33;0;0;2;9;17;B02
201400021653;0;7;0;0;2;6;1;A01
201400021654;0;2;0;13;0;7;1;A01
201400021655;0;33;0;5;0;1;1;A01
201400021656;0;7;0;0;2;6;23;A01
201400021656;0;31;0;0;2;1;2;B02
201400021657;0;7;0;0;1;2;1;A01
201400021658;0;33;0;6;0;1;1;A01
201400021659;0;1;0;0;0;0;1;A01
201400021660;0;7;0;0;9;7;2;A01
201400021660;0;1;0;0;2;8;2;B02
201400021661;0;2;0;0;2;1;13;A01
201400021661;0;7;0;0;2;2;1;B02
201400021662;0;7;0;0;2;3;1;B02
201400021662;0;2;0;0;2;1;17;A01
201400021663;0;14;0;0;2;7;1;B02
201400021663;0;30;0;0;2;1;1;A01
201400021664;0;7;0;0;2;2;1;A01
201400021664;0;7;0;0;2;3;1;B01
201400021665;0;7;0;0;2;8;15;B01
201400021665;0;33;0;0;2;8;1;A01
201400021666;0;7;0;8;0;1;1;A01
201400021667;0;7;0;0;2;1;9;A01
201400021667;0;33;0;0;2;6;1;B01
201400021668;0;7;0;0;2;1;1;B01
201400021668;0;2;0;0;2;1;1;A01
201400021669;0;14;0;0;2;1;1;C01
201400021669;0;37;1;0;2;1;13;A01
201400021669;0;7;0;0;2;8;1;B01
201400021670;0;33;0;0;2;1;1;B01
201400021670;0;7;0;0;2;3;15;A01
201400021671;0;1;0;0;2;1;1;B01
201400021671;0;7;0;0;2;2;1;A01
201400021672;0;14;0;0;1;0;4;A01
201400021673;0;7;0;0;2;3;1;B01
201400021673;0;7;0;0;2;2;1;A01
201400021674;0;1;0;0;2;1;16;B01
201400021674;0;7;0;0;2;3;16;A01
201400021675;0;7;0;0;1;1;1;A01
201400021676;0;7;0;1;1;4;4;A01
201400021677;0;7;0;0;1;1;1;A01
201400021678;0;7;0;0;2;6;1;B01
201400021678;0;10;0;0;2;1;1;A01
201400021679;0;1;0;0;2;7;1;B02
201400021679;0;7;0;0;9;1;15;A01
201400021680;0;1;0;0;0;4;0;B02
201400021680;0;7;0;0;9;3;2;A01
201400021681;0;7;0;0;2;5;17;A01
201400021681;0;7;0;0;2;3;1;B02
201400021682;0;7;0;5;0;1;14;A01
201400021683;0;33;0;0;2;1;2;A01
201400021683;0;7;0;0;0;4;2;B02
201400021684;0;15;0;3;2;1;1;A01
201400021684;0;17;0;0;2;3;1;B02
201400021684;0;17;0;0;2;8;1;C03
201400021685;0;7;0;0;2;1;5;A01
201400021685;0;7;0;0;2;1;1;B02
201400021686;0;7;0;6;0;2;1;A01
201400021687;0;7;0;16;0;9;1;A01
201400021688;0;31;0;0;0;0;1;A01
201400021689;0;7;0;0;2;3;15;B02
201400021689;0;7;0;0;2;2;16;A01
201400021690;0;7;0;0;2;2;1;A01
201400021690;0;7;0;0;2;1;1;B02
201400021691;0;3;0;0;2;1;1;A01
201400021691;0;7;0;0;2;4;1;B02
201400021692;0;7;0;9;0;1;1;A01
201400021693;0;33;0;0;2;1;1;A01
201400021693;0;37;1;0;2;8;15;B02
201400021694;0;30;0;0;2;1;1;B02
201400021694;0;7;0;0;2;6;15;A01
201400021695;0;7;0;0;2;2;1;A01
201400021695;0;2;0;0;2;8;1;B02
201400021696;0;7;0;0;2;1;1;B02
201400021696;0;7;0;0;2;3;1;C03
201400021696;0;7;0;0;2;0;1;A01
201400021697;0;7;0;4;0;3;1;A01
201400021698;0;7;0;;0;1;1;B02
201400021698;0;7;0;0;2;6;1;A01
201400021698;0;7;0;;;;;C03
201400021699;0;7;0;3;0;1;1;A01
201400021700;0;7;0;0;2;1;1;A01
201400021700;0;17;0;0;0;6;1;B02
201400021701;0;7;0;0;1;2;1;A01
201400021702;0;15;0;0;2;2;6;A01
201400021702;0;7;0;0;2;3;1;B02
201400021703;0;10;0;3;0;7;1;A01
201400021704;0;7;0;0;2;1;17;A01
201400021704;0;7;0;0;2;6;1;B02
201400021705;0;7;0;3;0;2;1;A01
201400021706;0;14;0;3;0;8;2;A01
201400021707;0;7;0;3;0;1;1;D04
201400021707;0;17;0;3;2;2;1;A01
201400021707;0;7;0;3;0;1;1;B02
201400021707;0;7;0;3;0;1;1;C03
201400021707;0;7;0;14;0;1;1;E05
201400021708;0;17;0;0;0;4;2;B02
201400021708;0;17;0;0;2;1;2;A01
201400021709;0;7;0;4;0;1;1;A01
201400021710;0;14;0;0;0;6;23;A01
201400021710;0;7;0;1;0;2;1;B02
201400021711;0;7;0;0;0;7;2;A01
201400021711;0;7;0;0;2;1;2;B02
201400021712;0;10;0;0;2;2;2;A01
201400021712;0;17;0;0;2;6;2;B01
201400021713;0;7;0;0;2;6;5;B02
201400021713;0;7;0;0;2;1;5;C03
201400021713;0;7;0;0;2;1;1;A01
201400021714;0;7;0;0;1;1;21;A01
201400021715;0;7;0;1;0;1;1;A01
201400021715;0;7;0;6;2;4;24;B02
201400021716;0;7;0;0;2;1;13;B02
201400021716;0;7;0;0;2;1;1;A01
201400021717;0;7;0;0;2;3;1;B01
201400021717;0;33;0;0;2;1;21;A01
201400021717;0;33;0;0;2;8;23;C01
201400021718;0;7;0;0;1;7;17;A01
201400021719;0;30;0;0;0;0;0;A01
201400021720;0;7;0;0;2;4;23;D01
201400021720;0;7;0;0;2;1;1;A01
201400021720;0;7;0;0;2;4;23;B01
201400021720;0;7;0;0;2;4;23;C01
201400021721;0;1;0;0;0;1;1;B01
201400021721;0;7;0;0;9;2;22;A01
201400021722;0;38;1;0;1;2;0;A01
201400021723;0;7;0;0;0;0;0;A01
201400021723;0;32;0;0;2;1;1;B01
201400021724;0;7;0;0;1;3;1;A01
201400021725;0;7;0;0;1;1;0;A01
201400021726;0;37;0;0;1;7;1;A01
201400021727;0;1;0;0;4;7;1;B01
201400021727;0;7;0;0;2;1;1;A01
201400021728;0;7;0;0;2;2;15;C01
201400021728;0;33;0;12;2;2;21;A01
201400021728;0;7;0;0;2;1;1;B01
201400021729;1;7;0;0;1;0;0;A01
201400021730;0;7;0;0;0;8;1;B01
201400021730;0;7;0;0;2;1;15;A01
201400021731;0;32;0;0;2;7;1;B01
201400021731;0;7;0;0;2;8;20;A01
201400021732;0;33;0;0;0;0;0;B01
201400021732;0;13;0;0;0;0;0;A01
201400021733;0;7;0;0;2;5;2;B01
201400021733;0;2;0;0;2;1;2;A01
201400021734;0;7;0;0;1;3;0;A01
201400021735;0;7;0;9;0;1;1;A01
201400021736;0;7;0;0;0;4;1;A01
201400021736;0;33;0;0;2;1;1;B01
201400021737;0;7;0;0;1;1;1;A01
201400021738;0;7;0;0;2;1;17;B01
201400021738;0;7;0;0;2;8;10;A01
201400021739;0;30;0;0;2;2;2;B01
201400021739;0;7;0;0;2;3;2;A01
201400021740;0;34;0;0;2;1;17;A01
201400021740;0;7;0;0;2;1;15;B01
201400021741;0;1;0;0;2;7;21;B01
201400021741;0;7;0;0;9;1;9;A01
201400021742;0;7;0;0;1;0;0;A01
201400021743;0;33;0;3;0;3;1;A01
201400021744;0;1;0;0;2;1;1;B01
201400021744;0;7;0;0;2;1;9;A01
201400021745;0;7;0;0;2;5;15;A01
201400021745;0;33;0;0;2;1;0;B01
201400021746;0;1;0;0;2;2;1;B01
201400021746;0;7;0;0;2;3;15;A01
201400021747;0;7;0;13;0;9;2;A01
201400021748;0;2;0;12;0;1;13;A01
201400021749;0;7;0;0;1;0;0;A01
201400021750;0;33;0;0;0;8;2;A01
201400021751;0;7;0;0;2;4;2;C01
201400021751;0;7;0;0;2;4;2;B01
201400021751;0;7;0;0;2;1;2;A01
201400021752;0;7;0;0;2;1;1;B01
201400021752;0;7;0;0;2;1;13;A01
201400021753;0;7;0;4;0;1;0;A01
201400021754;0;34;0;0;0;8;16;A01
201400021755;0;7;0;7;0;1;21;A01
201400021756;0;2;0;0;1;8;1;A01
201400021757;0;7;0;0;1;3;20;A01
201400021758;0;33;0;0;0;0;0;A01
201400021759;0;2;0;0;0;0;0;A01
201400021760;0;7;0;0;2;3;15;A01
201400021760;0;1;0;0;2;1;1;B01
201400021761;0;7;0;0;1;2;20;A01
201400021762;0;30;0;0;2;1;0;B01
201400021762;0;7;0;0;2;1;15;A01
201400021763;0;38;1;0;1;2;1;A01
201400021764;0;7;0;0;1;3;1;A01
201400021765;0;7;0;0;2;1;2;A01
201400021765;0;7;0;0;2;4;2;B01
201400021765;0;7;0;0;2;4;12;C01
201400021766;0;7;0;13;0;3;1;A01
201400021767;0;1;0;0;0;0;0;A01
201400021768;0;7;0;0;0;8;23;B01
201400021768;0;7;0;0;1;3;1;A01
201400021769;0;7;0;0;1;1;1;A01
201400021770;0;33;0;0;2;1;1;B01
201400021770;0;7;0;0;0;8;16;A01
201400021771;0;7;0;0;1;1;1;A01
201400021772;0;33;0;0;2;1;1;B01
201400021772;0;7;0;0;2;2;15;A01
201400021773;0;7;0;14;0;1;1;A01
201400021774;0;1;0;0;2;1;1;B01
201400021774;0;7;0;0;2;1;15;A01
201400021775;0;30;0;14;0;1;2;A01
201400021775;0;7;0;0;0;5;2;B01
201400021776;0;2;0;0;2;3;1;B01
201400021776;0;7;0;0;2;3;15;A01
201400021777;0;7;0;0;1;1;1;A01
201400021778;0;7;0;0;9;2;0;B01
201400021778;0;1;0;0;2;3;0;A01
201400021779;0;30;0;0;2;1;0;A01
201400021779;1;7;0;0;2;0;0;Z01
201400021780;0;7;0;0;1;2;1;A01
201400021781;0;7;0;8;0;1;2;A01
201400021782;0;33;0;0;2;1;0;A01
201400021782;0;7;0;0;2;2;1;B01
201400021783;0;15;0;0;2;2;15;A01
201400021783;0;7;0;0;9;1;1;B01
201400021784;0;7;0;0;2;4;2;B01
201400021784;0;7;0;0;2;1;2;A01
201400021785;0;7;0;0;2;8;23;A01
201400021785;0;7;0;0;2;1;1;B01
201400021786;0;32;0;0;2;2;19;A01
201400021786;0;7;0;0;2;3;19;B01
201400021787;0;7;0;0;2;2;0;A01
201400021788;0;7;0;0;2;7;13;A01
201400021788;0;7;0;0;2;1;2;B01
201400021789;0;7;0;0;2;1;2;A01
201400021789;0;7;0;0;2;4;2;B01
201400021790;0;7;0;0;1;1;1;A01
201400021791;0;38;0;0;1;4;4;A01
201400021792;0;33;0;0;2;2;15;B01
201400021792;0;7;0;0;2;1;15;A01
201400021793;0;3;0;0;0;0;1;A01
201400021794;0;32;0;0;0;8;21;A01
201400021794;0;7;0;0;0;0;24;B01
201400021795;0;7;0;0;0;7;15;A01
201400021795;0;31;0;0;2;1;1;B01
201400021796;0;7;0;0;0;1;12;A01
201400021796;0;1;0;0;0;0;0;B01
201400021797;0;33;0;0;0;1;1;B01
201400021797;0;7;0;0;0;3;15;A01
201400021798;0;7;0;0;0;4;0;B01
201400021798;0;7;0;0;2;1;1;A01
201400021799;0;10;0;0;0;0;0;B01
201400021799;0;32;0;0;0;8;1;A01
201400021800;0;7;0;0;9;3;1;A01
201400021800;0;1;0;0;2;2;19;B01
201400021801;0;7;0;0;2;1;2;A01
201400021801;0;15;0;0;0;4;2;B01
201400021802;0;33;0;0;2;6;0;B01
201400021802;0;7;0;0;2;6;0;A01
201400021803;0;2;0;0;2;7;17;A01
201400021803;0;7;0;0;2;3;15;B01
201400021804;0;30;0;0;0;0;2;A01
201400021805;0;7;0;0;2;2;15;A01
201400021805;0;37;2;0;2;6;1;B01
201400021806;0;7;0;0;2;3;16;A01
201400021806;0;7;0;0;2;1;1;B01
201400021807;0;30;0;0;0;7;0;A01
201400021808;0;7;0;0;1;3;1;A01
201400021809;0;7;0;0;1;2;0;A01
201400021810;0;33;0;0;0;8;0;A01
201400021811;0;7;0;2;0;9;2;A01
201400021812;0;7;0;0;1;1;1;A01
201400021813;0;37;1;0;2;3;7;B01
201400021813;0;7;0;0;2;2;16;A01
201400021814;0;7;0;0;2;1;2;A01
201400021814;0;7;0;0;2;4;2;B01
201400021815;0;7;0;0;1;1;1;A01
201400021816;0;30;0;0;2;1;1;B01
201400021816;0;7;0;0;2;2;15;A01
201400021817;0;33;0;0;0;1;0;A01
201400021818;0;7;0;0;2;2;15;B01
201400021818;0;7;0;0;2;1;17;A01
201400021819;0;33;0;0;2;7;2;A01
201400021819;1;7;0;0;2;0;2;Z01
201400021820;0;1;0;0;0;0;0;B01
201400021820;0;7;0;0;2;1;9;A01
201400021821;0;1;0;0;1;8;19;B01
201400021821;0;7;0;0;9;3;1;A01
201400021822;0;7;0;0;1;3;4;A01
201400021823;0;7;0;0;2;8;1;C01
201400021823;0;33;0;0;2;7;1;A01
201400021823;0;7;0;0;0;7;16;B01
201400021824;0;7;0;0;2;1;2;A01
201400021824;0;7;0;0;2;4;2;B01
201400021825;0;33;0;0;2;1;1;B01
201400021825;0;7;0;0;2;1;13;A01
201400021826;0;1;0;0;2;7;19;B01
201400021826;0;7;0;0;2;1;1;A01
201400021827;0;7;0;0;2;3;0;A01
201400021827;0;1;0;0;0;6;0;B01
201400021828;0;7;0;0;2;1;9;A01
201400021828;0;7;0;0;2;7;19;B01
201400021829;0;7;0;0;2;4;1;B01
201400021829;0;7;0;0;2;1;1;A01
201400021830;0;34;0;0;2;1;9;A01
201400021830;0;7;0;0;2;1;1;B01
201400021831;0;7;0;0;1;4;4;A01
201400021832;0;7;0;0;1;1;1;A01
201400021833;0;7;0;0;1;1;1;A01
201400021834;0;2;0;0;0;8;1;A01
201400021835;0;1;0;0;0;0;0;B01
201400021835;0;7;0;0;9;7;13;A01
201400021836;0;7;0;7;0;1;1;A01
201400021837;0;10;0;0;2;1;1;A01
201400021837;0;7;0;0;2;3;15;B01
201400021838;0;33;0;0;0;0;0;A01
201400021839;0;7;0;13;0;0;1;A01
201400021840;0;7;0;0;9;5;16;A01
201400021840;0;1;0;0;2;1;2;B01
201400021841;0;7;0;0;1;2;15;A01
201400021842;0;7;0;0;9;3;1;A01
201400021842;0;1;0;0;2;1;15;B01
201400021843;0;7;0;0;2;2;9;B01
201400021843;0;7;0;0;2;3;1;A01
201400021844;0;7;0;0;2;6;1;A01
201400021844;0;33;0;0;2;2;1;B01
201400021845;0;7;0;0;1;3;2;A01
201400021846;0;7;0;0;2;5;2;C01
201400021846;0;7;0;0;2;3;2;A01
201400021846;0;7;0;0;2;5;2;B01
201400021846;0;7;0;0;2;5;2;D01
201400021847;0;7;0;0;1;1;1;A01
201400021848;0;32;0;0;0;7;2;A01
201400021849;0;13;0;0;0;1;1;A01
201400021849;0;33;0;0;0;1;2;B01
201400021850;0;7;0;0;2;8;15;B01
201400021850;0;7;0;0;2;1;2;A01
201400021851;0;7;0;0;2;2;17;A01
201400021851;0;2;0;0;2;6;15;B01
201400021852;0;7;0;2;1;3;16;A01
201400021853;0;32;0;0;2;1;2;A01
201400021853;0;7;0;0;2;6;1;B01
201400021854;0;7;0;6;0;1;0;A01
201400021855;0;10;0;0;2;1;2;A01
201400021855;0;7;0;0;0;4;2;B01
201400021856;0;7;0;0;2;1;2;A01
201400021856;0;7;0;0;2;4;2;B01
201400021856;0;7;0;0;2;4;2;C01
201400021856;0;7;0;0;0;4;2;D01
201400021857;0;7;0;0;0;1;5;A01
201400021857;0;1;0;0;0;4;5;B01
201400021858;0;7;0;0;2;9;2;B01
201400021858;0;7;0;0;2;9;2;A01
201400021859;0;7;0;0;2;8;15;A01
201400021859;0;33;0;0;2;1;17;B01
201400021860;0;7;0;0;2;4;2;B01
201400021860;0;7;0;0;2;1;2;A01
201400021861;0;7;0;0;0;0;1;B01
201400021861;0;7;0;0;2;1;0;A01
201400021862;0;7;0;0;2;1;0;A01
201400021862;0;7;0;0;2;4;0;B01
201400021862;0;7;0;0;2;4;0;C01
201400021863;0;7;0;1;0;1;2;A01
201400021864;0;7;0;0;9;2;1;A01
201400021864;0;1;0;0;2;1;1;B01
201400021865;0;34;0;0;2;1;1;A01
201400021865;0;7;0;0;2;2;20;B01
201400021866;0;1;0;0;2;1;19;B01
201400021866;0;7;0;0;9;2;1;A01
201400021867;1;32;0;0;1;3;16;A01
201400021868;0;7;0;0;2;3;2;A01
201400021868;0;31;0;0;2;2;2;B01
201400021869;0;7;0;0;2;3;15;A01
201400021869;0;33;0;0;2;7;2;B01
201400021870;0;7;0;8;0;1;13;A01
201400021871;0;7;0;2;0;8;0;A01
201400021872;1;7;0;0;2;1;1;A01
201400021872;0;1;0;0;2;7;1;B01
201400021873;0;7;0;0;1;2;1;A01
201400021874;0;7;0;0;0;3;0;B01
201400021874;0;99;0;0;1;0;0;A01
201400021875;0;30;0;0;0;1;1;A01
201400021876;0;7;0;0;1;8;2;A01
201400021877;0;7;0;0;2;3;15;A01
201400021877;0;7;0;0;2;3;1;B01
201400021878;0;7;0;0;2;2;15;A01
201400021878;0;33;0;0;2;1;1;B01
201400021879;0;7;0;0;1;3;13;A01
201400021880;0;2;0;0;2;2;17;B01
201400021880;0;7;0;0;2;3;15;A01
201400021881;0;17;0;0;2;4;2;B01
201400021881;0;10;0;0;2;1;1;A01
201400021882;0;37;0;0;1;1;7;A01
201400021883;0;7;0;13;0;2;1;A01
201400021884;0;7;0;0;0;0;11;A01
201400021884;0;32;0;0;2;0;2;B01
201400021885;0;7;0;0;1;2;1;A01
201400021886;0;7;0;0;0;3;10;B01
201400021886;0;33;0;0;2;1;1;A01
201400021887;0;7;0;0;1;1;16;A01
201400021888;0;30;0;0;2;3;15;A01
201400021888;0;14;0;0;2;3;1;B01
201400021889;0;30;0;0;0;8;2;A01
201400021890;0;33;0;0;0;0;13;A01
201400021891;0;2;0;0;0;0;1;B01
201400021891;0;7;0;0;0;4;1;A01
201400021892;1;7;0;1;0;1;13;A01
201400021893;0;31;0;12;0;1;1;A01
201400021894;0;2;0;0;5;1;1;A01
201400021895;0;7;0;0;0;4;2;C01
201400021895;0;7;0;0;2;4;2;B01
201400021895;0;7;0;0;2;1;2;A01
201400021896;0;7;0;0;0;0;0;B01
201400021896;0;1;0;0;0;0;0;A01
201400021897;0;10;0;0;1;8;1;A01
201400021898;0;7;0;13;0;1;21;A01
201400021899;0;7;0;0;2;3;1;A01
201400021899;0;3;0;0;2;2;19;B02
201400021900;0;7;0;0;0;7;1;A01
201400021901;0;31;0;0;2;1;1;B02
201400021901;0;7;0;0;2;7;15;A01
201400021902;0;7;0;0;2;1;13;A01
201400021902;0;7;0;0;2;1;13;B02
201400021903;0;7;0;6;0;1;1;A01
201400021904;0;7;0;6;0;2;1;A01
201400021905;0;7;0;0;2;1;19;A01
201400021905;0;1;0;0;2;0;23;B02
201400021905;0;7;0;0;2;3;1;C03
201400021906;0;7;0;0;2;3;1;A01
201400021906;0;7;0;0;2;3;1;B02
201400021907;0;7;0;2;0;2;13;A01
201400021908;0;10;0;0;2;7;1;A01
201400021908;0;30;0;0;2;1;19;B02
201400021909;0;7;0;0;2;1;1;B02
201400021909;0;10;0;0;2;2;15;A01
201400021910;0;7;0;0;0;7;1;A01
201400021911;0;2;0;1;0;1;1;A01
201400021912;0;7;0;0;2;1;1;B02
201400021912;0;7;0;0;2;1;1;C03
201400021912;0;7;0;0;2;1;13;A01
201400021913;0;37;1;0;0;4;23;B01
201400021913;0;2;0;0;2;1;2;A01
201400021914;0;7;0;0;0;4;2;B01
201400021914;0;15;0;0;2;1;1;A01
201400021915;0;7;0;0;1;2;1;A01
201400021916;0;7;0;0;2;1;1;A01
201400021916;0;33;0;0;2;4;1;B01
201400021917;0;32;0;0;2;1;1;B01
201400021917;0;7;0;0;2;3;15;A01
201400021918;0;7;0;0;1;2;1;A01
201400021919;0;7;0;0;2;3;1;B01
201400021919;0;10;0;0;2;3;13;A01
201400021920;0;7;0;0;1;2;15;A01
201400021921;0;7;0;0;2;3;10;B01
201400021921;0;32;0;0;2;1;17;A01
201400021922;0;7;0;0;1;2;0;A01
201400021923;0;2;0;0;2;5;1;B01
201400021923;0;7;0;0;2;1;9;A01
201400021924;0;33;0;0;2;7;1;B01
201400021924;0;7;0;0;2;1;15;A01
201400021925;0;7;0;0;9;2;0;B01
201400021925;0;1;0;0;2;1;5;A01
201400021926;0;7;0;0;2;1;13;A01
201400021926;0;7;0;0;2;1;1;B01
201400021927;0;7;0;2;0;3;0;A01
201400021928;0;7;0;0;2;1;1;B01
201400021928;0;7;0;0;6;7;13;A01
201400021929;0;7;0;9;2;1;14;A01
201400021929;0;7;0;0;2;8;2;B01
201400021930;0;14;0;13;2;1;0;B01
201400021930;0;7;0;13;2;1;19;A01
201400021931;0;7;0;2;0;8;1;A01
201400021932;1;7;0;0;0;0;0;A01
201400021932;0;7;0;0;0;6;0;B01
201400021933;0;39;0;0;2;1;1;B01
201400021933;0;7;0;0;4;7;1;A01
201400021934;0;7;0;0;2;1;13;A01
201400021934;0;7;0;0;2;3;1;C01
201400021934;0;7;0;0;2;6;1;B01