num_acc;senc;catv;occutc;obs;obsm;choc;manv;num_veh
201400021935;0;32;0;0;2;1;2;A01
201400021935;0;7;0;0;2;6;2;B01
201400021936;0;1;0;0;2;6;2;B01
201400021936;1;3;0;0;9;2;2;A01
201400021937;0;7;0;0;2;3;9;A01
201400021937;0;7;0;0;2;2;1;B01
201400021938;0;7;0;0;2;3;1;B01
201400021938;0;33;0;0;2;1;16;A01
201400021939;0;7;0;0;1;1;1;A01
201400021940;0;7;0;0;1;2;1;A01
201400021941;0;7;0;0;2;1;13;A01
201400021941;0;7;0;0;2;1;1;B01
201400021942;0;7;0;0;2;5;1;B01
201400021942;0;7;0;0;2;3;1;A01
201400021943;0;33;0;0;2;1;1;B01
201400021943;0;33;0;0;2;1;17;A01
201400021944;0;7;0;0;1;1;1;A01
201400021945;0;7;0;0;9;5;1;B01
201400021945;0;1;0;0;2;1;1;A01
201400021946;0;30;0;0;2;8;1;B01
201400021946;0;7;0;0;2;7;9;A01
201400021947;0;7;0;0;2;3;1;B01
201400021947;0;7;0;0;2;5;12;A01
201400021948;0;34;0;11;0;5;16;A01
201400021949;0;7;0;0;1;2;1;A01
201400021950;0;7;0;0;2;3;10;A01
201400021950;0;7;0;0;2;1;1;B01
201400021951;0;7;0;0;0;9;1;A01
201400021952;0;7;0;0;2;4;1;B01
201400021952;1;7;0;7;2;1;2;A01
201400021953;0;7;0;2;2;1;17;A01
201400021953;0;7;0;0;2;1;1;B01
201400021954;0;7;0;0;1;5;4;A01
201400021955;0;7;0;0;2;1;1;A01
201400021955;0;14;0;0;2;4;1;B02
201400021955;0;7;0;0;2;1;1;C03
201400021955;0;17;0;0;2;6;1;D04
201400021955;0;7;0;0;2;1;1;E05
201400021956;0;15;0;1;0;5;14;A01
201400021956;0;15;0;0;0;6;24;B02
201400021957;0;7;0;3;0;1;1;A01
201400021958;0;7;0;4;0;9;1;A01
201400021959;0;7;0;0;2;1;2;A01
201400021959;0;17;0;0;0;4;2;B02
201400021960;0;10;0;0;2;2;14;A01
201400021960;0;17;0;0;0;6;1;B02
201400021961;0;17;0;0;2;4;2;B02
201400021961;0;14;0;0;2;2;1;A01
201400021962;0;7;0;0;2;3;9;B02
201400021962;0;7;0;0;2;2;1;A01
201400021963;0;33;0;0;2;8;21;B01
201400021963;0;7;0;0;2;6;13;A01
201400021964;0;7;0;0;2;1;19;B02
201400021964;0;7;0;0;2;8;1;A01
201400021965;0;7;0;0;2;3;1;B01
201400021965;0;7;0;0;2;1;13;A01
201400021966;0;7;0;13;2;4;12;A01
201400021966;0;17;0;0;2;2;1;B02
201400021967;0;10;0;6;0;1;1;A01
201400021968;0;7;0;13;0;1;1;A01
201400021969;0;7;0;13;0;4;17;A01
201400021970;0;7;0;13;0;1;1;A01
201400021971;0;7;0;0;0;1;1;A01
201400021972;0;7;0;0;1;0;1;B02
201400021972;0;7;0;0;1;3;9;A01
201400021973;0;7;0;3;0;3;13;A01
201400021974;0;10;0;15;0;2;1;A01
201400021975;0;7;0;13;0;9;12;A01
201400021976;0;14;0;1;0;1;2;A01
201400021977;0;7;0;0;0;4;2;A01
201400021977;0;7;0;0;2;4;2;B02
201400021977;0;7;0;0;2;1;2;C03
201400021978;0;7;0;7;0;7;1;A01
201400021979;0;7;0;13;0;1;0;A01
201400021980;0;7;0;0;2;1;2;A01
201400021980;0;7;0;0;2;4;2;B02
201400021980;0;7;0;0;2;4;2;C03
201400021980;0;7;0;0;0;4;2;D04
201400021981;0;7;0;0;1;4;4;A01
201400021982;0;7;0;0;2;1;2;A01
201400021983;0;7;0;13;0;9;14;A01
201400021984;0;7;0;3;0;3;1;A01
201400021985;0;15;0;0;0;4;23;A01
201400021985;0;15;0;0;0;1;2;B02
201400021985;0;7;0;0;0;0;17;C03
201400021986;0;7;0;13;0;2;1;A01
201400021987;0;7;0;13;0;2;1;A01
201400021988;0;7;0;13;0;9;1;A01
201400021989;0;7;0;13;0;1;1;A01
201400021990;0;10;0;0;5;2;1;A01
201400021991;0;33;0;0;9;1;1;A01
201400021992;0;10;0;0;0;1;2;A01
201400021992;0;7;0;0;2;4;2;B02
201400021992;0;7;0;0;2;4;2;C03
201400021993;0;7;0;13;0;2;1;A01
201400021994;0;7;0;0;0;4;11;A01
201400021995;0;7;0;3;0;1;1;A01
201400021996;0;7;0;0;1;3;9;A01
201400021997;0;10;0;0;2;1;1;A01
201400021997;0;7;0;0;0;4;1;B02
201400021998;0;7;0;0;2;4;1;A01
201400021998;0;7;0;0;2;1;11;B02
201400021998;0;7;0;0;2;6;1;C03
201400021999;0;7;0;3;0;1;0;A01
201400022000;0;33;0;0;2;9;11;A01
201400022001;0;7;0;13;0;9;1;A01
201400022002;0;7;0;0;9;0;2;A01
201400022003;0;7;0;13;0;1;14;A01
201400022003;0;10;0;14;0;1;1;B02
201400022004;0;7;0;13;0;2;1;A01
201400022005;0;7;0;3;0;2;1;A01
201400022006;0;7;0;3;0;2;1;A01
201400022007;0;7;0;3;0;7;1;A01
201400022008;0;7;0;5;0;1;2;A01
201400022009;0;17;0;13;0;7;1;A01
201400022010;0;10;0;3;0;1;17;A01
201400022011;0;7;0;3;0;9;1;A01
201400022012;0;10;0;0;2;1;2;A01
201400022012;0;7;0;0;2;1;2;B02
201400022012;0;7;0;0;2;4;2;C03
201400022013;0;7;0;3;2;1;1;A01
201400022014;0;7;0;0;2;2;0;A01
201400022014;0;7;0;0;2;4;0;B02
201400022015;0;7;0;8;2;7;1;B02
201400022015;0;7;0;0;2;3;19;A01
201400022016;0;7;0;0;0;1;2;A01
201400022016;0;7;0;0;0;4;0;B02
201400022017;0;7;0;15;0;2;14;A01
201400022018;0;7;0;0;0;3;1;B02
201400022018;0;7;0;0;2;2;1;A01
201400022019;0;33;0;13;0;7;1;A01
201400022020;0;7;0;13;0;9;1;A01
201400022021;0;30;0;0;2;4;2;A01
201400022021;0;7;0;0;2;1;2;B02
201400022022;0;7;0;3;0;3;13;A01
201400022023;0;7;0;0;2;1;1;A01
201400022023;0;7;0;0;0;5;23;C03
201400022023;0;7;0;0;0;3;23;B02
201400022024;0;33;0;0;2;1;2;B02
201400022024;0;7;0;0;0;4;2;A01
201400022025;0;7;0;3;0;3;1;A01
201400022026;0;7;0;0;2;6;13;A01
201400022026;0;33;0;0;2;2;17;B02
201400022027;0;7;0;0;2;4;23;B02
201400022027;0;7;0;0;1;1;2;A01
201400022028;0;7;0;0;2;1;13;A01
201400022028;0;7;0;0;2;1;1;B01
201400022029;0;33;0;12;0;7;1;A01
201400022030;0;7;0;0;2;3;1;A01
201400022030;0;7;0;0;2;1;13;B02
201400022031;0;7;0;0;2;3;1;B02
201400022031;0;33;0;0;2;1;13;A01
201400022032;0;7;0;4;9;1;13;A01
201400022033;0;7;0;0;1;2;1;A01
201400022034;0;7;0;0;2;2;19;B02
201400022034;0;33;0;0;2;1;1;A01
201400022035;0;15;0;0;2;3;13;A01
201400022035;0;7;0;0;2;3;1;B02
201400022036;0;2;0;0;2;1;1;A01
201400022036;0;7;0;0;2;7;9;B02
201400022037;0;31;0;0;2;1;17;B02
201400022037;0;7;0;0;2;3;15;A01
201400022038;0;7;0;0;1;7;1;A01
201400022039;0;30;0;8;0;3;1;A01
201400022040;0;7;0;0;2;7;5;A01
201400022040;0;7;0;0;2;1;1;B02
201400022041;0;33;0;0;2;1;13;A01
201400022041;0;7;0;0;2;3;1;B02
201400022042;0;30;0;0;0;0;0;B02
201400022043;0;7;0;0;0;2;1;A01
201400022044;0;7;0;0;2;1;17;B02
201400022044;0;7;0;0;2;1;1;A01
201400022045;0;7;0;0;0;0;19;A01
201400022046;0;17;0;0;2;3;1;B02
201400022046;0;7;0;0;2;3;1;A01
201400022047;0;7;0;9;0;2;1;A01
201400022048;0;7;0;0;2;1;1;A01
201400022048;0;7;0;0;2;1;13;B02
201400022049;0;17;0;8;0;0;1;A01
201400022050;0;7;0;13;0;1;1;A01
201400022051;0;7;0;0;1;4;4;A01
201400022052;0;31;0;15;0;2;1;A01
201400022053;0;7;0;6;9;1;14;A01
201400022054;0;7;0;0;2;2;1;A01
201400022054;0;7;0;0;2;2;1;B02
201400022055;0;7;0;0;0;0;21;C03
201400022055;0;10;0;0;0;6;2;B02
201400022055;0;7;0;0;0;2;21;A01
201400022056;0;7;0;0;0;9;1;A01
201400022057;0;33;0;16;0;8;1;A01
201400022058;0;7;0;6;0;7;1;A01
201400022059;0;37;0;0;1;5;20;A01
201400022060;0;33;0;8;0;1;1;A01
201400022061;0;7;0;0;2;1;13;A01
201400022061;0;7;0;0;2;1;1;B02
201400022062;0;33;0;0;2;1;1;B02
201400022062;0;7;0;0;2;3;13;A01
201400022063;0;7;0;0;0;1;1;B02
201400022063;0;7;0;0;0;1;13;A01
201400022064;0;7;0;2;0;1;13;A01
201400022065;0;33;0;15;0;1;1;A01
201400022066;0;7;0;8;0;2;1;A01
201400022067;0;7;0;2;0;2;1;A01
201400022068;0;7;0;0;1;2;1;A01
201400022069;0;10;0;0;2;1;1;B02
201400022069;0;7;0;0;2;6;1;A01
201400022070;0;30;0;8;0;1;1;A01
201400022071;0;7;0;0;2;3;1;B02
201400022071;0;7;0;0;2;3;13;A01
201400022072;0;33;0;15;;2;1;A01
201400022073;0;7;0;2;0;8;13;A01
201400022074;0;7;0;0;2;3;1;B02
201400022074;0;30;0;0;2;1;13;A01
201400022075;0;14;0;0;2;1;15;A01
201400022075;0;7;0;0;2;1;1;B02
201400022076;0;7;0;1;0;1;13;A01
201400022077;0;7;0;13;0;3;13;A01
201400022078;0;7;0;0;2;7;19;B02
201400022078;0;10;0;0;2;1;1;A01
201400022079;0;7;0;0;2;3;1;A01
201400022079;0;7;0;0;2;3;1;B02
201400022079;0;7;0;0;2;1;1;C03
201400022080;0;10;0;3;0;1;1;A01
201400022081;0;7;0;3;0;3;1;A01
201400022082;0;7;0;0;2;5;17;A01
201400022082;0;7;0;14;0;1;1;B02
201400022082;0;7;0;14;0;3;1;C03
201400022082;0;7;0;0;0;4;1;D04
201400022082;0;7;0;14;0;1;1;E05
201400022082;0;7;0;14;0;3;0;F06
201400022083;0;7;0;3;0;2;13;D04
201400022083;0;14;0;0;0;4;2;B02
201400022083;0;7;0;0;2;1;2;A01
201400022083;0;7;0;4;0;6;2;C03
201400022084;0;7;0;4;0;0;1;A01
201400022085;0;7;0;0;0;4;0;B02
201400022085;0;7;0;0;2;1;2;A01
201400022086;0;7;0;4;0;2;14;A01
201400022087;0;7;0;6;0;1;1;A01
201400022088;0;17;0;1;0;1;0;A01
201400022088;0;7;0;0;0;6;0;B02
201400022089;0;7;0;4;0;1;17;A01
201400022090;0;7;0;0;0;9;1;A01
201400022091;0;7;0;4;0;2;0;A01
201400022092;0;15;0;0;2;3;1;A01
201400022092;0;13;0;0;0;4;1;B02
201400022093;0;7;0;13;0;1;1;A01
201400022094;0;7;0;4;0;1;1;A01
201400022095;0;7;0;4;0;1;2;A01
201400022096;0;7;0;0;2;2;12;A01
201400022096;0;7;0;0;2;6;1;B02
201400022097;0;7;0;0;2;3;0;A01
201400022097;0;7;0;0;2;1;1;B02
201400022098;0;30;0;0;1;1;1;A01
201400022099;0;30;0;8;0;7;1;A01
201400022100;0;7;0;0;1;2;21;A01
201400022101;0;7;0;0;1;6;4;A01
201400022102;0;30;0;0;2;1;2;B02
201400022102;0;7;0;0;0;8;10;A01
201400022103;0;7;0;0;2;1;13;A01
201400022103;0;7;0;0;2;2;1;B02
201400022104;0;31;0;5;0;3;1;A01
201400022105;0;7;0;0;2;3;1;B02
201400022105;0;35;0;0;2;3;13;A01
201400022106;0;7;0;2;0;2;1;A01
201400022107;0;7;0;6;0;1;1;A01
201400022108;0;1;0;0;2;3;19;A01
201400022108;0;7;0;0;2;2;1;B02
201400022109;0;7;0;0;2;3;13;A01
201400022109;0;10;0;0;2;3;1;B02
201400022110;0;7;0;2;0;7;1;A01
201400022111;0;10;0;2;0;1;1;A01
201400022112;0;33;0;0;2;1;5;B02
201400022112;0;7;0;0;2;3;15;A01
201400022113;0;1;0;0;2;1;5;B02
201400022113;0;1;0;0;2;1;1;A01
201400022114;0;7;0;0;2;2;2;A01
201400022114;0;1;0;0;2;4;2;B02
201400022115;0;2;0;0;2;8;15;B02
201400022115;0;7;0;0;2;2;17;A01
201400022116;0;2;0;0;2;1;1;A01
201400022116;0;7;0;0;2;4;15;B02
201400022117;0;33;0;0;2;2;17;A01
201400022117;0;7;0;0;0;6;13;B02
201400022118;0;7;0;0;2;2;1;A01
201400022118;0;1;0;0;2;8;19;B02
201400022119;0;33;0;0;2;1;2;B02
201400022119;0;7;0;0;2;4;2;A01
201400022120;0;7;0;0;1;1;1;A01
201400022121;0;30;0;0;2;8;1;B02
201400022121;0;13;0;1;2;6;18;A01
201400022122;0;7;0;0;2;3;13;A01
201400022122;0;7;0;0;2;3;0;B02
201400022123;0;1;0;0;2;3;15;B02
201400022123;0;7;0;0;2;5;17;A01
201400022124;0;33;0;14;0;1;0;A01
201400022125;0;7;0;0;2;3;15;A01
201400022125;0;7;0;0;2;3;1;B01
201400022126;0;7;0;1;0;3;1;A01
201400022127;0;7;0;0;2;7;17;A01
201400022127;0;30;0;0;2;1;1;B01
201400022128;0;7;0;0;2;2;1;B01
201400022128;0;7;0;0;2;3;19;A01
201400022129;0;40;1;0;2;8;1;B01
201400022129;0;7;0;0;4;3;1;A01
201400022130;0;7;0;0;2;1;1;A01
201400022130;0;7;0;0;0;4;23;B01
201400022131;0;7;0;0;1;1;2;A01
201400022132;0;3;0;1;0;1;1;A01
201400022133;1;7;0;0;1;1;0;A01
201400022134;0;7;0;0;1;2;1;A01
201400022135;0;7;0;0;2;2;9;A01
201400022135;0;1;0;0;2;1;15;B01
201400022136;0;20;0;0;1;4;4;A01
201400022137;0;7;0;0;1;3;1;A01
201400022138;0;7;0;0;2;1;1;B01
201400022138;0;7;0;0;2;3;1;A01
201400022139;0;7;0;0;2;8;9;A01
201400022139;0;2;0;0;2;1;1;B01
201400022140;0;7;0;0;1;3;1;A01
201400022141;0;1;0;15;0;0;0;A01
201400022142;0;7;0;0;2;1;1;A01
201400022142;0;7;0;0;2;4;23;B01
201400022143;0;7;0;0;1;2;16;A01
201400022144;0;7;0;0;2;1;1;A01
201400022144;0;7;0;0;2;4;23;B01
201400022144;0;7;0;0;0;4;23;C01
201400022145;0;7;0;0;2;1;1;A01
201400022145;0;7;0;0;2;4;23;B01
201400022145;1;7;0;0;0;4;23;Z01
201400022146;0;1;0;0;2;1;1;B01
201400022146;0;7;0;0;9;3;9;A01
201400022147;0;33;0;1;0;1;1;A01
201400022148;0;7;0;0;1;2;1;A01
201400022149;0;7;0;0;2;4;2;A01
201400022149;0;7;0;0;2;4;0;B01
201400022150;0;30;0;0;2;1;1;A01
201400022150;0;7;0;0;2;2;15;B01
201400022151;0;33;0;0;2;1;13;A01
201400022151;0;7;0;0;2;1;1;B01
201400022152;0;7;0;0;2;3;6;A01
201400022152;0;30;0;0;2;8;1;B01
201400022153;0;7;0;0;2;1;15;A01
201400022153;0;30;0;0;2;8;1;B01
201400022154;0;7;0;0;2;1;1;A01
201400022154;0;7;0;0;2;4;23;C01
201400022154;0;7;0;0;2;4;23;B01
201400022155;0;2;0;0;2;1;7;A01
201400022155;0;7;0;0;2;6;15;B01
201400022156;0;7;0;0;2;3;1;B01
201400022156;0;7;0;0;2;8;1;C01
201400022156;0;7;0;0;2;2;9;A01
201400022157;0;7;0;0;2;1;1;B01
201400022157;0;7;0;0;2;8;10;A01
201400022158;0;7;0;0;1;1;16;A01
201400022159;1;7;0;0;0;0;19;Z01
201400022159;0;32;0;0;0;0;0;A01
201400022160;0;7;0;0;2;8;15;A01
201400022160;0;33;0;0;2;2;2;B01
201400022161;0;33;0;0;2;1;1;B01
201400022161;0;7;0;0;2;2;15;A01
201400022162;0;3;0;1;0;2;1;A01
201400022163;0;7;0;0;2;2;16;A01
201400022163;0;7;0;0;2;3;1;B01
201400022164;0;30;0;0;2;1;1;A01
201400022164;0;7;0;0;2;2;16;B01
201400022165;0;7;0;0;1;7;1;A01
201400022166;0;7;0;0;1;1;1;A01
201400022167;0;7;0;0;2;3;16;A01
201400022167;0;30;0;0;0;7;1;B01
201400022168;0;31;0;0;2;0;9;A01
201400022168;0;7;0;0;0;0;1;B01
201400022169;0;7;0;0;2;3;15;A01
201400022169;0;33;0;0;2;7;2;B01
201400022170;0;7;0;8;1;4;4;A01
201400022171;0;7;0;0;2;8;15;B01
201400022171;0;33;0;0;2;1;17;A01
201400022172;0;7;0;0;1;3;1;A01
201400022173;0;33;0;0;2;1;1;B01
201400022173;0;7;0;0;2;2;15;A01
201400022174;0;30;0;0;2;2;5;A01
201400022174;0;7;0;0;2;2;1;B01
201400022175;0;7;0;0;2;4;23;B01
201400022175;0;7;0;1;2;1;1;A01
201400022176;0;30;0;0;2;8;1;A01
201400022176;0;13;0;0;2;1;1;B01
201400022177;0;1;0;0;1;1;1;A01
201400022178;0;33;0;0;2;1;17;A01
201400022178;0;7;0;0;2;3;15;B01
201400022179;0;7;0;0;2;3;9;A01
201400022179;0;30;0;0;2;7;1;B01
201400022180;0;10;0;0;1;4;4;A01
201400022181;0;37;1;0;2;7;1;B01
201400022181;0;7;0;0;2;0;1;A01
201400022182;0;7;0;0;2;4;23;B01
201400022182;0;7;0;0;2;1;2;A01
201400022183;0;7;0;1;0;7;1;A01
201400022184;0;7;0;0;4;8;15;A01
201400022184;0;40;0;15;2;1;1;B01
201400022185;0;7;0;0;2;3;1;B01
201400022185;0;1;0;0;2;1;1;A01
201400022186;0;1;0;0;2;1;1;B01
201400022186;0;7;0;0;2;5;15;A01
201400022187;0;7;0;0;1;4;20;A01
201400022188;0;7;0;15;2;1;21;A01
201400022188;1;7;0;0;0;0;0;B01
201400022189;0;1;0;0;2;1;5;A01
201400022189;0;7;0;0;2;3;1;B01
201400022190;0;33;0;15;0;1;1;A01
201400022191;0;7;0;0;1;1;1;A01
201400022192;0;7;0;0;2;1;2;A01
201400022192;0;7;0;0;2;1;2;B01
201400022193;0;1;0;0;2;1;9;B01
201400022193;0;7;0;0;2;1;9;A01
201400022194;0;30;0;0;2;1;1;A01
201400022194;0;7;0;0;2;2;1;B01
201400022195;0;7;0;0;2;8;1;A01
201400022195;0;10;0;0;2;2;1;B01
201400022196;0;7;0;0;2;8;15;A01
201400022196;0;33;0;0;2;1;17;B01
201400022197;0;7;0;0;2;8;1;A01
201400022197;0;7;0;0;2;8;1;B01
201400022197;0;7;0;0;2;3;1;C01
201400022198;0;7;0;0;2;3;1;B01
201400022198;0;7;0;0;2;2;1;A01
201400022199;0;7;0;0;2;1;1;A01
201400022199;0;7;0;0;2;6;1;B01
201400022200;0;7;0;0;2;6;13;A01
201400022200;0;7;0;0;2;6;1;B01
201400022201;0;7;0;0;2;1;2;A01
201400022201;0;3;0;0;2;4;2;B01
201400022202;0;30;0;0;1;1;1;A01
201400022203;0;7;0;0;2;8;1;A01
201400022203;0;7;0;0;2;2;20;B01
201400022204;0;7;0;0;2;3;9;A01
201400022204;0;33;0;0;2;7;15;B01
201400022205;0;32;0;0;2;1;16;B01
201400022205;0;7;0;0;2;2;1;A01
201400022206;0;7;0;0;2;3;12;A01
201400022206;0;7;0;0;0;5;12;B01
201400022207;0;7;0;0;1;1;1;A01
201400022208;0;1;0;0;2;1;0;A01
201400022208;0;7;0;0;2;2;16;B01
201400022209;0;7;0;0;2;1;1;A01
201400022209;0;33;0;0;0;4;23;B01
201400022210;0;32;0;0;2;1;1;A01
201400022210;0;7;0;0;2;2;15;B01
201400022211;0;2;0;0;2;1;1;A01
201400022211;0;7;0;0;2;2;16;B01
201400022212;0;7;0;0;2;1;23;A01
201400022212;0;2;0;0;2;8;9;B01
201400022213;0;7;0;0;2;1;13;A01
201400022213;0;7;0;0;2;3;1;B01
201400022214;0;31;0;0;2;1;1;A01
201400022214;0;7;0;0;0;4;2;B01
201400022215;0;7;0;0;0;5;2;B01
201400022215;0;7;0;0;2;1;2;A01
201400022216;0;7;0;0;1;1;0;A01
201400022217;0;7;0;0;2;3;15;A01
201400022217;0;33;0;0;2;8;1;B01
201400022218;0;7;0;0;2;4;4;A01
201400022218;0;30;0;0;2;1;14;B01
201400022219;0;33;0;0;2;8;7;A01
201400022219;0;7;0;0;2;7;16;B01
201400022220;0;1;0;0;2;2;1;B01
201400022220;0;7;0;0;2;3;9;A01
201400022221;0;7;0;0;1;1;1;A01
201400022222;0;1;0;0;2;1;1;B01
201400022222;0;7;0;0;2;8;9;A01
201400022223;0;30;0;0;2;1;2;A01
201400022223;0;10;0;0;2;4;1;B01
201400022224;0;33;0;0;2;1;1;A01
201400022224;0;7;0;0;2;5;15;B01
201400022225;0;7;0;0;2;2;1;A01
201400022225;0;30;0;0;2;1;1;B01
201400022226;0;7;0;0;0;0;13;B01
201400022226;0;2;0;0;2;2;16;A01
201400022227;0;3;0;0;2;1;1;A01
201400022227;0;7;0;0;0;0;0;B01
201400022228;0;10;0;0;1;1;1;A01
201400022229;0;37;1;0;1;7;16;A01
201400022230;0;1;0;0;2;1;1;B01
201400022230;0;7;0;0;2;6;10;A01
201400022231;0;7;0;0;2;1;2;A01
201400022231;0;7;0;0;2;4;23;C01
201400022231;0;7;0;0;2;4;2;B01
201400022232;0;1;0;0;2;1;1;A01
201400022232;0;7;0;0;9;1;1;B01
201400022233;0;30;0;0;2;2;1;B01
201400022233;0;7;0;0;2;4;4;A01
201400022234;0;7;0;0;2;1;1;B01
201400022234;0;7;0;0;2;7;15;A01
201400022235;0;7;0;0;2;8;1;A01
201400022235;0;33;0;0;2;1;1;B01
201400022236;0;7;0;0;2;1;1;A01
201400022236;0;33;0;0;2;3;1;B01
201400022237;0;7;0;0;1;0;0;A01
201400022238;0;30;0;0;2;3;9;A01
201400022238;0;7;0;0;2;7;1;B01
201400022239;0;7;0;0;1;1;1;A01
201400022240;0;7;0;0;2;3;1;B01
201400022240;0;7;0;0;2;1;0;A01
201400022241;0;7;0;0;2;3;1;B01
201400022241;0;7;0;0;2;2;0;A01
201400022242;0;7;0;0;2;7;12;A01
201400022242;0;7;0;0;2;2;1;B01
201400022243;0;7;0;0;1;7;1;A01
201400022244;0;7;0;14;0;9;9;A01
201400022245;0;7;0;0;2;1;1;A01
201400022245;0;7;0;0;0;4;23;B01
201400022246;0;7;0;0;1;1;0;A01
201400022247;0;7;0;0;2;8;1;A01
201400022247;0;7;0;0;2;6;1;B01
201400022248;0;7;0;0;1;1;15;A01
201400022249;0;7;0;0;2;1;2;A01
201400022249;0;7;0;0;0;4;23;B01
201400022250;0;1;0;5;0;0;0;A01
201400022251;0;7;0;0;1;1;1;A01
201400022252;0;7;0;0;2;3;0;A01
201400022252;0;7;0;0;2;1;1;B01
201400022253;0;7;0;0;2;1;2;A01
201400022253;0;7;0;0;2;4;23;B01
201400022253;0;7;0;0;0;4;23;C01
201400022254;0;7;0;0;2;1;2;A01
201400022254;0;7;0;0;0;4;23;B01
201400022255;0;7;0;0;2;1;1;A01
201400022255;0;7;0;0;2;4;23;B01
201400022256;0;10;0;0;1;1;1;A01
201400022257;0;2;0;0;2;1;1;B01
201400022257;0;7;0;0;1;1;15;A01
201400022258;0;1;0;0;0;1;0;A01
201400022259;0;31;0;0;2;1;17;A01
201400022259;0;7;0;0;2;8;15;B01
201400022260;0;7;0;0;1;1;4;A01
201400022261;0;7;0;0;1;2;1;A01
201400022262;0;7;0;0;2;3;9;A01
201400022262;0;2;0;0;2;7;1;B01
201400022263;0;7;0;0;2;1;1;A01
201400022263;0;7;0;0;2;8;15;B01
201400022264;0;7;0;0;2;3;13;A01
201400022264;0;7;0;0;2;1;1;B01
201400022265;0;7;0;0;1;8;1;A01
201400022266;0;7;0;0;1;3;1;A01
201400022267;0;30;0;0;2;1;1;A01
201400022267;0;7;0;0;2;3;1;B01
201400022268;0;33;0;0;1;1;1;A01
201400022269;0;7;0;0;2;5;1;A01
201400022269;0;7;0;0;2;3;1;B01
201400022270;0;31;0;0;1;1;1;A01
201400022271;0;7;0;0;1;3;15;A01
201400022272;0;7;0;6;0;1;1;A01
201400022273;0;7;0;0;1;1;1;A01
201400022274;0;7;0;0;2;4;1;A01
201400022274;0;7;0;0;2;1;1;B01
201400022274;0;7;0;0;2;1;1;C01
201400022275;0;7;0;0;2;1;15;A01
201400022275;0;30;0;0;2;4;15;B01
201400022276;0;7;0;0;2;7;1;A01
201400022276;0;7;0;0;2;1;1;B01
201400022277;0;7;0;0;2;1;1;A01
201400022277;0;7;0;0;2;4;1;B01
201400022277;0;7;0;0;2;4;1;C01
201400022278;0;7;0;0;2;1;1;A01
201400022278;0;30;0;0;2;3;15;B01
201400022279;0;7;0;0;1;2;15;A01
201400022280;0;7;0;0;2;1;1;A01
201400022280;0;7;0;0;2;4;1;B01
201400022281;0;7;0;0;0;1;0;A01
201400022282;0;7;0;0;0;1;0;A01
201400022283;0;7;0;15;0;2;0;A01
201400022284;0;10;0;0;2;1;2;A01
201400022284;0;7;0;0;2;1;2;B01
201400022284;0;7;0;0;2;4;2;C01
201400022285;0;7;0;5;0;1;1;A01
201400022286;0;7;0;8;0;2;1;A01
201400022287;0;2;0;0;0;0;1;A01
201400022288;0;17;0;1;0;2;1;A01
201400022288;0;7;0;0;9;4;23;B01
201400022289;0;7;0;0;1;3;0;A01
201400022290;0;7;0;0;1;3;15;A01
201400022291;0;7;0;0;2;1;5;A01
201400022291;0;7;0;0;2;1;1;B01
201400022292;0;30;0;0;9;0;1;A01
201400022293;0;7;0;0;1;1;1;A01
201400022294;0;7;0;0;2;2;2;A01
201400022294;0;7;0;0;0;4;1;B01
201400022295;0;30;0;0;2;1;1;A01
201400022295;0;7;0;0;2;3;1;B01
201400022296;0;2;0;0;0;0;0;A01
201400022297;0;7;0;0;2;3;1;B01
201400022297;0;2;0;0;2;3;15;A01
201400022298;1;99;0;0;1;2;1;A01
201400022299;0;2;0;16;0;0;1;A01
201400022300;0;30;0;0;1;0;0;A01
201400022301;0;7;0;0;2;3;2;A01
201400022301;0;30;0;0;2;5;2;B01
201400022302;0;7;0;0;0;1;0;A01
201400022303;0;7;0;0;2;4;2;C01
201400022303;0;7;0;0;2;1;1;A01
201400022303;0;7;0;0;0;4;2;D01
201400022303;0;7;0;0;2;1;1;B01
201400022304;0;7;0;0;2;1;19;A01
201400022304;0;7;0;0;2;0;0;B01
201400022305;0;31;0;1;0;8;1;A01
201400022306;0;32;0;0;0;0;1;A01
201400022307;0;7;0;0;2;3;15;A01
201400022307;0;7;0;6;2;2;17;B01
201400022308;0;30;0;0;0;9;1;A01
201400022309;0;7;0;9;0;1;1;A01
201400022310;0;32;0;0;2;6;1;A01
201400022310;0;7;0;0;2;2;1;B01
201400022311;0;30;0;0;2;8;9;A01
201400022311;0;7;0;0;2;7;1;B01
201400022312;0;33;0;6;0;1;1;A01
201400022313;0;7;0;0;1;3;1;A01
201400022314;0;7;0;0;2;2;13;A01
201400022314;0;7;0;0;2;1;1;B01
201400022315;0;7;0;9;0;1;1;A01
201400022316;0;7;0;13;0;1;13;A01
201400022317;0;30;0;0;0;2;0;A01
201400022318;0;7;0;6;0;8;1;A01
201400022319;0;7;0;0;2;1;1;B01
201400022319;0;7;0;0;2;1;1;A01
201400022319;0;7;0;0;2;4;1;C01
201400022320;0;7;0;0;2;2;15;A01
201400022320;0;7;0;0;2;1;1;B01
201400022321;0;33;0;7;0;8;0;A01
201400022322;0;31;0;0;0;8;15;A01
201400022323;0;7;0;1;0;4;4;A01
201400022323;0;30;0;0;0;4;24;C01
201400022324;0;7;0;3;2;1;2;A01
201400022324;0;7;0;0;2;2;2;B01
201400022325;0;7;0;0;0;1;0;A01