num_acc;senc;catv;occutc;obs;obsm;choc;manv;num_veh
201400022326;0;30;0;0;0;8;2;A01
201400022327;0;7;0;13;0;3;1;A01
201400022328;0;7;0;15;0;1;2;A01
201400022329;0;7;0;13;0;2;1;A01
201400022330;0;7;0;0;0;1;1;B01
201400022330;0;7;0;0;2;1;19;A01
201400022331;1;7;0;0;2;4;21;A01
201400022331;0;7;0;0;2;1;2;B01
201400022331;0;7;0;0;2;1;1;C01
201400022332;0;7;0;9;0;1;0;A01
201400022333;0;7;0;0;0;1;2;A01
201400022333;0;7;0;0;0;4;2;B01
201400022334;0;7;0;0;2;4;2;A01
201400022334;0;7;0;0;2;1;2;B01
201400022335;0;30;0;0;2;2;6;A01
201400022335;0;7;0;0;2;3;9;B01
201400022336;0;33;0;0;2;7;0;A01
201400022336;0;10;0;0;2;8;1;B01
201400022337;0;33;0;6;0;1;1;A01
201400022338;0;17;0;0;1;5;16;A01
201400022339;0;2;0;6;0;2;13;A01
201400022340;0;7;0;1;2;2;2;B01
201400022340;0;7;0;1;2;3;9;A01
201400022341;0;7;0;0;2;3;1;B01
201400022341;0;30;0;0;2;1;13;A01
201400022342;0;7;0;0;2;8;0;A01
201400022342;0;13;0;0;2;8;1;B01
201400022343;0;7;0;0;1;8;4;A01
201400022344;0;33;0;0;2;1;1;A01
201400022344;0;7;0;0;2;6;1;B01
201400022344;0;7;0;0;2;1;1;C01
201400022345;0;30;0;1;0;1;1;A01
201400022346;0;7;0;0;1;3;0;A01
201400022347;0;7;0;11;0;9;1;A01
201400022348;0;10;0;0;0;1;1;A01
201400022348;0;10;0;0;0;4;2;B01
201400022349;0;7;0;4;0;9;14;A01
201400022350;0;17;0;0;0;6;1;B02
201400022350;0;10;0;0;0;2;13;A01
201400022351;0;7;0;0;2;1;1;B02
201400022351;0;17;0;3;0;1;1;A01
201400022352;0;15;0;0;2;1;2;B02
201400022352;0;17;0;0;0;4;2;A01
201400022353;0;7;0;3;0;1;1;A01
201400022354;0;7;0;4;0;3;1;A01
201400022355;0;33;0;4;0;3;11;A01
201400022356;0;17;0;0;2;1;1;A01
201400022356;0;17;0;0;0;4;1;B02
201400022357;0;7;0;0;0;3;1;A01
201400022358;0;7;0;0;2;9;2;A01
201400022358;0;7;0;0;2;2;1;B02
201400022358;0;15;0;0;0;4;2;C03
201400022359;0;7;0;0;1;2;1;A01
201400022360;0;17;0;0;2;1;2;A01
201400022360;0;17;0;0;2;4;2;B02
201400022361;0;10;0;0;2;3;1;B02
201400022361;0;36;0;0;2;3;13;A01
201400022362;0;7;0;0;2;8;1;B02
201400022362;0;7;0;0;2;0;6;A01
201400022363;0;2;0;0;0;7;1;A01
201400022364;0;7;0;0;0;3;1;B02
201400022364;0;7;0;0;0;3;1;C03
201400022364;0;7;0;0;0;3;13;A01
201400022365;0;7;0;4;2;2;2;A01
201400022365;0;15;0;0;2;6;24;B02
201400022366;0;7;0;13;0;2;1;A01
201400022367;0;7;0;0;2;2;21;D04
201400022367;0;15;0;0;2;2;21;C03
201400022367;0;14;0;0;0;6;1;B02
201400022367;0;7;0;0;2;9;14;A01
201400022368;0;7;0;13;0;1;1;A01
201400022369;0;7;0;0;2;1;0;A01
201400022369;0;7;0;0;0;4;21;B01
201400022370;0;7;0;4;0;1;1;A01
201400022371;0;7;0;5;0;1;2;A01
201400022372;0;7;0;0;2;1;1;A01
201400022372;0;7;0;0;0;4;1;B01
201400022373;0;7;0;3;2;2;17;A01
201400022373;0;15;0;0;0;6;1;B01
201400022374;0;7;0;0;2;1;1;A01
201400022374;0;30;0;0;0;4;0;B01
201400022375;0;7;0;0;1;1;15;A01
201400022376;0;10;0;0;2;1;0;A01
201400022376;0;32;0;0;2;4;2;B01
201400022377;0;2;0;12;0;1;14;A01
201400022378;0;7;0;0;2;1;2;A01
201400022378;0;7;0;0;2;4;2;B01
201400022379;0;7;0;0;1;1;2;A01
201400022380;0;14;0;0;2;3;1;A01
201400022380;0;7;0;0;0;2;1;B01
201400022381;0;7;0;0;2;1;15;A01
201400022381;0;30;0;0;2;1;1;B01
201400022382;0;7;0;4;0;1;1;A01
201400022383;0;7;0;4;0;2;1;A01
201400022384;0;7;0;0;1;3;1;A01
201400022385;0;2;0;0;2;1;1;A01
201400022385;0;7;0;0;0;4;0;B01
201400022386;0;7;0;0;2;3;9;A01
201400022386;0;7;0;0;2;8;1;B01
201400022387;0;3;0;0;1;1;1;A01
201400022388;0;7;0;0;2;1;1;A01
201400022388;0;7;0;0;2;4;1;B01
201400022389;0;30;0;0;0;0;1;A01
201400022389;0;10;0;0;0;0;15;B01
201400022390;0;7;0;0;1;3;0;A01
201400022391;0;7;0;0;2;3;1;A01
201400022391;0;1;0;0;2;1;0;B01
201400022392;0;7;0;0;1;1;1;A01
201400022393;0;7;0;0;1;3;1;A01
201400022394;0;10;0;0;2;1;9;A01
201400022394;0;7;0;0;2;7;1;B01
201400022395;0;7;0;0;2;1;2;A01
201400022395;0;7;0;0;2;4;2;B01
201400022396;0;7;0;0;1;3;15;A01
201400022397;0;7;0;13;0;0;21;A01
201400022397;1;7;0;0;0;0;17;B01
201400022398;0;30;0;0;2;7;0;A01
201400022398;0;10;0;0;2;0;0;B01
201400022399;0;7;0;0;1;2;1;A01
201400022400;0;7;0;0;1;1;15;A01
201400022401;0;7;0;13;0;9;1;A01
201400022402;0;7;0;13;0;1;1;A01
201400022403;0;7;0;11;0;1;1;A01
201400022404;0;7;0;0;2;0;0;A01
201400022404;0;30;0;0;2;0;0;B01
201400022405;0;33;0;11;0;1;17;A01
201400022406;0;33;0;13;0;1;0;A01
201400022407;0;7;0;4;0;9;6;A01
201400022408;0;7;0;0;1;2;9;B01
201400022409;0;7;0;13;0;0;2;A01
201400022410;0;7;0;13;0;2;1;A01
201400022411;0;7;0;0;2;2;1;B01
201400022411;0;7;0;0;2;3;15;A01
201400022412;0;7;0;13;0;2;1;A01
201400022413;0;7;0;0;1;2;1;B01
201400022414;0;7;0;0;2;2;14;A01
201400022414;0;7;0;0;2;3;1;B01
201400022415;0;2;0;0;2;1;1;A01
201400022415;0;7;0;0;0;4;1;B01
201400022416;0;14;0;0;2;1;1;A01
201400022416;0;7;0;0;0;1;1;B01
201400022416;0;7;0;0;2;4;1;C01
201400022417;1;7;0;0;2;0;0;A01
201400022417;0;1;0;0;0;0;1;B01
201400022418;1;1;0;0;1;1;0;A01
201400022419;0;7;0;5;0;1;1;A01
201400022420;0;7;0;13;0;7;0;A01
201400022421;0;7;0;0;1;0;15;A01
201400022422;0;7;0;9;0;2;1;A01
201400022423;1;7;0;0;2;2;0;A01
201400022423;0;32;0;0;2;4;1;B01
201400022424;0;33;0;0;2;1;17;A01
201400022424;0;7;0;0;2;8;15;B01
201400022425;0;7;0;12;0;2;14;A01
201400022426;0;33;0;0;2;2;17;A01
201400022426;0;10;0;0;2;8;15;B01
201400022427;0;7;0;0;2;0;1;B01
201400022427;2;7;0;0;2;0;0;A01
201400022428;0;7;0;0;2;1;2;A01
201400022428;0;7;0;0;2;4;1;B01
201400022429;0;7;0;13;0;2;1;A01
201400022430;0;7;0;3;0;9;0;A01
201400022431;0;7;0;13;0;0;0;A01
201400022432;0;7;0;0;2;2;1;B01
201400022432;0;1;0;0;2;1;9;A01
201400022433;0;33;0;0;2;2;2;A01
201400022433;0;7;0;0;2;6;1;B01
201400022433;0;7;0;0;2;7;1;C01
201400022434;2;7;0;3;0;0;0;A01
201400022435;0;30;0;0;2;1;2;A01
201400022435;0;30;0;0;2;5;16;B01
201400022436;0;7;0;0;2;1;16;A01
201400022436;0;7;0;0;1;4;23;B01
201400022437;0;1;0;0;0;0;0;B01
201400022437;0;14;0;0;0;0;0;A01
201400022438;0;2;0;0;2;3;18;A01
201400022438;0;7;0;0;2;2;16;B01
201400022439;0;7;0;0;2;0;22;A01
201400022439;0;1;0;1;0;0;1;B01
201400022440;0;30;0;0;2;1;1;B01
201400022440;0;7;0;0;2;8;9;A01
201400022441;0;1;0;0;2;0;0;B01
201400022441;0;7;0;0;2;2;0;A01
201400022442;0;2;0;0;2;1;1;A01
201400022442;0;7;0;0;0;4;1;B01
201400022443;0;7;0;0;2;4;1;C01
201400022443;0;7;0;0;2;1;1;A01
201400022443;0;7;0;0;2;0;2;B01
201400022444;0;7;0;0;2;1;1;B01
201400022444;0;7;0;6;2;1;15;A01
201400022445;0;7;0;0;0;2;0;A01
201400022446;0;7;0;0;2;3;1;B01
201400022446;0;7;0;0;2;2;1;A01
201400022447;0;2;0;0;0;7;16;A01
201400022448;0;7;0;7;2;2;12;B01
201400022448;0;7;0;0;2;3;1;A01
201400022449;0;3;0;3;0;9;1;A01
201400022450;0;7;0;13;0;0;1;A01
201400022451;0;7;0;7;0;1;14;A01
201400022452;0;7;0;0;2;1;1;A01
201400022452;0;7;0;0;2;4;1;B01
201400022452;0;7;0;0;2;4;1;C01
201400022452;0;7;0;0;2;4;1;D01
201400022453;1;99;0;0;1;0;0;A01
201400022454;0;7;0;0;2;7;16;A01
201400022454;0;31;0;0;2;8;1;B01
201400022455;0;7;0;6;0;1;14;B01
201400022455;0;3;0;0;0;0;9;A01
201400022456;0;7;0;0;2;1;9;A01
201400022456;0;7;0;0;0;1;1;B01
201400022456;0;15;0;0;2;1;1;C01
201400022457;0;15;0;3;0;2;12;A01
201400022457;0;7;0;3;2;8;1;B01
201400022458;0;7;0;8;0;7;14;A01
201400022459;0;7;0;0;2;1;2;A01
201400022459;0;7;0;0;2;4;2;B01
201400022459;0;7;0;0;2;4;2;C01
201400022460;1;7;0;;0;0;;A01
201400022460;0;7;0;0;2;6;2;B01
201400022461;0;7;0;2;0;9;1;A01
201400022462;0;7;0;11;2;2;1;B01
201400022462;0;7;0;0;2;8;15;A01
201400022463;0;7;0;0;2;2;1;A01
201400022463;0;1;0;0;2;0;0;B01
201400022464;0;7;0;0;2;2;17;A01
201400022464;0;38;16;0;2;8;1;B01
201400022465;0;7;0;0;1;1;1;A01
201400022466;0;7;0;6;0;2;21;A01
201400022467;0;1;0;0;2;1;2;A01
201400022467;0;7;0;0;2;5;16;B01
201400022468;0;32;0;0;2;7;13;A01
201400022468;0;14;0;0;2;2;1;B01
201400022469;0;7;0;13;0;9;13;A01
201400022470;0;7;0;0;1;2;16;A01
201400022471;0;7;0;0;1;1;1;A01
201400022472;0;7;0;0;2;3;0;A01
201400022472;0;33;0;0;2;1;0;B01
201400022473;0;7;0;3;0;9;1;A01
201400022474;0;7;0;0;2;3;13;A01
201400022474;0;7;0;0;2;0;1;B01
201400022475;0;7;0;6;2;2;17;A01
201400022475;0;7;0;6;2;3;15;B01
201400022476;0;7;0;0;2;0;4;A01
201400022476;0;7;0;0;2;2;1;B01
201400022477;0;1;0;0;2;7;1;B01
201400022477;0;7;0;0;2;1;15;A01
201400022478;0;7;0;0;2;4;2;B01
201400022478;0;7;0;0;2;1;0;A01
201400022479;0;7;0;0;2;5;1;B01
201400022479;0;30;0;0;2;1;3;A01
201400022480;0;7;0;0;1;1;1;A01
201400022481;0;7;0;0;2;1;13;A01
201400022481;0;7;0;0;2;1;1;B01
201400022482;0;7;0;0;2;2;13;A01
201400022482;0;7;0;0;2;2;1;B01
201400022483;0;7;0;13;0;1;1;A01
201400022484;0;7;0;0;2;4;2;B01
201400022484;0;37;25;0;2;1;2;A01
201400022485;0;7;0;0;2;3;1;A01
201400022485;0;1;0;0;2;3;1;B01
201400022486;0;33;0;0;2;1;1;B01
201400022486;0;7;0;0;2;8;1;A01
201400022487;0;7;0;6;0;0;1;A01
201400022488;0;7;0;0;2;5;15;A01
201400022488;0;7;0;0;2;1;1;B01
201400022488;0;7;0;0;2;1;1;C01
201400022489;0;33;0;15;0;1;1;A01
201400022490;0;33;0;5;0;1;1;A01
201400022491;0;7;0;0;2;1;2;A01
201400022491;0;7;0;0;2;4;2;B01
201400022491;0;7;0;0;2;4;2;C01
201400022492;0;7;0;2;2;2;1;A01
201400022492;0;7;0;0;2;1;15;B01
201400022493;0;7;0;0;1;2;1;A01
201400022494;0;2;0;0;2;1;0;B01
201400022494;0;7;0;0;2;2;15;A01
201400022495;0;7;0;0;1;7;2;A01
201400022496;0;7;0;0;1;0;1;A01
201400022497;0;30;0;0;2;1;1;A01
201400022497;0;7;0;0;2;6;2;B01
201400022498;0;7;0;2;0;1;1;A01
201400022499;0;7;0;16;0;0;14;A01
201400022500;0;7;0;0;2;3;0;A01
201400022500;0;7;0;3;0;1;0;B01
201400022501;0;7;0;3;0;0;0;A01
201400022502;0;7;0;13;0;1;1;A01
201400022503;0;7;0;13;0;9;1;A01
201400022504;0;7;0;0;2;8;10;A01
201400022504;0;2;0;0;2;2;1;B01
201400022505;0;7;0;0;2;1;2;A01
201400022505;0;7;0;0;2;7;23;B01
201400022506;0;7;0;8;0;3;1;A01
201400022507;0;7;0;0;1;3;1;A01
201400022508;0;7;0;0;1;1;15;A01
201400022509;0;7;0;0;1;3;20;A01
201400022510;0;7;0;0;1;3;15;A01
201400022511;0;7;0;16;0;1;1;A01
201400022512;0;7;0;0;2;1;1;A01
201400022512;0;7;0;0;0;4;1;B01
201400022513;0;7;0;3;0;5;1;A01
201400022514;0;7;0;0;2;1;16;A01
201400022514;0;7;0;0;2;1;0;B01
201400022515;0;7;0;0;2;7;2;A01
201400022515;0;33;0;0;2;8;2;B01
201400022516;0;32;0;0;0;3;1;A01
201400022517;1;99;0;0;2;2;0;A01
201400022517;0;30;0;0;2;0;0;B01
201400022518;0;7;0;0;0;3;1;A01
201400022519;0;7;0;13;0;1;1;A01
201400022520;0;7;0;0;1;1;1;A01
201400022521;0;7;0;3;2;1;1;A01
201400022521;0;7;0;0;2;1;1;B01
201400022522;0;7;0;0;1;3;1;A01
201400022523;0;7;0;0;2;6;4;A01
201400022523;0;2;0;0;2;3;1;B01
201400022524;0;7;0;0;0;6;1;B02
201400022524;0;7;0;0;0;2;3;A01
201400022525;0;14;0;0;2;1;5;B02
201400022525;0;7;0;0;2;1;1;A01
201400022526;0;33;0;0;2;4;14;A01
201400022526;0;33;0;0;2;1;1;B02
201400022527;0;7;0;0;2;1;1;A01
201400022527;0;7;0;0;2;4;15;B02
201400022527;0;7;0;0;2;3;1;C03
201400022528;0;7;0;0;2;5;19;A01
201400022528;0;7;0;0;2;1;1;B02
201400022529;0;7;0;13;0;1;1;A01
201400022530;0;31;0;0;2;1;1;A01
201400022530;0;7;0;0;2;5;19;B02
201400022531;0;33;0;0;2;1;1;A01
201400022531;0;7;0;0;2;3;19;B02
201400022532;0;10;0;0;2;1;1;B02
201400022532;0;7;0;0;2;1;3;A01
201400022533;0;7;0;0;1;1;1;A01
201400022534;0;10;0;0;1;4;4;A01
201400022535;0;7;0;0;2;3;0;B01
201400022535;0;7;0;0;2;3;0;A01
201400022536;0;7;0;0;2;4;1;C01
201400022536;0;7;0;0;2;1;1;A01
201400022536;0;7;0;0;2;4;1;B01
201400022537;0;7;0;0;2;3;1;A01
201400022537;1;7;0;0;2;0;17;X01
201400022538;0;10;0;0;2;1;1;B01
201400022538;0;2;0;0;2;1;13;A01
201400022539;0;7;0;0;1;1;15;A01
201400022540;0;7;0;0;2;4;2;D01
201400022540;0;7;0;0;2;4;2;B01
201400022540;0;7;0;0;2;4;2;C01
201400022540;0;14;0;0;2;1;1;A01
201400022541;0;7;0;6;0;1;6;A01
201400022542;0;7;0;0;2;2;17;A01
201400022542;0;10;0;0;2;8;0;B01
201400022543;0;30;0;0;2;3;9;A01
201400022543;0;7;0;0;2;1;1;B01
201400022544;0;7;0;0;2;3;15;C01
201400022544;0;7;0;0;2;4;2;B01
201400022544;0;7;0;0;2;1;2;A01
201400022545;0;7;0;0;2;1;1;B01
201400022545;0;7;0;0;2;1;15;A01
201400022546;0;7;0;0;1;1;1;A01
201400022547;0;7;0;0;1;4;20;A01
201400022548;0;7;0;0;1;1;1;A01
201400022549;0;7;0;0;2;4;2;A01
201400022549;1;7;0;0;2;1;2;Z01
201400022550;0;2;0;0;2;1;17;B01
201400022550;0;7;0;0;2;3;10;A01
201400022551;0;33;0;0;2;7;21;B01
201400022551;0;7;0;0;2;3;10;A01
201400022552;0;7;0;2;0;1;14;A01
201400022553;0;7;0;0;1;0;0;A01
201400022554;0;7;0;0;2;1;2;A01
201400022554;0;7;0;0;2;4;2;D01
201400022554;0;7;0;0;2;4;2;B01
201400022554;0;7;0;0;2;4;2;C01
201400022555;0;7;0;2;0;1;14;A01
201400022556;0;2;0;0;2;1;2;A01
201400022556;0;7;0;0;0;4;2;B01
201400022557;0;3;0;0;2;4;15;B01
201400022557;0;7;0;0;2;1;2;A01
201400022558;0;7;0;0;2;8;1;B01
201400022558;1;7;0;0;2;0;0;A01
201400022559;0;7;0;0;2;1;2;A01
201400022559;0;7;0;0;2;4;2;B01
201400022560;0;33;0;0;2;0;17;C01
201400022560;0;7;0;0;2;3;17;B01
201400022560;0;7;0;0;2;3;1;A01
201400022561;0;33;0;0;2;1;2;A01
201400022561;0;7;0;0;2;4;2;B01
201400022562;0;7;0;0;1;1;1;A01
201400022563;0;31;0;0;0;0;0;A01
201400022564;0;2;0;0;1;1;1;A01
201400022565;0;7;0;0;2;2;1;B01
201400022565;0;7;0;0;2;1;1;A01
201400022566;1;33;0;0;1;0;0;A01
201400022567;0;7;0;0;1;2;1;A01
201400022568;0;7;0;0;9;1;1;A01
201400022568;0;1;0;0;2;8;19;B01
201400022569;0;7;0;0;1;1;1;A01
201400022570;0;7;0;0;1;2;21;A01
201400022571;0;7;0;0;2;3;0;B01
201400022571;1;7;0;0;2;0;0;A01
201400022572;0;7;0;0;1;3;15;A01
201400022573;0;7;0;5;0;9;9;A01
201400022573;0;39;0;0;4;1;2;B01
201400022574;1;7;0;0;1;0;0;A01
201400022574;0;7;0;0;1;1;16;B01
201400022575;0;2;0;0;0;1;2;A01
201400022575;0;7;0;0;0;5;2;B01
201400022576;0;7;0;1;0;2;1;A01
201400022576;0;10;0;0;0;6;24;B01
201400022577;0;7;0;0;2;8;16;B01
201400022577;0;7;0;0;2;2;0;A01
201400022578;0;7;0;15;0;1;0;A01
201400022579;0;32;0;0;0;6;2;B01
201400022579;0;7;0;0;2;3;2;A01
201400022580;0;7;0;0;1;3;15;A01
201400022581;0;7;0;0;2;1;2;A01
201400022581;0;7;0;0;2;4;2;B01
201400022582;0;7;0;0;2;8;19;A01
201400022582;0;7;0;0;2;1;1;B01
201400022583;0;7;0;8;2;8;1;A01
201400022583;0;7;0;0;2;1;16;B01
201400022584;0;7;0;0;2;4;2;B01
201400022584;0;7;0;0;2;1;2;A01
201400022585;0;7;0;0;2;1;11;A01
201400022585;0;7;0;0;2;1;1;B01
201400022586;0;7;0;0;0;3;15;B01
201400022586;0;30;0;0;0;9;17;A01
201400022587;0;17;0;0;2;3;0;B01
201400022587;0;7;0;0;2;1;5;A01
201400022588;0;7;0;0;0;4;2;B01
201400022588;0;7;0;0;2;1;2;A01
201400022589;0;7;0;0;0;1;15;B01
201400022589;0;7;0;0;0;1;17;A01
201400022590;0;1;0;0;2;1;2;Y01
201400022590;0;13;0;0;0;8;2;A01
201400022591;0;33;0;0;2;1;1;B01
201400022591;0;7;0;0;2;7;15;A01
201400022592;0;7;0;0;0;4;23;C01
201400022592;0;7;0;0;2;4;23;B01
201400022592;0;7;0;0;2;1;1;A01
201400022593;0;7;0;0;2;2;5;A01
201400022593;0;7;0;0;2;2;1;B01
201400022594;0;7;0;0;1;1;1;A01
201400022595;0;2;0;0;2;4;2;B01
201400022595;0;7;0;0;2;1;2;A01
201400022596;0;7;0;0;1;2;2;A01
201400022597;0;31;0;0;0;2;17;A01
201400022597;0;7;0;0;2;6;15;B01
201400022598;0;7;0;0;2;3;0;A01
201400022598;0;7;0;0;2;2;1;B01
201400022599;0;7;0;0;1;1;15;A01
201400022600;0;31;0;0;2;2;1;B01
201400022600;0;7;0;0;2;4;10;A01
201400022601;0;2;0;0;1;1;1;A01
201400022602;1;99;0;0;1;0;0;A01
201400022603;0;7;0;1;2;1;1;A01
201400022603;0;10;0;12;2;3;1;B01
201400022604;0;7;0;0;1;3;1;A01
201400022605;0;33;0;0;2;7;1;B01
201400022605;0;7;0;0;2;7;15;A01
201400022606;0;7;0;0;2;7;15;A01
201400022606;0;33;0;0;2;1;1;B01
201400022607;0;7;0;0;0;4;1;B01
201400022607;0;7;0;0;2;1;2;A01
201400022608;0;30;0;3;0;1;1;A01
201400022609;0;31;0;0;2;1;1;B01
201400022609;0;7;0;0;2;2;1;A01
201400022610;0;7;0;0;1;6;4;A01
201400022611;1;7;0;0;0;0;1;A01
201400022611;0;2;0;0;0;0;1;B01
201400022612;0;7;0;0;1;2;1;A01
201400022613;0;7;0;12;2;2;13;A01
201400022613;0;7;0;0;2;1;1;B01
201400022614;0;7;0;0;2;3;15;A01
201400022614;0;33;0;0;2;1;1;B01
201400022615;0;7;0;0;2;4;1;B01
201400022615;0;7;0;0;2;1;1;A01
201400022616;0;7;0;0;2;4;1;B01
201400022616;0;7;0;0;2;1;1;A01
201400022616;0;7;0;0;2;4;1;E01
201400022616;0;7;0;0;2;4;1;C01
201400022616;0;10;0;0;2;4;1;D01
201400022617;0;7;0;0;1;3;15;A01
201400022618;0;7;0;0;2;1;1;B01
201400022618;0;7;0;0;2;1;13;A01
201400022619;0;7;0;0;2;5;16;A01
201400022619;0;33;0;0;2;1;1;B01
201400022620;0;7;0;0;2;8;1;B01
201400022620;0;7;0;0;2;1;15;A01
201400022621;0;7;0;0;1;2;15;A01
201400022622;0;7;0;0;2;1;2;A01
201400022622;0;7;0;0;2;4;2;B01
201400022623;1;7;0;0;2;2;0;B01
201400022623;0;33;0;0;2;4;1;A01
201400022624;0;31;0;0;1;1;1;A01
201400022625;0;7;0;0;1;1;1;A01
201400022626;0;7;0;0;2;1;1;B01
201400022626;0;7;0;0;2;1;13;A01
201400022627;0;37;1;1;2;1;1;A01
201400022627;0;7;0;0;2;6;1;E01
201400022627;0;10;0;0;0;1;1;B01
201400022628;0;1;0;0;2;8;1;B01
201400022628;0;7;0;0;2;0;0;A01
201400022629;0;7;0;0;2;3;1;B01
201400022629;0;30;0;0;2;1;1;A01
201400022630;0;7;0;0;2;4;2;D01
201400022630;0;7;0;0;2;4;2;E01
201400022630;0;7;0;0;2;1;2;A01
201400022630;0;7;0;0;2;9;2;C01
201400022630;0;7;0;0;2;9;2;B01
201400022631;0;30;0;0;2;1;1;B01
201400022631;0;7;0;0;2;2;1;A01
201400022632;0;7;0;0;2;5;2;B01
201400022632;0;33;0;0;2;0;2;A01
201400022633;0;14;0;0;2;1;1;B01
201400022633;0;7;0;0;2;8;1;A01
201400022634;0;33;0;0;0;1;1;B01
201400022634;0;7;0;0;2;2;10;A01
201400022635;0;7;0;0;2;3;15;A01
201400022635;0;33;0;0;2;7;1;B01
201400022636;0;7;0;0;2;2;15;B01
201400022636;0;30;0;0;2;2;17;A01
201400022637;0;7;0;0;1;1;1;A01
201400022638;0;31;0;0;2;2;17;A01
201400022638;0;10;0;0;2;3;15;B01
201400022639;0;7;0;0;2;6;23;B01
201400022639;0;33;0;0;2;2;1;A01
201400022640;0;7;0;0;2;1;2;B01
201400022640;0;7;0;0;2;1;2;C01
201400022640;0;7;0;0;2;4;2;A01
201400022641;0;30;0;0;2;8;1;B01
201400022641;0;7;0;0;2;1;1;A01
201400022642;0;2;0;0;2;1;13;A01
201400022642;0;33;0;0;2;1;23;B01
201400022643;0;7;0;0;2;1;15;A01
201400022643;0;7;0;0;2;8;23;B01
201400022644;0;7;0;0;2;7;1;B01
201400022644;0;7;0;0;2;1;19;A01
201400022645;0;7;0;0;2;6;1;B01
201400022645;0;7;0;0;2;6;2;A01
201400022646;0;10;0;0;1;2;1;A01
201400022647;0;7;0;0;2;1;1;B01
201400022647;0;7;0;0;2;2;15;A01
201400022647;0;7;0;0;2;1;23;C01
201400022648;0;7;0;0;2;3;1;A01
201400022648;0;32;0;0;2;7;1;B01
201400022649;0;7;0;6;0;1;15;A01
201400022650;1;7;0;0;2;0;0;Z01
201400022650;0;34;0;0;2;0;0;B01
201400022651;0;7;0;0;2;1;2;A01
201400022651;0;7;0;0;2;4;1;B01
201400022652;0;7;0;1;0;0;1;A01
201400022653;0;7;0;0;2;1;1;A01
201400022653;0;13;0;0;2;6;19;B01
201400022654;0;1;0;0;2;7;5;A01
201400022654;0;7;0;0;9;1;1;B01
201400022655;0;7;0;6;0;7;1;A01
201400022655;0;7;0;0;0;1;1;B01
201400022656;0;7;0;0;2;8;15;A01
201400022656;0;7;0;0;2;1;1;B01
201400022657;0;7;0;8;0;1;6;A01
201400022658;0;7;0;0;2;1;9;A01
201400022658;0;33;0;0;2;7;1;B01
201400022659;0;1;0;0;2;4;1;A01
201400022659;0;7;0;0;2;2;1;B01
201400022660;0;7;0;0;2;3;1;B01
201400022660;0;7;0;0;2;9;6;A01
201400022661;0;7;0;9;0;2;5;A01
201400022662;0;7;0;0;2;3;1;B01
201400022662;0;7;0;0;2;3;1;A01
201400022663;0;7;0;0;2;4;1;D01
201400022663;0;7;0;0;2;4;1;C01
201400022663;0;7;0;0;2;1;1;A01
201400022663;0;7;0;0;2;4;1;B01
201400022664;0;7;0;0;1;1;16;A01
201400022665;0;7;0;0;2;2;2;A01
201400022665;0;7;0;0;2;6;1;C01
201400022665;0;10;0;0;2;6;1;B01
201400022666;0;33;0;0;2;7;14;A01
201400022666;0;7;0;0;2;3;1;B01
201400022667;0;7;0;0;2;5;23;B01
201400022667;0;30;0;0;2;1;2;A01
201400022668;0;7;0;0;2;0;16;B01
201400022668;0;34;0;0;2;8;2;A01
201400022669;1;7;0;0;2;1;2;Z01
201400022669;0;7;0;0;2;4;1;B01
201400022670;0;7;0;0;2;6;1;B01
201400022670;0;7;0;0;2;2;2;A01
201400022671;0;7;0;0;2;7;1;B01
201400022671;0;7;0;0;2;1;1;A01
201400022672;0;32;0;0;0;8;0;A01
201400022673;0;7;0;6;0;3;13;A01
201400022674;0;10;0;0;1;1;1;A01
201400022675;0;15;0;8;2;2;1;B01
201400022675;0;7;0;0;2;8;13;A01
201400022676;0;31;0;0;2;1;16;B01
201400022676;0;7;0;0;2;5;19;A01
201400022677;0;7;0;0;1;0;1;A01
201400022678;0;7;0;0;1;2;15;A01
201400022679;0;7;0;13;0;7;14;A01
201400022680;0;7;0;0;2;0;9;A01
201400022680;0;7;0;0;2;2;1;B01
201400022681;0;7;0;0;2;1;15;A01
201400022681;0;33;0;0;2;1;1;B01
201400022682;0;10;0;0;2;1;1;B01
201400022682;0;17;0;0;2;3;13;A01
201400022683;0;7;0;0;1;1;1;A01
201400022684;0;1;0;0;2;1;7;A01
201400022684;0;7;0;0;2;1;15;B01
201400022685;0;7;0;0;2;3;1;A01
201400022685;0;7;0;0;2;3;1;B01
201400022686;0;7;0;0;2;3;1;B01
201400022686;0;30;0;0;2;1;1;A01
201400022687;0;7;0;0;2;5;1;A01
201400022687;0;7;0;0;2;2;1;B01
201400022688;0;7;0;0;1;0;15;A01
201400022689;0;1;0;0;2;7;0;B01
201400022689;0;7;0;0;2;8;0;A01
201400022690;0;7;0;0;2;1;1;A01
201400022690;0;7;0;0;2;4;1;B01
201400022690;0;7;0;0;2;4;1;C01
201400022691;0;7;0;13;0;1;14;A01
201400022692;0;7;0;0;2;1;1;B01
201400022692;0;1;0;0;2;0;5;A01
201400022693;0;7;0;0;2;2;1;A01
201400022693;0;7;0;0;2;5;19;B01
201400022694;0;7;0;0;1;3;7;A01
201400022695;0;7;0;0;9;2;20;A01
201400022695;0;1;0;0;2;1;1;B01
201400022696;0;7;0;0;2;1;1;B01
201400022696;0;7;0;0;2;1;13;A01
201400022697;0;10;0;1;1;2;1;A01
201400022698;0;7;0;0;1;7;1;A01