num_acc;senc;catv;occutc;obs;obsm;choc;manv;num_veh
201400022699;0;7;0;0;2;0;1;A01
201400022699;0;1;0;0;2;0;1;B01
201400022700;0;7;0;0;2;2;16;A01
201400022700;0;7;0;0;2;8;0;B01
201400022701;0;7;0;0;2;1;1;A01
201400022701;0;7;0;0;2;4;1;B01
201400022702;0;13;0;0;2;8;9;B01
201400022702;0;7;0;0;2;1;1;A01
201400022703;0;7;0;0;0;5;1;B01
201400022703;0;32;0;0;2;1;0;A01
201400022704;0;33;0;0;0;1;0;A01
201400022705;0;7;0;0;1;2;1;A01
201400022706;0;7;0;0;2;3;1;B01
201400022706;0;7;0;11;2;2;13;A01
201400022707;0;7;0;0;2;1;1;A01
201400022707;0;7;0;0;0;4;1;B01
201400022708;1;32;0;0;0;0;0;A01
201400022709;0;7;0;0;1;3;1;A01
201400022710;0;7;0;0;2;1;1;A01
201400022710;0;7;0;0;0;4;1;B01
201400022711;0;30;0;8;0;0;0;A01
201400022712;0;7;0;0;1;1;15;A01
201400022713;0;7;0;1;2;0;1;A01
201400022713;0;10;0;1;2;0;1;B01
201400022714;0;7;0;0;2;2;10;A01
201400022714;0;1;0;0;2;1;19;B01
201400022715;0;37;1;0;1;7;1;A01
201400022716;0;7;0;0;2;7;1;B01
201400022716;0;33;0;0;2;1;21;A01
201400022717;0;7;0;0;1;8;1;A01
201400022718;0;7;0;0;2;1;5;A01
201400022718;0;7;0;0;2;1;1;B01
201400022719;0;7;0;0;2;4;1;C01
201400022719;0;7;0;0;2;1;1;A01
201400022719;0;7;0;0;2;4;1;B01
201400022720;0;7;0;0;1;7;1;A01
201400022721;0;32;0;0;2;7;1;B01
201400022721;0;7;0;0;2;8;13;A01
201400022722;0;33;0;0;0;7;21;A01
201400022723;0;30;0;0;2;7;1;B01
201400022723;0;7;0;0;2;3;9;A01
201400022724;0;7;0;0;1;4;4;A01
201400022725;0;1;0;0;2;1;1;A01
201400022725;0;7;0;0;2;3;1;B01
201400022726;0;7;0;0;2;3;1;B01
201400022726;1;7;0;0;2;2;1;Z01
201400022727;0;7;0;0;1;2;1;A01
201400022728;0;31;0;0;2;7;1;B01
201400022728;1;7;0;0;2;0;9;A01
201400022729;0;33;0;0;2;1;1;B01
201400022729;0;7;0;0;2;3;19;A01
201400022730;0;7;0;0;2;1;1;A01
201400022730;0;7;0;8;2;3;1;B01
201400022731;1;7;0;0;2;1;9;Z01
201400022731;0;30;0;0;2;1;1;B01
201400022732;0;15;0;0;2;4;1;B01
201400022732;0;30;0;0;2;1;9;A01
201400022733;0;7;0;0;2;4;1;B01
201400022733;0;7;0;0;2;1;1;A01
201400022734;0;7;0;13;0;1;13;A01
201400022735;0;10;0;0;2;5;1;B01
201400022735;0;3;0;0;2;1;1;A01
201400022736;0;30;0;0;2;0;1;B01
201400022736;0;7;0;0;2;1;1;A01
201400022737;0;30;0;0;0;1;0;A01
201400022738;0;7;0;0;2;1;1;A01
201400022738;0;1;0;0;2;7;19;B01
201400022739;0;7;0;1;2;5;15;A01
201400022739;0;7;0;0;2;1;1;B01
201400022740;0;1;0;0;2;7;19;A01
201400022740;0;34;0;0;2;1;1;B01
201400022741;0;7;0;0;2;1;17;A01
201400022741;0;14;0;0;2;6;9;B01
201400022742;0;7;0;0;2;1;15;B01
201400022742;0;7;0;0;2;0;17;A01
201400022743;0;7;0;1;2;1;1;A01
201400022743;0;33;0;0;2;3;1;B01
201400022744;0;7;0;0;2;3;10;A01
201400022744;0;33;0;0;2;1;1;B01
201400022745;0;7;0;0;2;3;1;A01
201400022745;0;7;0;0;2;5;1;B01
201400022746;0;7;0;0;2;4;0;B01
201400022746;0;33;0;0;2;1;0;A01
201400022747;0;7;0;0;2;6;16;A01
201400022747;0;7;0;0;2;2;1;B01
201400022748;0;36;0;0;2;3;13;A01
201400022748;0;7;0;0;2;3;1;B01
201400022749;0;7;0;0;1;1;1;A01
201400022750;1;7;0;0;2;0;0;A01
201400022750;0;1;0;0;2;1;0;B01
201400022751;0;7;0;0;2;1;15;A01
201400022751;0;99;0;0;2;4;1;B01
201400022752;0;7;0;0;2;3;9;A01
201400022752;0;7;0;0;2;1;1;B01
201400022753;1;10;0;0;1;1;1;A01
201400022754;1;7;0;0;2;1;1;A01
201400022754;0;7;0;0;2;4;23;B01
201400022755;0;7;0;0;2;8;15;A01
201400022755;0;2;0;0;2;8;2;B01
201400022756;0;7;0;0;1;3;1;A01
201400022757;0;7;0;13;0;0;14;A01
201400022758;0;30;0;0;2;1;1;A01
201400022758;0;7;0;0;2;5;16;B01
201400022759;0;38;1;0;2;1;1;B01
201400022759;0;7;0;0;2;1;1;A01
201400022760;0;10;0;0;1;1;1;A01
201400022761;0;7;0;0;2;4;1;B01
201400022761;0;30;0;0;2;1;1;A01
201400022762;0;7;0;0;1;1;1;A01
201400022763;0;10;0;0;1;1;1;A01
201400022764;0;7;0;0;2;4;23;B01
201400022764;0;30;0;0;2;1;1;A01
201400022765;1;30;0;0;2;2;0;A01
201400022766;0;7;0;0;1;1;1;A01
201400022767;0;7;0;0;1;1;1;A01
201400022768;0;7;0;0;1;2;1;A01
201400022769;0;7;0;0;2;3;1;B01
201400022769;0;1;0;0;2;1;5;A01
201400022770;0;7;0;0;2;2;1;B01
201400022770;0;31;0;0;2;2;15;A01
201400022771;0;7;0;0;2;7;1;A01
201400022771;0;7;0;0;2;1;1;B01
201400022772;0;7;0;0;1;0;16;A01
201400022773;0;7;0;0;2;1;9;B01
201400022773;0;1;0;0;2;8;5;A01
201400022774;0;7;0;0;2;8;15;B01
201400022774;0;32;0;0;2;7;3;A01
201400022775;0;7;0;0;2;4;1;B01
201400022775;0;7;0;0;2;1;1;A01
201400022776;0;7;0;0;2;1;1;B01
201400022776;0;7;0;0;2;3;9;A01
201400022777;0;7;0;0;2;4;1;B01
201400022777;0;1;0;0;2;1;1;A01
201400022778;0;7;0;0;2;2;15;A01
201400022778;0;7;0;0;2;3;1;B01
201400022779;0;7;0;0;2;1;1;A01
201400022779;0;7;0;0;2;7;15;B01
201400022780;0;7;0;0;2;1;1;A01
201400022780;0;1;0;0;2;4;1;B01
201400022781;0;1;0;0;2;8;19;B01
201400022781;1;7;0;0;2;1;1;A01
201400022782;0;7;0;0;2;2;15;A01
201400022782;0;31;0;0;2;0;17;B01
201400022783;0;30;0;0;2;7;1;B01
201400022783;1;7;0;0;2;1;5;Z01
201400022784;0;2;0;0;2;1;1;A01
201400022784;0;7;0;0;2;5;9;B01
201400022785;0;7;0;6;0;1;21;A01
201400022786;0;7;0;0;2;1;15;A01
201400022786;0;33;0;0;2;1;1;B01
201400022787;0;7;0;0;2;1;2;A01
201400022787;0;7;0;0;2;4;2;B01
201400022788;0;7;0;1;1;1;6;A01
201400022789;0;7;0;0;2;5;15;B01
201400022789;0;7;0;0;2;2;1;A01
201400022790;0;7;0;0;2;1;15;A01
201400022790;0;33;0;0;2;1;15;B01
201400022791;0;7;0;0;2;0;10;A01
201400022791;0;33;0;0;2;0;1;B01
201400022792;0;2;0;0;2;1;9;A01
201400022792;0;7;0;0;2;5;1;B01
201400022793;0;7;0;0;2;2;15;B01
201400022793;1;7;0;0;2;0;1;A01
201400022794;0;30;0;0;1;1;1;A01
201400022795;0;30;0;0;1;1;1;A01
201400022796;0;7;0;0;1;1;1;A01
201400022797;0;7;0;6;0;9;13;A01
201400022798;0;7;0;0;2;1;15;A01
201400022798;0;2;0;0;2;7;1;B01
201400022799;0;1;0;0;2;1;1;B01
201400022799;0;7;0;0;2;2;15;A01
201400022800;0;7;0;0;2;3;1;A01
201400022800;0;33;0;0;2;1;1;B01
201400022801;0;7;0;0;1;2;1;A01
201400022802;0;7;0;0;1;4;1;B01
201400022802;0;7;0;0;1;1;1;A01
201400022803;0;7;0;0;2;5;15;A01
201400022803;0;34;0;0;2;1;21;B01
201400022804;0;7;0;0;2;1;1;B01
201400022804;0;10;0;8;2;5;15;A01
201400022805;0;7;0;0;2;4;1;B01
201400022805;0;7;0;0;2;4;1;C01
201400022805;0;7;0;0;2;1;1;A01
201400022806;0;7;0;0;2;4;2;C01
201400022806;0;10;0;0;2;4;2;B01
201400022806;0;7;0;0;2;1;2;A01
201400022807;0;10;0;0;0;4;23;C01
201400022807;0;7;0;0;2;4;23;B01
201400022807;0;7;0;0;2;1;2;A01
201400022808;2;7;0;0;2;3;13;A01
201400022808;0;7;0;0;2;8;1;B01
201400022809;0;7;0;0;2;1;10;A01
201400022809;0;31;0;0;2;1;17;B01
201400022810;0;7;0;0;1;3;16;A01
201400022811;0;10;0;0;2;1;1;B01
201400022811;0;31;0;0;2;3;1;A01
201400022812;0;2;0;0;1;1;1;A01
201400022812;0;2;0;0;2;1;2;B01
201400022813;0;30;0;0;0;0;1;A01
201400022814;1;10;0;1;0;1;13;A01
201400022815;0;7;0;6;0;3;1;A01
201400022816;0;7;0;0;1;1;1;A01
201400022817;0;7;0;0;2;7;14;A01
201400022817;0;7;0;0;0;4;8;B01
201400022818;0;7;0;8;1;4;4;A01
201400022819;0;7;0;0;2;8;15;B01
201400022819;0;7;0;0;2;2;1;A01
201400022820;0;7;0;0;0;0;1;A01
201400022821;0;7;0;0;2;1;15;A01
201400022821;0;33;0;0;2;1;1;B01
201400022822;0;7;0;0;2;1;1;B01
201400022822;0;7;0;0;2;1;19;A01
201400022823;0;7;0;6;0;1;1;A01
201400022824;0;7;0;0;1;1;4;A01
201400022825;0;1;0;0;2;8;19;B01
201400022825;0;7;0;0;2;3;1;A01
201400022826;0;7;0;0;2;6;10;B01
201400022826;0;33;0;0;2;1;8;A01
201400022827;0;33;0;0;2;2;19;A01
201400022827;0;7;0;0;2;7;1;B01
201400022828;0;7;0;0;1;3;1;A01
201400022829;0;7;0;0;2;3;1;B01
201400022829;0;7;0;0;2;3;13;A01
201400022830;0;7;0;1;0;3;14;A01
201400022831;0;7;0;0;2;8;1;B01
201400022831;0;7;0;0;2;1;1;A01
201400022832;0;7;0;0;2;1;1;A01
201400022832;0;7;0;0;2;4;1;B01
201400022833;0;7;0;0;2;3;0;B01
201400022833;0;7;0;0;2;3;15;A01
201400022834;0;7;0;6;0;3;1;A01
201400022835;0;7;0;0;2;4;2;B02
201400022835;0;7;0;0;2;1;2;A01
201400022836;0;7;0;0;0;3;5;A01
201400022836;0;7;0;0;2;3;1;B02
201400022836;0;10;0;0;2;1;1;C03
201400022836;0;7;0;0;2;3;1;D04
201400022837;0;10;0;0;9;2;2;A01
201400022837;0;1;0;0;2;4;0;B02
201400022838;1;7;0;0;1;3;1;A01
201400022839;0;33;0;0;0;0;0;A01
201400022840;0;7;0;0;2;7;13;A01
201400022840;0;10;0;0;2;1;1;B02
201400022841;0;7;0;0;2;2;6;A01
201400022841;0;33;0;0;2;2;15;B02
201400022842;0;7;0;13;0;2;1;A01
201400022843;0;17;0;0;2;4;1;A01
201400022843;0;17;0;0;2;2;1;B02
201400022844;0;7;0;13;0;9;1;A01
201400022845;0;30;0;14;0;2;15;A01
201400022845;0;7;0;0;2;2;23;B02
201400022846;0;7;0;6;0;2;1;A01
201400022847;0;7;0;2;0;5;1;A01
201400022848;0;10;0;8;0;2;0;A01
201400022849;0;7;0;4;0;3;1;A01
201400022850;0;15;0;0;2;4;2;B02
201400022850;0;7;0;0;2;1;2;A01
201400022851;0;7;0;6;0;1;1;A01
201400022852;0;7;0;13;0;1;13;A01
201400022853;0;7;0;0;2;3;1;A01
201400022853;0;7;0;0;2;3;1;B02
201400022853;0;7;0;0;2;1;1;C03
201400022854;0;7;0;0;2;7;19;B02
201400022854;0;7;0;0;2;1;1;A01
201400022855;0;7;0;13;0;1;1;A01
201400022856;0;2;0;0;2;1;0;A01
201400022856;0;7;0;0;2;6;0;B02
201400022857;0;7;0;0;1;3;1;A01
201400022858;0;10;0;0;2;1;1;A01
201400022858;0;7;0;0;0;4;2;B02
201400022859;0;10;0;0;0;1;1;A01
201400022860;0;10;0;4;0;3;0;A01
201400022861;0;14;0;0;1;3;1;A01
201400022862;0;7;0;0;1;3;0;A01
201400022863;0;7;0;0;2;3;13;A01
201400022863;0;38;1;0;2;6;1;B02
201400022864;0;2;0;0;2;1;21;A01
201400022864;0;2;0;0;0;3;23;B02
201400022865;0;33;0;0;2;1;13;A01
201400022865;0;7;0;0;2;3;1;B02
201400022866;0;7;0;0;2;3;13;A01
201400022866;0;7;0;4;2;4;1;B02
201400022867;0;7;0;13;0;7;0;A01
201400022868;0;10;0;0;2;2;2;A01
201400022868;0;14;0;0;0;0;2;B02
201400022869;0;7;0;14;0;1;1;A01
201400022869;0;7;0;0;2;3;23;B02
201400022870;0;7;0;0;2;2;1;A01
201400022870;0;33;0;0;2;7;21;B02
201400022871;0;7;0;3;2;1;13;A01
201400022871;0;17;0;0;2;1;21;B02
201400022872;0;7;0;8;0;1;0;A01
201400022873;0;3;0;0;2;3;13;A01
201400022873;0;1;0;0;2;1;1;B02
201400022874;0;7;0;0;2;1;15;B01
201400022874;0;7;0;0;2;1;1;A02
201400022874;0;33;0;0;2;1;2;C03
201400022875;0;2;0;6;0;2;1;A01
201400022876;0;7;0;0;2;1;2;A01
201400022876;0;7;0;0;2;4;2;B02
201400022877;0;7;0;0;2;2;19;A01
201400022877;0;1;0;0;2;7;1;B02
201400022878;0;33;0;0;2;1;2;A01
201400022878;0;7;0;0;0;8;15;B02
201400022879;0;7;0;8;0;1;1;A01
201400022880;0;7;0;0;2;1;17;A01
201400022880;0;7;0;0;0;4;1;B02
201400022881;0;7;0;0;2;1;2;A01
201400022881;0;7;0;0;2;4;2;B02
201400022881;0;7;0;0;2;4;2;C03
201400022881;0;7;0;0;2;4;1;D04
201400022882;0;7;0;2;0;2;14;A01
201400022883;0;33;0;0;0;1;1;A01
201400022884;0;33;0;0;0;1;1;A01
201400022885;0;7;0;0;2;2;15;A01
201400022885;0;7;0;0;2;3;1;B02
201400022886;0;7;0;10;0;1;1;A01
201400022887;0;30;0;0;0;0;0;A01
201400022888;0;7;0;0;2;3;5;A01
201400022888;0;7;0;0;2;3;1;B02
201400022889;0;7;0;0;2;7;13;A01
201400022889;0;7;0;0;2;1;1;B02
201400022890;0;7;0;0;2;1;13;A01
201400022890;0;7;0;0;2;1;1;B02
201400022891;0;7;0;0;2;3;15;A01
201400022891;0;7;0;0;2;1;1;B02
201400022891;0;10;0;0;2;3;2;C03
201400022892;0;7;0;0;2;2;15;A01
201400022892;0;33;0;0;2;1;1;B02
201400022893;0;7;0;6;2;5;13;A01
201400022893;0;10;0;0;2;2;1;B02
201400022893;0;10;0;0;2;1;1;C03
201400022894;0;7;0;0;2;1;2;A01
201400022894;0;7;0;0;2;4;2;B02
201400022895;0;36;0;13;0;2;1;A01
201400022896;0;7;0;0;1;2;1;A01
201400022897;0;7;0;0;2;6;1;B02
201400022897;0;33;0;0;2;1;1;A01
201400022898;0;33;0;0;2;1;17;A01
201400022898;0;7;0;0;2;1;1;B02
201400022899;0;7;0;0;2;1;1;A01
201400022899;0;7;0;0;2;3;19;B02
201400022900;0;15;0;4;2;1;2;A01
201400022900;0;7;0;0;2;5;1;C03
201400022900;0;7;0;0;9;3;1;D04
201400022900;0;7;0;0;9;1;1;E05
201400022900;0;99;0;0;0;1;1;F06
201400022901;0;7;0;13;0;1;19;A01
201400022902;0;30;0;0;2;3;21;A01
201400022902;0;10;0;0;2;3;23;B02
201400022903;0;17;0;0;0;6;1;A01
201400022903;0;7;0;0;2;1;1;B02
201400022904;0;10;0;0;2;2;0;A01
201400022904;0;32;0;0;2;3;19;B02
201400022905;0;7;0;0;2;1;1;A01
201400022905;0;7;0;0;2;1;1;B02
201400022905;0;7;0;0;2;1;1;C03
201400022906;0;7;0;0;2;7;1;A01
201400022906;0;7;0;0;2;1;1;B02
201400022906;0;2;0;0;2;1;1;C03
201400022907;0;10;0;0;2;1;2;A01
201400022907;0;7;0;0;0;4;23;B02
201400022908;0;7;0;6;0;3;1;A01
201400022909;0;7;0;0;2;2;1;A01
201400022909;0;7;0;0;2;3;19;B02
201400022910;0;7;0;0;2;1;2;A01
201400022910;0;7;0;0;0;4;2;B02
201400022910;0;7;0;0;0;6;2;C03
201400022911;0;7;0;4;0;3;13;A01
201400022911;0;7;0;1;2;1;14;B02
201400022911;0;7;0;0;2;4;1;C03
201400022912;0;33;0;13;0;1;1;A01
201400022913;0;7;0;5;0;8;14;A01
201400022914;0;7;0;2;0;3;0;A01
201400022915;0;10;0;0;2;2;2;A01
201400022915;0;15;0;0;0;0;0;B02
201400022916;0;7;0;16;0;0;1;A01
201400022917;0;7;0;4;0;2;0;A01
201400022918;0;7;0;0;2;6;11;A01
201400022918;0;7;0;4;2;2;1;B02
201400022918;0;7;0;0;2;1;2;C03
201400022918;0;7;0;0;2;5;2;D04
201400022918;0;10;0;0;2;5;2;E05
201400022918;0;7;0;0;2;1;2;F06
201400022918;0;7;0;0;2;2;2;G07
201400022918;0;7;0;0;2;3;2;H08
201400022919;0;7;0;4;0;1;14;A01
201400022919;0;7;0;0;2;1;1;B02
201400022919;0;7;0;14;0;1;2;C03
201400022920;0;7;0;0;2;2;1;A01
201400022920;0;17;0;0;2;8;0;B02
201400022921;0;7;0;4;0;0;14;A01
201400022921;0;7;0;14;0;1;1;B02
201400022922;0;14;0;0;2;2;21;A01
201400022922;0;7;0;0;2;6;1;B02
201400022923;0;7;0;0;1;1;0;A01
201400022924;0;7;0;0;0;0;0;A01
201400022925;0;7;0;;;;;B02
201400022925;0;33;0;;;;;A01
201400022926;0;7;0;0;2;8;15;A01
201400022926;0;7;0;0;2;1;1;B02
201400022927;0;7;0;0;2;2;2;A01
201400022927;0;1;0;0;2;4;0;B02
201400022928;0;7;0;0;2;1;19;A01
201400022928;0;1;0;0;2;8;1;B02
201400022929;0;7;0;0;2;1;1;B02
201400022929;0;7;0;0;2;1;1;C03
201400022929;0;7;0;0;2;1;13;A01
201400022930;0;7;0;2;0;7;0;A01
201400022931;0;7;0;3;0;1;1;A01
201400022932;0;33;0;0;2;1;1;B02
201400022932;0;7;0;0;2;5;15;A01
201400022933;0;31;0;0;0;1;1;B02
201400022933;0;7;0;0;0;2;15;A01
201400022934;0;7;0;0;0;1;19;A01
201400022934;0;33;0;0;2;1;19;B02
201400022935;0;7;0;0;2;5;23;C03
201400022935;0;7;0;0;2;4;23;B02
201400022935;0;7;0;0;2;1;1;A01
201400022936;0;14;0;0;1;0;19;A01
201400022937;1;7;0;0;2;1;1;A01
201400022937;0;2;0;0;2;1;1;B02
201400022938;0;2;0;0;2;1;1;A01
201400022938;0;7;0;0;2;1;17;B02
201400022939;0;31;0;0;0;7;14;A01
201400022940;0;7;0;8;0;8;1;A01
201400022941;0;31;0;0;2;7;13;A01
201400022941;0;33;0;0;2;8;1;B02
201400022942;0;7;0;0;2;2;1;A01
201400022942;0;7;0;0;2;2;1;B02
201400022943;0;7;0;2;0;1;1;A01
201400022944;0;33;0;1;0;1;1;A01
201400022945;0;7;0;8;0;1;1;A01
201400022946;0;7;0;2;0;1;1;A01
201400022947;0;33;0;0;2;1;13;A01
201400022947;0;7;0;0;2;1;1;B02
201400022948;0;1;0;0;2;1;1;B02
201400022948;0;7;0;0;2;1;1;A01
201400022949;0;7;0;0;9;2;2;A01
201400022949;0;1;0;0;2;3;1;B02
201400022950;0;31;0;0;5;1;1;A01
201400022951;0;32;0;0;2;1;1;A01
201400022951;0;7;0;0;2;3;1;B02
201400022952;0;30;0;0;2;1;3;B02
201400022952;0;7;0;0;2;1;11;A01
201400022953;0;10;0;0;0;2;24;B02
201400022953;0;7;0;1;0;1;14;A01
201400022954;0;7;0;0;2;3;19;A01
201400022954;0;14;0;0;2;2;1;B02
201400022955;0;7;0;8;0;1;13;A01
201400022956;0;14;0;0;2;3;1;B02
201400022956;0;7;0;0;2;3;13;A01
201400022957;0;7;0;0;1;3;1;A01
201400022958;0;7;0;0;2;7;1;C03
201400022958;0;30;0;0;2;6;15;B02
201400022958;0;10;0;0;2;2;17;A01
201400022959;0;7;0;0;0;4;16;B02
201400022959;0;10;0;0;2;1;1;A01
201400022960;0;7;0;8;0;5;1;A01
201400022961;0;14;0;0;0;1;10;A01
201400022961;0;7;0;0;0;3;1;B02
201400022962;0;7;0;8;0;2;14;A01
201400022963;0;7;0;0;2;3;1;A01
201400022963;0;7;0;0;;9;1;B02
201400022963;0;7;0;0;2;3;1;C03
201400022964;0;33;0;0;2;1;1;A01
201400022964;0;10;0;0;2;5;15;B02
201400022965;0;7;0;15;0;2;1;A01
201400022966;0;7;0;0;2;6;1;B02
201400022966;0;7;0;0;2;3;15;A01
201400022967;0;7;0;0;2;3;1;B02
201400022967;0;7;0;0;2;2;1;A01
201400022968;0;7;0;0;2;1;15;A01
201400022968;0;1;0;0;2;8;1;B02
201400022969;0;7;0;0;9;1;15;A01
201400022969;0;1;0;0;2;7;15;B02
201400022970;0;7;0;0;2;1;1;B01
201400022970;0;2;0;0;2;7;1;A01
201400022971;0;7;0;0;2;4;2;C01
201400022971;0;7;0;0;2;1;2;A01
201400022971;0;7;0;0;2;4;2;B01
201400022972;0;2;0;0;2;1;21;B01
201400022972;0;7;0;0;2;8;10;A01
201400022973;0;31;0;0;2;7;9;B01
201400022973;0;7;0;0;2;1;9;A01
201400022974;0;7;0;9;0;2;2;A01
201400022975;0;7;0;0;0;1;0;A01
201400022976;0;1;0;0;2;5;19;B01
201400022976;0;7;0;0;2;2;1;A01
201400022977;0;10;0;0;2;0;1;B01
201400022977;0;30;0;0;2;1;1;A01
201400022978;0;7;0;1;0;3;1;A01
201400022979;0;30;0;6;0;1;0;A01
201400022980;0;7;0;0;0;7;0;C01
201400022980;0;7;0;0;2;8;1;D01
201400022980;0;7;0;0;0;7;0;B01
201400022980;0;7;0;0;2;8;11;A01
201400022981;0;7;0;0;0;1;2;A01
201400022982;0;7;0;0;2;1;1;A01
201400022982;0;7;0;0;2;8;1;B01
201400022983;0;3;0;0;2;5;1;B01
201400022983;0;7;0;0;2;2;9;A01
201400022984;0;10;0;0;2;1;1;B01
201400022984;0;10;0;0;2;2;15;A01
201400022985;0;7;0;12;0;3;1;A01
201400022986;0;7;0;13;9;3;11;A01
201400022987;0;7;0;0;2;2;21;A01
201400022987;0;7;0;0;2;4;2;B01
201400022988;0;7;0;13;0;3;2;A01
201400022989;0;7;0;0;2;3;2;A01
201400022989;0;7;0;0;2;1;9;B01
201400022990;0;7;0;0;2;1;2;A01
201400022990;0;7;0;0;0;4;15;B01
201400022991;0;7;0;0;2;1;1;A01
201400022991;0;1;0;0;2;4;1;B01
201400022992;0;7;0;0;1;1;15;A01
201400022993;0;7;0;0;9;3;16;A01
201400022993;0;1;0;0;0;4;1;P01
201400022994;0;30;0;0;1;7;1;A01
201400022995;0;7;0;0;2;2;1;A01
201400022995;0;7;0;0;2;1;1;B01
201400022995;0;7;0;0;2;3;1;C01
201400022996;0;7;0;3;0;1;1;A01
201400022997;0;7;0;0;2;8;23;B01
201400022997;1;7;0;1;1;1;2;A01
201400022998;0;7;0;1;1;2;1;A01
201400022999;0;14;0;0;0;4;0;A01
201400022999;0;7;0;0;9;1;0;C01
201400022999;0;37;1;0;2;1;2;B01
201400023000;0;7;0;3;0;1;0;A01
201400023001;0;7;0;0;2;1;13;A01
201400023001;0;7;0;0;2;1;1;B02
201400023002;0;1;0;0;2;3;1;A01
201400023002;0;7;0;0;2;1;19;B02
201400023002;0;7;0;0;2;1;23;C03
201400023002;0;7;0;0;2;8;23;D04
201400023003;0;7;0;0;2;6;1;A01
201400023003;0;2;0;0;2;1;1;B02
201400023004;0;33;0;0;2;0;0;A01
201400023004;0;7;0;0;2;0;0;B01
201400023005;0;7;0;0;1;0;0;A01
201400023006;0;7;0;0;2;0;0;B01
201400023006;0;33;0;0;2;0;0;A01
201400023007;0;7;0;0;0;0;0;A01
201400023008;0;7;0;1;0;0;1;A01
201400023009;0;31;0;0;0;5;17;A01
201400023009;0;7;0;0;2;1;19;B01
201400023010;0;34;0;0;2;0;0;B01
201400023010;0;31;0;0;2;0;0;A01
201400023011;0;7;0;0;2;0;13;A01
201400023011;0;7;0;0;2;0;1;B01
201400023012;0;7;0;0;2;0;0;A01
201400023012;0;1;0;0;2;0;0;B01
201400023013;0;7;0;0;0;0;0;B01
201400023013;0;33;0;0;2;1;0;A01
201400023014;0;7;0;13;0;1;1;A01
201400023015;0;1;0;0;2;0;0;A01
201400023015;0;10;0;0;2;0;0;B01
201400023016;0;7;0;3;0;1;1;A01
201400023017;0;32;0;0;2;0;0;B01
201400023017;0;7;0;0;2;0;0;A01
201400023018;0;2;0;0;2;1;7;A01
201400023018;0;7;0;0;2;2;16;B01
201400023019;0;7;0;0;0;4;23;B01
201400023019;0;7;0;0;2;1;2;A01
201400023020;0;33;0;0;2;0;0;B01
201400023020;0;7;0;0;2;0;0;A01
201400023021;0;7;0;0;2;4;2;C01
201400023021;0;7;0;0;2;1;0;A01
201400023021;0;7;0;0;0;8;2;B01
201400023022;2;30;0;0;1;0;0;A01
201400023023;0;7;0;0;9;3;15;B01
201400023023;0;1;0;0;0;7;1;A01
201400023024;0;7;0;0;0;1;0;B01
201400023024;0;7;0;0;2;8;0;A01
201400023025;0;7;0;0;1;1;15;A01
201400023026;1;7;0;0;2;1;2;Z01
201400023026;0;7;0;0;2;4;2;B01
201400023026;0;7;0;0;2;4;2;A01
201400023026;0;7;0;0;2;4;2;D01
201400023026;0;7;0;0;2;1;2;E01
201400023027;0;7;0;0;1;1;2;A01
201400023028;0;7;0;0;2;6;13;B01
201400023028;0;31;0;0;0;8;1;A01
201400023029;0;33;0;0;2;2;1;A01
201400023029;0;10;0;0;2;0;0;B01
201400023030;0;7;0;0;2;0;0;B01
201400023030;0;7;0;0;2;0;0;A01
201400023031;0;7;0;0;2;0;0;A01
201400023031;0;31;0;0;0;1;0;B01
201400023032;0;7;0;0;1;2;9;A01
201400023033;0;7;0;0;1;1;1;A01
201400023034;0;7;0;1;0;9;0;A01
201400023035;0;7;0;0;2;0;0;B01
201400023035;0;32;0;0;2;0;0;A01
201400023036;0;7;0;0;1;1;0;A01
201400023037;0;7;0;15;0;2;0;A01
201400023038;0;31;0;0;1;0;0;A01
201400023039;0;7;0;0;1;0;0;A01
201400023040;0;7;0;0;1;1;0;A01
201400023041;0;7;0;0;1;1;1;A01
201400023042;0;7;0;0;2;4;0;B01
201400023042;0;7;0;0;2;1;1;A01
201400023043;0;7;0;0;2;5;0;A01
201400023043;0;37;2;0;2;3;0;B01
201400023044;0;2;0;0;2;1;1;A01
201400023044;0;7;0;0;2;1;0;B01
201400023045;0;7;0;0;2;0;0;A01
201400023045;0;7;0;0;2;0;0;B01
201400023046;0;1;0;0;2;4;0;B01
201400023046;0;7;0;0;9;1;0;A01
201400023047;0;33;0;0;2;1;0;B01
201400023047;0;7;0;2;0;0;0;A01
201400023048;0;7;0;0;1;0;0;A01
201400023049;0;7;0;0;2;1;2;A01
201400023049;0;7;0;0;0;4;0;B01
201400023050;0;31;0;0;1;0;0;A01
201400023051;0;7;0;0;1;4;4;A01
201400023052;0;31;0;1;0;1;0;A01
201400023053;0;7;0;0;2;1;2;A01
201400023053;0;7;0;0;0;6;0;B01
201400023054;0;7;0;0;2;1;2;A01
201400023054;0;7;0;0;2;4;2;B01
201400023054;0;7;0;0;0;4;1;C01
201400023055;0;10;0;0;2;1;2;A01
201400023055;0;10;0;0;2;4;2;B01
201400023055;0;10;0;0;2;5;2;C01
201400023056;0;7;0;0;1;1;0;A01
201400023057;0;7;0;0;2;4;1;A01
201400023057;1;7;0;0;2;1;0;Z01
201400023058;0;7;0;0;0;1;0;B01
201400023058;0;7;0;0;2;0;0;A01
201400023058;0;7;0;0;0;0;0;C01
201400023059;0;7;0;0;2;0;0;B01