num_acc;senc;catv;occutc;obs;obsm;choc;manv;num_veh
201400023059;2;7;0;0;2;0;0;A01
201400023060;0;7;0;0;2;1;0;B01
201400023060;0;7;0;0;2;1;13;A01
201400023061;0;7;0;0;0;4;0;B01
201400023061;0;7;0;0;0;0;0;A01
201400023062;0;37;1;0;2;1;0;A01
201400023062;0;32;0;0;2;1;0;B01
201400023063;0;7;0;0;1;0;4;A01
201400023064;0;7;0;0;2;4;0;B01
201400023064;0;33;0;0;2;1;0;A01
201400023065;0;7;0;0;2;7;15;B01
201400023065;0;33;0;0;2;1;1;A01
201400023066;0;7;0;0;9;2;22;A01
201400023066;0;1;0;0;2;1;1;B01
201400023067;0;7;0;0;1;3;0;A01
201400023068;0;10;0;0;2;1;1;B01
201400023068;0;10;0;0;2;5;1;A01
201400023069;0;2;0;0;2;1;1;B01
201400023069;0;7;0;0;2;2;15;A01
201400023070;0;7;0;0;2;2;1;B01
201400023070;0;1;0;0;2;0;7;A01
201400023071;0;7;0;0;2;6;23;B01
201400023071;0;2;0;0;2;1;0;A01
201400023072;0;10;0;0;2;8;1;B01
201400023072;0;33;0;0;2;1;1;A01
201400023073;1;7;0;0;0;0;0;Z01
201400023073;0;1;0;0;2;0;0;A01
201400023074;0;31;0;0;2;0;0;A01
201400023074;0;7;0;0;2;0;0;B01
201400023075;0;33;0;0;2;1;1;B01
201400023075;0;7;0;0;2;7;15;A01
201400023076;0;7;0;0;2;0;0;B01
201400023076;0;30;0;0;2;0;0;A01
201400023077;0;7;0;0;0;1;0;A01
201400023078;0;7;0;0;2;2;15;A01
201400023078;0;33;0;0;2;1;1;B01
201400023079;0;7;0;0;1;4;0;B01
201400023079;0;7;0;0;2;1;0;A01
201400023080;0;7;0;0;0;1;0;A01
201400023080;0;31;0;0;2;0;0;B01
201400023081;0;31;0;0;2;0;0;A01
201400023081;1;7;0;0;0;0;0;Z01
201400023082;0;7;0;0;1;1;15;A01
201400023083;0;7;0;7;0;1;0;A01
201400023084;0;7;0;0;0;0;0;A01
201400023085;0;34;0;0;2;1;17;B01
201400023085;0;7;0;0;2;1;10;A01
201400023086;0;7;0;1;0;1;13;A01
201400023087;0;7;0;0;1;0;0;A01
201400023088;0;7;0;0;2;1;2;A01
201400023088;0;7;0;0;0;4;2;B01
201400023089;0;31;0;0;2;1;2;B01
201400023089;0;7;0;0;2;8;10;A01
201400023090;0;7;0;0;2;4;2;B01
201400023090;0;7;0;0;2;1;2;A01
201400023091;1;7;0;0;2;0;0;Z01
201400023091;0;32;0;0;2;8;1;A01
201400023092;0;31;0;12;2;7;1;B01
201400023092;0;7;0;0;2;0;0;A01
201400023093;0;7;0;0;2;0;0;B01
201400023093;0;7;0;0;2;0;0;A01
201400023094;0;7;0;0;0;1;0;B01
201400023094;0;30;0;0;2;0;0;A01
201400023095;0;31;0;0;2;1;0;B01
201400023095;0;7;0;0;2;8;0;A01
201400023096;0;7;0;0;2;4;0;B01
201400023096;0;7;0;0;2;1;0;A01
201400023097;0;7;0;0;2;4;0;C01
201400023097;0;7;0;0;2;0;0;B01
201400023097;0;7;0;0;2;1;0;A01
201400023098;2;7;0;0;0;0;0;A01
201400023099;0;7;0;8;0;1;0;A01
201400023100;0;7;0;0;2;7;0;A01
201400023100;0;7;0;0;2;8;0;B01
201400023101;0;7;0;0;2;1;0;A01
201400023101;0;33;0;0;2;4;0;B01
201400023102;0;31;0;0;2;1;0;A01
201400023102;0;7;0;0;2;2;0;B01
201400023103;0;7;0;0;1;7;1;A01
201400023104;0;7;0;0;1;2;0;A01
201400023105;0;37;1;0;2;1;0;B01
201400023105;0;31;0;0;2;8;0;A01
201400023106;0;7;0;0;2;5;1;A01
201400023106;0;30;0;0;2;1;1;B01
201400023107;0;7;0;0;2;8;0;B01
201400023107;0;7;0;0;2;2;0;A01
201400023107;1;7;0;0;2;0;0;Z01
201400023108;0;7;0;0;2;1;2;A01
201400023108;0;7;0;0;2;4;2;B01
201400023109;0;7;0;0;1;1;0;A01
201400023110;0;7;0;0;2;0;0;A01
201400023110;0;32;0;0;2;0;0;B01
201400023111;0;7;0;4;0;1;1;A01
201400023112;0;31;0;0;2;0;0;B01
201400023112;0;7;0;0;2;0;0;A01
201400023113;0;7;0;4;0;3;13;A01
201400023114;0;31;0;0;2;8;1;A01
201400023114;1;7;0;0;2;0;16;Z01
201400023115;0;7;0;0;2;0;0;A01
201400023115;0;7;0;0;2;0;0;C01
201400023115;0;7;0;0;2;0;0;D01
201400023115;0;7;0;0;2;0;0;B01
201400023116;0;30;0;0;0;0;0;A01
201400023117;0;7;0;0;0;0;0;B01
201400023117;0;7;0;0;2;0;0;A01
201400023117;0;7;0;0;2;0;0;C01
201400023118;0;33;0;0;2;1;0;A01
201400023118;0;7;0;0;2;1;1;C01
201400023118;0;7;0;0;2;1;15;B01
201400023119;0;7;0;1;0;9;0;A01
201400023120;0;30;0;0;2;1;1;B01
201400023120;0;7;0;0;2;1;15;A01
201400023121;0;7;0;0;2;1;0;A01
201400023121;0;7;0;0;2;4;0;B01
201400023121;0;7;0;0;2;1;0;C01
201400023121;0;7;0;0;2;4;0;D01
201400023121;0;7;0;0;2;8;0;E01
201400023122;0;33;0;0;2;0;0;B01
201400023122;0;7;0;0;2;0;0;A01
201400023123;0;7;0;0;2;1;0;A01
201400023123;0;31;0;0;2;4;23;B01
201400023124;0;1;0;0;2;7;12;A01
201400023124;0;32;0;0;2;2;1;B01
201400023125;0;7;0;0;2;0;0;A01
201400023125;0;7;0;0;2;0;0;C01
201400023125;0;7;0;0;2;4;0;B01
201400023126;0;13;0;0;2;0;0;B01
201400023126;0;7;0;0;2;0;0;A01
201400023127;0;7;0;0;2;0;0;A01
201400023127;0;7;0;0;2;0;0;B01
201400023128;0;7;0;0;2;1;1;C01
201400023128;0;7;0;0;2;4;1;B01
201400023128;0;10;0;0;2;0;9;A01
201400023129;0;2;0;0;2;3;1;B01
201400023129;0;7;0;0;2;3;15;A01
201400023130;0;31;0;0;0;0;0;A01
201400023131;0;2;0;0;0;0;0;B01
201400023131;0;7;0;0;2;0;0;A01
201400023132;0;7;0;0;2;8;10;A01
201400023132;0;33;0;0;2;1;1;B01
201400023133;0;7;0;0;0;0;0;A01
201400023134;0;7;0;0;2;2;15;A01
201400023134;0;31;0;0;2;1;1;B01
201400023135;0;7;0;0;2;0;0;B01
201400023135;0;7;0;0;2;0;0;D01
201400023135;0;7;0;0;2;0;0;A01
201400023135;0;7;0;0;2;0;0;C01
201400023136;0;33;0;0;2;0;0;B01
201400023136;0;7;0;0;2;1;0;A01
201400023137;0;7;0;0;2;4;0;B01
201400023137;0;7;0;0;2;1;0;A01
201400023138;0;32;0;0;2;5;16;A01
201400023138;0;1;0;0;2;1;1;B01
201400023139;0;7;0;0;2;0;0;B01
201400023139;0;7;0;0;2;0;0;C01
201400023139;0;33;0;0;2;0;0;A01
201400023140;0;7;0;0;2;1;0;A01
201400023140;0;31;0;0;2;1;0;B01
201400023141;0;1;0;0;2;1;1;B01
201400023141;0;7;0;0;2;3;15;A01
201400023142;0;10;0;0;2;5;1;A01
201400023142;1;14;0;0;2;0;0;Z01
201400023143;0;2;0;0;2;0;0;A01
201400023143;0;7;0;0;2;1;0;B01
201400023144;0;7;0;0;1;0;0;A01
201400023145;0;30;0;0;2;0;0;A01
201400023146;0;33;0;0;2;0;0;A01
201400023146;0;10;0;0;2;0;0;B01
201400023147;0;7;0;0;2;0;0;B01
201400023147;0;7;0;0;2;0;0;C01
201400023147;0;1;0;0;2;0;0;A01
201400023148;0;10;0;0;1;1;1;A01
201400023149;0;7;0;0;0;0;0;A01
201400023150;0;2;0;0;2;0;0;B01
201400023150;0;7;0;0;2;0;0;A01
201400023151;1;10;0;0;2;1;0;Z01
201400023151;0;7;0;0;2;4;0;A01
201400023152;0;7;0;0;1;0;0;A01
201400023153;0;7;0;0;2;0;0;B01
201400023153;0;33;0;0;2;0;0;A01
201400023154;0;7;0;0;2;1;1;B01
201400023154;0;7;0;0;2;0;0;C01
201400023154;0;14;0;0;0;0;0;A01
201400023154;0;7;0;0;2;0;0;D01
201400023155;0;7;0;0;1;4;4;A01
201400023156;0;7;0;0;1;0;0;A01
201400023157;0;7;0;0;2;0;0;C01
201400023157;0;7;0;0;2;0;0;A01
201400023157;0;7;0;0;2;0;0;B01
201400023158;0;30;0;0;2;0;0;A01
201400023158;0;7;0;0;2;0;0;B01
201400023159;0;7;0;0;1;2;4;A01
201400023160;0;7;0;0;1;2;1;A01
201400023161;0;2;0;0;2;1;0;B01
201400023161;0;7;0;0;2;5;0;A01
201400023162;0;7;0;0;1;0;0;A01
201400023163;0;7;0;0;2;0;0;A01
201400023163;0;7;0;0;2;0;0;B01
201400023163;0;33;0;0;2;0;0;C01
201400023164;0;1;0;0;2;0;0;A01
201400023164;0;7;0;0;2;0;0;B01
201400023165;0;7;0;1;1;3;0;A01
201400023166;0;7;0;0;2;3;0;A01
201400023166;0;7;0;0;2;2;0;B01
201400023167;0;7;0;0;1;7;1;A01
201400023168;1;7;0;0;2;1;0;Z01
201400023168;0;1;0;0;2;0;0;B01
201400023169;0;32;0;0;0;0;0;B01
201400023169;0;7;0;0;0;0;0;A01
201400023170;0;7;0;0;2;0;0;B01
201400023170;0;7;0;0;2;0;0;A01
201400023171;0;7;0;0;2;1;0;A01
201400023172;0;7;0;0;2;1;1;B01
201400023172;0;33;0;0;2;0;0;A01
201400023173;0;7;0;0;1;1;1;A01
201400023174;0;7;0;0;1;0;0;A01
201400023175;0;7;0;0;2;6;1;A01
201400023175;1;31;0;0;2;0;0;Z01
201400023176;0;1;0;4;2;3;0;B01
201400023176;0;32;0;0;2;8;0;A01
201400023177;0;33;0;0;1;0;0;A01
201400023178;0;10;0;0;1;0;0;A01
201400023179;0;32;0;0;2;0;1;A01
201400023179;0;7;0;0;0;1;15;B01
201400023180;0;7;0;0;2;0;0;A01
201400023180;0;7;0;0;2;0;0;B01
201400023181;0;7;0;0;2;1;0;A01
201400023181;0;7;0;0;2;4;0;B01
201400023182;0;7;0;0;1;3;0;A01
201400023183;0;7;0;0;2;0;0;B01
201400023183;0;7;0;0;0;0;0;A01
201400023184;0;7;0;0;0;0;0;B01
201400023184;0;36;0;0;2;0;0;A01
201400023185;0;1;0;0;2;0;0;B01
201400023185;0;7;0;0;2;2;0;A01
201400023186;0;7;0;0;2;2;1;B01
201400023186;0;7;0;0;2;6;18;A01
201400023187;0;7;0;0;1;0;0;A01
201400023188;0;33;0;0;2;0;0;B01
201400023188;0;7;0;0;2;0;0;A01
201400023189;1;7;0;0;2;0;0;Z01
201400023189;0;7;0;0;2;9;1;B01
201400023190;0;7;0;0;2;3;0;B01
201400023190;0;7;0;0;2;1;1;A01
201400023191;0;1;0;0;2;0;19;B01
201400023191;0;7;0;0;9;0;1;A01
201400023192;0;7;0;0;1;0;0;A01
201400023193;0;7;0;0;0;0;0;A01
201400023194;0;7;0;0;1;3;9;A01
201400023195;0;33;0;0;2;0;0;B01
201400023195;0;33;0;0;2;0;0;A01
201400023196;0;30;0;0;2;0;0;A01
201400023196;0;7;0;0;2;0;0;B01
201400023197;0;7;0;0;0;4;1;D01
201400023197;0;7;0;0;2;4;2;C01
201400023197;0;7;0;0;2;3;12;A01
201400023197;0;7;0;0;2;5;2;B01
201400023198;0;10;0;0;2;0;0;A01
201400023198;0;33;0;0;2;0;0;B01
201400023199;0;7;0;0;2;0;0;A01
201400023199;0;33;0;0;2;0;0;B01
201400023199;0;7;0;0;2;0;0;C01
201400023200;0;7;0;0;2;3;11;A01
201400023200;0;31;0;0;2;1;1;B01
201400023201;0;1;0;0;0;0;0;B01
201400023201;1;7;0;0;0;0;0;Z01
201400023202;0;7;0;0;2;0;0;A01
201400023202;0;30;0;0;2;0;0;B01
201400023203;0;30;0;0;2;3;18;A01
201400023203;0;7;0;0;2;2;1;B01
201400023204;0;10;0;0;2;4;0;B01
201400023204;0;7;0;0;2;1;0;A01
201400023205;0;7;0;0;2;0;0;B01
201400023205;0;7;0;0;2;0;0;C01
201400023205;0;7;0;0;0;0;0;A01
201400023206;0;33;0;0;2;0;0;B01
201400023206;0;7;0;0;2;0;0;A01
201400023207;0;7;0;0;2;1;1;A01
201400023207;0;1;0;0;2;0;0;B01
201400023208;0;37;1;0;1;1;0;A01
201400023209;0;7;0;0;2;1;0;A01
201400023209;0;33;0;0;2;1;0;B01
201400023210;0;7;0;0;2;0;0;B01
201400023210;0;7;0;0;2;0;0;A01
201400023211;0;7;0;0;1;1;0;A01
201400023212;0;7;0;0;1;1;2;A01
201400023213;0;1;0;0;2;0;0;A01
201400023213;0;7;0;0;0;1;0;B01
201400023214;0;7;0;0;0;1;0;A01
201400023214;0;7;0;0;2;0;0;B01
201400023215;0;10;0;0;2;1;0;A01
201400023215;0;7;0;0;2;4;0;B01
201400023216;0;37;1;0;1;1;0;A01
201400023217;0;7;0;0;2;3;0;A01
201400023217;0;33;0;0;2;4;0;B01
201400023218;0;7;0;0;2;1;0;A01
201400023218;0;7;0;0;2;3;0;B01
201400023219;0;1;0;0;2;1;0;A01
201400023219;0;7;0;0;0;0;0;B01
201400023220;0;7;0;0;2;7;0;A01
201400023220;0;32;0;0;2;3;1;B01
201400023221;0;33;0;0;0;1;0;A01
201400023221;0;7;0;0;0;1;0;B01
201400023222;0;7;0;0;2;1;1;B01
201400023222;0;33;0;0;2;2;13;A01
201400023223;0;10;0;0;2;1;2;A01
201400023223;0;10;0;0;2;4;2;B01
201400023224;0;7;0;0;2;5;15;B01
201400023224;0;31;0;0;2;1;0;A01
201400023225;0;7;0;1;0;1;0;A01
201400023226;0;7;0;0;1;1;1;A01
201400023227;0;30;0;8;0;8;0;A01
201400023228;0;7;0;0;2;1;16;A01
201400023228;0;33;0;0;2;1;1;B01
201400023229;0;32;0;0;2;8;1;B01
201400023229;0;7;0;0;2;7;12;A01
201400023230;0;7;0;0;2;1;0;A01
201400023230;0;7;0;0;2;0;0;B01
201400023231;0;7;0;0;1;0;0;A01
201400023232;0;7;0;0;2;0;0;A01
201400023232;0;1;0;0;2;0;0;B01
201400023233;0;31;0;0;2;0;0;B01
201400023233;0;7;0;0;2;0;0;A01
201400023234;0;7;0;0;2;0;0;B01
201400023234;0;7;0;0;2;0;0;A01
201400023235;0;7;0;0;2;6;9;A01
201400023236;0;1;0;0;2;0;0;B01
201400023236;0;7;0;0;2;0;0;A01
201400023237;0;7;0;0;2;8;1;B01
201400023237;0;7;0;0;2;3;0;A01
201400023238;0;7;0;0;1;3;0;A01
201400023239;0;7;0;0;2;9;0;A01
201400023240;0;31;0;0;2;1;0;A01
201400023240;0;7;0;0;2;8;0;B01
201400023241;0;31;0;0;2;1;1;B01
201400023241;0;7;0;0;2;8;15;A01
201400023242;0;7;0;0;1;8;22;A01
201400023243;0;32;0;0;0;0;0;B01
201400023243;0;7;0;0;2;3;0;A01
201400023244;0;1;0;0;0;0;0;B01
201400023244;0;7;0;0;2;1;0;A01
201400023245;0;2;0;0;2;7;12;A01
201400023245;0;7;0;0;2;4;23;B01
201400023246;0;33;0;0;0;0;0;A01
201400023247;0;7;0;0;0;1;0;A01
201400023248;0;7;0;0;0;2;17;A01
201400023248;0;10;0;0;2;6;23;B01
201400023249;0;32;0;0;2;8;1;B01
201400023249;0;10;0;0;2;5;17;A01
201400023250;0;7;0;0;2;1;2;A01
201400023250;0;7;0;0;2;4;2;C01
201400023250;0;7;0;0;2;1;0;B01
201400023251;0;7;0;0;2;2;15;A01
201400023251;0;33;0;0;2;1;1;B01
201400023252;0;1;0;0;1;1;1;A01
201400023253;0;1;0;1;0;1;2;B01
201400023253;0;7;0;0;2;8;22;A01
201400023254;0;1;0;0;2;8;5;B01
201400023254;0;10;0;0;2;1;16;A01
201400023255;0;7;0;0;2;1;0;A01
201400023255;0;7;0;0;2;1;0;B01
201400023256;0;7;0;0;2;0;0;B01
201400023256;0;7;0;0;2;0;0;A01
201400023257;0;7;0;0;2;0;0;A01
201400023257;0;33;0;0;2;0;0;B01
201400023258;0;33;0;0;2;3;11;A01
201400023258;0;7;0;0;2;5;1;B01
201400023259;0;1;0;0;2;0;1;B01
201400023259;0;7;0;0;0;0;0;A01
201400023260;0;7;0;0;2;5;15;A01
201400023260;0;7;0;0;2;1;1;B01
201400023261;0;7;0;0;2;1;2;B01
201400023261;0;7;0;0;2;4;2;A01
201400023262;0;33;0;0;1;0;0;A01
201400023263;0;7;0;0;2;1;10;A01
201400023263;0;33;0;0;2;0;17;B01
201400023264;0;10;0;0;2;3;1;B01
201400023264;0;10;0;0;2;1;15;A01
201400023265;0;7;0;0;0;0;0;A01
201400023265;0;34;0;0;2;0;0;B01
201400023266;0;7;0;0;2;1;1;B01
201400023266;0;32;0;0;2;1;13;A01
201400023267;0;7;0;0;2;3;0;A01
201400023267;0;33;0;0;2;2;0;B01
201400023268;0;7;0;0;2;2;1;B01
201400023268;0;7;0;0;2;1;9;A01
201400023269;0;32;0;0;0;0;0;A01
201400023270;0;7;0;0;0;0;0;A01
201400023271;0;7;0;0;2;0;0;B01
201400023271;0;32;0;0;0;3;0;A01
201400023272;0;36;0;0;0;0;0;A01
201400023273;0;33;0;0;1;7;1;A01
201400023274;0;7;0;0;2;3;0;B01
201400023274;1;7;0;0;0;0;0;A01
201400023275;0;32;0;0;2;1;0;A01
201400023275;0;7;0;0;2;1;0;B01
201400023275;0;7;0;0;2;1;0;C01
201400023276;0;33;0;8;0;2;0;A01
201400023277;0;7;0;0;1;0;0;A01
201400023278;0;30;0;0;0;0;0;B01
201400023278;1;10;0;0;0;0;0;Z01
201400023279;0;7;0;0;1;2;2;A01
201400023280;0;7;0;0;2;1;0;A01
201400023280;0;31;0;0;0;0;0;B01
201400023281;0;10;0;0;1;5;16;A01
201400023282;0;7;0;0;0;0;0;A01
201400023283;0;7;0;0;2;4;0;B01
201400023283;0;7;0;0;2;1;0;A01
201400023284;0;7;0;0;1;1;0;A01
201400023285;0;10;0;0;2;1;0;A01
201400023285;0;7;0;0;2;0;0;B01
201400023286;2;7;0;0;0;0;0;A01
201400023287;0;2;0;0;0;7;1;B01
201400023287;0;7;0;0;2;0;1;A01
201400023288;0;33;0;0;0;0;0;A01
201400023289;0;33;0;0;2;0;0;A01
201400023289;0;7;0;0;2;0;0;B01
201400023290;0;31;0;0;2;0;0;B01
201400023290;1;7;0;0;2;0;0;Z01
201400023291;0;7;0;0;2;0;16;A01
201400023291;0;2;0;0;2;0;18;B01
201400023292;0;7;0;0;2;0;0;A01
201400023292;0;33;0;0;2;0;0;B01
201400023293;0;33;0;0;2;1;0;A01
201400023293;1;7;0;0;2;1;0;Z01
201400023294;0;7;0;0;2;1;15;B01
201400023294;0;32;0;0;2;1;17;A01
201400023295;0;7;0;0;2;1;0;A01
201400023295;0;7;0;0;2;8;0;B01
201400023296;0;7;0;0;2;0;0;B01
201400023296;0;7;0;0;2;0;0;A01
201400023297;0;7;0;0;1;0;0;A01
201400023298;0;33;0;0;0;0;0;A01
201400023299;0;7;0;0;2;2;0;B01
201400023299;0;34;0;0;2;1;0;A01
201400023300;0;33;0;0;2;0;0;B01
201400023300;0;7;0;0;2;0;0;A01
201400023301;0;7;0;0;0;1;1;A01
201400023302;0;7;0;0;2;1;5;A01
201400023302;0;37;2;0;2;0;1;B01
201400023303;0;30;0;0;2;0;0;B01
201400023303;0;7;0;0;2;0;0;A01
201400023304;0;7;0;0;2;0;0;B01
201400023304;0;32;0;0;2;0;0;A01
201400023305;0;34;0;0;2;1;0;A01
201400023305;0;10;0;0;2;3;20;B01
201400023305;0;37;9;0;2;0;0;C01
201400023306;1;7;0;0;1;0;0;Z01
201400023307;0;30;0;0;2;0;0;B01
201400023307;0;7;0;0;2;0;0;A01
201400023308;0;33;0;0;2;0;0;B01
201400023308;0;7;0;0;0;3;0;A01
201400023309;0;14;0;0;2;2;2;A01
201400023309;0;7;0;0;0;6;1;B01
201400023310;0;33;0;0;2;7;17;B01
201400023310;1;10;0;0;2;8;11;Z01
201400023311;0;7;0;0;1;0;0;A01
201400023312;0;7;0;0;2;0;0;D01
201400023312;0;7;0;0;2;0;0;E01
201400023312;0;7;0;0;2;0;0;C01
201400023312;0;10;0;0;2;0;0;B01
201400023312;0;7;0;0;2;1;0;A01
201400023313;0;32;0;0;2;0;0;A01
201400023313;0;7;0;0;2;0;0;B01
201400023314;0;7;0;0;0;0;0;A01
201400023315;0;1;0;0;0;0;0;B01
201400023315;0;33;0;0;2;0;0;A01
201400023316;0;7;0;0;2;0;0;A01
201400023316;0;10;0;0;2;0;0;B01
201400023317;0;7;0;0;2;1;1;A01
201400023317;0;7;0;0;2;5;1;B01
201400023318;0;30;0;0;2;0;0;B01
201400023318;0;7;0;0;2;0;0;A01
201400023319;0;1;0;0;1;0;0;A01
201400023320;0;1;0;0;2;0;0;B01
201400023320;0;1;0;0;2;0;0;C01
201400023320;0;7;0;0;2;0;0;A01
201400023321;0;7;0;0;2;1;1;B01
201400023321;0;10;0;0;2;1;1;A01
201400023322;0;7;0;0;2;1;2;A01
201400023322;0;7;0;0;2;4;1;B01
201400023322;0;7;0;0;0;4;1;C01
201400023323;0;7;0;0;0;0;0;A01
201400023324;0;7;0;0;2;1;0;A01
201400023324;0;7;0;0;2;4;0;B01
201400023325;2;7;0;0;2;0;0;A01
201400023325;0;7;0;0;2;1;0;B01
201400023326;0;1;0;0;0;0;0;A01
201400023326;0;7;0;0;2;1;0;B01
201400023327;0;31;0;0;0;0;0;A01
201400023327;0;7;0;0;2;2;0;B01
201400023328;0;7;0;0;2;1;0;B01
201400023328;0;7;0;0;2;7;0;A01
201400023329;0;7;0;0;2;1;0;A01
201400023329;0;7;0;0;2;2;0;B01
201400023330;0;7;0;0;2;1;1;A01
201400023330;0;1;0;0;2;0;1;B01
201400023331;0;7;0;0;0;0;0;A01
201400023332;0;7;0;0;2;0;0;A01
201400023332;0;1;0;0;2;0;0;B01
201400023333;0;1;0;0;1;0;0;A01
201400023334;0;7;0;0;2;4;0;C01
201400023334;0;10;0;0;2;1;0;A01
201400023334;0;7;0;0;2;4;0;B01
201400023335;0;1;0;0;2;1;0;B01
201400023335;0;33;0;0;2;1;1;A01
201400023336;0;7;0;0;2;0;0;B01
201400023336;0;7;0;0;2;0;0;C01
201400023336;0;7;0;0;2;0;0;D01
201400023336;0;7;0;0;2;0;0;A01
201400023337;0;7;0;0;2;4;0;B01
201400023337;0;7;0;0;2;1;0;A01
201400023337;0;7;0;0;0;0;0;C01
201400023338;0;32;0;0;2;0;0;B01
201400023338;0;7;0;0;0;0;0;A01
201400023339;1;7;0;0;0;0;0;Z01
201400023339;0;7;0;0;2;6;0;A01
201400023340;0;7;0;0;0;0;0;A01
201400023341;0;31;0;0;2;1;2;A01
201400023341;0;37;1;0;2;4;0;B01
201400023342;0;7;0;0;2;3;15;A01
201400023342;0;32;0;0;2;1;1;B01
201400023343;0;7;0;0;1;1;1;A01
201400023344;0;2;0;0;2;1;1;A01
201400023344;0;7;0;0;2;3;16;B01
201400023345;0;33;0;0;2;1;0;A01
201400023345;0;10;0;0;2;3;0;B01
201400023346;0;7;0;0;2;1;0;B01
201400023346;0;7;0;0;2;1;0;A01
201400023347;0;7;0;0;2;1;0;A01
201400023347;0;7;0;0;2;4;0;C01
201400023347;0;7;0;0;2;0;0;B01
201400023348;0;33;0;2;0;1;0;A01
201400023349;0;7;0;0;1;0;0;A01
201400023350;0;7;0;0;2;4;0;B01
201400023350;0;7;0;0;0;1;0;A01
201400023351;1;7;0;0;0;4;23;Z01
201400023351;0;7;0;0;2;1;2;A01
201400023352;0;30;0;0;2;1;0;A01
201400023352;0;1;0;0;2;0;0;B01
201400023353;0;10;0;0;2;0;0;A01
201400023353;0;32;0;0;2;0;0;B01
201400023354;0;7;0;0;9;2;1;B01
201400023354;0;2;0;0;2;5;19;A01
201400023355;0;7;0;0;2;0;0;A01
201400023355;0;7;0;0;2;0;0;B01
201400023355;0;7;0;0;0;0;0;C01
201400023356;2;32;0;0;2;0;0;A01
201400023356;0;33;0;0;2;0;0;B01
201400023357;0;7;0;0;2;1;9;A01
201400023357;0;33;0;0;2;8;1;B01
201400023358;0;7;0;0;2;0;0;B01
201400023358;0;33;0;0;2;0;0;A01
201400023359;0;33;0;0;2;0;0;B01
201400023359;1;7;0;0;2;0;0;Z01
201400023360;0;7;0;0;2;0;0;B01
201400023360;0;10;0;0;2;0;0;A01
201400023361;0;7;0;0;2;0;0;A01
201400023361;0;7;0;0;2;0;0;B01
201400023362;0;7;0;0;2;0;0;B01
201400023362;0;7;0;0;2;0;0;A01
201400023362;2;7;0;0;2;0;0;Z01
201400023363;0;1;0;0;2;0;0;B01
201400023363;0;7;0;0;2;0;0;A01
201400023364;0;7;0;0;2;0;0;B01
201400023364;0;30;0;0;2;0;17;A01
201400023365;0;1;0;0;2;1;5;A01
201400023365;0;7;0;0;2;2;1;B01
201400023366;0;33;0;0;2;0;0;A01
201400023366;0;7;0;0;2;0;0;B01
201400023367;0;7;0;0;1;1;0;A01
201400023368;0;33;0;0;2;1;0;B01
201400023368;0;7;0;0;2;7;1;A01
201400023369;0;7;0;0;2;8;15;B01
201400023369;0;33;0;0;2;1;5;A01
201400023370;0;7;0;0;2;0;0;C01
201400023370;0;7;0;0;2;0;0;E01
201400023370;0;7;0;0;2;0;0;D01
201400023370;0;7;0;0;2;0;0;A01
201400023370;0;7;0;0;2;0;0;B01
201400023371;0;33;0;0;2;2;0;B01
201400023371;0;7;0;0;2;2;0;A01
201400023372;0;7;0;0;2;3;0;B01
201400023372;0;7;0;0;2;2;0;A01
201400023373;0;7;0;0;2;1;0;A01
201400023373;0;32;0;0;2;5;0;B01
201400023374;0;7;0;0;2;4;0;B01
201400023374;0;33;0;0;2;1;0;A01
201400023375;0;31;0;0;1;1;0;A01
201400023376;0;30;0;0;2;0;0;A01
201400023376;0;7;0;0;2;0;0;B01
201400023377;0;1;0;0;2;0;0;B01
201400023377;0;7;0;0;2;0;0;A01
201400023378;0;7;0;0;2;5;16;B01
201400023378;0;32;0;0;2;1;1;A01
201400023379;0;30;0;0;0;0;0;A01
201400023380;0;7;0;0;2;1;0;A01
201400023380;0;7;0;0;2;3;0;B01
201400023381;0;2;0;0;0;0;0;A01
201400023382;0;30;0;0;2;0;0;B01
201400023382;0;7;0;0;2;0;0;A01
201400023383;0;7;0;0;2;1;13;A01
201400023383;0;7;0;0;2;3;1;B01
201400023384;0;7;0;0;2;3;0;A01
201400023384;0;7;0;0;2;2;0;B01
201400023385;0;7;0;0;0;0;0;A01
201400023386;0;7;0;0;2;1;0;A01
201400023386;0;15;0;0;2;0;0;B01
201400023387;0;7;0;0;2;8;15;A01
201400023387;0;33;0;1;2;2;17;B01
201400023388;0;7;0;0;2;1;0;B01
201400023388;0;13;0;0;0;0;0;A01
201400023389;0;33;0;0;2;1;21;A01
201400023389;0;7;0;0;2;6;0;B01
201400023390;0;7;0;0;0;0;0;A01
201400023391;0;7;0;0;2;0;0;B01
201400023391;0;7;0;0;2;1;0;A01
201400023392;0;33;0;15;0;1;18;A01
201400023392;2;7;0;0;0;0;0;B01
201400023393;0;7;0;0;2;3;1;B01
201400023393;0;7;0;0;2;2;15;A01
201400023394;0;7;0;0;1;1;1;A01
201400023395;0;7;0;0;2;3;2;A01
201400023395;0;33;0;0;2;4;2;B01
201400023396;0;7;0;0;2;3;1;B01
201400023396;0;33;0;0;2;1;16;A01
201400023397;0;7;0;0;2;1;0;B01
201400023397;0;7;0;0;2;8;0;A01
201400023398;0;7;0;0;1;5;16;A01
201400023399;0;7;0;0;2;5;0;B01
201400023399;0;33;0;0;2;1;0;A01
201400023400;0;10;0;0;1;0;0;A01
201400023401;0;7;0;0;2;4;0;B01
201400023401;1;99;0;0;0;1;0;Z01
201400023402;1;10;0;0;0;0;0;Z01
201400023403;0;7;0;0;0;1;0;A01
201400023404;0;10;0;0;2;6;0;C01