num_acc;senc;catv;occutc;obs;obsm;choc;manv;num_veh
201400023404;0;7;0;0;2;0;0;B01
201400023404;0;7;0;0;2;0;0;A01
201400023405;0;33;0;0;2;5;0;A01
201400023405;0;7;0;0;0;0;0;B01
201400023406;1;7;0;0;1;0;0;Z01
201400023407;0;33;0;0;2;1;1;B01
201400023407;0;7;0;0;2;0;15;A01
201400023408;0;7;0;0;0;6;10;A01
201400023408;0;33;0;0;2;1;1;B01
201400023409;0;7;0;0;0;0;0;A01
201400023410;0;7;0;0;2;4;1;B01
201400023410;0;7;0;0;0;1;0;A01
201400023411;0;7;0;0;0;1;0;A01
201400023412;0;7;0;0;2;5;0;B01
201400023412;0;31;0;0;2;1;0;A01
201400023413;0;7;0;0;1;1;15;A01
201400023414;0;7;0;0;2;0;0;B01
201400023414;0;7;0;0;2;0;0;A01
201400023414;0;7;0;0;0;0;0;C01
201400023415;0;7;0;0;0;0;0;B01
201400023415;0;13;0;0;0;0;0;A01
201400023416;0;7;0;0;2;1;15;A01
201400023416;0;1;0;0;2;1;1;B01
201400023417;0;7;0;0;1;0;0;A01
201400023418;0;7;0;0;1;1;1;A01
201400023419;0;10;0;0;1;2;1;A01
201400023420;1;7;0;0;1;0;0;Z01
201400023421;0;7;0;0;2;1;0;A01
201400023421;0;2;0;0;2;0;0;B01
201400023422;0;7;0;0;2;4;0;B01
201400023422;0;7;0;0;2;4;0;C01
201400023422;0;7;0;0;2;0;0;A01
201400023423;0;7;0;0;2;0;0;A01
201400023423;0;7;0;0;2;0;0;B01
201400023424;0;7;0;0;2;0;0;B01
201400023424;0;33;0;0;2;0;0;A01
201400023425;0;33;0;0;2;2;1;A01
201400023425;0;7;0;0;2;3;0;B01
201400023426;0;7;0;0;2;0;0;A01
201400023426;0;7;0;0;2;0;0;B01
201400023426;0;7;0;0;2;0;0;C01
201400023427;0;33;0;0;2;0;0;A01
201400023427;0;7;0;0;2;6;0;B01
201400023428;0;7;0;0;2;0;0;A01
201400023428;0;33;0;0;2;0;0;B01
201400023429;0;32;0;0;2;1;0;A01
201400023429;0;7;0;0;2;0;0;B01
201400023430;0;7;0;0;1;1;0;A01
201400023431;0;33;0;0;2;0;0;A01
201400023431;0;7;0;0;2;0;0;C01
201400023431;0;7;0;0;0;1;0;B01
201400023432;0;7;0;0;2;0;0;B01
201400023432;0;7;0;0;2;0;0;A01
201400023433;0;32;0;0;2;0;0;B01
201400023433;0;7;0;0;2;3;0;A01
201400023434;0;7;0;0;1;3;1;A01
201400023435;0;30;0;0;2;0;0;B01
201400023435;0;7;0;0;2;2;15;A01
201400023436;0;7;0;0;2;0;0;A01
201400023437;0;7;0;0;2;4;0;B01
201400023437;0;7;0;0;2;1;0;A01
201400023437;0;7;0;0;2;0;0;C01
201400023438;0;7;0;0;2;0;0;B01
201400023438;2;7;0;0;2;0;0;A01
201400023439;0;33;0;0;2;0;0;A01
201400023440;0;7;0;0;2;2;0;B01
201400023440;0;7;0;0;2;1;6;A01
201400023441;0;10;0;0;1;1;0;A01
201400023442;0;1;0;0;0;0;0;A01
201400023442;0;7;0;0;2;0;0;B01
201400023443;0;7;0;0;1;3;1;A01
201400023444;0;7;0;0;2;8;15;A01
201400023444;0;7;0;0;2;1;1;B01
201400023445;0;33;0;0;2;0;0;A01
201400023445;0;31;0;0;2;0;0;B01
201400023446;0;7;0;0;2;0;0;A01
201400023446;0;30;0;0;2;0;0;B01
201400023447;0;1;0;0;2;4;0;B01
201400023447;0;7;0;0;0;0;0;A01
201400023448;0;7;0;0;0;0;0;B01
201400023448;0;34;0;0;2;0;0;A01
201400023449;0;7;0;6;0;1;1;A01
201400023450;0;7;0;0;0;0;0;A01
201400023451;0;7;0;0;2;0;0;B01
201400023451;0;1;0;0;2;0;0;A01
201400023452;0;37;1;0;1;0;0;A01
201400023453;0;32;0;0;2;0;0;B01
201400023453;0;7;0;0;2;1;0;A01
201400023454;0;33;0;0;2;0;0;A01
201400023454;0;7;0;0;2;0;0;B01
201400023455;0;1;0;0;2;0;0;B01
201400023455;0;7;0;0;2;0;0;A01
201400023456;0;7;0;0;1;0;0;A01
201400023457;0;10;0;0;2;7;15;A01
201400023457;0;33;0;0;2;1;1;B01
201400023458;0;2;0;0;2;8;2;A01
201400023458;0;7;0;0;2;2;2;B01
201400023459;0;33;0;0;2;2;1;B01
201400023459;0;7;0;0;2;8;0;A01
201400023460;0;7;0;0;2;3;0;B01
201400023460;0;2;0;0;2;1;1;A01
201400023461;0;33;0;0;2;0;0;A01
201400023461;0;1;0;0;2;0;1;B01
201400023462;0;7;0;0;2;0;0;B01
201400023462;0;7;0;0;2;1;0;A01
201400023463;0;10;0;0;1;0;0;A01
201400023464;0;7;0;0;2;0;0;A01
201400023464;0;1;0;0;2;0;0;B01
201400023465;0;33;0;0;2;0;0;B01
201400023465;0;7;0;0;2;0;0;A01
201400023466;0;7;0;0;2;1;0;A01
201400023466;0;30;0;0;2;0;0;B01
201400023467;0;33;0;0;2;7;0;B01
201400023467;0;7;0;0;2;3;0;A01
201400023468;0;7;0;0;2;0;0;A01
201400023468;0;15;0;0;0;0;0;B01
201400023469;0;33;0;0;1;0;0;A01
201400023470;2;30;0;0;1;0;5;A01
201400023471;0;7;0;0;2;2;0;B01
201400023471;0;33;0;0;2;8;0;A01
201400023472;0;7;0;0;2;0;0;C01
201400023472;0;7;0;0;2;0;0;B01
201400023472;0;7;0;0;2;1;0;A01
201400023473;0;33;0;0;2;7;1;B01
201400023473;0;7;0;0;2;8;11;A01
201400023474;0;7;0;0;2;0;0;A01
201400023474;0;33;0;0;2;0;0;B01
201400023475;0;7;0;4;4;2;1;A01
201400023476;0;7;0;0;1;0;0;A01
201400023477;0;7;0;0;1;0;0;A01
201400023478;0;7;0;0;2;1;0;B01
201400023478;0;33;0;0;2;0;0;A01
201400023479;0;7;0;0;1;0;0;A01
201400023480;0;7;0;0;2;0;0;A01
201400023480;0;33;0;0;2;0;0;B01
201400023481;0;31;0;0;2;0;0;B01
201400023481;0;7;0;0;0;1;0;A01
201400023482;0;7;0;0;2;0;0;B01
201400023482;0;7;0;0;2;0;0;C01
201400023482;0;7;0;0;2;0;0;A01
201400023483;0;7;0;0;1;1;0;A01
201400023484;0;7;0;0;9;3;15;A01
201400023484;0;1;0;0;2;8;1;B01
201400023485;0;7;0;0;1;2;0;A01
201400023486;0;7;0;0;1;0;0;A01
201400023487;1;7;0;0;1;0;0;Z01
201400023488;0;10;0;0;1;0;0;A01
201400023489;0;7;0;0;2;0;0;A01
201400023489;0;7;0;0;2;1;0;B01
201400023490;0;99;0;0;1;3;0;A01
201400023491;0;14;0;0;2;6;0;B01
201400023491;0;7;0;0;2;2;0;A01
201400023492;0;33;0;0;2;0;0;A01
201400023492;0;7;0;0;2;4;2;B01
201400023493;0;7;0;0;1;0;0;B01
201400023494;0;7;0;0;2;3;15;A01
201400023494;0;33;0;0;2;0;0;B01
201400023495;0;37;1;0;1;2;1;A01
201400023496;0;33;0;0;2;4;0;B01
201400023496;0;7;0;0;2;1;0;A01
201400023497;0;33;0;0;2;1;1;B01
201400023497;0;7;0;0;2;8;15;A01
201400023498;0;7;0;0;2;1;2;B01
201400023498;0;7;0;0;0;4;2;A01
201400023499;0;1;0;0;2;0;0;B01
201400023499;0;7;0;0;2;0;0;A01
201400023500;1;7;0;;1;1;0;Z01
201400023501;0;32;0;0;1;0;0;A01
201400023502;0;7;0;0;2;0;0;B01
201400023502;0;7;0;0;2;0;0;A01
201400023503;0;7;0;0;1;0;0;A01
201400023504;0;7;0;0;2;0;0;B01
201400023504;0;32;0;0;2;0;0;A01
201400023505;2;7;0;0;1;0;0;Z01
201400023506;0;33;0;0;2;1;1;B01
201400023506;1;7;0;0;2;3;10;A01
201400023507;0;7;0;0;1;1;0;A01
201400023508;0;7;0;0;2;4;23;B01
201400023508;0;7;0;0;2;1;2;A01
201400023509;0;7;0;0;2;3;0;B01
201400023509;0;33;0;0;2;4;0;A01
201400023510;0;33;0;0;2;2;0;A01
201400023510;0;2;0;0;2;1;0;B01
201400023511;0;1;0;0;2;1;0;B01
201400023511;0;7;0;0;2;3;0;A01
201400023512;0;7;0;2;0;3;1;A01
201400023513;0;1;0;0;2;0;0;A01
201400023513;0;10;0;0;2;2;0;B01
201400023514;0;2;0;0;2;0;0;A01
201400023514;0;7;0;0;2;0;0;B01
201400023515;0;32;0;0;0;0;1;A01
201400023516;0;7;0;0;2;0;0;A01
201400023516;0;1;0;0;2;0;0;B01
201400023517;0;33;0;0;2;0;0;A01
201400023517;0;7;0;0;2;0;0;B01
201400023518;0;7;0;0;2;0;0;A01
201400023519;0;7;0;0;2;0;0;A01
201400023519;0;7;0;0;2;0;0;B01
201400023520;0;7;0;0;2;0;0;B01
201400023520;0;7;0;0;2;0;0;A01
201400023521;0;7;0;0;2;4;0;C01
201400023521;0;7;0;0;2;4;0;B01
201400023521;0;7;0;0;2;1;2;A01
201400023522;0;7;0;0;2;3;0;A01
201400023522;0;33;0;0;2;1;0;B01
201400023523;0;7;0;0;2;7;0;B01
201400023523;0;33;0;0;2;1;0;A01
201400023524;0;7;0;0;1;1;0;A01
201400023525;0;1;0;0;2;8;1;B01
201400023525;0;7;0;0;2;0;0;A01
201400023526;0;33;0;0;2;0;0;B01
201400023526;0;1;0;0;2;0;0;A01
201400023527;0;1;0;0;2;0;0;B01
201400023527;0;7;0;0;2;0;0;A01
201400023528;0;2;0;0;2;0;0;A01
201400023528;0;7;0;0;2;7;0;B01
201400023529;0;1;0;0;2;1;21;A01
201400023529;0;34;0;0;2;0;0;B01
201400023530;0;2;0;0;2;1;0;A01
201400023530;0;7;0;0;2;8;0;B01
201400023531;0;7;0;0;2;0;0;B01
201400023531;0;1;0;0;2;0;0;A01
201400023532;0;2;0;0;2;0;0;A01
201400023532;0;7;0;0;2;0;0;B01
201400023533;0;7;0;0;2;7;15;B01
201400023533;0;33;0;0;2;1;1;A01
201400023534;0;1;0;0;2;0;0;A01
201400023534;0;7;0;0;2;0;0;B01
201400023535;0;33;0;0;2;1;1;B01
201400023535;0;7;0;0;2;3;15;A01
201400023536;0;7;0;0;1;0;0;A01
201400023537;0;7;0;0;1;0;0;A01
201400023538;0;33;0;0;2;1;2;A01
201400023538;0;7;0;0;2;4;2;B01
201400023539;0;7;0;0;2;4;0;B01
201400023539;0;7;0;0;2;1;0;A01
201400023540;0;30;0;0;2;1;0;A01
201400023540;0;7;0;0;2;0;0;B01
201400023541;0;7;0;0;1;0;0;A01
201400023542;0;10;0;0;1;0;0;A01
201400023543;0;33;0;0;2;0;0;B01
201400023543;0;7;0;0;2;0;0;A01
201400023544;0;7;0;0;2;0;0;C01
201400023544;0;7;0;0;2;0;0;B01
201400023544;0;7;0;0;2;0;0;D01
201400023544;0;33;0;0;2;0;0;A01
201400023545;0;33;0;0;2;1;1;B01
201400023545;0;10;0;0;2;2;10;A01
201400023546;0;7;0;0;2;0;0;A01
201400023546;0;7;0;0;2;0;0;B01
201400023547;0;7;0;0;1;0;15;A01
201400023548;0;7;0;0;0;1;0;A01
201400023548;1;7;0;0;2;0;0;Z01
201400023549;0;13;0;0;1;0;0;A01
201400023550;0;7;0;2;0;2;19;A01
201400023551;0;34;0;8;0;1;0;A01
201400023552;0;7;0;0;2;4;0;B01
201400023552;0;33;0;0;2;1;0;A01
201400023553;0;7;0;0;1;7;0;A01
201400023554;0;7;0;0;1;1;0;A01
201400023555;0;37;1;0;1;2;0;A01
201400023556;0;33;0;0;2;1;0;B01
201400023556;0;7;0;0;2;8;0;A01
201400023557;0;7;0;0;2;8;0;A01
201400023557;0;1;0;0;2;0;0;B01
201400023558;0;7;0;0;2;1;0;A01
201400023558;0;31;0;0;2;1;0;B01
201400023559;0;7;0;0;2;0;0;B01
201400023559;0;33;0;0;2;1;0;A01
201400023559;0;7;0;0;2;8;0;C01
201400023560;0;7;0;0;1;1;1;A01
201400023561;0;7;0;0;1;0;0;A01
201400023562;0;7;0;0;2;2;0;B01
201400023562;0;1;0;0;2;0;0;A01
201400023563;0;10;0;0;0;0;0;B01
201400023563;0;7;0;0;1;0;0;A01
201400023564;0;33;0;0;2;1;2;B01
201400023564;0;7;0;0;2;5;15;A01
201400023565;0;7;0;0;2;1;0;A01
201400023565;0;7;0;0;2;4;0;B01
201400023566;0;7;0;0;2;1;2;A01
201400023566;0;7;0;0;2;4;2;B01
201400023567;0;7;0;0;0;0;0;A01
201400023568;2;33;0;0;1;1;0;Z01
201400023569;1;7;0;0;1;0;0;Z01
201400023570;0;7;0;0;0;1;0;A01
201400023570;0;7;0;0;0;0;0;C01
201400023570;0;7;0;0;2;0;0;B01
201400023571;0;31;0;0;2;0;0;B01
201400023571;0;7;0;0;2;0;0;C01
201400023571;0;7;0;0;2;0;0;A01
201400023572;0;7;0;0;2;8;0;B01
201400023572;0;33;0;0;2;1;0;A01
201400023573;0;7;0;0;2;8;15;A01
201400023573;0;31;0;0;2;0;3;B01
201400023574;0;7;0;0;1;0;0;A01
201400023575;0;7;0;0;2;0;0;B01
201400023575;0;7;0;0;2;1;0;C01
201400023575;0;7;0;0;2;5;0;D01
201400023575;0;7;0;0;2;1;0;A01
201400023576;0;7;0;0;2;0;0;B01
201400023576;0;7;0;0;2;0;0;A01
201400023577;0;2;0;0;2;0;0;A01
201400023577;0;7;0;0;2;0;0;B01
201400023578;0;7;0;0;2;7;1;B01
201400023578;0;32;0;0;2;8;13;A01
201400023579;0;7;0;0;2;4;0;C01
201400023579;0;7;0;0;2;5;0;B01
201400023579;0;7;0;0;2;0;0;A01
201400023580;1;7;0;0;1;0;0;Z01
201400023581;0;2;0;2;2;0;0;B01
201400023581;0;7;0;0;2;0;0;A01
201400023582;0;1;0;0;2;8;0;B01
201400023582;0;7;0;0;2;1;2;A01
201400023583;0;30;0;0;2;2;0;B01
201400023583;0;7;0;0;2;3;0;A01
201400023584;0;7;0;0;2;8;0;B01
201400023584;0;99;0;0;2;1;0;A01
201400023585;0;7;0;2;0;3;1;A01
201400023586;0;7;0;0;2;1;2;C01
201400023586;0;7;0;0;2;4;2;D01
201400023586;0;7;0;0;2;1;2;B01
201400023586;0;7;0;0;2;1;0;A01
201400023587;0;31;0;0;2;1;0;A01
201400023587;1;7;0;0;2;0;15;Z01
201400023588;0;7;0;0;0;0;0;A01
201400023589;0;7;0;0;2;6;2;B01
201400023589;0;7;0;0;2;1;1;Z01
201400023590;0;31;0;0;2;1;1;B01
201400023590;0;7;0;0;2;0;0;A01
201400023591;0;7;0;0;2;8;15;A01
201400023591;0;33;0;0;2;1;2;B01
201400023592;0;7;0;0;9;0;2;A01
201400023593;0;7;0;0;2;0;0;A01
201400023593;0;7;0;0;2;0;0;B01
201400023593;0;7;0;0;2;0;0;C01
201400023594;0;7;0;0;2;4;0;C01
201400023594;0;7;0;0;2;5;0;B01
201400023594;0;7;0;0;2;1;0;A01
201400023595;0;7;0;0;2;0;0;A01
201400023595;0;31;0;0;2;0;0;B01
201400023596;0;1;0;0;2;4;0;B01
201400023596;0;7;0;0;2;2;0;A01
201400023597;0;7;0;0;2;0;0;B01
201400023597;0;1;0;0;2;0;0;A01
201400023598;0;7;0;0;1;0;0;A01
201400023599;0;7;0;0;2;1;0;B01
201400023599;0;33;0;0;2;1;0;A01
201400023600;0;1;0;0;2;0;0;B01
201400023600;0;7;0;0;2;7;0;A01
201400023601;0;2;0;0;2;1;2;A01
201400023601;0;7;0;0;2;1;2;B01
201400023602;0;1;0;0;1;1;0;A01
201400023603;0;7;0;0;2;8;0;A01
201400023603;0;33;0;0;2;1;0;B01
201400023604;0;7;0;0;2;1;0;A01
201400023604;0;33;0;0;2;1;0;B01
201400023605;0;7;0;0;2;0;0;A01
201400023605;0;33;0;0;2;0;0;B01
201400023606;0;7;0;0;2;0;0;A01
201400023606;0;7;0;0;2;0;0;B01
201400023607;0;10;0;0;2;0;0;A01
201400023607;0;1;0;0;2;0;0;B01
201400023608;0;7;0;0;1;0;0;A01
201400023609;0;7;0;0;2;0;0;B01
201400023609;0;7;0;0;2;0;0;A01
201400023610;0;7;0;0;1;0;0;A01
201400023611;0;7;0;0;2;0;0;B01
201400023611;0;7;0;0;2;0;0;A01
201400023612;0;7;0;0;2;0;0;A01
201400023612;0;33;0;0;2;0;0;B01
201400023613;0;2;0;0;2;1;1;B01
201400023613;0;7;0;0;2;4;16;A01
201400023614;0;7;0;0;2;0;0;A01
201400023614;0;1;0;1;2;0;0;B01
201400023615;0;7;0;0;2;2;16;B01
201400023615;0;31;0;0;2;1;1;A01
201400023616;0;1;0;0;1;0;0;A01
201400023617;0;7;0;0;1;3;1;B01
201400023617;0;7;0;0;1;1;0;A01
201400023618;0;7;0;0;2;0;0;A01
201400023618;0;7;0;0;2;0;0;D01
201400023618;0;7;0;0;2;0;0;B01
201400023618;0;7;0;0;0;0;1;C01
201400023619;0;7;0;0;2;0;0;B01
201400023619;0;7;0;0;2;0;0;A01
201400023620;0;7;0;0;2;0;0;A01
201400023620;0;7;0;0;2;0;0;B01
201400023621;0;7;0;0;2;2;16;B01
201400023621;0;2;0;0;2;1;18;A01
201400023622;0;7;0;0;1;0;0;A01
201400023623;0;10;0;0;2;7;17;A01
201400023623;0;30;0;0;2;3;1;B01
201400023624;0;33;0;0;2;0;0;A01
201400023624;1;7;0;0;2;0;0;Z01
201400023625;0;33;0;0;2;0;0;B01
201400023625;0;7;0;0;2;8;11;A01
201400023626;0;33;0;0;2;0;0;B01
201400023626;0;7;0;0;2;0;0;A01
201400023627;0;7;0;0;0;0;0;A01
201400023628;0;7;0;0;0;0;0;A01
201400023629;0;7;0;0;2;0;0;A01
201400023630;0;7;0;0;2;1;0;A01
201400023630;0;33;0;0;2;0;0;B01
201400023631;0;7;0;0;2;0;0;B01
201400023631;0;7;0;0;2;0;0;A01
201400023632;0;7;0;0;2;0;0;C01
201400023632;0;7;0;0;2;0;0;A01
201400023632;0;7;0;0;2;0;0;B01
201400023633;0;7;0;0;2;4;23;C01
201400023633;0;33;0;0;2;4;23;B01
201400023633;0;7;0;0;2;1;2;A01
201400023634;2;7;0;0;2;0;17;A01
201400023634;0;7;0;0;2;1;1;B01
201400023635;0;7;0;0;1;0;0;A01
201400023636;0;15;0;0;1;0;0;A01
201400023637;0;7;0;0;2;0;0;C01
201400023637;0;33;0;0;2;0;0;A01
201400023637;0;7;0;0;2;0;0;B01
201400023638;0;37;1;0;2;0;0;B01
201400023638;0;7;0;0;2;0;0;A01
201400023639;0;7;0;0;1;0;0;A01
201400023640;0;7;0;0;2;0;0;B01
201400023640;0;7;0;0;2;0;0;A01
201400023641;0;37;1;0;2;0;0;A01
201400023641;0;7;0;0;2;0;0;B01
201400023642;0;7;0;0;2;0;0;A01
201400023642;0;7;0;0;2;0;0;B01
201400023643;0;7;0;0;1;1;15;A01
201400023644;0;7;0;0;1;0;0;A01
201400023645;0;1;0;0;2;1;1;B01
201400023645;0;7;0;0;2;3;1;A01
201400023646;0;33;0;9;0;1;1;A01
201400023647;0;33;0;0;2;1;1;B01
201400023647;0;7;0;0;2;1;15;A01
201400023648;0;30;0;0;2;4;2;B01
201400023648;0;7;0;0;2;1;2;A01
201400023649;0;33;0;0;2;1;1;B01
201400023649;0;7;0;0;2;2;15;A01
201400023650;0;1;0;0;2;1;1;B01
201400023650;1;7;0;0;2;1;5;Z01
201400023651;0;2;0;0;2;0;15;A01
201400023651;0;7;0;0;2;1;1;B01
201400023652;0;7;0;0;0;4;23;B01
201400023652;0;7;0;0;2;1;1;A01
201400023653;0;7;0;0;1;5;0;A01
201400023654;0;2;0;0;2;1;1;B01
201400023654;0;7;0;0;2;1;15;A01
201400023655;0;7;0;0;2;4;1;B01
201400023655;0;7;0;0;2;1;2;A01
201400023656;0;30;0;0;2;1;16;A01
201400023656;0;10;0;0;2;2;15;B01
201400023657;0;33;0;0;2;3;2;A01
201400023657;0;7;0;0;2;5;20;B01
201400023658;0;30;0;0;0;8;21;B01
201400023658;0;7;0;0;0;0;16;A01
201400023659;0;7;0;0;1;0;0;A01
201400023660;0;31;0;0;2;0;0;A01
201400023660;0;7;0;0;2;0;0;B01
201400023661;0;7;0;0;1;0;0;A01
201400023662;0;7;0;0;2;0;0;B01
201400023662;0;2;0;0;2;0;0;A01
201400023663;0;7;0;0;2;0;0;A01
201400023663;0;7;0;0;2;0;0;B01
201400023664;0;7;0;0;2;1;1;B01
201400023664;0;7;0;0;2;0;0;A01
201400023665;0;7;0;0;2;4;0;B01
201400023665;0;7;0;0;2;1;0;A01
201400023666;1;7;0;0;1;8;0;Z01
201400023667;0;2;0;0;2;1;0;B01
201400023667;0;10;0;0;2;8;0;A01
201400023668;0;7;0;0;2;1;0;A01
201400023669;0;2;0;0;2;1;0;A01
201400023669;0;7;0;0;2;4;0;B01
201400023670;0;2;0;0;2;0;0;B01
201400023670;0;99;0;0;2;7;0;A01
201400023671;0;7;0;0;2;1;1;B01
201400023671;0;7;0;0;2;1;13;A01
201400023672;0;7;0;0;2;3;15;A01
201400023672;0;33;0;0;2;1;17;B01
201400023673;0;7;0;10;0;1;1;A01
201400023674;0;7;0;0;2;1;1;B01
201400023674;0;7;0;0;2;3;19;A01
201400023675;0;7;0;0;2;9;1;A01
201400023675;0;7;0;0;2;1;15;B02
201400023675;0;7;0;0;2;1;1;C03
201400023676;0;33;0;0;2;4;9;A01
201400023676;0;30;0;0;2;1;1;B02
201400023677;0;10;0;0;2;3;5;A01
201400023677;0;17;0;0;2;3;1;B02
201400023678;0;7;0;0;2;2;15;A01
201400023678;0;33;0;0;2;1;1;B02
201400023679;0;7;0;0;1;1;1;A01
201400023680;0;33;0;6;0;1;1;A01
201400023681;0;7;0;0;2;5;16;A01
201400023681;0;1;0;0;2;1;1;B02
201400023682;0;17;0;3;0;2;2;A01
201400023683;0;7;0;0;2;1;2;A01
201400023683;0;17;0;0;0;4;0;B02
201400023684;0;7;0;3;0;1;1;A01
201400023685;2;7;0;0;2;1;2;A01
201400023685;0;7;0;0;2;0;2;B02
201400023686;0;38;71;0;0;4;2;A01
201400023686;0;7;0;0;2;1;2;B02
201400023687;0;7;0;3;0;9;1;A01
201400023688;0;7;0;3;0;2;1;A01
201400023689;0;17;0;4;0;2;1;A01
201400023690;2;7;0;0;2;1;1;A01
201400023690;0;10;0;0;0;4;1;B02
201400023691;0;10;0;0;0;4;2;B02
201400023691;0;10;0;0;2;1;12;A01
201400023692;0;7;0;10;0;3;1;A01
201400023693;0;33;0;0;2;1;3;A01
201400023693;0;7;0;0;2;4;1;B02
201400023694;0;7;0;0;0;4;2;C03
201400023694;0;7;0;0;2;1;2;A01
201400023694;0;7;0;0;2;4;2;B02
201400023695;0;7;0;3;0;3;14;A01
201400023696;0;17;0;0;0;6;1;B02
201400023696;0;7;0;0;2;2;17;A01
201400023697;0;7;0;0;2;7;12;A01
201400023697;0;7;0;0;2;8;1;B02
201400023698;0;7;0;3;0;2;1;A01
201400023699;0;7;0;0;2;7;12;A01
201400023699;0;33;0;0;2;8;1;B02
201400023700;0;14;0;0;0;0;11;B02
201400023700;0;10;0;4;0;3;1;A01
201400023701;0;7;0;4;0;1;1;A01
201400023702;0;10;0;1;1;1;14;A01
201400023703;0;7;0;0;2;1;1;B02
201400023703;0;7;0;3;2;3;0;A01
201400023704;0;10;0;0;2;2;12;B02
201400023704;0;15;0;0;0;6;0;A01
201400023705;0;7;0;4;2;3;1;A01
201400023705;0;7;0;0;2;3;1;B02
201400023706;0;32;0;4;0;2;0;A01
201400023707;0;7;0;0;2;4;2;C03
201400023707;0;7;0;0;2;4;2;B02
201400023707;0;7;0;0;2;1;2;A01
201400023708;0;7;0;0;2;4;1;B02
201400023708;0;7;0;0;2;1;14;A01
201400023709;0;7;0;4;0;3;1;B02
201400023709;0;7;0;0;2;0;0;C03
201400023709;0;7;0;0;2;2;14;A01
201400023710;0;34;0;0;2;8;3;B02
201400023710;0;7;0;0;2;5;1;C03
201400023710;0;33;0;0;2;3;3;A01
201400023711;0;7;0;3;0;1;24;A01
201400023711;0;7;0;1;1;2;1;B02
201400023712;0;7;0;3;0;3;1;A01
201400023713;0;7;0;0;2;4;1;A01
201400023713;0;7;0;0;2;1;1;B02
201400023714;0;7;0;0;2;6;11;B02
201400023714;0;33;0;0;2;1;9;A01
201400023715;0;7;0;0;2;4;1;B02
201400023715;0;7;0;0;2;1;1;A01
201400023716;0;10;0;0;2;1;1;A01
201400023716;0;7;0;0;0;4;1;B02
201400023717;0;7;0;6;0;1;14;A01
201400023718;0;7;0;0;0;1;2;B02
201400023718;0;7;0;0;0;7;13;A01
201400023719;0;7;0;3;0;1;1;A01
201400023720;0;7;0;3;0;7;1;A01
201400023721;0;7;0;0;2;2;14;A01
201400023721;0;7;0;0;2;3;1;B02
201400023722;0;7;0;3;0;1;14;A01
201400023723;0;10;0;4;0;3;2;A01
201400023724;0;15;0;0;2;1;2;A01
201400023724;0;15;0;3;2;4;2;B02
201400023725;0;7;0;4;0;3;1;A01
201400023726;0;7;0;13;0;0;3;A01
201400023727;0;10;0;3;0;5;1;B02
201400023727;0;7;0;4;2;1;17;A01
201400023728;0;38;40;9;2;1;1;B02
201400023728;0;7;0;0;2;1;13;A01
201400023729;0;7;0;0;2;2;2;A01
201400023729;0;17;0;0;0;6;1;B02
201400023730;0;10;0;0;2;2;1;A01
201400023730;0;7;0;0;0;6;2;B02
201400023731;0;7;0;0;0;3;1;B02
201400023731;0;7;0;0;2;1;21;A01
201400023732;0;7;0;0;2;8;1;D04
201400023732;0;7;0;0;2;8;1;C03
201400023732;0;14;0;0;2;1;1;B02
201400023732;0;7;0;0;2;3;15;A01
201400023733;0;7;0;0;2;2;1;A01
201400023733;0;21;0;0;2;6;1;B02
201400023734;0;17;0;0;0;5;23;A01
201400023734;0;7;0;14;0;1;1;B02
201400023735;0;7;0;0;2;1;1;A01
201400023735;0;37;7;0;2;3;1;B02
201400023736;0;17;0;0;2;3;1;B02
201400023736;0;7;0;0;2;1;13;A01
201400023737;0;14;0;13;0;7;1;A01
201400023738;0;7;0;0;0;8;19;A01
201400023738;0;30;0;0;2;1;1;B02
201400023739;0;7;0;0;0;4;2;C03
201400023739;0;7;0;0;2;1;2;B02
201400023739;0;7;0;0;2;1;2;A01
201400023740;0;7;0;6;0;3;11;A01
201400023741;0;31;0;0;0;9;17;A01
201400023741;0;7;0;0;2;1;2;B02
201400023742;0;7;0;13;0;1;1;A01
201400023743;0;33;0;13;0;8;1;A01
201400023744;0;7;0;2;0;3;1;A01
201400023745;0;10;0;1;2;8;9;A01
201400023745;0;14;0;0;2;2;1;B02
201400023746;0;30;0;0;2;1;1;A01
201400023746;0;7;0;0;2;4;1;B02
201400023747;0;21;0;0;2;8;1;B02
201400023747;0;30;0;0;9;8;1;A01
201400023748;0;7;0;13;0;8;1;A01
201400023749;0;7;0;0;2;1;13;A01
201400023749;0;7;0;0;2;3;1;B01
201400023750;0;7;0;16;0;9;14;A01
201400023751;0;7;0;0;2;3;13;A01
201400023751;0;10;0;0;2;3;1;B01
201400023752;0;7;0;0;1;2;1;A01
201400023753;0;7;0;0;2;3;15;A01
201400023753;0;30;0;0;0;1;1;B01
201400023754;0;7;0;0;2;7;1;A01
201400023754;0;7;0;0;2;1;1;B01
201400023755;0;7;0;14;0;1;17;A01
201400023756;0;32;0;0;0;1;1;B01
201400023756;0;7;0;0;2;1;15;A01
201400023757;0;7;0;0;2;1;1;B01
201400023757;0;10;0;0;0;8;15;A01
201400023758;0;30;0;0;0;0;21;A01
201400023759;0;7;0;0;1;3;1;A01
201400023760;0;2;0;0;2;1;19;A01
201400023760;0;34;0;0;2;7;17;B01
201400023761;0;7;0;2;0;1;14;A01
201400023762;0;7;0;0;6;1;1;A01
201400023763;0;7;0;0;2;4;23;B01
201400023763;0;33;0;0;2;1;2;A01
201400023764;0;10;0;0;2;1;13;A01