num_acc;senc;catv;occutc;obs;obsm;choc;manv;num_veh
201400023764;0;7;0;0;2;8;1;B01
201400023765;0;7;0;0;2;1;1;A01
201400023765;0;7;0;0;2;4;1;B01
201400023766;0;7;0;0;2;4;2;B01
201400023766;0;7;0;0;2;4;2;C01
201400023766;0;7;0;0;2;1;1;A01
201400023767;0;30;0;0;0;9;1;A01
201400023768;0;10;0;0;1;4;20;A01
201400023769;0;7;0;2;0;1;13;A01
201400023770;0;7;0;13;0;9;1;A01
201400023771;0;7;0;0;2;1;16;B01
201400023771;0;7;0;0;2;3;15;A01
201400023772;0;7;0;0;2;2;2;A01
201400023772;0;30;0;0;2;4;23;B01
201400023773;0;10;0;0;1;4;4;A01
201400023774;0;30;0;12;0;0;1;A01
201400023775;0;7;0;0;1;0;1;A01
201400023776;0;14;0;0;2;3;1;B01
201400023776;0;14;0;0;0;6;9;A01
201400023777;0;7;0;0;1;3;13;A01
201400023778;0;7;0;13;0;1;0;A01
201400023779;0;7;0;0;1;1;15;A01
201400023780;0;7;0;0;1;7;0;A01
201400023781;0;7;0;0;1;2;1;A01
201400023782;0;10;0;0;1;2;1;A01
201400023783;0;15;0;0;1;2;1;A01
201400023784;0;30;0;3;0;0;1;A01
201400023785;0;30;0;0;2;0;1;A01
201400023785;1;7;0;0;2;0;0;X01
201400023786;0;7;0;0;2;4;23;C01
201400023787;0;7;0;0;9;1;1;A01
201400023787;0;1;0;0;0;7;19;B01
201400023788;0;7;0;0;2;2;15;A01
201400023788;0;30;0;0;2;1;1;B01
201400023789;0;7;0;0;2;1;17;A01
201400023789;0;15;0;0;0;6;1;C03
201400023789;0;10;0;0;0;1;1;B02
201400023790;0;33;0;0;6;9;1;A01
201400023791;0;7;0;0;2;1;1;A01
201400023791;0;7;0;0;2;1;1;B02
201400023792;0;7;0;2;0;1;1;A01
201400023793;0;7;0;7;0;1;1;A01
201400023794;0;7;0;0;2;1;1;E05
201400023794;0;17;0;3;2;1;6;A01
201400023794;0;17;0;0;2;1;1;C03
201400023795;0;15;0;0;0;6;1;B02
201400023795;0;7;0;3;2;2;14;A01
201400023796;0;7;0;0;2;1;2;A01
201400023796;0;7;0;0;2;4;2;B02
201400023797;0;7;0;3;0;1;15;A01
201400023798;0;10;0;3;0;1;1;A01
201400023799;0;7;0;13;0;2;14;A01
201400023800;0;33;0;0;2;1;1;B02
201400023800;0;7;0;0;2;3;10;A01
201400023801;0;7;0;0;2;2;13;A01
201400023801;0;7;0;0;2;1;1;B02
201400023802;0;7;0;13;0;3;1;A01
201400023803;0;7;0;0;2;4;23;C03
201400023803;0;7;0;0;2;4;23;B02
201400023803;0;7;0;0;2;1;2;A01
201400023804;0;33;0;0;0;8;21;A01
201400023805;0;7;0;0;1;1;1;A01
201400023806;0;7;0;0;2;2;16;A01
201400023806;0;30;0;0;2;1;18;B02
201400023807;0;7;0;8;0;9;1;A01
201400023808;0;7;0;3;0;6;1;A01
201400023809;0;7;0;12;0;1;14;A01
201400023810;0;7;0;8;0;7;13;A01
201400023811;0;7;0;0;2;2;15;A01
201400023811;0;33;0;0;2;7;19;B02
201400023812;0;7;0;0;2;1;1;B02
201400023812;0;7;0;0;2;2;13;A01
201400023813;0;7;0;0;2;1;1;A01
201400023813;0;7;0;0;2;1;13;B02
201400023814;0;33;0;0;2;7;1;B02
201400023814;0;7;0;0;2;6;15;A01
201400023815;0;7;0;13;0;2;1;A01
201400023816;0;7;0;16;0;3;1;A01
201400023817;0;33;0;2;0;7;1;A01
201400023818;0;33;0;0;0;0;0;A01
201400023818;0;21;0;0;0;3;0;B02
201400023819;0;7;0;0;2;1;1;B02
201400023819;0;7;0;0;2;1;17;A01
201400023820;0;7;0;0;2;1;1;B02
201400023820;0;7;0;0;2;1;13;A01
201400023821;0;32;0;0;2;1;13;A01
201400023821;0;10;0;0;2;1;1;B02
201400023822;0;7;0;13;0;0;1;A01
201400023823;0;32;0;0;2;4;1;B01
201400023823;0;34;0;0;2;1;2;A01
201400023824;0;7;0;0;2;1;0;B01
201400023824;0;7;0;0;2;8;1;A01
201400023825;0;7;0;0;1;1;1;A01
201400023826;0;7;0;0;2;1;1;A01
201400023826;0;7;0;0;0;4;23;B01
201400023827;0;7;0;0;2;3;1;B01
201400023827;0;7;0;0;2;3;1;A01
201400023828;0;30;0;0;2;7;17;A01
201400023828;0;34;0;7;2;8;15;B01
201400023829;0;30;0;0;2;1;1;A01
201400023829;0;10;0;0;0;6;1;B01
201400023830;0;7;0;0;2;3;10;A01
201400023830;0;33;0;0;2;2;1;B01
201400023831;0;10;0;0;2;1;1;A01
201400023831;0;10;0;0;0;4;1;B01
201400023832;0;10;0;0;2;8;15;B01
201400023832;0;2;0;0;2;2;17;A01
201400023833;0;34;0;5;9;1;1;A01
201400023833;0;1;0;0;9;1;1;B01
201400023834;0;7;0;0;2;8;0;A01
201400023834;0;7;0;0;2;8;1;B01
201400023834;0;7;0;0;2;1;1;C01
201400023835;0;7;0;0;2;2;1;B01
201400023835;0;2;0;0;2;1;15;A01
201400023836;0;7;0;0;2;7;15;A01
201400023836;0;7;0;0;2;1;1;B01
201400023837;0;7;0;0;9;3;1;D01
201400023837;0;10;0;0;2;1;1;A01
201400023837;0;7;0;0;2;4;1;B01
201400023837;0;7;0;0;2;4;1;C01
201400023838;0;7;0;1;1;1;0;A01
201400023839;0;10;0;0;2;1;13;A01
201400023839;0;7;0;0;2;1;1;B01
201400023840;0;7;0;0;2;3;9;A01
201400023840;0;31;0;0;0;5;1;B01
201400023841;0;7;0;0;2;3;9;A01
201400023841;0;7;0;0;2;2;1;B01
201400023842;0;7;0;2;0;1;13;A01
201400023843;0;7;0;0;1;3;1;A01
201400023844;0;7;0;0;2;3;15;A01
201400023844;0;31;0;0;2;8;1;B01
201400023845;0;33;0;0;2;1;17;A01
201400023845;0;7;0;0;0;0;1;B01
201400023846;0;7;0;0;2;2;15;A01
201400023846;0;10;0;0;2;3;1;B01
201400023847;0;7;0;0;2;2;1;B01
201400023847;0;7;0;1;2;3;9;A01
201400023848;0;2;0;0;2;1;15;A01
201400023848;0;7;0;0;2;8;1;B01
201400023849;0;2;0;0;0;8;1;A01
201400023850;0;1;0;0;1;1;1;A01
201400023851;0;1;0;0;2;1;1;B01
201400023851;0;10;0;0;2;2;16;A01
201400023852;0;7;0;0;2;2;15;B01
201400023852;0;2;0;0;2;1;1;A01
201400023853;0;7;0;0;2;3;13;A01
201400023853;0;10;0;0;2;3;1;B01
201400023854;0;10;0;0;9;0;1;A01
201400023854;0;10;0;0;9;8;1;B01
201400023854;0;7;0;3;9;1;1;C01
201400023854;0;7;0;3;9;8;1;D01
201400023855;0;10;0;0;2;3;1;B01
201400023855;0;1;0;0;2;1;1;A01
201400023856;0;2;0;0;2;1;13;A01
201400023856;0;7;0;0;2;3;1;B01
201400023857;0;7;0;0;2;1;1;A01
201400023857;0;2;0;0;2;1;1;B01
201400023858;0;7;0;1;2;2;1;A01
201400023858;0;7;0;0;2;3;15;B01
201400023859;0;1;0;0;2;1;1;A01
201400023859;0;7;0;0;2;5;9;B01
201400023860;0;7;0;0;2;3;1;B01
201400023860;0;1;0;0;2;1;1;A01
201400023861;0;7;0;0;1;7;1;B01
201400023862;0;30;0;0;2;1;1;B01
201400023862;0;7;0;0;2;1;15;A01
201400023863;0;30;0;0;2;1;1;B01
201400023863;0;7;0;0;2;3;15;A01
201400023864;0;7;0;0;2;1;1;A01
201400023864;0;1;0;0;0;0;1;B01
201400023865;0;2;0;0;2;0;5;A01
201400023865;0;7;0;0;2;3;1;B01
201400023866;0;7;0;0;2;2;16;A01
201400023866;0;2;0;0;2;1;1;B01
201400023867;0;7;0;0;2;0;1;A01
201400023867;0;2;0;0;2;0;1;B01
201400023868;0;33;0;0;2;7;13;A01
201400023868;0;7;0;0;2;2;13;B02
201400023869;0;7;0;0;2;3;1;A01
201400023869;0;1;0;0;2;1;13;B02
201400023870;0;10;0;0;2;3;15;A01
201400023870;0;7;0;0;2;3;16;B02
201400023871;0;14;0;0;2;6;1;A01
201400023871;0;30;0;0;2;3;13;B02
201400023872;0;7;0;0;2;3;15;B02
201400023872;0;7;0;0;2;3;1;A01
201400023873;0;31;0;0;2;1;5;A01
201400023873;0;7;0;0;2;3;13;B02
201400023874;0;33;0;0;0;8;1;A01
201400023875;0;10;0;16;0;0;13;A01
201400023876;0;10;0;2;0;1;1;A01
201400023877;0;1;0;0;2;0;15;A01
201400023877;0;7;0;0;0;0;1;B01
201400023878;0;10;0;0;2;2;16;A01
201400023878;0;1;0;0;2;3;1;B01
201400023879;0;1;0;0;2;0;1;B01
201400023879;0;7;0;0;2;1;16;A01
201400023880;0;2;0;0;0;7;1;A01
201400023880;1;7;0;0;0;0;1;Z01
201400023881;0;2;0;1;0;1;1;A01
201400023881;0;7;0;0;0;4;24;B01
201400023882;0;40;0;0;1;1;1;A01
201400023883;0;7;0;0;1;3;4;A01
201400023884;0;1;0;0;2;1;1;A01
201400023884;0;10;0;0;0;2;1;B01
201400023885;0;31;0;0;2;1;13;A01
201400023885;0;30;0;0;0;7;1;B01
201400023886;0;7;0;0;1;0;1;A01
201400023887;0;7;0;0;2;1;1;A01
201400023887;0;7;0;0;0;4;1;B01
201400023888;0;13;0;3;1;1;1;A01
201400023889;0;7;0;0;1;1;2;A01
201400023890;0;10;0;0;0;6;1;B01
201400023890;0;15;0;0;2;1;1;C01
201400023890;0;10;0;0;2;2;1;A01
201400023891;0;1;0;0;2;1;19;A01
201400023891;0;7;0;0;0;2;23;B01
201400023892;0;33;0;0;2;9;1;B01
201400023892;0;7;0;0;2;1;15;A01
201400023893;0;7;0;0;1;3;15;A01
201400023894;0;7;0;0;2;1;1;A01
201400023894;0;37;2;0;2;1;1;B01
201400023895;0;7;0;4;0;9;1;A01
201400023896;0;7;0;0;0;1;1;B01
201400023896;0;7;0;0;0;3;15;A01
201400023897;0;7;0;0;2;1;15;A01
201400023897;0;31;0;0;2;7;1;B01
201400023898;0;2;0;0;0;8;1;A01
201400023899;0;1;0;0;2;1;1;B01
201400023899;0;7;0;0;0;6;1;A01
201400023900;0;7;0;0;2;1;2;C01
201400023900;0;7;0;0;2;1;2;B01
201400023900;0;7;0;0;2;3;2;A01
201400023901;0;7;0;0;2;1;2;A01
201400023901;0;99;0;0;0;4;1;B01
201400023902;0;7;0;0;2;7;15;A01
201400023902;0;7;0;0;2;1;1;B01
201400023903;0;2;0;0;0;2;1;A01
201400023904;0;7;0;0;2;4;2;B01
201400023904;0;7;0;0;2;1;2;A01
201400023905;0;7;0;0;2;1;1;B01
201400023905;2;7;0;0;2;1;13;Z01
201400023906;0;7;0;0;2;1;23;B01
201400023906;0;7;0;0;0;4;23;C01
201400023906;0;7;0;0;2;1;1;A01
201400023907;0;7;0;0;2;1;1;A01
201400023907;0;1;0;0;0;7;15;B01
201400023908;0;7;0;0;1;1;1;A01
201400023909;0;7;0;0;2;2;1;A01
201400023909;0;33;0;0;2;8;1;B01
201400023910;0;2;0;0;1;1;1;A01
201400023911;0;10;0;0;0;6;1;C01
201400023911;0;10;0;0;2;1;1;A01
201400023911;0;7;0;6;2;8;1;B01
201400023912;0;7;0;3;0;2;1;A01
201400023913;0;7;0;0;0;2;1;B01
201400023913;0;1;0;0;0;7;1;A01
201400023914;0;7;0;0;0;7;23;B01
201400023914;0;2;0;1;0;1;1;A01
201400023915;0;7;0;0;1;1;1;A01
201400023916;0;7;0;0;2;1;15;A01
201400023916;0;7;0;0;2;3;1;B01
201400023917;0;7;0;0;0;2;15;A01
201400023917;0;2;0;0;2;1;1;B01
201400023918;0;7;0;0;2;1;15;A01
201400023918;0;33;0;0;0;7;1;B01
201400023919;0;7;0;0;2;2;1;B01
201400023919;0;7;0;0;2;3;1;A01
201400023920;0;10;0;0;2;2;15;A01
201400023920;0;33;0;0;2;0;1;B01
201400023921;0;7;0;0;1;1;1;A01
201400023922;0;30;0;0;2;3;1;A01
201400023922;0;7;0;0;2;2;1;B01
201400023923;0;7;0;0;2;3;1;A01
201400023923;0;17;0;0;0;5;1;B01
201400023924;0;10;0;0;0;4;1;B01
201400023924;0;10;0;0;2;1;1;A01
201400023925;0;2;0;0;2;1;1;B01
201400023925;0;7;0;0;2;1;15;A01
201400023926;0;7;0;0;0;6;24;B01
201400023926;0;2;0;0;2;1;1;A01
201400023927;0;7;0;0;0;4;1;B01
201400023927;0;30;0;0;2;1;2;A01
201400023928;0;7;0;0;2;1;9;A01
201400023928;0;30;0;0;0;4;1;B01
201400023929;0;10;0;0;1;1;1;A01
201400023930;0;40;0;0;1;2;1;A01
201400023931;0;40;0;0;1;3;1;A01
201400023932;1;7;0;0;2;0;2;Z01
201400023932;0;33;0;0;0;4;16;A01
201400023933;0;7;0;0;0;2;16;A01
201400023933;0;2;0;0;2;1;1;B01
201400023934;0;7;0;0;0;4;23;B01
201400023934;0;7;0;0;2;1;1;A01
201400023935;0;1;0;0;2;1;19;A01
201400023935;0;7;0;0;0;5;16;B01
201400023936;0;10;0;0;1;4;4;A01
201400023937;0;7;0;0;0;5;1;A01
201400023937;0;1;0;0;2;6;1;B01
201400023938;0;7;0;0;0;8;1;C01
201400023938;0;7;0;0;0;3;22;A01
201400023938;0;33;0;1;2;1;1;B01
201400023939;0;31;0;0;2;1;17;A01
201400023939;0;7;0;0;0;3;15;B01
201400023940;0;7;0;0;0;8;1;A01
201400023940;0;2;0;0;2;1;1;B01
201400023941;0;7;0;0;0;2;15;A01
201400023941;0;30;0;0;2;1;1;B01
201400023942;0;7;0;0;2;1;1;A01
201400023942;0;1;0;0;0;0;0;B01
201400023943;0;7;0;0;1;0;15;A01
201400023944;0;31;0;0;1;1;1;A01
201400023945;0;7;0;0;0;4;1;B01
201400023945;0;7;0;0;2;1;1;A01
201400023946;0;10;0;0;2;3;1;A01
201400023946;0;33;0;0;2;1;1;B01
201400023947;0;2;0;0;2;7;1;B01
201400023947;0;10;0;0;0;1;1;A01
201400023948;0;7;0;0;2;0;1;B01
201400023948;0;1;0;0;2;1;1;A01
201400023949;1;7;0;0;0;0;14;Z01
201400023949;0;7;0;2;0;1;14;A01
201400023950;1;13;0;0;0;0;1;Z01
201400023950;0;7;0;13;0;9;17;A01
201400023951;0;7;0;0;1;2;1;A01
201400023952;0;37;17;0;1;2;1;A01
201400023953;0;7;0;0;1;1;1;A01
201400023954;0;1;0;0;2;1;5;A01
201400023954;0;7;0;0;0;1;16;B01
201400023955;0;1;0;1;0;0;1;A01
201400023955;0;7;0;0;0;3;24;B01
201400023956;0;1;0;0;2;9;1;B01
201400023956;0;7;0;0;2;1;9;A01
201400023957;0;7;0;0;1;1;16;A01
201400023958;0;7;0;0;1;1;1;A01
201400023959;0;7;0;0;2;2;11;B01
201400023959;0;7;0;0;0;3;2;A01
201400023960;0;2;0;0;2;9;17;B01
201400023960;0;7;0;0;0;1;15;A01
201400023961;0;33;0;0;2;1;1;B01
201400023961;0;7;0;0;0;3;15;A01
201400023962;0;7;0;0;2;1;1;A01
201400023962;0;7;0;0;0;5;1;B01
201400023963;0;7;0;0;2;2;15;A01
201400023963;0;7;0;0;2;1;1;B01
201400023964;0;1;0;0;2;3;1;B01
201400023964;0;7;0;0;0;5;22;A01
201400023965;0;1;0;0;1;0;1;A01
201400023966;0;7;0;0;0;3;16;A01
201400023966;0;7;0;0;2;1;1;B01
201400023967;0;7;0;0;1;2;16;A01
201400023968;0;2;0;0;0;7;1;B01
201400023968;0;7;0;0;0;0;15;A01
201400023969;0;7;0;0;2;1;1;A01
201400023969;0;31;0;1;0;2;1;B01
201400023970;0;7;0;0;2;5;23;A01
201400023970;0;1;0;0;2;4;18;B01
201400023971;0;7;0;0;0;3;15;A01
201400023971;0;31;0;0;2;7;1;B01
201400023972;0;7;0;0;2;4;1;A01
201400023972;0;7;0;0;0;1;2;B01
201400023973;0;7;0;0;1;1;1;A01
201400023974;0;7;0;0;1;1;1;A01
201400023975;0;7;0;0;0;1;15;A01
201400023975;0;7;0;0;2;3;1;B01
201400023976;0;7;0;0;2;1;15;A01
201400023976;0;7;0;15;2;3;1;B01
201400023977;1;30;0;0;1;0;0;Z01
201400023978;0;1;0;0;2;7;1;B01
201400023978;0;7;0;0;2;3;13;A01
201400023979;0;7;0;0;4;1;1;A01
201400023979;0;40;0;0;2;8;1;B01
201400023980;0;7;0;0;1;2;1;A01
201400023981;0;7;0;0;1;2;1;A01
201400023982;0;7;0;0;1;0;0;A01
201400023983;0;7;0;0;2;6;15;A01
201400023983;0;2;0;0;2;2;1;B01
201400023984;0;7;0;0;1;2;1;A01
201400023985;0;7;0;0;0;7;23;A01
201400023985;0;1;0;0;2;0;1;B01
201400023986;0;2;0;0;2;1;1;A01
201400023986;0;7;0;0;0;5;2;B01
201400023987;0;33;0;0;2;1;1;B01
201400023987;0;7;0;0;2;1;15;A01
201400023988;0;7;0;0;2;3;0;A01
201400023988;0;7;0;0;2;3;0;B01
201400023989;0;7;0;0;1;2;1;A01
201400023990;0;2;0;0;2;1;1;A01
201400023990;0;1;0;0;2;6;15;B01
201400023991;0;7;0;0;2;4;2;B01
201400023991;0;7;0;0;0;4;23;C01
201400023991;0;7;0;0;2;1;2;A01
201400023992;0;31;0;0;2;1;1;A01
201400023992;0;7;0;0;0;2;1;B01
201400023993;0;7;0;14;0;1;1;A01
201400023994;0;7;0;0;1;2;19;A01
201400023995;0;7;0;1;4;7;0;A01
201400023995;0;7;0;0;2;1;1;B01
201400023996;0;2;0;0;2;1;1;B01
201400023996;0;7;0;0;2;1;15;A01
201400023997;0;10;0;0;2;1;0;A01
201400023997;0;7;0;0;2;3;1;C01
201400023997;0;7;0;0;2;8;1;B01
201400023998;0;31;0;12;0;1;0;A01
201400023999;0;7;0;0;0;3;22;A01
201400023999;0;1;0;1;0;1;1;B01
201400024000;0;7;0;8;2;1;2;A01
201400024000;0;7;0;0;0;4;15;B01
201400024001;0;10;0;0;2;1;1;B01
201400024001;0;7;0;0;2;1;1;A01
201400024002;0;7;0;0;1;3;15;A01
201400024003;0;10;0;0;0;2;15;A01
201400024003;0;2;0;0;2;1;1;B01
201400024004;0;7;0;0;2;1;2;A01
201400024004;0;2;0;0;0;4;1;B01
201400024005;0;7;0;0;0;4;15;B01
201400024005;0;2;0;0;2;0;1;A01
201400024006;0;10;0;0;0;1;1;A01
201400024006;0;7;0;0;2;2;1;B01
201400024007;0;7;0;0;1;1;1;A01
201400024008;0;10;0;0;2;1;1;A01
201400024008;0;17;0;0;0;7;1;B01
201400024009;0;7;0;0;2;1;2;A01
201400024009;0;7;0;0;0;4;1;B01
201400024010;0;40;0;0;1;3;1;A01
201400024011;0;7;0;0;0;4;1;B01
201400024011;0;2;0;0;2;1;1;A01
201400024012;0;2;0;0;2;1;1;B01
201400024012;0;7;0;0;0;8;1;A01
201400024013;0;7;0;0;2;7;1;A01
201400024013;0;1;0;15;1;0;1;C01
201400024013;0;7;0;0;2;1;1;B01
201400024014;0;10;0;1;1;4;4;A01
201400024015;0;1;0;0;2;0;1;B01
201400024015;1;7;0;0;2;2;17;Z01
201400024016;0;32;0;0;5;1;1;A01
201400024017;0;7;0;0;1;2;17;A01
201400024018;0;7;0;0;2;3;1;A01
201400024018;0;7;0;0;2;3;1;B01
201400024019;0;7;0;0;0;3;16;A01
201400024019;0;2;0;0;2;1;1;B01
201400024020;0;7;0;0;0;0;15;A01
201400024020;0;31;0;0;0;8;1;B01
201400024021;0;2;0;0;0;1;1;A01
201400024021;0;7;0;0;2;8;15;B01
201400024022;0;7;0;0;0;2;1;A01
201400024022;0;2;0;0;2;3;1;B01
201400024023;0;7;0;0;2;1;1;B01
201400024023;0;7;0;6;0;0;1;A01
201400024024;0;1;0;0;2;7;1;B01
201400024024;0;7;0;0;0;3;9;A01
201400024025;0;7;0;0;2;7;15;A01
201400024025;0;33;0;0;2;1;1;B01
201400024026;0;2;0;1;0;0;0;A01
201400024027;0;7;0;0;1;1;1;A01
201400024028;0;7;0;0;1;1;1;A01
201400024029;0;7;0;0;0;4;2;C01
201400024029;0;7;0;0;2;1;2;A01
201400024029;0;7;0;0;2;4;2;B01
201400024030;0;7;0;0;2;0;1;B01
201400024030;0;7;0;0;0;0;15;A01
201400024031;0;10;0;0;1;1;1;A01
201400024032;0;7;0;0;2;1;2;A01
201400024032;0;7;0;0;0;4;1;B01
201400024033;0;31;0;0;0;0;0;A01
201400024034;1;7;0;0;1;1;13;Z01
201400024035;0;7;0;0;2;4;1;B01
201400024035;0;7;0;0;2;1;2;A01
201400024036;0;7;0;0;0;3;1;A01
201400024036;0;2;0;0;2;1;1;B01
201400024037;0;7;0;0;2;1;1;B01
201400024037;0;7;0;0;2;3;0;A01
201400024038;0;7;0;0;2;3;15;B01
201400024038;0;33;0;0;2;1;15;A01
201400024039;1;7;0;0;2;0;0;Z01
201400024039;0;33;0;0;2;6;1;B01
201400024040;0;7;0;0;0;3;1;A01
201400024040;0;1;0;0;2;1;1;B01
201400024041;0;7;0;12;0;1;1;A01
201400024042;0;7;0;0;0;7;1;B01
201400024042;0;7;0;0;2;1;1;A01
201400024043;0;33;0;0;2;1;17;B01
201400024043;0;7;0;0;2;1;15;A01
201400024044;0;7;0;0;2;2;2;A01
201400024044;0;37;1;0;0;5;24;B01
201400024045;0;7;0;0;1;1;1;A01
201400024046;0;7;0;0;1;1;1;A01
201400024047;0;7;0;0;1;2;1;A01
201400024048;0;7;0;0;2;4;2;B01
201400024048;0;7;0;0;2;1;2;A01
201400024048;0;7;0;0;0;4;1;C01
201400024049;0;31;0;0;2;1;1;A01
201400024049;0;7;0;0;0;8;15;B01
201400024050;0;7;0;4;0;9;1;A01
201400024051;1;7;0;0;1;1;1;Z01
201400024052;0;7;0;0;1;2;1;A01
201400024053;0;10;0;0;2;8;10;A01
201400024053;0;33;0;0;2;1;17;B01
201400024054;0;7;0;0;2;1;1;B01
201400024054;0;1;0;0;0;7;1;A01
201400024055;0;1;0;0;2;1;5;A01
201400024055;0;10;0;0;2;2;1;B01
201400024056;0;7;0;0;0;8;13;A01
201400024056;0;7;0;0;2;1;1;B01
201400024057;0;7;0;0;1;1;15;A01
201400024058;0;7;0;0;2;1;15;A01
201400024058;0;34;0;0;2;7;1;B01
201400024059;0;7;0;0;1;0;1;A01
201400024060;0;2;0;0;0;7;17;B01
201400024060;0;7;0;0;2;1;1;A01
201400024061;0;7;0;0;1;3;1;A01
201400024062;0;7;0;0;2;1;15;B01
201400024062;0;31;0;0;2;9;1;A01
201400024063;0;10;0;0;2;3;1;A01
201400024063;0;2;0;0;2;0;1;B01
201400024064;0;2;0;0;2;7;16;B01
201400024064;0;7;0;0;2;1;1;A01
201400024065;1;7;0;0;0;4;13;Z01
201400024065;0;33;0;0;2;1;1;B01
201400024066;0;7;0;0;1;1;1;A01
201400024067;0;7;0;0;2;1;23;B01
201400024067;0;7;0;0;2;1;1;A01
201400024067;0;7;0;0;0;4;23;C01
201400024068;0;33;0;14;0;3;1;A01
201400024069;0;7;0;0;2;6;1;B01
201400024069;0;31;0;0;2;1;1;A01
201400024070;0;7;0;0;2;1;1;A01
201400024070;0;10;0;0;0;6;1;B01
201400024071;0;7;0;0;0;4;1;C01
201400024071;0;7;0;0;2;1;2;A01
201400024071;0;7;0;0;2;4;2;B01
201400024072;0;7;0;0;1;3;1;A01
201400024073;0;2;0;0;2;1;1;B01
201400024073;0;7;0;0;0;4;1;A01
201400024074;0;7;0;0;1;8;0;A01
201400024075;0;7;0;0;0;2;1;A01
201400024075;0;1;0;0;2;1;1;B01
201400024076;0;7;0;0;2;3;0;A01
201400024076;0;7;0;0;2;2;1;B01
201400024077;0;33;0;0;2;3;1;B01
201400024077;0;7;0;0;2;3;10;A01
201400024078;0;2;0;1;0;1;2;A01
201400024078;0;2;0;0;0;4;2;B01
201400024079;0;30;0;0;0;0;1;A01
201400024080;0;7;0;0;0;4;23;A01
201400024080;0;10;0;0;2;1;1;C01
201400024080;0;7;0;0;2;9;23;B01
201400024081;0;7;0;0;2;1;1;B01
201400024081;0;7;0;0;2;7;1;A01
201400024082;0;7;0;0;0;8;15;B01
201400024082;0;33;0;0;2;8;1;A01
201400024083;0;7;0;1;0;1;1;A01
201400024083;0;7;0;0;0;4;23;B01
201400024084;0;7;0;0;2;3;1;B01
201400024084;0;7;0;0;0;3;5;A01
201400024085;0;7;0;0;2;1;15;A01
201400024085;0;2;0;0;2;9;1;B01
201400024086;0;7;0;0;0;4;1;B01
201400024086;0;7;0;0;2;1;2;A01
201400024087;0;10;0;0;2;1;15;A01
201400024087;0;7;0;0;2;3;1;B01
201400024088;0;7;0;0;1;3;15;A01
201400024089;0;7;0;0;4;8;1;A01
201400024089;0;40;0;0;2;1;1;B01
201400024090;0;7;0;0;2;1;1;A01
201400024090;0;7;0;0;2;8;1;B01
201400024091;0;7;0;0;2;0;16;B01
201400024091;0;1;0;0;2;0;1;A01
201400024092;0;7;0;0;2;1;10;A01
201400024092;0;31;0;0;2;1;17;B01
201400024093;0;7;0;6;0;9;1;A01
201400024094;0;7;0;0;2;1;1;A01
201400024094;0;7;0;0;0;4;23;C01
201400024094;0;7;0;0;2;1;23;B01
201400024095;0;7;0;0;1;1;1;A01
201400024096;0;7;0;0;1;7;1;A01
201400024097;0;10;0;0;2;2;15;A01
201400024097;0;2;0;0;2;1;1;B01
201400024098;0;7;0;0;1;2;1;A01
201400024099;0;31;0;0;2;7;1;A01
201400024099;0;7;0;0;2;1;1;B01
201400024100;0;40;0;0;1;0;1;A01
201400024101;0;7;0;0;2;8;1;A01
201400024101;0;2;0;0;2;7;17;B01
201400024102;0;7;0;0;0;7;1;A01
201400024102;0;2;0;0;0;0;1;B01
201400024103;0;7;0;0;2;1;13;A01
201400024103;0;7;0;0;2;1;1;B01
201400024104;0;10;0;0;1;5;1;A01
201400024105;0;7;0;0;2;1;1;B01
201400024105;0;1;0;0;0;7;1;A01
201400024106;0;7;0;2;0;1;1;A01
201400024107;0;7;0;0;0;4;1;B01
201400024107;0;7;0;0;2;1;2;A01
201400024108;0;7;0;0;1;2;1;A01
201400024109;0;7;0;0;2;2;15;A01
201400024109;0;1;0;0;2;1;15;B01
201400024110;0;40;0;0;1;2;1;A01
201400024111;0;7;0;0;2;1;1;A01
201400024111;0;7;0;0;0;4;2;B01
201400024112;0;7;0;0;1;1;0;A01
201400024113;0;2;0;0;0;0;0;B01
201400024113;0;7;0;0;0;0;0;A01
201400024114;0;7;0;6;0;9;1;A01
201400024115;0;7;0;0;2;3;16;B01
201400024115;0;2;0;0;2;1;1;A01
201400024116;0;37;17;0;1;2;1;A01
201400024117;0;7;0;0;2;1;1;A01
201400024117;0;10;0;0;0;4;2;B01
201400024118;0;7;0;0;2;3;2;B01
201400024118;0;2;0;0;0;0;2;A01
201400024119;0;33;0;0;2;1;2;A01
201400024119;0;7;0;0;0;0;1;B01
201400024120;0;7;0;2;2;1;1;A01
201400024121;0;7;0;0;1;1;1;A01
201400024122;0;1;0;0;0;7;0;A01
201400024122;0;7;0;0;0;1;0;B01
201400024123;0;7;0;0;2;3;15;A01
201400024123;0;7;0;0;0;7;15;B01
201400024124;0;2;0;0;2;7;1;A01
201400024124;0;7;0;0;2;3;16;B01
201400024125;0;1;0;0;0;2;1;A01
201400024125;0;7;0;0;2;1;1;B01
201400024126;0;7;0;0;2;3;15;A01
201400024126;0;40;0;0;2;2;1;B01
201400024127;0;10;0;0;1;0;16;A01
201400024128;0;1;0;0;1;1;1;A01
201400024129;0;7;0;0;0;2;1;B01
201400024129;0;7;0;0;2;1;15;A01
201400024130;0;2;0;12;0;1;16;A01
201400024131;0;10;0;0;1;1;1;A01
201400024132;0;31;0;0;2;7;16;A01
201400024132;0;7;0;0;0;2;16;B01
201400024133;0;1;0;0;2;1;1;A01