num_acc;senc;catv;occutc;obs;obsm;choc;manv;num_veh
201400024133;0;10;0;0;0;4;23;B01
201400024134;0;2;0;0;2;1;1;A01
201400024134;0;7;0;0;0;1;15;B01
201400024135;0;33;0;1;0;1;1;A01
201400024136;0;10;0;0;2;8;15;A01
201400024136;0;7;0;0;0;8;1;B01
201400024137;0;33;0;0;2;1;15;B01
201400024137;0;10;0;0;0;8;15;A01
201400024138;0;30;0;1;2;1;17;A01
201400024138;0;7;0;0;2;8;17;B01
201400024139;0;7;0;0;0;6;23;B01
201400024139;0;30;0;0;2;1;1;A01
201400024140;0;2;0;11;0;1;1;A01
201400024141;0;1;0;0;0;0;5;A01
201400024141;0;7;0;0;0;0;15;B01
201400024142;0;40;0;0;2;1;1;A01
201400024142;0;1;0;0;4;4;1;B01
201400024143;0;7;0;0;2;1;15;A01
201400024143;0;31;0;0;0;1;1;B01
201400024144;0;7;0;0;2;2;15;A01
201400024144;0;7;0;0;2;1;1;B01
201400024145;0;31;0;0;0;8;1;A01
201400024146;0;7;0;0;2;9;1;A01
201400024146;0;7;0;0;2;1;1;B01
201400024147;0;7;0;0;0;1;15;A01
201400024147;0;31;0;0;2;1;1;B01
201400024148;0;7;0;0;2;1;2;A01
201400024148;0;15;0;0;0;4;1;B01
201400024149;0;7;0;0;1;2;1;A01
201400024150;0;7;0;0;1;7;1;A01
201400024151;0;37;1;0;1;2;1;A01
201400024152;0;7;0;0;0;8;10;A01
201400024152;0;33;0;0;2;1;1;B01
201400024153;0;7;0;0;0;6;23;B01
201400024153;0;34;0;0;2;7;1;A01
201400024154;0;7;0;0;1;2;1;A01
201400024155;0;7;0;0;0;7;22;A01
201400024155;0;1;0;0;2;1;1;B01
201400024156;0;7;0;8;0;1;21;C01
201400024156;0;7;0;0;0;4;1;B01
201400024156;0;2;0;0;2;1;1;A01
201400024157;0;10;0;0;0;4;15;B01
201400024157;0;10;0;0;2;1;2;A01
201400024158;1;10;0;0;1;0;15;Z01
201400024159;0;7;0;0;2;7;1;A01
201400024159;0;33;0;0;0;9;1;B01
201400024160;0;33;0;0;2;1;1;B01
201400024160;0;10;0;0;0;1;15;A01
201400024161;0;7;0;0;1;1;15;A01
201400024162;0;30;0;0;0;1;1;A01
201400024163;0;30;0;0;0;7;1;A01
201400024163;2;7;0;0;0;0;20;B01
201400024164;0;10;0;0;2;1;2;A01
201400024164;0;7;0;0;2;4;23;B01
201400024165;0;7;0;0;2;6;15;A01
201400024165;0;33;0;0;2;1;1;B01
201400024166;0;7;0;0;2;3;15;B01
201400024166;0;30;0;0;2;2;17;A01
201400024167;0;7;0;0;1;2;21;A01
201400024168;0;7;0;0;0;3;16;A01
201400024168;0;32;0;0;2;1;1;B01
201400024169;0;40;0;0;1;0;1;A01
201400024170;0;31;0;0;2;1;1;B01
201400024170;0;7;0;0;2;2;15;A01
201400024171;0;7;0;0;2;3;16;A01
201400024171;0;1;0;0;2;1;5;B01
201400024172;0;7;0;0;2;1;1;A01
201400024172;0;33;0;0;0;4;23;B01
201400024173;0;7;0;0;0;4;1;B01
201400024173;1;7;0;0;2;1;1;Z01
201400024174;0;10;0;0;2;3;16;A01
201400024174;0;7;0;0;2;1;1;B01
201400024175;0;2;0;0;2;1;1;B01
201400024175;0;7;0;0;2;1;20;A01
201400024176;0;33;0;1;0;7;1;A01
201400024176;0;10;0;0;0;7;22;B01
201400024177;0;7;0;1;2;8;1;B01
201400024177;0;2;0;0;2;1;1;A01
201400024178;0;10;0;0;2;1;1;A01
201400024178;0;7;0;0;0;4;23;B01
201400024179;0;7;0;0;2;1;1;B01
201400024179;0;7;0;0;0;7;10;A01
201400024180;0;2;0;0;2;1;1;A01
201400024180;0;7;0;0;2;1;15;B01
201400024181;0;7;0;0;2;7;18;A01
201400024181;0;7;0;0;2;3;1;B01
201400024182;0;7;0;0;1;4;4;A01
201400024183;0;7;0;0;2;3;15;A01
201400024183;0;31;0;0;2;1;1;B01
201400024184;0;7;0;0;2;1;1;A01
201400024184;0;7;0;0;0;4;1;C01
201400024184;0;7;0;0;0;4;1;B01
201400024185;0;10;0;0;0;8;13;A01
201400024185;0;33;0;0;2;7;1;B01
201400024186;0;33;0;0;2;1;1;A01
201400024186;0;7;0;0;2;1;1;B01
201400024187;0;7;0;0;2;8;1;A01
201400024187;0;7;0;0;2;1;1;B01
201400024188;0;7;0;0;2;8;15;A01
201400024188;0;33;0;0;0;9;1;B01
201400024189;0;1;0;0;0;9;1;B01
201400024189;0;7;0;0;2;1;9;A01
201400024190;0;7;0;0;2;1;16;B01
201400024190;0;2;0;0;2;1;6;A01
201400024191;0;7;0;0;2;1;15;A01
201400024191;0;1;0;0;2;1;1;B01
201400024192;0;7;0;0;2;3;15;A01
201400024192;0;33;0;1;2;7;17;B01
201400024193;0;7;0;0;0;4;1;B01
201400024193;0;7;0;0;2;1;1;A01
201400024194;0;7;0;0;2;3;1;A01
201400024194;0;30;0;0;2;5;1;B01
201400024195;0;7;0;8;0;1;1;A01
201400024196;0;37;3;0;2;3;1;A01
201400024196;0;7;0;0;1;4;15;B01
201400024197;0;7;0;8;0;1;1;A01
201400024198;0;10;0;0;1;0;1;A01
201400024199;0;7;0;0;2;1;1;A01
201400024199;0;7;0;0;0;7;1;B01
201400024200;0;7;0;0;0;8;15;A01
201400024200;0;33;0;0;0;1;17;B01
201400024201;2;7;0;0;2;1;1;A01
201400024201;0;7;0;1;2;7;1;B01
201400024202;0;7;0;0;0;2;1;C01
201400024202;0;33;0;0;2;1;1;A01
201400024202;0;7;0;0;0;6;1;B01
201400024203;0;7;0;0;0;7;1;B01
201400024203;0;1;0;0;2;1;16;A01
201400024204;0;40;132;0;2;2;1;B01
201400024204;0;10;0;0;4;3;10;A01
201400024205;0;33;0;0;0;8;23;B01
201400024205;0;7;0;0;2;1;15;A01
201400024206;0;7;0;0;1;3;1;Z01
201400024207;0;30;0;0;2;9;1;A01
201400024207;0;7;0;0;0;3;15;B01
201400024208;0;7;0;0;0;8;15;A01
201400024208;0;30;0;0;2;3;1;B01
201400024209;0;99;0;0;1;5;1;A01
201400024210;0;7;0;0;2;3;15;A01
201400024210;0;33;0;0;2;1;1;B01
201400024211;0;7;0;0;1;0;1;A01
201400024212;0;7;0;6;0;1;15;A01
201400024213;0;7;0;0;2;3;15;A01
201400024213;0;7;0;0;2;7;1;B01
201400024214;0;7;0;0;0;8;23;B01
201400024214;0;34;0;0;2;1;1;A01
201400024215;0;7;0;0;0;4;23;D01
201400024215;0;7;0;0;2;1;1;A01
201400024215;0;7;0;0;2;4;23;B01
201400024215;0;7;0;0;2;1;23;C01
201400024216;0;33;0;0;2;2;1;B01
201400024216;0;14;0;0;2;1;15;A01
201400024217;0;7;0;0;2;3;15;A01
201400024217;0;2;0;0;0;3;23;B01
201400024218;1;10;0;0;2;4;1;Z01
201400024218;0;1;0;0;2;0;1;A01
201400024219;0;2;0;0;0;9;1;A01
201400024219;1;10;0;0;0;0;18;Z01
201400024220;0;7;0;0;1;2;15;A01
201400024221;0;30;0;1;0;1;14;A01
201400024222;0;2;0;0;2;1;18;A01
201400024222;0;15;0;0;2;2;1;B01
201400024223;0;7;0;0;1;4;4;A01
201400024224;0;7;0;0;2;3;1;A01
201400024224;0;37;18;0;2;2;1;B01
201400024225;0;7;0;0;0;4;1;B01
201400024225;0;33;0;0;2;1;17;A01
201400024226;0;1;0;0;2;5;1;A01
201400024226;0;1;0;0;2;1;19;B01
201400024227;0;7;0;0;2;1;1;B01
201400024227;0;7;0;0;2;1;1;A01
201400024228;0;7;0;0;2;1;15;A01
201400024228;0;33;0;0;2;1;16;B01
201400024229;0;7;0;1;0;3;1;B01
201400024229;0;14;0;0;2;9;15;A01
201400024230;0;7;0;0;2;1;16;A01
201400024230;0;31;0;0;2;5;1;B01
201400024231;0;10;0;8;0;7;21;A01
201400024231;1;7;0;0;0;0;1;Z01
201400024232;0;7;0;1;1;1;1;A01
201400024233;0;31;0;1;2;3;1;B01
201400024233;0;7;0;0;2;3;1;A01
201400024234;0;1;0;0;2;1;1;B01
201400024234;0;7;0;0;2;1;1;A01
201400024235;0;33;0;0;0;8;1;A01
201400024236;0;1;0;0;0;9;1;B01
201400024236;0;7;0;6;2;1;1;A01
201400024237;0;3;0;3;0;4;1;A01
201400024237;1;7;0;0;2;0;0;Z01
201400024238;0;1;0;0;2;1;1;A01
201400024238;0;7;0;0;0;7;15;B01
201400024239;0;7;0;0;0;4;1;B01
201400024239;0;7;0;0;2;1;2;A01
201400024240;0;7;0;0;2;1;15;A01
201400024240;0;7;0;0;2;1;1;B01
201400024241;0;31;0;0;2;1;1;A01
201400024241;0;7;0;0;0;2;16;B01
201400024242;0;7;0;0;0;4;23;B01
201400024242;0;2;0;0;2;7;1;A01
201400024243;0;7;0;0;2;2;1;A01
201400024243;0;1;0;0;0;3;19;B01
201400024244;0;40;63;0;2;2;1;B01
201400024244;0;7;0;0;0;3;1;A01
201400024245;0;7;0;0;1;1;1;A01
201400024246;0;33;0;0;1;7;1;A01
201400024247;0;7;0;0;2;3;9;A01
201400024247;0;33;0;0;0;7;1;B01
201400024248;0;10;0;0;0;4;23;B01
201400024248;0;7;0;0;2;1;2;A01
201400024249;0;7;0;0;1;1;15;A01
201400024250;0;7;0;0;0;1;15;A01
201400024250;0;31;0;0;2;8;1;B01
201400024251;0;7;0;0;1;4;4;A01
201400024252;0;10;0;0;0;3;10;A01
201400024252;0;31;0;0;2;7;16;B01
201400024253;0;30;0;0;1;7;1;A01
201400024254;0;7;0;0;2;8;1;A01
201400024254;0;7;0;0;2;1;1;B01
201400024255;0;1;0;0;2;3;16;B01
201400024255;0;7;0;0;2;0;16;A01
201400024256;0;7;0;0;2;1;5;A01
201400024256;0;7;0;0;0;1;1;B01
201400024257;0;7;0;0;2;1;1;B01
201400024257;0;7;0;0;0;8;1;A01
201400024258;0;7;0;8;2;5;1;B01
201400024258;0;7;0;0;2;1;1;A01
201400024259;0;31;0;0;0;8;1;B01
201400024259;1;7;0;0;2;1;1;A01
201400024259;0;7;0;0;2;3;1;C01
201400024260;0;7;0;0;2;3;1;A01
201400024260;0;7;0;0;2;9;1;B01
201400024261;0;7;0;0;2;1;1;A01
201400024261;0;1;0;0;2;8;1;B01
201400024262;0;2;0;0;2;1;1;A01
201400024262;0;7;0;0;2;2;15;B01
201400024263;0;7;0;0;0;7;21;A01
201400024263;0;2;0;0;2;1;1;B01
201400024264;0;7;0;0;1;0;15;A01
201400024265;0;40;0;0;1;0;1;A01
201400024266;0;7;0;0;2;3;15;A01
201400024266;0;7;0;0;0;6;1;B01
201400024267;0;31;0;12;0;1;1;A01
201400024268;0;7;0;0;2;1;15;B01
201400024268;0;2;0;0;2;7;1;A01
201400024269;0;33;0;0;2;1;1;B01
201400024269;0;7;0;0;0;3;10;A01
201400024270;0;7;0;0;2;3;15;A01
201400024270;0;33;0;0;2;1;1;B01
201400024271;0;30;0;0;2;0;1;B01
201400024271;0;1;0;0;0;0;19;A01
201400024272;0;7;0;0;2;1;1;A01
201400024272;0;7;0;0;0;1;23;C01
201400024272;0;7;0;0;2;1;23;B01
201400024273;0;10;0;0;2;6;15;B01
201400024273;0;33;0;0;2;2;1;A01
201400024274;0;7;0;0;2;2;2;A01
201400024274;0;7;0;0;0;4;16;B01
201400024275;0;1;0;0;2;0;1;A01
201400024275;0;7;0;0;2;2;1;B01
201400024276;0;7;0;11;0;1;16;A01
201400024277;0;7;0;0;2;1;17;A01
201400024277;0;1;0;0;2;0;15;B01
201400024278;0;7;0;0;0;0;1;A01
201400024278;0;7;0;1;2;1;1;B01
201400024279;0;7;0;0;2;1;1;A01
201400024279;0;7;0;0;0;4;23;B01
201400024280;0;7;0;1;2;2;16;A01
201400024280;0;2;0;0;2;7;1;B01
201400024281;0;10;0;0;2;3;1;A01
201400024281;0;30;0;0;2;6;15;B01
201400024282;0;7;0;0;2;3;9;B01
201400024282;0;2;0;0;2;1;1;A01
201400024283;0;7;0;0;1;2;1;A01
201400024284;0;7;0;0;0;7;1;B01
201400024284;0;1;0;0;2;1;17;A01
201400024285;0;1;0;0;0;1;2;B01
201400024285;0;7;0;0;0;1;1;A01
201400024286;0;37;5;0;2;1;2;A01
201400024286;0;7;0;0;0;4;1;B01
201400024287;0;7;0;0;0;5;15;A01
201400024287;0;33;0;0;2;1;1;B01
201400024288;0;7;0;0;1;2;1;A01
201400024289;0;7;0;8;0;2;1;A01
201400024290;0;1;0;0;2;1;1;A01
201400024290;0;7;0;0;2;3;1;B01
201400024291;0;1;0;0;0;0;0;B01
201400024291;0;10;0;0;2;1;1;A01
201400024292;0;7;0;0;2;1;2;A01
201400024292;0;7;0;0;0;4;1;B01
201400024293;0;7;0;0;0;5;15;A01
201400024293;0;2;0;0;2;1;1;B01
201400024294;0;7;0;0;2;3;15;A01
201400024294;0;30;0;0;2;2;1;B01
201400024295;0;37;25;0;1;3;1;A01
201400024296;0;7;0;0;0;4;1;A01
201400024296;0;2;0;0;0;1;1;B01
201400024297;0;7;0;0;1;6;4;A01
201400024298;0;1;0;0;0;1;1;B01
201400024298;0;7;0;0;0;1;1;A01
201400024299;0;1;0;0;2;9;0;B01
201400024299;0;7;0;0;2;7;1;A01
201400024300;0;7;0;0;0;3;10;A01
201400024300;0;31;0;0;2;1;1;B01
201400024301;0;7;0;0;0;4;23;B01
201400024301;0;7;0;0;2;1;1;A01
201400024302;0;33;0;0;1;1;1;A01
201400024303;0;10;0;0;0;4;15;A01
201400024303;0;7;0;0;2;1;1;B01
201400024304;0;7;0;0;0;0;15;B01
201400024304;0;1;0;0;2;3;16;A01
201400024304;0;7;0;0;0;0;24;C01
201400024305;0;7;0;0;2;1;1;B01
201400024305;0;7;0;6;0;8;1;A01
201400024306;0;1;0;0;0;7;1;A01
201400024306;0;7;0;0;2;1;15;B01
201400024307;0;7;0;0;0;5;23;B01
201400024307;0;31;0;0;2;1;13;A01
201400024308;0;7;0;0;0;4;2;A01
201400024308;1;7;0;0;2;1;1;Z01
201400024308;0;7;0;0;2;1;1;B01
201400024309;0;7;0;0;2;1;1;A01
201400024309;0;7;0;0;0;4;1;B01
201400024310;0;7;0;0;2;6;15;A01
201400024310;0;7;0;0;2;3;1;B01
201400024311;0;7;0;0;2;3;9;A01
201400024311;0;1;0;0;0;0;1;B01
201400024312;0;10;0;0;2;1;2;C01
201400024312;0;7;0;0;0;0;1;A01
201400024312;0;10;0;0;2;1;2;B01
201400024313;0;10;0;0;0;0;15;B01
201400024313;0;30;0;0;2;1;1;A01
201400024314;0;7;0;0;0;6;1;A01
201400024314;0;7;0;0;2;1;1;B01
201400024315;0;10;0;0;1;4;4;A01
201400024316;0;7;0;0;0;4;23;B01
201400024316;0;7;0;0;2;1;2;A01
201400024317;0;2;0;3;0;1;1;A01
201400024317;0;7;0;0;0;1;15;B01
201400024318;0;7;0;0;2;7;15;A01
201400024318;0;7;0;0;2;1;1;B01
201400024319;0;31;0;0;1;1;1;A01
201400024320;0;37;17;0;0;3;16;B01
201400024320;0;7;0;0;0;5;16;A01
201400024321;0;33;0;0;2;1;1;A01
201400024321;0;7;0;0;0;8;15;B01
201400024322;0;7;0;0;2;8;15;A01
201400024322;0;2;0;0;2;2;1;B01
201400024323;0;7;0;0;2;2;23;A01
201400024323;0;1;0;0;0;7;1;B01
201400024324;0;7;0;0;1;1;1;A01
201400024325;0;7;0;0;1;0;1;A01
201400024326;0;2;0;0;4;1;1;A01
201400024326;0;40;0;0;0;8;1;B01
201400024327;0;2;0;0;2;1;1;B01
201400024327;0;7;0;1;2;5;15;A01
201400024328;0;7;0;0;0;1;1;B01
201400024328;0;7;0;0;2;1;13;A01
201400024329;0;31;0;0;0;0;1;A01
201400024330;0;37;19;0;0;1;0;A01
201400024330;0;1;0;0;2;0;1;B01
201400024331;0;7;0;0;2;4;2;C01
201400024331;0;7;0;0;2;1;1;A01
201400024331;0;7;0;0;2;1;2;B01
201400024332;0;7;0;0;2;5;15;A01
201400024332;0;2;0;0;2;1;1;B01
201400024333;0;10;0;0;1;1;1;A01
201400024334;0;7;0;0;2;5;15;A01
201400024334;0;30;0;0;2;1;1;B01
201400024335;0;7;0;0;2;3;15;A01
201400024335;0;1;0;0;2;1;1;B01
201400024336;0;7;0;0;2;1;2;A01
201400024336;0;7;0;0;2;1;2;B01
201400024336;0;7;0;0;2;1;2;C01
201400024336;0;7;0;0;0;4;1;D01
201400024337;1;7;0;0;1;0;1;Z01
201400024338;0;7;0;0;2;3;1;A01
201400024338;0;31;0;0;2;2;1;B01
201400024339;0;10;0;0;1;2;1;A01
201400024340;0;7;0;0;1;1;1;A01
201400024341;0;31;0;0;2;1;1;B01
201400024341;0;7;0;0;2;6;1;A01
201400024342;0;10;0;0;0;5;10;A01
201400024342;0;31;0;0;2;1;1;B01
201400024343;0;7;0;0;0;4;23;B01
201400024343;0;2;0;0;2;1;1;A01
201400024344;0;30;0;0;0;0;0;A01
201400024345;0;7;0;2;0;2;1;A01
201400024346;0;7;0;0;2;0;1;Z01
201400024346;0;7;0;0;2;7;1;B01
201400024347;0;7;0;0;2;2;2;A01
201400024347;0;30;0;0;0;4;1;B01
201400024348;0;7;0;0;2;1;2;A01
201400024348;0;7;0;0;2;4;2;B01
201400024348;0;7;0;0;0;4;1;C01
201400024349;0;2;0;0;2;1;1;B01
201400024349;0;7;0;0;2;5;1;A01
201400024350;0;33;0;0;2;7;17;A01
201400024350;0;7;0;0;2;7;15;B01
201400024351;0;2;0;0;2;0;17;B01
201400024351;0;7;0;0;2;8;15;A01
201400024352;0;7;0;0;2;1;1;A01
201400024352;0;7;0;1;0;3;1;B01
201400024353;0;38;1;0;2;3;15;B01
201400024353;0;7;0;0;2;3;1;A01
201400024354;0;7;0;0;0;4;1;B01
201400024354;0;31;0;0;2;1;2;A01
201400024355;0;7;0;0;2;7;15;B01
201400024355;0;7;0;15;2;3;17;A01
201400024356;0;33;0;12;0;9;13;A01
201400024357;0;1;0;0;1;1;1;A01
201400024358;0;1;0;0;2;3;5;B01
201400024358;0;7;0;0;2;2;1;A01
201400024359;0;33;0;0;2;7;1;A01
201400024359;0;10;0;0;2;3;1;B01
201400024360;0;7;0;0;2;3;1;B01
201400024360;0;2;0;0;2;1;1;A01
201400024361;0;1;0;0;2;0;19;B01
201400024361;0;37;1;0;2;7;1;A01
201400024362;0;7;0;0;2;8;15;A01
201400024362;0;33;0;0;2;2;17;B01
201400024363;0;7;0;0;2;1;1;B01
201400024363;0;7;0;0;2;2;1;C01
201400024363;0;7;0;0;2;1;11;A01
201400024364;0;7;0;0;2;1;15;A01
201400024364;0;7;0;0;2;1;21;B01
201400024364;0;10;0;0;2;0;1;C01
201400024365;0;7;0;0;2;3;15;A01
201400024365;0;1;0;0;2;2;1;B01
201400024366;0;33;0;0;2;1;1;B01
201400024366;0;7;0;0;2;3;1;A01
201400024367;0;10;0;0;2;1;9;A01
201400024367;0;1;0;0;0;7;1;B01
201400024368;0;7;0;0;2;1;1;A01
201400024368;0;7;0;0;0;8;1;B01
201400024369;0;30;0;0;0;0;1;B01
201400024369;0;7;0;0;0;0;20;A01
201400024370;0;7;0;0;2;1;13;A01
201400024370;0;7;0;0;2;1;1;B01
201400024371;0;7;0;0;2;1;15;A01
201400024371;0;1;0;0;2;1;1;B01
201400024372;0;7;0;1;2;2;1;A01
201400024372;0;7;0;0;2;1;1;B01
201400024373;0;7;0;0;2;2;1;A01
201400024373;0;1;0;0;2;0;1;B01
201400024374;0;2;0;0;0;0;1;A01
201400024375;0;7;0;0;2;2;1;A01
201400024375;0;7;0;0;2;3;1;B01
201400024376;1;7;0;0;1;0;1;Z01
201400024377;0;10;0;0;2;4;10;A01
201400024377;0;1;0;0;0;1;1;B01
201400024378;0;7;0;0;2;8;1;B01
201400024378;0;7;0;0;2;1;1;A01
201400024379;0;7;0;0;2;8;10;A01
201400024379;0;33;0;0;2;1;1;B01
201400024380;0;7;0;0;2;1;1;B01
201400024380;0;30;0;0;0;1;1;A01
201400024381;0;1;0;0;2;2;1;A01
201400024381;0;10;0;0;2;1;1;B01
201400024382;0;33;0;6;0;7;18;A01
201400024382;0;7;0;0;0;0;16;B01
201400024383;0;33;0;0;1;2;1;A01
201400024384;0;7;0;0;0;7;15;A01
201400024384;0;33;0;0;2;1;1;B01
201400024385;0;30;0;0;0;7;23;A01
201400024386;0;7;0;0;1;2;15;A01
201400024387;0;33;0;0;2;8;2;B01
201400024387;0;7;0;0;2;6;1;A01
201400024388;0;7;0;0;0;0;15;A01
201400024388;0;33;0;0;0;8;1;B01
201400024389;0;10;0;0;2;1;15;A01
201400024389;0;1;0;0;2;1;1;B01
201400024390;0;10;0;0;2;2;15;B01
201400024390;0;7;0;0;2;1;1;A01
201400024391;0;7;0;1;0;1;1;A01
201400024392;0;31;0;0;2;3;2;A01
201400024392;0;34;0;0;0;7;1;B01
201400024393;0;7;0;0;1;1;1;A01
201400024394;0;7;0;0;0;6;1;A01
201400024394;0;7;0;0;2;1;1;B01
201400024395;0;7;0;0;1;3;1;A01
201400024396;0;7;0;1;0;2;1;A01
201400024397;0;7;0;0;2;2;1;A01
201400024397;0;7;0;0;0;3;1;B01
201400024398;0;7;0;0;1;2;15;A01
201400024399;0;7;0;0;0;6;1;B01
201400024399;0;7;0;0;2;2;2;A01
201400024400;0;7;0;0;1;1;15;A01
201400024401;0;33;0;1;0;1;1;A01
201400024402;0;7;0;0;2;4;1;C01
201400024402;0;7;0;0;2;4;2;B01
201400024402;0;7;0;0;2;1;2;A01
201400024403;0;7;0;0;2;1;21;A01
201400024403;0;7;0;0;0;4;1;B01
201400024404;0;2;0;0;2;1;1;A01
201400024404;0;7;0;0;0;2;16;B01
201400024405;0;7;0;0;0;0;23;C01
201400024405;0;7;0;0;0;5;23;B01
201400024405;0;33;0;0;2;1;1;A01
201400024406;0;7;0;0;2;1;1;A01
201400024406;0;7;0;0;2;1;1;B01
201400024407;0;7;0;8;0;1;1;A01
201400024408;0;7;0;0;2;7;17;A01
201400024408;0;2;0;0;2;3;15;B01
201400024409;0;7;0;0;2;2;15;A01
201400024409;0;1;0;0;2;0;1;B01
201400024410;0;7;0;1;0;3;1;A01
201400024411;0;7;0;0;0;4;15;A01
201400024411;0;7;0;0;2;3;2;B01
201400024411;0;10;0;0;2;1;2;C01
201400024412;0;33;0;0;2;8;0;A01
201400024412;0;7;0;0;0;6;0;B01
201400024413;0;7;0;0;0;2;15;A01
201400024413;0;7;0;0;2;1;1;B01
201400024414;0;7;0;0;2;2;2;A01
201400024414;0;7;0;0;0;6;1;B01
201400024415;0;31;0;0;2;7;15;A01
201400024415;0;7;0;0;2;1;15;B01
201400024416;0;7;0;0;0;3;9;A01
201400024416;0;31;0;0;2;2;1;B01
201400024417;0;14;0;0;0;7;16;A01
201400024417;0;31;0;0;2;3;1;B01
201400024418;0;7;0;0;0;2;15;A01
201400024418;0;7;0;0;2;3;1;B01
201400024419;0;7;0;0;2;2;2;B01
201400024419;0;1;0;0;0;4;1;A01
201400024420;0;37;15;0;2;1;1;A01
201400024420;0;1;0;0;0;8;15;B01
201400024421;0;7;0;0;2;3;1;A01
201400024421;0;7;0;0;2;6;1;B01
201400024422;0;33;0;0;2;3;7;A01
201400024422;0;7;0;0;2;2;16;B01
201400024423;0;7;0;0;1;4;4;A01
201400024424;0;7;0;0;2;4;2;B01
201400024424;0;7;0;0;0;4;1;C01
201400024424;0;7;0;0;2;1;2;A01
201400024425;0;7;0;0;2;1;1;A01
201400024425;0;7;0;0;0;4;23;B01
201400024426;0;40;0;0;1;1;1;A01
201400024427;0;31;0;0;0;7;1;A01
201400024428;0;7;0;1;0;2;1;A01
201400024429;0;7;0;0;0;2;15;A01
201400024429;0;33;0;0;2;8;1;B01
201400024430;0;7;0;0;1;3;1;A01
201400024431;0;33;0;0;2;1;1;A01
201400024431;0;15;0;0;0;2;16;B01
201400024432;0;10;0;0;0;6;10;A01
201400024432;0;31;0;0;2;1;1;B01
201400024433;0;7;0;0;2;1;1;B01
201400024433;0;10;0;0;0;8;10;A01
201400024434;0;33;0;0;2;1;1;A01
201400024434;0;7;0;0;0;7;16;B01
201400024435;0;2;0;0;0;1;5;A01
201400024435;0;7;0;0;2;7;1;B01
201400024436;0;1;0;0;2;1;5;A01
201400024436;0;7;0;0;0;7;1;B01
201400024437;0;1;0;0;0;0;1;A01
201400024438;0;7;0;0;2;1;10;B01
201400024438;0;7;0;0;2;5;15;A01
201400024439;0;7;0;0;0;4;23;C01
201400024439;0;7;0;0;2;1;1;A01
201400024439;0;7;0;0;2;1;23;B01
201400024440;0;3;0;0;1;1;1;A01
201400024441;0;7;0;0;2;4;23;B01
201400024441;0;7;0;0;0;4;23;C01
201400024441;0;7;0;0;2;1;1;A01
201400024442;0;7;0;0;0;4;23;B01
201400024442;0;7;0;0;2;1;1;A01
201400024443;0;7;0;0;1;2;1;A01
201400024444;0;10;0;0;2;7;15;A01
201400024444;0;33;0;0;2;1;1;B01
201400024445;0;33;0;0;2;1;1;B01
201400024445;0;7;0;0;0;7;16;A01
201400024446;0;7;0;0;0;5;23;B01
201400024446;0;2;0;0;2;1;1;A01
201400024447;0;7;0;0;2;5;16;B01
201400024447;0;1;0;1;0;0;1;A01
201400024448;0;7;0;0;0;8;15;A01
201400024448;0;33;0;0;2;2;17;B01
201400024449;0;2;0;0;2;8;1;B01
201400024449;0;7;0;0;2;5;15;A01
201400024450;0;2;0;1;0;2;1;A01
201400024451;0;7;0;0;2;1;15;A01
201400024451;0;33;0;0;2;8;1;B01
201400024452;0;1;0;0;1;7;1;A01
201400024453;0;1;0;0;2;0;1;A01
201400024453;0;7;0;0;0;1;1;B01
201400024454;0;7;0;0;1;8;1;A01
201400024455;0;10;0;0;0;5;4;A01
201400024455;0;7;0;0;2;1;1;B01
201400024456;0;7;0;0;0;8;15;B01
201400024456;0;33;0;0;2;2;1;A01
201400024457;0;7;0;0;2;3;9;A01
201400024457;0;2;0;0;0;7;16;B01
201400024458;0;7;0;0;1;2;1;A01
201400024459;0;2;0;0;0;4;20;B01
201400024459;0;2;0;0;2;8;1;A01
201400024460;0;2;0;0;2;3;15;A01
201400024460;0;7;0;1;0;6;1;B01
201400024461;0;7;0;0;2;3;1;A01
201400024461;0;7;0;0;2;3;1;B01
201400024462;0;7;0;0;1;1;1;A01
201400024463;1;7;0;0;2;0;1;Z01
201400024463;0;33;0;0;0;7;1;A01
201400024464;0;1;0;0;0;8;1;A01
201400024464;0;7;0;0;2;1;1;B01
201400024465;0;33;0;0;2;1;1;A01
201400024465;0;7;0;0;0;8;1;B01
201400024466;0;7;0;0;0;7;1;A01
201400024466;0;1;0;0;2;1;13;B01
201400024467;0;7;0;0;0;2;16;B01
201400024467;0;2;0;0;2;1;1;A01
201400024468;0;7;0;0;2;2;15;A01
201400024468;0;2;0;0;2;2;1;B01
201400024469;0;7;0;0;0;4;1;B01
201400024469;0;7;0;12;2;1;1;A01
201400024470;0;7;0;0;0;0;1;A01
201400024470;0;31;0;0;0;0;1;B01
201400024471;0;7;0;0;0;4;23;D01
201400024471;0;2;0;0;2;4;23;C01
201400024471;0;10;0;0;2;1;2;A01
201400024471;0;7;0;0;2;4;23;B01
201400024472;0;7;0;0;2;1;13;A01
201400024472;0;7;0;0;0;1;1;B01
201400024473;0;7;0;0;2;2;1;A01
201400024473;0;7;0;6;2;3;1;B01
201400024474;0;7;0;0;0;2;1;A01
201400024474;0;31;0;1;2;3;19;B01
201400024475;0;1;0;0;4;0;19;B01
201400024475;0;15;0;0;0;7;16;A01
201400024476;0;10;0;0;2;1;1;A01
201400024476;0;1;0;0;0;4;1;B01