num_acc;senc;catv;occutc;obs;obsm;choc;manv;num_veh
201400024477;0;7;0;0;0;3;9;A01
201400024477;0;32;0;0;2;1;1;B01
201400024478;0;7;0;1;0;1;1;A01
201400024479;0;33;0;0;0;7;1;A01
201400024480;0;7;0;0;0;7;15;A01
201400024480;0;7;0;0;2;2;1;B01
201400024481;0;7;0;0;2;1;1;A01
201400024481;0;7;0;0;0;4;23;B01
201400024482;0;30;0;0;2;0;1;B01
201400024482;0;7;0;0;2;0;0;Z01
201400024483;0;7;0;0;1;2;1;A01
201400024484;0;7;0;13;0;3;16;A01
201400024485;0;1;0;0;0;1;19;B01
201400024485;1;7;0;0;2;1;1;Z01
201400024486;0;33;0;0;2;7;1;A01
201400024486;0;7;0;0;2;7;10;B01
201400024487;0;7;0;0;1;1;16;A01
201400024488;0;7;0;0;1;1;16;A01
201400024489;0;7;0;0;2;1;1;B01
201400024489;0;7;0;0;0;7;15;A01
201400024490;0;1;0;0;2;1;1;B01
201400024490;0;7;0;0;2;2;16;A01
201400024491;0;1;0;0;2;1;0;B01
201400024491;0;7;0;0;9;2;0;A01
201400024492;0;7;0;0;2;3;1;A01
201400024492;0;1;0;0;2;2;2;B01
201400024493;0;2;0;0;2;8;1;B01
201400024493;0;7;0;0;0;1;1;A01
201400024494;0;7;0;0;2;3;1;B01
201400024494;0;7;0;0;2;3;15;A01
201400024495;0;7;0;0;2;2;2;A01
201400024495;0;33;0;0;0;2;2;B01
201400024496;0;7;0;0;1;1;15;A01
201400024497;0;7;0;0;2;7;24;B01
201400024497;2;7;0;0;0;0;1;Z01
201400024498;0;1;0;0;1;0;1;A01
201400024499;0;7;0;0;2;7;1;A01
201400024499;0;2;0;0;2;1;1;B01
201400024500;0;7;0;0;2;2;15;A01
201400024500;0;1;0;0;2;1;1;B01
201400024501;0;10;0;0;1;4;20;A01
201400024502;0;7;0;0;2;2;16;A01
201400024502;0;30;0;0;2;6;1;B01
201400024503;0;7;0;0;2;1;1;B01
201400024503;0;7;0;14;2;2;15;A01
201400024504;1;7;0;0;1;0;2;Z01
201400024505;0;7;0;0;2;6;1;A01
201400024505;0;7;0;8;2;1;1;B01
201400024506;0;30;0;11;0;1;1;A01
201400024507;0;10;0;0;1;1;16;A01
201400024508;0;7;0;0;2;3;1;A01
201400024508;0;2;0;0;2;1;1;B01
201400024509;0;7;0;0;2;3;1;A01
201400024509;0;7;0;0;0;7;15;B01
201400024510;0;7;0;0;2;1;0;A01
201400024510;0;33;0;0;2;1;1;B01
201400024511;0;7;0;0;1;2;0;A01
201400024512;0;33;0;0;2;9;17;B01
201400024512;0;7;0;0;0;3;10;A01
201400024513;0;7;0;1;0;7;16;A01
201400024513;0;2;0;0;0;0;1;B01
201400024514;0;34;0;0;0;4;2;B01
201400024514;0;10;0;14;0;1;2;A01
201400024515;0;1;0;0;2;1;1;B01
201400024515;0;7;0;0;2;2;16;A01
201400024516;0;30;0;0;2;8;13;A01
201400024516;0;1;0;0;2;1;1;B01
201400024517;0;10;0;0;2;1;16;B01
201400024517;0;1;0;0;2;7;19;A01
201400024518;0;10;0;0;0;8;10;A01
201400024518;0;2;0;0;2;1;17;B01
201400024519;0;1;0;0;0;0;1;C01
201400024519;1;7;0;0;1;0;2;Z01
201400024519;0;2;0;0;2;4;1;B01
201400024520;0;7;0;0;1;1;1;A01
201400024521;0;7;0;0;2;2;16;A01
201400024521;0;1;0;0;2;1;2;B01
201400024522;0;1;0;0;2;1;2;A01
201400024522;0;10;0;0;2;3;1;B01
201400024523;0;7;0;0;2;3;1;B01
201400024523;0;2;0;0;2;2;1;A01
201400024524;0;7;0;0;0;4;1;A01
201400024524;0;2;0;0;2;7;2;B01
201400024525;0;2;0;0;0;7;1;C01
201400024525;0;7;0;0;2;2;1;A01
201400024525;0;10;0;0;0;8;1;B01
201400024526;0;7;0;0;1;2;1;A01
201400024527;0;32;0;0;2;1;1;B01
201400024527;0;7;0;0;2;8;15;A01
201400024528;0;31;0;0;2;1;1;B01
201400024528;0;10;0;0;0;1;15;A01
201400024529;2;30;0;0;2;7;1;Z01
201400024529;0;33;0;0;2;8;1;B01
201400024530;0;7;0;0;0;4;1;B01
201400024530;0;10;0;0;2;1;2;A01
201400024531;0;1;0;0;2;2;1;A01
201400024531;0;10;0;0;2;3;16;B01
201400024532;0;33;0;1;0;1;1;A01
201400024532;0;7;0;0;2;1;23;B01
201400024533;0;7;0;0;2;1;1;B01
201400024533;0;1;0;0;0;7;1;A01
201400024534;0;33;0;0;2;1;1;B01
201400024534;0;7;0;0;0;3;15;A01
201400024535;0;7;0;0;2;1;15;A01
201400024535;0;33;0;0;2;1;1;B01
201400024536;0;2;0;0;9;2;1;B01
201400024536;0;1;0;0;0;8;9;A01
201400024537;0;1;0;0;2;1;1;B01
201400024537;0;7;0;0;0;7;15;A01
201400024538;0;2;0;0;2;1;14;B01
201400024538;0;7;0;0;2;1;15;A01
201400024539;0;7;0;0;2;8;15;A01
201400024539;1;7;0;0;2;4;4;Z01
201400024540;0;2;0;0;0;7;1;A01
201400024540;1;7;0;0;0;0;0;Z01
201400024541;0;7;0;0;0;7;10;A01
201400024541;0;33;0;0;2;8;1;B01
201400024542;0;3;0;0;2;2;15;A01
201400024542;0;30;0;0;2;1;1;B01
201400024543;0;7;0;0;2;1;1;A01
201400024543;0;7;0;0;0;7;15;B01
201400024543;0;33;0;0;2;1;2;C01
201400024544;0;7;0;0;2;1;0;A01
201400024544;0;1;0;0;2;1;1;B01
201400024545;0;7;0;0;1;2;1;A01
201400024546;0;7;0;0;2;1;15;A01
201400024546;0;7;0;0;0;8;1;B01
201400024547;0;7;0;0;2;3;9;A01
201400024547;0;33;0;0;2;1;1;B01
201400024548;0;7;0;0;0;8;15;B01
201400024548;0;31;0;0;2;1;17;A01
201400024549;0;33;0;0;2;1;1;B01
201400024549;0;7;0;0;2;3;15;A01
201400024550;0;37;1;0;1;7;1;A01
201400024551;0;7;0;0;2;3;15;A01
201400024551;0;2;0;0;2;1;1;B01
201400024552;0;33;0;1;2;1;17;B01
201400024552;0;10;0;0;2;8;15;A01
201400024553;0;33;0;1;2;1;1;A01
201400024553;0;10;0;0;2;4;2;B01
201400024554;0;10;0;0;1;1;1;A01
201400024555;0;7;0;0;0;6;10;A01
201400024555;0;32;0;0;2;1;17;B01
201400024556;0;1;0;0;0;0;19;B01
201400024556;0;7;0;0;2;1;1;A01
201400024557;0;1;0;0;2;1;1;A01
201400024557;0;7;0;0;0;4;23;B01
201400024558;0;7;0;0;1;3;1;A01
201400024559;0;2;0;0;2;1;1;A01
201400024559;0;33;0;0;2;1;1;B01
201400024560;0;31;0;0;0;8;1;A01
201400024561;0;1;0;0;2;3;1;B01
201400024561;0;7;0;0;2;1;15;A01
201400024562;0;7;0;0;2;0;1;A01
201400024562;0;7;0;0;0;8;1;B01
201400024563;0;33;0;0;2;1;1;B01
201400024563;0;7;0;0;2;1;15;A01
201400024564;0;7;0;0;2;7;9;A01
201400024564;0;31;0;0;2;8;9;B01
201400024565;0;2;0;0;2;1;2;B01
201400024565;0;7;0;0;0;5;15;A01
201400024566;0;7;0;0;1;2;15;A01
201400024567;0;7;0;0;2;3;15;A01
201400024567;0;2;0;0;2;1;1;B01
201400024568;0;7;0;0;0;7;1;B01
201400024568;0;1;0;0;2;1;1;A01
201400024569;0;7;0;0;2;1;21;A01
201400024569;0;33;0;0;2;8;1;B01
201400024570;0;7;0;0;2;1;2;A01
201400024570;0;7;0;0;0;4;16;B01
201400024571;0;7;0;0;2;3;24;A01
201400024571;0;1;0;1;0;2;0;B01
201400024572;0;7;0;0;1;2;1;A01
201400024573;0;32;0;0;1;2;1;A01
201400024574;0;7;0;0;2;1;1;A01
201400024574;0;1;0;0;0;0;0;B01
201400024575;0;7;0;1;0;1;14;A01
201400024576;0;7;0;0;0;4;23;B01
201400024576;0;7;0;0;2;1;1;A01
201400024577;0;33;0;0;2;1;1;A01
201400024577;0;7;0;0;0;7;15;B01
201400024578;0;7;0;0;2;1;2;A01
201400024578;0;7;0;0;0;4;1;B01
201400024579;0;2;0;0;2;8;1;B01
201400024579;0;7;0;0;2;1;1;A01
201400024580;0;7;0;0;2;2;16;Z01
201400024580;0;1;0;0;2;1;1;B01
201400024581;0;7;0;1;0;1;1;A01
201400024582;0;7;0;0;0;2;1;A01
201400024582;0;33;0;0;2;8;1;B01
201400024583;0;1;0;0;2;0;1;A01
201400024583;1;7;0;0;2;8;22;Z01
201400024584;0;1;0;0;1;1;15;A01
201400024585;0;7;0;0;0;1;15;A01
201400024585;0;7;0;0;2;1;1;B01
201400024586;0;7;0;0;2;7;2;A01
201400024586;0;33;0;0;2;1;17;B01
201400024587;0;30;0;0;2;1;1;B01
201400024587;0;7;0;0;0;3;1;A01
201400024588;0;7;0;0;2;1;1;A01
201400024588;0;7;0;0;0;1;1;B01
201400024588;0;7;0;0;0;4;1;C01
201400024589;0;7;0;0;0;6;1;C01
201400024589;0;7;0;0;2;1;2;A01
201400024589;0;10;0;0;0;3;1;B01
201400024590;0;1;0;0;1;1;1;A01
201400024591;0;7;0;0;2;1;1;B01
201400024591;0;7;0;0;0;8;1;A01
201400024592;0;7;0;0;0;6;15;A01
201400024592;0;33;0;0;2;3;1;B01
201400024593;0;33;0;0;2;1;1;B01
201400024593;0;7;0;0;2;2;15;A01
201400024594;0;7;0;0;0;4;1;A01
201400024594;0;7;0;0;2;1;1;B01
201400024595;0;7;0;0;0;2;20;A01
201400024595;0;1;0;0;2;1;1;B01
201400024596;0;7;0;12;0;2;1;A01
201400024597;0;7;0;0;1;4;4;A01
201400024598;0;7;0;0;0;7;15;A01
201400024598;0;33;0;0;2;1;1;B01
201400024599;0;7;0;0;1;2;15;A01
201400024600;0;13;0;0;2;4;24;B01
201400024600;0;7;0;1;1;1;0;A01
201400024601;0;1;0;0;2;1;1;B01
201400024601;0;7;0;0;0;1;15;A01
201400024602;1;7;0;0;2;3;18;Z01
201400024602;0;7;0;0;0;8;1;A01
201400024602;0;1;0;0;2;2;13;B01
201400024603;0;40;0;0;2;2;1;A01
201400024603;0;7;0;0;2;3;0;B01
201400024604;0;1;0;0;2;2;19;B01
201400024604;0;7;0;0;0;3;1;A01
201400024605;0;7;0;0;0;7;15;A01
201400024605;0;14;0;0;2;2;1;B01
201400024606;0;7;0;0;2;3;16;A01
201400024606;0;33;0;0;0;7;1;B01
201400024607;0;7;0;0;1;1;1;A01
201400024608;0;31;0;0;0;8;1;A01
201400024608;0;7;0;0;0;0;15;B01
201400024609;0;7;0;0;0;8;1;B01
201400024609;0;1;0;0;2;4;1;A01
201400024610;0;7;0;0;1;1;1;A01
201400024611;0;7;0;0;1;4;23;B01
201400024611;0;7;0;0;2;1;2;A01
201400024612;0;37;1;0;2;3;1;A01
201400024612;0;1;0;0;2;6;19;B01
201400024613;0;7;0;0;0;8;10;A01
201400024613;0;33;0;0;2;1;1;B01
201400024614;0;1;0;0;0;1;0;A01
201400024615;0;1;0;0;0;5;1;A01
201400024615;0;10;0;0;2;1;1;B01
201400024616;0;30;0;0;2;2;18;A01
201400024616;0;7;0;0;2;7;16;B01
201400024617;0;7;0;0;1;3;1;A01
201400024618;0;7;0;0;0;8;1;A01
201400024618;0;40;150;0;2;1;1;B01
201400024619;0;1;0;0;2;0;0;B01
201400024619;0;7;0;0;2;0;0;A01
201400024620;0;7;0;0;2;1;15;A01
201400024620;0;1;0;0;0;8;19;B01
201400024621;0;7;0;0;2;1;9;A01
201400024621;0;37;3;0;0;1;1;B01
201400024622;0;37;1;0;1;3;0;A01
201400024623;0;7;0;0;2;2;15;A01
201400024623;0;7;0;0;2;1;1;B01
201400024624;0;7;0;0;0;2;1;B01
201400024624;0;10;0;0;2;1;1;A01
201400024625;0;7;0;0;2;1;1;A01
201400024625;0;7;0;0;2;1;1;B01
201400024625;0;7;0;0;0;4;23;C01
201400024626;0;1;0;0;2;7;0;B01
201400024626;0;7;0;0;2;3;15;A01
201400024627;0;7;0;0;2;1;1;A01
201400024627;0;7;0;0;2;1;1;B01
201400024628;1;7;0;0;0;7;15;A01
201400024628;0;33;0;0;2;0;1;B01
201400024629;0;1;0;0;0;3;1;B01
201400024629;0;7;0;0;2;2;16;A01
201400024630;0;10;0;0;2;1;1;A01
201400024630;0;1;0;0;0;4;1;B01
201400024631;0;1;0;0;2;1;1;A01
201400024631;0;20;0;0;0;5;16;B01
201400024632;0;7;0;0;2;6;1;B01
201400024632;0;33;0;0;0;4;1;A01
201400024633;0;40;150;0;1;1;1;A01
201400024634;0;1;0;0;2;8;1;B01
201400024634;0;2;0;0;2;1;1;A01
201400024635;0;30;0;0;0;9;15;A01
201400024636;0;7;0;0;0;3;9;A01
201400024636;0;30;0;0;2;1;1;B01
201400024637;0;7;0;0;0;7;1;A01
201400024637;0;13;0;0;2;1;1;B01
201400024638;0;7;0;0;0;0;1;A01
201400024638;0;31;0;0;0;8;15;B01
201400024639;0;20;0;0;2;1;2;A01
201400024639;0;7;0;0;2;4;2;B01
201400024639;0;7;0;0;0;4;1;C01
201400024640;0;7;0;0;2;3;1;B01
201400024640;0;2;0;0;2;1;1;A01
201400024641;0;30;0;0;2;5;1;A01
201400024641;0;10;0;0;2;3;12;B01
201400024642;0;7;0;14;1;1;1;A01
201400024643;0;1;0;0;1;1;1;A01
201400024644;0;7;0;8;0;1;1;A01
201400024645;0;1;0;0;1;0;1;A01
201400024646;0;10;0;0;2;2;15;A01
201400024646;0;30;0;0;2;1;1;B01
201400024647;0;10;0;9;0;1;1;A01
201400024648;0;34;0;0;2;1;1;A01
201400024648;0;7;0;0;0;3;9;B01
201400024649;0;34;0;0;2;3;21;A01
201400024650;0;30;0;0;2;8;1;B01
201400024650;0;7;0;0;2;1;1;A01
201400024651;0;7;0;0;2;1;2;A01
201400024651;0;7;0;0;2;4;0;B01
201400024652;0;2;0;0;2;1;0;A01
201400024652;0;7;0;0;2;2;0;B01
201400024653;0;7;0;0;2;1;1;A01
201400024653;0;7;0;0;0;8;1;B01
201400024654;0;7;0;0;2;1;1;A01
201400024654;0;7;0;0;0;4;23;B01
201400024655;0;7;0;2;0;2;1;A01
201400024656;0;7;0;0;2;7;10;A01
201400024656;0;10;0;0;2;1;1;B01
201400024657;0;17;0;0;0;4;1;B01
201400024657;0;7;0;0;2;1;1;A01
201400024658;0;7;0;0;2;4;2;C01
201400024658;0;7;0;0;2;1;2;A01
201400024658;0;7;0;0;2;4;2;B01
201400024659;0;7;0;0;1;8;1;A01
201400024660;0;33;0;0;2;2;0;A01
201400024660;0;7;0;0;2;4;0;B01
201400024661;0;2;0;0;1;2;1;A01
201400024662;0;33;0;0;2;3;0;A01
201400024662;0;7;0;0;2;3;1;B01
201400024663;0;2;0;0;0;4;23;A01
201400024663;1;7;0;0;2;0;1;Z01
201400024664;0;7;0;0;1;2;1;A01
201400024665;0;31;0;0;2;1;1;B01
201400024665;0;7;0;0;0;7;1;A01
201400024666;0;1;0;0;2;3;1;A01
201400024666;0;7;0;0;2;2;0;B01
201400024667;0;7;0;0;2;7;20;A01
201400024667;0;34;0;0;2;1;2;B01
201400024668;0;7;0;0;2;1;1;A01
201400024668;0;31;0;0;0;8;1;B01
201400024669;0;7;0;0;0;7;15;A01
201400024669;0;33;0;0;2;1;1;B01
201400024670;0;7;0;0;2;2;1;A01
201400024670;0;7;0;0;0;1;1;B01
201400024671;0;1;0;0;0;8;19;B01
201400024671;0;7;0;0;2;1;1;A01
201400024672;0;10;0;0;1;3;0;A01
201400024673;0;7;0;0;0;2;1;A01
201400024673;0;7;0;0;0;1;16;B01
201400024674;0;7;0;0;1;3;1;A01
201400024675;0;33;0;0;2;0;1;A01
201400024675;0;7;0;0;6;1;1;B01
201400024676;0;40;125;0;2;3;1;B01
201400024676;0;1;0;0;4;1;1;A01
201400024677;0;7;0;0;0;3;10;A01
201400024677;0;33;0;0;2;1;2;B01
201400024678;0;1;0;0;2;2;19;A01
201400024678;0;7;0;0;2;3;1;B01
201400024679;0;7;0;0;1;1;1;A01
201400024680;0;32;0;0;2;8;1;B01
201400024680;0;7;0;0;2;1;15;A01
201400024681;0;2;0;0;2;9;1;B01
201400024681;0;7;0;0;0;2;15;A01
201400024682;0;7;0;3;0;8;1;A01
201400024682;0;7;0;0;2;1;1;B01
201400024683;0;7;0;0;2;1;1;B01
201400024683;0;7;0;0;0;1;1;A01
201400024684;0;7;0;0;2;7;14;A01
201400024684;0;1;0;0;0;8;1;B01
201400024685;0;7;0;0;0;8;15;A01
201400024685;0;37;4;0;2;1;1;B01
201400024686;0;2;0;0;0;7;1;A01
201400024687;0;7;0;0;0;0;0;A01
201400024687;0;1;0;0;0;0;0;B01
201400024688;0;2;0;0;0;0;1;A01
201400024689;0;7;0;0;2;6;24;B01
201400024689;0;31;0;0;2;1;2;A01
201400024690;0;7;0;0;2;3;1;A01
201400024690;0;1;0;0;2;4;1;B01
201400024691;0;7;0;0;1;8;1;A01
201400024692;0;7;0;0;0;6;1;A01
201400024692;0;33;0;0;2;3;1;B01
201400024693;1;7;0;0;0;0;1;Z01
201400024693;0;33;0;1;0;7;21;A01
201400024694;0;2;0;0;2;1;2;B01
201400024694;0;7;0;0;2;8;16;A01
201400024695;0;1;0;0;1;1;5;A01
201400024696;0;31;0;0;2;3;1;B01
201400024696;0;7;0;0;2;8;15;A01
201400024697;0;7;0;0;2;1;1;A01
201400024697;0;99;0;0;0;8;1;B01
201400024698;0;2;0;0;2;8;1;A01
201400024698;2;7;0;0;2;3;0;Z01
201400024699;0;33;0;1;2;1;1;B01
201400024699;0;7;0;0;0;8;16;A01
201400024700;0;2;0;0;0;7;15;A01
201400024701;0;7;0;0;2;2;9;A01
201400024701;0;1;0;0;0;3;1;B01
201400024702;0;1;0;0;0;3;16;A01
201400024702;0;31;0;0;2;1;15;B01
201400024703;0;33;0;0;2;1;1;A01
201400024703;0;7;0;0;0;6;1;B01
201400024704;0;7;0;0;0;5;16;A01
201400024704;0;1;0;0;2;1;1;B01
201400024705;0;2;0;0;2;3;1;A01
201400024705;0;7;0;0;0;5;1;B01
201400024706;0;2;0;0;0;7;1;A01
201400024707;0;37;1;0;2;2;2;A01
201400024707;0;7;0;0;0;3;16;B01
201400024708;0;1;0;0;2;7;0;B01
201400024708;0;7;0;0;2;3;0;A01
201400024709;0;7;0;0;2;1;15;A01
201400024709;0;7;0;0;0;1;1;B01
201400024710;0;10;0;0;1;2;1;A01
201400024711;0;7;0;0;2;1;1;B01
201400024711;0;7;0;0;0;0;16;A01
201400024712;0;7;0;0;2;2;15;B01
201400024712;0;7;0;0;0;3;1;A01
201400024713;0;7;0;0;2;1;2;A01
201400024713;0;7;0;0;0;4;1;B01
201400024714;0;31;0;1;0;9;1;B01
201400024714;0;7;0;0;0;0;11;A01
201400024715;0;33;0;0;1;1;1;A01
201400024716;1;7;0;0;2;1;2;Z01
201400024716;0;7;0;0;2;4;2;B01
201400024717;0;37;1;0;1;7;1;A01
201400024718;0;7;0;0;0;4;1;C01
201400024718;0;7;0;0;2;1;2;A01
201400024718;0;7;0;0;2;4;2;B01
201400024719;0;10;0;0;1;0;1;A01
201400024720;0;7;0;0;2;1;15;A01
201400024720;0;7;0;0;0;8;15;B01
201400024721;0;7;0;0;2;5;1;A01
201400024721;0;30;0;0;2;1;1;B01
201400024722;0;7;0;0;2;1;1;B01
201400024722;0;7;0;0;2;1;15;A01
201400024723;0;10;0;0;2;1;15;A01
201400024723;0;33;0;0;2;9;1;B01
201400024724;0;1;0;0;2;1;1;B01
201400024724;0;7;0;0;2;1;1;A01
201400024725;0;7;0;0;0;5;15;A01
201400024725;0;33;0;0;2;3;1;B01
201400024726;0;14;0;0;2;0;16;A01
201400024726;0;1;0;0;0;2;16;B01
201400024727;0;10;0;0;1;2;16;A01
201400024728;0;10;0;0;1;3;1;A01
201400024729;0;7;0;0;2;1;1;B01
201400024729;0;7;0;0;2;1;15;A01
201400024730;0;33;0;11;0;1;1;A01
201400024731;1;10;0;0;1;0;1;Z01
201400024732;0;7;0;0;2;2;16;A01
201400024732;0;2;0;0;2;1;1;B01
201400024733;0;7;0;0;1;2;1;A01
201400024734;0;7;0;0;2;1;2;A01
201400024734;0;7;0;0;2;4;2;B01
201400024735;0;7;0;0;2;8;10;A01
201400024735;0;33;0;0;2;1;1;B01
201400024736;0;7;0;0;2;2;15;A01
201400024736;0;30;0;0;2;1;1;B01
201400024737;0;7;0;0;2;2;15;A01
201400024737;0;33;0;0;0;8;1;B01
201400024738;0;33;0;0;2;1;1;B01
201400024738;0;7;0;0;2;3;20;A01
201400024739;0;37;1;0;2;6;24;B01
201400024739;0;7;0;1;0;2;2;A01
201400024740;0;7;0;0;2;1;16;A01
201400024740;0;1;0;0;2;3;1;B01
201400024741;0;7;0;0;0;4;23;A01
201400024741;0;33;0;0;2;1;1;B01
201400024742;0;7;0;0;2;3;15;A01
201400024742;0;30;0;0;2;1;1;B01
201400024743;0;1;0;0;1;1;1;A01
201400024744;0;7;0;0;1;6;4;A01
201400024745;0;7;0;14;0;1;1;A01
201400024746;0;10;0;0;2;3;1;A01
201400024746;0;7;0;0;2;8;15;B01
201400024747;0;7;0;0;2;7;15;A01
201400024747;0;7;0;1;2;1;1;B01
201400024747;0;7;0;0;0;1;23;C01
201400024748;0;7;0;0;0;0;1;A01
201400024748;0;33;0;0;2;7;1;B01
201400024749;0;1;0;0;2;5;19;A01
201400024749;0;7;0;0;2;1;1;B01
201400024750;0;2;0;0;2;1;17;A01
201400024750;0;7;0;0;0;6;10;B01
201400024751;0;1;0;0;0;1;1;A01
201400024751;1;7;0;0;0;0;4;Z01
201400024752;0;7;0;0;0;7;1;B01
201400024752;0;33;0;0;2;1;1;A01
201400024753;0;7;0;1;0;7;0;A01
201400024754;0;10;0;0;1;2;15;A01
201400024755;0;7;0;0;0;3;17;B01
201400024755;0;31;0;0;2;1;18;A01
201400024756;0;32;0;0;2;1;1;B01
201400024756;0;7;0;0;2;3;1;C01
201400024756;0;7;0;0;2;8;16;A01
201400024757;0;7;0;0;0;8;15;B01
201400024757;0;7;0;0;2;3;1;A01
201400024758;0;7;0;0;1;1;15;A01
201400024759;0;7;0;0;0;8;10;A01
201400024759;0;40;59;0;2;1;1;B01
201400024760;0;7;0;0;2;1;1;A01
201400024760;0;7;0;8;0;1;1;B01
201400024761;0;10;0;0;2;2;1;B01
201400024761;0;2;0;0;2;1;13;A01
201400024762;0;7;0;14;0;1;1;A01
201400024763;0;2;0;0;2;3;1;B01
201400024763;0;10;0;0;2;8;15;A01
201400024764;0;30;0;0;2;1;2;A01
201400024764;0;7;0;0;0;4;1;B01
201400024765;0;7;0;0;2;1;13;A01
201400024765;0;7;0;0;0;1;1;B01
201400024766;0;10;0;0;1;1;1;A01
201400024767;0;10;0;0;2;9;1;A01
201400024767;0;7;0;0;2;4;1;B01
201400024768;0;7;0;0;0;8;10;A01
201400024768;0;31;0;0;2;7;1;B01
201400024769;0;40;120;0;2;1;1;B01
201400024769;0;7;0;0;2;6;15;A01
201400024770;0;33;0;0;2;1;2;A01
201400024770;0;7;0;0;0;6;15;B01
201400024771;0;7;0;0;2;1;15;A01
201400024771;0;2;0;0;0;1;1;B01
201400024772;0;7;0;0;0;8;15;A01
201400024772;0;33;0;0;2;1;1;B01
201400024773;0;7;0;8;0;1;5;A01
201400024774;0;7;0;0;2;7;15;A01
201400024774;0;31;0;0;2;1;1;B01
201400024775;0;7;0;0;2;1;15;A01
201400024775;0;7;0;0;0;4;2;B01
201400024776;0;7;0;0;2;2;9;A01
201400024776;0;33;0;0;2;7;1;B01
201400024777;0;7;0;0;2;6;1;D01
201400024777;0;7;0;0;0;7;1;B01
201400024777;0;7;0;0;0;4;1;E01
201400024777;0;7;0;0;2;9;2;A01
201400024777;0;7;0;0;0;5;1;C01
201400024778;0;7;0;0;2;1;2;A01
201400024778;0;7;0;0;0;4;1;B01
201400024779;0;7;0;0;0;0;15;A01
201400024779;0;2;0;0;0;0;1;B01
201400024780;0;7;0;0;2;1;1;B01
201400024780;0;2;0;0;2;3;16;A01
201400024781;0;7;0;8;2;1;1;A01
201400024781;0;7;0;0;0;5;1;B01
201400024782;0;2;0;0;2;1;1;A01
201400024782;0;10;0;0;2;4;1;B01
201400024783;0;7;0;0;2;1;15;A01
201400024783;0;1;0;0;2;1;15;B01
201400024784;0;2;0;0;0;8;1;A01
201400024784;0;7;0;0;0;3;1;B01
201400024785;0;7;0;0;2;1;1;A01
201400024785;0;7;0;0;0;5;15;B01
201400024786;0;10;0;0;1;1;1;A01
201400024787;0;10;0;1;2;7;1;A01
201400024787;0;7;0;0;2;1;1;B01
201400024788;0;7;0;1;0;4;2;B01
201400024788;0;7;0;1;2;1;2;A01
201400024788;0;7;0;0;2;4;2;C01
201400024789;0;7;0;0;2;2;9;B01
201400024789;0;7;0;0;2;7;0;A01
201400024790;0;7;0;0;2;1;15;B01
201400024790;0;1;0;0;0;1;1;A01
201400024791;0;7;0;0;2;2;1;B01
201400024791;0;1;0;0;0;0;19;A01
201400024792;0;1;0;0;1;0;1;A01
201400024793;0;7;0;0;2;1;15;A01
201400024793;0;7;0;0;2;1;1;B01
201400024794;0;7;0;0;1;2;15;A01
201400024795;0;2;0;0;2;1;1;A01
201400024795;1;7;0;0;0;1;15;Z01
201400024796;0;7;0;0;2;3;16;B01
201400024796;0;7;0;0;2;3;15;A01
201400024797;0;7;0;0;2;1;23;A01
201400024797;0;10;0;0;0;1;1;B01
201400024798;0;7;0;0;0;5;15;A01
201400024798;0;2;0;0;2;1;1;B01
201400024799;0;7;0;0;1;2;1;A01
201400024800;0;2;0;0;0;0;1;A01
201400024801;0;7;0;0;0;2;15;A01
201400024801;0;7;0;1;2;1;1;B01
201400024802;0;2;0;0;2;1;2;A01
201400024802;0;7;0;0;0;4;2;B01
201400024803;0;31;0;0;2;1;2;A01
201400024803;0;7;0;0;0;0;15;B01
201400024804;1;7;0;0;1;3;1;Z01
201400024805;0;7;0;0;0;3;15;A01
201400024805;0;1;0;0;2;1;1;B01
201400024806;0;7;0;0;2;3;1;A01
201400024806;0;1;0;0;0;1;1;B01
201400024807;0;7;0;0;1;1;1;A01
201400024808;0;10;0;0;2;1;1;B01
201400024808;0;7;0;0;0;8;1;A01
201400024809;0;10;0;0;2;1;2;A01
201400024809;0;7;0;0;0;4;1;B01
201400024810;0;1;0;0;2;4;1;B01
201400024810;0;1;0;1;2;3;1;C01
201400024810;0;7;0;0;2;0;16;A01
201400024811;0;7;0;0;0;2;15;A01
201400024811;0;2;0;0;2;1;1;B01
201400024812;0;7;0;0;2;3;15;A01
201400024812;0;33;0;0;2;1;1;B01
201400024813;0;7;0;0;1;2;1;A01
201400024814;0;7;0;0;0;0;15;A01
201400024814;0;33;0;0;0;0;1;B01
201400024815;1;7;0;0;2;0;0;Z01
201400024815;0;1;0;0;0;4;1;B01
201400024816;0;7;0;0;1;1;1;A01
201400024817;0;7;0;0;1;1;1;A01
201400024818;0;7;0;0;1;1;15;A01
201400024819;0;7;0;0;1;3;1;A01
201400024820;0;7;0;0;1;1;1;A01
201400024821;0;1;0;0;2;1;1;B01
201400024821;0;33;0;0;2;1;15;A01
201400024822;0;33;0;0;2;1;1;A01
201400024822;0;7;0;0;0;1;1;B01
201400024822;0;7;0;0;0;4;1;C01
201400024822;0;7;0;0;2;1;1;D01
201400024823;0;33;0;0;2;1;0;A01
201400024823;0;10;0;0;2;4;13;B01
201400024824;0;2;0;0;2;6;1;B01
201400024824;0;1;0;0;0;7;1;A01
201400024825;0;10;0;0;1;1;1;A01
201400024826;0;10;0;0;2;1;16;A01
201400024826;0;31;0;0;0;7;1;B01
201400024827;0;7;0;0;4;2;1;A01
201400024827;0;40;153;0;0;2;1;B01