num_acc;senc;catv;occutc;obs;obsm;choc;manv;num_veh
201400025193;0;10;0;0;1;4;4;A01
201400025194;0;7;0;0;2;8;1;A01
201400025194;0;1;0;0;2;1;1;B01
201400025195;1;7;0;0;1;4;4;A01
201400025196;0;7;0;0;2;1;1;B01
201400025196;0;7;0;0;2;3;9;A01
201400025197;0;7;0;0;9;4;1;B01
201400025197;0;7;0;0;2;4;2;A01
201400025198;0;7;0;0;1;6;4;A01
201400025199;0;33;0;7;0;1;13;A01
201400025200;2;7;0;2;0;2;13;A01
201400025201;0;32;0;0;2;8;1;B01
201400025201;0;7;0;0;2;2;1;A01
201400025202;0;7;0;0;2;3;15;B01
201400025202;0;34;0;14;2;1;1;A01
201400025203;0;7;0;0;0;2;14;A01
201400025204;0;1;0;0;2;1;9;A01
201400025204;0;7;0;0;2;2;15;B01
201400025205;0;10;0;0;1;1;1;A01
201400025206;0;7;0;0;0;1;2;B01
201400025206;0;7;0;0;0;1;15;A01
201400025207;0;7;0;0;1;1;1;A01
201400025208;0;7;0;0;2;6;1;B01
201400025208;0;31;0;0;2;2;17;A01
201400025209;0;31;0;13;0;1;1;A01
201400025210;0;7;0;0;1;1;21;A01
201400025211;0;30;0;0;2;1;1;B01
201400025211;0;7;0;0;2;1;15;A01
201400025212;0;7;0;0;2;3;15;A01
201400025212;0;32;0;0;2;3;19;B01
201400025213;0;99;0;0;2;7;15;A01
201400025213;0;7;0;0;2;2;1;B01
201400025214;0;30;0;0;2;1;2;A01
201400025214;0;7;0;0;0;4;2;B01
201400025215;0;7;0;0;1;1;0;A01
201400025216;0;31;0;0;2;3;1;A01
201400025216;1;7;0;0;0;0;12;Z01
201400025217;0;7;0;0;2;1;23;A01
201400025217;1;7;0;0;0;2;16;Z01
201400025218;0;7;0;4;0;3;1;A01
201400025219;0;7;0;0;2;2;12;A01
201400025219;0;34;0;0;2;8;1;B01
201400025220;0;30;0;0;2;1;1;B01
201400025220;0;7;0;0;2;2;1;A01
201400025221;0;7;0;0;1;4;4;A01
201400025222;0;1;0;0;2;1;1;B01
201400025222;0;7;0;0;2;2;1;A01
201400025223;0;30;0;0;2;8;3;A01
201400025223;0;7;0;0;2;2;1;B01
201400025224;0;7;0;0;2;1;2;A01
201400025224;0;7;0;0;2;4;1;B01
201400025225;1;7;0;0;2;7;17;Z01
201400025225;0;1;0;0;2;8;1;B01
201400025226;0;7;0;0;2;3;15;A01
201400025226;0;2;0;0;2;1;1;B01
201400025227;0;31;0;0;2;1;17;A01
201400025227;0;7;0;0;0;4;1;B01
201400025228;0;31;0;0;0;4;2;B01
201400025228;0;7;0;0;2;2;2;A01
201400025229;0;7;0;2;0;1;0;A01
201400025230;0;7;0;0;2;8;15;A01
201400025230;0;31;0;0;2;7;1;B01
201400025231;0;32;0;0;2;1;1;B01
201400025231;0;7;0;0;2;2;15;A01
201400025232;0;7;0;0;1;1;0;A01
201400025233;0;7;0;0;1;1;1;A01
201400025234;0;7;0;0;1;6;0;A01
201400025235;0;10;0;0;2;1;1;A01
201400025235;0;7;0;0;0;4;1;B01
201400025236;0;7;0;12;0;7;1;A01
201400025237;0;30;0;0;2;1;16;A01
201400025237;0;10;0;0;2;3;1;B01
201400025238;0;7;0;0;2;7;1;C01
201400025238;0;32;0;0;2;7;17;A01
201400025238;0;10;0;0;2;3;1;B01
201400025239;0;32;0;0;2;1;0;A01
201400025239;0;7;0;0;2;2;1;B01
201400025240;0;33;0;0;2;3;18;A01
201400025240;0;7;0;0;2;2;16;B01
201400025241;0;7;0;0;1;1;1;A01
201400025242;0;33;0;0;2;2;21;B01
201400025242;0;7;0;0;2;3;13;A01
201400025243;0;7;0;0;2;3;9;A01
201400025243;0;1;0;0;2;7;1;B01
201400025244;0;31;0;0;2;8;1;B01
201400025244;0;7;0;0;2;8;13;A01
201400025245;0;7;0;0;1;3;1;A01
201400025246;0;7;0;0;2;3;15;A01
201400025246;0;33;0;12;2;3;0;B01
201400025247;0;37;1;0;1;5;17;A01
201400025248;0;33;0;0;0;7;17;A01
201400025248;0;7;0;0;2;8;1;B01
201400025249;0;7;0;0;2;1;2;A01
201400025249;0;7;0;0;0;4;2;B01
201400025250;0;32;0;0;2;1;17;A01
201400025250;0;7;0;0;2;6;15;B01
201400025251;0;7;0;0;1;1;16;A01
201400025252;0;7;0;15;0;8;0;A01
201400025253;0;7;0;0;0;3;15;A01
201400025253;0;31;0;0;2;1;1;B01
201400025254;0;7;0;8;0;3;15;A01
201400025255;0;30;0;0;0;8;1;A01
201400025256;0;7;0;0;2;2;9;A01
201400025256;0;1;0;0;2;1;1;B01
201400025257;0;7;0;0;2;1;1;B01
201400025257;0;7;0;0;2;8;1;A01
201400025258;0;7;0;0;2;8;10;A01
201400025258;0;7;0;0;2;1;1;B01
201400025259;0;30;0;0;0;1;1;A01
201400025260;0;7;0;0;2;1;13;A01
201400025260;0;3;0;0;2;1;1;B01
201400025261;0;7;0;0;1;5;6;A01
201400025262;0;7;0;0;2;2;1;B01
201400025262;0;7;0;0;2;1;1;A01
201400025263;0;10;0;0;2;2;16;A01
201400025263;0;1;0;0;2;1;1;B01
201400025264;0;7;0;0;1;1;1;A01
201400025265;0;7;0;0;2;8;15;B01
201400025265;0;1;0;0;2;1;19;A01
201400025266;0;7;0;0;2;4;9;B01
201400025266;0;7;0;0;2;1;1;A01
201400025267;0;7;0;0;2;5;1;B01
201400025267;0;7;0;0;2;3;15;A01
201400025268;0;7;0;0;2;1;1;B01
201400025268;0;7;0;0;2;1;15;A01
201400025269;0;33;0;0;0;8;15;B01
201400025269;0;7;0;0;0;6;11;A01
201400025270;0;7;0;0;0;3;1;A01
201400025270;0;7;0;0;0;2;15;B01
201400025271;0;7;0;11;0;1;1;A01
201400025272;0;33;0;0;9;2;1;B01
201400025272;0;7;0;0;0;6;2;A01
201400025273;0;7;0;0;2;3;15;A01
201400025273;0;34;0;0;2;1;1;B01
201400025274;0;7;0;0;2;1;1;B01
201400025274;0;7;0;0;2;2;15;A01
201400025275;0;30;0;0;2;5;1;B01
201400025275;0;7;0;0;2;2;1;A01
201400025276;0;7;0;0;2;6;2;B01
201400025276;0;7;0;0;2;4;2;C01
201400025276;0;7;0;0;2;1;2;A01
201400025277;0;7;0;0;2;2;1;A01
201400025277;0;33;0;0;0;6;2;B01
201400025278;0;31;0;0;0;8;1;A01
201400025279;0;7;0;4;0;3;1;A01
201400025280;0;10;0;0;0;1;2;A01
201400025280;0;7;0;0;0;4;2;C01
201400025280;0;7;0;0;0;4;2;B01
201400025280;0;7;0;0;0;4;2;D01
201400025281;0;1;0;0;4;3;9;A01
201400025281;0;40;0;0;2;1;1;B01
201400025282;0;34;0;0;2;1;2;B01
201400025282;0;7;0;0;2;1;15;A01
201400025283;0;7;0;0;2;3;23;B01
201400025283;0;7;0;0;2;2;2;A01
201400025284;0;1;0;0;2;1;1;B01
201400025284;0;7;0;0;2;3;15;A01
201400025285;1;7;0;0;2;2;0;A01
201400025285;0;30;0;0;2;4;0;B01
201400025286;0;33;0;0;2;1;1;B01
201400025286;0;7;0;0;2;2;15;A01
201400025287;0;31;0;12;0;1;1;A01
201400025288;0;7;0;12;0;2;1;A01
201400025289;0;7;0;0;2;2;1;B01
201400025289;0;2;0;0;2;1;1;A01
201400025290;0;7;0;0;2;9;2;B01
201400025290;0;7;0;0;2;1;2;A01
201400025290;0;7;0;0;2;4;2;C01
201400025291;0;33;0;12;0;1;1;A01
201400025292;0;32;0;0;2;2;17;A01
201400025292;0;7;0;0;2;6;15;B01
201400025293;0;7;0;13;0;1;1;A01
201400025294;1;7;0;0;1;0;0;A01
201400025295;0;7;0;0;2;1;2;A01
201400025295;0;7;0;0;2;4;1;B01
201400025296;0;10;0;0;2;2;1;A01
201400025296;0;32;0;0;2;1;1;B01
201400025297;0;2;0;0;2;3;17;A01
201400025297;0;7;0;0;2;3;15;B01
201400025298;0;31;0;0;2;7;17;B01
201400025298;1;7;0;0;2;8;10;A01
201400025299;0;32;0;0;2;1;2;A01
201400025299;0;7;0;0;0;4;23;B01
201400025300;0;7;0;0;2;1;1;B01
201400025300;0;7;0;0;2;1;1;A01
201400025301;0;7;0;0;2;1;1;B01
201400025301;0;7;0;0;2;3;5;A01
201400025302;0;7;0;15;0;3;13;A01
201400025303;1;99;0;0;1;0;0;Z01
201400025304;0;7;0;0;0;7;1;B01
201400025304;0;1;0;0;2;1;19;A01
201400025305;0;10;0;0;2;1;2;A01
201400025305;0;7;0;0;0;4;2;B01
201400025306;0;34;0;0;2;1;1;B01
201400025306;0;13;0;0;2;3;15;A01
201400025307;0;40;0;0;2;1;1;B01
201400025307;0;1;0;0;4;8;15;A01
201400025308;0;33;0;0;2;7;12;A01
201400025308;0;7;0;0;2;3;1;B01
201400025309;0;7;0;0;2;4;2;B01
201400025309;0;7;0;0;2;1;2;A01
201400025310;0;7;0;0;2;4;2;B01
201400025310;0;7;0;0;2;1;2;A01
201400025311;0;7;0;15;0;2;14;A01
201400025312;0;7;0;0;2;3;2;B01
201400025312;0;1;0;0;2;2;12;A01
201400025313;0;7;0;0;2;3;1;B01
201400025313;0;7;0;0;2;7;12;A01
201400025314;0;7;0;0;2;3;15;A01
201400025314;0;32;0;0;2;1;13;B01
201400025315;0;7;0;0;0;2;11;A01
201400025315;0;1;0;0;0;1;0;B01
201400025316;0;7;0;0;2;3;15;B01
201400025316;0;7;0;0;2;1;1;A01
201400025317;0;10;0;0;2;2;16;B01
201400025317;1;30;0;0;2;0;18;Z01
201400025318;0;30;0;0;0;0;2;A01
201400025319;0;33;0;0;2;8;1;B01
201400025319;0;10;0;0;2;1;15;A01
201400025320;0;31;0;0;2;1;1;B01
201400025320;0;7;0;0;0;0;10;A01
201400025321;0;32;0;0;2;2;1;B01
201400025321;0;7;0;0;2;3;1;A01
201400025322;0;7;0;0;0;8;1;B01
201400025322;1;7;0;0;2;1;1;A01
201400025323;0;15;0;0;1;7;1;A01
201400025324;0;32;0;0;0;0;1;A01
201400025325;0;7;0;3;0;5;1;A01
201400025326;0;7;0;0;2;1;2;A01
201400025326;0;7;0;0;0;4;23;C01
201400025326;0;7;0;0;2;1;2;B01
201400025327;0;7;0;0;0;6;2;B01
201400025327;0;31;0;0;2;2;2;A01
201400025328;1;7;0;0;1;0;0;Z01
201400025329;0;7;0;0;1;7;1;A01
201400025330;1;99;0;0;1;0;0;Z01
201400025331;0;33;0;0;2;4;2;B01
201400025331;0;7;0;0;2;1;2;A01
201400025332;0;32;0;4;0;7;0;A01
201400025333;0;1;0;0;2;1;1;A01
201400025333;0;7;0;0;9;2;1;B01
201400025334;0;7;0;0;2;3;15;A01
201400025334;0;30;0;0;1;1;1;Z01
201400025335;0;7;0;0;2;2;21;B01
201400025335;0;7;0;0;2;3;11;A01
201400025336;0;7;0;0;4;8;15;A01
201400025336;0;40;0;0;2;2;1;B01
201400025337;0;31;0;0;2;1;1;C01
201400025337;0;7;0;0;2;1;5;A01
201400025337;0;7;0;0;2;1;1;B01
201400025338;0;7;0;0;9;6;2;B01
201400025338;0;31;0;0;2;1;2;A01
201400025339;0;7;0;0;1;5;0;A01
201400025340;0;7;0;0;2;1;1;B01
201400025340;0;7;0;0;0;7;15;A01
201400025341;0;31;0;0;0;8;1;A01
201400025342;0;7;0;0;2;1;2;A01
201400025342;0;7;0;0;0;4;2;C01
201400025342;0;7;0;0;2;1;2;B01
201400025343;0;7;0;0;2;4;1;A01
201400025343;0;7;0;0;2;1;1;B01
201400025344;0;33;0;0;2;1;1;B01
201400025344;0;7;0;0;2;5;15;A01
201400025345;0;7;0;0;2;3;9;A01
201400025345;0;7;0;0;2;5;14;B01
201400025346;0;7;0;0;1;1;1;A01
201400025347;0;7;0;0;2;3;1;C01
201400025347;0;7;0;0;2;1;1;B01
201400025347;0;7;0;0;2;2;13;A01
201400025348;0;33;0;0;2;1;0;A01
201400025348;0;1;0;0;2;2;0;B01
201400025349;0;7;0;0;1;2;17;A01
201400025350;0;34;0;0;2;1;2;A01
201400025350;0;7;0;0;0;4;2;B01
201400025351;0;33;0;0;2;4;1;B01
201400025351;0;7;0;0;2;1;2;A01
201400025352;0;7;0;0;1;2;0;A01
201400025353;0;7;0;0;2;2;15;A01
201400025353;0;33;0;0;2;7;1;B01
201400025354;0;7;0;0;2;8;0;A01
201400025354;0;7;0;0;2;1;0;B01
201400025355;0;7;0;0;1;1;1;A01
201400025356;0;7;0;0;2;8;15;A01
201400025356;0;33;0;0;2;8;1;B01
201400025357;0;7;0;8;0;8;1;A01
201400025358;1;7;0;0;1;1;0;A01
201400025359;0;10;0;0;2;2;15;B01
201400025359;0;30;0;0;2;1;17;A01
201400025360;0;33;0;0;2;1;1;B01
201400025360;0;7;0;0;0;7;15;A01
201400025361;0;34;0;0;2;1;1;B01
201400025361;0;7;0;0;2;2;15;A01
201400025362;0;7;0;0;2;8;16;A01
201400025362;0;1;0;0;2;1;19;B01
201400025363;0;7;0;0;0;1;15;B01
201400025363;0;31;0;0;0;8;1;A01
201400025364;0;10;0;0;2;7;15;A01
201400025364;0;7;0;0;2;1;1;B01
201400025365;0;31;0;0;0;0;21;A01
201400025366;0;2;0;0;2;1;1;B01
201400025366;0;7;0;0;2;2;15;A01
201400025367;0;33;0;0;2;1;1;A01
201400025367;0;7;0;0;2;2;15;B01
201400025368;0;7;0;1;0;8;19;A01
201400025368;0;30;0;1;2;1;1;B01
201400025369;0;7;0;0;2;1;23;B01
201400025369;0;7;0;0;0;6;10;A01
201400025369;0;7;0;0;2;1;1;C01
201400025370;0;33;0;0;2;1;1;B01
201400025370;0;7;0;0;2;7;15;A01
201400025371;2;30;0;0;1;1;0;A01
201400025372;0;7;0;0;1;1;1;A01
201400025373;0;30;0;0;2;8;1;B01
201400025373;1;7;0;0;2;1;1;Z01
201400025374;0;33;0;0;1;2;1;A01
201400025375;0;7;0;8;2;3;9;A01
201400025375;0;7;0;0;2;2;0;B01
201400025376;0;10;0;0;0;8;16;B01
201400025376;0;30;0;0;2;1;1;A01
201400025377;1;30;0;0;1;0;0;Z01
201400025378;0;7;0;0;2;2;15;A01
201400025378;0;33;0;0;2;1;1;B01
201400025379;0;7;0;0;1;1;15;A01
201400025380;0;40;0;0;2;3;2;B01
201400025380;0;14;0;0;4;7;16;A01
201400025381;0;2;0;0;2;1;1;B01
201400025381;0;7;0;0;2;7;1;A01
201400025382;1;34;0;0;1;0;1;Z01
201400025383;0;33;0;0;2;1;23;B01
201400025383;0;10;0;0;2;4;4;A01
201400025384;0;7;0;0;1;3;9;A01
201400025385;0;1;0;0;1;1;1;A01
201400025386;0;7;0;0;2;3;9;A01
201400025386;0;7;0;0;2;7;1;B01
201400025387;0;7;0;0;1;2;15;A01
201400025388;0;10;0;0;2;7;15;B01
201400025388;0;33;0;0;2;1;1;A01
201400025389;0;32;0;0;2;1;17;A01
201400025389;0;7;0;0;2;3;15;B01
201400025390;0;7;0;0;0;4;2;B01
201400025390;0;7;0;0;2;1;2;A01
201400025391;0;7;0;0;2;2;2;B01
201400025391;0;7;0;0;2;3;15;A01
201400025392;0;33;0;0;2;2;17;A01
201400025392;0;7;0;0;2;3;15;B01
201400025393;0;33;0;0;1;1;0;A01
201400025394;0;33;0;4;0;2;0;A01
201400025395;0;31;0;1;2;2;1;B01
201400025395;0;7;0;1;0;2;20;A01
201400025396;0;7;0;1;2;1;9;A01
201400025396;0;7;0;1;0;3;11;B01
201400025397;0;7;0;0;2;1;2;A01
201400025397;0;7;0;0;0;4;2;B01
201400025398;0;7;0;6;0;1;1;A01
201400025399;0;7;0;0;2;3;15;A01
201400025399;0;32;0;0;2;5;17;B01
201400025400;0;7;0;0;2;3;5;A01
201400025400;0;7;0;0;2;3;2;B01
201400025401;0;7;0;0;2;2;12;A01
201400025401;0;32;0;0;2;8;1;B01
201400025402;0;7;0;0;2;2;15;A01
201400025402;0;32;0;0;2;1;1;B01
201400025403;0;7;0;0;2;3;9;A01
201400025403;0;7;0;0;0;3;1;B01
201400025404;0;7;0;1;0;4;23;C01
201400025404;0;7;0;1;0;1;14;A01
201400025404;0;33;0;1;0;4;23;B01
201400025405;0;7;0;9;0;2;0;A01
201400025406;0;7;0;0;2;1;1;B01
201400025406;0;32;0;0;2;2;1;A01
201400025407;1;34;0;0;1;1;1;A01
201400025408;0;7;0;0;1;2;1;A01
201400025409;1;33;0;0;2;1;1;B01
201400025409;0;7;0;0;2;1;0;A01
201400025410;0;7;0;0;2;1;1;B01
201400025410;0;10;0;0;2;2;15;A01
201400025411;0;32;0;0;2;8;1;B01
201400025411;0;7;0;0;2;1;15;A01
201400025412;0;7;0;0;2;1;2;A01
201400025412;0;31;0;0;0;4;9;B01
201400025413;0;7;0;0;1;8;15;A01
201400025414;0;7;0;0;2;7;15;A01
201400025414;2;7;0;0;2;1;0;B01
201400025415;0;7;0;0;2;3;13;A01
201400025415;0;7;0;0;2;3;0;B01
201400025416;0;7;0;9;2;5;23;B01
201400025416;0;7;0;0;2;4;23;C01
201400025416;0;7;0;0;2;1;1;A01
201400025417;0;33;0;13;2;7;2;B01
201400025417;0;7;0;0;2;2;16;A01
201400025418;0;10;0;0;2;8;11;B01
201400025418;0;32;0;0;2;7;1;A01
201400025419;0;30;0;0;2;7;16;A01
201400025419;1;7;0;0;2;3;0;B01
201400025420;0;7;0;0;0;6;9;A01
201400025420;0;32;0;0;2;8;1;B01
201400025421;1;7;0;1;1;0;15;Z01
201400025422;0;7;0;0;1;1;16;A01
201400025423;0;7;0;0;2;3;1;C01
201400025423;0;7;0;0;2;1;5;A01
201400025423;0;33;0;0;2;1;1;B01
201400025424;0;2;0;0;1;0;1;A01
201400025425;0;7;0;0;2;1;2;A01
201400025425;0;7;0;0;2;4;2;B01
201400025425;0;7;0;0;2;4;2;C01
201400025426;0;33;0;0;1;1;1;A01
201400025427;0;32;0;0;2;1;1;B01
201400025427;0;7;0;0;2;1;9;A01
201400025428;1;32;0;0;2;1;2;Z01
201400025428;0;1;0;0;2;4;1;A01
201400025429;1;7;0;0;1;2;0;A01
201400025430;0;2;0;14;0;7;1;A01
201400025431;0;7;0;0;2;1;0;A01
201400025431;0;7;0;0;2;1;1;B01
201400025432;0;1;0;0;2;1;19;A01
201400025432;0;7;0;0;2;1;1;B01
201400025433;0;7;0;0;2;2;1;B01
201400025433;0;10;0;0;2;1;1;A01
201400025434;0;33;0;0;0;1;0;A01
201400025435;0;7;0;0;1;1;15;A01
201400025436;0;7;0;0;2;3;1;A01
201400025436;0;7;0;0;2;3;1;B01
201400025437;0;7;0;0;2;1;0;A01
201400025437;0;7;0;0;2;3;1;B01
201400025437;0;7;0;0;2;1;1;C01
201400025438;0;7;0;0;2;9;1;C01
201400025438;0;7;0;0;2;1;1;B01
201400025438;0;7;0;0;2;2;12;A01
201400025439;0;7;0;10;0;1;0;A01
201400025440;0;7;0;0;2;4;0;C01
201400025440;0;10;0;0;0;0;0;D01
201400025440;0;10;0;0;2;1;1;B01
201400025440;0;7;0;1;2;7;1;A01
201400025441;0;7;0;0;2;3;0;B01
201400025441;0;7;0;0;2;3;0;A01
201400025442;0;2;0;1;0;1;1;A01
201400025442;0;7;0;0;2;6;23;B01
201400025443;0;7;0;0;1;4;4;A01
201400025444;0;7;0;0;0;0;0;A01
201400025444;0;32;0;0;0;8;0;B01
201400025445;0;7;0;0;2;2;15;A01
201400025445;0;2;0;0;2;1;1;B01
201400025446;0;32;0;0;2;7;15;A01
201400025446;0;7;0;0;2;1;1;B01
201400025447;0;7;0;0;2;4;0;B01
201400025447;0;2;0;3;0;1;0;A01
201400025448;0;7;0;0;2;1;15;B01
201400025448;0;34;0;0;2;7;0;A01
201400025449;0;7;0;0;2;3;1;B01
201400025449;0;7;0;0;2;1;1;A01
201400025450;0;7;0;0;1;4;0;A01
201400025451;0;32;0;0;2;1;0;A01
201400025451;0;7;0;0;2;1;0;B01
201400025452;0;7;0;0;2;0;1;B01
201400025452;0;7;0;0;2;2;1;A01
201400025453;0;7;0;0;1;3;1;A01
201400025454;0;13;0;6;0;1;0;A01
201400025455;0;7;0;0;2;1;1;C01
201400025455;0;2;0;0;2;1;1;B01
201400025455;0;7;0;0;2;3;9;A01
201400025456;0;7;0;0;2;3;0;B01
201400025456;0;30;0;0;2;1;0;A01
201400025457;0;1;0;0;2;1;0;B01
201400025457;1;7;0;0;2;1;0;A01
201400025458;0;7;0;0;2;3;11;A01
201400025458;0;7;0;0;2;0;0;C01
201400025458;0;33;0;1;2;0;0;B01
201400025459;0;7;0;0;2;1;0;B01
201400025459;0;32;0;0;2;1;0;A01
201400025460;0;30;0;0;2;1;0;A01
201400025460;0;7;0;0;2;1;0;B01
201400025461;0;33;0;0;2;1;13;A01
201400025461;0;7;0;0;2;0;1;C01
201400025461;0;7;0;0;2;1;1;B01
201400025462;0;1;0;0;2;4;0;B01
201400025462;1;7;0;0;2;1;0;A01
201400025463;0;3;0;0;2;8;15;A01
201400025463;0;33;0;0;2;1;0;B01
201400025464;0;32;0;15;2;1;2;B01
201400025464;0;7;0;0;2;5;14;A01
201400025465;0;7;0;0;1;1;0;A01
201400025466;0;33;0;0;2;8;2;A01
201400025466;0;7;0;0;2;2;2;B01
201400025467;0;32;0;14;0;0;1;A01
201400025468;0;7;0;6;0;1;0;A01
201400025469;0;32;0;1;0;3;0;A01
201400025469;0;10;0;0;2;6;0;B01
201400025470;0;7;0;0;2;2;15;A01
201400025470;0;32;0;0;2;1;1;B01
201400025471;0;30;0;1;2;7;1;A01
201400025471;0;7;0;0;2;1;1;B01
201400025471;0;7;0;0;2;5;1;C01
201400025472;0;30;0;0;0;8;0;A01
201400025473;0;32;0;0;0;1;0;A01
201400025474;0;7;0;0;2;1;2;A01
201400025474;0;30;0;0;2;4;2;B01
201400025475;0;7;0;0;2;7;1;B01
201400025475;0;1;0;0;2;1;16;A01
201400025476;0;7;0;0;1;1;1;A01
201400025477;0;7;0;0;2;4;1;B01
201400025477;0;32;0;0;2;1;1;A01
201400025478;0;7;0;0;2;1;1;B01
201400025478;0;7;0;0;2;1;13;A01
201400025479;0;7;0;0;1;1;1;A01
201400025480;0;7;0;0;2;1;1;A01
201400025480;0;7;0;0;2;4;1;B01
201400025481;0;7;0;0;2;1;1;B01
201400025481;0;7;0;0;2;6;2;C01
201400025481;0;7;0;0;2;2;1;D01
201400025481;0;99;0;0;2;1;13;A01
201400025482;0;7;0;0;2;4;1;C01
201400025482;0;33;0;0;2;8;1;A01
201400025482;0;7;0;0;2;7;1;B01
201400025483;0;7;0;0;2;3;0;B01
201400025483;0;32;0;1;0;1;0;A01
201400025484;0;7;0;0;2;3;10;A01
201400025484;0;34;0;0;2;1;1;B01
201400025485;0;7;0;0;2;1;1;A01
201400025485;0;7;0;0;1;1;2;B01
201400025486;0;34;0;0;1;1;1;A01
201400025487;0;7;0;0;1;1;0;A01
201400025488;0;7;0;0;2;3;9;A01
201400025488;0;2;0;0;2;2;15;B01
201400025489;0;7;0;0;0;8;10;A01
201400025489;0;38;1;0;2;1;1;B01
201400025490;0;7;0;0;0;3;10;A01
201400025490;0;7;0;0;2;1;1;B01
201400025491;0;7;0;0;1;1;1;A01
201400025492;0;7;0;0;1;3;15;A01
201400025493;0;13;0;0;1;2;16;A01
201400025494;0;2;0;0;2;1;1;B01
201400025494;0;7;0;0;2;3;9;A01
201400025495;0;7;0;0;2;1;6;A01
201400025495;0;2;0;0;0;8;1;B01
201400025496;0;7;0;0;2;4;23;B01
201400025496;0;7;0;0;2;1;2;A01
201400025497;0;7;0;0;2;1;0;B01
201400025497;0;7;0;0;2;1;0;A01
201400025498;0;33;0;15;0;1;5;A01
201400025499;0;7;0;0;1;1;1;A01
201400025500;0;7;0;1;0;0;0;A01
201400025501;0;7;0;0;2;3;1;B01
201400025501;0;7;0;0;2;3;15;A01
201400025502;0;7;0;1;0;2;14;B01
201400025503;0;30;0;0;0;8;18;B01
201400025503;0;7;0;0;0;3;15;A01
201400025504;0;7;0;6;2;8;1;A01
201400025504;0;10;0;0;2;1;1;B01
201400025505;0;7;0;0;1;1;1;A01
201400025506;0;7;0;0;2;5;15;A01
201400025506;0;33;0;0;2;1;1;B01
201400025507;0;30;0;0;2;2;1;B01
201400025507;0;7;0;0;2;3;1;A01
201400025508;0;7;0;0;1;3;2;A01
201400025509;0;7;0;0;1;2;1;A01
201400025510;0;7;0;0;1;3;1;A01
201400025511;0;33;0;0;0;2;1;A01
201400025512;0;7;0;0;1;1;1;A01
201400025513;0;7;0;0;0;1;1;A01
201400025514;0;7;0;0;0;1;1;A01
201400025515;0;7;0;0;2;2;15;B01
201400025515;0;7;0;0;2;1;17;A01
201400025516;0;7;0;0;1;0;1;A01
201400025517;0;7;0;0;2;0;15;A01
201400025517;0;7;0;0;2;2;15;B01
201400025518;0;7;0;0;2;4;23;B01
201400025518;0;7;0;0;2;2;2;A01
201400025519;0;7;0;0;1;4;1;A01
201400025520;0;7;0;0;2;1;1;B01
201400025520;0;7;0;0;2;1;15;A01
201400025521;0;7;0;0;2;4;2;B01
201400025521;0;7;0;0;2;1;2;A01
201400025522;0;33;0;0;2;8;1;B01
201400025522;0;7;0;0;2;1;15;A01
201400025523;0;1;0;0;2;1;15;B01
201400025523;0;7;0;0;2;7;15;A01
201400025524;0;7;0;0;1;2;9;A01
201400025525;0;7;0;13;0;2;1;A01
201400025526;0;7;0;0;1;1;1;A01
201400025527;0;7;0;4;0;7;1;A01
201400025528;0;33;0;9;0;7;18;A01
201400025529;0;7;0;0;1;7;1;A01
201400025530;0;31;0;0;0;2;1;A01
201400025531;0;7;0;0;2;4;23;C01
201400025531;0;7;0;0;2;8;2;A01
201400025531;0;7;0;0;2;1;23;B01
201400025532;0;37;3;0;2;2;1;B01
201400025532;0;33;0;0;2;4;1;A01
201400025533;0;7;0;0;1;4;1;A01
201400025534;0;37;10;0;2;0;1;B01
201400025534;0;7;0;0;2;0;1;A01
201400025535;0;7;0;11;0;1;1;A01
201400025536;0;7;0;0;0;4;23;D01
201400025536;0;7;0;0;0;1;1;A01
201400025536;0;7;0;0;0;4;23;C01
201400025536;0;7;0;0;0;4;1;B01
201400025537;0;7;0;0;1;1;1;A01
201400025538;0;7;0;0;2;0;2;A01
201400025538;0;7;0;0;2;4;2;B01
201400025539;0;1;0;0;2;4;1;A01
201400025539;0;7;0;0;2;0;1;B01
201400025540;0;1;0;0;2;1;1;A01
201400025540;0;7;0;0;2;2;15;B01
201400025541;0;7;0;0;2;1;2;B01
201400025541;0;7;0;0;2;2;2;C01
201400025541;1;15;0;0;2;0;2;Z01
201400025542;0;31;0;0;2;1;1;B01
201400025542;0;7;0;0;2;1;15;A01
201400025543;0;33;0;0;0;0;1;A01
201400025544;0;7;0;0;2;4;23;B01
201400025544;0;7;0;0;2;1;1;A01
201400025545;0;30;0;0;0;1;1;A01
201400025546;0;7;0;0;2;5;15;A01
201400025546;0;7;0;0;2;1;1;B01
201400025547;0;30;0;0;0;5;1;A01
201400025548;0;7;0;0;2;4;23;C01
201400025548;0;7;0;0;2;1;2;A01
201400025548;0;7;0;0;2;4;23;B01
201400025549;0;7;0;0;1;1;16;A01
201400025550;0;1;0;0;2;1;1;B01
201400025550;1;7;0;0;2;0;1;A01
201400025551;0;31;0;0;1;1;17;A01
201400025552;0;7;0;0;2;0;4;A01
201400025552;0;33;0;0;2;1;1;B01
201400025553;0;7;0;0;2;0;2;A01
201400025553;0;7;0;0;2;0;23;B01
201400025554;0;7;0;0;2;1;2;A01
201400025554;0;7;0;0;2;4;23;B01
201400025555;0;10;0;3;0;4;1;A01
201400025556;0;7;0;0;1;2;17;A01
201400025557;0;7;0;0;2;9;1;B01
201400025557;0;7;0;3;2;2;1;A01