num_acc;senc;catv;occutc;obs;obsm;choc;manv;num_veh
201400025558;0;7;0;0;2;2;9;A01
201400025558;0;32;0;0;2;2;1;B01
201400025559;0;7;0;0;1;3;1;A01
201400025560;0;1;0;0;2;0;1;B01
201400025560;0;7;0;0;2;3;16;A01
201400025561;0;7;0;0;1;0;1;A01
201400025562;0;33;0;0;0;0;1;A01
201400025563;0;7;0;0;1;7;1;A01
201400025564;0;7;0;0;1;1;1;A01
201400025565;0;10;0;0;2;0;2;A01
201400025565;0;7;0;0;2;0;2;B01
201400025566;0;7;0;0;2;4;2;B01
201400025566;0;7;0;0;2;8;2;A01
201400025567;0;7;0;0;2;4;23;B01
201400025567;0;10;0;0;2;4;2;A01
201400025568;0;7;0;0;1;1;15;A01
201400025569;0;7;0;0;0;1;1;A01
201400025570;0;7;0;0;1;0;1;A01
201400025571;0;1;0;0;2;1;1;B01
201400025571;0;7;0;0;2;0;16;A01
201400025572;0;7;0;0;2;1;1;A01
201400025572;0;30;0;0;2;0;1;B01
201400025573;0;7;0;0;2;4;23;C01
201400025573;0;7;0;0;2;1;2;A01
201400025573;0;7;0;0;2;4;23;B01
201400025574;0;7;0;0;1;8;20;A01
201400025575;0;7;0;0;2;0;2;A01
201400025575;0;7;0;0;2;4;15;B01
201400025576;0;31;0;0;2;9;12;A01
201400025576;0;7;0;0;2;4;1;B01
201400025577;0;7;0;0;2;9;15;A01
201400025577;0;7;0;0;2;2;1;B01
201400025578;0;7;0;0;2;4;2;B01
201400025578;0;10;0;0;2;1;2;A01
201400025578;0;7;0;0;2;1;2;C01
201400025578;0;7;0;0;2;9;2;D01
201400025579;0;7;0;1;2;1;0;A01
201400025580;0;30;0;0;1;0;1;A01
201400025581;1;7;0;0;1;2;1;A01
201400025582;0;7;0;0;2;4;15;A01
201400025582;0;1;0;0;2;1;1;B01
201400025583;0;7;0;0;1;1;1;A01
201400025584;0;1;0;0;2;1;15;B01
201400025584;0;7;0;0;2;2;1;A01
201400025585;0;7;0;0;2;4;16;A01
201400025585;0;1;0;0;2;4;1;B01
201400025586;0;7;0;0;1;1;1;A01
201400025587;0;7;0;0;2;4;2;C01
201400025587;0;7;0;0;2;4;2;B01
201400025587;0;7;0;0;2;1;2;A01
201400025588;0;7;0;13;0;1;10;A01
201400025589;0;1;0;0;2;1;1;A01
201400025589;0;7;0;0;2;1;15;B01
201400025590;0;33;0;0;0;1;1;A01
201400025591;0;7;0;0;2;4;2;C01
201400025591;0;7;0;0;2;4;2;B01
201400025591;0;7;0;0;2;0;2;A01
201400025592;0;30;0;0;2;4;2;A01
201400025592;0;10;0;0;2;4;23;B01
201400025593;0;33;0;0;0;0;1;A01
201400025594;0;7;0;9;0;9;1;A01
201400025595;0;7;0;0;2;1;1;B01
201400025595;0;10;0;0;2;1;15;A01
201400025596;0;7;0;0;2;3;1;B01
201400025596;0;7;0;0;2;1;13;A01
201400025597;0;7;0;2;0;1;1;A01
201400025598;0;7;0;9;0;1;1;A01
201400025599;0;7;0;0;0;1;1;A01
201400025600;0;7;0;0;2;1;15;A01
201400025600;0;2;0;0;2;1;1;B01
201400025601;0;7;0;0;2;3;15;A01
201400025601;0;7;0;0;2;3;1;B01
201400025602;0;7;0;0;2;3;2;A01
201400025602;0;7;0;0;2;4;2;B01
201400025603;0;7;0;0;2;3;2;B01
201400025603;0;7;0;8;2;4;2;A01
201400025604;0;33;0;0;2;1;1;B01
201400025604;0;7;0;0;2;2;15;A01
201400025605;0;30;0;0;2;1;1;A01
201400025605;0;7;0;0;2;3;15;B01
201400025606;0;30;0;9;0;8;1;A01
201400025607;0;7;0;0;2;1;15;A01
201400025607;0;33;0;0;2;1;1;B01
201400025608;0;7;0;0;2;0;15;A01
201400025608;0;7;0;0;2;1;1;B01
201400025609;0;7;0;0;1;0;15;A01
201400025610;0;30;0;0;0;1;17;A01
201400025611;0;7;0;0;1;1;11;A01
201400025612;1;7;0;0;1;1;1;Z01
201400025613;0;7;0;0;0;9;1;A01
201400025614;0;7;0;0;1;7;1;A01
201400025615;0;7;0;0;1;1;1;A01
201400025616;0;7;0;9;0;1;1;A01
201400025617;0;7;0;9;0;0;1;A01
201400025618;1;1;0;0;1;0;0;A01
201400025619;0;7;0;0;2;1;1;A01
201400025619;0;7;0;0;2;4;23;C01
201400025619;0;33;0;0;2;1;1;B01
201400025620;0;7;0;0;0;1;1;A01
201400025621;0;37;10;0;1;1;1;A01
201400025622;0;33;0;14;0;8;1;A01
201400025623;0;7;0;3;2;7;1;C01
201400025623;0;7;0;0;2;1;9;A01
201400025623;0;7;0;3;2;7;1;B01
201400025624;0;7;0;0;2;1;1;B01
201400025624;0;7;0;0;2;5;15;A01
201400025625;0;2;0;0;2;9;1;B01
201400025625;0;7;0;0;2;2;15;A01
201400025626;0;14;0;0;2;2;1;A01
201400025626;0;37;10;0;2;8;23;B01
201400025627;0;7;0;0;2;1;15;B01
201400025627;0;33;0;0;2;1;17;A01
201400025628;0;7;0;3;2;1;1;B01
201400025628;0;7;0;0;2;4;9;A01
201400025629;0;7;0;0;2;6;15;B01
201400025629;0;33;0;0;2;1;17;A01
201400025630;0;7;0;0;2;3;15;B01
201400025630;0;33;0;0;2;1;17;A01
201400025631;0;7;0;0;2;4;2;A01
201400025631;0;7;0;0;2;4;23;B01
201400025631;0;7;0;0;0;0;23;C01
201400025632;0;7;0;0;2;3;6;A01
201400025632;0;7;0;1;0;1;2;C01
201400025632;0;7;0;0;2;3;1;B01
201400025633;0;7;0;0;2;4;2;B01
201400025633;0;10;0;0;2;1;2;A01
201400025634;0;7;0;0;2;4;1;B01
201400025634;0;7;0;0;2;4;1;C01
201400025634;0;7;0;0;2;1;1;A01
201400025635;0;7;0;0;0;2;15;A01
201400025635;0;32;0;0;0;1;1;B01
201400025636;0;7;0;0;2;3;1;B01
201400025636;0;10;0;0;2;2;15;A01
201400025637;0;33;0;4;0;0;12;A01
201400025638;0;7;0;7;0;1;1;A01
201400025639;0;7;0;1;0;1;1;A01
201400025640;0;7;0;14;2;1;1;A01
201400025640;0;7;0;13;2;9;1;B01
201400025641;0;7;0;0;2;8;15;B01
201400025641;0;37;10;0;2;1;1;A01
201400025642;0;1;0;0;2;8;1;B01
201400025642;0;38;15;0;2;7;1;A01
201400025643;0;7;0;0;2;3;1;B01
201400025643;0;7;0;0;2;1;1;A01
201400025644;0;7;0;0;2;1;15;A01
201400025644;0;10;0;0;2;3;1;B01
201400025645;0;7;0;9;0;1;0;A01
201400025646;0;7;0;9;0;1;1;A01
201400025647;0;15;0;3;0;0;0;A01
201400025648;0;7;0;0;2;6;23;B01
201400025648;0;7;0;0;2;1;1;A01
201400025649;0;7;0;3;0;1;0;A01
201400025650;0;7;0;0;0;0;15;A01
201400025650;0;1;0;0;0;0;15;B01
201400025651;0;7;0;13;0;9;9;A01
201400025652;0;7;0;0;2;7;1;B01
201400025652;0;14;0;0;2;3;1;A01
201400025653;0;30;0;0;0;0;0;A01
201400025654;0;10;0;0;2;4;1;B01
201400025654;0;7;0;0;2;1;1;A01
201400025655;0;17;0;3;2;1;1;A01
201400025655;0;14;0;0;2;4;0;B01
201400025656;0;7;0;0;2;1;1;A01
201400025656;0;7;0;0;2;4;2;B01
201400025657;0;7;0;0;1;1;1;A01
201400025658;0;7;0;0;0;3;13;A01
201400025659;0;7;0;0;2;1;13;A01
201400025659;0;1;0;0;2;1;1;B01
201400025660;0;7;0;0;2;3;16;A01
201400025660;0;30;0;0;2;1;1;B01
201400025661;0;7;0;0;2;3;1;A01
201400025661;0;7;0;0;2;4;1;B01
201400025662;0;7;0;15;0;1;0;A01
201400025663;0;7;0;5;0;1;1;A01
201400025664;0;7;0;0;0;0;15;A01
201400025664;0;1;0;0;0;0;1;B01
201400025665;0;33;0;0;1;1;1;A01
201400025666;0;7;0;0;1;1;1;A01
201400025667;0;7;0;0;1;7;1;A01
201400025668;0;7;0;11;0;1;1;A01
201400025669;0;33;0;8;0;1;1;A01
201400025670;0;7;0;0;2;0;9;A01
201400025670;0;1;0;0;2;1;1;B01
201400025671;0;7;0;0;0;9;1;A01
201400025672;0;7;0;0;1;1;1;A01
201400025673;0;7;0;0;2;4;1;C01
201400025673;0;7;0;0;2;1;1;A01
201400025673;0;7;0;0;2;4;1;B01
201400025674;0;7;0;0;2;4;4;A01
201400025674;0;7;0;0;2;2;1;B01
201400025675;0;1;0;0;1;1;1;A01
201400025676;0;1;0;0;0;1;0;A01
201400025677;0;7;0;0;1;2;1;A01
201400025678;0;7;0;0;2;1;1;B01
201400025678;0;30;0;0;2;1;15;A01
201400025679;0;7;0;0;0;0;1;A01
201400025680;0;7;0;0;2;1;1;B01
201400025680;0;7;0;0;2;7;15;A01
201400025681;0;7;0;2;0;1;1;A01
201400025682;0;7;0;0;1;2;1;A01
201400025683;0;7;0;0;1;4;4;A01
201400025684;1;7;0;0;1;4;4;Z01
201400025685;0;14;0;0;2;1;1;B01
201400025685;0;10;0;0;2;8;1;A01
201400025686;0;30;0;0;0;0;1;A01
201400025687;0;10;0;0;2;4;1;B01
201400025687;0;7;0;0;2;1;1;A01
201400025688;0;7;0;0;1;2;16;A01
201400025689;0;7;0;0;2;1;1;B01
201400025689;0;7;0;0;0;1;2;C01
201400025689;0;7;0;0;2;1;13;A01
201400025690;0;7;0;0;2;4;23;B01
201400025690;0;17;0;0;2;1;1;A01
201400025691;0;7;0;0;0;4;2;B01
201400025691;0;2;0;0;2;1;2;A01
201400025692;0;10;0;1;0;2;17;A01
201400025693;0;7;0;0;2;4;1;B01
201400025693;0;7;0;0;2;1;1;A01
201400025694;0;10;0;0;2;4;1;B01
201400025694;0;7;0;0;2;1;1;A01
201400025695;0;7;0;0;2;1;1;F01
201400025695;0;7;0;0;2;1;1;C01
201400025695;0;7;0;0;2;4;1;B02
201400025695;0;7;0;0;2;1;1;A02
201400025695;0;7;0;0;2;1;1;D01
201400025695;0;10;0;0;2;1;1;E01
201400025695;0;10;0;0;2;1;1;G01
201400025696;0;7;0;0;1;2;4;A01
201400025697;0;7;0;0;2;1;1;A01
201400025697;0;7;0;0;2;4;23;B01
201400025697;0;7;0;0;2;4;23;C01
201400025698;0;7;0;0;2;4;1;A01
201400025698;0;7;0;0;2;1;1;B01
201400025699;0;7;0;0;2;1;1;A01
201400025699;0;10;0;0;2;5;1;C01
201400025699;0;7;0;0;2;4;1;B01
201400025700;0;30;0;0;1;1;1;A01
201400025701;0;7;0;0;2;1;1;A01
201400025701;0;7;0;0;2;4;1;B01
201400025702;0;7;0;0;2;3;22;A01
201400025702;0;1;0;0;2;1;17;B01
201400025703;0;1;0;0;2;1;1;B01
201400025703;0;10;0;0;2;2;16;A01
201400025704;0;7;0;0;1;2;1;A01
201400025705;0;7;0;3;0;0;1;A01
201400025706;0;2;0;9;0;1;1;A01
201400025707;0;7;0;0;2;1;1;A01
201400025707;0;1;0;0;2;1;1;B01
201400025708;0;1;0;0;2;1;1;B01
201400025708;0;7;0;0;2;7;15;A01
201400025709;0;7;0;0;2;5;1;A01
201400025709;0;7;0;0;2;1;1;B01
201400025710;0;7;0;0;2;3;15;A01
201400025710;0;30;0;0;2;2;15;B01
201400025711;0;33;0;0;2;1;16;A01
201400025711;0;7;0;0;2;1;16;B01
201400025712;0;7;0;0;2;1;12;A01
201400025712;0;7;0;0;2;6;2;B01
201400025713;0;1;0;0;0;1;1;A01
201400025714;0;7;0;0;2;2;1;B01
201400025714;0;1;0;0;2;1;0;A01
201400025715;0;7;0;0;2;8;1;B01
201400025715;0;30;0;0;2;1;1;A01
201400025716;0;7;0;0;2;1;2;A01
201400025716;0;7;0;0;2;4;2;B01
201400025717;0;7;0;0;2;4;1;B01
201400025717;0;33;0;0;2;1;0;A01
201400025718;0;7;0;0;1;1;1;A01
201400025719;0;10;0;2;2;1;1;A01
201400025719;0;7;0;0;0;4;23;B01
201400025720;0;7;0;0;1;4;4;A01
201400025721;0;10;0;0;1;1;1;A01
201400025722;0;7;0;0;2;1;15;A01
201400025722;0;31;0;0;2;8;1;B01
201400025723;0;7;0;0;2;2;15;A01
201400025723;0;1;0;0;2;1;1;B01
201400025724;0;1;0;0;2;1;1;B01
201400025724;0;7;0;0;2;2;16;A01
201400025725;0;7;0;0;2;4;15;A01
201400025725;0;31;0;0;2;1;1;B01
201400025726;0;7;0;0;2;1;1;A01
201400025726;0;33;0;0;2;6;23;B01
201400025727;0;10;0;0;2;4;23;C01
201400025727;0;7;0;0;2;1;2;A01
201400025727;0;7;0;0;2;4;23;B01
201400025728;0;32;0;12;0;3;1;A01
201400025729;0;7;0;0;2;3;15;B01
201400025729;0;32;0;0;2;1;17;A01
201400025730;0;7;0;0;2;1;0;A01
201400025730;0;7;0;0;2;4;0;B01
201400025731;0;7;0;0;2;4;1;C01
201400025731;0;7;0;0;2;3;1;A01
201400025731;0;33;0;0;2;6;1;B01
201400025732;0;10;0;0;2;4;23;B01
201400025732;0;7;0;0;2;1;1;A01
201400025733;0;7;0;0;2;4;1;B01
201400025733;0;7;0;0;2;1;1;A01
201400025734;0;1;0;0;2;1;1;A01
201400025734;0;7;0;0;2;6;23;B01
201400025735;0;7;0;0;2;1;15;A01
201400025735;0;7;0;0;2;1;1;B01
201400025736;0;7;0;11;0;1;1;A01
201400025737;0;30;0;0;0;0;1;A01
201400025738;0;7;0;0;2;4;23;C01
201400025738;0;7;0;0;2;1;1;A01
201400025738;0;7;0;0;2;4;23;B01
201400025739;0;7;0;0;2;1;1;B01
201400025739;0;7;0;0;2;2;15;A01
201400025740;0;7;0;0;1;3;0;A01
201400025741;1;7;0;0;1;1;0;A01
201400025742;0;7;0;0;2;1;1;B01
201400025742;0;33;0;0;2;6;19;A01
201400025743;0;7;0;0;2;1;1;A01
201400025743;0;7;0;0;2;1;1;B01
201400025744;0;7;0;0;0;9;1;A01
201400025745;0;33;0;0;2;7;1;B01
201400025745;1;7;0;0;0;0;0;A01
201400025746;0;30;0;0;2;8;1;B01
201400025746;0;7;0;0;2;2;15;A01
201400025747;2;7;0;0;2;1;1;A01
201400025747;0;7;0;0;2;4;23;C01
201400025747;0;34;0;0;2;4;23;B01
201400025748;0;7;0;0;2;1;1;B01
201400025748;0;7;0;0;2;1;15;A01
201400025749;0;1;0;0;0;0;1;A01
201400025750;0;7;0;13;0;1;1;A01
201400025751;0;33;0;7;0;1;1;A01
201400025752;0;7;0;0;0;1;1;A01
201400025753;0;14;0;0;2;1;2;A01
201400025753;0;14;0;0;2;4;1;B01
201400025754;0;1;0;0;2;8;19;A01
201400025754;0;7;0;0;9;1;1;B01
201400025755;0;10;0;0;1;1;1;A01
201400025756;0;7;0;0;1;1;15;A01
201400025757;0;7;0;0;0;9;0;A01
201400025758;0;31;0;0;0;1;1;A01
201400025759;0;33;0;0;2;2;1;B01
201400025759;0;7;0;0;2;5;15;A01
201400025760;0;13;0;0;2;1;1;A01
201400025760;0;7;0;0;2;8;15;B01
201400025761;0;7;0;0;2;1;1;B01
201400025761;0;7;0;0;2;1;15;A01
201400025762;0;10;0;0;2;1;1;A01
201400025762;0;7;0;0;2;4;23;B01
201400025763;0;7;0;0;2;0;23;B01
201400025763;0;7;0;0;2;0;0;A01
201400025764;0;7;0;0;2;3;15;B01
201400025764;0;33;0;0;2;2;17;A01
201400025765;0;7;0;0;2;1;1;A01
201400025765;0;1;0;0;2;4;15;B01
201400025766;0;30;0;0;2;1;0;A01
201400025766;0;7;0;0;2;0;1;B01
201400025766;0;7;0;0;0;0;1;C01
201400025767;0;10;0;0;1;1;1;A01
201400025768;0;7;0;0;0;1;1;A01
201400025768;0;32;0;0;2;4;23;B01
201400025769;0;7;0;0;2;4;23;C01
201400025769;0;7;0;0;2;1;1;A01
201400025769;0;7;0;0;2;4;23;B01
201400025770;0;7;0;0;2;1;1;A01
201400025770;0;7;0;0;2;7;1;B01
201400025771;0;7;0;0;2;8;1;B01
201400025771;0;30;0;0;2;1;1;A01
201400025772;0;7;0;0;2;2;1;B01
201400025772;0;30;0;0;2;1;15;A01
201400025773;0;7;0;0;1;1;1;A01
201400025774;0;30;0;0;0;0;1;A01
201400025775;0;30;0;0;2;4;1;B01
201400025775;0;10;0;0;2;1;1;A01
201400025776;0;7;0;0;2;1;1;B01
201400025776;0;7;0;0;2;8;1;A01
201400025777;0;7;0;0;2;2;16;A01
201400025777;0;1;0;0;2;1;1;B01
201400025778;0;7;0;0;2;2;15;A01
201400025778;0;1;0;0;2;1;1;B01
201400025779;0;7;0;0;2;8;16;A01
201400025779;0;37;1;0;2;1;1;B01
201400025780;0;33;0;0;2;7;1;B01
201400025780;0;7;0;0;2;3;9;A01
201400025781;0;30;0;0;0;1;1;A01
201400025782;0;7;0;0;2;3;9;A01
201400025782;0;1;0;0;2;1;1;B01
201400025783;0;7;0;0;2;7;12;A01
201400025783;0;7;0;0;2;8;1;B01
201400025784;0;7;0;0;2;3;15;A01
201400025784;0;7;0;0;2;1;1;B01
201400025785;0;10;0;0;2;0;17;A01
201400025785;0;30;0;0;2;8;1;B01
201400025786;0;7;0;0;1;3;1;A01
201400025787;0;30;0;0;0;1;1;A01
201400025788;0;7;0;9;1;1;1;A01
201400025789;0;10;0;0;2;2;16;A01
201400025789;0;1;0;0;2;1;1;B01
201400025790;0;7;0;0;2;1;1;A01
201400025790;0;7;0;0;2;4;1;B01
201400025790;0;7;0;0;2;4;1;C01
201400025790;0;7;0;0;2;4;1;D01
201400025791;0;10;0;0;2;8;10;A01
201400025791;0;7;0;0;2;1;1;B01
201400025792;0;7;0;12;0;1;1;A01
201400025793;0;7;0;0;1;1;1;A01
201400025794;0;7;0;0;2;1;1;B01
201400025794;0;7;0;0;2;7;15;A01
201400025795;0;7;0;0;2;2;16;A01
201400025795;0;1;0;0;2;1;1;B01
201400025796;0;7;0;2;0;1;12;A01
201400025797;0;7;0;0;2;2;1;A01
201400025797;0;33;0;1;2;0;1;B01
201400025798;0;7;0;0;2;1;1;B01
201400025798;0;1;0;0;2;1;15;A01
201400025799;0;7;0;0;2;1;17;A01
201400025799;0;7;0;0;2;4;23;B01
201400025799;0;7;0;0;2;4;23;C01
201400025800;0;1;0;0;2;1;1;A01
201400025800;0;7;0;0;2;3;1;B01
201400025801;0;10;0;0;2;2;15;A01
201400025801;0;33;0;0;2;1;1;B01
201400025802;0;7;0;0;1;2;1;A01
201400025803;0;30;0;0;0;0;16;A01
201400025804;0;17;0;0;2;7;12;A01
201400025804;0;7;0;0;2;8;1;B01
201400025805;0;1;0;0;0;0;1;A01
201400025806;0;7;0;1;0;9;0;A01
201400025807;0;7;0;0;2;5;2;B01
201400025807;0;7;0;0;2;1;1;A01
201400025808;0;7;0;0;2;1;1;B01
201400025808;0;7;0;0;2;2;1;A01
201400025809;0;7;0;13;2;7;17;A01
201400025809;0;10;0;0;2;8;1;B01
201400025810;0;7;0;0;2;1;15;A01
201400025810;0;7;0;0;2;4;23;B01
201400025811;0;7;0;0;0;1;1;A01
201400025811;0;7;0;0;2;4;24;B01
201400025812;0;30;0;0;0;0;16;A01
201400025813;0;7;0;0;0;9;1;A01
201400025814;0;1;0;0;0;0;1;A01
201400025815;0;1;0;0;0;0;1;A01
201400025816;0;7;0;0;2;7;16;B01
201400025816;0;10;0;0;2;8;15;A01
201400025817;0;14;0;0;2;7;12;A01
201400025817;0;7;0;0;2;8;1;B01
201400025818;0;10;0;0;1;4;4;A01
201400025819;0;30;0;0;2;4;16;B01
201400025819;0;7;0;0;2;1;1;A01
201400025820;0;7;0;0;2;1;1;A01
201400025820;0;7;0;0;2;4;1;B01
201400025820;0;7;0;0;2;4;1;C01
201400025821;0;1;0;0;2;1;1;B01
201400025821;0;30;0;0;2;1;15;A01
201400025822;0;30;0;0;2;1;15;A01
201400025822;0;1;0;0;2;1;1;B01
201400025823;0;7;0;11;0;9;1;A01
201400025824;0;1;0;0;2;2;1;A01
201400025824;0;14;0;0;2;2;1;B01
201400025825;0;30;0;0;2;1;1;A01
201400025825;0;7;0;0;2;5;23;B01
201400025826;0;7;0;0;0;1;1;A01
201400025827;0;10;0;0;2;1;1;A01
201400025827;0;7;0;0;2;4;1;B01
201400025828;0;30;0;0;2;2;1;B01
201400025828;0;7;0;0;2;3;1;A01
201400025829;0;37;10;0;1;1;1;A01
201400025830;0;30;0;9;0;0;1;A01
201400025831;0;7;0;0;2;2;1;A01
201400025831;0;1;0;0;2;1;1;B01
201400025832;0;7;0;0;1;1;1;A01
201400025833;0;37;10;0;1;8;1;A01
201400025834;0;33;0;0;0;8;1;A01
201400025835;0;33;0;0;0;5;1;A01
201400025836;0;7;0;12;0;8;1;A01
201400025837;0;7;0;0;2;1;15;B01
201400025837;0;30;0;0;2;1;1;A01
201400025838;0;1;0;0;2;7;1;A01
201400025839;0;7;0;0;2;3;1;B01
201400025839;0;7;0;0;2;2;15;A01
201400025840;0;7;0;0;2;2;15;A01
201400025840;0;32;0;0;2;1;1;B01
201400025841;0;7;0;0;2;8;22;A01
201400025841;0;1;0;0;2;1;1;B01
201400025842;0;1;0;0;2;8;1;C01
201400025842;0;7;0;0;2;1;1;A01
201400025842;0;7;0;0;2;4;1;B01
201400025843;0;7;0;0;2;6;1;B01
201400025843;0;16;0;0;2;7;12;A01
201400025844;0;1;0;0;2;1;1;A01
201400025844;0;7;0;0;2;2;1;B01
201400025845;0;7;0;0;2;9;1;B01
201400025845;0;7;0;0;2;9;12;A01
201400025846;0;33;0;0;2;2;14;A01
201400025846;0;7;0;0;2;8;16;B01
201400025847;0;7;0;0;2;1;15;A01
201400025847;0;33;0;0;2;0;1;B01
201400025848;0;7;0;0;2;6;0;B01
201400025848;0;7;0;0;0;4;2;A01
201400025848;0;7;0;0;2;1;0;D01
201400025848;0;7;0;0;2;1;0;C01
201400025849;0;1;0;0;2;1;1;A01
201400025849;0;7;0;0;2;6;1;B01
201400025850;0;1;0;0;0;0;1;A01
201400025851;0;7;0;0;2;3;0;A01
201400025851;0;1;0;0;2;1;1;B01
201400025852;0;7;0;0;2;3;1;B01
201400025852;0;7;0;0;2;3;15;A01
201400025853;1;7;0;0;2;1;0;A01
201400025853;0;1;0;0;2;4;1;B01
201400025854;0;7;0;0;1;1;1;A01
201400025855;0;7;0;0;2;4;2;B01
201400025855;0;33;0;0;2;1;2;A01
201400025856;0;7;0;0;1;4;4;A01
201400025857;0;7;0;0;2;4;23;B01
201400025857;0;7;0;0;2;1;2;A01
201400025858;0;1;0;0;1;1;1;A01
201400025859;0;7;0;0;2;4;23;B01
201400025859;0;7;0;0;2;6;23;C01
201400025859;0;7;0;0;2;1;2;A01
201400025860;0;7;0;0;2;1;2;A01
201400025860;0;7;0;0;2;4;2;B01
201400025861;0;7;0;0;1;1;1;A01
201400025862;0;7;0;0;1;1;0;A01
201400025863;0;1;0;0;2;0;1;B01
201400025863;0;7;0;0;9;8;2;A01
201400025864;0;7;0;0;2;5;14;A01
201400025864;0;33;0;0;2;8;1;B01
201400025865;0;7;0;0;2;4;2;B01
201400025865;0;7;0;0;2;4;2;C01
201400025865;0;7;0;0;2;1;2;A01
201400025866;0;14;0;0;2;1;1;A01
201400025866;0;10;0;0;2;4;1;B01
201400025866;0;7;0;0;2;4;1;C01
201400025866;0;7;0;0;2;4;1;D01
201400025867;0;7;0;0;1;1;1;A01
201400025868;0;7;0;0;1;0;1;A01
201400025869;0;7;0;0;2;1;1;A01
201400025869;0;7;0;0;2;4;23;B01
201400025870;0;2;0;0;0;3;1;A01
201400025871;0;33;0;0;5;1;1;A01
201400025872;0;7;0;0;2;3;1;B01
201400025872;0;1;0;0;2;1;1;A01
201400025873;0;30;0;0;1;1;1;A01
201400025874;0;7;0;0;2;3;1;B01
201400025874;0;10;0;0;2;1;15;A01
201400025875;0;7;0;0;2;5;23;B01
201400025875;0;7;0;0;2;1;1;A01
201400025876;0;33;0;0;1;9;14;A01
201400025877;0;7;0;0;2;4;23;B01
201400025877;0;7;0;0;2;1;1;A01
201400025878;0;7;0;7;0;1;1;A01
201400025879;0;7;0;0;2;1;15;A01
201400025879;0;30;0;0;2;1;1;B01
201400025880;0;7;0;0;1;1;1;A01
201400025881;0;7;0;0;0;9;1;A01
201400025882;0;31;0;0;2;1;17;B01
201400025882;0;10;0;0;2;8;20;A01
201400025883;0;7;0;0;2;4;2;C01
201400025883;0;7;0;0;2;1;2;A01
201400025883;0;7;0;0;2;4;2;B01
201400025884;0;1;0;0;2;1;1;B01
201400025884;0;7;0;0;2;2;15;A01
201400025885;0;7;0;0;2;1;2;A01
201400025885;0;7;0;0;2;4;2;B01
201400025886;0;7;0;15;0;1;1;A01
201400025887;0;7;0;0;2;1;15;A01
201400025887;0;32;0;0;2;1;1;B01
201400025888;0;30;0;0;1;1;7;A01
201400025889;0;7;0;0;2;3;9;A01
201400025889;0;1;0;0;2;2;1;B01
201400025890;0;7;0;0;2;4;2;B01
201400025890;0;7;0;0;2;1;2;A01
201400025890;0;10;0;0;2;4;2;D01
201400025890;0;7;0;0;2;4;2;C01
201400025891;0;7;0;0;0;1;1;C01
201400025891;0;15;0;0;2;0;1;A01
201400025891;0;10;0;0;0;1;1;B01
201400025892;0;7;0;0;2;2;15;A01
201400025892;0;7;0;0;2;1;1;B01
201400025893;0;7;0;0;2;1;15;B01
201400025893;0;7;0;0;2;7;16;A01
201400025894;0;7;0;0;1;3;15;A01
201400025895;0;7;0;0;1;3;1;A01
201400025896;0;7;0;0;1;3;1;A01
201400025897;0;7;0;0;9;8;1;B01
201400025897;0;1;0;0;2;1;1;A01
201400025898;0;10;0;0;2;3;1;B01
201400025898;0;7;0;0;2;5;15;A01
201400025899;0;7;0;0;2;1;15;A01
201400025899;0;7;0;0;2;1;1;B01
201400025900;0;7;0;0;2;5;15;B01
201400025900;0;7;0;0;2;2;1;A01
201400025901;1;7;0;0;2;1;1;A01
201400025901;0;7;0;0;2;4;2;B01
201400025902;0;7;0;2;0;1;1;A01
201400025903;0;31;0;0;2;1;2;A01
201400025903;0;7;0;0;2;4;2;B01
201400025904;0;7;0;0;1;0;15;A01
201400025905;0;7;0;0;2;1;1;A01
201400025905;0;10;0;0;2;6;23;B01
201400025906;0;1;0;1;0;1;1;B01
201400025906;0;7;0;0;2;8;20;A01
201400025907;0;1;0;0;2;1;1;B01
201400025907;1;7;0;0;2;0;16;A01
201400025908;0;1;0;0;2;1;9;A01
201400025908;0;37;5;0;2;1;1;B01
201400025909;0;7;0;0;1;1;1;A01
201400025910;0;1;0;0;2;0;16;B01
201400025910;0;10;0;0;2;2;9;A01
201400025911;0;7;0;0;2;5;15;A01
201400025911;0;1;0;0;2;1;1;B01
201400025912;0;7;0;0;2;1;15;A01
201400025912;0;34;0;0;2;1;1;B01
201400025913;0;15;0;0;2;4;11;B01
201400025913;0;7;0;0;2;7;17;A01
201400025914;0;30;0;0;2;1;1;A01
201400025914;0;10;0;0;2;2;15;B01
201400025915;0;7;0;0;2;1;2;A01
201400025915;0;7;0;0;2;4;2;B01
201400025916;0;2;0;0;0;1;0;A01
201400025917;0;30;0;0;0;1;0;A01
201400025918;0;32;0;0;2;2;17;A01
201400025918;0;7;0;0;2;3;13;B01
201400025919;0;1;0;12;0;1;1;A01
201400025920;0;7;0;0;2;1;1;B01
201400025920;0;33;0;0;2;0;1;A01
201400025921;0;1;0;0;2;0;15;B01
201400025921;0;7;0;0;2;0;0;A01
201400025922;0;33;0;0;2;7;1;B01
201400025922;1;7;0;0;2;0;16;Z01
201400025923;0;7;0;0;2;0;16;A01
201400025923;0;31;0;0;2;0;1;B01
201400025924;0;7;0;0;2;0;15;A01
201400025924;0;31;0;0;2;0;1;B01
201400025925;0;7;0;0;2;4;23;B01
201400025925;0;7;0;0;0;1;1;A01
201400025925;0;7;0;0;0;4;23;C01
201400025926;0;30;0;0;0;8;23;A01