num_acc;senc;catv;occutc;obs;obsm;choc;manv;num_veh
201400025927;0;31;0;0;2;3;2;A01
201400025927;0;7;0;0;2;5;23;B01
201400025928;0;7;0;0;1;1;16;A01
201400025929;0;7;0;0;1;2;1;A01
201400025930;0;7;0;0;2;4;23;C01
201400025930;0;7;0;0;2;1;1;A01
201400025930;0;7;0;0;2;4;23;D01
201400025930;0;7;0;0;2;4;23;B01
201400025931;0;30;0;0;2;3;1;A01
201400025931;0;1;0;0;2;0;15;B01
201400025932;0;33;0;0;2;1;1;B01
201400025932;0;7;0;0;2;2;15;A01
201400025933;0;7;0;0;2;1;15;A01
201400025933;0;30;0;0;2;1;1;B01
201400025934;0;7;0;0;2;1;1;B01
201400025934;0;7;0;3;2;1;1;A01
201400025935;0;34;0;0;0;1;1;A01
201400025936;0;34;0;0;0;7;1;A01
201400025937;0;2;0;0;0;0;0;A01
201400025938;0;7;0;0;1;4;1;A01
201400025939;0;10;0;0;2;1;1;C01
201400025939;0;7;0;0;2;4;1;B01
201400025939;0;7;0;3;2;1;9;A01
201400025940;0;7;0;0;1;1;15;A01
201400025941;0;1;0;0;2;5;1;B01
201400025941;0;7;0;0;2;3;1;A01
201400025942;0;7;0;0;1;1;16;A01
201400025943;2;7;0;0;2;1;1;A01
201400025943;0;7;0;5;2;4;1;B01
201400025944;0;7;0;13;0;1;0;A01
201400025945;0;7;0;0;1;1;15;A01
201400025946;0;7;0;0;2;1;20;A01
201400025946;0;30;0;0;2;1;1;B01
201400025947;0;1;0;0;1;1;1;A01
201400025948;0;7;0;0;2;1;1;A01
201400025948;0;7;0;0;2;4;1;B01
201400025949;0;7;0;0;2;8;1;B01
201400025949;0;7;0;0;2;1;15;A01
201400025950;0;33;0;0;2;1;1;A01
201400025950;0;1;0;0;2;8;19;B01
201400025951;0;1;0;0;2;1;19;A01
201400025951;0;33;0;0;2;1;1;B01
201400025952;0;7;0;4;0;9;1;A01
201400025953;0;7;0;0;2;3;1;B01
201400025953;0;7;0;0;2;1;1;A01
201400025954;0;10;0;0;2;1;2;A01
201400025954;0;7;0;0;2;4;2;B01
201400025955;0;7;0;0;2;4;2;B01
201400025955;0;7;0;0;2;4;2;C01
201400025955;0;7;0;0;2;3;2;A01
201400025956;0;7;0;0;2;4;23;B01
201400025956;0;7;0;0;2;1;2;A01
201400025957;0;7;0;8;0;0;1;A01
201400025958;0;7;0;0;1;2;1;A01
201400025959;0;7;0;0;1;2;1;A01
201400025960;0;2;0;0;0;0;1;A01
201400025961;0;7;0;0;2;4;23;C01
201400025961;1;7;0;0;2;0;2;A01
201400025961;0;10;0;0;2;9;2;B01
201400025962;0;7;0;0;1;1;1;A01
201400025963;0;32;0;0;1;1;1;A01
201400025964;0;10;0;4;0;9;1;A01
201400025965;0;30;0;0;2;1;1;B01
201400025965;0;7;0;0;2;2;15;A01
201400025966;0;7;0;0;2;1;2;A01
201400025966;0;7;0;0;2;4;23;B01
201400025967;0;7;0;0;2;1;2;A01
201400025967;0;7;0;0;2;4;23;B01
201400025968;0;7;0;0;2;4;2;B01
201400025968;0;7;0;0;2;1;2;A01
201400025969;0;1;0;0;2;7;1;A01
201400025969;0;30;0;0;2;3;1;B01
201400025970;0;1;0;0;2;0;19;A01
201400025970;0;7;0;0;2;1;16;B01
201400025971;0;7;0;0;2;8;1;B01
201400025971;0;7;0;0;2;1;1;A01
201400025972;0;33;0;0;2;1;2;A01
201400025972;0;7;0;0;2;4;2;B01
201400025973;0;34;0;0;2;7;1;B01
201400025973;0;10;0;0;2;1;1;A01
201400025973;0;10;0;0;2;1;23;E01
201400025973;0;7;0;0;2;8;1;D01
201400025973;0;7;0;0;2;8;1;C01
201400025974;2;7;0;0;2;3;16;A01
201400025974;0;1;0;0;2;1;1;B01
201400025975;0;7;0;0;2;4;23;B01
201400025975;0;7;0;0;2;4;23;C01
201400025975;0;10;0;0;2;1;1;A01
201400025976;0;10;0;0;1;1;1;A01
201400025977;0;7;0;0;1;1;1;A01
201400025978;0;1;0;0;2;1;1;B01
201400025978;0;10;0;0;2;0;16;A01
201400025979;0;7;0;8;0;1;1;A01
201400025980;0;7;0;0;2;3;10;A01
201400025980;0;7;0;0;2;2;1;B01
201400025981;0;7;0;0;2;3;1;B01
201400025981;0;7;0;0;2;1;1;A01
201400025982;0;1;0;0;2;0;1;A01
201400025982;0;7;0;0;2;1;15;B01
201400025983;0;7;0;0;1;2;16;A01
201400025984;0;7;0;0;2;1;1;B01
201400025984;0;7;0;0;2;1;5;A01
201400025985;0;31;0;0;2;1;2;A01
201400025985;0;7;0;0;2;4;23;B01
201400025986;0;31;0;0;2;1;2;A01
201400025986;0;7;0;0;2;4;2;B01
201400025987;0;1;0;1;0;1;1;A01
201400025988;0;1;0;0;2;9;1;B01
201400025988;0;7;0;0;2;7;16;A01
201400025989;0;30;0;0;0;1;15;A01
201400025990;0;7;0;0;2;1;1;B01
201400025990;0;7;0;0;2;2;15;A01
201400025991;0;10;0;0;2;1;1;B01
201400025991;0;7;0;0;2;9;1;A01
201400025992;0;10;0;0;2;7;15;A01
201400025992;0;7;0;0;2;3;1;B01
201400025993;0;1;0;0;2;1;1;B01
201400025993;0;10;0;0;0;7;16;A01
201400025994;0;7;0;0;1;1;1;A01
201400025995;0;7;0;0;2;1;1;B01
201400025995;0;10;0;0;2;1;15;A01
201400025996;0;32;0;0;0;1;1;A01
201400025997;0;1;0;0;0;1;1;A01
201400025998;0;7;0;0;2;4;1;B01
201400025998;0;7;0;0;2;1;1;A01
201400025999;0;7;0;0;2;8;15;B01
201400025999;2;7;0;0;2;1;1;A01
201400026000;0;7;0;0;2;4;23;B01
201400026000;0;7;0;0;2;1;1;A01
201400026001;0;10;0;7;0;1;0;A01
201400026002;0;30;0;0;0;0;1;A01
201400026003;0;7;0;0;2;1;1;B01
201400026003;0;10;0;0;2;1;19;A01
201400026004;0;10;0;0;2;2;1;B01
201400026004;0;7;0;0;2;8;15;A01
201400026005;0;7;0;0;1;3;1;A01
201400026006;0;7;0;1;1;2;2;A01
201400026007;0;7;0;0;1;2;0;A01
201400026008;0;7;0;0;1;2;14;A01
201400026009;0;13;0;0;1;1;1;A01
201400026010;0;10;0;0;1;4;4;A01
201400026011;0;7;0;0;1;0;1;A01
201400026012;0;14;0;0;1;1;1;A01
201400026013;0;3;0;0;2;3;1;A01
201400026013;0;30;0;0;2;1;1;B01
201400026014;0;33;0;8;0;2;1;A01
201400026015;0;7;0;0;2;1;21;B01
201400026015;0;7;0;0;2;1;5;A01
201400026015;0;14;0;0;2;1;21;C01
201400026016;0;7;0;6;1;3;0;A01
201400026017;0;10;0;0;1;0;0;A01
201400026018;0;7;0;0;2;3;13;A01
201400026018;0;7;0;0;2;1;1;B01
201400026019;0;7;0;0;1;3;0;A01
201400026019;0;14;0;0;0;0;0;B01
201400026020;0;7;0;0;1;3;1;A01
201400026021;0;7;0;0;0;0;1;A01
201400026022;0;7;0;0;2;2;17;A01
201400026022;0;30;0;0;2;6;15;B01
201400026023;0;2;0;0;0;4;0;B01
201400026023;0;7;0;0;2;1;0;A01
201400026024;0;2;0;12;0;2;1;A01
201400026025;0;7;0;0;2;8;19;A01
201400026025;0;2;0;0;2;1;1;B01
201400026026;0;7;0;0;2;2;0;A01
201400026026;0;1;0;0;0;8;1;B01
201400026027;0;7;0;0;1;4;4;A01
201400026028;0;2;0;6;0;9;1;A01
201400026029;0;7;0;0;9;0;9;A01
201400026029;0;1;0;0;0;0;1;B01
201400026030;0;7;0;0;2;1;1;A01
201400026030;0;7;0;0;2;7;1;B01
201400026031;0;7;0;0;2;1;13;A01
201400026031;0;7;0;0;2;1;1;B01
201400026031;0;7;0;0;2;3;23;C01
201400026031;0;7;0;0;2;2;13;D01
201400026032;0;7;0;0;0;1;0;A01
201400026033;0;7;0;0;2;9;1;B01
201400026033;0;7;0;0;2;4;1;C01
201400026033;0;7;0;0;2;1;2;A01
201400026034;0;7;0;0;2;1;1;A01
201400026034;0;7;0;0;2;4;23;B01
201400026035;0;7;0;0;2;5;15;A01
201400026035;0;30;0;0;2;1;1;B01
201400026036;0;1;0;0;2;1;1;B01
201400026036;0;7;0;0;2;1;1;A01
201400026037;0;7;0;0;2;1;1;B01
201400026037;0;7;0;0;2;8;15;A01
201400026038;0;7;0;0;1;4;20;A01
201400026039;0;7;0;13;0;2;0;A01
201400026040;0;7;0;0;2;4;1;A01
201400026040;0;32;0;0;2;1;2;B01
201400026041;0;33;0;0;2;7;17;B01
201400026041;0;7;0;0;2;8;20;A01
201400026042;0;7;0;0;0;1;1;A01
201400026042;0;7;0;0;0;7;1;B01
201400026043;0;7;0;0;0;3;9;A01
201400026043;0;7;0;0;0;2;1;B01
201400026044;0;7;0;0;0;1;1;A01
201400026044;0;7;0;0;0;4;1;B01
201400026045;0;7;0;0;2;1;0;A01
201400026045;0;7;0;0;2;9;1;B01
201400026045;0;7;0;0;2;9;1;C01
201400026045;0;7;0;0;2;4;0;D01
201400026046;0;7;0;0;2;4;1;B01
201400026046;0;7;0;0;2;1;1;A01
201400026047;0;7;0;0;0;8;1;A01
201400026047;0;7;0;0;0;2;1;B01
201400026048;0;2;0;14;0;0;0;A01
201400026049;0;30;0;1;0;1;0;A01
201400026050;0;1;0;0;1;0;0;A01
201400026051;0;7;0;0;0;8;24;A01
201400026051;0;1;0;0;2;7;17;B01
201400026052;0;21;0;0;0;8;2;B01
201400026052;0;33;0;0;2;7;2;A01
201400026053;0;7;0;0;2;1;1;A01
201400026053;0;7;0;0;2;4;1;B01
201400026054;0;7;0;0;2;1;1;A01
201400026054;0;1;0;0;2;8;19;B01
201400026055;0;7;0;0;2;1;1;B01
201400026055;0;7;0;0;2;7;1;A01
201400026056;0;30;0;14;0;3;15;A01
201400026057;0;7;0;2;0;1;1;A01
201400026058;0;10;0;0;2;1;1;A01
201400026058;0;7;0;0;2;4;2;B01
201400026059;0;7;0;0;2;1;1;B01
201400026059;0;7;0;0;2;2;19;A01
201400026060;0;7;0;0;2;1;13;A01
201400026060;0;7;0;1;2;1;1;B01
201400026061;1;7;0;0;1;0;0;A01
201400026062;0;7;0;2;0;1;13;A01
201400026063;0;33;0;0;0;0;15;A01
201400026064;0;7;0;0;1;2;1;A01
201400026065;0;7;0;0;0;1;1;A01
201400026065;0;33;0;0;0;4;1;B01
201400026065;0;7;0;0;0;4;1;C01
201400026066;0;30;0;2;0;1;1;A01
201400026067;0;31;0;0;2;1;1;B01
201400026067;0;15;0;0;2;1;1;A01
201400026068;0;10;0;1;0;1;1;A01
201400026068;0;7;0;0;2;4;23;B01
201400026069;0;7;0;16;0;0;0;A01
201400026070;0;7;0;0;2;3;23;B01
201400026070;0;31;0;0;2;1;1;A01
201400026071;0;7;0;0;2;4;1;B01
201400026071;0;7;0;0;2;1;1;A01
201400026072;0;2;0;0;0;0;17;A01
201400026072;0;7;0;0;0;0;15;B01
201400026073;0;10;0;8;0;1;1;A01
201400026074;0;7;0;0;0;9;1;A01
201400026075;0;7;0;0;1;4;4;A01
201400026076;0;7;0;0;0;4;1;B01
201400026076;0;7;0;0;2;1;1;A01
201400026077;0;7;0;8;0;2;1;A01
201400026078;0;7;0;0;2;3;15;B01
201400026078;0;30;0;0;2;1;17;A01
201400026079;0;7;0;0;2;2;1;A01
201400026079;0;14;0;0;2;7;1;B01
201400026080;0;7;0;0;2;1;15;A01
201400026080;0;7;0;0;0;6;1;B01
201400026081;0;33;0;0;2;1;1;B01
201400026081;0;7;0;0;2;1;15;A01
201400026082;0;1;0;0;2;1;0;A01
201400026082;0;7;0;0;2;2;20;B01
201400026083;1;7;0;0;1;0;0;A01
201400026084;0;7;0;0;2;1;2;A01
201400026084;0;7;0;0;2;4;2;B01
201400026085;0;7;0;0;2;1;1;A01
201400026085;0;7;0;0;2;4;23;C01
201400026085;0;7;0;0;2;4;1;B01
201400026086;0;7;0;0;0;4;0;B01
201400026086;0;7;0;0;0;1;0;A01
201400026087;0;38;45;0;1;2;1;A01
201400026088;0;7;0;0;2;3;15;A01
201400026088;0;1;0;0;2;1;1;B01
201400026089;0;7;0;0;9;5;15;A01
201400026089;0;33;0;0;9;8;1;B01
201400026090;0;7;0;0;1;8;1;A01
201400026091;0;3;0;0;0;2;0;A01
201400026092;0;37;0;0;2;3;1;A01
201400026092;0;10;0;15;2;3;1;B01
201400026093;0;7;0;1;0;2;1;A01
201400026094;0;32;0;1;2;8;1;A01
201400026094;0;7;0;0;2;4;20;B01
201400026095;0;7;0;0;2;2;1;B01
201400026095;0;7;0;0;2;3;1;A01
201400026096;0;7;0;0;2;1;1;C01
201400026096;0;17;0;0;2;1;1;B01
201400026096;0;7;0;0;2;3;13;A01
201400026097;0;7;0;0;2;1;1;A01
201400026097;0;7;0;0;2;5;1;B01
201400026098;0;7;0;0;2;1;1;B01
201400026098;0;7;0;0;2;8;9;A01
201400026099;0;7;0;2;0;9;1;A01
201400026100;0;7;0;0;2;4;2;B01
201400026100;0;7;0;0;2;1;2;A01
201400026101;0;7;0;0;2;4;23;B01
201400026101;0;7;0;0;2;1;1;A01
201400026102;0;7;0;0;2;3;1;A01
201400026102;0;7;0;6;2;1;1;B01
201400026103;0;10;0;0;2;9;19;A01
201400026103;0;7;0;0;2;1;19;B01
201400026104;0;30;0;0;0;1;1;A01
201400026104;0;7;0;0;0;4;16;B01
201400026105;0;1;0;0;2;8;2;B01
201400026105;0;10;0;0;2;7;14;A01
201400026106;0;20;0;0;2;8;1;A01
201400026106;0;7;0;7;2;1;1;B01
201400026107;0;7;0;0;1;1;1;A01
201400026108;0;7;0;0;0;0;0;B01
201400026108;0;7;0;0;0;0;0;A01
201400026109;0;7;0;0;1;1;1;A01
201400026110;0;7;0;0;1;1;1;A01
201400026111;0;7;0;0;2;9;17;A01
201400026111;0;14;0;0;2;3;1;B01
201400026112;0;7;0;0;2;1;2;A01
201400026112;0;30;0;0;2;4;2;B01
201400026113;0;7;0;0;2;4;23;C01
201400026113;0;7;0;0;2;4;23;B01
201400026113;0;7;0;0;2;1;1;A01
201400026114;0;7;0;0;2;1;2;A01
201400026114;0;7;0;0;2;4;1;B01
201400026115;0;7;0;0;0;8;1;B01
201400026115;0;7;0;0;0;3;9;A01
201400026116;0;7;0;5;0;2;1;A01
201400026117;0;30;0;0;2;7;14;A01
201400026117;0;7;0;0;2;8;1;B01
201400026118;0;33;0;0;0;8;0;A01
201400026119;0;2;0;0;1;1;1;A01
201400026120;0;33;0;0;2;1;2;A01
201400026120;0;7;0;0;2;4;2;B01
201400026121;0;7;0;0;0;4;2;B01
201400026121;0;30;0;0;2;1;1;A01
201400026122;0;7;0;15;0;1;1;A01
201400026123;0;7;0;0;0;2;15;A01
201400026123;0;33;0;0;0;1;1;B01
201400026124;0;7;0;0;2;3;1;B01
201400026124;0;7;0;6;2;1;1;A01
201400026125;0;7;0;0;0;4;23;B01
201400026125;0;1;0;1;0;1;1;A01
201400026126;0;7;0;0;2;8;10;A01
201400026126;0;33;0;0;2;0;1;B01
201400026127;0;7;0;8;0;1;1;A01
201400026128;0;7;0;0;2;1;1;B01
201400026128;0;7;0;0;2;8;9;A01
201400026129;0;7;0;0;2;2;15;A01
201400026129;0;7;0;0;2;1;1;B01
201400026130;0;7;0;0;0;9;1;A01
201400026131;0;7;0;15;0;0;0;A01
201400026132;1;7;0;0;1;0;1;A01
201400026133;0;7;0;8;0;1;20;A01
201400026134;0;7;0;0;1;5;1;A01
201400026135;0;33;0;13;0;0;1;A01
201400026136;0;2;0;0;2;1;1;B01
201400026136;0;7;0;0;2;3;9;A01
201400026137;0;30;0;14;0;0;1;A01
201400026138;0;7;0;0;1;8;1;A01
201400026139;0;7;0;0;2;1;1;A01
201400026139;0;7;0;0;0;4;2;B01
201400026140;0;32;0;0;2;1;1;A01
201400026140;0;7;0;0;2;8;15;B01
201400026141;0;7;0;0;2;8;15;B01
201400026141;0;7;0;0;2;3;1;A01
201400026142;0;7;0;0;2;1;1;A01
201400026142;0;2;0;0;2;8;9;B01
201400026143;0;1;0;0;2;1;1;B01
201400026143;0;7;0;0;2;3;1;A01
201400026144;0;7;0;0;2;4;2;C01
201400026144;0;7;0;0;2;9;2;B01
201400026144;0;7;0;0;2;1;2;A01
201400026145;0;7;0;0;1;2;1;A01
201400026146;0;7;0;13;0;0;1;A01
201400026147;0;7;0;0;0;1;1;A01
201400026147;0;7;0;0;0;4;1;B01
201400026148;0;33;0;0;0;8;1;A01
201400026149;0;32;0;0;2;1;1;B01
201400026149;0;7;0;0;2;1;15;A01
201400026150;0;1;0;1;0;1;1;B01
201400026150;0;7;0;0;2;5;22;A01
201400026151;0;7;0;0;2;7;9;A01
201400026151;0;1;0;0;2;1;0;B01
201400026152;0;7;0;0;2;3;13;A01
201400026152;0;7;0;0;2;3;1;B01
201400026153;0;7;0;16;0;0;1;A01
201400026154;0;7;0;6;0;7;14;A01
201400026155;0;7;0;0;1;2;1;A01
201400026156;0;7;0;0;0;1;2;A01
201400026156;0;7;0;0;0;4;2;B01
201400026157;0;7;0;0;1;1;1;A01
201400026158;0;7;0;2;0;1;0;A01
201400026159;0;7;0;0;2;1;2;D01
201400026159;0;7;0;0;2;4;2;B01
201400026159;0;7;0;0;2;1;2;A01
201400026159;0;7;0;0;0;4;2;C01
201400026160;0;2;0;1;0;1;21;A01
201400026161;0;7;0;0;0;4;23;B01
201400026161;0;7;0;0;0;4;23;C01
201400026161;0;7;0;0;2;1;1;A01
201400026162;0;7;0;0;2;6;22;A01
201400026162;0;1;0;1;0;1;1;B01
201400026163;0;7;0;0;2;1;1;A01
201400026163;0;30;0;0;2;4;23;B01
201400026164;0;7;0;0;2;1;9;A01
201400026164;0;1;0;0;2;4;2;B01
201400026165;0;7;0;0;2;1;1;B01
201400026165;0;1;0;0;2;4;17;A01
201400026166;0;10;0;0;2;3;20;A01
201400026166;0;1;0;0;2;7;21;B01
201400026167;0;32;0;0;2;1;1;A01
201400026167;0;7;0;0;2;4;23;B01
201400026168;0;2;0;14;0;0;1;A01
201400026169;0;2;0;0;0;0;0;A01
201400026170;0;31;0;0;2;4;1;A01
201400026170;0;7;0;0;2;1;1;B01
201400026171;0;7;0;0;2;2;1;A01
201400026171;0;7;0;0;2;1;1;B01
201400026172;0;10;0;0;2;4;1;B01
201400026172;0;10;0;0;2;4;1;C01
201400026172;0;10;0;0;2;1;1;A01
201400026173;0;7;0;0;1;7;1;A01
201400026174;0;2;0;0;2;2;1;B01
201400026174;0;7;0;0;2;1;16;A01
201400026175;0;2;0;0;2;1;2;A01
201400026175;0;7;0;0;2;4;1;B01
201400026176;0;2;0;0;2;1;1;B01
201400026176;0;7;0;0;2;2;15;A01
201400026177;0;7;0;0;0;4;23;B01
201400026177;0;13;0;1;0;1;1;A01
201400026178;0;7;0;0;2;4;15;B01
201400026178;0;7;0;0;2;1;1;A01
201400026179;0;7;0;0;1;1;1;A01
201400026180;0;33;0;0;0;7;16;A01
201400026181;0;7;0;0;2;4;2;C01
201400026181;0;10;0;0;2;1;2;A01
201400026181;0;7;0;0;2;4;1;B01
201400026181;0;7;0;0;2;4;2;D01
201400026182;0;7;0;0;2;1;2;A01
201400026182;0;7;0;0;0;4;1;B01
201400026183;0;7;0;0;2;4;1;B01
201400026183;0;2;0;0;2;1;1;A01
201400026184;0;7;0;0;2;1;1;B01
201400026184;0;7;0;0;2;7;1;A01
201400026185;0;1;0;0;2;1;1;B01
201400026185;0;7;0;0;2;2;16;A01
201400026186;0;34;0;0;2;1;1;B01
201400026186;0;7;0;0;2;7;15;A01
201400026187;0;7;0;0;0;7;1;A01
201400026188;0;7;0;0;0;2;1;A01
201400026189;0;7;0;0;2;1;2;A01
201400026189;0;7;0;0;2;8;15;B01
201400026190;0;30;0;0;1;1;1;A01
201400026191;0;10;0;0;2;2;15;A01
201400026191;0;33;0;0;2;1;1;B01
201400026192;0;7;0;0;1;1;0;A01
201400026193;0;7;0;0;2;1;15;A01
201400026193;0;32;0;0;2;1;1;B01
201400026194;0;7;0;0;0;0;0;B01
201400026194;0;7;0;0;2;1;15;A01
201400026195;0;31;0;0;1;1;1;A01
201400026196;0;10;0;0;2;1;15;A01
201400026196;0;30;0;0;2;1;1;B01
201400026197;0;7;0;0;0;4;2;C01
201400026197;0;10;0;0;2;1;2;B01
201400026197;0;10;0;0;2;3;11;A01
201400026198;0;99;0;0;0;8;1;B01
201400026198;0;7;0;0;2;1;1;A01
201400026199;0;30;0;0;2;1;1;B01
201400026199;0;30;0;0;2;8;15;A01
201400026200;0;37;3;0;2;3;1;C01
201400026200;0;33;0;0;2;1;3;A01
201400026200;0;7;0;0;2;2;1;B01
201400026201;0;33;0;0;0;8;1;A01
201400026202;0;1;0;0;0;0;1;A01
201400026203;0;7;0;0;2;3;1;B01
201400026203;0;7;0;0;2;2;1;A01
201400026204;0;7;0;0;2;3;15;B01
201400026204;0;7;0;0;2;1;1;A01
201400026205;0;32;0;0;2;1;1;B01
201400026205;0;7;0;0;2;5;15;A01
201400026206;0;7;0;0;1;2;1;A01
201400026207;0;7;0;13;0;3;17;A01
201400026208;0;7;0;0;2;7;15;A01
201400026208;0;2;0;0;2;1;1;B01
201400026209;0;31;0;16;0;1;1;A01
201400026210;0;30;0;0;2;1;2;A01
201400026211;0;7;0;0;2;2;16;A01
201400026211;0;30;0;0;2;8;1;B01
201400026212;0;7;0;0;2;4;1;B01
201400026212;0;7;0;0;2;1;1;A01
201400026213;0;7;0;0;2;2;15;A01
201400026213;0;33;0;0;2;1;1;B01
201400026214;0;30;0;0;2;1;1;A01
201400026214;0;30;0;0;2;4;16;B01
201400026215;0;7;0;1;0;7;1;A01
201400026216;0;30;0;11;0;7;0;A01
201400026217;0;7;0;4;0;2;1;A01
201400026217;0;7;0;1;0;1;1;B01
201400026218;0;7;0;0;0;0;0;B01
201400026218;0;7;0;0;0;0;0;A01
201400026219;0;2;0;0;2;6;1;A01
201400026219;0;1;0;0;2;1;1;B01
201400026219;0;7;0;0;2;7;1;C01
201400026220;0;15;0;4;0;7;1;A01
201400026221;0;7;0;0;2;1;1;A01
201400026221;0;7;0;0;2;7;1;B01
201400026222;0;1;0;0;1;1;0;A01
201400026223;0;30;0;15;0;1;14;A01
201400026224;0;7;0;0;2;1;15;B01
201400026224;0;7;0;1;2;7;1;A01
201400026225;0;7;0;0;2;8;15;A01
201400026225;0;31;0;0;2;1;1;B01
201400026226;0;7;0;12;0;1;1;A01
201400026227;0;31;0;0;0;3;15;A01
201400026228;0;1;0;0;0;8;0;A01
201400026229;0;7;0;1;0;2;14;A01
201400026230;0;30;0;0;0;8;16;A01
201400026231;0;7;0;0;2;1;2;A01
201400026231;0;7;0;0;2;4;2;B01
201400026232;0;7;0;0;2;3;1;A01
201400026232;0;33;0;0;2;8;1;B01
201400026233;0;7;0;0;2;2;1;A01
201400026233;0;7;0;0;2;1;15;B01
201400026234;0;10;0;0;1;6;4;A01
201400026235;0;7;0;0;2;3;16;B01
201400026235;0;7;0;0;2;2;1;A01
201400026236;0;7;0;0;1;1;1;A01
201400026237;0;34;0;0;1;1;1;A01
201400026238;0;7;0;4;0;1;1;A01
201400026239;0;7;0;0;2;1;1;A01
201400026239;0;1;0;0;2;7;1;B01
201400026240;0;7;0;0;2;3;13;A01
201400026240;0;7;0;0;2;3;1;B01
201400026241;0;2;0;0;2;1;1;A01
201400026242;0;7;0;0;1;1;16;A01
201400026243;0;30;0;0;0;0;1;A01
201400026244;0;1;0;0;0;0;1;A01
201400026245;0;7;0;0;1;1;1;A01
201400026246;0;10;0;0;2;1;1;B01
201400026246;0;7;0;0;2;7;1;A01
201400026247;0;7;0;0;2;1;15;A01
201400026247;0;7;0;0;2;3;1;B01
201400026248;0;32;0;0;0;8;1;A01
201400026249;0;7;0;0;2;8;1;B01
201400026249;0;7;0;0;2;1;1;A01
201400026250;0;32;0;0;1;1;1;A01
201400026251;0;7;0;0;2;0;1;A01
201400026251;0;1;0;0;0;0;0;B01
201400026252;0;7;0;0;0;1;1;A01
201400026252;0;2;0;0;2;1;1;B01
201400026253;0;7;0;0;2;4;1;B01
201400026253;0;10;0;0;2;1;1;A01
201400026253;0;7;0;0;2;4;1;C01
201400026254;0;33;0;0;2;8;1;B01
201400026254;0;7;0;0;2;7;17;A01
201400026255;0;1;0;0;0;0;1;A01
201400026256;0;7;0;0;2;4;1;B01
201400026256;0;17;0;0;2;1;1;A01
201400026257;0;7;0;0;2;1;1;A01
201400026257;0;7;0;0;2;3;1;B01
201400026258;0;10;0;0;2;0;22;A01
201400026258;0;1;0;1;0;1;1;B01
201400026259;0;2;0;0;0;0;1;A01
201400026260;0;7;0;1;0;1;1;A01
201400026261;0;7;0;0;1;1;1;A01
201400026262;0;7;0;0;2;1;1;A01
201400026262;0;7;0;0;2;4;1;B01
201400026263;0;7;0;0;2;1;1;A01
201400026263;0;7;0;6;2;8;1;B01
201400026264;0;7;0;0;2;1;1;A01
201400026264;0;7;0;0;0;4;1;B01
201400026265;0;10;0;0;2;1;1;A01
201400026265;0;7;0;0;2;4;1;B01
201400026266;0;40;0;0;2;2;1;A01
201400026266;0;2;0;0;4;4;1;B01
201400026267;0;7;0;14;0;1;1;A01
201400026267;0;7;0;0;0;4;23;B01
201400026268;0;7;0;14;0;1;1;A01
201400026268;0;7;0;0;0;4;23;B01
201400026269;0;7;0;0;1;3;1;A01
201400026270;0;7;0;0;2;1;2;A01
201400026270;0;10;0;0;2;4;15;B01
201400026271;0;2;0;0;0;8;15;A01
201400026272;0;7;0;0;2;7;16;A01
201400026272;0;30;0;0;2;1;2;B01
201400026273;1;7;0;0;1;2;0;Z01
201400026274;0;7;0;0;1;2;1;A01
201400026275;0;7;0;0;0;2;1;B01
201400026275;0;33;0;0;0;1;0;A01
201400026276;0;7;0;0;0;4;2;C01
201400026276;0;7;0;0;2;4;2;B01
201400026276;0;7;0;0;2;1;2;A01
201400026277;0;7;0;0;2;4;2;B01
201400026277;0;7;0;0;0;4;2;C01
201400026277;0;7;0;0;2;1;2;A01
201400026278;0;10;0;0;2;1;9;A01
201400026278;0;32;0;0;2;1;1;B01
201400026279;0;7;0;0;1;2;1;A01
201400026280;0;7;0;0;2;1;0;A01
201400026280;0;7;0;0;2;1;1;B01
201400026281;0;7;0;0;2;1;2;A01
201400026281;0;7;0;0;0;6;15;B01
201400026282;0;7;0;4;0;3;1;A01
201400026283;0;7;0;0;1;1;2;A01
201400026284;0;7;0;4;0;3;2;A01
201400026285;0;30;0;0;0;7;2;A01
201400026286;0;7;0;0;2;2;19;A01
201400026286;0;7;0;0;2;1;19;B01
201400026287;0;7;0;0;2;1;2;B01
201400026287;0;7;0;0;2;7;19;A01
201400026288;0;7;0;0;1;8;2;A01
201400026289;2;2;0;0;1;2;0;A01
201400026290;0;7;0;0;2;4;2;B01
201400026290;0;7;0;14;0;1;2;A01
201400026290;0;7;0;0;2;4;2;C01
201400026291;0;7;0;0;2;3;0;A01
201400026291;0;7;0;1;2;6;0;B01
201400026292;0;33;0;0;2;7;1;B01
201400026292;0;7;0;0;2;8;15;A01
201400026293;0;7;0;0;2;1;1;B01
201400026293;0;2;0;0;2;8;1;A01
201400026294;0;33;0;0;0;0;1;A01
201400026295;0;32;0;0;0;0;1;A01
201400026296;1;7;0;0;1;2;1;Z01
201400026297;0;7;0;0;0;0;0;A01
201400026297;0;2;0;0;0;0;0;B01
201400026298;0;10;0;0;2;3;15;B01
201400026298;0;32;0;0;2;1;1;A01
201400026299;0;7;0;0;2;4;1;C01
201400026299;0;7;0;0;2;1;0;A01
201400026299;0;7;0;0;2;4;1;B01
201400026300;0;1;0;0;2;4;0;B01
201400026300;0;7;0;0;2;3;16;A01
201400026301;0;7;0;0;2;8;20;A01
201400026301;0;2;0;0;2;1;1;B01