num_acc;senc;catv;occutc;obs;obsm;choc;manv;num_veh
201400026302;0;7;0;0;2;3;1;B01
201400026302;0;7;0;0;2;3;15;A01
201400026303;0;33;0;0;0;8;1;A01
201400026304;0;7;0;0;2;1;0;A01
201400026304;0;7;0;0;2;1;1;B01
201400026305;0;30;0;0;2;2;1;B01
201400026305;0;30;0;0;2;8;9;A01
201400026306;0;7;0;0;2;2;1;A01
201400026306;0;7;0;0;2;1;1;B01
201400026307;0;7;0;0;1;1;1;A01
201400026308;0;33;0;0;2;7;1;B01
201400026308;0;10;0;0;2;2;9;A01
201400026309;0;33;0;0;2;7;1;B01
201400026309;0;7;0;0;2;3;9;A01
201400026310;0;33;0;0;2;7;1;B01
201400026310;0;33;0;0;2;8;1;A01
201400026311;0;7;0;0;1;1;0;A01
201400026312;0;10;0;0;2;4;1;B01
201400026312;0;7;0;0;2;1;1;A01
201400026313;0;7;0;0;2;1;1;A01
201400026313;0;7;0;0;2;4;1;B01
201400026314;0;7;0;0;2;2;1;B01
201400026314;0;7;0;0;2;8;15;A01
201400026315;0;7;0;0;2;3;15;B01
201400026315;0;7;0;0;2;1;2;A01
201400026316;0;7;0;0;0;0;0;B01
201400026316;0;30;0;0;2;0;0;A01
201400026317;0;7;0;0;2;1;1;A01
201400026317;0;7;0;0;2;4;1;B01
201400026318;0;7;0;0;1;1;1;A01
201400026319;0;7;0;0;1;2;1;A01
201400026320;0;7;0;0;2;1;0;B01
201400026320;0;7;0;0;2;5;0;A01
201400026321;0;32;0;0;0;8;1;A01
201400026322;0;7;0;0;2;1;2;A01
201400026322;0;1;0;0;2;8;19;B01
201400026323;0;7;0;0;2;2;1;B01
201400026323;0;1;0;0;2;1;9;A01
201400026324;0;7;0;0;2;1;1;A01
201400026324;0;7;0;0;2;4;1;B01
201400026325;0;7;0;0;2;2;15;A01
201400026325;0;7;0;0;2;1;1;B01
201400026326;0;7;0;0;0;2;1;A01
201400026327;0;2;0;0;2;1;2;A01
201400026327;0;7;0;0;2;4;2;B01
201400026328;0;2;0;0;0;0;2;A01
201400026329;0;1;0;0;0;0;1;A01
201400026330;0;7;0;15;0;2;13;A01
201400026331;0;7;0;0;1;1;9;A01
201400026332;0;33;0;0;0;0;0;A01
201400026333;0;1;0;0;2;1;1;B01
201400026333;0;7;0;0;2;0;22;A01
201400026334;0;1;0;0;0;4;1;A01
201400026335;0;7;0;0;2;4;15;B01
201400026335;0;10;0;0;2;1;1;A01
201400026335;0;10;0;0;2;1;1;C01
201400026336;0;7;0;0;2;1;1;B01
201400026336;0;2;0;0;2;1;1;A01
201400026337;0;7;0;0;2;1;1;A01
201400026337;0;7;0;7;1;7;1;B01
201400026338;0;7;0;0;2;1;1;A01
201400026338;0;10;0;0;2;4;1;C01
201400026338;0;7;0;0;2;4;1;B01
201400026339;1;33;0;0;2;1;1;B01
201400026339;0;7;0;0;2;6;11;A01
201400026340;0;7;0;0;1;1;1;A01
201400026341;0;10;0;4;0;3;1;A01
201400026342;0;2;0;0;0;0;0;A01
201400026343;0;7;0;0;2;4;1;B01
201400026343;0;7;0;0;2;0;1;C01
201400026343;0;37;1;0;2;1;1;A01
201400026344;0;7;0;0;2;1;1;A01
201400026344;0;7;0;0;2;4;1;B01
201400026345;0;34;0;0;2;1;1;B01
201400026345;0;7;0;0;2;1;15;A01
201400026346;0;37;1;0;2;4;23;B01
201400026346;0;7;0;0;2;1;13;A01
201400026347;0;10;0;0;2;1;1;A01
201400026347;0;10;0;0;2;6;1;B01
201400026348;0;7;0;0;2;6;1;C01
201400026348;0;7;0;0;2;6;1;B01
201400026348;0;7;0;0;2;1;1;A01
201400026349;0;7;0;0;2;2;1;B01
201400026349;0;2;0;0;2;5;1;A01
201400026350;0;7;0;0;2;3;9;A01
201400026350;0;30;0;0;2;7;1;B01
201400026351;0;7;0;0;2;5;2;B01
201400026351;0;7;0;0;2;1;19;A01
201400026352;0;7;0;4;0;8;1;A01
201400026353;0;7;0;15;0;1;13;A01
201400026354;0;7;0;0;1;2;9;A01
201400026355;0;7;0;0;2;1;2;A01
201400026355;0;7;0;0;2;4;2;B01
201400026355;0;7;0;0;2;4;2;C01
201400026355;0;7;0;0;2;4;2;D01
201400026356;0;7;0;0;2;1;1;A01
201400026356;0;7;0;0;2;6;1;B01
201400026357;0;7;0;0;0;5;15;B01
201400026357;0;33;0;0;2;1;2;A01
201400026358;0;7;0;0;1;8;1;A01
201400026359;0;30;0;0;2;1;1;A01
201400026359;0;7;0;0;0;3;15;B01
201400026360;0;7;0;0;1;7;1;A01
201400026361;0;1;0;0;2;1;2;B01
201400026361;0;7;0;1;2;8;22;A01
201400026362;0;7;0;0;2;2;1;A01
201400026362;0;7;0;0;2;3;1;B01
201400026363;0;7;0;0;2;6;2;B01
201400026363;0;7;0;0;2;6;4;A01
201400026364;0;37;1;0;2;3;16;B01
201400026364;0;7;0;0;2;2;1;A01
201400026365;0;7;0;0;2;6;15;B01
201400026365;0;7;0;0;2;2;1;A01
201400026366;0;10;0;14;0;2;17;A01
201400026366;0;15;0;0;2;6;23;C01
201400026366;0;2;0;0;2;1;1;B01
201400026367;0;30;0;0;1;1;1;A01
201400026368;0;7;0;0;2;7;15;B01
201400026368;0;7;0;0;2;1;1;A01
201400026369;0;10;0;0;2;2;1;B01
201400026369;0;7;0;0;2;6;4;A01
201400026370;0;1;0;0;0;0;15;A01
201400026371;0;7;0;0;2;1;1;B01
201400026371;0;37;2;0;2;7;1;A01
201400026372;0;10;0;0;2;5;0;B01
201400026372;0;10;0;1;0;2;2;A01
201400026373;0;7;0;0;2;2;15;A01
201400026373;0;1;0;0;2;1;15;B01
201400026374;0;7;0;0;2;4;2;B01
201400026374;0;7;0;0;2;1;2;A01
201400026374;0;10;0;0;0;4;2;C01
201400026375;0;7;0;0;2;1;2;A01
201400026375;0;10;0;0;2;4;2;B01
201400026376;0;2;0;0;2;4;15;B01
201400026376;1;10;0;0;2;1;15;Z01
201400026377;0;2;0;0;2;1;2;A01
201400026377;0;15;0;0;2;6;2;B01
201400026378;0;1;0;0;0;6;2;A01
201400026379;0;30;0;0;2;7;1;B01
201400026379;0;7;0;0;2;3;10;A01
201400026380;0;7;0;0;2;4;1;B01
201400026380;0;7;0;0;2;1;2;A01
201400026380;0;7;0;0;0;4;2;C01
201400026381;0;7;0;0;2;4;2;B01
201400026381;0;7;0;0;2;1;2;A01
201400026382;0;7;0;6;0;1;0;A01
201400026383;0;7;0;0;0;0;0;B01
201400026383;0;2;0;0;2;0;0;A01
201400026384;0;33;0;0;0;0;0;A01
201400026385;0;1;0;0;0;0;0;A01
201400026386;0;7;0;0;1;7;1;A01
201400026387;0;7;0;3;0;1;1;A01
201400026388;0;7;0;0;2;3;1;B01
201400026388;0;7;0;0;2;2;1;A01
201400026389;0;10;0;0;2;1;1;A01
201400026389;0;7;0;0;2;4;1;B01
201400026389;0;7;0;0;2;4;1;C01
201400026390;0;7;0;0;1;3;1;A01
201400026391;0;7;0;0;2;8;1;B01
201400026391;0;7;0;0;2;1;1;A01
201400026392;0;7;0;0;2;4;1;B01
201400026392;0;7;0;0;2;1;1;A01
201400026393;0;7;0;0;2;8;22;A01
201400026393;0;1;0;1;0;1;1;B01
201400026394;0;7;0;1;2;8;1;B01
201400026394;0;7;0;9;2;1;1;A01
201400026395;0;7;0;0;2;7;14;A01
201400026395;0;1;0;0;2;8;1;B01
201400026396;0;1;0;0;2;8;0;B01
201400026396;0;7;0;0;9;2;1;A01
201400026397;0;7;0;0;9;2;9;A01
201400026397;0;1;0;0;2;7;9;B01
201400026398;1;7;0;0;1;0;1;A01
201400026399;0;1;0;0;2;1;1;B01
201400026399;0;7;0;0;2;1;1;A01
201400026400;0;7;0;13;0;1;1;A01
201400026401;0;10;0;4;0;2;1;A01
201400026402;0;7;0;4;0;1;1;A01
201400026403;0;7;0;0;2;1;1;A01
201400026403;0;7;0;0;2;6;1;B01
201400026404;0;7;0;13;0;4;1;A01
201400026405;0;2;0;6;0;1;14;A01
201400026406;0;7;0;3;0;1;1;A01
201400026407;0;7;0;0;2;8;1;B01
201400026407;0;7;0;0;2;7;14;A01
201400026408;0;7;0;1;0;1;1;A01
201400026409;0;37;1;0;1;0;0;A01
201400026410;0;7;0;4;0;1;1;A01
201400026411;0;7;0;8;0;3;0;A01
201400026412;0;7;0;0;1;1;15;A01
201400026413;0;33;0;0;2;1;1;A01
201400026413;0;7;0;0;2;4;1;B01
201400026414;0;1;0;0;2;1;1;B01
201400026414;0;7;0;0;2;2;15;A01
201400026415;0;7;0;0;2;2;16;A01
201400026415;0;30;0;0;2;1;1;B01
201400026416;0;1;0;0;0;1;1;B01
201400026417;0;2;0;0;0;0;0;A01
201400026418;0;7;0;0;0;0;0;A01
201400026418;0;7;0;0;0;0;0;B01
201400026419;0;7;0;0;0;0;0;A01
201400026419;0;30;0;0;0;0;0;B01
201400026420;0;3;0;0;0;6;0;A01
201400026420;1;7;0;0;0;1;0;Z01
201400026421;0;7;0;0;2;1;1;B01
201400026421;0;7;0;0;2;1;5;A01
201400026422;0;7;0;0;2;1;1;B01
201400026422;1;7;0;0;2;2;1;Z01
201400026423;0;7;0;0;2;3;1;A01
201400026423;0;1;0;0;2;1;1;B01
201400026424;0;30;0;0;2;1;1;A01
201400026424;0;13;0;0;0;5;15;B01
201400026425;0;1;0;0;0;0;0;A01
201400026426;0;1;0;12;0;7;1;A01
201400026427;0;7;0;0;1;1;1;A01
201400026428;0;7;0;0;2;8;1;B01
201400026428;0;7;0;0;2;1;1;A01
201400026429;0;1;0;0;2;1;1;B01
201400026429;0;7;0;0;2;3;1;A01
201400026430;1;2;0;0;2;7;1;B01
201400026430;0;7;0;0;2;1;1;A01
201400026431;0;7;0;0;2;1;2;A01
201400026431;0;7;0;0;2;4;1;B01
201400026432;0;7;0;0;2;4;2;B01
201400026432;0;7;0;0;2;4;2;C01
201400026432;0;7;0;0;2;1;2;A01
201400026433;0;7;0;0;2;3;15;A01
201400026433;0;33;0;0;2;1;1;B01
201400026434;0;2;0;0;2;1;1;B01
201400026434;0;7;0;0;2;2;1;A01
201400026435;0;33;0;0;2;1;5;A01
201400026435;0;7;0;0;2;3;1;B01
201400026436;0;1;0;0;2;8;1;B01
201400026436;0;7;0;0;2;1;1;A01
201400026437;0;7;0;0;2;1;1;A01
201400026437;0;7;0;0;2;6;1;B01
201400026438;0;7;0;0;2;4;15;B01
201400026438;0;33;0;0;2;1;1;A01
201400026439;0;1;0;14;0;8;15;A01
201400026440;0;7;0;0;2;1;2;A01
201400026440;0;7;0;0;0;4;23;B01
201400026441;0;7;0;0;2;3;2;A01
201400026441;0;7;0;0;2;2;5;B01
201400026442;0;7;0;0;2;4;2;B01
201400026442;0;7;0;0;2;1;2;A01
201400026442;0;7;0;0;2;4;2;C01
201400026443;0;7;0;4;0;1;0;A01
201400026444;0;1;0;0;2;7;2;B01
201400026444;1;7;0;0;2;8;1;A01
201400026445;0;7;0;6;0;1;1;A01
201400026446;0;7;0;0;2;6;1;A01
201400026446;0;40;2;0;2;1;1;B01
201400026447;0;1;0;0;2;7;1;B01
201400026447;0;7;0;0;2;5;1;A01
201400026448;0;7;0;4;0;3;17;A01
201400026449;0;1;0;8;0;1;1;A01
201400026450;0;1;0;15;0;1;0;A01
201400026451;0;33;0;0;2;1;2;A01
201400026451;0;7;0;0;0;4;2;B01
201400026452;0;7;0;0;2;1;2;B01
201400026452;0;7;0;6;2;1;19;A01
201400026453;0;1;0;0;5;0;2;A01
201400026454;0;7;0;0;2;1;15;B01
201400026454;0;2;0;0;2;7;1;A01
201400026455;0;7;0;0;2;1;2;A01
201400026455;0;7;0;0;2;4;2;B01
201400026455;0;7;0;0;0;4;2;C01
201400026456;0;7;0;0;2;3;20;A01
201400026456;0;2;0;0;2;1;2;B01
201400026457;0;1;0;0;2;1;2;B01
201400026457;0;7;0;0;2;6;20;A01
201400026458;0;1;0;0;1;1;1;A01
201400026459;0;7;0;0;2;4;2;B01
201400026459;0;7;0;0;2;1;2;A01
201400026460;0;7;0;0;2;3;9;A01
201400026460;0;30;0;0;2;7;15;B01
201400026461;0;7;0;0;2;3;13;A01
201400026461;0;10;0;0;2;3;1;B01
201400026462;0;30;0;11;0;1;1;A01
201400026463;0;32;0;0;0;8;21;A01
201400026464;0;34;0;0;2;8;1;B01
201400026464;0;7;0;0;2;3;15;A01
201400026465;0;7;0;0;1;4;4;A01
201400026466;0;7;0;8;0;1;13;A01
201400026467;0;30;0;0;2;1;1;B01
201400026467;0;7;0;0;2;8;1;A01
201400026468;0;30;0;0;0;0;16;A01
201400026469;0;7;0;0;2;4;1;B01
201400026469;0;7;0;0;2;4;1;C01
201400026469;0;7;0;0;2;1;1;A01
201400026470;0;7;0;0;2;4;23;C01
201400026470;0;7;0;0;2;4;23;B01
201400026470;0;7;0;0;2;1;1;A01
201400026471;0;7;0;0;2;1;13;A01
201400026471;0;7;0;0;2;1;1;B01
201400026472;0;30;0;0;0;0;1;A01
201400026473;0;2;0;0;0;0;0;A01
201400026474;0;30;0;0;2;0;0;A01
201400026474;0;7;0;0;0;0;0;B01
201400026475;0;2;0;0;0;0;1;A01
201400026476;0;7;0;0;2;0;0;B01
201400026476;0;33;0;0;2;0;0;A01
201400026477;0;7;0;0;0;0;0;B01
201400026477;0;7;0;0;2;0;0;A01
201400026478;0;7;0;15;0;0;0;A01
201400026479;0;7;0;0;2;1;9;A01
201400026479;0;37;1;0;2;7;1;B01
201400026480;0;7;0;0;2;8;10;A01
201400026480;0;33;0;0;2;1;1;B01
201400026481;0;1;0;0;2;5;9;A01
201400026481;0;7;0;0;2;1;1;B01
201400026482;0;7;0;0;2;2;1;A01
201400026482;0;7;0;0;2;1;1;B01
201400026483;0;33;0;2;0;1;1;A01
201400026484;0;7;0;0;2;1;1;A01
201400026484;0;10;0;0;2;4;1;B01
201400026485;0;7;0;0;2;4;23;B01
201400026485;0;7;0;0;2;1;1;A01
201400026486;0;36;0;3;0;3;17;A01
201400026487;0;7;0;13;0;1;1;A01
201400026488;0;7;0;0;2;2;1;B01
201400026488;0;7;0;0;2;3;1;A01
201400026489;0;7;0;4;0;1;1;A01
201400026490;0;1;0;0;0;0;1;A01
201400026491;0;7;0;0;2;4;1;B01
201400026491;0;7;0;0;2;1;1;A01
201400026492;0;1;0;0;2;1;5;A01
201400026492;0;7;0;0;2;1;1;B01
201400026493;0;33;0;0;2;0;21;B01
201400026493;0;10;0;0;2;0;20;A01
201400026494;0;7;0;0;2;1;1;B01
201400026494;0;7;0;7;2;1;1;A01
201400026495;0;7;0;0;1;5;1;A01
201400026496;0;2;0;11;0;1;16;A01
201400026497;0;7;0;0;2;1;15;B01
201400026497;0;1;0;0;2;1;15;A01
201400026498;0;1;0;0;1;1;0;A01
201400026499;0;10;0;0;2;5;1;A01
201400026499;0;7;0;0;2;1;1;B01
201400026500;0;7;0;0;2;4;1;C01
201400026500;0;7;0;0;2;1;0;A01
201400026500;0;7;0;0;2;4;1;B01
201400026501;0;30;0;0;2;1;0;A01
201400026501;1;7;0;0;2;4;0;Z01
201400026502;0;7;0;2;0;1;1;A01
201400026503;0;7;0;0;2;8;1;B01
201400026503;0;7;0;0;2;2;12;A01
201400026504;0;32;0;0;0;0;1;A01
201400026505;0;7;0;0;2;4;1;B01
201400026505;0;10;0;0;2;2;1;A01
201400026506;0;7;0;0;2;6;15;B01
201400026506;0;33;0;0;2;1;17;A01
201400026507;0;7;0;0;2;1;1;A01
201400026507;0;7;0;0;2;4;1;B01
201400026508;0;1;0;0;2;8;1;B01
201400026508;0;7;0;0;2;1;13;A01
201400026509;0;2;0;0;0;0;0;A01
201400026510;0;30;0;0;0;0;0;B01
201400026510;1;7;0;0;0;0;0;A01
201400026511;0;7;0;0;2;8;1;B01
201400026511;0;30;0;0;2;1;1;A01
201400026512;0;7;0;0;1;1;1;A01
201400026513;0;7;0;0;2;3;15;A01
201400026513;0;7;0;0;2;3;1;B01
201400026514;0;1;0;0;2;3;1;B01
201400026514;0;7;0;0;2;5;16;A01
201400026515;0;1;0;0;2;1;1;A01
201400026515;0;7;0;0;2;1;1;B01
201400026516;0;1;0;0;2;1;1;B01
201400026516;0;7;0;0;2;1;1;A01
201400026517;0;7;0;0;2;1;1;B01
201400026517;0;7;0;0;2;2;1;A01
201400026518;0;7;0;0;2;1;1;A01
201400026518;0;7;0;0;2;1;1;C01
201400026518;0;7;0;0;2;1;1;B01
201400026519;0;1;0;0;2;1;1;B01
201400026519;0;7;0;0;2;6;15;A01
201400026520;0;7;0;0;2;1;15;A01
201400026520;0;1;0;0;2;1;1;B01
201400026521;0;7;0;0;2;1;1;A01
201400026521;0;7;0;0;2;4;1;B01
201400026521;0;7;0;0;2;4;1;D01
201400026521;0;7;0;0;2;4;1;C01
201400026522;0;7;0;0;0;1;1;A01
201400026523;0;7;0;8;0;2;1;A01
201400026524;0;1;0;0;0;1;1;A01
201400026525;0;7;0;0;2;1;1;B01
201400026525;0;7;0;0;2;1;15;A01
201400026526;0;7;0;0;2;1;1;A01
201400026526;0;2;0;0;2;1;1;B01
201400026527;0;7;0;0;1;1;1;A01
201400026528;0;1;0;0;2;1;1;A01
201400026528;0;7;0;0;2;7;14;B01
201400026529;0;7;0;0;2;4;1;B01
201400026529;0;7;0;0;2;1;1;A01
201400026529;0;7;0;0;2;4;1;C01
201400026530;0;2;0;0;2;1;9;B01
201400026530;0;7;0;0;2;7;1;A01
201400026531;0;1;0;0;2;1;1;B01
201400026531;0;7;0;0;2;3;15;A01
201400026532;0;7;0;2;0;1;1;A01
201400026533;0;1;0;0;0;0;0;A01
201400026534;0;7;0;11;0;0;0;A01
201400026535;0;2;0;0;0;0;0;A01
201400026536;0;7;0;0;2;6;10;A01
201400026536;0;33;0;0;2;1;1;B01
201400026537;0;1;0;0;2;1;1;B01
201400026537;0;7;0;0;2;3;15;A01
201400026538;0;7;0;0;2;4;1;B01
201400026538;0;7;0;0;2;1;1;A01
201400026539;0;7;0;4;0;3;1;A01
201400026540;0;7;0;0;2;1;1;B01
201400026540;0;7;0;0;2;3;15;A01
201400026541;0;31;0;0;0;8;15;A01
201400026542;0;7;0;0;2;4;1;B01
201400026542;0;14;0;0;2;1;1;A01
201400026542;0;7;0;0;0;4;1;C01
201400026543;0;1;0;0;2;2;1;B01
201400026543;1;7;0;0;2;1;1;A01
201400026544;0;10;0;0;2;2;15;A01
201400026544;0;33;0;0;2;1;1;B01
201400026545;0;10;0;0;2;4;1;B01
201400026545;0;7;0;0;2;1;1;A01
201400026546;0;7;0;0;2;8;10;A01
201400026546;0;7;0;0;2;1;1;B01
201400026547;0;32;0;0;0;0;1;A01
201400026548;0;7;0;4;0;1;1;A01
201400026549;0;7;0;0;2;7;2;B01
201400026549;0;7;0;0;2;3;16;A01
201400026550;0;7;0;0;2;1;2;B01
201400026550;0;7;0;0;2;1;2;A01
201400026550;0;7;0;0;2;4;2;C01
201400026551;0;30;0;0;0;0;0;A01
201400026552;0;34;0;0;2;1;1;B01
201400026552;0;7;0;0;2;1;15;A01
201400026553;0;30;0;0;0;0;2;A01
201400026554;0;10;0;7;2;3;16;B01
201400026554;0;13;0;0;2;2;2;A01
201400026555;0;7;0;0;2;3;1;B01
201400026555;0;1;0;0;2;8;15;A01
201400026556;0;31;0;0;2;1;1;B01
201400026556;0;7;0;0;2;2;15;A01
201400026557;0;30;0;0;2;1;1;A01
201400026557;0;7;0;0;2;5;1;B01
201400026558;0;7;0;0;2;2;1;B01
201400026558;0;30;0;0;2;1;1;A01
201400026559;0;7;0;0;0;0;0;A01
201400026559;0;7;0;0;0;0;0;B01
201400026559;0;33;0;0;0;0;0;C01
201400026560;0;7;0;0;0;0;17;B01
201400026560;0;7;0;0;0;0;13;A01
201400026561;0;37;2;0;1;1;15;A01
201400026562;0;7;0;0;2;4;1;B01
201400026562;0;7;0;0;2;4;1;C01
201400026562;0;7;0;0;2;1;1;A01
201400026563;0;7;0;0;1;2;15;A01
201400026564;0;7;0;13;0;7;17;A01
201400026565;0;1;0;0;2;4;1;B01
201400026565;0;7;0;0;2;1;9;A01
201400026566;0;30;0;0;2;0;0;A01
201400026566;0;7;0;0;2;0;0;B01
201400026567;0;31;0;0;2;0;15;A01
201400026567;0;7;0;0;0;0;1;B01
201400026568;0;7;0;0;2;2;1;A01
201400026568;0;1;0;0;2;8;19;B01
201400026569;0;34;0;0;2;8;1;B01
201400026569;0;10;0;0;2;0;9;A01
201400026570;0;7;0;0;2;1;1;A01
201400026570;0;7;0;0;2;4;1;B01
201400026571;0;7;0;0;0;9;1;A01
201400026572;0;7;0;0;2;1;1;A01
201400026572;0;7;0;0;2;7;1;B01
201400026573;0;7;0;0;2;6;1;B01
201400026573;0;2;0;0;2;2;17;A01
201400026574;0;30;0;0;2;1;9;A01
201400026574;0;7;0;0;2;7;2;B01
201400026575;0;7;0;0;2;1;15;A01
201400026575;0;30;0;0;2;1;1;B01
201400026575;0;7;0;0;9;1;23;C01
201400026576;0;7;0;0;2;2;17;A01
201400026576;0;30;0;0;2;8;15;B01
201400026577;0;10;0;0;1;4;4;A01
201400026578;0;7;0;0;2;5;16;B01
201400026578;0;1;0;0;2;1;1;A01
201400026579;0;31;0;0;0;7;1;A01
201400026580;0;7;0;0;2;1;1;B01
201400026580;0;7;0;0;2;2;15;A01
201400026581;0;7;0;0;1;3;1;A01
201400026582;0;7;0;0;1;2;0;A01
201400026583;0;7;0;0;2;1;13;A01
201400026583;0;7;0;0;2;1;1;B01
201400026584;0;33;0;11;0;1;17;A01
201400026585;0;1;0;0;0;0;1;A01
201400026586;0;7;0;0;2;1;1;A01
201400026586;0;7;0;0;2;4;1;B01
201400026587;0;10;0;0;1;1;7;A01
201400026588;0;33;0;0;2;3;1;B01
201400026588;0;10;0;0;2;5;15;A01
201400026589;0;33;0;0;2;1;1;B01
201400026589;0;7;0;0;2;5;15;A01
201400026590;0;1;0;0;2;5;1;B01
201400026590;0;7;0;0;2;2;1;A01
201400026591;0;7;0;0;2;1;1;A01
201400026591;0;7;0;0;1;4;1;B01
201400026592;0;7;0;0;1;1;1;A01
201400026593;0;7;0;2;0;1;1;A01
201400026594;0;31;0;0;0;8;1;A01
201400026595;0;7;0;11;0;3;1;A01
201400026596;0;33;0;0;0;1;1;A01
201400026597;0;7;0;0;2;3;16;B01
201400026597;0;7;0;0;2;2;17;A01
201400026598;0;7;0;0;1;1;1;A01
201400026599;0;1;0;0;0;0;1;A01
201400026600;0;1;0;0;0;0;1;A01
201400026601;0;7;0;0;1;3;0;A01
201400026602;0;2;0;0;0;8;1;A01
201400026603;0;7;0;0;2;8;1;B01
201400026603;0;7;0;0;2;1;1;A01
201400026604;0;7;0;0;2;1;1;B01
201400026604;0;10;0;8;2;7;1;A01
201400026605;0;7;0;0;1;3;1;A01
201400026606;0;7;0;0;2;7;1;A01
201400026606;0;7;0;0;2;1;1;B01
201400026607;0;1;0;0;2;1;21;B01
201400026607;0;1;0;0;2;1;5;A01
201400026608;0;7;0;15;0;1;1;A01
201400026609;0;33;0;0;2;1;1;B01
201400026609;0;7;0;0;2;2;15;A01
201400026610;0;1;0;0;2;1;1;B01
201400026610;1;7;0;0;9;0;0;A01
201400026611;0;30;0;9;0;1;1;A01
201400026612;0;7;0;0;1;3;6;A01
201400026613;0;7;0;11;0;1;1;A01
201400026614;0;33;0;0;2;1;1;B01
201400026614;1;99;0;0;2;8;15;A01
201400026615;0;7;0;6;0;1;16;A01
201400026616;0;7;0;0;6;7;21;A01
201400026617;0;7;0;0;2;1;1;A01
201400026617;0;7;0;0;2;1;1;B01
201400026618;0;7;0;0;1;1;1;A01
201400026619;0;7;0;0;2;1;1;A01
201400026619;0;7;0;0;0;4;1;B01
201400026620;0;7;0;0;1;7;1;A01
201400026621;0;7;0;0;1;1;1;A01
201400026622;0;7;0;0;2;5;1;B01
201400026622;0;7;0;0;2;3;9;A01
201400026623;0;10;0;4;0;1;1;A01
201400026624;0;31;0;0;0;0;0;A01
201400026625;0;7;0;0;2;1;1;A01
201400026625;0;7;0;0;2;8;1;B01
201400026626;0;7;0;0;2;3;1;B01
201400026626;0;7;0;0;2;3;15;A01
201400026627;0;7;0;0;1;1;21;A01
201400026628;0;7;0;0;1;1;1;A01
201400026629;1;33;0;0;1;2;0;Z01
201400026630;0;33;0;0;2;1;17;B01
201400026630;0;7;0;0;2;6;15;A01
201400026631;0;7;0;0;1;1;1;A01
201400026632;0;32;0;9;0;1;1;A01
201400026633;0;10;0;0;2;1;1;B01
201400026633;0;7;0;0;2;8;1;A01
201400026634;0;7;0;0;2;8;15;B01
201400026634;0;2;0;0;2;1;2;A01
201400026635;0;7;0;0;2;5;1;A01
201400026635;0;30;0;0;2;1;1;B01
201400026636;0;40;20;0;2;1;1;B01
201400026636;0;2;0;0;4;8;1;A01
201400026637;0;20;0;0;2;0;10;A01
201400026637;0;1;0;0;2;0;17;B01
201400026638;0;1;0;8;0;1;1;A01
201400026639;0;30;0;15;0;2;1;A01
201400026640;0;7;0;0;1;3;15;A01
201400026641;0;7;0;0;2;3;15;A01
201400026641;0;32;0;0;2;1;1;B01
201400026642;0;7;0;0;2;2;1;B01
201400026642;0;7;0;0;2;1;15;A01
201400026643;0;7;0;0;1;1;2;A01
201400026644;0;7;0;0;2;4;1;B01
201400026644;0;7;0;0;2;1;1;A01
201400026645;0;7;0;3;0;1;1;A01
201400026646;0;7;0;0;1;3;15;A01
201400026647;0;7;0;0;0;0;0;B01
201400026647;0;1;0;0;0;0;0;A01
201400026648;0;32;0;0;0;0;0;A01
201400026649;0;7;0;0;0;0;0;B01
201400026649;0;7;0;0;0;0;0;A01
201400026650;0;31;0;0;2;1;1;A01
201400026651;0;33;0;0;1;1;1;A01
201400026652;0;31;0;0;1;1;1;A01
201400026653;0;7;0;0;2;2;1;B01
201400026653;0;30;0;0;2;8;1;A01
201400026654;0;37;1;0;1;5;15;A01
201400026655;0;7;0;0;0;4;2;B01
201400026655;0;7;0;0;2;1;2;A01
201400026656;0;7;0;0;2;1;0;A01
201400026656;0;7;0;0;0;4;0;B01
201400026657;0;7;0;0;2;4;1;B01
201400026657;0;2;0;0;2;1;1;A01
201400026658;0;7;0;0;2;1;1;B01
201400026658;0;1;0;0;2;8;19;A01
201400026659;0;1;0;0;2;1;1;B01
201400026659;0;7;0;0;2;3;9;A01
201400026660;0;7;0;0;1;2;1;A01
201400026661;0;7;0;0;2;1;1;A01
201400026661;0;7;0;0;2;4;1;B01
201400026662;0;3;0;7;0;1;1;A01
201400026663;0;7;0;0;2;8;22;A01
201400026663;0;1;0;0;2;0;0;B01
201400026664;0;7;0;1;2;3;1;B01
201400026664;0;7;0;0;2;3;13;A01
201400026665;0;7;0;0;2;0;0;A01
201400026665;0;7;0;0;0;0;0;B01
201400026666;0;1;0;0;0;0;0;A01
201400026667;0;7;0;0;1;0;0;A01
201400026668;0;7;0;0;0;0;0;A01
201400026669;0;7;0;0;0;0;0;C01
201400026669;0;7;0;0;0;0;0;A01
201400026669;0;7;0;0;0;0;0;B01
201400026670;0;7;0;0;1;0;0;A01
201400026671;0;7;0;0;2;3;1;C01
201400026671;0;33;0;0;2;7;10;B01
201400026671;0;7;0;0;2;1;15;A01
201400026672;0;7;0;0;2;1;2;A01
201400026672;0;33;0;0;2;4;2;B01
201400026673;0;7;0;0;0;4;2;B01
201400026673;0;7;0;0;2;1;2;A01
201400026674;0;7;0;0;2;7;14;A01
201400026674;0;33;0;0;2;1;1;B01
201400026675;0;36;0;3;0;1;1;A01
201400026676;0;7;0;0;2;1;1;A01
201400026676;0;7;0;0;1;4;1;B01
201400026677;0;31;0;0;0;7;0;A01
201400026678;0;32;0;0;2;1;1;A01
201400026678;0;7;0;0;2;7;1;B01
201400026679;0;1;0;0;2;1;13;A01
201400026679;0;7;0;0;2;1;1;B01