num_acc;senc;catv;occutc;obs;obsm;choc;manv;num_veh
201400026680;0;7;0;0;2;2;2;B01
201400026680;0;1;0;0;2;4;1;A01
201400026681;0;7;0;0;2;2;1;A01
201400026681;0;33;0;0;2;1;1;B01
201400026682;0;7;0;0;2;2;15;A01
201400026682;0;33;0;0;2;1;1;B01
201400026683;0;7;0;0;2;8;1;B01
201400026683;0;15;0;0;2;2;0;A01
201400026684;0;36;0;6;0;2;1;A01
201400026685;0;2;0;0;2;2;1;B01
201400026685;1;2;0;0;2;0;1;A01
201400026686;0;7;0;0;2;1;1;B01
201400026686;0;30;0;0;2;1;13;A01
201400026687;0;37;1;0;2;1;15;A01
201400026687;0;7;0;0;2;1;1;B01
201400026688;0;30;0;0;2;8;1;A01
201400026689;0;30;0;2;0;1;0;A01
201400026690;0;7;0;0;1;2;1;A01
201400026691;0;7;0;0;2;3;1;B01
201400026691;0;7;0;0;2;1;15;A01
201400026692;0;1;0;1;0;7;14;A01
201400026693;0;10;0;0;1;4;4;A01
201400026694;0;7;0;6;1;3;1;A01
201400026695;0;33;0;12;0;0;0;A01
201400026696;0;7;0;2;0;3;2;A01
201400026697;0;7;0;0;2;3;15;B01
201400026697;0;2;0;0;2;1;1;A01
201400026698;0;14;0;0;2;3;1;B01
201400026698;2;7;0;0;2;1;13;A01
201400026699;0;7;0;9;0;1;1;A01
201400026700;0;7;0;1;0;2;1;A01
201400026701;0;7;0;0;2;1;1;A01
201400026701;0;7;0;0;2;1;1;B01
201400026702;0;7;0;0;2;2;1;A01
201400026702;0;33;0;0;2;1;1;B01
201400026703;0;7;0;0;2;4;1;B01
201400026703;0;7;0;0;2;1;1;A01
201400026704;0;7;0;0;1;7;1;A01
201400026705;0;7;0;0;2;5;15;A01
201400026705;0;7;0;0;2;1;1;B01
201400026706;0;31;0;0;2;1;1;A01
201400026706;0;7;0;0;2;3;15;B01
201400026707;0;30;0;0;9;7;21;A01
201400026707;0;37;1;0;2;3;1;B01
201400026708;1;7;0;0;2;1;5;Z01
201400026708;0;7;0;0;2;1;1;B01
201400026709;0;7;0;0;0;0;0;A01
201400026710;0;1;0;0;2;1;1;A01
201400026710;0;7;0;0;2;3;23;B01
201400026711;0;7;0;0;2;2;2;B01
201400026711;0;30;0;0;2;3;5;A01
201400026712;0;7;0;0;1;1;1;A01
201400026713;0;10;0;0;2;6;1;B01
201400026713;0;7;0;0;2;6;1;C01
201400026713;0;2;0;0;2;1;1;A01
201400026714;0;7;0;0;1;1;1;A01
201400026715;0;31;0;12;0;3;17;A01
201400026716;0;7;0;0;1;1;1;A01
201400026717;0;1;0;0;2;1;1;B01
201400026717;0;14;0;0;2;1;16;A01
201400026718;1;7;0;0;1;1;1;Z01
201400026719;0;31;0;0;2;1;1;A01
201400026719;0;7;0;0;2;4;1;B01
201400026720;0;31;0;0;2;8;18;A01
201400026720;0;7;0;0;2;5;15;B01
201400026721;0;7;0;0;1;3;15;A01
201400026722;0;7;0;0;1;1;1;A01
201400026723;0;7;0;0;1;7;1;A01
201400026724;0;7;0;0;1;4;4;A01
201400026725;0;7;0;0;2;2;2;A01
201400026725;0;7;0;0;2;6;2;B01
201400026726;0;7;0;0;1;4;20;A01
201400026727;0;34;0;0;2;2;1;B01
201400026727;0;7;0;0;2;8;10;A01
201400026728;1;7;0;0;1;1;1;A01
201400026729;0;2;0;15;0;2;1;A01
201400026730;0;7;0;0;2;3;15;A01
201400026730;0;33;0;0;2;1;0;B01
201400026731;0;2;0;0;1;1;0;A01
201400026732;0;7;0;0;1;2;16;A01
201400026733;0;7;0;0;2;1;0;B01
201400026733;0;7;0;0;2;4;2;C01
201400026733;0;10;0;0;2;1;2;D01
201400026733;0;7;0;0;2;8;15;A01
201400026734;0;7;0;0;1;1;1;A01
201400026735;0;7;0;0;2;3;15;A01
201400026735;0;2;0;0;2;1;1;B01
201400026735;0;7;0;0;2;1;23;C01
201400026736;0;30;0;14;0;7;1;A01
201400026737;0;33;0;12;0;1;1;A01
201400026738;0;7;0;0;2;4;15;A01
201400026738;0;33;0;0;2;1;1;B01
201400026739;0;10;0;0;0;3;22;A01
201400026739;0;7;0;14;0;3;5;B01
201400026740;2;7;0;12;2;2;2;A01
201400026740;0;7;0;0;2;8;11;B01
201400026741;0;7;0;0;2;3;0;C01
201400026741;0;7;0;0;2;5;0;B01
201400026741;0;7;0;0;2;1;19;A01
201400026742;0;33;0;0;2;3;1;B01
201400026742;0;7;0;0;2;2;9;A01
201400026743;0;7;0;0;0;4;1;B01
201400026743;0;7;0;0;2;1;1;A01
201400026744;0;7;0;0;1;3;1;A01
201400026745;0;7;0;3;2;2;2;A01
201400026745;0;7;0;0;0;6;1;B01
201400026746;0;7;0;0;2;1;1;B01
201400026746;0;2;0;0;2;8;0;A01
201400026747;0;7;0;6;0;1;6;A01
201400026748;0;7;0;0;1;1;1;A01
201400026749;0;37;1;0;1;2;1;A01
201400026750;0;7;0;0;2;8;1;B01
201400026750;0;7;0;0;2;3;13;A01
201400026751;0;10;0;0;2;8;9;B01
201400026751;0;33;0;0;2;0;2;A01
201400026752;0;1;0;0;2;4;2;B01
201400026752;0;14;0;0;2;7;2;A01
201400026753;0;40;0;0;1;5;2;A01
201400026754;0;7;0;0;2;1;1;A01
201400026754;0;7;0;0;2;3;1;B01
201400026755;0;7;0;0;2;3;9;A01
201400026755;0;7;0;0;2;2;1;B01
201400026756;0;7;0;0;4;8;1;A01
201400026756;0;40;0;0;2;1;1;B01
201400026757;0;7;0;0;1;7;1;A01
201400026758;0;7;0;0;2;1;1;A01
201400026758;0;7;0;0;2;4;1;B01
201400026758;0;7;0;0;2;3;1;C01
201400026759;0;1;0;0;4;1;1;B01
201400026759;0;39;0;0;9;3;1;A01
201400026760;1;7;0;0;2;1;15;A01
201400026760;0;7;0;0;2;1;1;B01
201400026761;1;7;0;0;1;0;0;Z01
201400026762;0;7;0;0;0;1;1;A01
201400026763;0;7;0;0;1;1;1;A01
201400026764;0;7;0;0;1;2;11;A01
201400026765;0;7;0;0;1;2;1;A01
201400026766;0;7;0;0;1;0;1;A01
201400026767;0;7;0;0;0;2;1;A01
201400026767;0;30;0;0;2;3;11;B01
201400026768;0;40;0;0;0;1;1;B01
201400026768;0;7;0;0;0;3;1;A01
201400026769;0;33;0;0;2;1;1;B01
201400026770;0;7;0;0;1;8;1;A01
201400026771;0;7;0;0;1;1;1;A01
201400026772;0;7;0;0;2;4;23;B01
201400026772;0;7;0;0;2;4;23;C01
201400026772;0;7;0;0;2;1;1;A01
201400026772;0;7;0;0;2;4;23;D01
201400026773;0;7;0;0;1;3;1;A01
201400026774;0;10;0;0;1;2;1;A01
201400026775;0;37;1;0;1;2;1;A01
201400026776;0;30;0;0;0;7;1;A01
201400026777;0;7;0;0;2;2;1;A01
201400026777;0;7;0;0;2;3;15;B01
201400026778;0;40;0;0;1;0;1;A01
201400026779;0;7;0;0;2;8;2;C01
201400026779;0;7;0;0;2;3;2;B01
201400026779;0;30;0;0;2;1;13;A01
201400026780;0;33;0;0;1;2;1;A01
201400026781;0;7;0;0;2;0;1;A01
201400026781;0;7;0;0;2;0;1;B01
201400026782;2;7;0;9;0;0;1;A01
201400026783;0;30;0;0;2;8;11;B01
201400026783;0;7;0;0;2;7;1;A01
201400026784;0;32;0;0;0;1;1;A01
201400026784;0;7;0;0;0;2;20;B01
201400026785;0;10;0;0;1;1;15;A01
201400026786;0;7;0;0;1;4;4;A01
201400026787;0;7;0;0;0;2;1;A01
201400026787;0;7;0;0;0;1;1;B01
201400026788;0;7;0;0;0;8;15;B01
201400026788;0;7;0;0;0;1;1;A01
201400026789;0;7;0;0;2;1;2;A01
201400026789;0;7;0;0;2;4;23;B01
201400026789;0;7;0;0;2;4;23;C01
201400026789;0;7;0;0;2;4;23;D01
201400026790;0;33;0;0;2;6;1;B01
201400026790;0;7;0;0;2;2;10;A01
201400026791;0;7;0;0;2;8;10;A01
201400026791;0;33;0;0;2;1;1;B01
201400026792;0;1;0;0;0;0;0;A01
201400026793;0;30;0;0;2;1;9;A01
201400026793;0;7;0;0;2;7;1;B01
201400026794;0;33;0;3;2;1;18;A01
201400026794;0;7;0;0;2;3;1;B01
201400026795;0;7;0;0;2;1;1;B01
201400026795;0;7;0;0;2;2;15;A01
201400026796;0;7;0;8;0;9;21;A01
201400026797;0;7;0;9;0;2;0;A01
201400026798;0;33;0;0;2;7;1;B01
201400026798;0;7;0;0;2;8;11;A01
201400026799;0;7;0;0;1;1;1;A01
201400026800;0;7;0;0;2;2;1;A01
201400026800;0;33;0;0;0;4;1;B01
201400026801;0;7;0;0;1;1;1;A01
201400026802;0;7;0;0;2;2;16;A01
201400026802;0;1;0;0;2;1;1;B01
201400026803;0;7;0;0;0;4;1;C01
201400026803;0;7;0;0;2;0;1;A01
201400026803;0;7;0;3;0;4;1;B01
201400026804;0;1;0;0;0;1;19;B01
201400026804;0;33;0;0;2;1;17;A01
201400026805;0;7;0;0;0;3;22;A01
201400026805;0;1;0;1;0;0;0;B01
201400026806;0;7;0;0;1;4;4;A01
201400026807;0;31;0;0;2;1;17;A01
201400026807;0;7;0;0;0;3;15;B01
201400026808;0;1;0;0;0;1;1;A01
201400026808;0;40;0;0;0;0;1;B01
201400026809;0;7;0;0;2;1;1;B01
201400026809;0;2;0;0;2;1;1;A01
201400026810;1;7;0;0;2;0;5;A01
201400026810;0;7;0;0;2;1;1;B01
201400026811;0;33;0;0;1;1;1;A01
201400026812;0;7;0;0;1;1;11;A01
201400026813;0;10;0;0;0;2;15;A01
201400026813;0;32;0;0;0;1;1;B01
201400026814;0;7;0;0;1;2;15;A01
201400026815;0;7;0;0;0;2;15;A01
201400026815;0;33;0;0;2;1;1;B01
201400026816;0;38;0;0;1;1;1;A01
201400026817;0;7;0;0;1;3;1;A01
201400026818;0;7;0;0;0;3;1;B01
201400026818;0;2;0;0;2;1;1;A01
201400026819;0;15;0;0;2;0;1;A01
201400026819;0;33;0;0;2;8;3;B01
201400026820;0;10;0;0;0;8;1;B01
201400026820;0;2;0;0;0;1;1;A01
201400026821;0;7;0;0;2;1;1;A01
201400026821;0;7;0;0;2;4;23;B01
201400026821;0;7;0;0;0;4;23;C01
201400026822;0;7;0;0;2;1;1;A01
201400026822;0;7;0;0;0;4;1;B01
201400026823;0;1;0;1;1;1;1;A01
201400026824;1;30;0;0;2;0;19;Z01
201400026824;0;7;0;0;2;3;21;C01
201400026824;0;7;0;0;2;3;21;B01
201400026825;0;33;0;0;2;1;1;B01
201400026825;0;7;0;0;2;2;15;A01
201400026826;0;31;0;0;1;2;1;A01
201400026827;0;7;0;0;9;7;1;A01
201400026827;0;1;0;0;2;8;1;B01
201400026828;0;7;0;0;2;1;2;A01
201400026828;0;7;0;0;2;4;2;B01
201400026829;0;7;0;0;1;2;1;A01
201400026830;0;30;0;0;2;1;17;B01
201400026830;0;7;0;0;2;3;15;A01
201400026831;0;7;0;0;2;1;1;B01
201400026831;0;30;0;0;2;2;15;A01
201400026832;0;7;0;0;2;2;15;A01
201400026832;0;30;0;0;2;1;1;B01
201400026833;0;32;0;0;2;3;1;B01
201400026833;0;7;0;0;2;1;1;A01
201400026834;0;32;0;0;2;1;1;B01
201400026834;0;7;0;0;2;1;0;A01
201400026835;0;30;0;0;2;1;1;B01
201400026835;0;7;0;0;2;3;15;A01
201400026836;0;1;0;0;2;1;19;A01
201400026836;0;7;0;0;2;5;9;B01
201400026837;0;14;0;0;1;0;15;A01
201400026838;0;7;0;0;0;2;15;A01
201400026838;0;7;0;0;0;1;1;B01
201400026839;0;1;0;0;2;1;0;A01
201400026839;0;7;0;0;0;1;1;C01
201400026839;0;7;0;0;0;3;1;B01
201400026840;0;10;0;0;1;4;4;A01
201400026841;0;33;0;0;2;1;1;A01
201400026841;0;15;0;0;0;7;1;B01
201400026842;0;34;0;0;0;0;1;A01
201400026843;0;7;0;0;0;4;20;B01
201400026843;0;32;0;1;2;0;1;A01
201400026844;0;1;0;9;0;1;0;A01
201400026845;0;1;0;9;2;8;19;B01
201400026845;0;7;0;0;2;2;1;A01
201400026846;0;33;0;0;2;1;1;B01
201400026846;1;7;0;0;0;0;15;Z01
201400026847;0;7;0;0;1;1;1;A01
201400026848;0;33;0;0;2;1;1;B01
201400026848;0;7;0;0;0;7;15;A01
201400026849;0;10;0;0;2;1;1;B01
201400026849;0;7;0;0;0;9;1;A01
201400026849;0;10;0;0;2;1;1;C01
201400026850;1;7;0;0;1;0;1;A01
201400026851;0;36;0;0;2;1;2;A01
201400026851;0;7;0;0;0;6;2;B01
201400026852;0;7;0;0;2;3;1;A01
201400026852;0;30;0;0;2;1;1;B01
201400026853;0;7;0;0;1;3;1;A01
201400026854;0;10;0;0;0;2;16;B01
201400026854;0;33;0;0;2;1;1;A01
201400026855;0;7;0;0;1;1;1;A01
201400026856;0;7;0;0;2;3;15;A01
201400026856;0;36;0;0;2;1;1;B01
201400026857;0;7;0;0;1;3;1;A01
201400026858;0;7;0;0;1;4;4;A01
201400026859;0;7;0;0;2;4;1;C01
201400026859;0;7;0;0;0;4;1;B01
201400026859;0;37;1;0;2;1;7;A01
201400026859;0;7;0;0;0;4;1;D01
201400026860;0;1;0;0;2;1;1;B01
201400026860;0;7;0;0;9;2;15;A01
201400026861;0;2;0;0;2;1;1;A01
201400026861;0;31;0;0;2;3;1;B01
201400026862;0;7;0;0;2;1;2;A01
201400026862;0;7;0;0;2;4;23;B01
201400026863;0;7;0;0;2;2;9;A01
201400026863;0;7;0;0;2;7;1;B01
201400026864;0;30;0;0;2;1;1;B01
201400026864;0;7;0;0;2;2;16;A01
201400026865;0;1;0;0;1;1;0;A01
201400026866;0;7;0;0;1;2;15;A01
201400026867;0;7;0;0;1;1;1;A01
201400026868;0;10;0;0;1;0;4;A01
201400026869;0;7;0;8;1;1;13;A01
201400026870;0;40;0;0;1;7;1;A01
201400026871;0;7;0;0;1;1;1;A01
201400026872;0;7;0;0;2;5;1;B01
201400026872;0;34;0;0;2;1;18;A01
201400026873;0;7;0;0;1;3;0;A01
201400026874;0;31;0;0;2;1;1;A01
201400026874;0;7;0;0;2;3;1;B01
201400026875;1;2;0;0;2;1;17;A01
201400026875;0;7;0;0;0;6;20;B01
201400026876;0;7;0;0;1;1;1;A01
201400026877;0;7;0;0;2;1;1;C01
201400026877;0;7;0;0;2;1;1;A01
201400026877;0;7;0;0;2;4;1;B01
201400026878;0;7;0;0;1;1;1;A01
201400026879;0;10;0;0;1;2;1;A01
201400026880;0;7;0;0;2;1;2;A01
201400026880;0;7;0;0;0;4;2;B01
201400026881;0;7;0;0;1;2;1;A01
201400026882;0;7;0;0;1;1;1;A01
201400026883;0;7;0;0;2;8;15;A01
201400026883;1;34;0;0;2;2;17;Z01
201400026884;0;7;0;0;2;2;1;B01
201400026884;0;1;0;0;2;1;19;A01
201400026885;0;7;0;0;1;1;15;A01
201400026886;0;40;0;0;2;7;1;B01
201400026886;0;7;0;0;4;1;0;A01
201400026887;0;7;0;0;2;0;1;B01
201400026887;0;7;0;0;2;1;1;A01
201400026888;0;7;0;0;2;1;1;A01
201400026888;0;7;0;0;2;8;1;B01
201400026889;0;7;0;0;2;2;22;A01
201400026889;0;1;0;1;0;2;1;B01
201400026890;0;2;0;0;1;1;1;A01
201400026891;0;7;0;0;1;4;4;A01
201400026892;0;7;0;0;2;2;1;B01
201400026892;0;7;0;0;2;1;1;A01
201400026893;0;17;0;0;1;1;0;A01
201400026894;0;34;0;0;1;2;1;A01
201400026895;0;7;0;0;1;1;7;A01
201400026896;0;10;0;0;2;7;1;B01
201400026896;0;10;0;0;0;2;15;A01
201400026897;0;10;0;0;2;2;1;A01
201400026897;0;2;0;1;2;1;5;B01
201400026898;0;7;0;0;4;1;15;A01
201400026898;0;40;0;0;2;1;1;B01
201400026899;0;7;0;0;0;3;1;A01
201400026899;0;7;0;0;2;2;1;B01
201400026900;0;7;0;0;1;0;1;A01
201400026901;0;7;0;0;2;3;13;A01
201400026901;0;7;0;0;2;3;21;B01
201400026902;0;33;0;0;2;1;0;B01
201400026902;0;7;0;0;9;5;9;A01
201400026903;0;7;0;0;9;2;15;A01
201400026903;0;1;0;0;2;8;1;B01
201400026904;1;7;0;0;1;1;15;A01
201400026905;0;7;0;0;1;3;1;A01
201400026906;0;7;0;0;1;2;2;A01
201400026907;0;7;0;0;2;3;9;A01
201400026907;0;1;0;0;2;1;1;B01
201400026908;0;1;0;0;2;3;1;C01
201400026908;1;7;0;0;2;0;1;X01
201400026908;0;1;0;0;2;3;1;B01
201400026909;0;7;0;8;0;1;15;A01
201400026910;0;1;0;0;2;1;1;B01
201400026910;0;7;0;0;9;7;9;A01
201400026911;0;7;0;0;1;1;1;A01
201400026912;0;15;0;0;2;3;0;B01
201400026912;0;10;0;0;2;1;13;A01
201400026913;0;7;0;1;0;7;24;B01
201400026913;0;32;0;1;0;3;2;A01
201400026914;0;7;0;12;0;2;1;A01
201400026915;0;30;0;15;0;1;14;A01
201400026916;0;7;0;0;2;2;1;B01
201400026916;0;15;0;0;2;2;5;A01
201400026917;0;7;0;0;2;1;1;B01
201400026917;0;7;0;0;2;2;13;A01
201400026918;0;7;0;9;0;0;1;A01
201400026919;0;7;0;0;1;1;2;A01
201400026920;0;10;0;0;1;4;4;A01
201400026921;0;1;0;0;1;1;1;A01
201400026922;0;7;0;0;2;1;1;A01
201400026922;0;7;0;8;2;1;1;B01
201400026923;0;7;0;0;1;8;1;A01
201400026924;1;7;0;0;1;3;1;Z01
201400026925;0;7;0;0;1;1;0;A01
201400026926;0;7;0;0;1;3;15;A01
201400026927;0;7;0;0;2;1;1;B01
201400026927;0;7;0;0;2;7;0;A01
201400026927;0;7;0;13;0;1;1;C01
201400026928;0;7;0;0;1;2;1;A01
201400026929;0;7;0;0;2;3;15;B01
201400026929;0;30;0;0;2;1;17;A01
201400026930;0;7;0;0;9;3;1;A01
201400026930;0;30;0;0;2;1;13;B01
201400026931;0;7;0;0;2;7;15;A01
201400026931;0;33;0;0;2;1;1;B01
201400026932;0;7;0;0;1;3;1;A01
201400026933;0;7;0;0;1;3;0;A01
201400026934;0;33;0;0;2;7;17;B01
201400026934;1;7;0;0;2;6;9;A01
201400026935;0;7;0;0;1;3;1;A01
201400026936;0;33;0;0;2;1;21;B01
201400026936;0;7;0;0;2;2;15;A01
201400026937;0;10;0;0;2;1;5;A01
201400026937;0;7;0;0;2;1;1;B01
201400026938;0;7;0;1;0;2;14;A01
201400026939;0;7;0;0;2;1;15;A01
201400026939;0;2;0;0;2;1;1;B01
201400026940;0;33;0;12;0;8;21;A01
201400026941;0;7;0;0;1;1;15;A01
201400026942;0;7;0;0;1;3;1;A01
201400026943;0;7;0;0;1;3;1;A01
201400026944;0;7;0;0;2;5;15;A01
201400026944;0;2;0;0;2;1;1;B01
201400026945;0;7;0;0;2;3;13;A01
201400026945;0;7;0;0;2;3;1;B01
201400026946;0;1;0;0;2;1;1;B01
201400026946;1;7;0;0;2;2;0;Z01
201400026947;0;7;0;0;1;2;1;A01
201400026948;0;7;0;0;1;3;1;A01
201400026949;0;10;0;1;1;1;21;A01
201400026950;0;33;0;0;2;8;21;B01
201400026950;0;7;0;0;2;2;13;A01
201400026951;0;7;0;0;1;3;1;A01
201400026952;0;7;0;0;2;1;13;A01
201400026952;0;7;0;0;2;3;1;B01
201400026953;0;7;0;3;2;6;23;A01
201400026953;0;17;0;0;2;1;21;B01
201400026953;0;7;0;0;0;4;23;C01
201400026954;0;7;0;0;2;1;1;A01
201400026954;0;7;0;0;2;8;1;B01
201400026955;0;7;0;0;0;2;15;A01
201400026955;0;30;0;0;2;1;1;B01
201400026956;0;33;0;0;2;1;2;A01
201400026956;0;10;0;0;0;4;2;B01
201400026957;0;30;0;0;2;1;2;A01
201400026957;0;7;0;0;9;6;14;B01
201400026958;0;7;0;0;2;0;1;A01
201400026958;0;7;0;0;2;1;1;B01
201400026958;0;7;0;0;2;1;1;C01
201400026959;0;7;0;0;1;7;0;A01
201400026960;0;7;0;0;2;1;13;A01
201400026960;0;7;0;0;2;1;23;C01
201400026960;0;7;0;0;2;1;23;D01
201400026960;0;7;0;0;2;1;1;B01
201400026961;0;7;0;0;2;1;2;A01
201400026961;0;7;0;0;2;4;23;B01
201400026962;0;15;0;0;1;2;20;A01
201400026963;0;33;0;0;2;2;19;A01
201400026963;0;7;0;0;2;1;1;B01
201400026964;0;7;0;0;1;1;1;A01
201400026965;0;15;0;0;2;1;1;A01
201400026965;0;7;0;0;2;1;1;B01
201400026965;0;7;0;0;0;0;1;C01
201400026966;0;2;0;0;2;1;2;A01
201400026966;0;7;0;0;2;4;1;B01
201400026967;0;1;0;0;2;8;13;A01
201400026967;0;7;0;0;2;2;1;B01
201400026968;0;7;0;0;2;2;9;A01
201400026968;0;30;0;0;2;1;1;B01
201400026969;0;7;0;0;1;1;15;A01
201400026970;0;7;0;6;0;9;15;A01
201400026971;0;7;0;0;1;1;1;A01
201400026972;0;33;0;0;2;7;1;A01
201400026972;0;7;0;0;2;1;0;B01
201400026973;0;7;0;0;2;1;2;A01
201400026973;0;7;0;0;2;4;2;B01
201400026973;0;7;0;0;2;4;2;C01
201400026974;0;7;0;0;2;6;5;A01
201400026974;0;7;0;0;2;8;5;B01
201400026975;0;7;0;0;2;1;0;B01
201400026975;0;2;0;0;2;7;0;A01
201400026976;0;33;0;0;2;1;1;B01
201400026976;0;7;0;0;2;6;10;A01
201400026977;0;30;0;0;2;1;2;A01
201400026977;0;7;0;0;9;6;2;B01
201400026978;0;7;0;0;2;5;1;B01
201400026978;0;7;0;0;2;1;1;A01
201400026979;0;7;0;0;2;3;15;A01
201400026979;0;2;0;0;2;3;1;B01
201400026980;0;7;0;0;2;0;1;B01
201400026980;0;7;0;0;2;1;9;A01
201400026981;0;7;0;0;2;1;9;A01
201400026981;0;7;0;0;2;7;1;B01
201400026982;0;7;0;0;2;2;9;A01
201400026982;0;7;0;4;2;3;9;B01
201400026983;0;30;0;0;2;1;1;B01
201400026983;0;7;0;0;2;1;15;A01
201400026984;0;7;0;0;2;1;2;A01
201400026984;0;7;0;0;2;4;2;B01
201400026985;0;7;0;0;2;7;15;A01
201400026985;0;2;0;0;2;1;1;B01
201400026986;0;33;0;0;2;7;1;B01
201400026986;0;7;0;0;2;3;15;A01
201400026987;0;7;0;0;2;2;1;B01
201400026987;0;7;0;0;2;7;15;A01
201400026988;0;7;0;0;2;4;2;B01
201400026988;0;7;0;0;2;1;2;A01
201400026989;0;7;0;0;2;4;2;B01
201400026989;0;7;0;0;2;1;2;A01
201400026990;0;7;0;0;2;1;9;A01
201400026990;0;33;0;0;2;1;17;B01
201400026991;0;7;0;0;1;2;1;A01
201400026992;0;7;0;0;2;1;2;A01
201400026992;0;7;0;0;0;4;2;B01
201400026993;0;7;0;0;2;1;2;A01
201400026993;0;7;0;0;2;4;2;B01
201400026994;0;7;0;0;2;3;19;A01
201400026994;0;3;0;0;2;2;1;B01
201400026995;0;2;0;0;0;0;1;A01
201400026996;0;7;0;0;2;4;2;C01
201400026996;0;7;0;0;2;4;2;B01
201400026996;0;7;0;0;2;1;2;A01
201400026996;0;7;0;0;2;4;2;D01
201400026997;0;7;0;0;2;1;2;A01
201400026997;0;7;0;0;0;4;2;B01
201400026998;0;7;0;0;2;1;2;A01
201400026998;0;7;0;0;2;4;2;B01
201400026999;0;7;0;0;1;1;1;A01
201400027000;0;10;0;0;1;1;1;A01
201400027001;0;7;0;9;0;2;1;A01
201400027002;0;7;0;0;2;1;2;A01
201400027002;0;7;0;0;2;4;2;B01
201400027002;0;7;0;0;0;4;16;C01
201400027003;0;2;0;0;0;1;1;A01
201400027004;0;7;0;0;2;4;23;B01
201400027004;0;7;0;0;2;1;2;A01
201400027005;0;7;0;0;2;2;17;A01
201400027005;0;7;0;0;2;3;15;B01
201400027006;0;7;0;0;1;1;16;A01
201400027007;0;7;0;0;1;1;1;A01
201400027008;0;7;0;0;1;1;1;A01
201400027009;0;7;0;0;0;3;23;C01
201400027009;0;7;0;0;0;1;1;B01
201400027009;0;7;0;0;0;5;15;A01
201400027010;0;7;0;0;2;1;2;B01
201400027010;0;7;0;0;2;4;2;A01
201400027011;0;7;0;1;0;1;14;A01
201400027012;0;7;0;0;0;0;22;A01
201400027012;0;1;0;0;0;0;1;B01
201400027013;0;33;0;11;0;1;17;A01
201400027014;0;7;0;0;2;3;23;B01
201400027014;0;7;0;0;2;3;15;A01
201400027015;0;10;0;0;2;1;2;A01
201400027015;0;7;0;0;2;4;23;B01
201400027016;0;2;0;6;0;1;1;A01
201400027017;0;7;0;0;0;1;1;B01
201400027017;0;7;0;0;0;3;1;A01
201400027018;0;7;0;0;0;1;1;B01
201400027018;0;7;0;0;0;1;15;A01
201400027019;0;7;0;0;2;1;2;A01
201400027019;0;10;0;0;0;4;1;B01
201400027020;0;7;0;0;2;1;2;A01
201400027020;0;7;0;0;2;4;1;B01
201400027021;0;33;0;0;2;4;17;A01
201400027021;0;7;0;0;2;3;12;B01
201400027022;0;7;0;0;2;1;2;A01
201400027022;0;7;0;0;2;4;23;B01
201400027023;0;7;0;0;0;9;2;A01
201400027024;0;33;0;1;0;2;1;A01
201400027025;0;7;0;8;0;7;1;A01
201400027026;0;7;0;0;1;4;4;A01
201400027027;1;7;0;0;0;0;13;Z01
201400027027;0;33;0;0;2;0;1;B01
201400027028;0;33;0;0;2;3;1;B01
201400027028;0;7;0;0;2;1;15;A01
201400027029;2;7;0;0;0;9;1;A01
201400027030;0;7;0;0;2;3;9;A01
201400027030;0;32;0;0;2;7;2;B01
201400027031;0;10;0;0;2;1;1;B01
201400027031;0;7;0;0;2;7;1;A01
201400027031;0;7;0;0;0;6;1;C01
201400027032;0;7;0;0;1;1;1;A01
201400027033;0;7;0;3;0;9;1;A01
201400027034;0;7;0;0;1;1;1;A01
201400027035;0;7;0;0;2;1;1;A01
201400027035;0;7;0;0;2;7;15;B01
201400027036;0;2;0;8;0;1;1;A01
201400027037;0;7;0;0;0;9;1;A01
201400027038;0;7;0;6;0;9;5;A01
201400027039;0;33;0;0;2;1;1;A01
201400027039;0;7;0;0;2;3;15;B01
201400027040;0;7;0;0;2;1;15;A01
201400027040;0;33;0;0;2;1;1;B01
201400027041;0;7;0;8;0;8;1;A01
201400027042;0;7;0;0;2;1;2;A01
201400027042;0;33;0;0;0;4;1;B01
201400027043;0;7;0;0;2;1;1;B01
201400027043;0;7;0;0;2;7;1;A01
201400027044;0;33;0;0;2;1;16;B01
201400027044;0;7;0;0;2;3;15;A01
201400027045;0;7;0;0;0;9;1;A01
201400027046;0;7;0;2;0;1;1;A01
201400027047;0;7;0;0;2;4;23;B01
201400027047;0;10;0;0;2;1;2;A01
201400027048;0;7;0;0;2;5;16;A01
201400027048;0;31;0;0;2;8;15;B01
201400027049;0;7;0;0;1;1;1;A01
201400027050;0;33;0;0;0;7;1;A01
201400027051;0;7;0;8;0;7;1;A01
201400027052;0;31;0;0;2;0;1;B01
201400027052;1;7;0;0;2;0;0;Z01
201400027053;0;7;0;0;2;2;15;A01
201400027053;0;33;0;0;0;1;1;B01
201400027054;0;7;0;0;1;1;1;A01
201400027055;0;30;0;0;0;0;2;A01
201400027056;0;7;0;8;0;1;1;A01
201400027057;0;7;0;0;2;4;1;B01
201400027057;0;15;0;0;2;1;1;A01
201400027058;0;7;0;0;1;1;15;A01
201400027059;0;7;0;0;2;1;15;A01
201400027059;0;7;0;0;2;1;1;B01
201400027060;1;7;0;0;2;1;1;A01
201400027060;0;2;0;0;2;1;1;B01
201400027061;0;30;0;0;2;1;1;B01
201400027061;0;7;0;0;2;3;15;A01
201400027062;0;10;0;0;2;4;4;A01
201400027062;0;33;0;0;2;1;23;B01
201400027063;0;7;0;0;2;1;1;B01