num_acc;senc;catv;occutc;obs;obsm;choc;manv;num_veh
201400027063;0;7;0;0;2;1;15;A01
201400027064;0;1;0;0;2;1;1;B01
201400027064;0;7;0;0;2;0;16;A01
201400027065;0;2;0;0;2;1;5;A01
201400027065;0;7;0;0;2;7;1;B01
201400027066;0;7;0;12;1;7;1;A01
201400027067;0;33;0;12;0;2;6;A01
201400027068;0;30;0;0;2;1;1;B01
201400027068;0;7;0;0;2;6;4;A01
201400027069;0;2;0;0;2;1;1;B01
201400027069;0;7;0;0;2;5;15;A01
201400027070;0;30;0;0;2;1;1;B01
201400027070;0;7;0;0;2;7;15;A01
201400027071;0;7;0;0;1;2;0;A01
201400027072;0;2;0;0;2;1;1;B01
201400027072;0;7;0;0;2;2;15;A01
201400027073;0;7;0;8;0;1;0;A01
201400027074;0;7;0;0;1;4;4;A01
201400027075;0;7;0;0;2;1;5;A01
201400027075;0;7;0;0;2;1;1;B01
201400027076;0;7;0;0;2;3;0;B01
201400027076;0;7;0;0;2;1;5;A01
201400027077;0;7;0;6;0;1;1;A01
201400027078;0;30;0;12;0;1;0;A01
201400027079;0;7;0;0;2;7;0;B01
201400027079;0;10;0;0;2;7;9;A01
201400027080;0;7;0;1;0;0;0;A01
201400027081;0;7;0;13;0;0;0;A01
201400027082;0;30;0;0;0;0;0;A01
201400027083;0;7;0;15;0;1;0;A01
201400027084;0;10;0;3;0;1;0;A01
201400027085;0;7;0;8;0;1;0;A01
201400027086;1;99;0;0;2;2;17;A01
201400027086;0;30;0;0;2;6;0;B01
201400027087;0;7;0;0;2;7;0;A01
201400027087;0;1;0;0;2;1;0;B01
201400027088;0;7;0;0;2;1;13;A01
201400027088;0;7;0;0;2;1;0;B01
201400027089;0;7;0;0;1;1;0;A01
201400027090;0;7;0;0;2;8;15;B01
201400027090;0;33;0;0;2;1;17;A01
201400027091;0;10;0;0;2;5;9;A01
201400027091;0;1;0;0;2;1;1;B01
201400027092;0;7;0;0;2;1;1;B01
201400027092;0;7;0;0;2;1;16;A01
201400027093;0;33;0;0;2;1;1;B01
201400027093;0;7;0;0;2;3;15;A01
201400027094;0;10;0;12;0;2;1;A01
201400027095;1;7;0;0;2;1;0;A01
201400027095;0;7;0;0;2;5;0;B01
201400027096;1;99;0;0;2;0;20;A01
201400027096;0;30;0;0;2;6;2;B01
201400027097;0;7;0;0;1;1;0;A01
201400027098;0;1;0;0;2;2;1;B01
201400027098;0;7;0;0;2;3;9;A01
201400027099;1;99;0;;0;0;20;A01
201400027099;0;7;0;0;2;6;23;B01
201400027100;0;7;0;0;2;4;1;B01
201400027100;0;33;0;0;2;1;2;A01
201400027101;0;7;0;0;2;1;0;B01
201400027101;0;7;0;0;2;1;13;A01
201400027102;0;7;0;0;2;1;13;A01
201400027102;0;7;0;0;2;1;0;B01
201400027103;0;7;0;0;1;1;0;A01
201400027104;0;7;0;0;1;2;1;A01
201400027105;0;7;0;0;2;4;23;B01
201400027105;0;7;0;0;2;1;1;C01
201400027105;0;7;0;0;2;4;15;A01
201400027106;0;2;0;0;2;1;1;B01
201400027106;0;7;0;0;0;2;15;A01
201400027107;1;7;0;0;1;2;1;Z01
201400027108;0;33;0;1;2;1;1;B01
201400027108;0;7;0;0;2;2;9;A01
201400027109;0;7;0;0;2;1;15;A01
201400027109;0;7;0;0;2;2;1;B01
201400027110;0;7;0;0;0;1;0;B01
201400027110;0;7;0;0;0;1;19;A01
201400027111;0;36;0;0;2;3;13;A01
201400027111;0;7;0;0;2;3;1;B01
201400027112;0;7;0;0;1;1;2;A01
201400027113;0;2;0;0;1;1;1;A01
201400027114;0;7;0;16;0;0;0;A01
201400027115;0;7;0;0;2;1;1;A01
201400027115;0;7;0;0;2;1;1;B01
201400027116;0;1;0;0;2;1;1;B01
201400027116;0;7;0;0;9;8;15;A01
201400027117;0;7;0;0;1;2;1;A01
201400027118;0;7;0;1;0;4;24;B01
201400027118;0;7;0;1;1;1;1;A01
201400027119;0;33;0;0;2;1;1;A01
201400027119;0;7;0;0;0;4;1;B01
201400027120;0;7;0;6;0;2;0;A01
201400027121;0;10;0;0;2;1;1;C01
201400027121;0;7;0;0;2;4;23;B01
201400027121;0;7;0;0;2;4;23;A01
201400027122;0;7;0;0;2;1;15;A01
201400027122;0;1;0;0;2;8;1;B01
201400027123;0;2;0;0;1;1;17;A01
201400027124;1;7;0;0;1;2;2;Z01
201400027125;0;7;0;0;1;0;2;A01
201400027126;0;7;0;0;0;4;2;B01
201400027126;0;7;0;0;2;1;2;A01
201400027127;0;7;0;0;1;3;1;A01
201400027128;0;7;0;0;2;1;1;B01
201400027128;0;7;0;0;2;1;13;A01
201400027129;0;1;0;0;2;1;1;B01
201400027129;0;7;0;3;2;1;13;A01
201400027130;0;2;0;0;2;1;1;B01
201400027130;0;7;0;0;2;0;19;A01
201400027131;0;7;0;0;2;2;15;A01
201400027131;0;33;0;0;2;0;1;B01
201400027132;0;1;0;0;2;0;2;B01
201400027132;0;7;0;0;2;0;2;A01
201400027133;0;10;0;0;2;2;15;A01
201400027133;0;7;0;0;2;3;1;B01
201400027134;0;7;0;1;0;8;1;A01
201400027135;0;7;0;0;2;9;5;B01
201400027135;0;7;0;0;2;1;5;C01
201400027135;0;7;0;0;2;9;1;A01
201400027136;0;2;0;0;0;0;16;A01
201400027137;0;7;0;0;2;1;1;B01
201400027137;0;7;0;0;2;1;15;A01
201400027138;0;7;0;0;2;4;23;B01
201400027138;0;7;0;0;2;1;2;A01
201400027139;0;7;0;0;2;4;16;B01
201400027139;0;7;0;0;2;1;1;A01
201400027140;0;7;0;0;2;1;1;A01
201400027140;0;7;0;0;0;4;2;B01
201400027141;0;7;0;16;0;9;1;A01
201400027142;0;7;0;16;0;7;1;A01
201400027143;1;99;0;0;2;4;1;Z01
201400027143;0;7;0;0;2;1;2;A01
201400027144;0;7;0;6;0;7;1;A01
201400027145;0;7;0;0;2;8;5;C01
201400027145;0;2;0;0;2;1;1;A01
201400027145;0;7;0;0;2;6;23;B01
201400027146;0;7;0;0;2;3;1;A01
201400027146;0;7;0;0;2;7;16;B01
201400027147;0;2;0;0;2;7;2;A01
201400027147;0;2;0;0;2;8;2;B01
201400027148;0;31;0;7;0;1;1;A01
201400027149;0;7;0;0;2;5;6;B01
201400027149;0;10;0;0;2;1;15;A01
201400027150;0;7;0;0;2;6;9;B01
201400027150;0;7;0;0;2;2;1;A01
201400027151;0;7;0;0;2;1;1;A01
201400027151;0;2;0;0;2;9;1;B01
201400027152;0;7;0;16;0;9;1;A01
201400027153;0;7;0;6;0;9;21;B01
201400027153;0;7;0;0;9;0;21;A01
201400027154;0;7;0;0;1;0;1;A01
201400027155;0;2;0;0;2;1;2;A01
201400027155;0;7;0;0;2;4;1;B01
201400027156;0;7;0;0;2;2;15;A01
201400027156;0;2;0;0;2;9;1;B01
201400027157;0;2;0;0;2;8;21;A01
201400027157;0;2;0;0;2;6;2;B01
201400027158;0;2;0;0;2;1;1;A01
201400027159;0;7;0;1;0;3;1;A01
201400027160;0;2;0;0;2;7;1;A01
201400027160;0;7;0;0;2;3;16;B01
201400027161;0;7;0;0;2;3;15;A01
201400027161;0;2;0;0;2;1;1;B01
201400027162;0;7;0;0;1;3;1;A01
201400027163;0;7;0;0;2;3;15;A01
201400027163;0;33;0;0;2;0;1;B01
201400027164;0;7;0;8;0;1;1;A01
201400027165;0;7;0;0;2;3;1;A01
201400027165;0;7;0;0;2;4;2;B01
201400027166;0;1;0;0;1;0;1;A01
201400027167;0;1;0;0;2;0;1;B01
201400027167;0;7;0;0;2;1;15;A01
201400027168;0;2;0;0;2;7;1;B01
201400027168;0;7;0;0;2;1;16;A01
201400027169;0;7;0;0;1;3;1;A01
201400027170;0;7;0;0;1;3;1;A01
201400027171;0;31;0;0;2;8;1;B01
201400027171;0;37;1;0;2;3;15;A01
201400027172;0;7;0;0;2;3;16;A01
201400027172;0;7;0;0;2;7;1;B01
201400027173;0;7;0;0;2;3;1;B01
201400027173;0;7;0;0;2;3;10;A01
201400027174;0;7;0;1;0;8;10;A01
201400027175;0;7;0;0;1;0;1;A01
201400027176;0;2;0;0;2;7;1;B01
201400027176;0;7;0;0;2;0;14;A01
201400027177;0;7;0;8;0;1;1;A01
201400027178;0;33;0;12;0;9;1;A01
201400027179;0;7;0;2;0;2;1;A01
201400027180;0;7;0;0;1;1;1;A01
201400027181;0;7;0;0;2;2;15;A01
201400027181;0;2;0;0;2;8;1;B01
201400027182;0;7;0;0;1;0;17;A01
201400027183;0;10;0;0;2;1;15;A01
201400027183;0;7;0;0;2;3;1;B01
201400027184;0;7;0;0;1;1;15;A01
201400027185;0;2;0;12;0;9;1;A01
201400027186;0;7;0;0;2;3;15;B01
201400027186;0;7;0;0;2;1;1;A01
201400027187;0;7;0;0;2;3;6;B01
201400027187;0;2;0;0;2;7;1;A01
201400027188;0;7;0;9;0;1;1;A01
201400027189;0;7;0;1;0;9;1;A01
201400027190;0;7;0;0;2;1;1;A01
201400027190;0;7;0;0;2;3;5;B01
201400027191;0;10;0;13;0;9;1;A01
201400027192;0;7;0;0;1;0;4;A01
201400027193;0;10;0;0;2;2;1;B01
201400027193;0;7;0;0;2;7;6;A01
201400027194;0;1;0;0;2;1;1;B01
201400027194;0;10;0;0;2;0;16;A01
201400027195;0;7;0;0;2;4;1;A01
201400027195;0;7;0;0;2;1;2;B01
201400027195;0;7;0;0;2;1;2;C01
201400027196;0;7;0;0;1;0;15;A01
201400027197;0;1;0;0;2;1;13;A01
201400027197;0;2;0;0;2;1;5;B01
201400027198;0;7;0;0;1;1;1;A01
201400027199;0;10;0;0;0;7;1;A01
201400027200;0;31;0;0;2;8;17;B01
201400027200;0;7;0;0;2;6;15;A01
201400027201;0;2;0;0;2;1;17;A01
201400027201;0;7;0;0;2;3;15;B01
201400027202;1;7;0;;0;2;0;Z01
201400027202;0;7;0;0;2;1;2;C01
201400027202;0;7;0;0;2;1;1;B01
201400027203;0;7;0;0;2;1;1;A01
201400027203;0;7;0;0;2;4;2;B01
201400027204;0;7;0;16;0;9;1;A01
201400027205;0;33;0;0;2;8;17;A01
201400027205;1;99;0;0;2;0;17;Z01
201400027206;0;10;0;0;2;1;1;B01
201400027206;0;7;0;0;2;2;6;A01
201400027207;0;7;0;0;2;2;1;B01
201400027207;0;2;0;0;2;1;6;A01
201400027208;0;1;0;0;2;1;19;B01
201400027208;0;7;0;0;2;1;1;A01
201400027209;0;7;0;0;2;3;1;B01
201400027209;0;7;0;0;2;1;6;A01
201400027210;0;3;0;0;1;1;1;A01
201400027211;0;1;0;0;2;1;1;A01
201400027211;0;7;0;0;2;6;2;B01
201400027212;0;2;0;0;0;7;1;A01
201400027213;0;7;0;1;0;1;1;A01
201400027214;0;7;0;6;0;1;1;A01
201400027215;0;33;0;0;0;1;1;A01
201400027216;0;7;0;0;2;7;1;A01
201400027216;0;2;0;0;2;0;1;B01
201400027217;0;7;0;0;2;6;2;B01
201400027217;0;31;0;0;2;1;1;A01
201400027218;0;7;0;0;2;1;1;A01
201400027218;1;7;0;0;2;1;5;Z01
201400027219;0;2;0;0;1;0;1;A01
201400027220;0;2;0;12;0;0;1;A01
201400027221;0;7;0;0;2;5;15;A01
201400027221;0;1;0;0;2;8;1;B01
201400027222;0;7;0;0;2;2;1;A01
201400027222;0;1;0;0;2;1;1;B01
201400027223;0;7;0;0;2;1;13;A01
201400027223;0;7;0;0;2;1;1;B01
201400027224;0;7;0;0;2;2;1;B01
201400027224;0;7;0;0;2;6;9;A01
201400027225;0;7;0;1;0;9;1;A01
201400027226;0;7;0;0;2;3;15;B01
201400027226;0;2;0;0;2;1;18;A01
201400027227;0;7;0;8;0;1;1;A01
201400027228;0;7;0;0;2;3;19;A01
201400027228;0;7;0;0;2;6;15;B01
201400027229;0;7;0;0;2;6;2;B01
201400027229;0;2;0;0;2;3;1;A01
201400027230;0;7;0;0;2;2;19;A01
201400027230;0;2;0;0;2;1;1;B01
201400027231;0;7;0;0;1;2;1;A01
201400027232;0;2;0;0;0;0;9;A01
201400027233;0;7;0;0;2;1;1;A01
201400027233;0;33;0;0;2;4;2;B01
201400027234;0;7;0;0;1;2;1;A01
201400027235;0;7;0;0;1;4;4;A01
201400027236;0;7;0;0;2;3;1;B01
201400027236;0;7;0;0;2;1;1;A01
201400027237;0;2;0;0;1;1;1;A01
201400027238;0;31;0;0;0;0;1;A01
201400027239;0;7;0;16;0;8;1;A01
201400027240;0;7;0;0;2;3;15;A01
201400027240;0;33;0;0;2;9;1;B01
201400027241;0;7;0;0;2;4;23;B01
201400027241;0;7;0;0;2;4;23;C01
201400027241;0;7;0;0;2;1;2;A01
201400027242;0;7;0;0;2;1;1;B01
201400027242;0;2;0;0;2;7;6;A01
201400027243;0;7;0;1;0;1;1;A01
201400027244;0;7;0;0;2;7;1;B01
201400027244;0;7;0;0;2;1;1;A01
201400027245;0;7;0;0;2;2;15;A01
201400027245;0;7;0;0;2;1;5;B01
201400027246;0;7;0;0;2;1;1;A01
201400027246;0;7;0;0;2;4;2;B01
201400027247;0;2;0;6;0;8;1;A01
201400027248;0;2;0;0;2;1;1;A01
201400027248;0;7;0;0;2;3;1;B01
201400027249;0;2;0;16;0;1;1;A01
201400027250;0;7;0;0;2;8;1;B01
201400027250;0;2;0;0;2;1;17;A01
201400027251;0;7;0;0;1;1;15;A01
201400027252;0;7;0;0;1;2;1;A01
201400027253;0;7;0;0;2;3;9;A01
201400027253;0;7;0;0;2;2;1;B01
201400027254;0;7;0;0;2;0;1;B01
201400027254;0;2;0;0;2;0;1;A01
201400027255;0;2;0;0;0;8;1;A01
201400027256;0;7;0;0;2;2;6;A01
201400027256;0;2;0;0;2;1;1;B01
201400027257;0;7;0;0;1;0;1;A01
201400027258;0;2;0;0;1;1;1;A01
201400027259;0;7;0;0;2;1;1;B01
201400027259;0;7;0;0;2;2;15;A01
201400027260;0;7;0;2;0;2;1;A01
201400027261;0;7;0;8;0;1;1;A01
201400027262;0;10;0;0;1;3;15;A01
201400027263;0;1;0;0;2;8;2;B01
201400027263;0;7;0;0;2;7;17;A01
201400027264;0;7;0;0;1;3;1;A01
201400027265;0;7;0;0;2;1;1;B01
201400027265;0;7;0;0;2;1;15;A01
201400027266;0;7;0;1;0;5;23;C01
201400027266;0;7;0;1;2;6;23;B01
201400027266;0;7;0;1;0;2;2;A01
201400027267;0;2;0;0;0;0;16;A01
201400027268;0;7;0;0;1;0;15;A01
201400027269;0;7;0;0;2;1;1;A01
201400027269;0;7;0;0;2;4;2;B01
201400027270;0;2;0;0;0;7;1;A01
201400027271;0;2;0;0;2;0;1;A01
201400027271;0;7;0;0;2;8;23;B01
201400027272;0;7;0;0;2;4;15;B01
201400027272;0;7;0;0;2;1;1;A01
201400027273;0;1;0;1;0;1;21;A01
201400027274;0;7;0;0;2;9;1;A01
201400027274;0;7;0;0;2;1;1;B01
201400027275;0;7;0;0;2;8;15;B01
201400027275;0;2;0;0;2;0;1;A01
201400027276;0;7;0;0;2;1;2;C01
201400027276;0;7;0;0;0;8;13;B01
201400027276;0;7;0;0;2;9;1;A01
201400027277;0;7;0;0;2;8;20;B01
201400027277;0;7;0;0;2;3;1;A01
201400027278;0;7;0;0;2;1;1;B01
201400027278;0;7;0;0;2;1;15;A01
201400027279;0;7;0;0;2;8;1;B01
201400027279;0;7;0;0;2;1;15;A01
201400027280;0;7;0;0;1;1;1;A01
201400027281;0;7;0;0;1;3;1;A01
201400027282;0;7;0;0;1;8;4;A01
201400027283;0;13;0;0;1;1;9;A01
201400027284;0;7;0;0;0;3;1;B01
201400027284;0;7;0;0;2;2;19;A01
201400027285;0;7;0;0;2;1;13;A01
201400027285;0;7;0;0;2;1;1;B01
201400027286;0;7;0;0;2;2;5;A01
201400027286;0;7;0;0;2;5;1;B01
201400027286;0;7;0;0;2;2;1;C01
201400027287;0;7;0;0;2;3;9;A01
201400027287;0;7;0;0;2;1;2;B01
201400027288;0;7;0;0;1;3;2;A01
201400027289;0;7;0;0;0;4;15;B01
201400027289;0;7;0;0;0;1;1;A01
201400027290;0;7;0;0;2;4;2;A01
201400027290;0;7;0;0;9;4;2;B01
201400027291;0;7;0;0;9;3;15;A01
201400027291;0;1;0;0;2;3;1;B01
201400027292;1;7;0;0;2;3;1;A01
201400027292;0;33;0;0;0;8;1;B01
201400027293;0;7;0;0;2;3;1;B01
201400027293;0;30;0;0;2;1;13;A01
201400027294;0;7;0;0;2;2;15;A01
201400027294;0;7;0;8;2;1;1;B01
201400027295;0;7;0;0;1;1;1;A01
201400027296;0;7;0;6;0;1;1;A01
201400027297;0;7;0;0;2;4;1;B01
201400027297;0;7;0;0;0;0;5;A01
201400027297;0;7;0;0;2;1;1;C01
201400027298;0;7;0;0;1;4;23;A01
201400027299;0;30;0;0;2;1;5;A01
201400027299;0;7;0;0;2;1;15;B01
201400027300;0;7;0;0;1;2;1;A01
201400027301;0;7;0;0;1;3;1;A01
201400027302;0;7;0;0;2;9;1;A01
201400027302;0;7;0;0;2;3;23;B01
201400027303;0;10;0;1;2;3;1;B01
201400027303;0;10;0;1;2;1;1;A01
201400027304;0;7;0;0;1;7;1;A01
201400027305;0;7;0;0;1;4;20;A01
201400027306;0;39;35;0;1;1;1;A01
201400027307;0;7;0;0;2;8;15;B01
201400027307;0;7;0;0;2;1;1;A01
201400027308;0;7;0;0;2;0;1;A01
201400027308;0;7;0;0;2;0;1;B01
201400027309;0;7;0;0;2;1;1;B01
201400027309;0;1;0;0;2;6;9;A01
201400027310;0;7;0;0;1;3;1;A01
201400027311;0;7;0;0;1;1;9;A01
201400027312;0;1;0;1;2;1;1;B01
201400027312;0;7;0;0;2;3;1;C01
201400027312;0;7;0;0;2;8;24;A01
201400027313;0;7;0;0;2;1;1;B01
201400027313;0;7;0;0;2;8;1;A01
201400027314;0;7;0;11;0;1;6;A01
201400027315;0;30;0;0;2;1;15;A01
201400027315;0;7;0;0;2;2;1;B01
201400027316;0;7;0;0;1;7;17;A01
201400027317;0;1;0;0;1;1;9;A01
201400027318;0;7;0;0;2;7;1;A01
201400027318;0;7;0;0;2;1;1;B01
201400027319;0;2;0;0;2;8;1;B01
201400027319;0;7;0;0;2;7;1;C01
201400027319;1;99;0;0;2;0;1;Z01
201400027320;0;7;0;0;1;7;1;A01
201400027321;0;7;0;12;0;9;15;A01
201400027322;0;33;0;0;5;8;1;A01
201400027323;0;1;0;0;2;8;1;B01
201400027323;0;30;0;0;2;1;1;A01
201400027324;0;7;0;0;2;0;1;B01
201400027324;0;7;0;0;2;8;1;A01
201400027325;0;7;0;0;2;3;1;A01
201400027325;0;7;0;0;2;3;1;B01
201400027326;0;10;0;0;1;1;16;A01
201400027327;0;40;0;0;1;1;1;A01
201400027328;0;7;0;0;1;4;4;A01
201400027329;0;7;0;0;2;1;1;B01
201400027329;0;7;0;0;2;4;1;A01
201400027330;0;7;0;0;2;1;1;B01
201400027330;0;2;0;0;2;1;9;A01
201400027331;0;7;0;3;0;0;1;A01
201400027332;0;7;0;0;1;1;1;A01
201400027333;1;99;0;0;0;2;5;Z01
201400027333;0;7;0;15;0;1;1;B01
201400027334;0;30;0;0;2;1;15;A01
201400027334;0;7;0;0;2;3;1;B01
201400027335;0;7;0;2;2;7;13;A01
201400027335;0;10;0;0;2;1;1;B01
201400027336;0;10;0;0;2;7;12;A01
201400027336;0;32;0;0;2;1;1;B01
201400027337;0;7;0;0;1;3;1;A01
201400027338;0;7;0;0;1;1;1;A01
201400027339;0;2;0;0;0;0;1;B01
201400027339;1;99;0;0;2;2;18;Z01
201400027340;0;33;0;9;2;1;1;B01
201400027340;0;7;0;0;2;3;15;A01
201400027341;0;7;0;0;1;8;1;A01
201400027342;0;7;0;0;1;1;1;A01
201400027343;0;7;0;0;2;1;2;A01
201400027343;0;7;0;0;0;4;2;B01
201400027344;0;7;0;0;1;3;1;A01
201400027345;0;7;0;0;1;4;4;A01
201400027346;1;99;0;0;1;0;15;Z01
201400027347;0;32;0;0;1;1;17;A01
201400027348;0;7;0;0;1;2;1;A01
201400027349;0;7;0;0;1;7;20;A01
201400027350;0;7;0;0;2;3;13;A01
201400027350;0;7;0;0;2;3;16;B01
201400027351;0;7;0;13;0;1;17;A01
201400027352;0;7;0;0;2;8;10;A01
201400027352;0;33;0;0;2;1;1;B01
201400027353;0;7;0;0;1;8;1;A01
201400027354;0;7;0;0;2;1;1;A01
201400027354;0;7;0;0;0;4;1;B01
201400027355;0;7;0;0;2;1;2;A01
201400027355;0;7;0;0;0;4;1;B01
201400027356;1;7;0;0;1;1;1;Z01
201400027357;0;33;0;0;2;0;1;B01
201400027357;0;7;0;0;2;3;11;A01
201400027358;0;7;0;0;1;2;1;A01
201400027359;0;7;0;0;1;0;15;A01
201400027360;0;7;0;0;1;0;1;A01
201400027361;0;7;0;0;1;4;4;A01
201400027362;0;7;0;0;1;1;15;A01
201400027363;0;7;0;8;0;1;1;A01
201400027364;0;7;0;0;1;3;1;A01
201400027365;0;7;0;0;2;8;1;B01
201400027365;0;7;0;0;2;1;15;A01
201400027366;0;7;0;0;1;1;1;A01
201400027367;0;7;0;0;9;1;16;B01
201400027367;0;1;0;0;2;4;5;A01
201400027368;0;2;0;0;2;5;9;B01
201400027368;0;7;0;0;2;3;9;A01
201400027369;0;37;0;0;1;7;1;A01
201400027370;0;33;0;0;2;0;1;A01
201400027370;0;7;0;0;2;2;1;B01
201400027371;0;7;0;0;2;1;1;A01
201400027371;0;7;0;0;2;3;1;B01
201400027372;0;7;0;0;1;1;1;A01
201400027373;0;7;0;1;0;1;1;A01
201400027374;0;7;0;0;1;3;16;A01
201400027375;0;7;0;1;2;6;9;B01
201400027375;0;7;0;0;2;1;9;A01
201400027376;1;7;0;0;1;2;1;Z01
201400027377;0;7;0;0;1;4;4;A01
201400027378;0;7;0;0;2;2;15;B01
201400027378;0;2;0;1;2;1;1;A01
201400027379;0;7;0;0;2;5;9;A01
201400027379;0;7;0;0;2;2;9;B01
201400027380;0;33;0;0;2;5;1;B01
201400027380;0;7;0;0;2;3;9;A01
201400027381;0;33;0;0;2;1;5;A01
201400027381;0;7;0;0;2;1;1;B01
201400027382;0;7;0;0;1;0;1;A01
201400027383;0;7;0;6;0;1;14;A01
201400027384;0;7;0;0;2;3;13;A01
201400027384;0;7;0;0;2;3;1;B01
201400027385;0;1;0;0;1;1;1;A01
201400027386;0;7;0;0;2;4;2;B01
201400027386;0;7;0;0;2;4;2;C01
201400027386;0;7;0;0;2;1;2;A01
201400027387;0;7;0;0;2;4;2;B01
201400027387;0;7;0;0;2;1;2;A01
201400027388;0;7;0;0;1;3;1;A01
201400027389;1;7;0;12;1;1;0;Z01
201400027390;1;7;0;0;1;2;1;Z01
201400027391;1;7;0;0;2;3;11;Z01
201400027391;0;30;0;0;2;1;1;B01
201400027392;0;7;0;0;0;9;1;A01
201400027393;0;7;0;0;2;1;1;A01
201400027393;0;7;0;0;2;8;1;B01
201400027394;0;1;0;0;2;1;1;B01
201400027394;0;7;0;0;2;2;1;A01
201400027395;0;30;0;0;2;7;1;A01
201400027395;0;7;0;0;2;7;15;B01
201400027396;0;33;0;8;0;1;1;A01
201400027397;0;7;0;0;1;2;17;A01
201400027398;0;7;0;1;0;1;1;A01
201400027399;0;7;0;0;1;2;1;A01
201400027400;0;7;0;0;2;7;22;A01
201400027400;0;1;0;1;0;1;18;B01
201400027401;1;7;0;;0;2;20;Z01
201400027401;0;2;0;0;2;5;1;B01
201400027402;0;7;0;0;2;1;2;A01
201400027402;0;7;0;0;2;4;2;B01
201400027403;0;7;0;0;2;1;1;C01
201400027403;0;7;0;13;2;3;1;B01
201400027403;0;7;0;0;2;3;13;A01
201400027404;1;99;0;0;2;7;2;Z01
201400027404;0;1;0;0;2;8;2;B01
201400027405;0;10;0;0;1;6;4;A01
201400027406;0;7;0;0;2;1;1;B01
201400027406;0;7;0;0;2;7;19;A01
201400027407;0;7;0;0;1;1;1;A01
201400027408;0;7;0;0;1;7;1;A01
201400027409;0;7;0;0;1;1;1;A01
201400027410;0;2;0;13;0;1;15;A01
201400027411;0;7;0;0;1;1;1;A01
201400027412;1;7;0;0;2;0;20;Z01
201400027412;0;2;0;0;2;2;1;B01
201400027413;0;7;0;0;2;3;1;B01
201400027413;0;33;0;0;2;1;1;A01
201400027414;0;30;0;0;2;1;1;A01
201400027414;0;37;1;0;2;3;1;B01
201400027415;0;34;0;0;2;1;15;A01
201400027415;0;7;0;0;2;3;15;B01
201400027416;1;10;0;0;1;0;4;Z01
201400027417;0;7;0;0;2;1;11;A01
201400027417;0;7;0;11;2;8;15;B01
201400027418;0;31;0;0;2;3;9;A01
201400027418;0;7;0;0;2;5;1;B01
201400027419;0;7;0;0;1;2;1;A01
201400027420;0;33;0;1;2;1;1;A01
201400027420;0;7;0;0;2;3;1;B01
201400027421;0;7;0;0;2;1;13;A01
201400027421;0;7;0;6;1;1;23;B01
201400027422;0;7;0;0;2;1;1;B01
201400027422;0;7;0;1;2;9;1;A01
201400027423;0;7;0;0;4;1;9;A01
201400027423;0;40;0;0;0;7;1;B01
201400027424;0;7;0;15;2;8;1;B01
201400027424;0;7;0;0;2;3;1;A01
201400027425;0;7;0;9;0;1;1;A01
201400027426;0;7;0;0;2;3;1;B01
201400027426;0;7;0;0;2;2;16;A01
201400027427;0;7;0;0;2;1;15;A01
201400027427;0;30;0;0;0;1;1;B01
201400027428;0;33;0;0;0;0;0;A01
201400027429;0;7;0;1;0;9;1;A01
201400027430;0;7;0;0;2;0;1;A01
201400027430;0;7;0;0;2;0;1;B01
201400027431;0;7;0;0;2;2;16;B01
201400027431;0;33;0;0;2;1;1;A01
201400027432;0;7;0;0;2;1;15;A01
201400027432;0;7;0;0;2;3;1;B01
201400027433;2;7;0;0;2;1;1;C01
201400027433;0;7;0;0;2;4;1;B01
201400027433;0;7;0;0;2;4;1;A01
201400027434;0;7;0;0;2;2;15;A01
201400027434;0;30;0;0;2;8;1;B01
201400027435;0;7;0;0;1;0;1;A01
201400027436;0;7;0;0;2;0;2;E01
201400027436;0;7;0;0;2;0;2;D01
201400027436;0;7;0;0;2;0;2;B01
201400027436;0;7;0;0;2;0;2;C01
201400027436;0;7;0;0;2;0;2;A01
201400027437;0;7;0;0;1;2;1;A01
201400027438;0;7;0;0;1;3;1;A01
201400027439;0;40;22;0;1;2;1;A01
201400027440;0;7;0;1;0;1;1;A01
201400027441;0;7;0;0;2;4;2;B01
201400027441;0;10;0;0;2;1;2;A01
201400027442;0;7;0;0;2;7;12;A01
201400027442;0;7;0;0;2;3;1;B01
201400027443;0;1;0;0;2;8;1;B01
201400027443;0;7;0;0;2;3;1;A01
201400027444;0;7;0;0;1;1;1;A01
201400027445;0;7;0;0;2;4;23;C01
201400027445;0;7;0;0;2;4;23;B01
201400027445;1;7;0;0;2;1;1;A01
201400027446;0;7;0;0;2;1;1;A01
201400027446;0;7;0;0;2;1;1;B01
201400027447;0;7;0;0;1;1;1;A01
201400027448;0;10;0;0;1;1;2;A01
201400027449;0;7;0;0;2;1;15;A01
201400027449;0;1;0;0;2;1;1;B01
201400027450;0;7;0;0;1;2;1;A01
201400027451;0;7;0;0;2;2;15;A01
201400027451;0;30;0;0;2;1;1;B01
201400027452;0;7;0;0;2;1;1;A01
201400027452;0;7;0;0;2;9;2;B01
201400027452;0;7;0;0;2;4;2;C01
201400027453;0;7;0;4;0;1;1;A01
201400027454;1;99;0;0;1;1;0;Z01
201400027455;0;7;0;0;1;1;15;A01
201400027456;0;30;0;0;0;0;1;A01
201400027457;0;7;0;6;0;7;1;A01
201400027457;0;7;0;0;2;1;1;B01
201400027458;0;7;0;0;2;4;15;C01
201400027458;0;7;0;0;2;1;2;A01
201400027458;0;7;0;0;2;1;2;B01
201400027459;0;7;0;0;2;5;15;A01
201400027459;0;30;0;0;2;1;1;B01