num_acc;senc;catv;occutc;obs;obsm;choc;manv;num_veh
201400027460;0;7;0;0;2;6;9;A01
201400027460;0;2;0;0;2;1;1;B01
201400027461;0;33;0;3;2;8;17;A01
201400027461;0;7;0;0;2;3;1;B01
201400027462;0;7;0;0;1;1;15;A01
201400027463;0;10;0;0;1;3;1;A01
201400027464;0;7;0;0;2;8;1;B01
201400027464;0;7;0;0;2;1;15;A01
201400027465;0;7;0;0;2;3;15;A01
201400027465;0;33;0;0;2;1;17;B01
201400027466;0;7;0;0;1;1;1;A01
201400027467;0;7;0;0;1;1;1;A01
201400027468;0;1;0;0;2;6;15;B01
201400027468;0;30;0;0;2;1;17;A01
201400027469;0;30;0;1;0;7;1;A01
201400027470;0;10;0;0;2;8;1;B01
201400027470;0;1;0;0;2;1;19;A01
201400027471;0;30;0;0;0;7;1;A01
201400027472;0;1;0;0;2;1;1;B01
201400027472;0;7;0;0;2;2;16;A01
201400027473;0;7;0;0;2;3;15;A01
201400027473;0;1;0;0;2;1;1;B01
201400027474;0;7;0;13;0;1;1;A01
201400027475;0;7;0;0;1;1;15;A01
201400027476;0;2;0;0;0;8;1;A01
201400027477;0;33;0;0;2;1;1;B01
201400027477;0;7;0;0;2;3;15;A01
201400027478;0;10;0;0;2;1;1;B01
201400027478;0;7;0;0;2;1;13;A01
201400027479;0;33;0;0;0;7;1;A01
201400027480;0;7;0;0;2;8;15;A01
201400027480;0;30;0;0;2;7;1;B01
201400027481;0;30;0;1;1;1;1;A01
201400027482;0;33;0;0;0;8;1;A01
201400027483;1;7;0;0;1;0;1;A01
201400027484;0;7;0;0;2;2;13;A01
201400027484;0;7;0;0;2;3;1;B01
201400027485;0;30;0;0;2;1;19;A01
201400027485;0;10;0;0;2;2;15;B01
201400027486;0;37;1;0;1;7;1;A01
201400027487;0;10;0;0;2;1;13;A01
201400027487;0;7;0;0;2;8;1;B01
201400027488;0;7;0;6;2;3;1;B01
201400027488;0;7;0;0;2;3;13;A01
201400027489;0;1;0;0;2;8;2;B01
201400027489;0;7;0;0;9;2;17;A01
201400027490;0;7;0;0;2;1;1;B01
201400027490;0;17;0;0;2;4;4;A01
201400027491;0;7;0;0;1;2;15;A01
201400027492;0;1;0;0;1;1;1;A01
201400027493;0;10;0;0;1;2;1;A01
201400027494;0;7;0;9;0;1;1;A01
201400027495;0;7;0;0;1;7;1;A01
201400027496;0;7;0;0;2;1;1;A01
201400027496;0;1;0;0;2;1;15;B01
201400027497;0;7;0;0;1;3;1;A01
201400027498;0;7;0;0;2;2;1;B01
201400027498;0;7;0;16;2;3;16;A01
201400027499;0;30;0;0;0;0;13;A01
201400027500;0;30;0;0;0;6;0;A01
201400027501;0;7;0;16;0;9;1;A01
201400027502;0;7;0;0;1;1;15;A01
201400027503;0;7;0;0;2;1;1;B01
201400027503;0;7;0;0;2;6;19;A01
201400027504;0;7;0;0;2;2;1;B01
201400027504;0;7;0;0;2;1;1;A01
201400027505;0;7;0;1;0;7;1;A01
201400027506;0;7;0;0;1;1;1;A01
201400027507;0;32;0;0;2;7;17;A01
201400027507;0;7;0;0;2;8;1;B01
201400027508;0;7;0;0;2;1;5;A01
201400027508;0;1;0;0;2;0;1;B01
201400027509;0;7;0;0;2;9;14;A01
201400027509;0;31;0;0;2;1;2;B01
201400027510;0;7;0;0;2;3;15;A01
201400027510;0;30;0;0;2;7;1;B01
201400027511;0;7;0;0;9;3;1;B01
201400027511;0;1;0;0;2;3;13;A01
201400027512;0;1;0;0;0;0;1;A01
201400027513;0;7;0;0;2;1;2;A01
201400027513;0;7;0;0;2;4;2;C01
201400027513;0;7;0;0;0;4;2;B01
201400027514;0;7;0;2;0;1;1;A01
201400027515;0;7;0;8;2;1;1;A01
201400027516;0;30;0;0;0;8;1;A01
201400027517;0;1;0;0;2;7;1;B01
201400027517;0;7;0;0;2;8;9;A01
201400027518;0;7;0;0;2;3;1;B01
201400027518;0;1;0;0;2;1;5;A01
201400027519;0;7;0;0;9;3;1;B01
201400027519;0;30;0;0;2;1;15;A01
201400027520;0;7;0;12;0;3;15;A01
201400027520;0;2;0;0;2;3;17;B01
201400027521;0;10;0;0;2;1;15;A01
201400027521;0;30;0;0;2;7;1;B01
201400027522;0;7;0;0;2;1;1;B01
201400027522;0;7;0;0;2;1;1;A01
201400027523;0;7;0;0;0;4;1;B01
201400027523;0;30;0;0;2;1;2;A01
201400027524;0;7;0;0;2;4;2;B01
201400027524;0;7;0;0;2;1;2;A01
201400027525;0;7;0;8;0;1;5;A01
201400027526;0;1;0;12;0;1;1;A01
201400027527;0;2;0;0;1;1;1;A01
201400027528;0;10;0;0;1;0;1;A01
201400027529;0;7;0;0;2;1;1;B01
201400027529;0;1;0;0;2;8;19;A01
201400027530;0;7;0;13;0;9;1;A01
201400027531;0;30;0;0;2;1;1;B01
201400027531;0;7;0;0;2;3;1;A01
201400027532;0;2;0;0;2;1;2;A01
201400027532;0;7;0;0;2;4;2;B01
201400027533;0;7;0;0;0;4;1;B01
201400027533;0;2;0;0;2;1;1;A01
201400027534;0;7;0;0;0;4;2;B01
201400027534;0;7;0;0;2;1;2;A01
201400027535;0;1;0;0;2;4;2;B01
201400027535;0;7;0;0;9;2;2;A01
201400027536;0;7;0;0;2;1;0;A01
201400027536;0;1;0;0;0;8;1;B01
201400027537;0;30;0;0;0;0;1;A01
201400027538;0;7;0;0;1;7;0;A01
201400027539;0;7;0;0;9;3;1;A01
201400027539;0;1;0;0;2;4;1;B01
201400027540;0;30;0;14;0;1;1;A01
201400027541;0;2;0;0;2;1;2;A01
201400027541;0;7;0;0;2;5;2;B01
201400027542;0;7;0;0;2;8;22;A01
201400027542;0;1;0;1;0;1;1;B01
201400027543;0;30;0;0;0;0;1;A01
201400027544;0;7;0;0;1;7;1;A01
201400027545;0;1;0;0;2;4;13;A01
201400027545;0;7;0;0;0;4;1;B01
201400027546;0;1;0;0;2;6;1;B01
201400027546;0;7;0;0;2;3;19;A01
201400027547;0;7;0;0;9;7;15;A01
201400027547;0;1;0;0;2;1;1;B01
201400027548;0;7;0;0;2;2;1;A01
201400027548;0;30;0;0;2;1;0;B01
201400027549;0;7;0;15;2;3;1;A01
201400027549;0;7;0;1;2;3;1;B01
201400027550;0;30;0;0;2;1;2;A01
201400027550;0;10;0;0;9;3;1;B01
201400027551;0;7;0;0;1;2;2;A01
201400027552;0;30;0;13;0;0;1;A01
201400027553;0;7;0;0;2;1;15;B01
201400027553;0;32;0;0;2;7;1;A01
201400027554;0;7;0;8;0;1;13;A01
201400027555;0;2;0;11;0;2;1;A01
201400027556;0;7;0;8;9;1;1;A01
201400027557;0;7;0;0;2;7;16;B01
201400027557;0;31;0;0;2;7;18;A01
201400027558;0;7;0;0;1;2;15;A01
201400027559;0;1;0;0;2;8;15;B01
201400027559;0;7;0;0;9;1;1;A01
201400027560;0;34;0;0;2;2;2;B01
201400027560;0;7;0;0;2;3;2;A01
201400027561;0;7;0;0;1;3;1;A01
201400027562;0;7;0;0;2;1;1;A01
201400027562;0;7;0;0;2;8;15;B01
201400027563;0;2;0;0;2;7;2;A01
201400027563;0;7;0;0;2;3;15;B01
201400027564;0;2;0;1;0;1;1;A01
201400027565;0;30;0;0;2;2;2;B01
201400027565;0;7;0;0;0;3;10;A01
201400027566;0;7;0;8;0;1;0;A01
201400027567;0;7;0;16;0;2;1;A01
201400027568;0;7;0;8;0;0;0;A01
201400027569;0;2;0;0;1;1;1;A01
201400027570;0;7;0;3;0;7;21;A01
201400027571;0;7;0;14;0;1;2;A01
201400027572;0;40;2;0;1;3;0;A01
201400027573;0;7;0;0;1;2;1;A01
201400027574;0;7;0;0;2;1;0;A01
201400027574;0;32;0;0;2;6;0;B01
201400027575;0;7;0;0;2;3;1;B01
201400027575;0;33;0;0;2;1;1;C01
201400027575;0;7;0;0;2;1;15;A01
201400027576;0;1;0;0;2;1;1;B01
201400027576;0;10;0;0;9;2;16;A01
201400027577;0;7;0;0;1;1;0;A01
201400027578;0;33;0;0;2;5;1;B01
201400027578;0;10;0;0;2;2;1;A01
201400027579;0;1;0;0;2;8;1;B01
201400027579;0;7;0;0;2;7;17;A01
201400027580;0;7;0;15;0;2;0;A01
201400027581;0;7;0;0;2;7;1;A01
201400027581;1;17;0;0;2;0;3;B01
201400027582;0;30;0;0;2;4;0;A01
201400027583;0;7;0;0;1;1;1;A01
201400027584;0;7;0;0;1;1;0;A01
201400027585;0;7;0;0;2;1;7;A01
201400027585;0;7;0;0;2;4;16;B01
201400027586;0;7;0;0;1;0;1;A01
201400027587;0;1;0;0;2;0;0;B01
201400027587;1;99;0;0;0;0;0;A01
201400027588;0;7;0;0;2;1;15;A01
201400027588;0;7;0;0;2;1;1;B01
201400027589;0;7;0;0;1;1;1;A01
201400027590;0;2;0;0;0;4;23;B01
201400027590;1;7;0;0;2;1;1;A01
201400027591;0;7;0;0;1;1;1;A01
201400027592;0;7;0;0;0;6;2;B01
201400027592;0;7;0;0;0;0;1;A01
201400027593;0;10;0;0;4;2;16;A01
201400027593;0;40;1;0;2;1;0;B01
201400027594;0;37;1;0;2;3;23;B01
201400027594;0;30;0;14;0;1;2;A01
201400027595;0;7;0;0;9;1;11;A01
201400027595;0;1;0;0;0;0;0;B01
201400027596;0;13;0;3;2;3;1;B01
201400027596;0;7;0;3;2;3;13;A01
201400027597;0;30;0;0;2;2;0;B01
201400027597;1;99;0;0;0;0;0;Z01
201400027598;0;7;0;4;0;7;9;A01
201400027599;0;7;0;0;2;3;15;A01
201400027599;0;32;0;1;2;1;17;B01
201400027600;0;1;0;0;0;1;1;A01
201400027601;1;99;0;0;1;2;0;A01
201400027602;0;1;0;0;0;0;0;A01
201400027603;0;2;0;0;1;0;0;A01
201400027604;0;7;0;0;2;2;15;A01
201400027604;0;33;0;0;2;1;1;B01
201400027605;0;14;0;0;2;3;1;A01
201400027605;0;7;0;0;2;9;1;B01
201400027605;0;7;0;0;2;1;0;C01
201400027606;0;7;0;0;1;3;1;A01
201400027607;0;7;0;0;1;1;1;A01
201400027608;0;7;0;0;2;8;9;B01
201400027608;0;7;0;0;2;2;1;A01
201400027609;0;7;0;3;0;1;1;A01
201400027610;0;2;0;0;2;9;1;B01
201400027610;1;7;0;;0;2;10;Z01
201400027611;0;33;0;0;2;3;7;A01
201400027611;0;7;0;0;2;2;16;B01
201400027612;0;33;0;0;2;8;1;A01
201400027612;0;7;0;0;9;8;17;B01
201400027613;0;33;0;0;2;8;1;A01
201400027613;0;7;0;0;9;8;17;B01
201400027614;0;10;0;0;2;1;1;A01
201400027614;0;7;0;0;2;1;1;B01
201400027614;0;10;0;0;0;5;2;C01
201400027615;0;10;0;0;0;5;2;C01
201400027615;0;10;0;0;2;1;1;A01
201400027615;0;7;0;0;2;1;1;B01
201400027616;1;7;0;0;1;2;0;Z01
201400027617;0;7;0;0;1;2;1;A01
201400027618;0;7;0;0;2;0;0;B01
201400027618;0;7;0;0;2;0;1;A01
201400027619;0;7;0;0;1;0;0;A01
201400027620;0;7;0;0;2;3;15;A01
201400027620;0;32;0;0;2;1;1;B01
201400027621;0;7;0;0;2;1;1;A01
201400027621;0;33;0;0;0;4;1;B01
201400027622;0;10;0;0;2;2;1;A01
201400027622;0;1;0;0;2;8;19;B01
201400027623;0;7;0;0;1;3;16;A01
201400027624;0;7;0;0;0;0;0;C01
201400027624;0;7;0;0;0;0;0;A01
201400027624;0;7;0;0;0;0;0;B01
201400027625;0;7;0;0;1;2;1;A01
201400027626;2;7;0;8;0;1;1;A01
201400027627;0;31;0;0;0;7;1;A01
201400027628;1;7;0;0;1;1;15;Z01
201400027629;0;7;0;0;2;1;0;A01
201400027629;0;1;0;0;2;1;0;B01
201400027630;1;7;0;0;1;0;0;A01
201400027631;0;7;0;1;4;8;0;A01
201400027631;0;40;1;0;2;2;1;B01
201400027631;0;7;0;1;2;4;24;C01
201400027632;0;32;0;0;1;3;17;A01
201400027633;0;7;0;0;2;8;15;B01
201400027633;0;7;0;0;2;2;1;A01
201400027634;0;7;0;0;2;2;0;A01
201400027635;0;1;0;1;0;0;19;A01
201400027635;1;7;0;0;0;9;0;Z01
201400027636;0;7;0;0;1;3;0;A01
201400027637;0;33;0;0;2;1;7;A01
201400027637;0;7;0;0;2;5;4;B01
201400027638;0;1;0;0;2;0;0;B01
201400027638;0;7;0;0;9;3;0;A01
201400027639;0;7;0;0;1;2;9;A01
201400027640;0;7;0;0;1;2;21;A01
201400027641;0;7;0;0;1;3;1;A01
201400027642;1;7;0;0;1;1;7;A01
201400027643;0;30;0;12;0;5;21;A01
201400027644;0;7;0;0;2;7;16;B01
201400027644;0;31;0;0;2;3;1;A01
201400027645;0;7;0;0;1;1;1;A01
201400027646;0;99;0;0;1;0;0;A01
201400027647;0;7;0;0;2;3;1;A01
201400027647;0;1;0;0;2;1;1;B01
201400027648;0;7;0;2;0;3;14;A01
201400027649;0;7;0;0;2;7;15;A01
201400027649;0;7;0;0;2;1;1;B01
201400027650;0;7;0;0;9;3;23;C01
201400027650;0;7;0;0;2;1;15;A01
201400027650;0;33;0;0;2;1;1;B01
201400027651;0;33;0;8;0;1;0;A01
201400027652;0;7;0;0;0;0;0;A01
201400027652;0;30;0;0;0;0;0;B01
201400027653;0;7;0;0;0;0;0;A01
201400027653;0;7;0;0;0;0;0;B01
201400027654;0;7;0;0;1;0;1;A01
201400027655;0;7;0;8;2;2;0;A01
201400027655;0;7;0;0;2;1;0;B01
201400027656;0;34;0;0;0;0;0;B01
201400027656;0;7;0;0;0;0;0;A01
201400027657;0;33;0;0;0;0;0;A01
201400027657;0;7;0;0;0;0;0;B01
201400027658;0;7;0;0;1;0;0;A01
201400027659;0;7;0;0;0;0;0;A01
201400027660;0;7;0;0;0;0;0;A01
201400027660;0;7;0;0;0;0;0;B01
201400027661;0;2;0;0;9;1;0;A01
201400027662;0;2;0;14;0;1;1;A01
201400027662;0;7;0;0;0;7;22;B01
201400027663;0;2;0;0;2;8;0;B01
201400027663;1;7;0;0;2;0;0;A01
201400027664;0;7;0;0;0;0;0;A01
201400027664;0;7;0;0;0;0;0;B01
201400027665;0;7;0;0;0;4;23;C01
201400027665;0;7;0;0;2;4;23;B01
201400027665;0;7;0;0;2;1;2;A01
201400027666;0;7;0;0;0;0;0;B01
201400027666;0;7;0;0;0;0;0;A01
201400027667;1;7;0;0;1;3;0;A01
201400027668;0;7;0;0;0;0;0;C01
201400027668;0;7;0;0;0;0;0;B01
201400027668;0;7;0;0;0;0;0;A01
201400027668;0;7;0;0;0;0;0;D01
201400027669;0;30;0;0;2;1;13;A01
201400027669;0;7;0;0;2;1;1;B01
201400027670;0;7;0;0;0;0;0;B01
201400027670;0;7;0;0;0;0;0;A01
201400027671;0;7;0;0;2;1;2;A01
201400027671;0;7;0;0;2;4;2;B01
201400027672;1;99;0;0;1;1;1;Z01
201400027673;0;33;0;0;2;4;1;B01
201400027673;0;7;0;0;0;4;1;C01
201400027673;0;7;0;0;2;1;1;A01
201400027674;0;7;0;0;0;0;0;D01
201400027674;1;7;0;0;0;0;0;A01
201400027674;0;7;0;0;0;0;0;C01
201400027674;0;7;0;0;0;0;0;B01
201400027675;0;32;0;0;2;1;1;B01
201400027675;1;7;0;0;2;0;0;A01
201400027676;0;7;0;0;2;1;1;A01
201400027676;0;7;0;0;2;0;1;B01
201400027677;0;7;0;0;2;2;10;B01
201400027677;0;33;0;0;2;1;1;A01
201400027678;0;7;0;0;2;2;1;B01
201400027678;0;7;0;0;2;8;15;A01
201400027679;1;7;0;15;1;1;0;Z01
201400027680;0;7;0;0;2;3;20;B01
201400027680;0;31;0;0;2;1;2;A01
201400027681;0;7;0;0;2;8;0;B01
201400027681;0;34;0;0;0;7;0;A01
201400027682;0;2;0;0;2;1;17;A01
201400027682;0;7;0;0;2;8;16;B01
201400027683;0;2;0;0;2;1;0;A01
201400027683;0;7;0;0;2;1;1;B01
201400027684;0;99;0;0;0;2;0;C01
201400027684;0;99;0;0;2;1;2;A01
201400027684;0;7;0;0;2;1;2;B01
201400027685;0;17;0;0;2;2;1;A01
201400027685;0;2;0;0;2;8;1;B01
201400027686;0;7;0;0;0;0;0;B01
201400027686;0;7;0;0;0;0;0;A01
201400027687;1;99;0;0;2;0;0;A01
201400027687;0;1;0;0;2;0;1;B01
201400027688;0;7;0;0;2;1;1;C01
201400027688;1;10;0;0;2;4;16;Z01
201400027688;0;7;0;0;2;4;1;A01
201400027688;0;7;0;0;2;4;0;B01
201400027689;0;33;0;0;0;0;0;A01
201400027690;0;7;0;0;2;1;15;A01
201400027690;0;33;0;0;2;1;1;B01
201400027691;0;7;0;0;2;3;1;A01
201400027691;0;33;0;0;2;1;1;B01
201400027692;1;2;0;0;1;0;0;A01
201400027693;0;33;0;0;2;7;17;A01
201400027693;0;10;0;0;2;3;13;B01
201400027694;0;7;0;0;2;4;1;B01
201400027694;0;7;0;0;0;1;1;A01
201400027695;0;1;0;0;2;1;7;B01
201400027695;0;7;0;0;2;5;1;A01
201400027696;0;7;0;0;1;0;0;A01
201400027697;0;7;0;0;2;2;15;A01
201400027697;0;2;0;0;2;1;1;B01
201400027698;0;7;0;0;0;0;0;A01
201400027699;0;7;0;0;0;1;0;A01
201400027700;0;33;0;0;1;0;0;A01
201400027701;0;30;0;0;1;0;0;A01
201400027702;0;7;0;0;0;1;0;C01
201400027702;0;7;0;0;0;1;0;A01
201400027702;0;37;5;0;0;1;0;B01
201400027703;0;40;20;0;1;0;0;A01
201400027704;0;7;0;0;2;3;1;B01
201400027704;0;7;0;0;2;3;13;A01
201400027705;0;33;0;0;0;5;2;B01
201400027705;0;2;0;0;2;1;0;A01
201400027706;0;13;0;0;9;7;1;A01
201400027706;0;13;0;0;0;0;0;B01
201400027707;1;7;0;0;2;8;18;Z01
201400027707;0;30;0;0;2;7;1;A01
201400027708;0;1;0;0;0;0;0;B01
201400027708;0;7;0;0;0;0;0;A01
201400027709;0;7;0;0;2;1;1;B01
201400027709;0;7;0;0;2;4;4;Z01
201400027710;1;7;0;0;2;0;0;A01
201400027710;0;7;0;0;0;6;0;B01
201400027711;0;7;0;0;0;6;1;C01
201400027711;0;7;0;0;2;1;1;B01
201400027711;0;7;0;0;2;1;1;A01
201400027712;0;7;0;0;2;3;15;A01
201400027712;0;33;0;0;2;1;1;B01
201400027713;0;7;0;0;2;3;0;A01
201400027713;0;1;0;0;2;1;0;B01
201400027714;0;7;0;0;2;1;15;A01
201400027714;0;31;0;0;2;1;1;B01
201400027715;0;10;0;2;0;0;0;A01
201400027716;0;7;0;0;2;0;0;B01
201400027716;0;7;0;0;2;3;15;A01
201400027717;0;7;0;0;0;0;0;A01
201400027718;1;36;0;0;1;1;1;Z01
201400027719;0;7;0;0;2;1;1;A01
201400027719;0;1;0;0;2;4;1;B01
201400027720;0;1;0;0;2;0;2;B01
201400027720;0;7;0;14;0;1;1;A01
201400027721;0;7;0;0;0;1;0;A01
201400027722;0;7;0;0;1;2;11;A01
201400027723;0;7;0;3;2;3;1;A01
201400027723;0;10;0;0;2;1;1;B01
201400027724;0;7;0;0;1;1;1;A01
201400027725;0;7;0;0;1;1;0;A01
201400027726;0;1;0;0;2;4;16;B01
201400027726;1;7;0;0;9;0;0;Z01
201400027727;0;7;0;0;1;1;0;A01
201400027728;0;1;0;0;0;0;0;A01
201400027729;0;33;0;0;2;7;17;B01
201400027729;0;7;0;0;2;6;1;C01
201400027729;0;7;0;0;2;3;11;A01
201400027730;0;1;0;0;6;0;1;A01
201400027731;0;7;0;0;1;1;1;A01
201400027732;0;7;0;0;2;8;19;B01
201400027732;0;30;0;0;2;2;1;A01
201400027733;0;7;0;0;1;2;2;A01
201400027734;0;7;0;0;2;3;1;B01
201400027734;0;7;0;3;2;2;12;A01
201400027735;0;10;0;0;2;1;1;B01
201400027735;0;33;0;0;2;3;9;A01
201400027736;0;7;0;6;1;2;9;A01
201400027737;0;7;0;0;2;3;1;A01
201400027737;0;7;0;14;2;3;6;B01
201400027738;0;7;0;0;2;3;0;A01
201400027738;0;34;0;0;2;0;0;B01
201400027739;0;30;0;0;2;1;0;A01
201400027739;0;37;1;0;2;8;0;B01
201400027740;0;33;0;0;2;1;0;B01
201400027740;0;7;0;0;2;6;10;A01
201400027741;0;33;0;0;2;7;1;A01
201400027741;0;7;0;0;2;8;1;B01
201400027742;0;1;0;0;2;1;0;B01
201400027742;0;1;0;0;2;1;0;A01
201400027743;2;7;0;0;2;1;2;A01
201400027743;0;7;0;0;2;4;2;B01
201400027744;0;33;0;0;2;1;15;B01
201400027744;1;7;0;0;2;1;6;Z01
201400027745;1;7;0;0;9;0;16;Z01
201400027745;0;1;0;0;2;8;1;A01
201400027746;0;7;0;0;2;1;16;B01
201400027746;2;7;0;0;2;1;5;A01
201400027747;0;7;0;0;2;1;1;A01
201400027747;0;33;0;0;2;1;1;B01
201400027748;0;7;0;0;1;2;1;A01
201400027749;1;13;0;0;2;6;1;A01
201400027749;0;14;0;0;2;6;1;B01
201400027750;0;7;0;0;2;4;2;B01
201400027750;1;10;0;0;2;1;2;Z01
201400027751;0;7;0;0;2;1;0;C01
201400027751;0;14;0;0;2;3;0;A01
201400027751;0;7;0;0;2;4;0;B01
201400027752;0;7;0;8;0;1;1;A01
201400027753;0;7;0;1;2;2;1;A01
201400027754;0;10;0;0;1;1;1;A01
201400027755;1;99;0;0;2;1;0;A01
201400027755;0;1;0;0;2;1;1;B01
201400027756;0;30;0;0;0;0;0;A01
201400027757;0;7;0;0;1;1;1;A01
201400027758;0;30;0;0;0;0;0;A01
201400027759;1;7;0;0;2;6;0;A01
201400027759;0;31;0;0;2;1;1;B01
201400027760;1;7;0;0;2;0;2;A01
201400027760;0;30;0;0;2;0;2;B01
201400027761;2;7;0;0;0;0;0;Z01
201400027761;0;32;0;0;0;0;0;A01
201400027762;0;7;0;0;2;1;1;B01
201400027762;0;7;0;0;2;1;13;A01
201400027763;0;7;0;0;1;1;0;A01
201400027764;0;7;0;0;1;1;1;A01
201400027765;0;33;0;8;0;1;1;A01
201400027766;0;7;0;0;2;2;7;A01
201400027766;0;7;0;0;2;3;15;B01
201400027767;0;7;0;0;0;3;0;B01
201400027767;0;7;0;0;1;3;0;A01
201400027768;0;7;0;0;1;1;15;A01
201400027769;0;2;0;1;0;1;0;A01
201400027770;0;2;0;0;0;0;0;B01
201400027771;0;7;0;0;2;7;10;A01
201400027771;0;33;0;0;2;1;1;B01
201400027772;1;7;0;0;1;1;1;Z01
201400027773;0;30;0;0;0;4;2;B01
201400027773;1;7;0;0;2;5;2;A01
201400027774;1;99;0;0;1;0;2;Z01
201400027775;0;33;0;0;2;1;17;A01
201400027775;0;10;0;0;2;3;15;B01
201400027776;1;7;0;0;9;0;11;A01
201400027776;0;1;0;0;2;0;0;B01
201400027777;0;7;0;0;1;2;1;A01
201400027778;1;30;0;0;1;0;0;Z01
201400027779;0;10;0;0;1;3;1;A01
201400027780;0;7;0;0;2;1;2;A01
201400027780;2;7;0;0;0;4;0;B01
201400027781;0;1;0;0;2;0;1;B01
201400027781;0;13;0;0;9;0;16;A01
201400027782;0;7;0;0;2;1;1;B01
201400027782;0;7;0;0;2;1;5;A01
201400027783;0;30;0;0;2;1;1;A01
201400027783;0;7;0;0;2;7;16;B01
201400027784;2;31;0;0;2;1;0;A01
201400027784;0;7;0;0;2;8;0;B01
201400027785;0;7;0;0;0;9;1;A01
201400027786;0;7;0;0;2;6;15;B01
201400027786;0;2;0;0;2;2;17;A01
201400027787;0;1;0;0;2;8;0;B01
201400027787;1;99;0;0;2;8;0;Z01
201400027788;0;33;0;0;2;1;2;B01
201400027788;0;7;0;0;2;3;11;A01
201400027789;0;17;0;0;2;8;15;B01
201400027789;0;7;0;0;2;1;7;A01
201400027790;0;33;0;0;2;4;23;B01
201400027790;2;7;0;0;2;1;2;Z01
201400027791;0;7;0;8;0;1;0;A01
201400027792;0;1;0;0;2;1;1;B01
201400027792;0;7;0;0;2;7;16;A01
201400027793;0;7;0;0;2;4;1;B01
201400027793;0;2;0;0;2;1;1;A01
201400027794;0;31;0;1;2;2;0;B01
201400027794;0;7;0;0;2;3;0;A01
201400027795;1;99;0;0;1;2;20;Z01
201400027796;0;7;0;0;2;1;23;A01
201400027796;0;7;0;0;2;4;4;B01
201400027797;0;33;0;0;2;2;1;B01
201400027797;0;7;0;0;0;2;9;A01
201400027798;1;7;0;0;1;0;0;Z01
201400027799;0;7;0;0;2;2;1;B01
201400027799;0;2;0;0;2;1;5;A01
201400027800;0;7;0;1;0;9;0;A01
201400027801;0;7;0;0;1;1;1;A01
201400027802;0;7;0;0;1;2;1;A01
201400027803;0;7;0;0;1;2;1;A01
201400027804;0;1;0;0;2;4;2;B01
201400027804;1;7;0;0;2;0;0;Z01
201400027805;1;7;0;0;1;0;0;A01
201400027806;0;7;0;0;2;4;1;B01
201400027806;0;7;0;0;2;1;1;A01
201400027807;0;7;0;0;2;1;1;A01
201400027807;0;7;0;0;0;4;1;B01
201400027808;0;7;0;0;2;7;1;A01
201400027808;0;30;0;0;2;1;1;B01
201400027809;0;33;0;0;1;1;1;A01
201400027810;0;7;0;0;0;4;2;B01
201400027810;0;7;0;0;2;1;2;A01
201400027811;0;1;0;0;0;0;0;B01
201400027811;1;7;0;0;0;8;0;A01
201400027812;0;7;0;0;2;3;1;B01
201400027812;0;7;0;0;2;3;1;A01
201400027813;0;99;0;0;0;0;0;A01
201400027813;0;10;0;0;0;3;0;B01
201400027814;1;7;0;0;0;0;14;Z01
201400027814;0;30;0;0;0;0;1;B01
201400027815;0;7;0;4;2;0;2;C01
201400027815;1;15;0;0;2;2;1;A01
201400027815;0;7;0;0;2;8;1;B01
201400027816;0;34;0;0;2;1;1;B01
201400027816;0;7;0;0;0;2;19;A01
201400027817;0;31;0;0;2;5;0;B01
201400027817;1;7;0;0;2;0;0;Z01
201400027818;0;33;0;0;2;1;1;B01
201400027818;1;99;0;0;2;0;0;Z01
201400027819;0;7;0;0;1;1;1;A01
201400027820;0;1;0;0;0;0;0;A01
201400027821;0;7;0;0;1;3;1;A01
201400027822;0;7;0;0;1;8;0;A01
201400027823;1;7;0;0;0;0;0;Z01
201400027823;0;1;0;0;2;1;1;A01
201400027824;0;10;0;0;1;0;1;A01
201400027825;0;33;0;0;2;0;3;B01
201400027825;0;7;0;0;2;6;12;A01
201400027826;1;7;0;0;2;0;0;Z01
201400027826;0;33;0;0;2;1;0;B01
201400027827;1;7;0;0;2;1;2;Z01
201400027827;0;7;0;0;0;4;2;B01
201400027828;0;7;0;0;2;3;0;A01
201400027828;0;34;0;0;2;1;0;B01
201400027829;0;7;0;0;2;3;15;B01
201400027829;0;33;0;0;2;1;1;A01
201400027830;0;30;0;0;1;1;1;A01
201400027831;0;37;2;0;2;2;1;B01
201400027831;0;33;0;0;2;8;15;A01
201400027832;0;10;0;0;2;3;2;B01
201400027832;0;33;0;0;2;1;2;A01
201400027833;0;7;0;0;1;1;1;A01
201400027834;0;33;0;0;2;6;1;A01
201400027834;0;7;0;0;2;2;1;B01
201400027835;0;32;0;0;2;4;1;A01
201400027835;1;7;0;0;2;1;1;Z01
201400027836;0;7;0;9;0;3;13;A01
201400027837;1;7;0;0;0;3;9;Z01
201400027837;0;7;0;0;2;7;1;B01
201400027838;0;33;0;0;2;2;17;A01
201400027838;0;7;0;0;2;3;23;B01
201400027839;1;7;0;0;1;0;2;A01
201400027840;0;7;0;5;0;0;1;A01
201400027841;2;34;0;0;0;7;0;A01
201400027842;1;7;0;0;1;0;0;Z01
201400027843;0;7;0;15;0;1;0;A01
201400027844;0;33;0;0;2;1;1;B01
201400027844;0;7;0;0;2;7;15;A01
201400027845;0;31;0;0;0;0;0;B01
201400027845;0;7;0;0;0;0;0;A01
201400027846;0;7;0;0;1;1;1;A01
201400027847;0;7;0;8;0;2;1;Z01