num_acc;senc;catv;occutc;obs;obsm;choc;manv;num_veh
201400027848;0;3;0;0;2;3;0;B01
201400027848;0;10;0;0;2;1;10;A01
201400027849;0;40;10;0;1;4;1;A01
201400027850;0;7;0;1;0;1;14;A01
201400027851;0;7;0;0;2;4;2;B01
201400027851;1;7;0;0;2;1;2;A01
201400027852;0;31;0;0;2;1;1;B01
201400027852;0;7;0;0;2;6;10;A01
201400027853;1;7;0;0;0;0;0;Z01
201400027853;0;1;0;0;0;0;0;B01
201400027854;1;99;0;0;1;0;0;Z01
201400027855;0;7;0;0;2;1;17;A01
201400027855;0;7;0;0;2;6;1;C01
201400027855;0;7;0;0;2;1;1;B01
201400027856;1;99;0;0;0;0;0;A01
201400027856;0;33;0;0;2;1;1;B01
201400027857;0;7;0;0;0;1;0;A01
201400027858;0;7;0;0;2;1;1;B01
201400027858;0;7;0;0;2;1;13;A01
201400027859;0;7;0;0;2;1;13;A01
201400027859;0;7;0;0;2;3;1;B01
201400027860;0;7;0;0;0;6;1;B01
201400027860;0;7;0;0;2;3;9;A01
201400027861;0;7;0;0;2;3;24;A01
201400027861;0;37;1;1;0;7;1;B01
201400027862;0;1;0;0;2;1;1;B01
201400027862;0;7;0;0;2;0;15;A01
201400027863;0;34;0;0;0;4;18;A01
201400027864;0;30;0;0;2;1;1;A01
201400027864;0;7;0;0;2;7;15;B01
201400027865;0;7;0;0;1;5;0;A01
201400027866;2;7;0;0;2;1;1;A01
201400027866;0;7;0;0;0;4;2;B01
201400027867;0;7;0;0;2;1;9;A01
201400027867;0;31;0;0;2;7;15;B01
201400027868;0;7;0;0;9;3;15;A01
201400027868;0;1;0;0;2;1;1;B01
201400027869;0;10;0;0;2;0;1;A01
201400027869;0;1;0;0;2;0;1;B01
201400027870;0;7;0;7;2;2;13;A01
201400027870;0;7;0;0;2;2;1;B01
201400027871;0;7;0;0;1;3;1;A01
201400027872;0;7;0;0;1;2;1;A01
201400027873;1;7;0;0;1;1;0;A01
201400027874;0;2;0;0;1;0;0;A01
201400027875;0;7;0;0;2;7;15;A01
201400027875;0;33;0;0;2;1;1;B01
201400027876;0;1;0;0;1;0;0;A01
201400027877;0;7;0;0;9;6;0;B01
201400027877;0;33;0;0;2;1;0;A01
201400027878;0;7;0;0;9;2;0;A01
201400027878;0;7;0;0;9;2;2;B01
201400027878;0;1;0;0;2;8;2;C01
201400027879;0;32;0;0;1;0;0;A01
201400027880;0;7;0;0;1;0;1;A01
201400027881;0;7;0;0;1;2;1;A01
201400027882;0;7;0;0;2;1;17;A01
201400027882;0;7;0;0;2;1;11;B01
201400027882;0;7;0;0;2;1;0;D01
201400027882;0;7;0;0;2;0;0;C01
201400027883;0;7;0;0;2;1;15;A01
201400027883;0;7;0;0;2;3;1;B01
201400027884;0;7;0;2;0;1;14;A01
201400027885;0;30;0;0;2;1;0;A01
201400027885;0;7;0;0;2;3;0;B01
201400027886;0;30;0;0;4;2;1;A01
201400027886;0;39;56;0;2;1;0;B01
201400027887;0;7;0;0;1;1;1;A01
201400027888;0;7;0;0;2;7;17;A01
201400027888;0;2;0;0;2;6;1;B01
201400027889;0;7;0;0;2;3;15;A01
201400027889;0;2;0;0;2;1;1;B01
201400027890;0;7;0;0;1;1;1;A01
201400027891;0;10;0;0;2;3;1;A01
201400027891;0;2;0;0;2;6;1;B01
201400027892;0;7;0;0;2;3;15;A01
201400027892;0;2;0;0;2;1;1;B01
201400027893;0;10;0;0;2;1;1;B01
201400027893;0;2;0;0;2;2;1;A01
201400027894;0;7;0;0;2;7;16;B01
201400027894;0;2;0;0;2;1;1;A01
201400027895;0;7;0;0;1;1;1;A01
201400027896;0;7;0;0;2;2;1;B01
201400027896;0;2;0;0;2;1;1;A01
201400027897;0;7;0;0;2;1;15;A01
201400027897;0;7;0;0;2;1;1;B01
201400027898;0;1;0;0;2;3;1;B01
201400027898;0;7;0;0;2;3;9;A01
201400027899;0;7;0;0;2;3;15;B01
201400027899;0;2;0;0;2;1;17;A01
201400027900;0;7;0;1;0;1;13;A01
201400027901;0;7;0;0;2;1;1;A01
201400027901;0;2;0;0;2;4;1;B01
201400027902;0;7;0;0;1;1;1;A01
201400027903;0;7;0;0;2;6;1;B01
201400027903;0;33;0;0;2;2;21;A01
201400027904;0;3;0;0;2;4;1;C01
201400027904;0;7;0;0;2;1;1;A01
201400027904;0;7;0;0;2;4;1;B01
201400027905;0;1;0;0;2;1;1;A01
201400027905;0;10;0;0;2;4;1;B01
201400027906;0;7;0;0;2;2;15;A01
201400027906;0;7;0;0;2;1;1;B01
201400027907;0;7;0;2;0;1;14;A01
201400027908;0;7;0;0;2;3;1;A01
201400027908;0;37;2;0;2;2;1;B01
201400027909;0;2;0;0;2;1;1;B01
201400027909;0;7;0;0;2;2;1;A01
201400027910;0;1;0;0;2;8;11;B01
201400027910;0;7;0;0;2;2;1;A01
201400027911;0;7;0;0;2;3;1;A01
201400027911;0;7;0;0;2;5;1;B01
201400027912;0;3;0;1;0;1;14;A01
201400027913;0;2;0;0;2;1;13;A01
201400027913;0;7;0;0;2;1;1;B01
201400027914;0;7;0;0;2;1;1;A01
201400027914;0;7;0;0;2;8;1;B01
201400027915;0;7;0;0;2;1;1;B01
201400027915;0;33;0;0;2;1;1;A01
201400027916;0;7;0;0;2;5;1;A01
201400027916;0;7;0;0;2;3;15;B01
201400027917;0;2;0;0;2;1;1;B01
201400027917;0;1;0;0;2;1;1;A01
201400027918;0;7;0;0;1;4;1;A01
201400027919;0;7;0;0;2;1;1;B01
201400027919;0;7;0;0;2;1;9;A01
201400027920;0;7;0;0;1;2;1;A01
201400027921;0;7;0;0;2;3;13;A01
201400027921;0;7;0;0;2;5;1;B01
201400027922;0;7;0;0;2;8;15;B01
201400027922;0;7;0;0;2;1;1;A01
201400027923;0;10;0;0;2;1;15;A01
201400027923;0;7;0;0;2;1;1;B01
201400027924;0;7;0;0;2;1;13;A01
201400027924;0;10;0;0;2;1;1;B01
201400027924;0;7;0;0;2;1;1;C01
201400027925;0;7;0;0;2;4;1;B01
201400027925;0;7;0;0;2;1;1;A01
201400027925;0;10;0;0;2;4;1;C01
201400027926;0;7;0;0;2;3;1;A01
201400027926;0;1;0;0;2;1;1;B01
201400027927;0;33;0;0;2;1;17;A01
201400027927;0;7;0;0;2;8;15;B01
201400027928;0;7;0;0;1;1;1;A01
201400027929;0;7;0;0;1;3;1;A01
201400027930;0;7;0;0;2;3;15;B01
201400027930;0;2;0;0;2;1;1;A01
201400027931;0;1;0;0;2;1;15;A01
201400027931;0;1;0;0;2;1;1;B01
201400027932;0;7;0;0;2;4;1;B01
201400027932;0;7;0;0;2;1;1;A01
201400027933;0;7;0;0;1;1;1;A01
201400027934;0;17;0;0;2;8;1;B01
201400027934;0;33;0;0;2;1;17;A01
201400027935;0;7;0;12;2;1;15;A01
201400027935;0;37;6;0;2;1;1;B01
201400027936;0;7;0;7;0;9;1;A01
201400027937;0;7;0;1;0;2;14;A01
201400027938;0;7;0;0;2;2;1;B01
201400027938;0;7;0;0;2;8;1;A01
201400027939;0;7;0;0;2;7;1;A01
201400027939;1;99;0;0;2;1;9;Z01
201400027940;0;7;0;0;2;3;15;B01
201400027940;0;33;0;0;2;1;17;A01
201400027941;0;7;0;9;2;2;1;A01
201400027941;0;7;0;0;2;8;15;B01
201400027942;0;30;0;0;2;8;9;A01
201400027942;0;7;0;0;2;1;1;B01
201400027943;0;7;0;0;2;4;2;B01
201400027943;0;30;0;0;2;1;2;A01
201400027944;0;7;0;0;2;7;1;B01
201400027944;0;7;0;0;2;1;1;A01
201400027945;0;7;0;0;2;1;1;A01
201400027945;0;7;0;0;2;4;1;B01
201400027946;0;7;0;0;2;1;13;A01
201400027946;0;7;0;0;2;1;1;B01
201400027947;0;2;0;6;0;1;14;A01
201400027948;0;7;0;0;2;1;1;A01
201400027948;0;7;0;0;2;7;1;B01
201400027949;0;7;0;0;2;3;15;A01
201400027949;0;2;0;0;2;1;1;B01
201400027950;0;7;0;2;0;3;14;A01
201400027951;0;7;0;0;2;6;9;A01
201400027951;0;7;0;0;2;1;1;B01
201400027952;0;7;0;0;2;2;15;A01
201400027952;0;7;0;0;2;3;1;B01
201400027953;0;33;0;0;2;5;15;B01
201400027953;0;7;0;0;2;1;14;A01
201400027954;0;7;0;0;2;1;9;A01
201400027954;0;37;5;0;2;1;1;B01
201400027955;0;7;0;6;0;1;13;A01
201400027956;0;2;0;0;2;1;1;B01
201400027956;0;7;0;0;2;7;15;A01
201400027957;0;33;0;0;2;1;1;A01
201400027957;0;7;0;0;2;4;1;B01
201400027958;0;7;0;0;2;5;9;A01
201400027958;0;1;0;0;2;3;1;B01
201400027959;0;7;0;0;2;1;1;A01
201400027959;0;7;0;0;2;1;1;B01
201400027960;0;7;0;0;2;1;1;B01
201400027960;0;1;0;0;2;1;1;A01
201400027961;0;1;0;0;2;1;1;B01
201400027961;0;7;0;0;2;3;9;A01
201400027962;0;33;0;0;2;1;15;A01
201400027962;0;1;0;0;2;1;1;B01
201400027963;0;37;1;0;2;2;1;B01
201400027963;0;7;0;0;2;3;1;A01
201400027964;0;7;0;0;2;1;13;A01
201400027964;0;7;0;0;2;1;1;B01
201400027965;0;7;0;0;2;4;1;B01
201400027965;1;7;0;0;2;1;1;Z01
201400027966;0;2;0;0;1;1;1;A01
201400027967;0;7;0;0;1;8;1;A01
201400027968;0;7;0;0;2;3;15;A01
201400027968;0;2;0;0;2;1;1;B01
201400027969;0;33;0;0;2;1;1;B01
201400027969;0;7;0;0;2;6;1;A01
201400027970;0;7;0;1;0;1;13;A01
201400027971;0;7;0;0;2;1;9;A01
201400027971;0;7;0;0;2;1;1;B01
201400027972;0;1;0;0;2;1;1;B01
201400027972;0;10;0;0;2;2;1;A01
201400027973;0;7;0;1;0;1;14;A01
201400027974;0;7;0;0;2;1;9;A01
201400027974;0;30;0;0;2;3;17;B01
201400027975;0;1;0;0;2;4;1;B01
201400027975;0;7;0;0;2;3;15;A01
201400027976;1;7;0;0;2;1;15;Z01
201400027976;0;7;0;0;2;1;1;A01
201400027977;0;7;0;0;1;4;4;A01
201400027978;1;7;0;0;0;0;20;Z01
201400027978;0;30;0;0;2;4;23;A01
201400027979;0;1;0;0;2;1;1;B01
201400027979;0;7;0;0;2;1;9;A01
201400027980;0;7;0;0;2;1;1;A01
201400027980;0;7;0;0;2;3;1;B01
201400027981;0;7;0;9;2;1;1;A01
201400027981;0;7;0;0;2;1;15;B01
201400027982;0;7;0;0;2;3;1;B01
201400027982;0;7;0;0;2;1;1;A01
201400027983;0;7;0;0;2;1;1;B01
201400027983;0;7;0;6;2;1;1;A01
201400027984;0;7;0;0;2;1;15;A01
201400027984;0;2;0;0;2;1;1;B01
201400027985;0;7;0;0;2;1;1;B01
201400027985;0;7;0;0;2;1;1;A01
201400027986;0;2;0;0;2;4;1;B01
201400027986;0;7;0;0;2;1;1;A01
201400027987;0;7;0;0;2;3;1;B01
201400027987;0;7;0;0;2;2;1;A01
201400027988;0;7;0;0;2;4;1;B01
201400027988;0;7;0;0;2;4;1;C01
201400027988;0;7;0;0;2;4;1;D01
201400027988;0;7;0;0;2;1;1;A01
201400027989;0;7;0;0;2;1;1;A01
201400027989;0;2;0;0;2;1;1;B01
201400027990;1;7;0;0;1;1;1;Z01
201400027991;0;7;0;0;2;1;1;A01
201400027991;0;1;0;0;2;1;19;B01
201400027992;0;7;0;0;1;2;1;A01
201400027993;0;7;0;0;2;1;15;A01
201400027993;0;2;0;0;2;1;1;B01
201400027994;0;7;0;0;1;2;1;A01
201400027995;0;30;0;0;1;1;1;A01
201400027996;0;7;0;0;1;7;1;Z01
201400027997;0;7;0;0;1;3;1;A01
201400027998;0;7;0;0;2;4;1;B01
201400027998;0;10;0;0;2;1;1;A01
201400027999;0;1;0;0;2;1;1;B01
201400027999;0;7;0;0;2;8;1;A01
201400028000;0;2;0;14;0;1;2;A01
201400028001;0;7;0;14;2;1;21;A01
201400028001;1;99;0;0;0;0;5;B01
201400028002;0;7;0;0;1;2;1;A01
201400028003;0;2;0;14;0;1;1;A01
201400028004;0;7;0;0;2;3;15;B01
201400028004;0;7;0;0;2;3;1;A01
201400028005;0;30;0;0;2;1;1;A01
201400028005;0;7;0;0;0;8;1;B01
201400028006;0;7;0;0;0;5;23;B01
201400028006;0;7;0;0;0;4;23;C01
201400028006;0;7;0;0;2;3;1;A01
201400028007;0;7;0;0;1;1;16;A01
201400028008;0;2;0;1;2;1;17;A01
201400028008;0;7;0;0;2;2;1;B01
201400028008;0;7;0;0;2;3;24;C01
201400028009;0;7;0;0;1;2;1;A01
201400028010;0;10;0;9;0;2;1;A01
201400028011;0;7;0;0;1;2;1;A01
201400028012;0;7;0;0;1;1;1;A01
201400028013;0;7;0;8;2;7;17;A01
201400028013;0;7;0;0;0;3;15;B01
201400028014;0;7;0;13;0;9;1;A01
201400028015;0;7;0;0;1;1;1;A01
201400028016;0;7;0;0;2;1;15;A01
201400028016;0;7;0;0;2;1;1;B01
201400028017;0;7;0;13;0;1;1;A01
201400028018;0;7;0;13;0;9;1;A01
201400028019;0;7;0;0;2;1;2;A01
201400028019;0;7;0;0;0;4;23;B01
201400028020;0;30;0;0;2;1;1;B01
201400028020;0;7;0;0;2;3;15;A01
201400028021;0;13;0;0;2;3;15;A01
201400028021;0;2;0;0;2;8;1;B01
201400028022;0;7;0;0;1;4;4;A01
201400028023;0;7;0;0;1;1;1;A01
201400028024;0;7;0;0;0;9;1;A01
201400028025;0;30;0;0;2;1;1;A01
201400028025;0;7;0;0;0;7;1;B01
201400028026;0;7;0;0;2;8;9;A01
201400028026;0;7;0;0;2;3;1;B01
201400028027;0;30;0;0;2;7;21;B01
201400028027;0;36;0;0;2;2;15;A01
201400028028;0;30;0;0;2;7;1;A01
201400028028;0;7;0;0;2;1;1;B01
201400028029;0;7;0;0;2;1;2;B01
201400028029;0;7;0;0;0;4;1;A01
201400028030;0;7;0;13;0;3;13;A01
201400028031;0;7;0;0;2;1;2;A01
201400028031;0;7;0;0;0;4;23;B01
201400028032;0;30;0;16;0;3;1;A01
201400028033;0;33;0;0;2;7;17;A01
201400028033;0;7;0;0;2;1;15;B01
201400028034;0;7;0;0;2;2;1;A01
201400028034;0;1;0;0;2;8;1;B01
201400028035;0;7;0;0;2;3;13;A01
201400028035;0;14;0;0;0;8;1;B01
201400028036;0;7;0;12;9;1;1;A01
201400028037;0;2;0;0;2;1;17;B01
201400028037;0;7;0;0;0;6;11;A01
201400028038;0;7;0;0;0;4;23;A01
201400028038;0;7;0;0;2;1;2;B01
201400028039;0;7;0;0;0;4;1;B01
201400028039;0;7;0;0;2;1;1;A01
201400028040;0;1;0;0;2;1;19;B01
201400028040;0;7;0;0;2;2;1;A01
201400028041;0;7;0;0;1;1;1;A01
201400028042;0;7;0;15;0;9;14;A01
201400028043;0;7;0;0;0;0;15;A01
201400028043;0;33;0;12;0;1;21;B01
201400028044;0;7;0;1;0;4;5;A01
201400028045;0;7;0;0;2;1;1;B01
201400028045;0;7;0;0;0;8;1;A01
201400028046;0;3;0;0;1;5;4;A01
201400028047;0;7;0;0;0;4;23;A01
201400028047;0;7;0;14;0;1;2;B01
201400028048;0;7;0;0;2;3;9;A01
201400028048;0;7;0;0;2;2;1;B01
201400028049;0;1;0;0;0;1;9;B01
201400028049;0;7;0;0;2;2;1;A01
201400028050;0;2;0;0;2;1;2;B01
201400028050;0;7;0;0;2;3;1;C01
201400028050;0;38;1;0;0;4;15;A01
201400028051;0;7;0;0;1;6;1;A01
201400028052;0;7;0;0;2;3;1;A01
201400028052;0;7;0;0;2;2;15;B01
201400028053;0;2;0;0;0;7;0;A01
201400028054;0;7;0;3;0;3;13;A01
201400028055;0;7;0;6;0;1;1;A01
201400028056;0;7;0;0;2;2;1;A01
201400028056;0;7;0;0;2;1;1;B01
201400028057;0;33;0;0;2;2;1;B01
201400028057;0;7;0;0;2;3;5;A01
201400028058;0;7;0;6;0;1;1;A01
201400028059;0;10;0;0;2;1;11;A01
201400028059;0;30;0;0;2;1;1;B01
201400028060;0;2;0;0;2;3;17;A01
201400028060;0;7;0;0;2;3;15;B01
201400028061;0;10;0;0;2;1;1;A01
201400028061;0;7;0;0;0;5;1;B01
201400028062;0;7;0;0;2;1;9;A01
201400028062;0;2;0;0;0;7;15;B01
201400028063;0;7;0;0;1;1;1;A01
201400028064;0;7;0;0;2;6;15;A01
201400028064;0;33;0;0;2;1;1;B01
201400028065;0;33;0;0;2;1;1;B01
201400028065;0;7;0;0;2;3;16;A01
201400028066;0;7;0;4;0;3;1;A01
201400028067;0;7;0;0;2;1;2;A01
201400028067;0;7;0;0;0;4;15;B01
201400028068;0;32;0;0;2;1;1;A01
201400028068;0;10;0;0;0;7;1;B01
201400028069;0;7;0;0;2;3;15;A01
201400028069;0;31;0;0;2;1;17;B01
201400028070;1;7;0;0;1;0;1;A01
201400028071;0;7;0;0;1;1;15;A01
201400028072;0;7;0;0;2;3;1;B01
201400028072;0;7;0;0;2;1;13;A01
201400028073;0;7;0;6;0;2;0;A01
201400028074;0;14;0;0;2;3;1;B01
201400028074;0;7;0;0;2;3;13;A01
201400028075;0;33;0;0;0;7;16;A01
201400028076;0;7;0;3;0;1;1;A01
201400028077;0;7;0;0;0;7;1;B01
201400028077;0;7;0;0;2;1;1;A01
201400028078;0;15;0;0;2;1;12;A01
201400028078;0;7;0;0;2;8;1;B01
201400028079;0;7;0;0;1;1;1;A01
201400028080;0;30;0;0;2;1;1;B01
201400028080;0;7;0;0;0;7;15;A01
201400028081;0;17;0;0;0;6;23;B01
201400028081;0;7;0;0;2;1;1;A01
201400028082;0;13;0;0;1;2;1;A01
201400028083;0;33;0;1;0;1;2;A01
201400028083;0;7;0;0;0;6;24;B01
201400028084;0;7;0;0;2;3;16;A01
201400028084;0;2;0;0;2;1;17;B01
201400028085;0;10;0;11;0;1;1;A01
201400028086;0;7;0;0;1;0;1;A01
201400028087;0;7;0;0;1;1;1;A01
201400028088;0;7;0;0;1;1;1;A01
201400028089;0;7;0;0;2;3;13;A01
201400028089;0;7;0;0;2;3;1;B01
201400028090;2;34;0;0;0;3;15;B01
201400028090;0;2;0;9;0;1;17;A01
201400028091;0;7;0;0;1;2;15;A01
201400028092;0;7;0;0;1;1;1;A01
201400028093;0;1;0;0;2;1;1;B01
201400028093;0;7;0;0;9;2;1;A01
201400028094;0;30;0;0;1;1;0;A01
201400028095;0;2;0;0;2;1;1;B01
201400028095;0;10;0;0;0;7;15;A01
201400028096;0;7;0;0;1;1;1;A01
201400028097;0;7;0;0;2;1;13;A01
201400028097;0;7;0;0;2;1;1;B01
201400028098;0;2;0;0;1;1;1;A01
201400028099;0;33;0;0;2;2;17;A01
201400028099;0;7;0;0;2;3;15;B01
201400028100;0;1;0;0;2;1;1;B01
201400028100;0;7;0;0;2;1;5;A01
201400028101;0;7;0;0;1;1;1;A01
201400028102;0;7;0;0;1;3;1;A01
201400028103;0;7;0;0;2;2;1;A01
201400028103;0;31;0;0;0;8;1;B01
201400028104;0;33;0;0;2;3;1;B01
201400028104;0;7;0;0;2;2;1;A01
201400028105;0;7;0;0;2;4;15;A01
201400028105;0;1;0;0;2;1;1;B01
201400028106;0;32;0;0;2;2;1;B01
201400028106;0;7;0;0;2;3;13;A01
201400028107;0;7;0;0;2;8;1;B01
201400028107;0;7;0;0;2;1;13;A01
201400028108;0;33;0;0;2;3;1;B01
201400028108;0;7;0;0;2;1;15;A01
201400028109;0;7;0;0;2;2;1;B01
201400028109;0;7;0;0;2;3;16;A01
201400028110;0;1;0;0;2;7;19;B01
201400028110;0;7;0;0;2;1;16;A01
201400028111;0;33;0;0;2;7;17;B01
201400028111;0;7;0;0;2;3;13;A01
201400028112;0;7;0;0;0;8;1;B01
201400028112;0;33;0;0;2;8;13;A01
201400028113;0;2;0;0;2;1;17;A01
201400028113;0;7;0;0;0;3;15;B01
201400028114;0;1;0;0;2;1;1;B01
201400028114;0;7;0;0;2;2;1;A01
201400028115;0;36;0;0;2;8;13;A01
201400028115;0;1;0;0;2;8;1;B01
201400028116;0;7;0;0;1;1;1;A01
201400028117;0;7;0;0;2;6;10;A01
201400028117;0;31;0;0;2;1;1;B01
201400028118;0;7;0;0;0;8;15;B01
201400028118;0;7;0;6;2;2;17;A01
201400028119;0;7;0;0;2;2;15;A01
201400028119;0;30;0;0;2;1;1;B01
201400028120;0;7;0;0;0;4;23;E01
201400028120;0;7;0;0;2;4;23;D01
201400028120;0;7;0;0;2;4;23;B01
201400028120;0;7;0;0;2;4;23;C01
201400028120;0;10;0;0;2;1;2;A01
201400028121;0;7;0;0;1;1;1;A01
201400028122;0;2;0;0;2;1;2;A01
201400028122;0;7;0;0;0;4;23;B01
201400028123;0;33;0;0;2;1;1;B01
201400028123;0;7;0;0;2;2;15;A01
201400028124;0;7;0;0;2;1;1;B01
201400028124;0;7;0;0;2;1;1;C01
201400028124;0;7;0;0;2;0;1;A01
201400028125;0;7;0;0;0;4;15;B01
201400028125;0;2;0;0;2;1;1;A01
201400028126;0;1;0;0;2;1;5;B01
201400028126;0;10;0;0;2;1;16;A01
201400028127;0;7;0;0;1;1;1;A01
201400028128;0;7;0;8;0;1;1;A01
201400028129;0;7;0;0;1;1;1;A01
201400028130;0;7;0;0;2;8;15;B01
201400028130;0;30;0;0;2;7;17;A01
201400028131;0;7;0;0;1;1;1;A01
201400028132;0;7;0;0;2;1;13;A01
201400028132;0;10;0;0;2;1;1;B01
201400028133;0;33;0;0;2;1;1;B01
201400028133;0;7;0;0;2;2;1;A01
201400028134;0;7;0;0;2;3;1;C01
201400028134;0;33;0;0;2;1;1;B01
201400028134;0;7;0;0;2;1;15;A01
201400028135;0;7;0;0;2;1;1;B01
201400028135;0;7;0;0;2;5;15;A01
201400028136;0;7;0;0;2;3;1;C01
201400028136;0;10;0;0;2;2;1;B01
201400028136;0;7;0;0;2;1;1;A01
201400028137;0;7;0;0;1;1;1;A01
201400028138;0;7;0;0;2;2;1;A01
201400028138;0;33;0;0;2;1;1;B01
201400028139;0;7;0;0;1;1;1;A01
201400028140;0;7;0;0;1;1;9;A01
201400028141;0;7;0;0;1;1;1;A01
201400028142;0;10;0;0;2;3;12;B01
201400028142;0;33;0;0;2;2;12;A01
201400028143;0;7;0;0;2;2;15;A01
201400028143;0;31;0;0;2;1;1;B01
201400028144;0;37;0;0;2;2;16;B01
201400028144;0;33;0;0;2;1;2;A01
201400028145;0;7;0;7;0;1;6;A01
201400028146;0;33;0;0;2;1;1;B01
201400028146;0;7;0;0;2;3;1;A01
201400028147;0;7;0;0;2;2;1;A01
201400028147;0;1;0;0;2;1;1;B01
201400028148;0;7;0;0;1;1;16;A01
201400028149;0;33;0;0;2;1;2;A01
201400028149;0;7;0;0;0;4;23;B01
201400028150;0;7;0;8;0;1;13;A01
201400028151;0;7;0;6;0;2;14;A01
201400028152;0;7;0;0;1;3;1;A01
201400028153;0;10;0;1;1;2;21;A01
201400028154;0;7;0;0;2;2;1;B01
201400028154;0;7;0;0;2;3;1;A01
201400028155;0;7;0;0;2;4;23;B01
201400028155;0;7;0;0;2;1;2;A01
201400028156;0;7;0;0;2;2;15;A01
201400028156;0;33;0;0;2;1;1;B01
201400028157;0;7;0;0;2;3;9;A01
201400028157;0;2;0;0;2;1;1;B01
201400028158;0;33;0;0;2;1;1;A01
201400028158;0;7;0;0;2;8;15;B01
201400028159;0;1;0;0;2;1;1;A01
201400028159;0;38;10;0;2;7;1;B01
201400028160;0;33;0;0;2;1;2;A01
201400028160;0;7;0;0;0;4;1;B01
201400028161;0;33;0;12;0;1;14;A01
201400028162;0;15;0;0;2;3;1;B01
201400028162;0;3;0;0;2;3;5;A01
201400028163;0;1;0;0;2;1;1;B01
201400028163;0;7;0;0;2;3;9;A01
201400028164;0;7;0;0;2;1;1;B01
201400028164;0;7;0;6;2;7;1;A01
201400028165;0;37;1;0;0;0;0;B01
201400028165;0;7;0;0;1;1;17;A01
201400028166;0;7;0;15;0;1;1;A01
201400028167;0;7;0;0;1;1;1;A01
201400028168;0;2;0;0;2;3;15;B01
201400028168;0;7;0;0;2;1;17;A01
201400028169;0;7;0;0;2;3;5;B01
201400028169;0;7;0;0;2;1;1;A01
201400028170;0;7;0;0;1;3;1;A01
201400028171;0;7;0;0;1;2;16;A01
201400028172;0;7;0;0;2;3;19;A01
201400028172;0;2;0;0;2;1;1;B01
201400028173;0;7;0;0;2;7;15;B01
201400028173;0;7;0;0;2;1;1;A01
201400028174;0;7;0;0;1;2;1;A01
201400028175;0;10;0;0;2;3;2;B01
201400028175;0;7;0;8;2;7;14;A01
201400028175;0;10;0;0;2;6;2;C01
201400028176;0;7;0;0;2;7;15;A01
201400028176;0;2;0;0;2;1;1;B01
201400028177;0;40;33;0;1;1;1;A01
201400028178;0;33;0;8;0;1;18;A01
201400028179;0;7;0;0;2;4;2;B01
201400028179;0;10;0;0;2;3;2;A01
201400028180;0;7;0;0;2;1;19;A01
201400028180;0;7;0;0;2;8;1;B01
201400028181;0;10;0;0;1;2;1;A01
201400028182;0;32;0;0;2;0;0;B01
201400028182;0;10;0;0;2;0;0;A01
201400028183;0;1;0;0;2;1;0;B01
201400028183;0;10;0;0;2;1;0;A01
201400028184;1;99;0;0;1;2;0;Z01
201400028185;0;10;0;0;2;3;0;B01
201400028185;0;10;0;0;2;3;0;A01
201400028186;0;7;0;13;0;9;2;A01
201400028187;0;30;0;0;2;1;1;B01
201400028187;0;7;0;15;2;1;13;A01
201400028188;0;7;0;0;0;3;1;C01
201400028188;0;7;0;0;2;2;9;A01
201400028188;0;7;0;0;2;0;1;B01
201400028189;1;7;0;0;2;7;18;B01
201400028189;0;2;0;0;2;7;9;A01
201400028190;0;30;0;0;0;1;1;B01
201400028190;0;7;0;0;2;3;15;A01
201400028191;0;33;0;9;0;0;1;A01
201400028192;0;31;0;0;2;1;1;A01
201400028192;0;7;0;0;0;7;15;B01
201400028193;0;1;0;0;2;7;1;B01
201400028193;0;7;0;0;2;0;9;A01
201400028194;0;7;0;0;1;4;20;A01
201400028195;0;33;0;0;2;1;1;A01
201400028195;0;7;0;0;0;8;15;B01
201400028196;0;1;0;0;2;1;1;B01
201400028196;0;7;0;0;9;1;15;A01
201400028197;0;7;0;0;1;7;1;A01
201400028198;0;7;0;0;1;5;20;A01
201400028199;0;33;0;0;0;0;1;A01
201400028200;0;33;0;3;0;0;1;A01
201400028201;0;30;0;0;0;0;1;A01
201400028202;0;7;0;0;1;1;15;A01
201400028203;0;7;0;0;2;5;12;A01
201400028203;0;34;0;0;0;8;1;B01
201400028204;0;3;0;1;0;1;13;B01
201400028204;0;7;0;0;0;3;23;A01
201400028205;0;2;0;0;2;1;1;A01
201400028205;0;7;0;0;0;4;1;B01
201400028206;0;31;0;1;0;8;1;A01
201400028207;0;7;0;0;2;1;1;B01
201400028207;0;2;0;0;2;7;1;A01
201400028208;0;2;0;14;0;1;1;A01
201400028208;0;7;0;0;0;6;23;B01
201400028209;0;7;0;0;2;1;1;A01
201400028209;0;7;0;0;2;3;15;B01
201400028210;0;7;0;0;2;7;15;B01
201400028210;0;33;0;0;2;1;1;A01
201400028211;0;7;0;0;2;1;1;B01
201400028211;0;1;0;0;2;1;1;A01
201400028212;0;7;0;0;1;3;15;A01
201400028213;0;7;0;0;2;1;13;A01
201400028213;0;7;0;0;2;1;1;B01
201400028214;0;7;0;0;2;7;16;B01
201400028214;0;33;0;8;2;1;18;A01
201400028215;0;7;0;0;2;1;13;A01
201400028215;0;7;0;0;2;1;1;B01
201400028216;0;1;0;0;2;1;19;A01
201400028216;0;7;0;0;2;7;1;B01
201400028217;0;7;0;0;2;4;1;B01
201400028217;0;7;0;0;2;1;1;A01
201400028217;0;33;0;0;2;1;5;C01