num_acc;senc;catv;occutc;obs;obsm;choc;manv;num_veh
201400028218;0;7;0;0;1;4;4;A01
201400028219;0;7;0;0;2;0;15;B01
201400028219;0;33;0;0;2;0;2;A01
201400028220;0;30;0;0;2;8;13;A01
201400028220;0;7;0;0;2;3;1;B01
201400028221;0;33;0;13;0;1;1;A01
201400028222;0;1;0;1;9;1;1;B01
201400028222;0;7;0;0;2;8;0;A01
201400028223;0;7;0;0;2;3;9;A01
201400028223;0;2;0;0;2;1;2;B01
201400028224;0;33;0;0;2;1;17;A01
201400028224;0;7;0;0;2;3;1;B01
201400028225;0;1;0;0;2;0;1;B01
201400028225;0;7;0;0;9;0;1;A01
201400028226;0;7;0;0;1;1;1;A01
201400028227;0;14;0;0;2;7;1;B01
201400028227;0;7;0;0;2;3;1;A01
201400028228;0;7;0;0;2;5;9;A01
201400028228;0;1;0;0;2;1;1;B01
201400028229;0;7;0;0;2;7;15;A01
201400028229;0;30;0;0;2;1;1;B01
201400028230;0;7;0;0;2;1;1;A01
201400028230;0;1;0;0;2;4;1;B01
201400028231;0;7;0;0;0;5;15;A01
201400028231;0;33;0;0;0;1;1;B01
201400028232;0;7;0;0;2;2;15;A01
201400028232;0;7;0;0;2;1;1;B01
201400028233;0;7;0;0;1;1;1;A01
201400028234;0;7;0;0;1;1;1;A01
201400028235;0;7;0;13;0;8;19;A01
201400028236;0;7;0;0;1;2;1;A01
201400028237;0;7;0;0;1;1;1;A01
201400028238;0;7;0;0;2;8;9;A01
201400028238;0;1;0;0;2;1;1;B01
201400028239;0;33;0;0;2;1;1;A01
201400028239;0;7;0;0;2;5;15;B01
201400028240;0;7;0;2;0;1;17;A01
201400028241;0;7;0;1;1;2;13;A01
201400028241;0;20;0;0;2;0;23;C01
201400028242;0;7;0;0;0;3;15;B01
201400028242;0;31;0;15;2;1;17;A01
201400028243;0;1;0;0;2;1;1;A01
201400028243;0;7;0;0;2;1;1;B01
201400028244;2;7;0;13;0;3;0;A01
201400028245;0;7;0;0;2;9;2;A01
201400028245;0;7;0;0;2;3;15;B01
201400028246;0;33;0;0;1;2;0;A01
201400028247;0;7;0;0;2;1;15;A01
201400028247;0;34;0;0;2;1;0;B01
201400028248;0;7;0;15;1;7;0;A01
201400028249;0;7;0;0;2;1;13;A01
201400028249;0;7;0;0;2;1;1;B01
201400028250;0;2;0;0;2;3;0;A01
201400028250;0;7;0;0;2;0;0;B01
201400028251;0;7;0;3;2;3;1;B01
201400028251;0;7;0;0;2;6;13;A01
201400028252;0;7;0;0;2;3;1;C01
201400028252;0;2;0;0;2;1;1;A01
201400028252;0;7;0;0;0;0;1;B01
201400028253;0;7;0;0;1;2;1;A01
201400028254;0;7;0;0;1;3;1;A01
201400028255;0;7;0;0;1;2;16;A01
201400028256;0;7;0;0;2;3;13;A01
201400028256;0;7;0;0;2;1;1;B01
201400028256;0;7;0;0;2;2;1;C01
201400028257;0;7;0;0;2;1;13;A01
201400028257;0;7;0;0;2;1;1;B01
201400028258;0;7;0;0;1;2;1;A01
201400028259;0;10;0;0;1;1;1;A01
201400028260;0;7;0;0;2;7;15;A01
201400028260;0;7;0;0;2;1;1;B01
201400028260;0;7;0;0;2;4;1;C01
201400028261;0;1;0;0;2;1;1;A01
201400028261;0;7;0;0;2;2;1;B01
201400028262;0;7;0;0;2;1;15;A01
201400028262;0;7;0;0;2;1;1;B01
201400028263;0;7;0;0;2;2;0;B01
201400028263;0;30;0;0;2;8;15;A01
201400028264;0;7;0;0;1;1;1;A01
201400028265;1;7;0;14;0;3;1;A01
201400028265;0;7;0;0;9;3;23;B01
201400028266;0;7;0;0;2;1;0;A01
201400028266;0;7;0;0;2;4;0;B01
201400028267;0;7;0;0;2;3;10;A01
201400028267;0;2;0;0;2;1;1;B01
201400028268;0;7;0;0;1;3;1;A01
201400028269;0;7;0;0;2;2;15;A01
201400028269;0;2;0;0;2;1;1;B01
201400028270;0;30;0;0;1;4;23;B01
201400028270;0;7;0;0;2;1;1;A01
201400028271;0;7;0;0;2;1;2;A01
201400028271;0;7;0;0;2;4;2;B01
201400028271;0;7;0;0;2;4;23;C01
201400028272;0;7;0;0;2;1;1;C01
201400028272;0;14;0;0;2;6;1;B01
201400028272;0;7;0;0;2;1;17;A01
201400028273;0;7;0;0;2;3;15;A01
201400028273;0;2;0;0;2;1;1;B01
201400028274;0;7;0;0;2;3;10;A01
201400028274;0;30;0;0;2;1;1;B01
201400028275;0;7;0;0;0;6;1;B01
201400028275;0;31;0;0;2;1;2;A01
201400028276;0;7;0;0;2;1;1;A01
201400028276;0;1;0;0;0;8;19;B01
201400028277;0;3;0;0;1;1;1;A01
201400028278;0;2;0;0;2;1;1;A01
201400028278;0;7;0;0;2;5;1;B01
201400028279;0;7;0;0;9;0;0;A01
201400028279;0;1;0;0;0;0;0;B01
201400028280;0;7;0;8;1;2;14;A01
201400028281;0;1;0;0;1;0;0;A01
201400028282;0;7;0;0;0;1;0;A01
201400028283;0;2;0;0;0;0;1;A01
201400028284;0;7;0;0;2;1;1;A01
201400028284;0;7;0;0;2;4;1;B01
201400028285;0;7;0;0;9;8;0;A01
201400028285;0;1;0;0;0;8;15;B01
201400028286;0;7;0;0;9;8;0;B01
201400028286;0;7;0;0;0;8;0;A01
201400028287;0;7;0;0;1;0;0;A01
201400028288;0;7;0;0;2;3;16;A01
201400028288;0;7;0;0;2;2;1;B01
201400028289;0;7;0;0;2;7;16;A01
201400028289;0;1;0;0;2;1;16;B01
201400028290;0;30;0;0;9;7;1;A01
201400028290;0;7;0;0;0;2;9;B01
201400028291;0;2;0;0;0;7;0;A01
201400028292;0;7;0;14;0;1;0;A01
201400028292;0;7;0;0;2;7;0;B01
201400028293;0;7;0;0;2;1;9;A01
201400028293;0;1;0;0;2;2;1;B01
201400028294;0;7;0;0;1;1;0;A01
201400028295;0;7;0;0;1;1;0;A01
201400028296;0;7;0;0;2;3;0;A01
201400028296;0;7;0;0;2;6;0;B01
201400028297;0;7;0;0;2;1;2;A01
201400028297;0;7;0;0;2;4;1;B01
201400028297;0;7;0;0;2;4;1;C01
201400028297;0;7;0;0;2;4;1;D01
201400028298;0;30;0;0;2;1;1;B01
201400028298;0;7;0;0;2;3;15;A01
201400028299;0;7;0;0;2;3;1;A01
201400028299;0;7;0;0;2;2;1;B01
201400028300;0;7;0;0;2;6;2;A01
201400028300;0;33;0;0;0;7;2;B01
201400028301;0;7;0;0;2;2;0;A01
201400028301;0;1;0;0;2;8;15;B01
201400028302;0;7;0;0;1;0;1;A01
201400028303;0;7;0;0;1;3;15;A01
201400028304;0;1;0;0;1;1;0;A01
201400028305;0;7;0;0;2;3;16;A01
201400028305;0;7;0;0;2;2;2;B01
201400028306;0;7;0;0;1;1;0;A01
201400028307;0;7;0;0;1;1;0;A01
201400028308;0;7;0;0;2;1;2;A01
201400028308;0;7;0;0;2;4;2;B01
201400028309;0;7;0;0;1;3;1;A01
201400028310;0;7;0;6;0;1;1;A01
201400028311;0;7;0;8;9;3;0;A01
201400028312;0;7;0;2;9;1;1;A01
201400028313;0;7;0;0;0;9;0;A01
201400028314;0;30;0;0;2;2;21;A01
201400028314;0;14;0;0;2;3;15;B01
201400028315;0;1;0;0;2;1;15;A01
201400028315;0;7;0;0;2;3;1;B01
201400028315;0;7;0;0;2;6;1;C01
201400028316;0;7;0;0;9;3;0;A01
201400028316;0;31;0;0;2;1;0;B01
201400028317;0;7;0;0;2;7;1;A01
201400028317;0;7;0;0;2;1;1;B01
201400028318;0;7;0;0;9;2;9;A01
201400028318;0;2;0;0;2;1;1;B01
201400028319;0;7;0;0;2;3;11;A01
201400028319;0;14;0;0;2;2;1;B01
201400028320;0;7;0;0;2;5;15;A01
201400028320;0;7;0;0;2;1;1;B01
201400028321;0;37;1;1;1;2;0;A01
201400028322;0;33;0;6;0;1;0;A01
201400028323;0;7;0;0;1;2;0;A01
201400028324;0;7;0;0;2;8;0;A01
201400028324;0;2;0;0;2;1;0;B01
201400028325;0;7;0;3;0;1;1;A01
201400028326;0;7;0;0;2;2;0;A01
201400028326;0;7;0;0;2;6;0;B01
201400028327;0;7;0;3;0;1;0;A01
201400028328;0;7;0;0;1;2;0;A01
201400028329;0;32;0;0;2;1;1;A01
201400028329;0;7;0;0;2;4;16;B01
201400028330;0;7;0;0;2;3;0;A01
201400028330;0;7;0;0;2;4;15;B01
201400028331;0;33;0;0;1;1;1;A01
201400028332;0;7;0;0;2;1;5;A01
201400028332;0;7;0;0;2;3;1;B01
201400028332;0;7;0;0;2;7;1;C01
201400028333;0;1;0;0;2;1;1;A01
201400028333;0;1;0;0;2;4;1;B01
201400028334;0;7;0;0;1;3;1;A01
201400028335;0;7;0;6;0;1;19;A01
201400028336;0;7;0;0;1;1;17;A01
201400028337;0;7;0;0;2;1;2;A01
201400028337;0;7;0;0;2;5;1;B01
201400028337;0;7;0;0;2;5;1;C01
201400028338;0;7;0;0;1;8;0;A01
201400028339;0;7;0;0;2;3;0;A01
201400028339;0;7;0;0;2;3;16;B01
201400028340;0;7;0;0;9;8;9;A01
201400028340;0;1;0;0;2;1;9;B01
201400028341;0;1;0;0;1;7;1;A01
201400028342;0;2;0;0;0;0;1;A01
201400028343;0;7;0;0;2;2;1;B01
201400028343;0;1;0;0;2;1;15;A01
201400028344;0;7;0;0;2;1;2;A01
201400028344;0;7;0;0;2;4;2;B01
201400028345;0;7;0;0;1;1;0;A01
201400028346;0;7;0;0;2;2;0;A01
201400028346;0;7;0;0;0;5;11;B01
201400028347;0;7;0;8;0;1;0;A01
201400028348;0;32;0;16;0;3;1;A01
201400028349;0;7;0;6;2;1;2;A01
201400028349;0;7;0;9;2;4;2;B01
201400028349;0;7;0;0;2;4;2;C01
201400028349;0;7;0;0;0;4;2;D01
201400028350;0;7;0;0;1;1;1;A01
201400028351;0;7;0;0;2;1;2;A01
201400028351;0;7;0;0;0;4;2;B01
201400028352;0;7;0;0;2;2;1;B01
201400028352;0;1;0;0;2;1;9;A01
201400028353;0;7;0;0;2;7;1;B01
201400028353;0;2;0;0;2;1;9;A01
201400028354;0;7;0;0;2;1;1;B01
201400028354;0;7;0;0;2;2;15;A01
201400028355;0;33;0;0;2;1;1;B01
201400028355;0;7;0;0;2;7;15;A01
201400028356;0;30;0;0;5;8;1;A01
201400028357;0;1;0;0;1;1;0;A01
201400028358;0;7;0;0;1;5;0;A01
201400028359;0;1;0;0;0;0;0;A01
201400028360;0;7;0;0;2;1;2;A01
201400028360;0;7;0;0;2;4;2;B01
201400028361;0;7;0;0;2;1;2;A01
201400028361;0;7;0;0;2;4;15;B01
201400028362;0;7;0;0;2;5;15;B01
201400028362;0;7;0;0;2;2;2;A01
201400028363;0;2;0;0;2;1;0;A01
201400028363;0;7;0;0;2;7;0;B01
201400028364;0;7;0;0;2;2;2;A01
201400028364;0;7;0;0;0;6;2;B01
201400028365;0;7;0;0;0;1;0;A01
201400028366;0;7;0;0;2;3;0;A01
201400028366;0;2;0;0;2;7;0;B01
201400028367;0;7;0;0;1;3;2;A01
201400028368;0;7;0;0;2;3;0;A01
201400028368;0;1;0;0;2;1;0;B01
201400028369;0;7;0;0;2;7;0;A01
201400028369;0;3;0;0;2;1;0;B01
201400028370;0;7;0;0;2;8;9;A01
201400028370;0;2;0;0;0;0;2;B01
201400028371;0;7;0;0;1;6;1;A01
201400028372;0;7;0;0;0;4;1;A01
201400028372;0;7;0;0;2;1;1;B01
201400028373;0;7;0;0;1;2;2;A01
201400028374;2;7;0;0;0;1;2;A01
201400028374;0;30;0;0;2;4;2;B01
201400028374;0;2;0;0;0;1;2;C01
201400028375;0;7;0;0;0;0;1;A01
201400028376;0;7;0;0;0;0;1;A01
201400028377;0;1;0;1;0;1;1;A01
201400028378;0;7;0;0;1;3;15;A01
201400028379;0;7;0;0;1;1;16;A01
201400028380;0;7;0;0;2;0;1;A01
201400028380;0;1;0;0;2;0;1;B01
201400028381;0;7;0;0;2;0;15;A01
201400028381;0;1;0;0;2;0;0;B01
201400028382;0;7;0;0;2;6;10;A01
201400028382;0;33;0;0;2;1;1;B01
201400028383;0;7;0;0;2;0;15;A01
201400028383;0;2;0;0;2;0;1;B01
201400028384;1;7;0;0;1;1;1;Z01
201400028385;0;7;0;0;1;4;20;A01
201400028386;0;7;0;0;2;2;21;A01
201400028386;0;7;0;4;2;9;1;B01
201400028387;0;7;0;0;2;1;1;A01
201400028387;0;1;0;0;2;0;1;B01
201400028388;0;2;0;0;1;1;1;A01
201400028389;0;7;0;0;2;2;14;A01
201400028389;0;7;0;0;2;3;1;B01
201400028390;0;1;0;1;0;1;1;A01
201400028391;0;1;0;0;1;1;1;A01
201400028392;0;7;0;0;2;1;1;B01
201400028392;0;3;0;0;2;1;1;A01
201400028393;0;7;0;0;2;1;1;A01
201400028393;0;7;0;0;2;4;0;B01
201400028394;0;7;0;0;2;0;1;A01
201400028394;0;1;0;0;2;0;1;B01
201400028395;0;7;0;0;2;3;16;A01
201400028395;0;2;0;0;2;1;1;B01
201400028396;0;7;0;0;2;3;15;A01
201400028396;0;1;0;0;2;8;1;B01
201400028397;0;7;0;0;2;4;1;A01
201400028397;0;2;0;0;2;1;1;B01
201400028398;0;7;0;0;2;1;1;A01
201400028398;0;7;0;0;2;4;1;C01
201400028398;0;7;0;0;2;4;1;B01
201400028399;0;7;0;0;2;4;1;B01
201400028399;0;32;0;0;2;1;1;A01
201400028400;0;7;0;0;2;1;1;A01
201400028400;0;7;0;0;2;4;1;B01
201400028400;0;7;0;0;2;4;1;C01
201400028401;0;7;0;0;2;1;1;A01
201400028401;0;7;0;0;2;4;1;B01
201400028402;0;7;0;0;2;1;1;A01
201400028402;0;7;0;0;2;4;1;B01
201400028403;0;7;0;0;2;3;20;A01
201400028403;0;7;0;0;2;1;1;B01
201400028404;0;1;0;0;5;1;1;A01
201400028405;0;7;0;0;2;8;1;A01
201400028405;0;7;0;0;2;3;1;B01
201400028406;0;7;0;0;1;1;1;A01
201400028407;0;7;0;0;2;1;15;A01
201400028407;0;7;0;0;2;1;1;B01
201400028408;0;1;0;0;0;0;0;A01
201400028409;0;7;0;0;1;0;0;A01
201400028410;0;7;0;0;2;3;1;B01
201400028410;0;7;0;0;2;1;15;A01
201400028411;0;7;0;0;2;1;1;A01
201400028411;0;1;0;0;2;0;1;B01
201400028412;0;7;0;0;2;8;22;A01
201400028412;0;1;0;0;2;0;1;B01
201400028413;0;7;0;0;2;0;1;A01
201400028413;0;1;0;0;2;0;1;B01
201400028414;0;7;0;0;1;2;0;A01
201400028415;0;7;0;0;2;4;14;A01
201400028415;0;2;0;0;2;1;1;B01
201400028416;0;7;0;0;1;1;1;A01
201400028417;0;7;0;0;2;1;1;A01
201400028417;0;1;0;0;2;0;15;B01
201400028418;0;7;0;0;2;3;16;A01
201400028418;0;1;0;0;2;0;1;B01
201400028419;0;7;0;0;2;8;15;A01
201400028419;0;7;0;0;2;1;1;B01
201400028420;0;7;0;0;2;8;16;A01
201400028420;0;2;0;0;2;7;1;B01
201400028421;0;7;0;0;2;1;1;A01
201400028421;0;7;0;0;2;4;1;B01
201400028421;0;7;0;0;2;4;1;C01
201400028422;0;7;0;0;1;1;1;A01
201400028423;0;7;0;0;1;6;1;A01
201400028424;0;7;0;0;0;0;15;A01
201400028424;0;33;0;0;0;0;1;B01
201400028425;0;7;0;0;2;4;11;A01
201400028425;0;7;0;0;2;1;1;B01
201400028426;0;7;0;0;2;1;16;A01
201400028426;0;7;0;0;2;5;1;B01
201400028427;0;1;0;0;1;0;1;A01
201400028428;0;7;0;0;2;3;23;B01
201400028428;0;2;0;0;2;1;16;A01
201400028429;0;7;0;9;0;1;1;A01
201400028430;0;2;0;0;2;1;1;A01
201400028430;0;7;0;0;2;1;1;B01
201400028431;0;7;0;0;2;1;15;A01
201400028431;0;2;0;0;2;0;1;B01
201400028432;0;15;0;0;2;3;11;A01
201400028432;0;37;1;0;2;2;17;B01
201400028433;0;7;0;0;2;8;1;A01
201400028433;0;2;0;0;2;7;1;B01
201400028434;0;7;0;0;2;1;1;A01
201400028434;0;1;0;0;2;0;19;B01
201400028435;0;7;0;0;2;1;1;A01
201400028435;0;7;0;0;2;4;1;B01
201400028435;0;7;0;0;0;4;1;C01
201400028436;0;33;0;0;0;0;1;A01
201400028437;0;2;0;0;2;1;1;A01
201400028437;0;7;0;0;2;1;1;B01
201400028438;0;7;0;0;2;4;1;B01
201400028438;0;2;0;0;2;1;1;A01
201400028439;0;7;0;0;2;0;16;A01
201400028439;0;37;2;0;2;0;1;B01
201400028440;0;7;0;0;2;1;15;A01
201400028440;0;2;0;0;2;8;1;B01
201400028441;0;2;0;0;2;1;1;A01
201400028441;0;1;0;0;2;1;1;B01
201400028442;0;7;0;0;2;1;1;A01
201400028442;0;7;0;0;2;4;1;B01
201400028443;0;7;0;0;2;3;15;A01
201400028443;0;2;0;0;2;0;1;B01
201400028444;0;7;0;0;2;3;15;A01
201400028444;0;2;0;0;2;1;1;B01
201400028445;0;7;0;0;2;0;1;A01
201400028445;0;7;0;0;2;0;1;B01
201400028446;0;7;0;0;2;3;15;A01
201400028446;0;1;0;0;2;0;1;B01
201400028447;0;2;0;0;2;7;1;B01
201400028447;0;7;0;0;2;1;15;A01
201400028448;0;2;0;0;2;1;1;A01
201400028448;0;7;0;0;2;4;1;B01
201400028449;0;7;0;0;1;2;0;A01
201400028450;0;2;0;0;0;0;1;A01
201400028451;0;2;0;2;0;7;1;A01
201400028452;0;33;0;0;0;0;0;A01
201400028453;0;7;0;0;2;2;1;B01
201400028453;0;2;0;0;2;1;15;A01
201400028454;0;7;0;4;0;1;1;A01
201400028455;0;7;0;0;0;8;1;A01
201400028456;0;7;0;1;1;2;1;A01
201400028457;0;7;0;0;9;3;22;A01
201400028457;0;1;0;1;0;1;1;B01
201400028458;0;7;0;0;2;1;1;A01
201400028458;0;7;0;0;2;4;0;B01
201400028459;0;31;0;0;0;0;1;A01
201400028460;0;7;0;0;2;0;0;A01
201400028461;0;7;0;0;2;1;1;A01
201400028461;0;7;0;0;2;2;1;B01
201400028462;0;2;0;0;2;1;15;A01
201400028462;0;7;0;0;2;1;1;B01
201400028463;0;2;0;0;0;0;1;A01
201400028464;1;2;0;0;2;1;1;A01
201400028464;0;7;0;0;2;7;15;B01
201400028465;0;7;0;0;2;8;22;A01
201400028465;0;1;0;1;0;7;1;B01
201400028465;0;7;0;0;2;1;1;C01
201400028466;0;7;0;0;1;1;1;A01
201400028467;0;33;0;0;2;1;1;A01
201400028467;0;7;0;0;2;4;1;B01
201400028468;0;7;0;0;2;2;1;A01
201400028468;0;7;0;0;2;2;1;B01
201400028468;0;7;0;0;2;4;1;C01
201400028469;0;7;0;0;2;1;0;A01
201400028469;0;7;0;0;2;1;12;B01
201400028469;0;7;0;0;2;4;23;C01
201400028470;0;32;0;0;2;1;1;A01
201400028470;0;7;0;0;2;8;15;B01
201400028471;0;7;0;0;1;1;1;A01
201400028472;0;7;0;0;2;1;1;A01
201400028472;0;7;0;0;2;4;1;B01
201400028473;0;7;0;0;1;1;1;A01
201400028474;0;1;0;0;0;1;0;A01
201400028474;0;7;0;0;0;4;20;B01
201400028475;0;2;0;0;0;1;0;A01
201400028475;0;7;0;0;0;4;0;B01
201400028476;0;14;0;0;2;1;1;A01
201400028476;0;7;0;0;2;4;1;B01
201400028476;0;14;0;0;2;4;1;C01
201400028477;0;37;5;0;0;1;2;B01
201400028477;0;7;0;0;0;1;15;A01
201400028478;0;7;0;0;0;1;0;A01
201400028478;0;7;0;0;0;4;0;B01
201400028479;0;30;0;0;0;1;0;A01
201400028479;0;7;0;0;2;4;0;B01
201400028480;0;7;0;0;0;3;2;B01
201400028480;0;10;0;0;0;1;15;A01
201400028481;0;7;0;0;2;4;1;B01
201400028481;0;7;0;0;2;4;1;C01
201400028481;1;7;0;0;2;1;1;Z01
201400028482;0;33;0;0;0;0;1;A01
201400028483;0;14;0;0;2;1;1;A01
201400028483;0;7;0;0;2;0;1;B01
201400028483;0;7;0;0;2;0;1;C01
201400028484;0;7;0;0;2;0;1;A01
201400028484;0;1;0;0;2;0;1;B01
201400028485;0;38;1;0;1;0;1;A01
201400028486;0;7;0;0;2;1;1;A01
201400028486;0;7;0;0;2;4;1;B01
201400028486;0;7;0;0;2;4;1;C01
201400028487;0;7;0;0;1;1;16;A01
201400028488;0;1;0;0;0;0;1;A01
201400028489;0;2;0;0;0;0;0;A01
201400028490;0;7;0;0;1;4;20;A01
201400028491;0;7;0;0;0;3;16;A01
201400028491;0;1;0;0;0;2;1;B01
201400028492;0;30;0;0;0;8;2;B01
201400028492;0;7;0;0;2;5;15;A01
201400028493;0;7;0;0;0;7;1;A01
201400028493;0;7;0;0;0;2;2;B01
201400028494;0;7;0;0;0;5;2;A01
201400028494;0;1;0;0;0;4;2;B01
201400028495;0;1;0;0;0;0;1;A01
201400028496;0;7;0;0;0;9;2;A01
201400028497;0;34;0;0;0;1;0;B01
201400028497;0;7;0;0;0;1;15;A01
201400028498;0;7;0;0;0;0;0;A01
201400028498;0;7;0;0;0;6;0;B01
201400028499;0;7;0;0;0;3;16;A01
201400028499;0;7;0;0;0;2;2;B01
201400028500;0;7;0;0;0;1;0;A01
201400028500;0;7;0;0;0;3;0;B01
201400028501;0;7;0;0;0;7;2;A01
201400028501;0;33;0;0;0;7;1;B01
201400028502;0;30;0;0;0;1;2;A01
201400028502;0;7;0;0;0;3;2;B01
201400028503;0;7;0;0;0;1;24;A01
201400028503;0;1;0;0;0;1;1;B01
201400028504;0;7;0;0;0;1;2;A01
201400028504;0;7;0;0;0;3;2;B01
201400028505;0;2;0;0;0;0;1;A01
201400028506;0;7;0;0;2;1;1;A01
201400028506;0;7;0;0;2;4;1;B01
201400028507;0;7;0;0;0;1;2;A01
201400028508;0;7;0;0;0;1;1;A01
201400028508;0;7;0;0;0;4;1;B01
201400028509;0;1;0;0;0;0;1;B01
201400028509;0;7;0;0;0;1;15;A01
201400028510;0;7;0;0;1;1;1;A01
201400028511;0;7;0;0;0;2;19;A01
201400028511;0;7;0;0;0;1;1;B01
201400028512;0;2;0;0;2;1;1;A01
201400028512;0;7;0;0;2;4;1;B01
201400028513;0;7;0;0;1;1;16;A01
201400028514;0;7;0;0;9;1;1;A01
201400028514;0;7;0;0;0;4;2;B01
201400028515;0;7;0;0;2;7;1;A01
201400028515;0;7;0;0;2;1;1;B01
201400028516;0;7;0;0;0;1;1;A01
201400028516;0;7;0;0;0;3;16;B01
201400028517;0;1;0;0;2;0;1;A01
201400028517;0;7;0;0;2;1;1;B01
201400028518;0;7;0;0;1;1;1;A01
201400028519;0;7;0;0;0;4;2;B01
201400028519;0;31;0;0;0;1;15;A01
201400028520;0;7;0;0;2;1;1;A01
201400028520;2;7;0;0;0;2;0;Z01
201400028520;0;7;0;0;0;7;0;B01
201400028521;0;7;0;0;2;2;16;A01
201400028521;0;1;0;0;2;0;16;B01
201400028522;0;31;0;0;0;0;1;A01
201400028523;0;7;0;0;0;2;15;B01
201400028523;0;1;0;0;0;0;19;A01
201400028524;0;7;0;0;0;1;2;A01
201400028524;0;7;0;0;0;4;2;B01
201400028525;0;2;0;0;0;0;2;A01
201400028526;0;1;0;0;0;0;19;A01
201400028526;0;7;0;0;0;3;16;B01
201400028527;0;2;0;0;0;3;1;A01
201400028527;0;7;0;0;0;6;1;B01
201400028528;0;7;0;0;0;8;2;A01
201400028529;0;7;0;0;0;5;15;A01
201400028529;0;31;0;0;0;1;1;B01
201400028530;0;7;0;0;0;3;1;A01
201400028530;0;1;0;0;0;0;1;B01
201400028531;0;38;1;0;0;2;2;B01
201400028531;0;1;0;0;0;3;2;A01
201400028532;0;7;0;0;0;7;1;A01
201400028532;0;7;0;0;0;3;1;B01
201400028533;0;2;0;0;0;1;1;A01
201400028533;0;7;0;0;2;4;1;B01
201400028534;0;2;0;0;0;2;17;A01
201400028534;0;7;0;0;0;3;15;B01
201400028535;0;37;1;0;2;0;0;A01
201400028535;0;2;0;0;2;0;1;B01
201400028536;0;13;0;0;2;1;1;A01
201400028536;0;7;0;0;2;4;1;B01
201400028537;0;7;0;0;0;1;2;A01
201400028537;0;7;0;0;0;4;1;B01
201400028538;0;7;0;0;1;3;16;A01
201400028539;0;30;0;0;0;7;0;B01
201400028539;0;7;0;0;0;1;1;A01
201400028540;0;7;0;0;0;1;2;A01
201400028540;0;7;0;0;0;4;23;B01
201400028541;0;7;0;0;0;1;15;A01
201400028541;0;1;0;0;0;1;1;B01
201400028542;0;7;0;0;2;1;1;A01
201400028542;0;7;0;0;2;4;1;B01
201400028542;0;7;0;0;0;4;1;C01
201400028543;0;32;0;0;2;7;0;A01
201400028543;0;10;0;0;2;1;0;B01
201400028544;0;2;0;0;0;0;1;A01
201400028545;0;30;0;0;2;1;2;A01
201400028545;0;7;0;0;2;4;2;B01
201400028546;0;7;0;0;1;1;1;A01
201400028547;0;7;0;0;2;1;0;A01
201400028547;0;7;0;0;2;1;0;B01
201400028548;0;7;0;0;1;0;0;A01
201400028549;0;7;0;0;1;2;1;A01
201400028550;0;7;0;0;0;1;1;A01
201400028550;0;7;0;0;0;3;1;B01
201400028550;0;7;0;0;0;7;1;C01
201400028551;0;7;0;0;0;2;0;A01
201400028551;0;30;0;0;0;0;2;B01
201400028552;0;7;0;0;0;7;4;A01
201400028552;0;1;0;0;0;1;1;B01
201400028553;1;33;0;0;1;0;0;A01
201400028554;0;7;0;0;0;5;1;A01
201400028554;0;7;0;0;0;0;1;B01
201400028555;0;7;0;0;0;1;0;A01
201400028555;0;7;0;0;0;5;0;B01
201400028556;0;7;0;0;0;1;1;A01
201400028557;0;7;0;0;0;3;15;A01
201400028557;0;1;0;0;0;1;2;B01
201400028558;0;7;0;0;1;2;15;A01
201400028559;0;7;0;0;0;0;9;A01
201400028560;1;7;0;0;1;1;1;A01
201400028561;0;7;0;0;0;0;0;A01
201400028562;0;2;0;0;0;8;0;A01
201400028563;0;2;0;0;0;7;0;A01
201400028564;0;7;0;0;0;2;15;A01
201400028564;0;33;0;0;0;7;1;B01
201400028565;0;33;0;0;2;5;1;B01
201400028565;0;33;0;0;2;1;16;A01
201400028566;0;7;0;0;0;7;13;A01
201400028566;0;7;0;0;0;1;1;B01
201400028567;0;7;0;0;2;1;1;A01
201400028567;0;33;0;0;2;7;1;B01
201400028568;0;31;0;0;0;7;1;A01
201400028568;0;13;0;0;0;0;16;B01
201400028569;0;1;0;0;4;0;1;A01
201400028569;0;40;0;0;2;1;1;B01
201400028570;0;7;0;0;2;7;15;A01
201400028570;0;2;0;0;2;1;1;B01
201400028571;0;7;0;10;0;1;1;A01
201400028572;0;7;0;0;1;4;20;A01
201400028573;0;7;0;0;1;1;15;A01
201400028574;0;7;0;0;1;1;1;A01
201400028575;0;7;0;8;0;0;1;A01
201400028576;0;2;0;0;2;1;1;A01
201400028576;0;37;1;0;2;4;1;B01
201400028577;0;7;0;0;2;1;1;A01
201400028577;0;1;0;0;2;4;1;B01
201400028578;0;7;0;0;2;1;1;A01
201400028578;0;7;0;0;2;4;1;B01
201400028579;0;7;0;0;2;7;16;A01
201400028579;0;7;0;0;2;1;1;B01
201400028580;0;7;0;0;2;1;1;A01
201400028580;0;7;0;0;2;4;1;B01
201400028581;0;7;0;0;0;1;1;A01
201400028581;0;7;0;0;0;4;1;B01
201400028581;0;7;0;0;0;1;1;C01
201400028581;0;7;0;0;0;1;1;D01
201400028582;0;2;0;0;0;1;1;B01
201400028582;0;7;0;0;0;1;15;A01
201400028583;0;7;0;0;0;5;0;A01
201400028583;1;7;0;0;0;1;0;Z01
201400028584;0;7;0;0;1;1;15;A01
201400028585;0;7;0;0;0;1;1;A01
201400028585;0;7;0;0;0;4;1;B01
201400028586;0;7;0;0;0;1;15;A01
201400028586;0;2;0;0;0;1;1;B01
201400028587;0;7;0;0;1;3;15;A01
201400028588;0;7;0;0;0;2;1;A01