num_acc;senc;catv;occutc;obs;obsm;choc;manv;num_veh
201400028588;0;7;0;0;0;4;2;B01
201400028588;0;7;0;0;0;0;2;C01
201400028589;0;7;0;0;1;7;1;A01
201400028590;0;7;0;0;1;0;1;A01
201400028591;0;7;0;0;1;1;1;A01
201400028592;0;1;0;0;1;0;17;A01
201400028593;0;2;0;0;1;1;2;A01
201400028594;1;7;0;0;0;1;1;A01
201400028594;0;7;0;0;0;4;1;B01
201400028595;0;7;0;0;0;1;0;A01
201400028596;0;7;0;0;0;1;1;A01
201400028596;0;7;0;0;0;4;1;B01
201400028597;0;1;0;0;1;0;1;A01
201400028598;0;7;0;0;1;0;15;A01
201400028599;0;7;0;0;0;2;2;A01
201400028599;0;1;0;0;0;6;1;B01
201400028600;0;7;0;0;2;2;11;A01
201400028600;0;7;0;0;2;1;1;B01
201400028601;0;7;0;0;2;7;1;A01
201400028601;0;32;0;0;2;1;1;B01
201400028602;0;7;0;0;2;1;15;A01
201400028602;0;7;0;0;2;1;1;B01
201400028603;0;7;0;3;0;1;1;A01
201400028604;0;32;0;0;2;2;1;A01
201400028604;0;7;0;0;2;6;1;B01
201400028605;0;7;0;0;2;1;2;A01
201400028605;0;7;0;0;0;4;1;B01
201400028606;0;2;0;0;1;1;1;A01
201400028607;0;30;0;0;2;1;7;A01
201400028607;0;7;0;0;2;4;16;B01
201400028608;0;7;0;0;2;1;1;A01
201400028608;0;7;0;0;2;5;1;B01
201400028609;0;7;0;0;2;1;1;A01
201400028609;0;30;0;0;2;6;1;B01
201400028610;0;7;0;0;2;1;15;A01
201400028610;0;7;0;0;2;1;1;B01
201400028611;0;7;0;0;1;4;4;A01
201400028612;0;2;0;0;2;1;1;B01
201400028612;0;7;0;0;2;2;15;A01
201400028613;0;7;0;14;0;1;1;A01
201400028614;0;7;0;0;2;6;9;A01
201400028614;0;30;0;0;2;7;1;B01
201400028615;0;7;0;0;2;4;2;B01
201400028615;0;7;0;0;2;1;2;A01
201400028615;0;7;0;0;2;4;2;C01
201400028616;0;7;0;0;2;2;1;A01
201400028616;0;7;0;0;2;6;10;B01
201400028617;0;38;5;0;1;1;1;A01
201400028618;0;30;0;0;2;4;16;B01
201400028618;1;7;0;0;2;2;0;A01
201400028619;0;7;0;0;2;1;1;A01
201400028619;0;7;0;0;2;7;13;B01
201400028620;0;33;0;0;2;1;2;A01
201400028620;0;7;0;0;9;1;1;B01
201400028620;0;7;0;0;2;4;1;C01
201400028621;0;33;0;0;0;8;1;A01
201400028622;0;7;0;0;2;2;9;A01
201400028622;0;1;0;0;2;8;2;B01
201400028623;0;7;0;0;2;8;19;A01
201400028623;0;2;0;0;2;1;1;B01
201400028624;0;7;0;0;2;1;2;A01
201400028624;0;7;0;0;2;4;23;B01
201400028624;0;7;0;0;2;4;23;C01
201400028624;0;10;0;0;2;4;23;D01
201400028624;0;7;0;0;2;4;23;E01
201400028625;0;7;0;0;2;1;16;A01
201400028625;0;2;0;0;2;3;1;B01
201400028626;0;7;0;6;0;1;14;A01
201400028627;0;7;0;4;0;1;19;A01
201400028628;0;7;0;0;1;1;15;A01
201400028629;0;7;0;0;2;4;4;A01
201400028629;0;30;0;0;2;1;1;B01
201400028630;0;33;0;0;2;8;1;B01
201400028630;0;7;0;0;2;1;1;A01
201400028631;0;7;0;15;1;1;2;A01
201400028631;0;7;0;0;2;4;23;B01
201400028632;0;7;0;8;0;1;14;A01
201400028633;0;10;0;0;2;3;9;A01
201400028633;0;33;0;0;2;1;15;B01
201400028634;0;33;0;0;0;1;15;A01
201400028635;0;7;0;0;0;1;1;A01
201400028635;0;31;0;0;2;1;16;B01
201400028636;0;7;0;0;2;5;15;A01
201400028636;0;2;0;0;2;1;1;B01
201400028637;0;33;0;0;2;7;12;A01
201400028637;0;7;0;0;2;3;1;B01
201400028638;0;10;0;0;2;1;2;A01
201400028638;0;7;0;0;2;4;23;B01
201400028639;0;7;0;0;2;1;1;A01
201400028639;0;7;0;0;2;4;23;B01
201400028640;0;7;0;0;2;3;15;A01
201400028640;0;30;0;0;2;7;17;B01
201400028641;0;7;0;0;1;4;4;A01
201400028642;0;7;0;0;2;7;16;A01
201400028642;0;7;0;0;2;3;2;B01
201400028643;0;10;0;0;2;2;16;A01
201400028643;0;1;0;0;2;8;1;B01
201400028644;0;10;0;0;2;1;1;A01
201400028644;0;7;0;0;2;4;23;B01
201400028644;0;7;0;0;0;4;23;C01
201400028645;0;17;0;0;2;2;2;A01
201400028645;0;7;0;0;2;4;1;B01
201400028646;0;7;0;0;1;1;1;A01
201400028647;0;2;0;14;0;1;13;A01
201400028648;0;7;0;0;2;1;1;A01
201400028648;0;7;0;0;2;4;1;B01
201400028648;0;7;0;0;2;4;1;C01
201400028649;0;7;0;0;2;2;1;A01
201400028649;0;30;0;0;2;1;1;B01
201400028650;0;7;0;0;2;3;19;A01
201400028650;0;7;0;0;2;1;1;C01
201400028650;0;7;0;0;2;7;1;B01
201400028651;0;7;0;2;0;1;14;A01
201400028652;1;7;0;0;0;0;20;A01
201400028652;0;7;0;0;2;6;1;B01
201400028653;0;7;0;2;0;2;14;A01
201400028654;0;7;0;0;0;3;15;A01
201400028654;0;30;0;0;2;1;1;B01
201400028655;0;30;0;0;2;1;1;B01
201400028655;1;7;0;0;2;8;15;A01
201400028656;1;7;0;0;2;0;0;A01
201400028657;0;30;0;0;2;7;1;A01
201400028657;0;7;0;0;2;5;1;B01
201400028658;0;7;0;0;0;4;2;B01
201400028658;0;10;0;0;2;1;1;A01
201400028659;0;7;0;0;2;8;15;A01
201400028659;0;7;0;0;2;2;1;B01
201400028660;0;1;0;0;2;6;23;B01
201400028660;0;7;0;0;2;1;15;A01
201400028661;0;7;0;0;2;5;15;A01
201400028661;0;2;0;0;2;1;1;B01
201400028662;0;30;0;0;1;1;16;A01
201400028663;0;7;0;0;2;4;23;B01
201400028663;0;7;0;0;2;1;1;A01
201400028664;0;7;0;8;0;1;1;A01
201400028665;0;7;0;0;2;3;13;A01
201400028665;0;7;0;0;2;3;1;B01
201400028665;0;7;0;13;0;0;21;C01
201400028666;0;7;0;0;1;1;1;A01
201400028667;0;2;0;0;2;1;1;B01
201400028667;0;7;0;0;2;3;10;A01
201400028668;0;2;0;0;2;1;1;B01
201400028668;0;10;0;0;2;5;15;A01
201400028669;0;7;0;0;5;1;1;A01
201400028670;0;7;0;0;2;5;15;A01
201400028670;0;2;0;0;2;1;1;B01
201400028671;0;7;0;0;2;3;9;A01
201400028671;0;2;0;0;2;5;15;B01
201400028672;0;7;0;0;2;0;9;A01
201400028672;0;1;0;0;2;0;1;B01
201400028673;0;31;0;3;0;1;1;A01
201400028674;0;7;0;0;2;1;2;A01
201400028674;0;7;0;0;2;4;1;B01
201400028674;0;7;0;0;2;4;1;C01
201400028675;0;7;0;0;2;1;2;A01
201400028675;0;7;0;0;2;4;2;B01
201400028675;0;7;0;0;2;4;1;C01
201400028676;0;2;0;0;0;8;1;A01
201400028677;0;7;0;0;2;3;24;A01
201400028677;0;1;0;1;0;1;1;B01
201400028678;0;10;0;0;2;3;9;A01
201400028678;0;1;0;0;2;1;1;B01
201400028679;0;10;0;0;2;1;1;A01
201400028679;0;7;0;0;2;5;23;B01
201400028680;0;7;0;0;2;8;15;A01
201400028680;0;33;0;0;2;1;1;B01
201400028681;0;15;0;0;2;6;1;A01
201400028681;0;1;0;0;2;3;1;B01
201400028682;0;30;0;0;0;7;1;A01
201400028683;0;10;0;6;2;8;1;B01
201400028683;0;7;0;0;2;1;1;A01
201400028684;0;7;0;1;2;3;15;A01
201400028684;0;7;0;0;2;2;1;B01
201400028685;0;7;0;0;1;3;1;A01
201400028686;0;7;0;0;1;3;0;A01
201400028687;0;38;1;0;1;2;16;A01
201400028688;0;7;0;8;0;2;0;A01
201400028689;0;30;0;0;2;7;15;B01
201400028689;0;7;0;0;2;3;9;A01
201400028690;0;7;0;0;2;7;15;A01
201400028690;0;2;0;0;2;1;18;B01
201400028691;0;2;0;0;2;1;1;A01
201400028691;0;7;0;0;2;6;1;B01
201400028692;0;1;0;0;2;7;1;B01
201400028692;0;7;0;0;2;1;15;A01
201400028693;0;7;0;13;0;8;1;A01
201400028694;0;7;0;0;0;3;1;B01
201400028694;0;7;0;14;2;2;6;A01
201400028695;0;30;0;0;0;0;1;A01
201400028696;0;10;0;13;0;2;1;A01
201400028697;0;30;0;12;0;1;1;A01
201400028698;0;7;0;0;1;2;20;A01
201400028699;0;7;0;4;0;1;2;A01
201400028700;0;31;0;0;0;7;1;A01
201400028701;0;1;0;0;2;1;1;B01
201400028701;0;7;0;0;2;3;9;A01
201400028702;0;7;0;0;2;3;1;B01
201400028702;0;7;0;0;2;1;15;A01
201400028703;0;2;0;0;2;8;1;B01
201400028703;1;7;0;0;2;7;12;Z01
201400028704;0;7;0;2;0;9;1;A01
201400028705;0;7;0;0;2;6;20;A01
201400028705;0;30;0;0;2;1;1;B01
201400028706;0;7;0;0;2;7;1;A01
201400028706;0;33;0;0;2;1;1;B01
201400028707;0;30;0;0;2;2;17;A01
201400028707;0;7;0;0;2;3;15;B01
201400028708;0;30;0;0;1;1;1;A01
201400028709;1;2;0;0;1;1;0;Z01
201400028710;0;1;0;0;0;7;1;A01
201400028711;0;7;0;0;2;3;13;A01
201400028711;0;7;0;0;2;3;1;B01
201400028712;0;7;0;2;0;2;1;A01
201400028713;0;7;0;2;0;8;16;A01
201400028714;0;7;0;1;2;8;1;B01
201400028714;0;7;0;0;2;1;13;A01
201400028715;0;15;0;2;0;1;1;A01
201400028716;0;31;0;0;0;8;1;A01
201400028717;0;7;0;2;0;1;1;A01
201400028718;0;7;0;0;2;5;1;B01
201400028718;0;1;0;0;2;1;1;A01
201400028719;0;2;0;0;2;1;1;A01
201400028719;1;7;0;0;2;4;1;B01
201400028720;0;2;0;0;0;0;1;A01
201400028721;0;31;0;0;0;1;1;A01
201400028722;0;7;0;0;2;3;9;A01
201400028722;0;30;0;0;2;1;1;B01
201400028723;0;30;0;0;0;7;1;A01
201400028724;0;7;0;0;2;1;1;A01
201400028724;0;7;0;0;2;4;1;B01
201400028724;0;10;0;0;2;4;23;C01
201400028725;0;2;0;8;0;1;1;B01
201400028725;0;7;0;0;0;0;17;A01
201400028726;0;33;0;14;0;1;1;A01
201400028727;0;7;0;0;2;3;17;A01
201400028727;0;7;0;0;2;1;1;B01
201400028728;0;2;0;0;2;2;1;A01
201400028728;0;1;0;0;2;4;1;B01
201400028729;0;7;0;0;2;1;1;A01
201400028729;0;10;0;0;2;4;2;B01
201400028729;0;7;0;0;2;4;2;C01
201400028730;1;7;0;0;2;4;4;A01
201400028730;0;1;0;0;2;1;1;B01
201400028731;0;2;0;0;2;1;1;A01
201400028731;0;7;0;0;2;6;1;B01
201400028732;0;10;0;0;2;3;2;A01
201400028732;0;7;0;0;2;5;2;B01
201400028733;0;7;0;15;2;8;1;A01
201400028733;0;7;0;0;2;3;15;B01
201400028734;0;7;0;0;2;2;1;A01
201400028734;0;7;0;0;1;4;1;B01
201400028735;0;2;0;0;2;1;1;A01
201400028735;0;7;0;0;2;4;1;B01
201400028736;0;7;0;0;2;3;1;A01
201400028736;0;1;0;0;2;1;1;B01
201400028737;0;33;0;0;2;1;2;A01
201400028737;0;10;0;0;2;5;23;B01
201400028738;0;7;0;0;2;5;1;B01
201400028738;0;3;0;0;2;3;1;A01
201400028739;0;2;0;0;2;1;1;B01
201400028739;0;10;0;0;2;5;1;A01
201400028740;0;2;0;0;0;8;1;A01
201400028741;0;10;0;0;0;2;1;A01
201400028742;0;7;0;0;2;3;0;A01
201400028742;0;7;0;0;2;7;1;B01
201400028743;0;2;0;0;2;1;1;B01
201400028743;0;7;0;0;2;3;1;A01
201400028744;0;2;0;0;1;1;1;A01
201400028744;0;7;0;0;2;6;24;C01
201400028745;0;30;0;0;2;1;17;A01
201400028745;0;7;0;0;2;6;15;B01
201400028746;0;30;0;12;0;1;13;A01
201400028747;0;7;0;0;2;1;2;A01
201400028747;0;7;0;0;2;4;2;B01
201400028748;0;30;0;0;0;7;1;A01
201400028749;0;33;0;0;2;1;1;B01
201400028749;0;7;0;0;2;3;9;A01
201400028749;0;3;0;0;2;2;1;C01
201400028750;0;33;0;4;0;3;13;A01
201400028751;0;7;0;0;2;2;1;B01
201400028751;0;7;0;0;2;1;5;A01
201400028752;0;7;0;0;1;0;16;A01
201400028753;0;37;10;0;2;3;2;B01
201400028753;0;10;0;0;2;2;17;A01
201400028754;0;7;0;0;1;2;1;A01
201400028755;0;33;0;0;2;4;1;B01
201400028755;1;7;0;0;2;1;17;Z01
201400028756;0;1;0;0;0;0;1;A01
201400028757;0;1;0;0;2;1;1;B01
201400028757;0;7;0;0;2;8;9;A01
201400028758;0;7;0;0;2;7;15;A01
201400028758;0;7;0;0;2;1;1;B01
201400028759;0;7;0;0;2;3;4;A01
201400028759;0;1;0;0;2;1;1;B01
201400028760;0;7;0;3;0;3;13;A01
201400028761;0;1;0;1;0;1;14;A01
201400028762;0;7;0;13;0;1;13;A01
201400028763;0;7;0;3;0;1;13;A01
201400028764;0;7;0;0;2;3;13;A01
201400028764;0;7;0;0;2;3;1;B01
201400028765;0;7;0;0;2;1;1;A01
201400028765;0;30;0;0;2;7;1;B01
201400028766;0;7;0;0;1;2;1;A01
201400028767;0;7;0;13;0;0;14;A01
201400028768;0;30;0;11;0;3;13;A01
201400028769;0;30;0;14;0;1;1;A01
201400028770;0;7;0;0;1;1;1;A01
201400028771;0;7;0;0;2;1;19;A01
201400028771;0;7;0;0;2;3;1;B01
201400028772;0;7;0;1;0;1;14;A01
201400028773;0;7;0;0;2;4;24;A01
201400028773;0;7;0;1;0;4;4;B01
201400028774;0;30;0;16;0;0;1;A01
201400028775;0;7;0;0;2;3;1;C01
201400028775;0;30;0;0;2;2;1;B01
201400028775;0;7;0;0;2;1;9;A01
201400028776;0;7;0;3;0;2;14;A01
201400028777;0;7;0;0;2;5;1;B01
201400028777;0;7;0;0;2;3;9;A01
201400028778;0;7;0;0;2;6;1;B01
201400028778;0;7;0;0;2;1;1;A01
201400028779;0;7;0;0;2;1;2;A01
201400028779;0;7;0;0;2;4;23;B01
201400028779;0;30;0;0;2;4;23;C01
201400028780;0;10;0;0;2;1;15;B01
201400028780;0;7;0;0;2;1;1;A01
201400028781;0;7;0;0;2;5;16;B01
201400028781;0;30;0;0;2;3;18;A01
201400028782;0;7;0;0;1;1;16;A01
201400028783;0;7;0;0;2;2;15;A01
201400028783;0;30;0;0;2;1;1;B01
201400028784;0;30;0;0;2;2;2;A01
201400028784;0;30;0;0;2;6;2;B01
201400028785;0;33;0;4;0;3;13;A01
201400028786;0;2;0;16;0;1;1;A01
201400028787;0;7;0;0;1;1;15;A01
201400028788;0;7;0;0;2;1;1;A01
201400028788;0;7;0;6;2;2;1;B01
201400028789;0;30;0;0;2;1;1;B01
201400028789;0;7;0;0;2;3;15;A01
201400028790;0;7;0;13;0;1;13;A01
201400028791;0;7;0;0;2;2;1;B01
201400028791;0;7;0;0;2;1;15;A01
201400028792;0;7;0;0;1;2;9;A01
201400028793;0;7;0;0;2;1;2;A01
201400028793;0;10;0;0;2;4;2;B01
201400028794;0;7;0;0;2;3;1;B01
201400028794;0;1;0;0;2;1;9;A01
201400028795;0;7;0;0;2;1;2;A01
201400028795;0;3;0;0;2;4;2;B01
201400028796;0;7;0;0;1;4;4;A01
201400028797;0;30;0;14;0;1;1;A01
201400028798;0;30;0;0;2;1;2;A01
201400028798;0;7;0;0;2;4;1;B01
201400028799;0;1;0;0;2;1;1;B01
201400028799;0;14;0;0;2;8;15;A01
201400028800;0;7;0;0;1;1;1;A01
201400028801;0;7;0;15;0;3;13;A01
201400028802;0;30;0;0;0;7;1;A01
201400028803;0;14;0;0;2;2;1;A01
201400028803;0;7;0;0;2;3;1;B01
201400028804;0;7;0;0;2;8;13;A01
201400028804;0;7;0;0;2;1;1;B01
201400028805;0;33;0;16;0;7;1;A01
201400028806;0;7;0;0;1;7;1;A01
201400028807;0;33;0;16;0;1;1;A01
201400028808;0;7;0;0;2;3;15;A01
201400028808;0;33;0;1;2;7;17;B01
201400028808;0;7;0;0;2;2;24;C01
201400028809;0;10;0;0;2;1;2;A01
201400028809;0;31;0;0;2;4;2;B01
201400028810;0;30;0;0;0;7;1;A01
201400028811;0;7;0;13;0;1;13;A01
201400028812;0;7;0;0;2;1;2;A01
201400028812;0;7;0;0;2;4;2;B01
201400028813;0;7;0;0;2;1;2;A01
201400028813;0;7;0;0;2;4;2;B01
201400028813;0;15;0;0;2;4;2;C01
201400028814;0;1;0;0;1;1;1;A01
201400028815;0;7;0;9;2;1;13;A01
201400028816;0;7;0;0;2;8;22;A01
201400028816;0;1;0;1;0;1;1;B01
201400028817;0;30;0;0;0;8;1;A01
201400028818;0;1;0;0;2;1;2;A01
201400028818;0;7;0;0;2;4;2;B01
201400028819;0;30;0;0;2;1;1;A01
201400028819;0;7;0;0;2;6;1;B01
201400028820;0;7;0;0;2;1;1;A01
201400028820;0;7;0;0;2;3;15;B01
201400028821;0;30;0;0;2;4;16;B01
201400028821;1;7;0;0;2;2;17;Z01
201400028822;0;7;0;0;2;2;2;A01
201400028822;0;30;0;0;2;4;2;B01
201400028823;0;30;0;16;0;1;1;A01
201400028824;0;7;0;0;2;1;1;B01
201400028824;0;7;0;0;2;1;13;A01
201400028825;0;7;0;3;0;3;13;A01
201400028826;0;7;0;12;0;3;13;A01
201400028827;0;7;0;0;2;2;2;A01
201400028827;0;7;0;0;2;4;2;B01
201400028828;0;7;0;0;2;1;13;A01
201400028828;0;7;0;0;2;1;1;B01
201400028829;0;30;0;0;0;0;16;A01
201400028830;0;7;0;15;0;1;14;A01
201400028831;0;7;0;0;1;4;4;A01
201400028832;0;7;0;0;2;3;13;A01
201400028832;0;37;3;0;2;1;0;B01
201400028833;0;7;0;13;0;1;14;A01
201400028834;0;30;0;0;0;7;1;A01
201400028835;0;7;0;0;1;2;15;A01
201400028836;0;10;0;0;9;1;1;B01
201400028836;0;1;0;0;2;5;19;A01
201400028837;0;7;0;0;1;4;4;A01
201400028838;0;32;0;0;0;0;1;A01
201400028839;0;7;0;6;0;1;14;A01
201400028840;0;7;0;0;2;4;23;B01
201400028840;0;10;0;0;2;1;2;A01
201400028841;0;30;0;0;2;1;2;A01
201400028841;0;7;0;0;2;4;23;B01
201400028842;0;7;0;0;2;4;23;B01
201400028842;0;7;0;0;2;1;2;A01
201400028843;0;1;0;0;2;3;15;A01
201400028843;0;7;0;0;2;1;1;B01
201400028844;0;7;0;0;2;3;15;B01
201400028844;0;33;0;0;2;2;17;A01
201400028845;0;7;0;0;2;2;1;A01
201400028845;0;7;0;0;2;1;1;B01
201400028846;0;7;0;0;1;2;1;B01
201400028847;0;7;0;3;0;2;14;A01
201400028848;0;7;0;0;2;1;13;A01
201400028848;0;7;0;0;2;1;23;B01
201400028849;0;10;0;0;2;1;1;B01
201400028849;0;10;0;0;2;2;1;A01
201400028850;0;7;0;0;2;1;2;A01
201400028850;0;1;0;0;2;4;2;B01
201400028851;0;7;0;0;2;1;1;B01
201400028851;0;1;0;0;2;1;9;A01
201400028852;0;7;0;0;1;3;1;A01
201400028853;0;7;0;15;0;3;13;A01
201400028854;0;33;0;7;0;5;13;A01
201400028855;0;7;0;6;0;1;13;A01
201400028856;0;2;0;0;0;1;1;A01
201400028857;0;30;0;0;0;0;1;A01
201400028858;0;7;0;0;2;1;1;B01
201400028858;0;7;0;0;2;2;15;A01
201400028859;0;1;0;16;0;1;1;A01
201400028860;0;7;0;0;2;3;1;B01
201400028860;0;7;0;0;2;1;19;A01
201400028861;0;2;0;0;2;1;1;B01
201400028861;0;33;0;0;2;1;15;A01
201400028862;0;36;0;6;0;2;14;A01
201400028863;0;33;0;0;2;1;2;A01
201400028863;0;7;0;0;2;4;2;B01
201400028864;0;2;0;1;0;2;14;A01
201400028865;0;7;0;6;0;1;13;A01
201400028866;0;30;0;16;0;1;1;B01
201400028866;1;13;0;0;0;0;11;Z01
201400028867;0;30;0;0;2;1;2;A01
201400028867;0;7;0;0;2;4;2;B01
201400028868;0;30;0;0;2;8;1;B01
201400028868;0;10;0;0;2;2;9;A01
201400028869;0;7;0;0;2;4;2;B01
201400028869;0;7;0;0;2;1;1;A01
201400028870;0;30;0;14;0;1;1;A01
201400028871;0;1;0;0;2;3;1;B01
201400028871;0;7;0;0;2;1;9;A01
201400028872;0;30;0;0;2;8;17;A01
201400028872;0;7;0;0;2;7;17;B01
201400028873;0;30;0;0;2;7;2;A01
201400028873;0;7;0;0;2;3;9;B01
201400028874;0;1;0;16;0;1;1;A01
201400028875;0;10;0;0;1;2;1;A01
201400028876;0;10;0;0;2;1;2;A01
201400028876;0;7;0;0;2;4;23;B01
201400028877;0;30;0;0;2;1;1;A01
201400028877;0;7;0;0;2;3;15;B01
201400028878;0;7;0;0;1;2;1;A01
201400028879;0;7;0;0;2;1;2;C01
201400028879;0;7;0;0;2;1;2;D01
201400028879;0;7;0;0;2;1;2;E01
201400028879;0;7;0;0;0;4;2;A01
201400028879;0;7;0;0;2;1;2;B01
201400028880;0;30;0;16;0;7;1;A01
201400028881;0;7;0;0;2;3;19;A01
201400028881;0;7;0;0;2;1;1;B01
201400028882;0;3;0;1;0;1;1;A01
201400028883;0;7;0;0;2;1;15;A01
201400028883;0;33;0;0;2;1;13;B01
201400028884;0;7;0;0;2;1;2;A01
201400028884;0;7;0;0;2;4;2;B01
201400028885;0;30;0;16;0;1;1;A01
201400028886;0;7;0;0;2;2;15;A01
201400028886;0;7;0;0;2;3;1;B01
201400028887;0;30;0;0;0;7;1;A01
201400028888;0;7;0;0;0;0;16;B01
201400028888;0;30;0;0;0;1;2;A01
201400028889;0;30;0;0;2;1;2;A01
201400028889;0;7;0;0;0;4;2;B01
201400028890;0;2;0;16;0;1;1;A01
201400028891;0;30;0;0;2;1;1;B01
201400028891;0;7;0;0;2;3;15;A01
201400028892;0;7;0;0;2;3;1;B01
201400028892;0;7;0;0;2;1;1;A01
201400028893;0;7;0;0;2;1;2;A01
201400028893;0;7;0;0;2;4;2;B01
201400028894;0;3;0;0;1;1;16;A01
201400028895;0;7;0;0;2;1;2;B01
201400028895;0;14;0;0;2;4;2;A01
201400028896;0;30;0;0;2;2;17;B01
201400028896;0;10;0;0;2;3;1;A01
201400028897;1;7;0;0;1;2;0;Z01
201400028898;0;1;0;0;2;1;1;B01
201400028898;0;1;0;0;2;1;13;A01
201400028899;0;37;0;0;1;2;1;A01
201400028900;0;7;0;0;1;7;1;A01
201400028901;0;7;0;16;0;1;14;A01
201400028902;0;30;0;0;2;1;9;A01
201400028902;0;7;0;0;2;3;1;B01
201400028903;0;7;0;0;2;4;2;B01
201400028903;0;30;0;0;2;1;2;A01
201400028904;0;7;0;0;1;1;1;A01
201400028905;0;7;0;0;2;1;1;A01
201400028905;0;7;0;0;2;1;15;B01
201400028906;0;1;0;0;5;1;1;B01
201400028907;0;10;0;0;2;1;2;A01
201400028907;0;7;0;0;2;4;23;B01
201400028908;0;7;0;6;0;3;13;A01
201400028909;0;7;0;0;2;4;23;B01
201400028909;0;7;0;0;2;1;2;A01
201400028909;0;7;0;0;2;4;23;C01
201400028909;0;7;0;0;2;4;23;D01
201400028910;0;30;0;0;2;1;17;A01
201400028910;0;7;0;0;2;3;9;B01
201400028911;0;7;0;0;1;1;1;A01
201400028912;0;3;0;0;1;1;1;A01
201400028913;0;7;0;0;2;1;2;B01
201400028913;0;7;0;0;2;4;2;A01
201400028914;0;7;0;0;2;4;23;B01
201400028914;0;7;0;0;2;1;2;A01
201400028915;0;37;3;0;2;7;15;A01
201400028915;0;30;0;0;2;1;1;B01
201400028916;0;7;0;0;2;2;19;A01
201400028916;0;7;0;0;2;2;1;B01
201400028917;0;7;0;15;0;2;14;A01
201400028918;1;7;0;0;1;1;1;A01
201400028919;0;7;0;0;2;1;2;A01
201400028919;0;37;4;0;2;2;1;C01
201400028919;0;31;0;0;2;4;1;B01
201400028920;0;31;0;0;2;1;2;A01
201400028920;0;7;0;0;2;4;1;B01
201400028921;0;7;0;0;2;1;2;A01
201400028921;0;7;0;0;2;4;23;C01
201400028921;0;7;0;0;2;4;23;B01
201400028922;0;7;0;0;2;2;15;A01
201400028922;0;7;0;0;2;1;1;B01
201400028923;0;7;0;0;2;4;1;A01
201400028923;0;7;0;0;2;1;2;B01
201400028924;0;7;0;0;2;1;1;B01
201400028924;0;7;0;0;2;1;13;A01
201400028925;0;7;0;0;1;1;1;A01
201400028926;0;30;0;0;2;1;9;B01
201400028926;0;30;0;0;2;2;1;A01
201400028927;0;7;0;0;2;1;1;B01
201400028927;0;33;0;1;2;1;13;A01
201400028928;0;7;0;0;1;3;9;A01
201400028929;0;30;0;0;2;2;15;A01
201400028929;0;7;0;0;2;2;1;B01
201400028930;0;7;0;0;2;2;2;A01
201400028930;0;7;0;0;0;1;15;B01
201400028931;0;7;0;0;0;0;1;A01
201400028932;0;7;0;0;2;8;10;A01
201400028932;0;7;0;0;2;2;1;B01
201400028933;0;7;0;0;2;2;15;A01
201400028933;0;1;0;0;0;1;1;B01
201400028934;0;33;0;12;0;2;1;A01
201400028935;0;7;0;6;0;1;1;A01
201400028936;0;7;0;0;0;8;9;A01
201400028936;0;7;0;0;2;1;1;B01
201400028937;0;7;0;2;0;1;14;A01
201400028938;0;1;0;6;0;1;13;A01
201400028939;0;30;0;0;2;7;1;A01
201400028939;0;7;0;0;2;1;9;B01
201400028940;0;2;0;0;0;1;1;A01
201400028941;0;30;0;0;0;4;2;B01
201400028941;0;7;0;0;0;2;2;A01
201400028942;0;7;0;0;2;3;1;B01
201400028942;0;7;0;0;2;6;15;A01
201400028943;0;7;0;0;2;3;15;A01
201400028943;0;7;0;0;2;2;1;B01
201400028944;0;7;0;0;1;5;1;A01
201400028945;0;7;0;0;2;1;2;A01
201400028945;0;7;0;0;2;4;2;B01
201400028945;0;7;0;0;2;4;23;C01
201400028946;0;7;0;0;1;2;1;A01
201400028947;0;7;0;0;2;1;1;B01
201400028947;0;7;0;0;2;1;13;A01
201400028948;0;7;0;0;2;8;15;B01
201400028948;0;30;0;0;2;1;6;A01
201400028949;0;7;0;15;0;1;1;A01
201400028950;1;7;0;0;1;3;1;A01
201400028951;0;7;0;0;1;3;1;A01
201400028952;0;33;0;0;1;2;1;A01
201400028953;0;7;0;15;0;1;1;A01
201400028954;0;7;0;0;2;1;2;A01
201400028954;0;7;0;0;0;4;1;B01
201400028955;0;7;0;0;1;2;14;A01
201400028956;0;7;0;0;2;4;2;C01
201400028956;0;7;0;0;2;4;2;B01
201400028956;0;7;0;0;2;1;2;A01
201400028956;0;7;0;0;0;4;2;D01
201400028957;0;7;0;0;2;1;1;A01
201400028957;0;7;0;0;2;1;1;B01
201400028958;0;1;0;0;0;1;1;A01
201400028959;0;7;0;0;1;1;1;A01
201400028960;0;7;0;0;2;2;13;A01
201400028960;0;7;0;0;2;2;1;B01
201400028961;0;7;0;0;9;2;2;A01
201400028961;0;1;0;0;2;3;13;B01
201400028962;0;7;0;0;2;3;15;A01
201400028962;0;30;0;0;2;1;1;B01
201400028963;0;7;0;0;2;1;13;A01
201400028963;0;33;0;0;2;1;1;B01
201400028964;0;30;0;0;2;1;13;A01
201400028964;0;31;0;0;2;7;1;B01
201400028965;0;7;0;0;1;1;11;A01
201400028966;0;30;0;0;2;1;1;B01
201400028966;0;7;0;0;2;3;9;A01
201400028967;0;31;0;0;2;1;1;B01
201400028967;0;7;0;0;2;2;15;A01
201400028968;0;10;0;0;2;1;2;A01
201400028968;0;7;0;0;2;4;2;B01
201400028969;0;7;0;2;0;2;14;A01