num_acc;senc;catv;occutc;obs;obsm;choc;manv;num_veh
201400028970;0;7;0;0;2;1;15;A01
201400028970;0;7;0;0;2;2;1;B01
201400028971;0;7;0;0;2;1;2;A01
201400028971;0;7;0;0;2;4;2;B01
201400028971;0;7;0;0;2;5;2;C01
201400028972;0;7;0;0;2;1;2;A01
201400028972;0;10;0;0;2;4;23;B01
201400028973;0;7;0;0;2;4;23;C01
201400028973;0;7;0;0;2;4;23;B01
201400028973;0;7;0;0;2;1;2;A01
201400028974;0;7;0;0;9;4;2;B01
201400028974;0;1;0;0;2;1;2;A01
201400028975;0;30;0;0;2;1;2;A01
201400028975;0;7;0;0;0;4;2;B01
201400028976;0;7;0;0;2;1;1;A01
201400028976;0;34;0;0;2;1;1;B01
201400028977;0;7;0;6;0;1;13;A01
201400028978;0;7;0;13;0;1;1;A01
201400028979;0;2;0;16;0;7;1;A01
201400028980;0;7;0;0;1;2;1;A01
201400028981;0;7;0;0;1;3;16;A01
201400028982;0;7;0;0;2;3;9;A01
201400028982;0;34;0;0;2;2;1;B01
201400028983;0;31;0;0;0;7;1;A01
201400028984;0;2;0;0;2;2;1;B01
201400028984;0;7;0;0;2;3;9;A01
201400028985;0;30;0;0;0;0;1;A01
201400028986;0;7;0;0;1;2;1;A01
201400028987;0;2;0;0;2;3;2;A01
201400028987;0;7;0;0;2;2;16;B01
201400028988;0;30;0;0;0;0;1;A01
201400028989;0;2;0;0;0;1;1;A01
201400028990;0;7;0;9;0;3;21;A01
201400028991;0;30;0;0;2;1;1;B01
201400028991;0;7;0;0;2;1;9;A01
201400028992;0;7;0;6;0;3;13;A01
201400028993;0;7;0;1;0;6;13;A01
201400028994;0;7;0;0;0;1;1;A01
201400028995;0;7;0;0;9;5;9;A01
201400028995;0;30;0;0;2;3;1;B01
201400028996;0;7;0;0;2;3;23;B01
201400028996;0;7;0;0;2;1;13;A01
201400028997;0;7;0;0;1;2;1;A01
201400028998;0;7;0;2;0;1;1;A01
201400028999;0;7;0;0;2;1;1;A01
201400028999;0;7;0;0;2;6;15;C01
201400028999;0;7;0;0;2;1;1;B01
201400029000;0;30;0;0;2;1;21;A01
201400029000;0;7;0;0;2;3;15;B01
201400029001;0;7;0;0;2;1;2;A01
201400029001;0;7;0;0;2;4;15;B01
201400029002;0;30;0;0;2;1;2;A01
201400029002;0;7;0;0;0;4;2;B01
201400029003;0;7;0;16;0;9;12;A01
201400029004;0;7;0;0;2;8;9;A01
201400029004;0;7;0;0;2;2;9;B01
201400029005;0;7;0;0;0;1;2;C01
201400029005;0;7;0;0;2;4;2;B01
201400029005;0;7;0;0;0;4;2;A01
201400029006;0;7;0;2;0;1;6;A01
201400029007;0;7;0;0;2;1;1;A01
201400029007;0;2;0;0;2;7;15;B01
201400029008;0;7;0;0;1;1;1;A01
201400029009;0;7;0;0;2;1;2;A01
201400029009;0;7;0;0;2;4;2;B01
201400029009;0;7;0;0;2;1;2;C01
201400029009;0;7;0;0;2;1;2;D01
201400029010;0;7;0;0;2;1;9;A01
201400029010;0;7;0;0;2;3;1;B01
201400029011;0;7;0;0;2;3;9;A01
201400029011;0;30;0;0;2;1;1;B01
201400029012;0;2;0;0;2;3;9;A01
201400029012;0;7;0;0;2;7;1;B01
201400029013;0;2;0;6;0;1;1;A01
201400029014;0;7;0;0;1;7;1;A01
201400029015;0;7;0;1;0;1;13;A01
201400029016;0;7;0;0;9;9;14;A01
201400029017;0;7;0;0;2;1;1;B01
201400029017;0;7;0;0;0;2;19;A01
201400029018;0;7;0;0;0;1;0;A01
201400029018;0;7;0;0;2;1;1;B01
201400029019;0;2;0;0;0;7;1;A01
201400029020;0;7;0;0;2;4;13;A01
201400029020;0;7;0;0;0;1;1;B01
201400029021;0;7;0;8;2;8;15;A01
201400029021;0;33;0;0;2;1;17;B01
201400029022;0;1;0;0;0;1;1;B01
201400029022;0;10;0;0;2;3;15;A01
201400029023;0;7;0;0;1;2;1;A01
201400029024;0;7;0;0;0;9;1;A01
201400029025;0;33;0;0;2;1;1;B01
201400029025;0;7;0;0;2;8;9;A01
201400029026;0;7;0;0;1;3;1;A01
201400029027;0;7;0;8;0;1;6;A01
201400029028;0;7;0;3;0;2;1;A01
201400029029;0;7;0;0;1;1;1;A01
201400029030;0;17;0;0;2;2;17;A01
201400029030;0;30;0;0;0;4;13;B01
201400029031;0;10;0;0;1;2;15;A01
201400029032;0;15;0;0;2;3;23;B01
201400029032;0;7;0;0;2;3;15;A01
201400029033;0;3;0;8;0;1;1;A01
201400029034;0;1;0;0;2;1;1;B01
201400029034;1;7;0;0;2;1;13;A01
201400029035;0;31;0;0;2;1;8;B01
201400029035;0;7;0;0;2;3;19;A01
201400029036;0;7;0;0;2;2;15;A01
201400029036;0;33;0;0;2;1;1;B01
201400029037;0;15;0;0;2;2;1;B01
201400029037;0;7;0;0;2;3;10;A01
201400029038;0;7;0;0;0;5;15;A01
201400029038;0;2;0;0;2;1;1;B01
201400029039;0;7;0;0;2;5;17;B01
201400029039;0;10;0;2;2;3;13;A01
201400029040;0;1;0;0;1;0;10;A01
201400029041;0;7;0;0;2;3;0;B01
201400029041;0;34;0;0;2;1;17;C01
201400029042;0;1;0;0;0;8;2;B01
201400029042;0;10;0;0;2;2;2;A01
201400029043;0;7;0;0;1;3;1;A01
201400029044;0;7;0;0;2;2;13;A01
201400029044;0;7;0;0;2;2;1;B01
201400029045;0;7;0;0;2;1;3;A01
201400029045;0;1;0;0;2;1;15;B01
201400029046;0;17;0;0;2;3;1;B01
201400029046;0;7;0;0;2;1;13;A01
201400029046;0;17;0;0;0;6;24;C01
201400029047;0;33;0;0;2;1;21;B01
201400029047;0;7;0;0;2;3;9;A01
201400029048;0;7;0;6;0;1;13;A01
201400029049;0;2;0;0;2;3;1;A01
201400029049;0;10;0;0;2;3;9;B01
201400029050;0;31;0;0;2;0;17;A01
201400029050;0;7;0;0;2;8;15;B01
201400029051;0;7;0;0;2;1;0;A01
201400029051;0;15;0;0;2;8;0;C01
201400029051;0;7;0;0;2;1;0;B01
201400029052;0;2;0;1;0;0;0;A01
201400029053;0;7;0;0;1;1;1;A01
201400029054;1;7;0;0;1;1;0;A01
201400029055;0;7;0;0;1;1;1;A01
201400029056;0;7;0;0;1;2;1;A01
201400029057;0;7;0;0;1;2;1;A01
201400029058;0;7;0;0;1;1;1;A01
201400029059;0;7;0;0;1;1;17;A01
201400029060;0;7;0;0;2;1;1;B01
201400029060;0;7;0;0;2;2;19;A01
201400029060;0;7;0;0;2;1;1;C01
201400029061;0;7;0;0;1;2;1;A01
201400029062;0;7;0;0;2;1;1;A01
201400029062;0;7;0;0;2;8;1;B01
201400029063;0;7;0;0;2;4;23;C01
201400029063;0;7;0;1;2;8;1;A01
201400029063;0;7;0;0;2;4;23;E01
201400029063;0;7;0;0;2;4;23;D01
201400029064;0;7;0;0;1;4;0;A01
201400029065;0;10;0;0;2;1;1;A01
201400029065;0;7;0;2;0;4;23;B01
201400029066;0;7;0;0;1;2;1;A01
201400029067;0;7;0;0;2;1;1;C01
201400029067;0;7;0;0;2;6;1;B01
201400029067;0;7;0;0;2;1;13;A01
201400029068;0;7;0;0;1;1;1;A01
201400029069;0;7;0;0;2;1;1;B01
201400029069;0;7;0;0;2;7;1;A01
201400029070;0;7;0;0;2;1;1;A01
201400029070;0;30;0;0;2;8;1;B01
201400029071;1;7;0;0;2;3;5;B01
201400029071;0;7;0;0;2;2;1;A01
201400029072;0;30;0;0;2;1;2;A01
201400029072;0;7;0;0;2;5;2;B01
201400029073;0;7;0;0;2;7;15;A01
201400029073;0;10;0;0;2;3;1;C01
201400029073;0;33;0;0;2;1;1;B01
201400029074;0;7;0;0;2;8;15;A01
201400029074;0;33;0;0;2;1;1;B01
201400029075;0;7;0;15;1;2;1;A01
201400029075;0;7;0;0;2;3;1;B01
201400029076;0;30;0;1;0;1;1;A01
201400029077;0;7;0;0;1;2;1;A01
201400029078;1;99;0;0;1;2;0;A01
201400029079;0;7;0;0;1;1;16;A01
201400029080;0;7;0;0;2;6;13;B01
201400029080;0;32;0;0;2;7;17;A01
201400029081;0;7;0;0;2;4;23;C01
201400029081;0;7;0;0;2;4;23;B01
201400029081;0;10;0;0;2;1;1;A01
201400029082;0;10;0;1;2;2;1;B01
201400029082;0;7;0;1;2;7;9;A01
201400029083;0;1;0;0;1;1;1;B01
201400029084;0;7;0;0;1;1;1;A01
201400029085;0;7;0;0;2;1;16;A01
201400029085;0;7;0;0;0;4;23;B01
201400029086;0;1;0;0;2;3;5;A01
201400029086;0;7;0;0;2;8;15;B01
201400029087;0;33;0;6;2;2;0;A01
201400029087;0;7;0;0;2;3;1;B01
201400029088;0;7;0;0;2;6;23;B01
201400029088;1;10;0;0;2;1;2;Z01
201400029089;0;7;0;0;2;3;15;B01
201400029089;0;31;0;0;2;1;17;A01
201400029090;0;7;0;0;2;8;15;A01
201400029090;0;2;0;0;2;2;2;B01
201400029091;0;7;0;0;2;1;9;A01
201400029091;0;7;0;0;2;7;1;B01
201400029092;0;7;0;0;2;2;5;A01
201400029092;0;7;0;0;2;2;1;B01
201400029093;0;2;0;1;0;1;1;A01
201400029094;0;33;0;0;2;1;1;B01
201400029094;0;7;0;0;2;1;15;A01
201400029095;0;7;0;0;2;1;19;A01
201400029095;0;33;0;0;2;7;1;B01
201400029096;1;2;0;0;1;1;0;Z01
201400029097;0;7;0;0;0;0;15;A01
201400029097;0;33;0;0;0;0;21;B01
201400029098;0;7;0;0;2;1;1;B01
201400029098;0;7;0;0;2;1;1;A01
201400029098;0;7;0;0;2;2;1;D01
201400029099;0;7;0;0;2;1;17;A01
201400029099;0;7;0;0;2;1;1;B01
201400029100;0;7;0;0;2;1;2;B01
201400029100;0;2;0;0;2;8;10;A01
201400029101;0;7;0;0;2;8;15;A01
201400029101;0;33;0;0;2;1;1;B01
201400029102;0;7;0;0;2;1;21;A01
201400029102;0;1;0;0;2;8;9;B01
201400029103;0;7;0;0;2;1;1;B01
201400029103;0;7;0;0;2;7;1;A01
201400029104;0;2;0;0;2;1;1;B01
201400029104;0;10;0;0;2;2;15;A01
201400029105;0;7;0;0;1;1;0;A01
201400029106;0;7;0;0;2;1;16;A01
201400029106;0;1;0;0;2;5;15;B01
201400029107;0;2;0;0;1;1;17;A01
201400029108;0;7;0;0;1;1;1;A01
201400029109;0;7;0;0;1;2;1;A01
201400029110;0;7;0;0;2;1;15;A01
201400029110;0;30;0;0;2;1;1;B01
201400029111;0;14;0;0;2;5;15;B01
201400029111;0;33;0;0;2;1;1;A01
201400029112;0;7;0;0;2;3;13;B01
201400029112;0;33;0;0;2;5;17;A01
201400029113;0;7;0;0;2;1;1;A01
201400029113;0;7;0;0;2;3;1;B01
201400029114;0;7;0;0;2;3;15;A01
201400029114;0;33;0;0;2;7;17;B01
201400029115;0;7;0;2;0;8;14;A01
201400029116;0;7;0;0;0;4;2;B01
201400029116;0;7;0;0;2;1;2;A01
201400029117;0;1;0;0;2;8;15;B01
201400029117;1;7;0;0;2;7;6;A01
201400029118;0;31;0;0;2;8;21;A01
201400029118;0;7;0;0;2;7;16;B01
201400029119;0;32;0;0;1;1;21;A01
201400029120;0;7;0;11;0;1;1;A01
201400029121;0;7;0;0;1;1;1;A01
201400029122;0;7;0;8;0;1;1;A01
201400029123;0;1;0;0;2;1;1;A01
201400029123;0;7;0;0;2;7;1;C01
201400029124;0;7;0;0;2;8;21;B01
201400029124;0;10;0;0;2;1;1;A01
201400029125;0;7;0;0;1;1;21;A01
201400029126;0;7;0;0;2;1;1;B01
201400029126;0;7;0;0;2;1;13;A01
201400029127;0;7;0;0;2;1;21;B01
201400029127;0;7;0;0;2;7;13;A01
201400029128;1;1;0;0;2;8;1;B01
201400029128;0;7;0;0;2;2;16;A01
201400029129;0;33;0;13;0;1;14;A01
201400029130;0;2;0;0;0;7;21;A01
201400029131;0;7;0;0;0;9;13;A01
201400029132;0;36;0;8;0;9;14;A01
201400029133;0;7;0;0;2;8;15;A01
201400029133;0;2;0;0;2;1;17;B01
201400029134;0;7;0;0;2;8;4;A01
201400029134;0;1;0;0;2;1;1;B01
201400029135;0;7;0;0;2;1;21;A01
201400029135;0;7;0;0;2;4;23;B01
201400029136;0;7;0;13;0;7;13;A01
201400029137;0;7;0;0;2;8;22;A01
201400029137;0;7;0;0;2;7;17;C01
201400029137;0;1;0;1;2;1;1;B01
201400029138;0;7;0;0;1;4;0;A01
201400029139;0;7;0;0;1;0;0;A01
201400029140;0;13;0;0;9;4;1;A01
201400029140;0;1;0;0;2;1;0;B01
201400029141;0;7;0;0;2;6;15;B01
201400029141;0;33;0;0;2;1;0;A01
201400029142;0;7;0;0;2;1;0;A01
201400029142;0;7;0;0;2;3;1;B01
201400029143;0;10;0;0;1;5;16;A01
201400029144;0;33;0;0;2;0;1;B01
201400029144;0;7;0;0;2;1;13;A01
201400029145;0;36;0;15;0;1;1;A01
201400029146;0;3;0;8;0;1;0;A01
201400029147;0;7;0;8;0;1;0;A01
201400029148;0;7;0;0;1;3;1;A01
201400029149;0;17;0;2;0;1;14;A01
201400029150;0;31;0;0;0;0;16;A01
201400029151;0;7;0;0;1;2;1;A01
201400029152;0;7;0;0;1;1;1;A01
201400029153;0;2;0;0;2;1;1;B01
201400029153;0;7;0;0;2;7;15;A01
201400029154;0;7;0;0;1;4;4;A01
201400029155;0;7;0;0;1;1;0;A01
201400029156;0;7;0;0;1;2;1;A01
201400029157;0;7;0;0;1;8;1;A01
201400029158;0;2;0;0;2;1;1;B01
201400029158;0;7;0;0;2;3;1;A01
201400029159;0;7;0;0;1;3;1;A01
201400029160;0;7;0;0;1;3;15;A01
201400029161;0;7;0;2;0;1;1;A01
201400029162;0;7;0;0;2;1;2;A01
201400029162;0;7;0;0;2;4;2;B01
201400029162;0;10;0;0;2;4;2;C01
201400029162;0;7;0;0;2;4;2;D01
201400029163;0;1;0;0;2;1;5;A01
201400029163;0;7;0;0;2;2;1;B01
201400029164;0;7;0;0;2;4;4;A01
201400029164;0;1;0;0;2;1;1;B01
201400029165;0;30;0;0;0;0;0;A01
201400029166;0;7;0;0;2;1;2;A01
201400029166;0;7;0;0;2;6;2;B01
201400029167;0;31;0;0;0;0;1;A01
201400029168;0;3;0;0;2;2;15;A01
201400029168;0;30;0;0;2;1;1;B01
201400029169;0;30;0;0;2;1;1;B01
201400029169;1;7;0;0;2;6;9;Z01
201400029170;0;10;0;0;2;4;1;A01
201400029170;0;1;0;0;2;4;1;B01
201400029171;0;7;0;0;2;3;13;A01
201400029171;0;17;0;0;2;3;1;B01
201400029172;0;7;0;0;1;3;1;A01
201400029173;0;10;0;0;0;0;17;A01
201400029173;0;30;0;0;2;0;1;B01
201400029174;0;17;0;0;2;8;13;A01
201400029174;0;33;0;0;2;0;0;B01
201400029175;0;33;0;8;0;3;17;A01
201400029176;0;7;0;0;1;2;1;A01
201400029177;0;33;0;14;0;1;1;A01
201400029178;0;33;0;14;0;7;2;A01
201400029178;0;31;0;0;1;6;23;B01
201400029179;0;7;0;0;1;2;1;A01
201400029180;0;33;0;0;2;7;1;A01
201400029180;0;7;0;0;2;8;16;B01
201400029181;0;7;0;0;1;6;2;A01
201400029182;1;7;0;0;1;1;1;A01
201400029183;0;7;0;0;1;3;1;A01
201400029184;0;7;0;0;1;2;1;A01
201400029185;0;14;0;12;0;4;2;B01
201400029185;0;7;0;1;2;1;2;A01
201400029186;0;1;0;0;2;1;1;B01
201400029186;0;7;0;0;9;2;0;A01
201400029187;0;7;0;0;2;3;10;A01
201400029187;0;7;0;0;2;2;17;B01
201400029188;0;7;0;0;9;3;9;A01
201400029188;0;33;0;0;2;1;17;B01
201400029189;0;7;0;0;9;1;1;A01
201400029189;0;1;0;0;2;1;5;Y01
201400029190;0;7;0;13;0;1;1;A01
201400029191;0;7;0;0;0;9;1;A01
201400029192;0;10;0;0;1;1;1;A01
201400029193;0;10;0;0;2;3;1;A01
201400029193;0;7;0;0;2;3;1;B01
201400029194;0;7;0;0;2;2;1;A01
201400029194;0;30;0;0;2;1;5;B01
201400029195;0;7;0;0;1;2;10;A01
201400029196;0;7;0;0;2;1;0;B01
201400029196;0;7;0;0;2;7;19;A01
201400029197;0;7;0;0;2;3;13;A01
201400029197;0;7;0;0;2;3;13;B01
201400029198;0;7;0;0;0;0;23;B01
201400029198;0;7;0;0;1;3;1;A01
201400029199;0;7;0;0;0;1;0;V01
201400029199;0;31;0;0;0;1;0;M01
201400029200;0;7;0;13;0;2;1;A01
201400029200;0;7;0;0;0;0;1;B01
201400029201;0;7;0;0;1;7;1;A01
201400029202;0;7;0;0;2;1;1;B01
201400029202;0;7;0;0;2;2;15;A01
201400029203;0;7;0;0;2;3;1;B01
201400029203;0;7;0;0;2;1;15;A01
201400029204;0;7;0;0;1;2;1;A01
201400029205;0;7;0;0;1;0;0;A01
201400029206;0;7;0;15;0;0;0;A01
201400029207;0;7;0;0;1;0;0;A01
201400029208;0;7;0;0;2;1;1;A01
201400029208;0;7;0;0;2;4;2;B01
201400029209;0;7;0;0;1;1;0;A01
201400029210;0;7;0;8;0;1;1;A01
201400029211;1;7;0;0;1;1;0;A01
201400029212;0;36;0;0;0;9;0;A01
201400029213;0;7;0;0;2;1;1;A01
201400029213;0;7;0;0;2;4;1;B01
201400029214;0;7;0;0;1;3;1;A01
201400029215;0;7;0;0;2;3;1;A01
201400029215;0;7;0;0;2;3;9;B01
201400029216;0;7;0;0;1;2;0;A01
201400029217;0;33;0;0;0;0;0;A01
201400029218;0;31;0;0;2;1;1;B01
201400029218;0;7;0;0;0;6;10;A01
201400029219;0;7;0;0;2;1;2;A01
201400029219;0;7;0;0;0;4;0;B01
201400029220;0;7;0;0;0;4;0;C01
201400029220;0;15;0;0;2;1;0;A01
201400029220;0;7;0;0;0;4;0;B01
201400029221;0;7;0;0;0;0;0;B01
201400029221;0;7;0;0;0;0;0;C01
201400029221;0;7;0;0;2;0;0;A01
201400029222;0;7;0;0;2;0;0;A01
201400029222;0;7;0;0;2;0;0;C01
201400029222;0;7;0;0;2;0;0;B01
201400029223;0;7;0;0;2;0;0;A01
201400029223;0;7;0;0;1;0;0;B01
201400029224;0;7;0;0;2;0;0;B01
201400029224;0;7;0;0;2;0;0;A01
201400029225;0;7;0;0;2;1;0;A01
201400029225;0;7;0;0;2;4;0;B01
201400029226;0;7;0;0;2;1;0;A01
201400029226;0;7;0;0;2;3;1;B01
201400029227;0;7;0;0;1;2;0;A01
201400029228;0;1;0;0;1;8;0;A01
201400029229;1;7;0;0;1;0;0;A01
201400029230;1;33;0;0;1;1;0;A01
201400029231;0;7;0;3;0;1;0;A01
201400029232;0;7;0;0;0;0;0;A01
201400029233;0;7;0;0;2;0;10;A01
201400029233;0;33;0;0;2;1;1;B01
201400029234;0;7;0;0;2;8;17;A01
201400029234;0;15;0;0;2;0;1;C01
201400029234;0;7;0;0;2;0;1;B01
201400029235;0;7;0;0;2;4;0;B01
201400029235;0;7;0;0;2;1;0;A01
201400029236;0;7;0;8;0;1;0;A01
201400029237;0;7;0;0;2;1;1;B01
201400029237;0;7;0;0;2;1;3;A01
201400029238;1;99;0;0;1;0;0;Z01
201400029239;0;31;0;2;0;0;0;A01
201400029240;0;7;0;2;0;0;0;A01
201400029241;0;7;0;0;1;3;0;A01
201400029242;0;7;0;0;1;2;1;A01
201400029243;0;7;0;0;1;3;0;A01
201400029244;0;7;0;0;2;4;2;C01
201400029244;0;7;0;0;2;1;2;A01
201400029244;0;7;0;0;2;4;2;B01
201400029245;0;7;0;0;2;2;0;B01
201400029245;0;7;0;0;2;1;0;A01
201400029246;0;7;0;0;2;4;2;B01
201400029246;0;7;0;0;2;1;2;A01
201400029247;0;7;0;0;1;5;0;A01
201400029248;0;7;0;0;2;3;13;A01
201400029248;0;7;0;0;2;3;1;B01
201400029249;0;7;0;0;1;1;0;A01
201400029250;0;7;0;0;1;8;1;A01
201400029251;0;7;0;0;2;7;0;A01
201400029251;0;1;0;0;2;0;0;B01
201400029252;0;7;0;0;1;3;0;A01
201400029253;0;3;0;0;2;3;0;A01
201400029253;0;7;0;0;2;8;0;B01
201400029253;0;37;1;0;2;8;0;C01
201400029254;0;7;0;0;2;4;23;B01
201400029254;0;7;0;0;2;4;23;C01
201400029254;0;7;0;0;2;1;2;A01
201400029255;0;1;0;0;2;1;1;A01
201400029255;0;7;0;0;2;1;17;B01
201400029256;0;7;0;0;2;8;0;B01
201400029256;0;7;0;0;2;1;0;A01
201400029257;0;7;0;0;2;7;1;B01
201400029257;0;7;0;0;2;1;1;A01
201400029258;0;7;0;0;2;4;2;B01
201400029258;0;7;0;0;2;1;2;A01
201400029258;0;7;0;0;2;4;2;D01
201400029258;0;7;0;1;2;4;2;C01
201400029259;0;7;0;0;1;1;1;A01
201400029260;0;7;0;0;2;1;2;A01
201400029260;0;7;0;0;1;4;2;B01
201400029261;0;7;0;0;2;3;0;A01
201400029261;0;7;0;0;2;1;0;B01
201400029262;0;2;0;0;2;1;1;A01
201400029262;0;7;0;0;2;7;16;B01
201400029263;0;37;1;0;1;2;0;A01
201400029264;0;7;0;0;2;4;23;B01
201400029264;0;7;0;0;2;1;2;A01
201400029265;0;7;0;0;1;0;1;A01
201400029266;0;7;0;0;1;1;15;A01
201400029267;0;7;0;0;2;1;2;A01
201400029267;0;7;0;0;2;4;2;B01
201400029267;0;40;0;0;2;4;2;C01
201400029268;0;7;0;0;1;1;15;A01
201400029269;0;7;0;0;2;4;2;B01
201400029269;0;1;0;0;2;1;2;A01
201400029270;0;7;0;0;2;2;16;A01
201400029270;0;1;0;0;2;1;1;B01
201400029271;0;7;0;1;2;8;0;A01
201400029271;0;30;0;0;2;0;0;B01
201400029272;0;7;0;0;1;2;0;A01
201400029273;0;7;0;0;2;1;1;A01
201400029273;0;7;0;0;2;4;1;B01
201400029274;0;7;0;0;1;1;16;A01
201400029275;0;7;0;0;1;3;0;A01
201400029276;0;7;0;0;1;1;1;A01
201400029277;0;7;0;0;2;6;0;B01
201400029277;0;7;0;0;2;2;0;A01
201400029278;0;7;0;1;1;1;16;A01
201400029279;0;7;0;0;1;3;15;A01
201400029280;0;7;0;0;2;4;2;B01
201400029280;0;7;0;0;2;1;2;A01
201400029281;0;7;0;0;0;0;12;A01
201400029281;0;31;0;0;2;0;0;B01
201400029282;0;7;0;0;2;1;0;A01
201400029282;0;7;0;0;2;7;0;B01
201400029283;0;7;0;0;1;1;2;A01
201400029284;0;2;0;0;1;1;1;A01
201400029285;0;37;1;0;2;4;23;B01
201400029285;0;2;0;0;2;1;2;A01
201400029286;0;7;0;0;2;3;1;A01
201400029286;0;7;0;0;2;2;1;B01
201400029287;0;7;0;0;2;3;1;B01
201400029287;0;7;0;0;2;2;12;A01
201400029288;0;7;0;0;1;3;0;A01
201400029289;1;7;0;0;2;1;2;Z01
201400029289;0;1;0;0;2;4;2;B01
201400029290;0;7;0;0;1;1;15;A01
201400029291;0;7;0;0;2;1;1;B01
201400029291;0;7;0;0;2;2;15;A01
201400029292;0;7;0;0;2;1;0;B01
201400029292;2;2;0;0;2;1;0;Z01
201400029293;1;7;0;0;1;4;4;Z01
201400029294;0;7;0;0;2;1;0;A01
201400029294;0;33;0;0;2;1;0;B01
201400029295;0;7;0;0;2;4;2;B01
201400029295;0;7;0;0;2;1;2;A01
201400029296;0;7;0;0;2;1;16;A01
201400029296;0;7;0;0;2;4;23;B01
201400029297;1;7;0;0;2;2;15;Z01
201400029297;0;30;0;0;2;1;1;B01
201400029298;0;7;0;0;2;1;17;A01
201400029298;0;7;0;0;2;1;1;B01
201400029299;0;7;0;0;2;6;15;A01
201400029299;0;33;0;0;2;1;1;B01
201400029300;0;7;0;0;2;3;10;A01
201400029300;0;30;0;0;2;2;17;B01
201400029301;0;7;0;0;2;2;15;B01
201400029301;0;7;0;9;2;3;1;A01
201400029302;0;1;0;0;2;7;0;B01
201400029302;0;7;0;0;2;2;15;A01
201400029303;0;7;0;0;1;2;1;A01
201400029304;0;3;0;6;0;2;0;A01
201400029305;0;15;0;0;2;5;4;A01
201400029305;0;7;0;0;2;1;0;B01
201400029306;0;7;0;0;2;4;2;B01
201400029306;0;7;0;0;2;4;2;C01
201400029306;0;7;0;0;2;1;2;A01
201400029307;0;1;0;0;2;1;1;B01
201400029307;0;7;0;0;2;7;15;A01
201400029308;0;7;0;0;2;3;0;A01
201400029308;0;1;0;0;2;1;0;B01
201400029309;0;7;0;8;0;2;1;A01
201400029310;0;7;0;0;2;4;2;B01
201400029310;0;30;0;0;2;1;2;A01
201400029311;0;7;0;0;1;1;1;A01
201400029312;0;7;0;0;1;1;9;A01
201400029313;0;2;0;0;2;1;2;A01
201400029313;0;7;0;0;0;5;2;B01
201400029314;0;7;0;0;2;2;0;A01
201400029314;0;7;0;0;2;8;0;B01
201400029315;0;7;0;0;1;2;1;A01
201400029316;0;7;0;0;1;3;15;A01
201400029317;0;7;0;0;1;2;15;A01
201400029318;0;7;0;0;2;4;2;B01
201400029318;0;7;0;0;2;1;2;A01
201400029319;0;7;0;0;2;1;13;A01
201400029319;0;7;0;0;2;8;1;B01
201400029319;0;7;0;0;2;1;1;C01
201400029320;0;33;0;0;2;1;1;B01
201400029320;0;7;0;0;2;7;15;A01
201400029321;0;1;0;0;2;8;1;B01
201400029321;0;7;0;0;2;7;16;A01
201400029322;0;7;0;0;2;2;1;A01
201400029322;0;10;0;0;2;3;1;B01
201400029323;0;7;0;0;2;3;1;B01
201400029323;0;7;0;0;2;8;9;A01
201400029324;0;7;0;0;2;7;0;B01
201400029324;0;33;0;0;2;1;0;A01
201400029325;0;7;0;0;2;8;10;A01
201400029325;0;33;0;0;2;1;1;B01
201400029326;0;1;0;0;2;8;0;B01
201400029326;0;7;0;0;2;3;0;A01
201400029327;0;7;0;0;1;4;4;A01
201400029328;0;7;0;0;1;1;0;A01
201400029329;0;7;0;0;2;1;9;A01
201400029329;0;7;0;0;2;7;1;B01
201400029330;0;37;1;0;2;2;0;B01
201400029330;1;7;0;0;2;0;0;Z01
201400029331;0;7;0;0;2;1;1;A01
201400029331;0;7;0;0;2;4;1;B01
201400029332;0;7;0;0;1;3;1;A01
201400029333;0;7;0;0;1;2;16;A01
201400029334;0;30;0;0;1;2;0;A01
201400029335;0;7;0;0;2;4;23;C01
201400029335;0;7;0;0;2;4;23;D01
201400029335;0;7;0;0;2;4;23;B01
201400029335;0;7;0;0;2;1;2;A01
201400029336;1;31;0;0;1;1;1;Z01
201400029337;0;1;0;0;2;1;0;A01
201400029337;0;34;0;0;2;1;0;B01
201400029338;1;7;0;0;2;1;1;Z01
201400029338;0;2;0;0;2;4;16;B01
201400029339;0;7;0;0;2;8;1;B01
201400029339;0;1;0;0;2;1;1;A01
201400029340;0;7;0;0;2;3;15;B01
201400029340;0;7;0;0;2;2;15;A01
201400029341;0;7;0;0;2;8;0;A01
201400029341;0;7;0;0;2;1;0;B01
201400029342;1;7;0;0;2;2;0;Z01
201400029342;0;30;0;1;2;1;0;B01
201400029343;1;7;0;0;1;1;9;Z01
201400029344;0;7;0;0;1;3;15;A01
201400029345;1;7;0;0;1;1;15;Z01
201400029346;0;7;0;1;1;2;1;A01
201400029347;0;7;0;0;2;3;0;A01
201400029347;0;2;0;0;2;7;0;B01
201400029348;1;37;1;0;1;0;0;Z01
201400029349;0;2;0;0;2;1;5;A01
201400029349;0;7;0;0;2;3;2;B01
201400029350;0;7;0;0;2;8;0;B01
201400029350;0;7;0;0;2;1;0;A01
201400029351;0;7;0;0;2;4;2;C01
201400029351;0;7;0;0;2;4;2;B01
201400029351;1;7;0;0;2;0;0;Z01
201400029352;0;7;0;0;1;3;15;A01
201400029353;0;7;0;0;2;1;2;A01
201400029353;0;7;0;0;2;6;2;B01
201400029354;0;7;0;0;2;2;0;A01
201400029354;0;33;0;0;2;8;1;B01