num_acc;senc;catv;occutc;obs;obsm;choc;manv;num_veh
201400029715;0;7;0;0;2;3;0;B01
201400029715;0;7;0;0;2;3;0;A01
201400029715;0;7;0;0;2;0;0;C01
201400029716;0;7;0;0;2;2;0;B01
201400029716;0;33;0;0;2;1;0;A01
201400029717;0;7;0;0;2;0;0;A01
201400029717;0;1;0;0;2;0;0;B01
201400029718;1;7;0;0;2;0;0;Z01
201400029718;0;7;0;0;2;4;1;B01
201400029719;0;7;0;0;2;3;9;A01
201400029719;0;7;0;0;2;2;0;B01
201400029720;0;7;0;0;2;4;0;B01
201400029720;0;7;0;0;2;0;0;A01
201400029721;0;33;0;0;0;0;20;A01
201400029722;0;7;0;6;0;1;0;A01
201400029723;0;7;0;0;2;3;1;A01
201400029723;0;1;0;0;2;1;1;B01
201400029723;0;7;0;0;2;3;1;C01
201400029724;0;7;0;0;2;3;0;B01
201400029724;0;33;0;0;2;0;0;A01
201400029725;0;7;0;0;2;4;2;B01
201400029725;0;33;0;0;2;1;2;A01
201400029726;0;7;0;8;0;0;0;A01
201400029727;0;1;0;0;0;0;0;A01
201400029728;0;30;0;0;2;1;1;A01
201400029728;0;7;0;0;2;2;1;B01
201400029729;0;7;0;0;1;1;1;A01
201400029730;0;7;0;8;0;1;0;A01
201400029731;0;7;0;0;0;0;0;A01
201400029732;0;2;0;0;2;2;0;A01
201400029732;0;7;0;0;2;1;0;B01
201400029733;0;7;0;1;2;5;0;A01
201400029733;0;7;0;0;2;1;0;B01
201400029734;0;7;0;0;1;3;0;A01
201400029735;0;33;0;0;0;0;0;A01
201400029736;0;7;0;0;2;0;0;A01
201400029736;0;1;0;0;2;0;1;B01
201400029737;0;1;0;0;0;0;0;A01
201400029738;0;2;0;0;0;0;0;A01
201400029739;0;7;0;0;1;2;1;A01
201400029740;0;37;1;0;1;2;1;A01
201400029741;0;7;0;0;1;2;1;A01
201400029742;0;7;0;0;2;3;0;B01
201400029742;0;2;0;0;2;7;0;A01
201400029743;0;7;0;0;2;0;0;B01
201400029743;0;2;0;0;2;1;0;A01
201400029744;0;1;0;0;2;0;0;B01
201400029744;1;7;0;0;2;0;0;A01
201400029745;0;7;0;14;0;0;0;A01
201400029746;0;7;0;0;2;4;0;C01
201400029746;0;7;0;0;2;1;0;B01
201400029746;0;7;0;0;2;1;0;A01
201400029747;0;7;0;0;1;4;4;A01
201400029748;0;7;0;0;2;8;1;B01
201400029748;0;7;0;0;2;0;13;A01
201400029748;0;10;0;0;2;0;0;C01
201400029749;0;7;0;0;2;2;0;A01
201400029749;0;37;2;0;2;3;0;B01
201400029750;0;7;0;0;2;1;0;A01
201400029750;0;7;0;0;2;0;0;B01
201400029751;0;7;0;0;2;4;0;B01
201400029751;0;7;0;0;2;1;0;A01
201400029751;0;10;0;0;2;1;0;C01
201400029752;0;7;0;0;2;0;0;A01
201400029752;0;7;0;0;2;0;0;B01
201400029753;0;2;0;0;2;2;0;B01
201400029753;1;10;0;0;2;0;0;A01
201400029754;0;33;0;0;1;0;1;A01
201400029755;0;2;0;0;0;0;0;A01
201400029756;0;7;0;8;0;1;0;A01
201400029757;0;7;0;0;1;0;0;A01
201400029758;0;7;0;0;2;4;2;B01
201400029758;0;7;0;0;2;1;2;A01
201400029759;0;2;0;0;0;0;0;A01
201400029760;0;2;0;0;0;0;0;A01
201400029760;0;2;0;0;0;0;0;B01
201400029761;0;7;0;8;0;1;14;A01
201400029762;0;2;0;0;2;1;0;A01
201400029762;0;7;0;0;2;0;0;B01
201400029763;0;2;0;0;2;4;2;B01
201400029763;2;7;0;0;2;1;2;A01
201400029764;0;7;0;0;1;2;1;A01
201400029765;0;2;0;0;0;0;0;A01
201400029766;0;7;0;0;2;0;0;A01
201400029766;0;7;0;0;2;8;0;B01
201400029767;0;7;0;0;0;0;0;A01
201400029768;0;33;0;0;0;0;0;A01
201400029769;0;7;0;0;1;2;1;A01
201400029770;0;7;0;0;2;2;13;A01
201400029770;0;2;0;0;2;8;15;B01
201400029771;0;7;0;0;2;2;15;A01
201400029771;0;1;0;0;2;0;7;B01
201400029772;0;7;0;0;1;1;1;A01
201400029773;0;33;0;0;2;2;0;B01
201400029773;0;7;0;0;2;1;0;A01
201400029774;0;2;0;0;0;0;0;A01
201400029775;0;1;0;0;2;0;0;B01
201400029775;0;7;0;0;2;2;0;A01
201400029776;0;7;0;0;1;0;0;A01
201400029777;0;7;0;0;2;3;0;B01
201400029777;0;7;0;0;2;1;5;A01
201400029778;0;1;0;0;2;0;0;A01
201400029778;0;7;0;0;2;0;0;B01
201400029779;0;7;0;0;2;4;2;C01
201400029779;0;7;0;0;2;4;2;B01
201400029779;0;7;0;0;2;1;2;A01
201400029780;0;7;0;0;1;0;0;A01
201400029781;0;7;0;0;2;8;13;A01
201400029781;0;7;0;0;2;7;1;B01
201400029782;0;7;0;0;2;0;0;A01
201400029782;0;7;0;0;2;2;0;B01
201400029783;0;7;0;0;2;3;9;A01
201400029783;0;1;0;0;2;1;1;B01
201400029784;0;7;0;0;2;3;1;B01
201400029784;0;7;0;0;2;7;1;A01
201400029785;0;7;0;11;0;1;1;A01
201400029786;0;2;0;6;0;1;1;A01
201400029787;0;7;0;2;0;1;16;A01
201400029788;0;7;0;0;2;3;1;B01
201400029788;0;30;0;0;2;5;1;A01
201400029789;0;1;0;0;2;1;1;B01
201400029789;0;7;0;0;2;2;16;A01
201400029790;0;7;0;13;0;1;14;A01
201400029791;0;33;0;0;2;1;1;B01
201400029791;0;7;0;0;2;1;13;A01
201400029792;0;7;0;0;1;4;20;A01
201400029793;0;7;0;0;2;7;16;A01
201400029793;0;1;0;0;2;1;1;B01
201400029794;0;7;0;7;2;1;13;A01
201400029794;0;7;0;0;2;8;1;B01
201400029795;0;33;0;0;2;8;0;A01
201400029795;0;7;0;0;2;3;23;B01
201400029796;0;7;0;0;2;1;1;B01
201400029796;0;7;0;14;2;1;13;A01
201400029796;0;7;0;0;2;1;1;C01
201400029797;0;33;0;6;0;0;1;A01
201400029798;0;37;100;0;1;1;1;A01
201400029799;0;7;0;0;2;3;0;B01
201400029799;0;7;0;0;2;2;0;A01
201400029800;0;30;0;0;0;0;0;A01
201400029801;0;99;0;0;1;2;15;A01
201400029802;0;7;0;0;2;4;0;A01
201400029802;0;7;0;0;2;1;2;B01
201400029803;2;7;0;3;0;0;0;A01
201400029804;0;7;0;0;1;1;1;A01
201400029805;0;7;0;0;1;1;1;A01
201400029806;0;7;0;0;2;1;13;A01
201400029806;0;7;0;0;2;8;0;B01
201400029807;0;7;0;0;2;3;15;A01
201400029807;0;1;0;0;2;0;0;B01
201400029808;0;7;0;0;2;3;0;A01
201400029808;0;37;2;0;2;2;1;B01
201400029809;0;7;0;2;0;1;0;A01
201400029810;0;1;0;0;1;0;0;A01
201400029811;0;7;0;0;2;0;0;B01
201400029811;0;7;0;0;2;0;0;C01
201400029811;0;7;0;0;2;1;0;A01
201400029812;0;7;0;0;2;1;0;B01
201400029812;0;2;0;0;2;0;0;A01
201400029813;0;1;0;0;2;0;1;B01
201400029813;0;7;0;0;2;2;1;A01
201400029814;0;2;0;0;0;0;0;A01
201400029815;0;7;0;0;1;0;0;A01
201400029816;0;7;0;2;0;0;0;A01
201400029817;0;33;0;0;0;0;0;A01
201400029818;0;7;0;0;2;5;2;B01
201400029818;0;7;0;0;2;1;2;A01
201400029819;0;7;0;0;2;2;0;B01
201400029819;0;7;0;0;2;2;0;A01
201400029820;0;1;0;1;0;1;1;B01
201400029820;0;7;0;0;2;3;24;A01
201400029821;0;7;0;0;1;0;0;A01
201400029822;0;7;0;0;2;2;16;A01
201400029822;0;37;7;0;2;3;7;B01
201400029823;0;7;0;0;2;0;0;A01
201400029823;0;1;0;0;2;0;0;B01
201400029824;0;37;1;0;2;0;15;A01
201400029824;0;1;0;0;2;1;1;B01
201400029825;0;7;0;0;1;3;1;A01
201400029826;0;33;0;1;2;0;0;A01
201400029826;0;7;0;0;2;0;0;B01
201400029827;0;7;0;0;2;2;0;A01
201400029827;0;1;0;0;2;0;0;B01
201400029828;0;7;0;8;0;0;0;A01
201400029829;0;7;0;0;1;0;21;A01
201400029830;0;2;0;0;0;0;0;A01
201400029831;0;1;0;1;0;0;0;A01
201400029832;0;7;0;0;1;3;0;A01
201400029833;0;7;0;0;2;3;0;B01
201400029833;0;2;0;0;2;7;0;A01
201400029834;0;7;0;0;2;4;2;B01
201400029834;0;7;0;0;2;0;2;D01
201400029834;0;7;0;0;2;4;2;E01
201400029834;0;7;0;0;2;1;2;A01
201400029834;0;7;0;0;2;0;2;C01
201400029835;0;33;0;0;0;0;0;A01
201400029836;0;2;0;0;0;0;0;A01
201400029837;0;7;0;2;0;1;0;A01
201400029838;0;1;0;0;1;0;0;A01
201400029839;0;7;0;0;2;1;0;B01
201400029839;0;7;0;0;2;1;0;A01
201400029840;0;7;0;0;2;0;0;A01
201400029840;0;1;0;0;2;0;0;B01
201400029841;0;7;0;16;0;0;0;A01
201400029842;0;7;0;0;2;8;0;B01
201400029842;0;1;0;0;2;0;0;A01
201400029843;0;7;0;0;2;0;0;B01
201400029843;0;2;0;0;2;0;0;A01
201400029844;0;7;0;0;2;0;15;A01
201400029844;0;2;0;0;2;0;9;B01
201400029845;0;7;0;0;2;1;0;A01
201400029845;0;7;0;0;2;4;0;B01
201400029846;0;1;0;0;0;0;0;A01
201400029847;0;2;0;0;2;1;0;A01
201400029847;0;7;0;0;2;4;0;B01
201400029848;0;2;0;0;2;0;0;A01
201400029848;0;7;0;0;2;0;0;B01
201400029849;0;7;0;0;1;1;1;A01
201400029850;0;7;0;6;0;0;0;A01
201400029851;0;7;0;1;0;0;0;A01
201400029852;0;1;0;1;0;2;1;B01
201400029852;0;7;0;0;2;2;24;A01
201400029853;0;7;0;8;0;0;0;A01
201400029854;0;7;0;0;2;7;0;B01
201400029854;0;7;0;0;2;2;0;A01
201400029854;0;7;0;0;2;6;0;C01
201400029855;0;2;0;0;2;1;0;A01
201400029855;0;7;0;0;2;3;0;B01
201400029856;0;31;0;0;2;0;0;C01
201400029856;0;7;0;0;0;0;0;B01
201400029856;0;7;0;0;2;0;0;A01
201400029857;0;7;0;0;1;3;0;A01
201400029858;1;7;0;0;1;0;0;Z01
201400029859;0;7;0;0;2;1;0;A01
201400029859;0;1;0;1;2;0;0;B01
201400029860;0;7;0;0;2;1;0;A01
201400029860;0;7;0;0;2;4;0;B01
201400029860;0;7;0;0;2;4;0;C01
201400029861;0;7;0;2;0;0;0;A01
201400029862;0;7;0;0;2;1;0;A01
201400029862;0;7;0;0;2;6;0;B01
201400029863;0;7;0;0;0;0;0;A01
201400029864;0;7;0;0;2;3;0;A01
201400029864;0;2;0;0;2;1;0;B01
201400029865;0;7;0;0;0;0;0;A01
201400029866;0;7;0;0;1;4;4;A01
201400029867;0;1;0;0;2;1;2;A01
201400029867;0;7;0;0;2;4;2;B01
201400029868;0;7;0;0;2;1;0;A01
201400029868;0;37;1;0;2;2;0;B01
201400029869;0;7;0;0;2;2;0;B01
201400029869;0;7;0;0;2;3;0;A01
201400029870;0;7;0;0;2;0;0;A01
201400029870;0;2;0;0;2;0;1;B01
201400029871;0;7;0;0;0;0;0;A01
201400029872;0;7;0;0;2;5;1;A01
201400029872;0;33;0;0;2;0;0;B01
201400029873;0;33;0;0;0;0;0;A01
201400029874;0;7;0;0;1;3;1;A01
201400029874;0;7;0;0;2;1;2;B01
201400029874;0;7;0;0;2;1;2;C01
201400029875;0;2;0;0;0;0;1;A01
201400029876;0;7;0;0;1;4;4;A01
201400029877;0;2;0;0;2;1;0;A01
201400029877;0;7;0;0;2;5;0;B01
201400029878;0;7;0;0;1;0;0;A01
201400029879;0;2;0;0;2;1;0;A01
201400029879;0;7;0;0;2;2;0;B01
201400029880;0;7;0;9;0;0;0;A01
201400029881;0;7;0;0;2;1;0;A01
201400029881;0;7;0;0;2;8;0;B01
201400029882;0;2;0;0;2;1;1;B01
201400029882;0;7;0;0;2;2;15;A01
201400029883;0;7;0;0;2;7;0;A01
201400029883;0;7;0;0;2;1;0;B01
201400029884;0;7;0;0;2;4;0;B01
201400029884;0;7;0;0;2;4;0;C01
201400029884;0;7;0;0;2;1;0;A01
201400029885;0;2;0;0;0;0;1;A01
201400029886;0;7;0;0;0;0;1;A01
201400029887;0;7;0;0;0;0;1;A01
201400029887;0;2;0;0;0;0;16;B01
201400029888;0;7;0;0;2;7;0;A01
201400029888;0;2;0;0;2;1;1;B01
201400029889;0;7;0;0;1;1;0;A01
201400029890;0;7;0;0;1;4;4;A01
201400029891;0;7;0;0;2;3;1;B01
201400029891;0;2;0;0;2;1;1;A01
201400029892;0;30;0;0;1;1;1;A01
201400029893;0;31;0;0;1;1;1;A01
201400029894;0;7;0;0;1;3;15;A01
201400029895;0;2;0;0;0;0;0;A01
201400029896;0;7;0;0;2;6;1;B01
201400029896;0;13;0;0;2;2;14;A01
201400029897;0;10;0;8;0;0;0;A01
201400029898;0;7;0;13;0;0;0;A01
201400029899;0;7;0;0;2;1;0;A01
201400029899;0;7;0;0;2;6;0;B01
201400029900;0;7;0;0;2;4;0;B01
201400029900;0;7;0;0;2;1;0;C01
201400029900;0;7;0;0;2;4;0;A01
201400029901;1;7;0;0;2;1;2;Z01
201400029901;0;7;0;0;2;4;2;A01
201400029902;0;7;0;13;0;0;0;A01
201400029903;0;7;0;0;2;3;1;B01
201400029903;0;7;0;0;2;0;0;A01
201400029904;0;7;0;0;1;1;1;A01
201400029905;0;30;0;0;0;0;0;A01
201400029906;0;7;0;0;1;0;0;A01
201400029907;0;7;0;0;2;1;0;B01
201400029907;0;7;0;0;2;1;0;A01
201400029908;0;7;0;0;2;8;0;A01
201400029908;0;2;0;0;2;7;0;B01
201400029909;0;10;0;0;2;8;1;B01
201400029909;0;7;0;0;2;2;15;A01
201400029910;0;7;0;0;2;7;0;B01
201400029910;0;7;0;0;2;7;0;A01
201400029911;0;2;0;0;0;0;0;A01
201400029912;0;7;0;0;1;2;0;A01
201400029913;0;7;0;0;1;1;1;A01
201400029914;0;7;0;0;1;0;0;A01
201400029915;0;7;0;0;1;2;0;A01
201400029916;0;7;0;0;2;1;2;F01
201400029916;0;33;0;0;2;4;2;B01
201400029917;0;7;0;0;2;0;0;B01
201400029917;0;7;0;0;2;0;0;A01
201400029918;0;7;0;0;2;1;0;A01
201400029918;0;7;0;0;2;0;0;B01
201400029919;0;2;0;0;2;0;0;B01
201400029919;0;7;0;0;2;2;15;A01
201400029920;0;7;0;2;;0;0;A01
201400029921;0;7;0;0;2;3;1;C03
201400029921;0;7;0;0;2;8;1;B02
201400029921;0;7;0;0;2;3;1;A01
201400029922;0;7;0;0;2;8;10;A01
201400029922;0;33;0;0;2;8;1;B02
201400029923;0;7;0;0;2;3;1;B02
201400029923;0;7;0;3;2;2;1;A01
201400029924;0;7;0;13;0;7;1;A01
201400029925;0;7;0;2;0;8;14;A01
201400029926;0;7;0;0;2;1;1;B02
201400029926;0;7;0;0;2;7;0;A01
201400029927;0;2;0;0;0;0;0;A01
201400029928;0;1;0;0;2;7;0;C01
201400029928;0;7;0;0;9;1;0;A01
201400029929;0;7;0;0;9;2;16;A01
201400029929;0;1;0;0;2;1;1;B01
201400029930;0;7;0;0;1;1;1;A01
201400029931;0;33;0;0;5;8;1;A01
201400029932;0;7;0;0;1;1;1;A01
201400029933;0;1;0;0;2;0;15;B01
201400029933;0;7;0;0;9;2;16;A01
201400029934;0;7;0;0;1;1;1;A01
201400029935;0;7;0;0;2;1;15;A01
201400029935;0;30;0;0;2;8;1;B01
201400029936;0;7;0;0;0;4;2;C01
201400029936;0;7;0;0;2;9;2;B01
201400029936;0;7;0;0;2;1;2;A01
201400029937;0;7;0;0;9;1;2;A01
201400029937;0;1;0;0;2;4;1;B01
201400029938;0;7;0;0;2;1;0;B01
201400029938;0;31;0;0;2;7;1;A01
201400029939;0;7;0;8;2;1;1;A01
201400029939;0;7;0;0;2;4;1;B01
201400029940;0;1;0;0;2;8;2;B01
201400029940;1;7;0;0;0;2;16;Z01
201400029941;0;10;0;0;2;1;15;A01
201400029941;0;10;0;0;2;3;15;B01
201400029942;0;10;0;0;1;2;16;A01
201400029943;0;7;0;0;1;1;1;A01
201400029944;0;7;0;0;1;7;23;A01
201400029945;0;7;0;0;2;4;23;B01
201400029945;1;7;0;0;2;1;2;A01
201400029946;0;7;0;0;2;1;1;A01
201400029946;0;7;0;0;2;3;15;B01
201400029947;0;7;0;0;1;7;2;A01
201400029948;0;37;1;0;1;1;1;A01
201400029949;0;1;0;0;2;2;1;B01
201400029949;0;7;0;0;9;3;9;A01
201400029950;0;7;0;0;1;1;16;A01
201400029951;0;7;0;0;2;3;17;A01
201400029951;0;7;0;0;2;3;21;B01
201400029952;0;15;0;0;2;1;2;A01
201400029952;0;14;0;0;2;4;2;D01
201400029952;0;7;0;0;0;4;2;C01
201400029952;0;14;0;0;2;4;2;B01
201400029953;0;7;0;0;2;1;1;B01
201400029953;0;7;0;0;2;1;9;A01
201400029954;0;2;0;0;2;1;1;A01
201400029954;0;14;0;0;2;8;16;B01
201400029955;0;2;0;1;0;1;14;A01
201400029956;0;38;60;0;2;2;12;A01
201400029956;0;7;0;0;2;6;1;B01
201400029957;0;7;0;0;1;8;4;A01
201400029958;0;7;0;0;2;1;2;A01
201400029958;0;7;0;0;2;6;23;B01
201400029959;0;7;0;0;1;1;16;A01
201400029960;0;7;0;0;2;1;15;A01
201400029960;0;7;0;0;2;8;1;B01
201400029961;0;10;0;0;1;4;4;A01
201400029962;0;30;0;0;2;1;1;A01
201400029962;0;7;0;0;2;1;15;B01
201400029963;0;7;0;0;0;3;2;A01
201400029963;0;7;0;0;2;5;2;B01
201400029964;0;7;0;0;9;5;1;B01
201400029964;0;3;0;0;2;3;19;A01
201400029965;0;7;0;0;2;2;15;A01
201400029965;0;33;0;0;2;1;1;B01
201400029966;0;7;0;0;1;1;1;A01
201400029967;0;7;0;0;1;4;4;A01
201400029968;0;1;0;0;2;8;1;B01
201400029968;0;7;0;0;9;7;5;A01
201400029969;0;7;0;0;2;1;2;A01
201400029969;0;7;0;0;2;4;2;B01
201400029970;0;7;0;0;1;2;1;A01
201400029971;0;7;0;0;1;3;1;A01
201400029972;0;7;0;16;2;3;13;A01
201400029972;0;7;0;13;2;3;1;B02
201400029973;0;2;0;0;2;1;1;B02
201400029973;0;7;0;0;2;3;17;A01
201400029974;0;7;0;0;0;3;1;B02
201400029974;0;2;0;0;0;1;13;A01
201400029975;0;7;0;0;2;3;13;A01
201400029975;0;7;0;0;2;2;1;B02
201400029976;0;10;0;6;0;2;1;A01
201400029977;0;7;0;0;0;2;0;A01
201400029977;0;1;0;0;0;0;0;B02
201400029978;0;10;0;0;0;6;2;C03
201400029978;0;7;0;0;2;1;13;A01
201400029978;0;7;0;6;0;1;1;B02
201400029979;0;7;0;0;2;3;1;B01
201400029979;0;7;0;0;2;6;16;A01
201400029980;0;7;0;0;1;2;1;A01
201400029981;0;33;0;0;2;2;1;B01
201400029981;0;3;0;0;9;2;15;A01
201400029982;0;7;0;0;2;1;1;A01
201400029982;0;10;0;0;2;8;1;B01
201400029983;0;7;0;0;1;7;0;A01
201400029984;0;7;0;0;2;1;2;A01
201400029984;0;7;0;0;2;4;16;B01
201400029985;0;7;0;1;2;8;1;B01
201400029985;0;7;0;0;2;1;1;A01
201400029986;0;10;0;0;1;4;4;A01
201400029987;0;7;0;0;1;1;15;A01
201400029988;0;7;0;0;2;1;1;B01
201400029988;0;7;0;0;2;2;1;A01
201400029989;0;2;0;0;2;9;0;B01
201400029989;0;7;0;0;9;2;15;A01
201400029990;0;7;0;0;1;3;1;A01
201400029991;0;17;0;6;2;1;1;A01
201400029991;0;7;0;0;0;8;1;B01
201400029992;0;10;0;0;1;0;1;A01
201400029993;0;7;0;0;0;6;15;B01
201400029993;0;33;0;0;2;3;1;A01
201400029994;0;7;0;0;2;1;1;B01
201400029994;0;10;0;1;2;4;16;A01
201400029995;0;7;0;0;1;1;1;A01
201400029996;0;7;0;0;1;2;1;A01
201400029997;0;33;0;13;0;3;1;B01
201400029997;0;7;0;0;0;0;0;A01
201400029998;0;7;0;15;2;2;1;B01
201400029998;0;31;0;0;2;8;1;A01
201400029999;0;37;6;0;1;2;1;A01
201400030000;0;7;0;0;2;3;10;B01
201400030000;0;33;0;0;2;1;1;A01
201400030001;0;7;0;0;2;3;15;A01
201400030001;0;7;0;0;2;1;1;B01
201400030002;0;10;0;0;1;3;1;A01
201400030003;0;7;0;13;0;1;2;A01
201400030004;0;2;0;0;2;1;1;B01
201400030004;0;7;0;0;2;3;20;A01
201400030005;1;7;0;0;1;1;1;A01
201400030006;0;15;0;0;2;1;19;A01
201400030006;0;7;0;0;2;8;1;B01
201400030007;0;34;0;0;2;3;13;A01
201400030007;0;15;0;0;9;6;1;B01
201400030008;0;7;0;0;1;2;2;A01
201400030009;0;10;0;0;2;7;19;A01
201400030009;0;33;0;0;2;1;2;B01
201400030010;0;7;0;13;0;2;14;A01
201400030011;0;7;0;0;2;3;9;A01
201400030011;0;1;0;0;2;1;1;B01
201400030012;1;7;0;0;1;1;16;Z01
201400030013;0;7;0;0;2;3;16;B01
201400030013;0;1;0;0;2;1;5;A01
201400030014;0;7;0;2;2;7;17;A01
201400030014;0;10;0;0;2;3;15;B01
201400030015;0;7;0;0;1;0;1;A01
201400030016;0;1;0;0;2;0;19;B01
201400030016;0;7;0;0;2;3;15;A01
201400030017;0;7;0;0;1;2;1;A01
201400030018;0;7;0;0;2;2;17;A01
201400030018;0;1;0;0;2;1;2;B01
201400030019;0;7;0;0;1;1;1;A01
201400030020;0;7;0;0;1;3;1;A01
201400030021;0;1;0;0;2;5;19;B01
201400030021;0;7;0;0;2;3;1;A01
201400030022;0;7;0;0;2;1;13;A01
201400030022;0;7;0;0;2;1;1;B01
201400030023;0;7;0;0;2;4;1;C01
201400030023;0;7;0;0;2;4;1;B01
201400030023;0;33;0;0;2;1;1;A01
201400030024;0;7;0;0;1;1;15;A01
201400030025;0;7;0;8;1;1;13;A01
201400030026;0;7;0;0;1;1;1;A01
201400030027;0;7;0;0;1;1;1;A01
201400030028;0;7;0;0;2;1;9;A01
201400030028;0;2;0;0;2;1;1;B01
201400030029;0;7;0;0;2;2;15;A01
201400030029;0;30;0;0;2;1;1;B01
201400030030;0;7;0;0;2;3;1;B01
201400030030;0;1;0;0;2;1;19;A01
201400030031;0;7;0;0;1;1;1;A01
201400030032;0;2;0;0;2;4;23;B01
201400030032;0;7;0;0;2;1;1;A01
201400030033;0;7;0;0;2;1;1;A01
201400030033;0;7;0;0;2;4;1;B01
201400030034;0;2;0;0;2;3;1;B01
201400030034;0;7;0;0;2;3;9;A01
201400030035;0;7;0;6;0;1;1;A01
201400030036;0;14;0;0;2;3;23;C01
201400030036;0;7;0;0;2;1;1;B01
201400030036;0;7;0;1;2;1;17;A01
201400030037;0;31;0;0;2;2;17;A01
201400030037;0;7;0;0;2;3;15;B01
201400030038;0;33;0;0;2;2;1;B01
201400030038;0;7;0;0;2;2;15;A01
201400030039;0;31;0;8;2;3;7;A01
201400030039;0;7;0;0;2;7;14;B01
201400030040;0;2;0;0;1;1;5;A01
201400030041;0;33;0;0;2;1;1;B01
201400030041;0;37;4;0;2;3;1;A01
201400030042;0;7;0;12;0;1;1;A01
201400030043;0;7;0;0;1;1;1;A01
201400030044;0;7;0;0;1;1;1;A01
201400030045;0;1;0;0;2;1;1;A01
201400030045;0;7;0;0;0;2;1;B01
201400030046;0;2;0;14;0;1;1;A01
201400030047;0;10;0;0;2;1;1;A01
201400030047;0;7;0;0;2;1;15;B01
201400030048;0;7;0;0;1;3;16;A01
201400030049;0;7;0;0;1;0;19;A01
201400030050;0;7;0;0;1;2;1;A01
201400030051;0;30;0;0;2;3;1;A01
201400030051;0;7;0;0;2;1;1;B01
201400030052;0;2;0;0;2;7;18;B01
201400030052;0;7;0;0;2;8;10;A01
201400030053;0;7;0;0;1;3;1;A01
201400030054;0;7;0;2;0;1;1;A01
201400030055;0;7;0;0;1;1;1;A01
201400030056;0;33;0;0;2;1;17;B01
201400030056;0;7;0;0;2;1;9;A01
201400030057;0;7;0;0;2;1;9;A01
201400030057;0;1;0;0;2;1;1;B01
201400030058;0;7;0;0;2;8;9;A01
201400030058;0;7;0;0;2;1;1;B01
201400030059;0;33;0;0;2;4;1;B01
201400030059;0;7;0;0;2;1;0;A01
201400030060;0;7;0;0;1;2;1;A01
201400030061;0;2;0;0;2;1;1;B01
201400030061;0;7;0;0;2;3;15;A01
201400030062;1;7;0;0;2;1;1;Z01
201400030062;0;1;0;0;2;2;15;A01
201400030063;0;1;0;0;2;0;0;B01
201400030064;1;7;0;0;1;0;0;Z01
201400030065;0;1;0;0;2;1;1;A01
201400030065;0;7;0;0;2;3;15;B01
201400030066;0;31;0;0;2;3;1;A01
201400030066;0;7;0;0;2;6;9;B01
201400030067;0;1;0;0;2;1;1;B01
201400030067;0;7;0;0;2;0;15;A01
201400030068;0;7;0;0;2;3;1;B01
201400030068;0;7;0;0;2;3;15;A01
201400030069;0;7;0;0;2;4;2;B01
201400030069;0;10;0;0;2;1;1;A01
201400030069;0;7;0;0;2;4;2;C01
201400030070;0;7;0;0;2;1;23;A01
201400030070;0;1;0;2;2;1;21;B01
201400030071;0;7;0;0;2;2;15;A01
201400030071;0;1;0;0;2;1;1;B01
201400030072;0;2;0;0;2;1;1;B01
201400030072;0;7;0;0;2;2;9;A01
201400030073;1;7;0;0;2;7;15;Z01
201400030073;0;30;0;0;2;3;1;A01
201400030074;0;7;0;14;0;1;1;A01
201400030075;0;7;0;0;2;1;9;A01
201400030075;0;30;0;0;2;8;1;B01
201400030076;0;7;0;0;2;3;15;B01
201400030076;0;33;0;0;2;2;17;A01
201400030077;0;7;0;0;1;1;1;A01
201400030078;0;7;0;1;0;1;1;A01
201400030079;0;30;0;0;2;1;1;B01
201400030079;0;7;0;0;2;4;1;A01
201400030080;0;33;0;0;2;2;1;B01
201400030080;0;7;0;0;2;3;5;A01
201400030081;0;15;0;0;2;1;1;A01
201400030081;0;7;0;0;2;3;9;B01
201400030082;0;2;0;0;2;1;1;B01
201400030082;0;10;0;0;2;3;9;A01
201400030083;0;7;0;3;9;1;1;A01
201400030083;0;7;0;0;9;1;1;B01
201400030084;0;7;0;0;2;3;13;A01
201400030084;0;7;0;0;2;6;1;B01
201400030084;0;7;0;0;2;1;1;C01
201400030085;0;7;0;0;2;1;1;B01
201400030085;0;2;0;0;2;1;5;A01
201400030086;0;7;0;0;1;3;1;A01
201400030087;0;7;0;0;2;4;1;B01
201400030087;0;7;0;0;2;7;1;C01
201400030087;0;7;0;0;2;4;23;D01
201400030087;0;10;0;0;2;1;21;A01
201400030088;0;7;0;0;1;4;4;A01
201400030089;0;7;0;0;2;1;1;A01
201400030089;0;1;0;0;2;1;9;B01
201400030090;0;37;1;0;2;4;1;C01
201400030090;0;7;0;0;2;2;2;A01
201400030090;0;7;0;0;2;4;1;B01
201400030091;0;7;0;0;1;8;1;A01
201400030092;0;7;0;0;1;1;1;A01
201400030093;0;7;0;0;2;4;15;B01
201400030093;0;7;0;0;2;1;2;A01
201400030094;0;7;0;7;2;1;17;A01
201400030094;0;7;0;0;2;3;15;B01
201400030095;0;7;0;0;1;0;1;A01
201400030096;0;33;0;0;2;1;17;A01
201400030096;0;1;0;0;2;3;19;B01
201400030097;0;7;0;0;2;2;15;A01
201400030097;0;7;0;0;2;1;1;B01
201400030098;0;7;0;16;0;1;1;A01
201400030099;0;7;0;0;2;4;1;A01
201400030099;1;7;0;0;2;1;1;Z01
201400030100;0;7;0;0;2;4;1;B01
201400030100;0;7;0;0;2;1;1;A01
201400030101;0;2;0;0;2;0;1;B01
201400030101;0;7;0;0;2;3;15;A01
201400030102;0;30;0;0;2;1;17;A01
201400030102;0;7;0;0;2;3;15;B01