num_acc;senc;catv;occutc;obs;obsm;choc;manv;num_veh
201400030103;0;7;0;0;2;4;1;A01
201400030103;0;33;0;0;9;1;1;B01
201400030104;0;10;0;0;2;7;11;A01
201400030104;0;33;0;0;2;8;1;B01
201400030105;0;7;0;0;1;2;1;A01
201400030106;0;7;0;1;2;1;1;A01
201400030106;0;7;0;0;2;8;15;B01
201400030107;0;7;0;0;2;1;1;B01
201400030107;0;7;0;0;2;8;9;A01
201400030108;0;10;0;0;2;3;1;A01
201400030108;0;1;0;0;2;4;0;B01
201400030109;0;7;0;0;2;1;15;A01
201400030109;0;1;0;0;2;1;1;B01
201400030110;0;7;0;0;1;1;1;A01
201400030111;0;7;0;0;2;7;15;A01
201400030111;0;7;0;0;2;1;1;B01
201400030112;0;7;0;0;2;2;15;A01
201400030112;0;1;0;0;2;1;1;B01
201400030113;0;7;0;0;2;1;15;B01
201400030113;0;7;0;0;2;1;5;A01
201400030114;0;7;0;6;0;2;1;A01
201400030115;0;31;0;0;0;7;1;B01
201400030115;0;14;0;0;0;0;9;A01
201400030116;1;7;0;0;2;1;1;Z01
201400030116;0;1;0;0;2;7;19;A01
201400030117;1;7;0;0;1;1;1;Z01
201400030118;0;7;0;0;1;1;1;A01
201400030119;0;10;0;0;2;4;1;B01
201400030119;0;10;0;0;2;1;1;A01
201400030120;0;7;0;0;2;1;1;B01
201400030120;0;7;0;0;2;1;5;A01
201400030120;0;7;0;0;2;1;1;C01
201400030121;0;7;0;0;1;3;15;A01
201400030122;0;7;0;0;1;3;1;A01
201400030123;0;37;1;0;2;1;21;B01
201400030123;0;32;0;0;2;1;5;A01
201400030124;0;7;0;0;1;2;1;A01
201400030125;0;7;0;0;1;1;1;A01
201400030126;0;7;0;0;1;1;1;A01
201400030127;0;7;0;0;1;3;1;A01
201400030128;0;7;0;1;0;1;1;B01
201400030128;0;7;0;6;2;6;15;A01
201400030129;0;7;0;0;1;1;1;A01
201400030130;0;7;0;0;1;3;1;A01
201400030131;1;7;0;0;1;3;1;A01
201400030132;0;7;0;0;2;4;1;B01
201400030132;1;7;0;0;2;1;1;A01
201400030133;0;7;0;0;2;3;1;B01
201400030133;0;7;0;0;2;1;13;A01
201400030134;0;1;0;0;2;8;13;B01
201400030134;0;7;0;0;2;1;17;A01
201400030135;0;7;0;0;1;1;5;A01
201400030136;1;32;0;0;0;0;0;A01
201400030137;0;2;0;16;0;1;1;A01
201400030138;0;2;0;6;0;1;14;A01
201400030139;0;37;2;0;1;2;1;A01
201400030140;0;7;0;0;2;2;1;B01
201400030140;0;7;0;0;2;2;19;A01
201400030141;0;7;0;0;1;2;1;A01
201400030142;0;33;0;0;2;1;1;B01
201400030142;0;7;0;0;2;4;4;A01
201400030143;0;7;0;0;1;2;1;A01
201400030144;0;7;0;0;1;1;1;A01
201400030145;0;37;1;0;1;2;1;A01
201400030146;0;7;0;0;1;2;1;A01
201400030147;0;2;0;0;2;1;19;A01
201400030147;0;7;0;0;2;8;1;B01
201400030148;1;7;0;0;0;0;2;Z01
201400030148;0;33;0;0;0;0;17;B01
201400030149;1;7;0;0;0;0;10;Z01
201400030149;0;2;0;1;0;7;1;B01
201400030150;0;10;0;0;2;3;9;A01
201400030150;0;33;0;0;2;7;1;B01
201400030151;0;7;0;0;2;1;0;A01
201400030151;0;7;0;0;2;1;1;B01
201400030152;0;2;0;0;2;3;1;B01
201400030152;0;7;0;1;2;3;15;A01
201400030153;0;7;0;0;1;0;4;A01
201400030154;0;7;0;0;1;1;1;A01
201400030155;0;7;0;0;2;1;0;A01
201400030155;0;7;0;0;2;1;0;B01
201400030156;0;7;0;0;2;4;1;B01
201400030156;0;33;0;0;2;1;1;A01
201400030157;0;7;0;0;2;1;1;A01
201400030157;0;7;0;0;2;2;1;B01
201400030158;0;7;0;0;9;1;1;A01
201400030158;0;33;0;0;2;0;1;B01
201400030159;0;7;0;0;2;8;2;B01
201400030159;0;2;0;0;2;1;2;A01
201400030160;0;7;0;0;2;1;0;B01
201400030160;0;7;0;0;2;1;0;A01
201400030161;0;7;0;0;1;3;0;A01
201400030162;0;7;0;0;2;1;1;B01
201400030162;0;7;0;0;2;1;13;A01
201400030163;0;33;0;0;2;1;18;B01
201400030163;0;7;0;0;2;2;15;A01
201400030164;0;7;0;0;1;3;15;A01
201400030165;0;20;0;0;0;4;1;B01
201400030165;0;17;0;0;2;1;1;A01
201400030166;0;7;0;0;1;2;1;A01
201400030167;0;7;0;0;1;1;15;A01
201400030168;0;7;0;0;2;1;13;A01
201400030168;0;7;0;0;2;1;1;B01
201400030169;0;7;0;0;1;3;15;A01
201400030170;0;7;0;0;1;1;15;A01
201400030171;0;7;0;0;1;2;1;A01
201400030172;0;7;0;0;1;4;4;A01
201400030173;0;7;0;0;1;4;4;A01
201400030174;0;33;0;0;2;1;1;B01
201400030174;0;7;0;0;2;3;15;A01
201400030175;0;7;0;0;9;3;1;A01
201400030175;0;1;0;0;2;1;19;B01
201400030176;0;7;0;0;2;1;2;A01
201400030176;0;7;0;0;2;4;1;C01
201400030176;0;7;0;0;2;4;1;B01
201400030177;0;7;0;3;0;1;1;A01
201400030178;0;36;0;0;9;1;21;A01
201400030178;0;1;0;0;2;2;19;B01
201400030179;0;7;0;0;2;3;9;A01
201400030179;0;2;0;0;2;2;1;B01
201400030180;0;33;0;0;9;0;16;A01
201400030181;0;10;0;0;9;4;4;A01
201400030181;0;1;0;0;2;8;0;B01
201400030182;0;7;0;0;1;1;9;A01
201400030183;0;7;0;6;2;1;13;A01
201400030184;0;7;0;0;2;1;1;B01
201400030184;0;7;0;0;2;7;15;A01
201400030185;0;7;0;0;2;3;15;A01
201400030185;0;33;0;0;2;1;1;B01
201400030186;0;7;0;0;1;1;2;A01
201400030187;0;1;0;0;2;1;9;B01
201400030187;0;7;0;0;2;1;2;A01
201400030188;0;33;0;0;2;8;16;A01
201400030188;0;7;0;0;2;3;1;B01
201400030189;0;7;0;0;0;2;15;A01
201400030189;0;2;0;0;2;1;1;B01
201400030190;0;7;0;0;2;8;1;B01
201400030190;0;7;0;0;2;3;13;A01
201400030191;0;7;0;0;1;1;0;A01
201400030192;0;7;0;0;2;2;1;B01
201400030192;0;30;0;0;2;1;9;A01
201400030193;0;7;0;0;2;2;1;A01
201400030193;0;1;0;0;2;1;9;B01
201400030194;0;7;0;12;0;2;14;A01
201400030195;0;7;0;0;2;3;1;A01
201400030195;0;7;0;0;2;6;15;B01
201400030196;0;7;0;0;2;3;9;A01
201400030196;0;30;0;0;2;1;1;B01
201400030197;0;7;0;0;1;1;0;A01
201400030198;0;7;0;0;9;2;1;A01
201400030198;0;1;0;0;2;4;1;B01
201400030199;0;2;0;0;2;1;1;B01
201400030199;0;7;0;0;9;7;15;A01
201400030200;0;2;0;0;2;1;21;A01
201400030200;0;7;0;0;9;1;1;B01
201400030201;0;30;0;0;0;1;17;A01
201400030202;0;7;0;0;1;2;0;A01
201400030203;0;1;0;0;2;1;9;B01
201400030203;0;7;0;0;9;1;1;A01
201400030204;0;7;0;0;1;2;1;A01
201400030205;0;7;0;0;1;3;15;A01
201400030206;0;7;0;0;1;2;1;A01
201400030207;0;7;0;0;2;1;1;B01
201400030207;0;7;0;0;2;3;10;A01
201400030208;0;7;0;0;2;1;1;B01
201400030208;0;7;0;0;2;3;10;A01
201400030209;0;7;0;0;2;8;15;B01
201400030209;0;30;0;0;2;2;17;A01
201400030210;0;7;0;0;1;1;1;A01
201400030211;0;17;0;0;2;2;1;A01
201400030211;0;7;0;0;2;3;1;B01
201400030212;0;7;0;0;2;1;1;B01
201400030212;0;7;0;0;2;3;15;A01
201400030213;0;10;0;0;1;4;4;A01
201400030214;0;1;0;0;2;1;1;B01
201400030214;0;7;0;0;9;2;9;A01
201400030215;0;7;0;0;2;3;13;A01
201400030215;0;7;0;0;2;3;13;B01
201400030216;0;7;0;0;1;1;1;A01
201400030217;0;7;0;0;1;1;1;A01
201400030218;0;7;0;0;1;4;4;A01
201400030219;0;7;0;0;1;4;4;A01
201400030220;0;7;0;6;0;1;13;A01
201400030221;0;1;0;0;2;5;0;B01
201400030221;0;7;0;0;0;1;0;A01
201400030222;0;7;0;2;0;1;10;A01
201400030223;0;7;0;0;1;2;15;A01
201400030224;0;7;0;0;1;2;15;A01
201400030225;0;7;0;0;1;1;9;A01
201400030226;0;7;0;0;1;4;4;A01
201400030227;0;7;0;0;1;4;4;A01
201400030228;0;7;0;0;1;1;1;A01
201400030229;0;2;0;8;0;1;16;A01
201400030230;0;7;0;0;1;1;15;A01
201400030231;0;38;0;0;2;3;1;B02
201400030231;0;7;0;0;2;1;13;A01
201400030232;0;20;0;0;2;0;24;B02
201400030232;0;17;0;1;0;3;1;A01
201400030233;0;38;0;8;0;8;1;A01
201400030234;0;7;0;0;2;2;2;A01
201400030234;0;15;0;0;2;6;2;B02
201400030235;0;38;0;0;9;2;1;B02
201400030235;0;30;0;0;0;8;15;A01
201400030236;0;15;0;0;0;4;2;B02
201400030236;0;7;0;14;0;1;2;C03
201400030236;0;7;0;0;2;1;2;A01
201400030237;0;10;0;3;2;3;2;A01
201400030237;0;10;0;3;0;5;1;B02
201400030237;0;7;0;0;0;0;1;C03
201400030238;0;7;0;0;2;1;5;A01
201400030238;0;15;0;0;2;1;1;B02
201400030239;0;7;0;0;0;5;9;A01
201400030239;0;7;0;0;0;3;1;B02
201400030239;0;7;0;0;0;2;1;C03
201400030240;0;2;0;0;0;0;0;A01
201400030241;0;32;0;0;0;7;0;A01
201400030242;0;2;0;0;0;8;0;A01
201400030243;0;2;0;0;0;0;0;A01
201400030244;0;1;0;12;0;0;21;A01
201400030245;0;33;0;0;0;0;0;A01
201400030246;0;1;0;0;0;0;0;A01
201400030247;0;30;0;0;0;0;0;A01
201400030248;0;1;0;0;0;0;0;A01
201400030249;0;1;0;0;0;0;0;A01
201400030250;0;2;0;0;0;8;0;A01
201400030251;0;30;0;0;0;8;0;A01
201400030252;0;30;0;0;0;0;0;A01
201400030253;0;1;0;0;0;0;0;A01
201400030254;0;2;0;0;0;0;0;A01
201400030255;0;1;0;0;0;0;0;A01
201400030256;0;30;0;0;0;0;0;A01
201400030257;0;30;0;0;0;3;0;A01
201400030258;0;30;0;0;0;0;0;A01
201400030259;0;32;0;0;0;8;0;A01
201400030260;0;32;0;0;0;0;0;A01
201400030261;0;7;0;0;2;0;0;A01
201400030261;0;31;0;0;2;7;0;B01
201400030262;0;30;0;0;2;1;2;B01
201400030262;0;7;0;0;2;6;2;A01
201400030263;0;7;0;0;2;3;9;A01
201400030263;0;2;0;0;2;1;17;B01
201400030264;0;7;0;0;2;1;0;A01
201400030264;0;20;0;0;2;1;0;B01
201400030265;0;7;0;0;2;0;1;A01
201400030265;0;1;0;0;2;0;1;B01
201400030266;0;7;0;0;2;1;1;B01
201400030266;0;1;0;0;2;7;1;A01
201400030267;0;7;0;0;1;1;0;A01
201400030268;0;2;0;0;2;1;0;B01
201400030268;0;7;0;0;2;3;0;A01
201400030269;0;7;0;0;2;0;1;A01
201400030269;0;7;0;0;2;0;1;B01
201400030270;0;7;0;0;2;1;0;A01
201400030270;0;7;0;0;1;4;0;B01
201400030271;0;1;0;0;2;1;0;B01
201400030271;0;1;0;0;2;0;0;A01
201400030272;0;7;0;0;1;1;0;A01
201400030273;0;7;0;0;2;7;15;A01
201400030273;0;2;0;0;2;1;1;B01
201400030274;0;7;0;0;1;1;1;A01
201400030275;0;7;0;0;2;2;9;A01
201400030275;0;7;0;0;2;3;1;B01
201400030276;0;7;0;0;2;4;0;B01
201400030276;0;2;0;0;2;1;0;A01
201400030277;0;30;0;0;2;1;1;B01
201400030277;0;7;0;0;2;3;15;A01
201400030278;0;7;0;0;1;1;0;A01
201400030279;0;30;0;0;0;0;1;A01
201400030280;0;7;0;0;2;4;2;B01
201400030280;0;7;0;0;2;1;2;A01
201400030281;0;99;0;6;0;1;0;A01
201400030282;0;2;0;0;2;1;1;A01
201400030282;0;7;0;0;2;3;15;B01
201400030283;0;7;0;0;2;1;0;A01
201400030283;0;1;0;0;2;1;0;B01
201400030284;0;1;0;0;0;7;0;A01
201400030285;0;7;0;0;2;1;0;A01
201400030285;0;2;0;0;2;1;0;B01
201400030286;0;2;0;0;2;8;1;A01
201400030286;0;14;0;0;2;7;16;B01
201400030287;0;7;0;0;1;0;1;A01
201400030288;0;7;0;0;2;1;2;A01
201400030288;0;7;0;0;2;4;2;B01
201400030289;0;7;0;0;1;1;0;A01
201400030290;1;99;0;0;2;3;17;Z01
201400030290;0;7;0;0;2;6;15;B01
201400030291;0;3;0;0;2;1;1;B01
201400030291;0;7;0;0;2;3;9;A01
201400030292;0;7;0;0;2;1;13;A01
201400030292;0;7;0;0;2;3;1;B01
201400030293;0;7;0;0;0;0;21;B01
201400030293;0;33;0;0;0;0;21;A01
201400030294;1;33;0;0;0;0;0;Z01
201400030294;0;31;0;15;0;0;21;A01
201400030295;0;7;0;0;2;1;0;B01
201400030295;0;7;0;0;2;7;0;A01
201400030296;0;7;0;0;1;1;0;A01
201400030297;0;7;0;0;1;2;1;A01
201400030298;0;7;0;0;2;8;15;B01
201400030298;0;7;0;0;2;1;1;A01
201400030299;0;7;0;0;1;1;1;A01
201400030300;0;7;0;0;2;0;1;B01
201400030300;0;1;0;0;2;1;1;A01
201400030301;0;7;0;0;1;1;0;A01
201400030302;0;7;0;2;0;1;0;A01
201400030303;0;7;0;0;2;3;0;A01
201400030303;0;1;0;0;2;7;0;B01
201400030304;0;7;0;0;2;8;0;A01
201400030304;0;7;0;0;0;0;0;C01
201400030304;0;2;0;0;2;7;1;B01
201400030305;0;7;0;14;0;4;23;C01
201400030305;0;7;0;14;0;4;23;B01
201400030305;0;10;0;14;0;1;2;A01
201400030306;0;1;0;0;2;1;1;B01
201400030306;0;30;0;0;2;1;1;A01
201400030307;0;34;0;0;2;1;2;A01
201400030307;0;7;0;0;0;4;23;B01
201400030307;1;7;0;0;0;;;Z01
201400030308;0;33;0;8;0;1;0;A01
201400030309;0;7;0;0;2;8;0;B01
201400030309;0;7;0;0;2;1;0;A01
201400030310;0;7;0;8;0;0;1;A01
201400030311;0;7;0;0;1;1;0;A01
201400030312;0;10;0;0;0;0;0;A01
201400030312;0;1;0;0;0;0;0;B01
201400030313;2;7;0;0;2;0;1;Z01
201400030313;0;7;0;0;2;1;0;B01
201400030314;0;7;0;0;2;2;15;A01
201400030314;0;2;0;0;2;1;1;B01
201400030315;0;7;0;0;1;0;0;A01
201400030316;0;7;0;0;2;2;1;B01
201400030316;0;10;0;0;2;0;1;A01
201400030317;0;7;0;0;2;1;16;A01
201400030317;0;1;0;0;2;1;0;B01
201400030318;0;7;0;0;2;8;15;B01
201400030318;0;7;0;0;2;3;1;A01
201400030319;0;7;0;0;2;8;0;B01
201400030319;0;7;0;0;2;1;0;A01
201400030320;0;2;0;0;2;8;0;A01
201400030320;0;1;0;0;2;8;0;B01
201400030321;0;7;0;0;2;4;0;A01
201400030321;0;30;0;0;2;7;0;B01
201400030322;0;7;0;0;2;1;0;A01
201400030322;0;7;0;0;2;8;0;B01
201400030323;0;7;0;0;2;1;0;A01
201400030323;0;7;0;0;2;7;0;B01
201400030324;0;31;0;0;2;8;1;A01
201400030324;0;33;0;0;2;1;1;B01
201400030325;0;7;0;0;2;7;0;B01
201400030325;0;7;0;0;2;1;0;A01
201400030326;0;10;0;0;2;4;1;C01
201400030326;0;7;0;0;2;1;1;A01
201400030326;0;7;0;0;2;4;1;B01
201400030327;0;2;0;8;0;3;0;A01
201400030328;0;7;0;0;2;3;15;A01
201400030328;0;32;0;0;2;8;1;B01
201400030329;0;30;0;0;2;1;0;A01
201400030329;0;7;0;0;2;7;0;B01
201400030330;0;7;0;0;2;2;1;A01
201400030330;0;7;0;0;2;3;1;B01
201400030331;0;33;0;0;2;1;2;A01
201400030331;0;7;0;0;2;4;0;B01
201400030332;0;7;0;0;2;0;0;C01
201400030332;0;31;0;0;2;1;0;A01
201400030332;0;7;0;0;2;0;0;B01
201400030333;0;7;0;0;2;1;1;A01
201400030333;0;7;0;0;2;3;1;B01
201400030334;0;7;0;0;2;1;16;A01
201400030334;0;1;0;0;2;1;1;B01
201400030335;0;30;0;0;2;1;2;A01
201400030335;0;7;0;0;2;4;2;B01
201400030336;0;7;0;0;2;8;15;A01
201400030336;0;7;0;0;2;1;1;B01
201400030336;0;7;0;0;0;8;23;C01
201400030337;0;1;0;0;2;0;0;A01
201400030337;0;7;0;0;2;2;1;B01
201400030338;0;7;0;0;1;1;15;A01
201400030339;0;7;0;2;0;7;0;A01
201400030340;0;7;0;1;0;1;0;A01
201400030341;0;7;0;0;2;4;2;A01
201400030341;1;7;0;0;2;1;2;Z01
201400030342;0;7;0;0;1;1;2;A01
201400030343;0;37;1;0;2;2;1;A01
201400030343;0;7;0;0;2;3;1;B01
201400030344;0;7;0;0;1;4;4;A01
201400030345;0;7;0;0;2;1;9;B01
201400030345;0;1;0;0;2;1;5;A01
201400030346;0;33;0;0;0;0;0;A01
201400030347;0;2;0;0;2;0;1;B01
201400030347;0;7;0;0;2;3;20;A01
201400030348;0;7;0;0;2;1;0;A01
201400030348;0;7;0;0;2;4;0;B01
201400030349;0;7;0;0;2;2;15;A01
201400030349;0;7;0;0;2;1;1;B01
201400030350;0;10;0;0;2;1;1;A01
201400030350;0;7;0;0;2;4;1;C01
201400030350;0;10;0;0;2;4;1;B01
201400030351;0;7;0;0;1;3;1;A01
201400030352;0;7;0;0;2;8;0;A01
201400030352;0;10;0;0;2;2;0;B01
201400030353;0;7;0;0;2;1;2;A01
201400030353;0;7;0;0;0;4;2;B01
201400030354;0;7;0;0;2;1;1;A01
201400030354;0;7;0;0;2;4;1;B01
201400030355;0;7;0;0;2;3;1;B01
201400030355;0;7;0;0;2;1;1;A01
201400030356;0;7;0;0;2;3;0;A01
201400030356;0;1;0;0;2;0;0;B01
201400030357;0;7;0;14;0;4;23;B01
201400030357;0;10;0;14;0;1;2;A01
201400030357;0;7;0;0;0;0;23;D01
201400030357;0;7;0;14;0;4;23;C01
201400030358;0;10;0;0;2;8;1;A01
201400030358;0;7;0;0;2;1;1;B01
201400030359;0;7;0;0;2;7;1;B01
201400030359;0;7;0;0;2;2;0;A01
201400030360;0;7;0;2;0;2;21;A01
201400030360;0;7;0;0;0;0;15;B01
201400030361;0;7;0;0;1;0;1;A01
201400030362;0;7;0;0;2;1;1;A01
201400030362;0;7;0;0;2;3;0;B01
201400030363;0;7;0;0;2;1;13;A01
201400030363;0;37;10;0;2;3;1;B02
201400030364;0;1;0;0;2;4;9;B02
201400030364;0;7;0;0;2;1;1;A01
201400030365;0;7;0;0;2;2;17;A01
201400030365;0;7;0;0;2;3;15;B02
201400030366;0;33;0;0;2;1;1;B02
201400030366;0;7;0;0;2;3;1;A01
201400030367;0;33;0;0;2;9;1;B02
201400030367;0;7;0;0;2;2;15;A01
201400030368;0;10;0;0;2;2;13;A01
201400030368;0;15;0;0;2;3;1;B02
201400030369;0;7;0;0;1;2;1;A01
201400030370;0;7;0;1;1;1;15;A01
201400030371;0;7;0;0;2;1;5;A01
201400030371;0;7;0;0;2;1;1;B02
201400030372;0;7;0;0;2;2;1;A01
201400030372;0;33;0;0;2;4;23;B02
201400030372;0;7;0;0;2;5;23;C03
201400030373;0;7;0;16;0;1;14;A01
201400030374;0;1;0;0;2;1;19;B02
201400030374;0;7;0;0;2;1;1;A01
201400030375;0;7;0;0;1;1;1;A01
201400030376;0;30;0;16;0;8;21;A01
201400030377;0;33;0;0;2;3;5;B02
201400030377;0;7;0;0;2;3;21;A01
201400030378;0;7;0;0;1;2;1;A01
201400030379;0;33;0;0;2;1;1;B02
201400030379;0;7;0;0;2;3;0;A01
201400030380;0;10;0;0;0;2;15;A01
201400030380;0;1;0;0;2;2;1;B02
201400030381;0;7;0;0;2;2;1;B02
201400030381;0;7;0;0;2;3;13;A01
201400030382;0;7;0;0;2;1;13;B02
201400030382;0;7;0;0;2;1;1;A01
201400030383;0;7;0;2;0;3;1;A01
201400030384;0;7;0;2;0;9;13;A01
201400030385;0;33;0;3;0;3;17;A01
201400030386;0;99;0;6;0;7;14;A01
201400030387;0;34;0;3;0;3;17;A01
201400030388;0;2;0;0;2;1;1;B02
201400030388;0;10;0;0;2;8;15;A01
201400030389;0;7;0;0;2;3;15;A01
201400030389;0;2;0;0;2;1;1;B02
201400030390;0;7;0;0;2;6;11;B02
201400030390;0;34;0;0;2;2;3;A01
201400030391;0;7;0;0;1;2;1;A01
201400030392;0;33;0;1;0;1;1;A01
201400030393;0;33;0;0;2;1;1;B02
201400030393;0;7;0;0;2;2;19;A01
201400030394;0;7;0;6;0;1;1;A01
201400030395;0;15;0;0;2;3;1;A01
201400030395;0;7;0;0;2;1;1;B02
201400030396;0;32;0;0;2;1;0;A01
201400030396;0;7;0;0;2;5;1;B01
201400030397;0;7;0;0;2;2;15;A01
201400030397;0;33;0;0;2;1;1;B01
201400030398;0;7;0;0;2;1;1;B01
201400030398;0;7;0;0;2;1;13;A01
201400030399;0;30;0;13;2;8;1;B01
201400030399;0;21;0;0;2;7;16;A01
201400030400;0;7;0;0;2;2;15;A01
201400030400;0;2;0;0;2;1;1;B01
201400030401;0;2;0;0;2;0;2;A01
201400030401;1;7;0;0;0;0;16;Z01
201400030402;0;30;0;0;0;1;1;B01
201400030402;0;7;0;0;0;8;15;A01
201400030403;0;7;0;0;1;1;0;A01
201400030404;0;7;0;0;2;1;2;A01
201400030404;0;7;0;0;2;4;2;B01
201400030404;0;7;0;0;2;4;23;C01
201400030405;0;7;0;13;0;9;14;A01
201400030406;0;33;0;0;2;1;0;B01
201400030406;0;7;0;0;2;1;0;A01
201400030407;0;7;0;0;1;1;15;A01
201400030408;0;3;0;0;1;1;1;A01
201400030409;0;7;0;0;1;1;12;A01
201400030410;0;7;0;0;0;8;1;A01
201400030410;0;32;0;0;2;1;1;B01
201400030411;0;17;0;0;1;1;1;A01
201400030412;0;33;0;0;0;8;1;A01
201400030413;0;7;0;0;0;1;10;A01
201400030413;0;33;0;0;2;7;21;B01
201400030414;0;7;0;0;1;1;0;A01
201400030415;0;30;0;0;2;3;1;B01
201400030415;2;7;0;0;2;1;15;A01
201400030416;0;30;0;6;0;1;2;A01
201400030417;0;7;0;0;2;7;19;A01
201400030417;0;33;0;0;2;1;1;B01
201400030418;0;7;0;0;2;7;0;A01
201400030418;0;2;0;0;2;2;2;B01
201400030419;0;7;0;0;2;1;1;A01
201400030419;0;1;0;0;2;3;1;B01
201400030420;0;33;0;0;2;8;1;B01
201400030420;0;7;0;0;2;1;1;A01
201400030420;0;7;0;0;2;1;23;C01
201400030421;0;7;0;1;1;2;1;A01
201400030422;0;7;0;0;2;3;15;A01
201400030422;0;30;0;0;2;1;1;B01
201400030423;0;33;0;0;2;1;1;B01
201400030423;0;7;0;0;2;8;15;A01
201400030424;1;7;0;0;1;1;16;Z01
201400030425;0;36;0;0;2;8;1;B01
201400030425;0;7;0;0;2;3;15;A01
201400030426;0;7;0;0;1;2;1;A01
201400030427;0;7;0;0;1;1;0;A01
201400030428;1;10;0;0;1;3;15;A01
201400030429;0;7;0;0;1;1;0;A01
201400030430;0;33;0;0;0;0;0;A01
201400030431;0;17;0;0;2;8;5;A01
201400030431;0;33;0;0;2;1;5;B01
201400030432;0;7;0;0;1;2;1;A01
201400030433;0;7;0;0;1;2;1;A01
201400030434;0;30;0;0;2;1;17;A01
201400030434;0;7;0;0;2;3;15;B01
201400030435;0;7;0;0;2;1;2;A01
201400030435;0;14;0;0;2;6;1;B01
201400030436;0;7;0;3;0;2;2;A01
201400030437;0;7;0;0;1;1;0;A01
201400030438;0;2;0;0;2;1;1;B01
201400030438;0;7;0;0;2;2;1;A01
201400030439;2;7;0;0;2;1;1;A01
201400030440;0;33;0;0;2;1;17;A01
201400030440;0;7;0;0;9;8;17;B01
201400030441;0;7;0;0;2;1;1;B01
201400030441;1;7;0;8;2;1;0;A01
201400030442;0;7;0;0;1;1;1;A01
201400030443;0;38;0;0;1;2;0;A01
201400030444;0;7;0;0;1;2;0;A01
201400030445;0;7;0;0;1;1;1;A01
201400030446;1;7;0;0;1;1;1;A01
201400030447;0;7;0;0;2;1;15;A01
201400030447;0;2;0;0;2;1;1;B01
201400030448;0;7;0;0;1;2;1;A01
201400030449;0;15;0;0;0;8;10;A01
201400030449;0;7;0;0;2;1;21;B01
201400030450;0;7;0;9;0;1;2;A01
201400030451;0;7;0;0;2;3;17;A01
201400030451;0;7;0;0;2;3;2;B01
201400030452;0;7;0;0;2;3;9;A01
201400030452;0;1;0;0;2;7;1;B01
201400030453;0;7;0;0;1;3;0;A01
201400030454;0;2;0;0;2;1;2;B01
201400030454;0;7;0;0;2;3;10;A01
201400030455;0;33;0;0;0;1;1;B01
201400030455;0;7;0;0;0;3;15;A01
201400030456;0;2;0;14;0;0;1;A01
201400030457;0;1;0;0;2;7;1;B01
201400030457;0;7;0;0;2;1;9;A01
201400030458;0;1;0;0;2;4;15;A01
201400030458;0;7;0;0;2;2;1;B01
201400030459;0;7;0;8;0;1;0;A01
201400030460;0;7;0;0;2;2;11;A01
201400030460;0;30;0;0;2;1;2;B01
201400030461;0;30;0;11;0;0;0;A01
201400030462;0;7;0;0;2;2;0;A01
201400030462;0;7;0;0;2;8;0;B01
201400030463;0;7;0;6;0;1;0;A01
201400030464;0;2;0;0;2;1;16;B01
201400030464;0;7;0;0;2;8;9;A01
201400030465;0;7;0;1;1;1;1;A01
201400030466;0;7;0;0;2;1;5;A01
201400030466;0;7;0;0;2;3;1;B01
201400030467;0;7;0;0;2;3;15;B01
201400030467;2;7;0;0;2;1;1;A01
201400030468;0;37;5;0;2;3;1;B01
201400030468;0;7;0;0;2;1;16;A01
201400030469;0;2;0;0;2;1;0;B01
201400030469;0;7;0;0;2;3;9;A01
201400030470;0;7;0;0;2;1;15;A01
201400030470;0;33;0;0;0;8;1;B01
201400030471;0;7;0;0;2;1;1;A01
201400030471;0;1;0;0;0;4;1;B01
201400030472;0;7;0;0;0;3;10;A01
201400030472;0;32;0;0;2;1;1;B01
201400030473;0;33;0;0;2;1;1;A01
201400030473;0;7;0;0;2;8;6;B01
201400030474;0;7;0;2;0;9;1;A01
201400030474;0;7;0;0;0;0;1;B01
201400030474;0;7;0;0;0;0;15;C01
201400030475;0;2;0;0;2;9;17;A01
201400030475;0;7;0;0;2;6;17;B01
201400030476;0;7;0;11;0;1;1;A01
201400030477;0;7;0;0;2;2;1;A01
201400030477;0;1;0;0;2;8;15;B01
201400030478;0;2;0;0;2;1;1;A01
201400030478;0;7;0;0;0;3;16;B01
201400030479;0;7;0;0;2;1;1;A01
201400030479;0;1;0;0;2;4;1;B01
201400030480;0;2;0;0;2;7;1;A01
201400030480;0;7;0;0;2;2;15;B01
201400030481;0;7;0;0;2;1;0;A01
201400030481;0;7;0;0;2;3;1;B01
201400030482;1;7;0;0;2;0;0;A01
201400030482;0;30;0;0;2;9;1;B01
201400030483;0;30;0;0;2;1;5;A01
201400030483;0;7;0;0;2;8;1;B01
201400030484;0;7;0;0;1;4;4;A01
201400030485;0;7;0;0;2;1;1;A01
201400030485;0;1;0;0;2;3;19;B01
201400030486;0;7;0;0;2;1;17;A01
201400030486;0;7;0;0;2;1;1;B01
201400030486;0;7;0;0;2;6;1;C01
201400030487;0;7;0;1;0;7;1;A01
201400030488;0;7;0;0;2;1;16;B01
201400030488;0;10;0;0;2;7;1;A01
201400030489;0;7;0;0;2;1;1;A01
201400030489;0;33;0;0;0;4;23;B01
201400030490;0;3;0;0;0;3;20;A01
201400030490;0;33;0;0;2;1;1;B01
201400030491;2;7;0;0;2;1;0;A01
201400030491;0;7;0;0;0;3;15;B01
201400030492;0;7;0;0;1;1;15;A01