num_acc;senc;catv;occutc;obs;obsm;choc;manv;num_veh
201400030493;0;7;0;0;1;3;1;A01
201400030494;0;7;0;0;2;1;1;B01
201400030494;0;7;0;0;2;8;1;A01
201400030495;0;7;0;0;1;1;1;A01
201400030496;0;7;0;0;1;7;14;A01
201400030497;0;7;0;0;0;1;1;B01
201400030497;1;7;0;0;2;2;19;Z01
201400030498;0;7;0;14;0;4;23;F02
201400030498;0;7;0;0;0;4;23;G02
201400030498;0;7;0;14;0;4;23;D01
201400030498;0;7;0;14;0;4;23;E01
201400030498;0;7;0;14;0;4;23;B01
201400030498;0;38;12;14;0;1;2;A01
201400030498;0;7;0;14;0;4;23;C01
201400030499;0;2;0;0;2;1;13;A01
201400030499;0;7;0;0;2;3;1;B01
201400030500;0;37;2;0;2;1;1;B01
201400030500;0;7;0;0;2;7;13;A01
201400030501;0;7;0;0;2;1;1;B01
201400030501;0;7;0;0;2;1;13;A01
201400030502;0;30;0;0;2;1;0;B01
201400030502;0;7;0;0;0;4;0;A01
201400030503;0;7;0;0;2;8;9;A01
201400030503;0;1;0;0;2;1;21;B01
201400030504;0;7;0;0;2;1;2;A01
201400030504;0;7;0;0;0;4;23;B01
201400030505;0;33;0;0;2;1;1;B01
201400030505;0;2;0;0;2;1;5;A01
201400030506;0;1;0;0;2;1;15;B01
201400030506;0;7;0;0;2;3;9;A01
201400030507;0;7;0;0;1;1;16;A01
201400030508;0;33;0;13;0;1;0;A01
201400030509;1;7;0;0;1;4;4;Z01
201400030510;0;7;0;0;4;1;1;A01
201400030510;0;39;0;0;4;1;1;B01
201400030510;0;7;0;0;9;3;1;C01
201400030511;0;33;0;0;2;1;16;A01
201400030511;0;1;0;0;2;8;23;B01
201400030512;0;7;0;0;2;1;15;A01
201400030512;0;2;0;0;2;3;1;B01
201400030513;0;7;0;0;2;1;15;A01
201400030513;0;1;0;0;2;2;1;B01
201400030514;0;7;0;0;2;2;1;B01
201400030514;0;7;0;0;2;1;1;A01
201400030515;0;7;0;0;2;3;19;A01
201400030515;0;7;0;8;2;2;1;B01
201400030516;0;1;0;0;2;7;0;B01
201400030516;1;7;0;0;2;1;9;A01
201400030517;0;7;0;0;1;4;20;A01
201400030518;0;10;0;0;1;1;1;A01
201400030519;0;7;0;0;2;1;15;A01
201400030519;0;30;0;1;2;3;1;B01
201400030520;1;7;0;0;1;2;0;Z01
201400030521;1;7;0;0;2;1;1;Z01
201400030521;0;30;0;0;2;2;15;B01
201400030522;0;33;0;0;0;0;14;A01
201400030523;0;7;0;0;2;1;13;A01
201400030523;0;7;0;0;2;1;1;B01
201400030523;0;7;0;0;2;1;1;C01
201400030524;0;7;0;6;0;3;14;A01
201400030525;0;30;0;0;2;1;1;A01
201400030525;0;7;0;0;0;4;15;B01
201400030526;0;7;0;0;2;2;13;A01
201400030526;0;38;2;0;2;1;1;B01
201400030527;0;7;0;13;0;0;13;A01
201400030528;0;30;0;0;0;4;0;B01
201400030528;1;7;0;0;0;;;Z01
201400030529;0;7;0;0;1;2;1;A01
201400030530;0;7;0;0;1;1;0;A01
201400030531;0;7;0;0;1;1;1;A01
201400030532;0;2;0;0;2;1;0;B01
201400030532;0;7;0;0;2;3;9;A01
201400030533;0;7;0;0;2;3;9;A01
201400030533;0;1;0;0;2;5;1;B01
201400030534;0;37;1;0;1;5;1;A01
201400030535;0;1;0;0;2;6;15;A01
201400030535;0;1;0;0;2;1;1;B01
201400030536;0;7;0;0;2;2;1;B01
201400030536;0;30;0;0;2;1;13;A01
201400030537;0;7;0;0;2;2;1;B01
201400030537;0;7;0;11;2;1;13;A01
201400030538;0;7;0;0;1;2;1;A01
201400030539;0;7;0;0;1;4;4;A01
201400030540;0;7;0;1;0;1;13;A01
201400030541;0;7;0;0;2;1;1;B01
201400030541;0;30;0;0;2;1;19;A01
201400030542;0;7;0;7;0;2;14;A01
201400030543;0;7;0;0;1;1;0;A01
201400030544;0;1;0;0;1;1;1;A01
201400030545;0;7;0;0;2;3;15;A01
201400030545;0;33;0;0;2;1;1;B01
201400030545;0;7;0;0;0;3;23;C01
201400030546;0;7;0;0;1;1;15;A01
201400030547;0;10;0;0;2;3;13;A01
201400030547;0;13;0;3;2;8;1;B01
201400030548;0;7;0;0;2;1;13;A01
201400030548;0;7;0;0;2;3;1;B01
201400030549;0;30;0;0;1;1;1;A01
201400030550;0;7;0;0;2;1;1;A01
201400030550;0;7;0;0;2;3;1;B01
201400030551;0;7;0;0;1;2;1;A01
201400030552;0;7;0;0;2;6;1;A01
201400030552;0;7;0;0;0;6;1;B01
201400030553;0;7;0;0;2;1;1;B01
201400030553;0;7;0;0;2;8;16;A01
201400030554;0;2;0;0;2;1;1;B01
201400030554;0;7;0;0;2;3;11;A01
201400030555;0;30;0;0;1;0;0;A01
201400030556;0;30;0;0;2;0;1;B01
201400030556;1;7;0;0;2;0;16;Z01
201400030557;0;7;0;8;0;7;6;A01
201400030558;0;7;0;0;0;6;23;B01
201400030558;0;7;0;0;0;3;1;A01
201400030558;0;33;0;0;0;8;23;C01
201400030559;1;7;0;0;1;2;1;A01
201400030560;0;30;0;0;2;1;1;A01
201400030560;0;7;0;0;2;3;1;B01
201400030561;0;14;0;0;1;4;4;A01
201400030562;0;37;20;0;1;0;0;A01
201400030563;0;2;0;0;2;1;1;A01
201400030563;0;7;0;10;2;7;1;B01
201400030564;0;7;0;0;1;2;16;A01
201400030565;0;1;0;0;2;8;1;B01
201400030565;0;7;0;0;2;1;1;A01
201400030566;0;1;0;0;2;1;1;B01
201400030566;1;7;0;0;2;3;16;Z01
201400030567;0;7;0;0;1;4;4;A01
201400030568;0;7;0;3;0;1;1;A01
201400030569;1;7;0;0;1;4;20;Z01
201400030570;0;7;0;0;1;1;1;A01
201400030571;0;7;0;12;0;1;1;A01
201400030572;0;7;0;0;2;3;1;B01
201400030572;0;30;0;0;2;1;1;A01
201400030573;0;7;0;0;0;1;1;A01
201400030574;1;7;0;0;1;0;0;Z01
201400030575;0;7;0;1;0;1;1;A01
201400030575;0;7;0;0;0;4;23;B01
201400030576;0;10;0;0;2;1;1;B01
201400030576;0;7;0;9;2;0;6;A01
201400030577;0;7;0;0;0;2;1;A01
201400030577;0;30;0;0;2;1;23;B01
201400030578;0;7;0;0;2;1;1;B01
201400030578;0;7;0;0;2;1;1;A01
201400030579;0;7;0;0;1;0;0;Z01
201400030580;0;7;0;0;0;4;23;B01
201400030580;0;7;0;1;0;1;2;Z01
201400030581;0;32;0;0;2;1;1;B01
201400030581;0;7;0;0;2;3;15;A01
201400030582;0;7;0;0;2;1;1;B01
201400030582;0;7;0;0;2;3;15;A01
201400030583;0;7;0;0;2;1;15;A01
201400030583;0;33;0;0;2;1;1;B01
201400030584;1;7;0;0;1;1;1;Z01
201400030585;0;38;51;3;0;1;1;A01
201400030586;0;31;0;0;2;1;16;A01
201400030586;0;7;0;0;2;7;1;B01
201400030587;0;1;0;0;2;7;1;B01
201400030587;1;7;0;0;2;1;1;Z01
201400030588;0;7;0;0;1;4;4;A01
201400030589;0;7;0;0;1;2;1;A01
201400030590;0;7;0;2;0;1;1;A01
201400030591;0;7;0;0;2;2;15;A01
201400030591;0;31;0;0;2;1;1;B01
201400030592;0;33;0;11;0;1;16;A01
201400030593;0;7;0;5;0;1;1;A01
201400030594;0;30;0;0;2;8;1;B01
201400030594;0;7;0;0;2;3;1;A01
201400030595;0;7;0;16;0;1;1;A01
201400030596;0;7;0;14;0;1;1;A01
201400030596;0;7;0;0;0;4;23;B01
201400030597;0;7;0;0;2;3;15;A01
201400030597;0;2;0;0;2;1;15;B01
201400030598;0;7;0;0;2;8;15;B01
201400030598;0;7;0;0;2;1;1;A01
201400030599;0;7;0;0;1;6;4;A01
201400030600;0;31;0;0;2;1;1;B01
201400030600;0;7;0;0;2;3;20;A01
201400030601;0;31;0;0;2;1;1;A01
201400030601;0;7;0;0;2;8;10;B01
201400030602;0;31;0;0;2;5;17;B01
201400030602;1;7;0;0;2;8;13;Z01
201400030603;0;1;0;0;2;7;1;B01
201400030603;0;7;0;0;2;3;16;A01
201400030604;1;7;0;0;2;1;1;Z01
201400030604;0;31;0;0;2;8;1;B01
201400030605;0;7;0;0;2;7;1;A01
201400030605;0;7;0;0;2;1;1;B01
201400030606;0;7;0;0;2;7;1;A01
201400030606;0;7;0;0;2;1;1;B01
201400030607;0;7;0;0;1;1;1;A01
201400030608;0;99;0;0;2;1;17;A01
201400030608;0;7;0;0;2;6;15;B01
201400030609;0;7;0;0;1;1;1;B01
201400030610;0;7;0;0;2;1;1;B01
201400030610;0;7;0;0;2;7;1;A01
201400030611;0;7;0;0;1;1;1;A01
201400030612;0;7;0;0;2;3;16;A01
201400030612;0;1;0;0;2;1;1;B01
201400030613;0;7;0;3;0;3;16;A01
201400030614;0;7;0;0;1;1;16;A01
201400030615;0;2;0;0;2;1;1;B01
201400030615;0;7;0;0;2;7;1;A01
201400030616;0;2;0;0;1;1;1;A01
201400030617;0;30;0;0;2;1;1;B01
201400030617;1;7;0;0;2;2;15;Z01
201400030618;0;7;0;0;0;4;23;B01
201400030618;0;7;0;1;0;1;1;A01
201400030619;0;7;0;1;0;1;1;A01
201400030619;0;7;0;0;2;4;23;B01
201400030620;0;7;0;0;2;1;1;B01
201400030620;0;7;0;0;2;1;1;C01
201400030620;1;7;0;0;2;1;15;Z01
201400030621;0;7;0;0;1;0;1;A01
201400030622;0;7;0;13;0;3;13;A01
201400030623;0;7;0;0;1;1;0;A01
201400030624;0;7;0;0;2;6;21;C01
201400030624;0;21;0;0;2;6;0;B01
201400030624;0;7;0;0;2;3;13;A01
201400030625;0;7;0;0;2;2;15;A01
201400030625;0;33;0;0;2;1;1;B01
201400030625;0;7;0;0;0;0;1;C01
201400030626;0;10;0;0;0;3;0;B01
201400030626;0;1;0;0;0;1;15;A01
201400030627;0;2;0;0;2;7;1;B01
201400030627;0;7;0;0;2;7;15;A01
201400030628;0;7;0;15;0;1;1;A01
201400030629;0;7;0;0;2;3;4;A01
201400030629;0;2;0;0;2;7;17;B01
201400030630;0;7;0;2;0;1;1;A01
201400030631;0;7;0;13;2;7;17;A01
201400030631;0;7;0;0;2;8;0;B01
201400030632;0;7;0;0;1;8;15;A01
201400030633;0;7;0;0;2;5;1;A01
201400030633;1;7;0;0;2;2;1;Z01
201400030634;0;30;0;0;2;1;1;B01
201400030634;0;7;0;0;2;3;1;A01
201400030635;0;7;0;6;0;1;0;A01
201400030636;0;10;0;0;0;7;0;A01
201400030636;0;1;0;0;0;1;0;B01
201400030637;0;7;0;0;1;1;1;A01
201400030638;0;7;0;0;1;2;1;A01
201400030639;0;37;1;0;1;2;1;A01
201400030640;0;7;0;0;0;8;0;B01
201400030640;1;7;0;0;2;1;0;Z01
201400030641;0;7;0;0;1;2;1;A01
201400030642;0;7;0;0;2;1;0;A01
201400030642;0;30;0;0;2;0;0;B01
201400030643;0;7;0;0;1;1;16;A01
201400030643;0;7;0;0;1;1;14;B01
201400030644;1;7;0;0;1;1;0;Z01
201400030645;0;7;0;0;2;2;15;A01
201400030645;0;7;0;0;2;1;1;B01
201400030646;0;7;0;0;2;2;1;A01
201400030646;0;7;0;8;2;2;1;B01
201400030647;1;7;0;0;2;1;1;Z01
201400030647;0;7;0;14;2;8;15;B01
201400030648;0;2;0;0;2;1;0;B01
201400030648;1;7;0;0;9;8;0;Z01
201400030649;0;2;0;0;2;1;15;A01
201400030649;0;7;0;0;2;3;1;B01
201400030650;0;7;0;0;1;1;1;A01
201400030651;0;7;0;0;1;3;15;A01
201400030652;0;10;0;0;1;4;4;A01
201400030653;0;7;0;0;1;1;15;A01
201400030654;0;7;0;0;1;2;16;A01
201400030655;0;7;0;0;2;8;10;A01
201400030655;0;7;0;0;2;1;1;B01
201400030656;0;7;0;0;2;2;15;A01
201400030656;0;33;0;0;2;8;1;B01
201400030657;0;7;0;0;1;7;21;A01
201400030658;0;2;0;0;1;1;0;A01
201400030659;0;7;0;0;1;1;15;A01
201400030660;0;10;0;0;1;1;15;A01
201400030661;0;7;0;5;2;8;0;B01
201400030661;0;7;0;0;2;1;1;A01
201400030662;0;7;0;0;1;1;1;A01
201400030663;0;7;0;0;2;2;0;A01
201400030663;0;7;0;0;2;1;1;B01
201400030664;0;7;0;0;1;1;15;A01
201400030665;0;7;0;0;2;7;20;A01
201400030665;0;32;0;0;2;1;1;B01
201400030666;0;7;0;0;0;0;0;A01
201400030666;1;99;0;0;2;2;0;Z01
201400030667;0;2;0;0;2;1;1;A01
201400030667;0;7;0;0;2;3;1;B01
201400030668;0;7;0;0;1;3;1;A01
201400030669;0;7;0;13;0;9;0;A01
201400030670;0;10;0;0;1;1;1;A01
201400030671;0;7;0;0;2;1;0;A01
201400030671;0;7;0;0;2;4;0;B01
201400030672;0;7;0;0;2;0;0;A01
201400030672;0;7;0;0;2;0;0;B01
201400030673;0;7;0;0;0;7;1;B01
201400030673;0;7;0;0;2;1;15;A01
201400030674;0;7;0;0;1;1;21;A01
201400030675;0;7;0;0;1;1;16;A01
201400030676;0;30;0;0;2;1;1;A01
201400030676;0;7;0;0;2;3;15;B01
201400030677;0;7;0;0;2;1;15;A01
201400030677;0;7;0;0;2;7;1;B01
201400030678;0;7;0;0;1;1;1;A01
201400030679;0;7;0;0;1;1;15;A01
201400030680;0;7;0;0;1;1;0;A01
201400030681;0;7;0;0;1;2;15;A01
201400030682;0;7;0;0;2;6;9;A01
201400030682;0;34;0;0;2;1;17;B01
201400030682;0;7;0;0;2;0;0;C01
201400030682;0;7;0;0;2;0;0;D01
201400030683;0;7;0;0;2;3;15;A01
201400030683;0;7;0;0;2;1;1;B01
201400030684;1;30;0;0;2;8;5;Z01
201400030684;0;7;0;0;2;1;1;B01
201400030685;0;7;0;0;2;0;15;A01
201400030685;0;2;0;0;2;1;1;B01
201400030686;1;7;0;0;1;0;0;Z01
201400030687;0;7;0;0;1;2;0;A01
201400030688;0;7;0;1;0;9;16;A01
201400030689;0;7;0;0;9;7;15;B01
201400030689;0;33;0;0;2;1;1;A01
201400030690;0;3;0;0;2;0;0;A01
201400030690;0;15;0;0;2;0;0;B01
201400030690;0;7;0;0;2;0;0;C01
201400030691;0;7;0;0;2;5;0;B01
201400030691;2;7;0;0;2;8;0;Z01
201400030692;0;7;0;0;9;1;0;C01
201400030692;0;33;0;0;2;9;0;A01
201400030692;0;7;0;0;9;4;0;B01
201400030693;0;7;0;0;9;4;0;B01
201400030693;0;2;0;1;0;1;0;A01
201400030694;0;7;0;13;0;9;19;A01
201400030695;0;2;0;12;0;3;7;A01
201400030696;0;7;0;8;0;1;0;A01
201400030697;0;32;0;8;0;0;5;A01
201400030697;0;7;0;0;2;1;13;B01
201400030698;0;7;0;0;2;2;15;B01
201400030698;0;30;0;0;2;1;1;A01
201400030699;0;30;0;0;2;1;0;A01
201400030699;0;7;0;0;2;4;0;B01
201400030700;0;7;0;0;1;1;15;A01
201400030701;1;7;0;0;2;1;0;Z01
201400030701;0;7;0;0;2;0;0;B01
201400030702;0;15;0;0;9;7;0;B01
201400030702;0;2;0;0;2;1;0;A01
201400030703;1;99;0;0;2;2;0;Z01
201400030703;1;7;0;0;2;5;1;A01
201400030704;0;7;0;0;9;1;0;B01
201400030704;0;1;0;0;2;1;0;A01
201400030705;0;7;0;0;2;1;1;A01
201400030705;0;7;0;1;2;7;1;B01
201400030706;0;7;0;0;1;1;0;A01
201400030707;0;7;0;0;9;1;0;A01
201400030707;0;1;0;0;2;0;9;B01
201400030708;2;7;0;0;2;0;0;A01
201400030708;0;7;0;0;2;0;0;B01
201400030709;0;7;0;0;1;1;1;A01
201400030710;2;7;0;1;0;1;1;Z01
201400030710;0;7;0;0;2;5;23;B01
201400030711;0;7;0;0;2;2;22;A01
201400030711;0;1;0;1;0;1;1;B01
201400030712;0;7;0;0;2;1;1;B01
201400030712;0;10;0;0;2;1;13;A01
201400030713;0;7;0;0;0;0;0;A01
201400030714;0;7;0;0;0;0;12;A01
201400030714;0;14;0;0;0;6;0;C01
201400030714;0;7;0;0;0;1;7;B01
201400030715;0;33;0;0;2;8;1;B01
201400030715;0;10;0;0;2;3;15;A01
201400030716;1;7;0;0;2;1;1;Z01
201400030716;0;7;0;0;2;3;1;B01
201400030717;0;7;0;0;1;2;1;A01
201400030718;0;10;0;0;1;6;0;A01
201400030719;0;33;0;0;2;1;5;A01
201400030719;0;14;0;0;2;2;15;B01
201400030720;0;2;0;0;2;0;0;B01
201400030720;0;7;0;0;2;1;15;A01
201400030721;1;7;0;0;1;1;1;Z01
201400030722;0;7;0;0;1;1;1;A01
201400030723;0;7;0;7;0;1;0;A01
201400030724;1;7;0;0;2;1;1;Z01
201400030724;0;1;0;0;2;4;1;B01
201400030725;0;7;0;0;2;2;15;A01
201400030725;2;7;0;0;2;3;1;B01
201400030726;0;1;0;0;2;3;15;B01
201400030726;0;7;0;0;2;1;1;A01
201400030727;0;7;0;1;0;0;0;A01
201400030728;0;7;0;0;2;8;1;B01
201400030728;0;10;0;0;2;1;1;A01
201400030729;0;35;0;0;2;1;1;A01
201400030729;0;7;0;0;2;7;1;B01
201400030730;0;30;0;0;2;1;1;B01
201400030730;0;7;0;0;9;2;15;A01
201400030731;0;10;0;0;2;1;0;A01
201400030731;0;7;0;0;2;1;0;B01
201400030732;0;7;0;0;1;2;1;A01
201400030733;0;7;0;0;2;1;0;C01
201400030733;2;7;0;0;2;1;0;A01
201400030733;0;7;0;0;2;7;0;B01
201400030734;0;2;0;0;2;1;0;A01
201400030734;0;7;0;0;9;6;20;B01
201400030735;0;7;0;0;2;4;0;B01
201400030735;0;7;0;0;2;1;1;A01
201400030735;0;7;0;0;2;4;0;C01
201400030736;0;7;0;0;2;1;15;A01
201400030736;0;7;0;0;2;1;1;B01
201400030737;0;7;0;0;1;1;0;A01
201400030738;0;30;0;0;2;1;1;B01
201400030738;0;7;0;0;2;7;15;A01
201400030739;1;7;0;0;1;1;7;Z01
201400030740;0;1;0;0;2;0;1;B01
201400030740;0;37;1;0;2;0;2;A01
201400030741;0;7;0;0;2;3;13;A01
201400030741;0;7;0;0;2;3;1;B01
201400030742;1;7;0;0;1;0;0;A01
201400030743;0;1;0;0;2;1;0;B01
201400030743;0;7;0;0;2;1;0;A01
201400030744;0;10;0;0;1;1;0;A01
201400030745;0;7;0;0;1;3;0;A01
201400030746;0;7;0;0;1;3;4;A01
201400030747;0;7;0;0;1;3;13;A01
201400030747;0;7;0;15;2;6;1;B01
201400030748;1;7;0;0;1;4;4;Z01
201400030749;0;21;0;0;2;2;14;A01
201400030749;0;33;0;0;2;6;21;B01
201400030750;1;7;0;0;2;1;0;Z01
201400030750;0;2;0;0;2;4;1;B01
201400030751;0;37;0;0;1;2;7;A01
201400030752;1;7;0;0;1;1;0;Z01
201400030753;0;7;0;0;2;8;1;A01
201400030753;0;7;0;0;2;7;1;B01
201400030754;1;10;0;0;2;0;10;A01
201400030754;0;33;0;0;2;0;0;B01
201400030755;0;33;0;0;2;1;1;B01
201400030755;0;7;0;0;9;8;0;A01
201400030756;2;7;0;0;2;1;19;Z01
201400030756;0;7;0;0;2;7;1;B01
201400030757;0;30;0;0;2;1;1;B01
201400030757;2;7;0;0;9;1;1;Z01
201400030758;0;7;0;1;0;1;0;A01
201400030759;0;33;0;0;9;7;1;B01
201400030759;0;37;1;0;9;3;15;A01
201400030760;0;3;0;0;1;1;1;A01
201400030761;1;7;0;0;1;1;0;Z01
201400030762;1;30;0;0;0;0;0;A01
201400030763;0;7;0;14;2;2;16;B01
201400030763;0;7;0;15;2;1;1;A01
201400030764;0;7;0;0;2;7;1;B01
201400030764;0;7;0;0;2;1;2;A01
201400030765;0;7;0;0;2;1;1;B01
201400030765;0;7;0;0;2;2;15;A01
201400030766;0;7;0;0;2;0;0;A01
201400030766;0;7;0;0;2;0;0;B01
201400030767;0;7;0;0;1;0;4;A01
201400030768;0;7;0;0;2;1;0;A01
201400030768;0;1;0;0;2;1;1;B01
201400030769;0;7;0;0;1;1;0;A01
201400030770;0;7;0;1;0;7;1;A01
201400030771;0;7;0;4;0;9;0;A01
201400030772;1;7;0;0;1;1;0;Z01
201400030773;0;7;0;0;1;1;1;A01
201400030774;0;7;0;0;1;0;0;A01
201400030775;1;7;0;0;1;0;0;Z01
201400030776;0;33;0;0;2;3;1;B01
201400030776;0;7;0;0;2;2;10;A01
201400030777;0;7;0;0;2;1;1;A01
201400030777;0;7;0;0;2;3;1;B01
201400030778;0;7;0;0;1;2;1;A01
201400030779;0;7;0;0;2;8;15;B01
201400030779;0;30;0;0;2;1;17;A01
201400030780;2;7;0;7;0;9;2;A01
201400030781;0;30;0;0;2;1;1;A01
201400030781;0;7;0;0;9;8;15;B01
201400030782;0;7;0;0;0;4;2;B01
201400030782;0;15;0;0;2;1;2;A01
201400030783;1;7;0;0;1;5;1;Z01
201400030784;0;7;0;0;2;3;1;B01
201400030784;0;7;0;0;2;3;16;C01
201400030784;0;7;0;0;2;2;1;A01
201400030785;0;34;0;0;0;0;0;B01
201400030785;0;7;0;0;9;0;0;A01
201400030786;0;7;0;0;2;0;15;A01
201400030786;0;33;0;0;2;1;1;B01
201400030787;0;7;0;0;1;1;0;A01
201400030788;0;7;0;0;2;2;9;A01
201400030788;0;1;0;0;2;4;0;B01
201400030789;0;7;0;0;1;3;15;A01
201400030790;0;7;0;0;2;7;23;C01
201400030790;0;7;0;0;2;1;0;B01
201400030790;0;7;0;0;2;6;0;A01
201400030791;0;7;0;0;2;7;1;B01
201400030791;0;7;0;0;2;1;1;A01
201400030792;0;7;0;0;1;0;0;A01
201400030793;0;33;0;0;2;1;7;A01
201400030793;0;1;0;0;2;4;1;C01
201400030793;0;10;0;0;2;2;16;B01
201400030794;0;7;0;8;0;1;0;A01
201400030795;0;7;0;0;2;8;0;B01
201400030795;0;7;0;0;2;1;15;A01
201400030796;0;37;0;0;1;0;1;A01
201400030797;0;7;0;0;2;0;0;A01
201400030797;0;33;0;0;2;0;0;B01
201400030798;0;7;0;9;2;1;1;B01
201400030798;2;7;0;0;2;8;1;A01
201400030799;1;99;0;0;1;4;4;Z01
201400030800;0;7;0;0;2;2;1;A01
201400030800;0;7;0;0;2;3;15;B01
201400030801;0;16;0;0;2;5;16;A01
201400030801;0;1;0;0;2;1;0;B01
201400030802;0;37;1;0;1;5;1;A01
201400030803;0;7;0;0;2;7;1;A01
201400030803;0;7;0;0;2;1;1;B01
201400030804;0;33;0;0;2;0;0;B01
201400030804;0;7;0;0;2;0;0;A01
201400030805;0;7;0;3;0;1;0;A01
201400030806;0;7;0;2;0;1;0;A01
201400030807;0;10;0;0;2;0;0;A01
201400030807;0;7;0;0;2;0;0;D01
201400030807;0;7;0;0;2;1;0;B01
201400030807;0;7;0;0;2;0;0;C01
201400030808;0;30;0;0;2;7;10;A01
201400030808;0;7;0;0;2;1;1;B01
201400030809;0;7;0;0;2;8;15;B01
201400030809;0;7;0;0;2;1;19;A01
201400030810;0;7;0;0;2;7;15;A01
201400030810;0;33;0;0;2;0;1;B01
201400030811;0;7;0;0;2;0;1;B01
201400030811;2;7;0;0;2;2;1;A01
201400030811;0;7;0;0;2;0;0;C01
201400030812;0;7;0;0;2;4;0;B01
201400030812;2;7;0;0;2;1;0;A01
201400030813;0;7;0;0;1;1;15;A01
201400030814;0;7;0;0;2;1;1;B01
201400030814;0;2;0;0;2;1;17;A01
201400030815;0;7;0;14;0;1;1;A01
201400030816;0;10;0;0;2;8;10;A01
201400030816;0;2;0;0;2;1;1;B01
201400030817;0;7;0;0;2;4;23;C01
201400030817;0;7;0;0;2;4;1;B01
201400030817;0;7;0;0;2;1;1;A01
201400030818;0;33;0;0;2;7;16;B01
201400030818;0;7;0;0;2;1;1;A01
201400030819;0;7;0;0;1;1;15;A01
201400030820;0;7;0;0;2;7;16;A01
201400030820;0;2;0;0;2;8;1;B01
201400030821;1;7;0;0;2;0;0;Z01
201400030821;0;33;0;0;2;0;1;B01
201400030822;0;7;0;0;1;1;0;A01
201400030823;0;1;0;0;2;0;1;B01
201400030823;0;7;0;0;2;7;16;A01
201400030824;0;10;0;0;2;7;1;B01
201400030824;0;30;0;0;2;1;1;A01
201400030825;0;7;0;0;9;2;1;B01
201400030825;0;1;0;0;2;8;1;A01
201400030826;0;10;0;0;1;2;1;A01
201400030827;0;7;0;0;1;3;1;A01
201400030828;0;7;0;0;2;7;20;B01
201400030828;0;30;0;0;2;8;18;A01
201400030829;0;7;0;0;2;3;15;A01
201400030829;2;33;0;0;2;1;1;Z01
201400030830;1;7;0;0;1;0;1;Z01
201400030831;1;7;0;0;1;1;1;Z01
201400030832;0;7;0;0;1;1;15;A01
201400030833;0;2;0;0;2;1;1;A01
201400030833;0;7;0;0;2;4;1;C01
201400030833;0;7;0;0;2;3;1;B01
201400030834;1;7;0;0;1;0;0;Z01
201400030835;0;1;0;0;2;1;1;B01
201400030835;0;37;2;0;2;2;1;A01
201400030836;0;31;0;0;2;8;0;B01
201400030836;0;7;0;0;2;8;20;A01
201400030837;0;7;0;0;1;1;1;A01
201400030838;0;2;0;0;2;1;1;B01
201400030838;0;7;0;0;2;3;15;A01
201400030839;2;7;0;0;2;1;0;A01
201400030839;0;7;0;0;2;1;1;C01
201400030839;0;7;0;0;2;8;1;B01
201400030840;0;7;0;0;2;1;1;C01
201400030840;0;14;0;0;2;3;1;A01
201400030840;0;7;0;0;2;7;1;B01
201400030841;1;7;0;0;2;0;1;Z01
201400030841;0;7;0;0;2;1;1;A01
201400030842;0;7;0;0;1;3;1;A01
201400030843;0;7;0;0;2;3;1;B01
201400030843;0;7;0;0;2;1;15;A01
201400030844;0;7;0;0;1;4;4;A01
201400030845;0;33;0;0;2;1;15;B01
201400030845;0;7;0;0;2;3;15;A01
201400030846;0;7;0;0;2;7;1;A01
201400030847;0;7;0;0;1;0;15;A01
201400030848;0;7;0;0;1;3;1;A01
201400030849;0;7;0;0;1;3;15;A01
201400030850;0;32;0;0;2;1;1;B01
201400030850;0;7;0;0;2;8;10;A01
201400030851;0;7;0;0;1;2;1;A01
201400030852;2;2;0;0;2;1;1;A01
201400030852;0;7;0;0;2;3;1;B01
201400030853;0;7;0;0;1;1;15;A01
201400030854;0;7;0;0;1;2;20;A01
201400030855;0;7;0;0;1;1;1;A01
201400030856;0;7;0;0;1;1;1;A01
201400030857;0;7;0;0;2;7;12;A01
201400030857;0;32;0;0;2;8;1;B01
201400030858;0;7;0;0;2;2;1;B01
201400030858;0;10;0;15;2;3;1;A01
201400030859;0;1;0;0;0;0;0;Y01
201400030859;0;7;0;0;0;0;1;A01
201400030860;0;7;0;0;1;1;1;A01
201400030861;0;37;1;0;1;2;16;A01
201400030862;0;7;0;0;1;1;1;A01
201400030863;0;34;0;0;2;1;1;B01
201400030863;0;7;0;0;2;1;15;A01
201400030864;0;7;0;4;2;8;2;A01
201400030864;0;10;0;0;2;1;2;B01
201400030865;1;99;0;0;1;0;1;Z01
201400030866;0;7;0;0;2;3;15;B01
201400030866;0;30;0;0;2;1;18;A01
201400030867;0;7;0;0;2;9;23;A01
201400030867;1;33;0;0;2;1;1;Z01
201400030867;0;7;0;0;2;4;23;B01
201400030868;1;37;1;0;1;2;1;A01
201400030869;0;7;0;0;1;1;1;A01
201400030870;0;7;0;0;2;2;1;B01
201400030870;0;7;0;1;2;1;0;A01
201400030871;1;7;0;0;1;1;16;Z01
201400030872;0;7;0;0;2;4;23;B01
201400030872;0;7;0;1;0;1;2;A01
201400030873;0;7;0;0;2;2;12;A01
201400030873;0;34;0;0;2;1;1;B01
201400030874;0;7;0;0;1;2;1;A01
201400030875;0;7;0;0;1;1;15;A01
201400030876;0;7;0;0;2;8;1;B01
201400030876;0;32;0;0;2;8;17;A01
201400030877;0;7;0;0;2;1;1;A01
201400030877;0;7;0;0;2;1;1;B01
201400030878;0;7;0;0;1;8;23;A01