num_acc;senc;catv;occutc;obs;obsm;choc;manv;num_veh
201400030878;0;7;0;0;2;1;1;B01
201400030879;0;30;0;0;2;8;15;B01
201400030879;1;7;0;0;2;1;0;Z01
201400030880;0;3;0;0;2;1;1;A01
201400030880;0;7;0;0;2;4;15;B01
201400030881;0;7;0;0;1;1;1;A01
201400030882;1;7;0;0;2;0;17;Z01
201400030882;0;1;0;0;2;6;2;B01
201400030883;0;7;0;0;1;1;0;A01
201400030884;1;7;0;0;2;7;16;Z01
201400030884;0;32;0;0;2;1;1;B01
201400030885;1;7;0;0;1;0;0;Z01
201400030886;1;7;0;0;1;0;1;Z01
201400030887;0;7;0;14;0;1;2;A01
201400030887;0;7;0;14;2;4;1;B01
201400030887;0;7;0;0;2;4;23;C01
201400030888;0;30;0;0;1;1;17;A01
201400030889;0;7;0;0;1;3;15;A01
201400030890;1;7;0;0;1;3;1;Z01
201400030891;0;1;0;0;2;1;1;B01
201400030891;0;7;0;0;9;3;1;A01
201400030892;1;7;0;0;2;3;0;Z01
201400030892;0;32;0;0;2;0;1;B01
201400030893;0;7;0;0;1;1;1;A01
201400030894;0;7;0;0;2;4;23;B01
201400030894;0;37;3;0;2;1;2;A01
201400030895;0;7;0;1;0;1;0;A01
201400030896;0;32;0;0;0;7;1;B01
201400030896;0;7;0;0;2;3;10;A01
201400030897;0;7;0;0;1;1;1;A01
201400030898;0;7;0;6;2;1;21;B01
201400030898;0;7;0;0;2;2;15;A01
201400030899;0;2;0;0;2;1;1;A01
201400030899;0;7;0;0;2;7;15;B01
201400030900;0;7;0;0;1;7;16;A01
201400030901;0;7;0;0;2;1;0;A01
201400030902;0;7;0;0;2;8;1;B01
201400030902;0;7;0;0;2;1;1;A01
201400030903;0;7;0;0;2;4;23;B01
201400030903;0;7;0;0;2;1;1;A01
201400030904;0;7;0;0;1;2;1;A01
201400030905;0;7;0;15;2;1;19;A01
201400030905;0;7;0;0;2;1;1;B01
201400030906;0;7;0;15;0;1;1;A01
201400030907;0;32;0;0;2;1;1;B01
201400030907;0;7;0;0;2;7;15;A01
201400030908;0;15;0;0;2;4;1;B01
201400030908;0;7;0;0;0;0;10;C01
201400030908;0;10;0;0;2;1;1;A01
201400030909;0;7;0;0;2;4;14;B01
201400030909;0;7;0;0;2;1;1;A01
201400030910;0;33;0;0;2;2;21;B01
201400030910;0;7;0;0;0;6;15;A01
201400030911;0;7;0;0;0;4;10;B01
201400030911;0;32;0;0;2;1;7;A01
201400030912;0;7;0;15;0;3;1;A01
201400030913;0;7;0;0;2;1;11;A01
201400030913;0;33;0;0;2;1;1;B01
201400030914;0;10;0;0;2;1;1;A01
201400030914;0;7;0;0;2;4;1;B01
201400030914;0;7;0;0;2;4;1;C01
201400030914;0;7;0;0;2;4;1;D01
201400030914;0;7;0;0;0;5;23;E01
201400030915;0;10;0;0;1;1;1;A01
201400030916;0;37;25;0;1;2;9;A01
201400030917;0;7;0;0;2;1;1;B01
201400030917;2;10;0;0;0;2;15;A01
201400030918;0;7;0;0;1;3;0;A01
201400030919;0;7;0;0;2;1;10;A01
201400030919;0;7;0;0;2;1;1;B01
201400030919;0;7;0;0;2;1;1;C01
201400030920;0;7;0;8;2;1;0;B01
201400030920;0;7;0;0;2;5;15;A01
201400030920;0;7;0;0;2;1;0;C01
201400030921;0;7;0;0;1;2;1;A01
201400030922;0;33;0;0;0;2;15;A01
201400030922;0;7;0;0;2;3;13;B01
201400030923;0;7;0;0;2;1;2;A01
201400030923;0;7;0;0;2;4;23;B01
201400030923;0;7;0;0;2;4;23;C01
201400030924;0;7;0;0;1;1;1;A01
201400030925;0;2;0;0;2;1;5;A01
201400030925;0;7;0;0;2;3;15;B01
201400030926;1;99;0;0;0;0;0;A01
201400030926;0;30;0;0;2;2;0;B01
201400030927;0;7;0;0;0;5;1;A01
201400030927;0;7;0;0;2;2;16;B01
201400030928;0;7;0;0;2;2;1;C01
201400030928;0;7;0;0;2;1;1;B01
201400030928;0;7;0;0;0;1;5;A01
201400030929;0;3;0;0;9;3;15;A01
201400030929;0;2;0;0;2;1;1;B01
201400030930;0;7;0;0;2;3;2;B01
201400030930;0;7;0;0;2;3;13;A01
201400030931;0;2;0;0;0;1;2;B01
201400030931;0;7;0;0;0;7;0;A01
201400030932;0;7;0;0;1;1;0;A01
201400030933;0;7;0;1;0;1;1;A01
201400030934;0;13;0;0;2;3;2;A01
201400030934;0;7;0;0;2;4;14;B01
201400030935;0;7;0;0;0;9;14;A01
201400030936;0;7;0;0;1;2;1;A01
201400030937;0;7;0;0;0;3;22;A01
201400030937;0;1;0;0;0;2;0;B01
201400030938;0;7;0;0;2;2;15;A01
201400030938;0;30;0;0;2;1;1;B01
201400030939;0;7;0;0;2;3;2;B01
201400030939;0;7;0;0;2;3;1;A01
201400030940;0;7;0;0;2;1;0;A01
201400030940;0;7;0;0;2;7;1;B01
201400030941;0;7;0;0;2;1;1;A01
201400030941;0;7;0;0;2;5;1;B01
201400030942;0;7;0;0;1;3;1;A01
201400030943;0;7;0;0;1;1;0;A01
201400030944;0;7;0;0;0;1;15;A01
201400030944;0;7;0;0;0;1;0;B01
201400030945;0;7;0;0;0;5;16;B01
201400030945;0;2;0;0;2;5;1;A01
201400030946;0;7;0;2;0;2;13;A01
201400030947;0;3;0;0;1;7;1;A01
201400030948;0;7;0;0;2;3;15;B01
201400030948;0;30;0;0;2;2;2;A01
201400030949;0;1;0;0;2;3;2;B01
201400030949;0;7;0;0;9;2;16;A01
201400030950;0;7;0;0;1;1;16;A01
201400030951;0;7;0;0;1;2;0;A01
201400030952;0;7;0;8;0;1;0;A01
201400030953;0;7;0;0;1;1;1;A01
201400030954;0;7;0;1;0;3;15;A01
201400030955;0;7;0;0;1;3;0;A01
201400030956;0;7;0;0;0;1;1;C01
201400030956;2;7;0;0;0;2;11;A01
201400030956;0;7;0;0;0;7;1;B01
201400030957;0;7;0;0;1;2;1;A01
201400030958;0;7;0;0;2;2;15;A01
201400030958;0;7;0;0;2;1;1;B01
201400030959;0;7;0;6;0;0;20;A01
201400030960;0;7;0;0;2;1;1;B01
201400030960;0;7;0;0;2;2;15;A01
201400030961;0;7;0;0;1;7;1;A01
201400030962;0;2;0;0;2;1;17;A01
201400030962;0;7;0;0;2;8;17;B01
201400030963;0;7;0;0;1;2;1;A01
201400030964;0;7;0;0;2;1;21;A01
201400030964;0;7;0;0;2;3;1;B01
201400030965;0;7;0;0;2;3;10;A01
201400030965;0;33;0;0;2;1;1;B01
201400030966;0;7;0;0;1;2;5;A01
201400030967;0;7;0;0;2;5;12;A01
201400030967;0;7;0;0;2;2;0;B01
201400030968;0;7;0;0;1;1;1;A01
201400030969;0;7;0;0;1;1;0;A01
201400030970;0;34;0;0;2;1;2;B01
201400030970;0;7;0;0;2;2;1;A01
201400030971;0;7;0;0;2;1;2;A01
201400030971;0;7;0;0;2;4;1;B01
201400030972;1;7;0;0;1;1;1;A01
201400030973;0;1;0;0;2;8;0;B01
201400030973;0;7;0;0;2;2;1;A01
201400030974;0;7;0;6;0;1;19;A01
201400030975;1;33;0;0;1;1;0;Z01
201400030976;0;7;0;0;2;7;15;A01
201400030976;0;2;0;0;2;1;0;B01
201400030977;0;7;0;0;2;2;1;B01
201400030977;0;7;0;0;2;1;1;A01
201400030978;0;7;0;0;2;1;2;A01
201400030978;0;7;0;0;2;2;2;B01
201400030979;0;7;0;0;1;2;1;A01
201400030980;0;2;0;1;2;1;5;A01
201400030980;0;7;0;0;0;6;23;C01
201400030980;0;7;0;0;0;3;1;B01
201400030981;0;30;0;0;1;1;1;A01
201400030982;0;3;0;1;0;1;13;A01
201400030983;0;7;0;0;2;1;0;B01
201400030983;0;7;0;0;2;7;15;A01
201400030984;0;7;0;0;1;6;4;A01
201400030985;0;10;0;0;2;7;1;A01
201400030985;0;7;0;0;2;1;1;B01
201400030986;0;7;0;0;1;3;16;A01
201400030987;0;7;0;0;0;7;22;A01
201400030987;0;31;0;0;2;1;18;B01
201400030988;0;7;0;0;1;3;2;A01
201400030989;0;7;0;14;0;4;23;B01
201400030989;0;7;0;14;0;1;1;A01
201400030989;0;10;0;0;0;4;23;C01
201400030990;0;1;0;0;2;1;5;A01
201400030990;0;7;0;0;9;1;1;B01
201400030991;0;33;0;0;2;1;17;A01
201400030991;0;7;0;0;2;3;1;B01
201400030991;0;7;0;0;2;8;1;C01
201400030992;0;36;0;0;0;4;0;B01
201400030992;0;7;0;0;2;1;2;A01
201400030993;0;7;0;0;1;1;15;A01
201400030994;0;7;0;0;1;2;0;A01
201400030995;0;7;0;0;1;1;0;A01
201400030996;0;7;0;0;0;3;1;B01
201400030996;0;7;0;0;0;2;1;A01
201400030997;0;7;0;0;1;7;15;A01
201400030998;0;1;0;0;2;3;0;B01
201400030998;0;7;0;0;0;2;2;A01
201400030999;0;7;0;0;1;1;1;A01
201400031000;0;7;0;0;1;1;11;A01
201400031001;0;7;0;0;2;1;1;A01
201400031001;0;7;0;0;2;6;0;B01
201400031002;0;7;0;0;1;3;1;A01
201400031003;0;7;0;0;1;2;1;A01
201400031004;0;7;0;0;2;1;1;B01
201400031004;0;7;0;0;2;2;15;A01
201400031005;0;7;0;0;1;5;4;A01
201400031006;0;7;0;0;2;2;23;A01
201400031006;0;1;0;0;2;1;1;B01
201400031007;0;7;0;0;2;3;23;B01
201400031007;0;7;0;0;2;3;15;A01
201400031008;0;7;0;1;0;2;0;A01
201400031009;0;7;0;0;2;2;15;A01
201400031009;0;33;0;0;2;1;1;B01
201400031010;1;7;0;0;2;2;1;Z01
201400031010;0;7;0;0;2;5;15;B01
201400031011;0;10;0;15;2;3;1;A01
201400031011;0;7;0;15;2;2;1;B01
201400031012;0;1;0;15;2;7;19;A01
201400031012;0;7;0;0;9;1;1;B01
201400031013;0;7;0;0;2;5;1;A01
201400031013;0;7;0;0;2;2;1;B01
201400031014;0;7;0;0;2;1;1;B01
201400031014;1;7;0;0;0;2;;A01
201400031015;0;33;0;0;2;1;2;A01
201400031015;0;7;0;0;2;5;2;B01
201400031016;0;7;0;0;2;4;1;B01
201400031016;0;3;0;0;2;1;2;A01
201400031017;0;7;0;0;0;4;0;B01
201400031017;0;7;0;1;0;1;0;A01
201400031018;0;7;0;8;4;3;15;A01
201400031018;0;40;0;0;2;2;1;B01
201400031019;1;7;0;0;2;0;17;Z01
201400031019;0;30;0;0;0;5;1;B01
201400031020;0;1;0;0;2;7;0;A01
201400031020;0;7;0;0;2;3;1;B01
201400031021;2;99;0;0;2;1;10;A01
201400031021;0;99;0;0;2;8;1;B01
201400031022;0;7;0;14;0;1;1;A01
201400031022;0;7;0;0;0;4;23;C01
201400031022;0;7;0;14;0;4;23;B01
201400031023;0;2;0;0;2;1;0;B01
201400031023;0;7;0;0;2;5;0;A01
201400031024;0;7;0;0;1;1;2;A01
201400031025;0;7;0;0;2;1;1;A01
201400031025;0;1;0;0;2;8;15;B01
201400031026;0;7;0;0;2;2;12;A01
201400031026;0;7;0;6;2;3;1;B01
201400031027;0;7;0;0;1;2;1;A01
201400031028;2;3;0;8;0;1;15;A01
201400031029;0;7;0;0;9;5;17;A01
201400031029;0;1;0;0;2;3;13;B01
201400031030;0;7;0;0;1;3;0;A01
201400031031;0;7;0;1;0;4;4;A01
201400031032;0;7;0;1;0;6;0;C01
201400031032;0;7;0;0;2;1;0;A01
201400031032;0;7;0;0;2;1;0;B01
201400031032;0;7;0;1;0;3;0;D01
201400031033;0;7;0;6;2;1;15;A01
201400031033;0;7;0;0;2;1;2;B01
201400031034;0;7;0;0;0;1;2;A01
201400031035;0;7;0;0;0;8;0;A01
201400031035;0;7;0;0;0;2;1;B01
201400031036;0;7;0;6;0;1;0;A01
201400031037;0;7;0;0;1;3;15;A01
201400031038;0;33;0;0;0;2;1;B01
201400031038;0;7;0;0;0;8;9;A01
201400031039;0;1;0;0;2;7;0;A01
201400031039;0;7;0;0;2;3;0;B01
201400031040;0;7;0;0;1;7;1;A01
201400031041;0;7;0;0;2;8;1;B01
201400031041;0;7;0;0;2;1;1;A01
201400031042;1;7;0;0;1;3;0;Z01
201400031043;0;7;0;0;2;8;1;B01
201400031043;0;7;0;0;2;1;19;A01
201400031044;0;7;0;0;2;1;0;A01
201400031044;0;7;0;0;2;2;0;B01
201400031045;0;7;0;0;1;3;15;A01
201400031046;0;7;0;0;2;4;4;A01
201400031046;0;30;0;0;2;1;0;B01
201400031047;0;7;0;6;0;1;2;A01
201400031048;0;2;0;0;0;1;0;A01
201400031048;0;7;0;0;0;4;1;C01
201400031049;0;1;0;0;2;1;1;A01
201400031049;0;7;0;0;2;5;15;B01
201400031050;2;33;0;0;1;1;5;A01
201400031051;0;7;0;0;1;1;1;A01
201400031052;0;10;0;0;2;6;1;A01
201400031052;0;7;0;0;2;2;1;B01
201400031053;0;7;0;1;0;1;1;A01
201400031053;0;7;0;0;0;0;0;C01
201400031053;0;7;0;0;0;9;0;B01
201400031054;1;7;0;0;1;0;0;A01
201400031055;0;7;0;0;1;1;1;A01
201400031056;0;7;0;0;1;3;15;A01
201400031057;0;7;0;0;1;2;2;A01
201400031058;0;7;0;0;1;3;1;A01
201400031059;0;7;0;0;1;1;1;A01
201400031060;0;7;0;0;2;1;0;A01
201400031060;0;7;0;2;2;6;0;B01
201400031061;0;7;0;8;0;1;0;A01
201400031062;0;7;0;14;0;1;1;A01
201400031063;0;7;0;0;2;6;0;B01
201400031063;0;7;0;0;2;3;0;A01
201400031064;1;99;0;0;2;2;2;Z01
201400031064;0;1;0;0;0;6;2;A01
201400031065;1;7;0;0;1;1;2;A01
201400031066;0;7;0;0;2;7;1;A01
201400031066;0;7;0;0;2;3;15;B01
201400031066;0;7;0;0;2;3;23;C01
201400031067;0;7;0;0;2;1;0;A01
201400031067;0;7;0;0;0;4;23;B01
201400031068;0;30;0;0;2;7;1;A01
201400031068;0;7;0;0;2;1;1;B01
201400031069;0;7;0;0;2;1;19;A01
201400031069;0;33;0;0;2;8;1;B01
201400031070;0;30;0;0;0;1;1;B01
201400031070;0;7;0;0;0;7;16;A01
201400031071;0;7;0;0;2;6;1;B01
201400031071;0;7;0;0;2;1;16;A01
201400031071;0;7;0;0;2;3;1;C01
201400031072;0;7;0;0;2;3;15;A01
201400031072;0;7;0;6;2;8;1;B01
201400031073;0;7;0;0;2;3;1;A01
201400031073;0;7;0;0;2;1;1;B01
201400031074;0;7;0;1;2;7;19;A01
201400031074;0;7;0;8;2;3;1;B01
201400031075;0;7;0;0;2;1;15;A01
201400031075;0;33;0;0;2;7;1;B01
201400031076;0;7;0;0;0;4;0;B01
201400031076;0;7;0;0;2;1;1;A01
201400031077;0;7;0;2;0;2;1;A01
201400031078;0;7;0;2;0;2;14;A01
201400031079;0;7;0;0;2;1;1;B01
201400031079;0;1;0;0;2;8;15;A01
201400031080;0;10;0;2;0;1;1;A01
201400031081;0;1;0;0;2;1;19;A01
201400031081;0;7;0;0;9;2;1;B01
201400031082;0;7;0;0;1;3;1;A01
201400031083;0;7;0;0;1;2;1;A01
201400031084;0;7;0;8;4;4;9;A01
201400031084;0;40;0;0;2;1;1;B01
201400031085;0;7;0;0;2;2;16;A01
201400031085;0;33;0;0;2;3;2;B01
201400031086;0;10;0;0;2;1;1;A01
201400031086;0;7;0;0;2;8;1;B01
201400031087;1;99;0;0;0;1;2;A01
201400031087;0;7;0;0;2;4;2;B01
201400031088;0;7;0;8;0;1;0;B01
201400031088;0;7;0;0;0;4;0;C01
201400031088;0;7;0;8;0;3;0;A01
201400031089;0;7;0;0;1;4;4;A01
201400031090;0;7;0;0;0;1;14;A01
201400031091;0;37;1;0;1;2;7;A01
201400031092;0;7;0;0;1;6;1;A01
201400031093;0;7;0;0;2;1;0;A01
201400031093;0;7;0;1;2;6;2;B01
201400031094;0;33;0;0;2;8;18;A01
201400031094;0;14;0;0;2;2;16;B01
201400031095;0;7;0;0;1;1;0;A01
201400031096;0;7;0;0;2;2;0;B01
201400031096;0;7;0;0;2;3;0;A01
201400031097;0;7;0;0;0;2;0;B01
201400031097;0;1;0;0;0;1;0;A01
201400031098;0;34;0;0;2;1;0;A01
201400031098;0;7;0;0;2;2;0;B01
201400031099;0;7;0;0;1;2;15;A01
201400031100;1;7;0;0;1;0;16;Z01
201400031101;0;7;0;0;0;7;17;A01
201400031101;0;1;0;0;0;8;15;B01
201400031102;2;7;0;0;1;0;0;A01
201400031103;0;2;0;0;2;1;1;B01
201400031103;0;7;0;0;2;2;20;A01
201400031104;0;7;0;0;2;3;2;B01
201400031104;0;30;0;0;2;1;2;A01
201400031105;0;20;0;0;1;4;0;A01
201400031106;0;7;0;0;2;1;2;D01
201400031106;0;7;0;0;2;1;2;C01
201400031106;0;37;1;0;0;4;2;B01
201400031106;0;7;0;0;2;1;2;A01
201400031107;0;7;0;0;2;1;0;B01
201400031107;0;7;0;0;2;8;9;A01
201400031108;0;7;0;0;2;2;1;C01
201400031108;0;7;0;0;2;7;1;B01
201400031108;0;7;0;0;2;1;17;A01
201400031109;0;2;0;0;2;1;2;A01
201400031109;0;7;0;0;2;5;23;B01
201400031110;0;7;0;0;2;1;9;A01
201400031110;0;7;0;0;2;8;1;B01
201400031111;0;30;0;0;2;2;1;B01
201400031111;0;10;0;0;2;8;20;A01
201400031112;0;7;0;8;9;1;13;A01
201400031113;0;7;0;0;2;2;1;A01
201400031113;0;33;0;0;2;3;1;B01
201400031114;1;33;0;0;2;0;17;Z01
201400031114;0;7;0;0;2;3;15;A01
201400031115;0;7;0;0;2;2;15;B01
201400031115;0;1;0;0;2;8;19;A01
201400031116;0;1;0;0;2;7;0;B01
201400031116;0;7;0;0;9;1;0;A01
201400031117;0;7;0;0;0;8;2;B01
201400031117;0;7;0;0;0;3;15;A01
201400031118;0;33;0;0;2;2;9;A01
201400031118;0;7;0;0;2;8;1;B01
201400031119;0;7;0;14;0;2;1;A01
201400031120;0;7;0;0;0;3;1;B01
201400031120;0;30;0;0;0;1;3;A01
201400031121;0;7;0;0;2;2;1;A01
201400031121;0;7;0;0;2;1;15;B01
201400031122;0;7;0;0;0;8;1;B01
201400031122;0;7;0;0;2;1;16;A01
201400031123;0;30;0;0;2;1;15;A01
201400031123;0;7;0;0;2;8;1;B01
201400031124;0;10;0;0;1;1;1;A01
201400031125;0;7;0;0;2;1;1;A01
201400031125;0;7;0;0;2;4;1;C01
201400031125;0;7;0;0;2;4;1;B01
201400031125;0;7;0;0;0;4;1;D01
201400031126;0;3;0;0;2;8;1;B01
201400031126;0;7;0;0;2;2;15;A01
201400031127;0;33;0;0;2;6;0;B01
201400031127;0;10;0;0;2;3;0;A01
201400031128;0;7;0;1;0;1;1;A01
201400031129;0;37;1;0;1;5;9;A01
201400031130;0;7;0;0;2;1;1;B01
201400031130;0;7;0;0;2;3;1;A01
201400031131;0;7;0;0;1;2;2;A01
201400031132;1;7;0;0;2;1;1;Z01
201400031132;0;7;0;0;2;6;1;A01
201400031133;0;7;0;0;0;8;1;B01
201400031133;0;7;0;0;0;1;1;A01
201400031134;0;7;0;0;0;1;1;B01
201400031134;0;1;0;0;0;7;0;A01
201400031135;0;3;0;0;0;3;15;A01
201400031135;0;30;0;0;0;7;17;B01
201400031136;0;7;0;1;0;2;2;A01
201400031136;0;14;0;0;0;6;0;B01
201400031137;0;7;0;0;2;3;0;A01
201400031137;0;7;0;0;2;7;0;B01
201400031138;0;10;0;0;1;2;18;A01
201400031139;0;10;0;0;2;1;17;A01
201400031139;0;10;0;0;2;3;1;B01
201400031140;0;7;0;0;1;8;2;A01
201400031141;0;7;0;0;1;2;1;A01
201400031142;0;7;0;0;1;4;4;A01
201400031143;0;14;0;0;0;1;21;A01
201400031143;0;7;0;0;0;8;15;B01
201400031144;0;7;0;1;2;4;23;C01
201400031144;0;15;0;0;2;1;2;A01
201400031144;0;15;0;1;0;4;21;B01
201400031145;0;7;0;0;0;8;1;B01
201400031145;0;7;0;0;2;1;1;A01
201400031146;0;7;0;0;1;1;15;A01
201400031147;0;7;0;0;1;0;4;A01
201400031148;0;7;0;0;2;7;1;A01
201400031148;0;7;0;0;2;1;1;B01
201400031149;0;2;0;0;2;8;1;B01
201400031149;0;7;0;0;2;3;15;A01
201400031150;0;7;0;0;0;3;1;A01
201400031150;0;7;0;0;0;8;1;B01
201400031151;0;7;0;0;2;1;1;A01
201400031151;0;7;0;0;2;2;1;B01
201400031152;0;7;0;0;2;3;1;B01
201400031152;0;7;0;0;2;2;15;A01
201400031153;0;7;0;0;1;2;1;A01
201400031154;0;2;0;0;2;8;1;B01
201400031154;0;7;0;0;2;3;15;A01
201400031155;0;7;0;0;9;3;16;A01
201400031155;0;1;0;0;2;1;1;B01
201400031156;0;7;0;0;2;2;2;B01
201400031156;0;7;0;0;2;2;15;A01
201400031157;0;13;0;0;2;3;2;B01
201400031157;0;7;0;0;2;8;1;A01
201400031158;0;7;0;0;1;3;0;A01
201400031159;0;7;0;13;0;1;0;A01
201400031160;0;7;0;0;2;3;2;A01
201400031160;0;7;0;0;2;2;20;B01
201400031161;0;7;0;0;0;3;0;B01
201400031161;0;7;0;0;0;1;0;A01
201400031162;0;7;0;0;2;1;1;A01
201400031162;0;10;0;0;0;4;1;B01
201400031163;0;33;0;0;2;1;17;B01
201400031163;0;7;0;0;2;3;10;A01
201400031164;1;7;0;0;9;7;17;Z01
201400031164;0;1;0;0;2;8;15;B01
201400031165;0;7;0;0;2;2;24;B01
201400031165;0;7;0;1;0;2;2;A01
201400031166;0;7;0;0;2;2;5;A01
201400031166;0;7;0;0;2;3;1;B01
201400031166;0;7;0;0;2;1;1;C01
201400031167;0;7;0;0;2;2;0;A01
201400031167;0;7;0;0;2;3;0;B01
201400031168;1;7;0;0;1;2;0;Z01
201400031169;0;7;0;0;2;1;1;C01
201400031169;0;7;0;0;2;1;2;B01
201400031169;0;7;0;0;2;2;16;A01
201400031170;0;7;0;0;1;1;0;A01
201400031171;0;7;0;0;2;1;0;A01
201400031171;0;10;0;0;2;4;23;B01
201400031172;0;7;0;0;1;3;0;A01
201400031173;0;7;0;0;2;3;2;A01
201400031173;0;7;0;0;2;5;2;B01
201400031174;0;7;0;0;2;3;9;A01
201400031174;0;1;0;0;2;0;1;B01
201400031175;0;7;0;0;1;3;1;A01
201400031176;0;7;0;0;2;1;1;A01
201400031176;0;7;0;0;2;1;16;B01
201400031177;0;7;0;0;1;1;1;A01
201400031178;0;7;0;0;2;5;2;B01
201400031178;0;30;0;0;2;1;2;A01
201400031179;0;7;0;0;2;1;0;B01
201400031179;2;7;0;0;2;3;15;Z01
201400031180;0;7;0;1;2;7;0;A01
201400031180;0;7;0;0;2;1;0;B01
201400031181;0;7;0;0;1;1;0;A01
201400031182;0;7;0;0;2;2;15;A01
201400031182;0;30;0;0;2;1;2;B01
201400031183;0;7;0;0;2;3;2;B01
201400031183;0;7;0;0;2;3;17;A01
201400031184;0;7;0;0;2;1;1;B01
201400031184;0;7;0;0;2;7;15;A01
201400031185;0;7;0;0;2;1;11;A01
201400031185;0;7;0;0;2;3;1;B01
201400031186;0;7;0;6;2;6;1;B01
201400031186;1;7;0;0;2;1;0;A01
201400031187;0;7;0;0;1;1;1;A01
201400031188;2;7;0;0;2;1;2;A01
201400031188;0;20;0;0;2;2;1;B01
201400031189;0;17;0;0;9;3;0;A01
201400031189;0;32;0;0;0;0;5;B01
201400031190;0;7;0;0;1;2;0;A01
201400031191;0;7;0;2;0;1;0;A01
201400031192;0;7;0;0;2;6;1;B01
201400031192;0;7;0;0;2;1;0;A01
201400031193;1;7;0;0;1;3;1;A01
201400031194;0;3;0;0;2;3;13;A01
201400031194;0;7;0;0;2;3;1;B01
201400031195;0;7;0;0;0;0;2;A01
201400031196;0;7;0;0;9;1;1;A01
201400031196;0;1;0;0;2;0;19;B01
201400031197;0;7;0;0;1;3;1;A01
201400031198;0;7;0;0;1;1;1;A01
201400031199;0;2;0;0;0;7;0;A01
201400031200;0;7;0;0;1;2;16;A01
201400031201;0;7;0;0;1;7;1;A01
201400031202;0;33;0;0;0;7;2;B01
201400031202;0;7;0;0;0;5;2;A01
201400031203;0;7;0;0;1;2;1;A01
201400031204;0;7;0;0;0;8;10;B01
201400031204;0;30;0;0;2;1;2;A01
201400031205;0;7;0;0;1;2;2;A01
201400031206;0;7;0;15;0;6;1;A01
201400031207;0;7;0;6;0;1;0;A01
201400031208;0;7;0;0;2;1;2;B01
201400031208;0;30;0;0;0;4;2;A01
201400031209;1;7;0;0;2;0;0;Z01
201400031209;0;2;0;0;2;1;1;A01
201400031210;0;7;0;0;1;5;4;A01
201400031211;0;30;0;0;2;3;1;B01
201400031211;0;7;0;0;2;2;15;A01
201400031212;0;1;0;0;2;1;1;B01
201400031212;0;7;0;0;2;1;15;A01
201400031213;0;10;0;0;0;2;20;B01
201400031213;0;30;0;0;2;1;2;A01
201400031214;1;36;0;1;0;1;0;A01
201400031215;1;7;0;0;1;2;0;A01
201400031216;0;7;0;0;0;0;11;A01
201400031216;0;7;0;0;0;8;2;B01
201400031217;0;7;0;0;2;2;5;A01
201400031217;0;33;0;0;2;1;1;B01
201400031218;0;7;0;0;2;3;9;B01
201400031218;0;33;0;0;2;1;17;A01
201400031219;0;30;0;0;2;3;1;B01
201400031219;0;7;0;0;2;7;16;A01
201400031220;0;1;0;0;2;1;1;B01
201400031220;0;7;0;0;0;3;1;A01
201400031221;0;1;0;0;0;7;2;B01
201400031221;0;7;0;0;2;1;0;A01
201400031222;0;10;0;0;2;1;9;A01
201400031222;0;7;0;0;0;8;23;C01
201400031222;0;2;0;0;2;7;9;B01
201400031223;0;7;0;0;1;2;2;A01
201400031224;1;7;0;0;1;2;0;Z01
201400031225;1;99;0;0;2;0;0;Z01
201400031225;0;2;0;0;2;0;0;A01
201400031226;0;7;0;0;2;1;1;A01
201400031226;0;7;0;0;2;1;0;C01
201400031226;0;7;0;0;2;3;0;B01
201400031227;0;7;0;0;2;3;9;A01
201400031227;0;1;0;0;2;7;16;B01
201400031228;0;7;0;0;0;3;9;B01
201400031228;0;30;0;0;2;1;1;A01
201400031229;0;7;0;0;1;2;1;A01
201400031230;1;7;0;0;1;2;2;Z01
201400031231;0;7;0;0;1;1;15;A01
201400031232;0;7;0;0;1;3;0;A01
201400031233;1;2;0;1;0;0;1;Z01
201400031234;0;7;0;0;1;4;4;A01
201400031235;1;2;0;0;1;1;0;Z01
201400031236;0;7;0;0;9;8;24;A01
201400031236;0;1;0;1;0;1;1;B01
201400031237;0;7;0;0;1;1;15;A01
201400031238;0;7;0;0;2;1;15;A01
201400031238;0;7;0;0;2;1;2;B01
201400031239;0;2;0;0;0;8;15;A01
201400031240;0;7;0;0;4;8;23;B01
201400031240;0;40;0;0;2;1;1;A01
201400031241;0;7;0;0;2;8;15;A01
201400031241;0;31;0;0;2;1;1;C01
201400031241;0;33;0;0;2;1;1;B01
201400031242;0;1;0;0;2;1;13;A01
201400031242;0;7;0;0;2;5;23;B01
201400031243;0;7;0;0;1;2;15;A01
201400031244;1;7;0;0;1;2;0;A01
201400031245;0;7;0;1;0;3;2;A01
201400031246;0;7;0;0;0;1;10;A01
201400031246;0;34;0;0;0;3;1;B01
201400031247;0;1;0;0;2;1;0;A01
201400031247;0;7;0;0;9;8;1;B01
201400031248;0;2;0;0;2;8;1;B01
201400031248;0;7;0;0;2;3;1;A01
201400031249;0;7;0;12;0;0;0;A01
201400031250;0;7;0;1;2;5;1;A01
201400031250;0;7;0;0;2;1;1;B01
201400031251;0;7;0;0;2;8;1;B01
201400031251;0;7;0;0;2;3;19;A01
201400031252;0;1;0;0;2;7;19;B01
201400031252;0;7;0;0;2;3;1;A01
201400031253;0;7;0;0;1;8;1;A01
201400031254;0;7;0;0;2;3;1;B01
201400031254;0;30;0;0;2;1;15;A01
201400031255;0;1;0;0;2;4;10;B01
201400031255;0;7;0;8;2;3;21;A01