num_acc;senc;catv;occutc;obs;obsm;choc;manv;num_veh
201400031659;0;1;0;0;2;1;1;B01
201400031660;0;2;0;0;0;8;0;A01
201400031661;0;10;0;0;2;1;5;A01
201400031661;0;15;0;0;2;1;0;B01
201400031662;0;39;0;0;2;2;1;B01
201400031662;0;2;0;14;4;1;1;A01
201400031663;0;7;0;6;0;3;2;A01
201400031664;0;7;0;9;0;1;0;A01
201400031665;0;7;0;0;2;1;2;A01
201400031665;0;7;0;0;0;4;2;B01
201400031666;0;7;0;0;1;5;4;A01
201400031667;0;33;0;0;2;5;1;B01
201400031667;0;7;0;0;2;1;1;A01
201400031668;0;7;0;2;0;1;1;A01
201400031669;0;7;0;0;1;2;2;A01
201400031670;0;7;0;2;0;0;2;A01
201400031671;0;1;0;0;2;1;1;A01
201400031671;0;7;0;0;2;3;9;B01
201400031672;0;30;0;0;1;0;2;A01
201400031673;0;7;0;0;1;8;2;A01
201400031674;0;7;0;0;2;1;2;A01
201400031674;0;21;0;0;2;4;2;B01
201400031675;0;7;0;15;0;2;2;A01
201400031676;0;7;0;0;2;3;6;A01
201400031676;0;37;1;0;2;3;1;B01
201400031677;0;15;0;0;2;1;1;B01
201400031677;0;7;0;0;2;8;6;A01
201400031678;0;7;0;0;2;6;9;A01
201400031678;0;10;0;0;2;1;1;B01
201400031679;0;7;0;0;2;1;0;B01
201400031679;0;7;0;0;2;3;0;A01
201400031680;0;7;0;0;2;6;17;A01
201400031680;0;7;0;0;2;3;14;B01
201400031681;0;7;0;0;1;2;0;A01
201400031682;0;7;0;0;2;1;1;A01
201400031682;0;7;0;0;2;7;1;B01
201400031683;0;7;0;0;2;1;9;A01
201400031683;0;7;0;0;0;7;2;B01
201400031684;0;7;0;0;1;1;0;A01
201400031685;0;7;0;0;2;3;0;B01
201400031685;0;31;0;0;2;5;0;A01
201400031686;0;7;0;0;1;7;1;A01
201400031687;0;7;0;0;1;2;1;A01
201400031688;0;7;0;0;1;1;0;A01
201400031689;0;7;0;0;1;1;2;A01
201400031690;0;7;0;0;1;1;0;A01
201400031691;0;7;0;0;1;1;4;A01
201400031692;1;17;0;0;9;0;2;A01
201400031692;0;1;0;0;0;4;2;B01
201400031693;0;38;1;0;1;3;1;A01
201400031694;0;7;0;0;2;2;15;A01
201400031694;0;7;0;0;2;1;1;B01
201400031695;0;7;0;0;0;3;1;A01
201400031695;0;2;0;0;0;7;1;B01
201400031695;0;10;0;0;0;3;23;C01
201400031696;0;7;0;0;2;1;15;A01
201400031696;0;7;0;0;2;6;15;B01
201400031697;0;30;0;0;2;1;5;B01
201400031697;0;7;0;0;2;2;15;A01
201400031698;0;7;0;0;1;1;1;A01
201400031699;0;7;0;3;2;5;13;A01
201400031699;0;17;0;0;2;3;21;B01
201400031700;0;7;0;6;0;1;2;A01
201400031701;1;7;0;0;2;2;5;A01
201400031701;0;2;0;0;0;3;15;B01
201400031702;0;7;0;0;2;1;13;A01
201400031702;0;7;0;0;2;3;1;B01
201400031703;0;7;0;0;2;1;1;B01
201400031703;0;7;0;3;2;1;11;A01
201400031704;1;7;0;0;1;1;1;Z01
201400031705;0;7;0;0;1;2;21;A01
201400031705;0;10;0;0;0;5;1;B01
201400031705;0;10;0;0;0;0;2;C01
201400031706;0;7;0;0;0;7;1;B01
201400031706;0;7;0;0;0;1;9;A01
201400031707;0;33;0;0;2;1;2;B01
201400031707;0;7;0;0;2;8;10;A01
201400031708;0;7;0;1;0;1;13;A01
201400031709;0;7;0;0;2;3;15;A01
201400031709;0;33;0;0;2;1;2;B01
201400031710;0;20;0;0;1;5;2;A01
201400031711;0;7;0;14;0;0;1;A01
201400031712;0;7;0;0;2;1;1;A01
201400031712;0;7;0;0;2;7;15;B01
201400031713;0;7;0;0;1;7;1;A01
201400031714;0;7;0;0;2;7;15;A01
201400031714;0;30;0;0;2;1;1;B01
201400031715;0;7;0;0;1;1;1;A01
201400031716;0;33;0;0;0;0;1;A01
201400031717;0;7;0;0;2;2;15;A01
201400031717;0;99;0;0;2;1;1;B01
201400031718;0;2;0;0;2;1;1;A01
201400031718;0;7;0;0;0;5;1;B01
201400031719;0;7;0;0;2;1;1;A01
201400031719;0;1;0;0;0;7;1;B01
201400031720;1;7;0;0;9;3;13;Z01
201400031720;0;2;0;6;2;8;1;A01
201400031721;0;31;0;8;0;1;1;A01
201400031722;1;7;0;0;1;0;0;Z01
201400031723;0;3;0;0;2;1;13;A01
201400031723;0;7;0;0;2;1;1;B01
201400031724;0;7;0;0;0;0;1;B01
201400031724;0;1;0;0;0;8;1;A01
201400031725;0;7;0;0;1;1;15;A01
201400031726;0;7;0;0;2;3;11;B01
201400031726;0;2;0;0;2;7;1;A01
201400031726;0;7;0;0;2;8;23;C01
201400031727;0;7;0;15;0;1;13;A01
201400031728;0;7;0;0;2;8;1;B01
201400031728;0;10;0;0;2;1;1;A01
201400031729;0;7;0;0;0;4;1;B01
201400031729;0;7;0;0;2;1;1;A01
201400031730;0;33;0;8;2;1;2;A01
201400031730;0;7;0;0;0;8;13;B01
201400031731;0;7;0;0;1;1;1;A01
201400031732;0;7;0;0;2;1;1;A01
201400031732;0;7;0;0;2;2;1;B01
201400031733;0;99;0;0;2;1;1;A01
201400031733;0;7;0;0;2;3;1;B01
201400031734;0;17;0;3;0;9;1;A01
201400031735;0;7;0;1;0;1;1;A01
201400031735;0;7;0;1;0;3;24;B01
201400031736;0;7;0;0;0;6;10;A01
201400031736;0;32;0;0;2;1;1;B01
201400031737;0;30;0;0;2;1;15;A01
201400031737;0;7;0;0;2;1;1;B01
201400031738;1;10;0;0;1;1;1;Z01
201400031739;1;7;0;0;2;5;4;A01
201400031739;0;1;0;0;2;1;1;B01
201400031740;0;7;0;0;2;1;0;A01
201400031740;0;7;0;0;2;1;1;B01
201400031741;0;7;0;0;2;3;9;A01
201400031741;0;1;0;0;2;4;16;B01
201400031742;0;7;0;0;2;1;1;A01
201400031742;0;1;0;0;2;8;15;B01
201400031743;0;10;0;0;2;3;1;A01
201400031744;0;7;0;0;2;2;1;A01
201400031744;0;33;0;0;2;1;1;B01
201400031745;0;7;0;0;1;1;0;A01
201400031746;0;7;0;0;2;2;1;A01
201400031746;0;1;0;0;2;3;0;B01
201400031747;0;2;0;15;0;7;1;A01
201400031748;0;7;0;0;1;3;1;A01
201400031749;0;7;0;0;1;2;1;A01
201400031750;0;7;0;0;1;2;1;A01
201400031751;0;33;0;0;2;3;1;B01
201400031751;0;7;0;0;2;3;15;A01
201400031752;0;7;0;0;9;7;21;A01
201400031752;0;1;0;0;2;8;2;B01
201400031753;0;7;0;0;1;2;1;A01
201400031754;0;7;0;0;2;3;1;B01
201400031754;0;7;0;0;2;3;13;A01
201400031755;0;7;0;2;0;7;14;A01
201400031756;0;7;0;9;1;1;1;A01
201400031757;0;7;0;0;1;3;1;A01
201400031758;0;7;0;0;0;1;17;A01
201400031759;0;33;0;8;0;1;1;A01
201400031760;2;7;0;0;1;0;0;A01
201400031761;0;7;0;0;2;8;15;B01
201400031761;0;2;0;0;2;1;1;A01
201400031762;0;33;0;11;0;1;2;A01
201400031763;0;1;0;0;2;1;2;B01
201400031763;0;7;0;0;9;8;15;A01
201400031764;0;7;0;0;2;3;1;B01
201400031764;0;7;0;0;2;1;1;A01
201400031764;0;7;0;0;0;3;23;C01
201400031765;0;36;0;0;2;2;19;B01
201400031765;0;7;0;0;2;2;15;A01
201400031766;0;7;0;0;1;2;14;A01
201400031767;0;31;0;12;0;1;1;A01
201400031768;0;14;0;0;1;3;15;A01
201400031769;0;33;0;3;0;2;1;A01
201400031770;0;7;0;0;2;2;1;B01
201400031770;0;7;0;0;2;3;1;A01
201400031771;0;7;0;0;9;8;15;A01
201400031771;0;2;0;0;2;1;2;B01
201400031772;0;7;0;0;1;2;1;A01
201400031773;0;7;0;0;2;3;1;A01
201400031773;0;33;0;0;2;1;12;B01
201400031774;0;2;0;1;0;7;14;A01
201400031775;0;7;0;1;0;8;22;A01
201400031775;0;1;0;0;9;1;2;B01
201400031776;0;7;0;0;1;2;1;A01
201400031777;0;7;0;0;1;1;1;A01
201400031778;0;10;0;0;9;3;15;A01
201400031778;0;2;0;0;2;1;17;B01
201400031779;0;10;0;0;2;6;16;B01
201400031779;0;7;0;0;2;1;1;A01
201400031780;0;7;0;0;2;1;17;A01
201400031780;0;7;0;0;0;4;1;B01
201400031780;0;7;0;0;2;3;1;C01
201400031780;0;7;0;0;2;1;1;D01
201400031781;0;2;0;11;0;1;1;A01
201400031782;0;3;0;0;2;1;1;A01
201400031782;0;33;0;0;2;7;19;B01
201400031783;1;7;0;0;1;2;1;A01
201400031784;1;99;0;0;1;0;0;A01
201400031785;0;30;0;0;1;1;17;A01
201400031786;0;7;0;0;1;1;1;A01
201400031787;0;2;0;0;2;1;19;A01
201400031787;0;7;0;0;0;2;2;B01
201400031788;0;7;0;0;2;1;13;A01
201400031788;0;7;0;0;2;1;1;B01
201400031789;0;7;0;0;1;2;1;A01
201400031790;1;7;0;0;1;0;1;Z01
201400031791;0;7;0;0;1;4;4;A01
201400031792;0;7;0;0;1;3;1;A01
201400031793;0;7;0;0;1;1;1;A01
201400031794;0;7;0;0;2;1;2;A01
201400031794;0;7;0;0;0;4;2;B01
201400031795;0;7;0;0;1;7;15;A01
201400031796;0;7;0;0;1;1;0;A01
201400031797;0;7;0;0;1;7;1;A01
201400031798;0;7;0;0;0;2;1;A01
201400031798;0;1;0;0;2;0;19;B01
201400031799;0;7;0;0;1;6;1;A01
201400031800;0;7;0;6;0;1;1;A01
201400031801;0;7;0;0;2;1;5;A01
201400031801;0;7;0;0;2;3;5;B01
201400031802;0;30;0;0;2;0;1;B01
201400031802;0;7;0;0;2;3;15;A01
201400031803;0;7;0;0;2;1;2;A01
201400031803;0;33;0;0;2;4;0;B01
201400031804;0;7;0;1;1;2;14;A01
201400031805;0;7;0;0;2;3;1;A01
201400031805;0;30;0;0;2;3;15;B01
201400031806;1;99;0;0;1;1;1;Z01
201400031807;0;7;0;0;9;5;16;A01
201400031807;0;1;0;0;2;1;5;B01
201400031808;0;33;0;0;0;1;2;B01
201400031808;0;7;0;0;0;7;19;A01
201400031809;0;7;0;0;2;1;13;A01
201400031809;0;7;0;0;2;1;1;B01
201400031810;0;7;0;0;1;1;1;A01
201400031811;0;7;0;0;1;1;0;A01
201400031812;0;7;0;0;1;1;0;A01
201400031813;0;7;0;13;0;3;9;A01
201400031814;0;7;0;0;0;2;13;A01
201400031814;0;7;0;0;2;3;0;C01
201400031814;0;7;0;0;2;6;0;B01
201400031815;0;7;0;6;0;1;1;A01
201400031816;0;30;0;6;0;1;1;A01
201400031817;0;33;0;0;2;1;1;B01
201400031817;0;7;0;0;2;7;6;A01
201400031818;0;33;0;10;0;1;1;A01
201400031819;0;7;0;0;2;3;1;B01
201400031819;0;7;0;0;2;1;9;A01
201400031820;0;7;0;0;1;2;0;A01
201400031821;0;7;0;0;1;1;9;A01
201400031822;0;36;0;0;2;6;11;B01
201400031822;0;33;0;0;2;1;2;A01
201400031823;0;7;0;16;0;9;1;A01
201400031824;0;1;0;0;2;1;9;A01
201400031824;0;7;0;0;2;1;1;B01
201400031825;0;32;0;0;2;7;1;B01
201400031825;0;10;0;0;2;3;19;A01
201400031826;0;7;0;0;2;1;5;A01
201400031826;0;7;0;0;2;1;1;B01
201400031827;0;33;0;0;2;1;0;A01
201400031827;0;7;0;0;2;2;4;B01
201400031828;0;7;0;0;2;1;13;A01
201400031828;0;7;0;0;2;1;1;B01
201400031829;0;7;0;2;2;2;11;A01
201400031829;0;15;0;0;2;2;1;B01
201400031830;0;7;0;0;2;3;0;A01
201400031830;0;2;0;0;2;1;0;B01
201400031831;0;30;0;0;2;1;17;B01
201400031831;0;7;0;0;2;3;10;A01
201400031832;0;7;0;0;1;2;1;A01
201400031833;0;7;0;0;1;7;1;A01
201400031834;0;7;0;0;2;3;5;A01
201400031834;0;2;0;0;2;8;5;B01
201400031835;0;7;0;0;1;7;0;A01
201400031836;0;7;0;8;0;0;0;A01
201400031837;1;7;0;0;1;1;0;A01
201400031838;0;21;0;0;2;2;9;A01
201400031838;0;7;0;0;2;2;1;B01
201400031839;2;10;0;0;9;0;19;Z01
201400031839;0;1;0;0;2;1;19;B01
201400031840;0;7;0;0;1;2;1;A01
201400031841;0;7;0;0;2;5;0;A01
201400031841;0;2;0;0;2;1;1;B01
201400031842;1;7;0;0;0;0;2;A01
201400031842;0;7;0;0;0;4;16;B01
201400031843;0;7;0;0;0;0;0;B01
201400031843;0;7;0;0;2;1;5;A01
201400031843;0;7;0;0;0;0;0;C01
201400031843;0;17;0;0;0;0;0;D01
201400031844;0;2;0;0;2;8;18;B01
201400031844;0;7;0;0;2;1;15;A01
201400031845;0;33;0;0;2;1;0;B01
201400031845;0;7;0;0;2;7;15;A01
201400031846;0;1;0;0;1;1;0;A01
201400031847;0;7;0;0;2;1;16;B01
201400031847;0;7;0;9;2;1;5;A01
201400031848;0;7;0;0;2;3;19;A01
201400031848;0;31;0;0;2;1;1;B01
201400031849;0;1;0;0;2;1;1;B01
201400031849;0;7;0;0;2;1;5;A01
201400031850;0;14;0;0;2;0;0;A01
201400031850;0;7;0;0;2;3;0;B01
201400031851;0;7;0;0;1;4;4;A01
201400031852;0;1;0;0;2;2;0;B01
201400031852;0;7;0;0;9;3;15;A01
201400031853;0;7;0;0;1;3;1;A01
201400031854;0;7;0;0;9;1;1;A01
201400031854;0;2;0;0;2;1;5;B01
201400031855;0;10;0;0;2;4;23;B01
201400031855;0;33;0;0;2;1;2;A01
201400031856;0;10;0;0;2;1;2;A01
201400031856;0;10;0;0;1;1;23;B01
201400031857;0;7;0;0;1;2;15;A01
201400031858;0;7;0;6;0;1;0;A01
201400031859;0;7;0;0;1;0;0;A01
201400031860;0;7;0;0;1;2;1;A01
201400031861;0;7;0;0;1;1;21;A01
201400031862;0;7;0;0;1;1;16;A01
201400031863;0;7;0;8;0;1;0;A01
201400031864;0;7;0;0;0;0;0;A01
201400031864;0;2;0;0;0;0;0;B01
201400031865;1;99;0;0;1;0;0;A01
201400031866;0;7;0;0;2;1;0;A01
201400031866;0;33;0;0;2;0;0;B01
201400031867;0;99;0;15;0;1;0;A01
201400031868;0;10;0;0;1;1;1;A01
201400031869;0;7;0;0;2;1;15;A01
201400031869;0;2;0;0;2;8;1;B01
201400031870;0;7;0;0;2;3;9;A01
201400031870;0;2;0;0;2;1;1;B01
201400031871;0;10;0;0;2;1;2;A01
201400031871;0;7;0;0;2;1;2;B01
201400031871;0;7;0;0;2;1;2;C01
201400031871;0;7;0;0;2;4;2;D01
201400031872;0;7;0;0;1;1;1;A01
201400031873;0;2;0;0;2;1;2;B01
201400031873;0;15;0;0;2;6;15;A01
201400031874;0;2;0;0;2;7;2;B01
201400031874;0;7;0;14;2;3;2;A01
201400031875;0;31;0;0;2;0;1;B01
201400031875;0;7;0;0;2;0;0;A01
201400031876;0;30;0;0;2;1;2;A01
201400031876;0;1;0;0;2;4;2;B01
201400031877;0;33;0;0;2;7;1;B01
201400031877;0;7;0;0;2;1;9;A01
201400031878;0;7;0;0;2;1;1;A01
201400031878;0;7;0;0;2;4;1;B01
201400031879;0;7;0;0;2;1;13;A01
201400031879;0;7;0;0;2;1;1;B01
201400031880;0;31;0;0;2;0;2;A01
201400031880;0;10;0;0;2;8;15;B01
201400031881;0;7;0;0;2;8;15;C01
201400031881;0;7;0;0;2;4;2;B01
201400031881;0;7;0;0;2;1;1;A01
201400031882;0;7;0;0;2;1;17;A01
201400031882;0;7;0;0;2;4;15;B01
201400031883;0;33;0;0;2;1;1;A01
201400031883;0;37;1;0;2;3;5;B01
201400031884;0;7;0;0;2;5;23;B01
201400031884;0;2;0;1;2;1;2;A01
201400031885;0;7;0;0;2;1;2;A01
201400031885;0;33;0;0;0;4;2;B01
201400031886;0;7;0;0;2;3;2;B01
201400031886;0;1;0;0;2;1;0;A01
201400031887;0;7;0;0;2;1;0;A01
201400031887;0;2;0;0;2;8;2;B01
201400031888;0;10;0;0;1;1;1;A01
201400031889;0;7;0;0;2;1;9;A01
201400031889;0;7;0;0;2;8;1;B01
201400031890;0;7;0;0;0;4;1;A01
201400031890;0;30;0;0;2;1;1;B01
201400031891;0;7;0;0;2;3;15;A01
201400031891;0;35;0;0;2;8;1;B01
201400031892;0;7;0;0;2;1;5;A01
201400031892;0;2;0;0;2;1;5;C01
201400031892;0;2;0;0;2;1;5;B01
201400031893;0;7;0;1;0;1;14;A01
201400031894;1;7;0;0;1;2;10;A01
201400031895;0;33;0;0;2;7;1;B01
201400031895;0;7;0;0;2;2;9;A01
201400031896;0;7;0;0;1;1;16;A01
201400031897;0;7;0;15;0;9;13;A01
201400031898;0;1;0;0;2;1;2;B01
201400031898;0;7;0;0;2;3;15;A01
201400031899;0;7;0;0;2;5;15;A01
201400031899;0;31;0;0;2;1;1;B01
201400031900;1;10;0;0;2;7;17;Z01
201400031900;0;2;0;0;2;8;1;A01
201400031901;0;7;0;0;1;7;20;A01
201400031902;0;2;0;0;2;1;16;A01
201400031902;0;7;0;0;2;1;1;B01
201400031903;0;7;0;0;2;1;15;A01
201400031903;0;30;0;0;2;3;16;B01
201400031904;0;7;0;0;2;1;2;A01
201400031904;0;7;0;0;2;4;23;B01
201400031904;0;7;0;0;2;4;23;C01
201400031905;0;7;0;0;2;9;1;A01
201400031905;0;7;0;0;2;3;1;B01
201400031905;0;7;0;0;2;1;1;C01
201400031906;0;7;0;0;2;1;2;A01
201400031906;0;2;0;0;2;5;2;B01
201400031907;0;2;0;0;2;1;1;B01
201400031907;0;7;0;0;2;2;15;A01
201400031908;0;33;0;0;2;1;15;A01
201400031908;0;7;0;0;2;1;2;B01
201400031909;0;7;0;0;2;7;1;A01
201400031909;0;7;0;0;2;1;1;B01
201400031910;0;7;0;15;0;2;0;A01
201400031911;0;7;0;0;1;8;1;A01
201400031912;0;3;0;0;1;1;15;A01
201400031913;0;7;0;0;1;1;15;A01
201400031914;0;7;0;0;1;3;1;A01
201400031915;0;7;0;1;2;2;10;A01
201400031915;0;32;0;0;2;1;1;B01
201400031916;0;31;0;0;2;8;18;A01
201400031916;0;7;0;0;2;2;16;B01
201400031917;0;10;0;0;1;2;1;A01
201400031918;0;7;0;0;1;1;1;A01
201400031919;0;7;0;0;1;4;4;A01
201400031920;0;7;0;0;1;3;1;A01
201400031921;0;99;0;0;2;2;15;A01
201400031921;0;30;0;0;2;8;16;B01
201400031922;0;99;0;15;0;1;1;A01
201400031923;0;33;0;15;0;0;1;A01
201400031924;0;33;0;0;2;7;1;B01
201400031924;0;7;0;0;2;1;1;A01
201400031925;0;7;0;0;1;8;1;A01
201400031926;0;7;0;0;2;1;15;A01
201400031926;0;7;0;0;2;3;16;B01
201400031926;0;7;0;0;2;3;23;C01
201400031927;0;7;0;0;1;1;1;A01
201400031928;0;33;0;0;2;1;1;B01
201400031928;0;7;0;0;2;3;15;A01
201400031929;0;7;0;0;0;9;14;A01
201400031930;0;7;0;0;1;1;1;A01
201400031931;0;7;0;0;1;3;1;A01
201400031932;0;7;0;0;2;3;1;A01
201400031932;0;7;0;0;2;3;1;B01
201400031933;0;7;0;0;1;1;1;A01
201400031934;0;10;0;6;2;2;17;A01
201400031934;0;7;0;0;2;8;1;B01
201400031935;0;30;0;12;0;1;0;A01
201400031936;0;7;0;0;2;2;1;A01
201400031936;0;7;0;0;2;1;16;B01
201400031937;0;7;0;0;2;1;13;A01
201400031937;0;7;0;0;2;3;1;B01
201400031938;0;7;0;0;1;3;1;A01
201400031939;0;14;0;15;2;2;4;A01
201400031939;0;1;0;15;2;1;21;B01
201400031940;0;7;0;0;2;8;1;B01
201400031940;0;7;0;9;2;1;14;A01
201400031941;0;10;0;0;2;1;19;A01
201400031941;0;30;0;0;2;8;1;B01
201400031942;0;2;0;12;0;0;14;A01
201400031943;0;7;0;0;0;3;9;A01
201400031943;0;33;0;0;2;1;2;B01
201400031944;0;33;0;0;2;1;17;A01
201400031944;0;7;0;0;0;7;15;B01
201400031945;0;7;0;0;2;1;16;A01
201400031945;0;15;0;0;2;3;1;B01
201400031946;0;7;0;0;2;2;1;A01
201400031946;0;33;0;0;2;1;6;B01
201400031947;0;7;0;0;2;2;17;A01
201400031947;0;1;0;0;2;1;1;B01
201400031948;1;7;0;9;9;1;0;A01
201400031948;0;1;0;0;2;0;1;B01
201400031949;0;1;0;0;0;5;1;A01
201400031949;0;7;0;0;2;3;1;B01
201400031950;1;7;0;11;2;2;;A01
201400031950;0;33;0;1;2;1;21;B01
201400031951;0;7;0;0;2;1;2;A01
201400031951;0;7;0;0;2;4;2;B01
201400031952;0;7;0;0;1;1;1;A01
201400031953;0;7;0;0;0;2;1;A01
201400031953;0;30;0;0;2;1;1;B01
201400031954;0;2;0;0;2;1;1;A01
201400031954;0;7;0;0;2;7;15;B01
201400031955;0;30;0;12;2;1;1;A01
201400031955;0;7;0;0;0;5;1;B01
201400031956;0;7;0;0;1;1;1;A01
201400031957;0;2;0;0;2;1;1;B01
201400031957;0;7;0;0;9;3;15;A01
201400031958;0;1;0;0;0;6;1;A01
201400031958;1;7;0;0;9;3;15;B01
201400031959;0;2;0;1;0;7;1;A01
201400031960;1;7;0;0;1;2;1;A01
201400031961;0;7;0;0;2;2;15;A01
201400031961;0;2;0;0;2;2;1;B01
201400031962;0;7;0;0;1;1;1;A01
201400031963;0;33;0;0;2;7;21;B01
201400031963;0;3;0;0;2;1;19;A01
201400031964;0;2;0;0;2;1;2;A01
201400031964;0;7;0;0;2;8;1;B01
201400031965;0;7;0;0;1;1;0;A01
201400031966;0;7;0;3;2;6;10;A01
201400031966;0;7;0;0;2;1;2;B01
201400031967;0;7;0;0;1;1;1;A01
201400031968;2;7;0;0;2;1;13;A01
201400031968;0;7;0;0;2;1;1;B01
201400031969;0;7;0;0;2;2;0;B01
201400031969;0;1;0;0;2;2;0;A01
201400031970;0;7;0;0;2;1;9;A01
201400031970;0;7;0;0;0;4;23;B01
201400031971;0;7;0;0;2;1;2;B01
201400031971;0;7;0;9;2;7;9;A01
201400031972;0;7;0;0;2;7;19;A01
201400031972;0;37;3;0;2;2;2;B01
201400031973;0;7;0;14;0;1;1;A01
201400031974;0;2;0;0;2;1;1;A01
201400031974;0;7;0;0;9;3;1;B01
201400031975;0;7;0;0;1;1;1;B01
201400031976;0;7;0;0;1;1;15;A01
201400031977;0;7;0;0;1;2;1;A01
201400031978;0;7;0;8;0;2;0;A01
201400031978;0;7;0;0;2;3;0;B01
201400031979;0;7;0;6;1;4;4;A01
201400031980;0;17;0;0;1;7;1;A01
201400031981;2;7;0;1;0;1;1;A01
201400031982;0;7;0;0;9;2;2;A01
201400031982;0;30;0;0;2;4;1;B01
201400031983;0;33;0;3;0;0;0;A01
201400031984;0;7;0;0;2;2;1;C01
201400031984;0;7;0;8;2;1;1;A01
201400031985;0;7;0;0;1;6;1;A01
201400031986;0;2;0;0;2;0;1;A01
201400031986;0;2;0;0;2;0;1;B01
201400031987;0;7;0;0;1;1;1;A01
201400031988;0;7;0;0;2;8;1;B01
201400031988;0;7;0;0;2;1;1;A01
201400031989;0;7;0;0;1;8;21;A01
201400031990;0;7;0;0;9;4;20;A01
201400031990;0;1;0;0;2;1;2;B01
201400031991;0;7;0;0;1;3;1;A01
201400031992;0;7;0;0;9;5;1;A01
201400031992;0;33;0;0;2;1;2;B01
201400031993;0;7;0;0;1;7;0;A01
201400031994;0;30;0;0;0;0;1;A01
201400031994;0;2;0;0;0;0;1;B01
201400031995;0;7;0;0;2;1;1;B01
201400031995;0;7;0;0;2;3;15;A01
201400031996;0;7;0;0;1;1;1;A01
201400031997;0;2;0;0;2;0;0;A01
201400031997;0;13;0;0;0;7;1;B01
201400031997;0;13;0;0;0;8;1;C01
201400031998;0;7;0;0;2;1;1;A01
201400031998;0;7;0;0;2;4;2;B01
201400031998;0;7;0;0;2;1;1;C01
201400031999;0;7;0;0;1;7;16;A01
201400032000;0;7;0;0;2;1;1;A01
201400032000;0;7;0;0;2;1;13;B01
201400032001;0;7;0;0;1;2;1;A01
201400032002;0;39;0;0;1;1;1;A01
201400032003;0;7;0;0;2;1;1;A01
201400032003;0;7;0;0;2;2;15;B01
201400032004;0;7;0;0;2;3;9;A01
201400032004;0;30;0;0;0;1;1;B01
201400032005;0;7;0;0;1;1;1;A01
201400032006;0;30;0;0;2;1;17;A01
201400032006;0;33;0;0;2;8;1;B01
201400032007;0;7;0;0;1;1;0;A01
201400032008;0;3;0;1;0;0;1;A01
201400032009;0;7;0;0;2;8;0;B01
201400032009;0;33;0;0;2;1;0;A01
201400032010;0;7;0;0;2;4;0;B01
201400032010;0;7;0;0;2;1;2;A01
201400032011;0;2;0;0;2;1;1;B01
201400032011;0;7;0;0;2;3;0;A01
201400032012;0;7;0;0;1;1;1;A01
201400032013;0;14;0;0;2;0;9;A01
201400032013;0;38;53;0;2;7;1;B01
201400032014;0;7;0;0;1;1;0;A01
201400032015;0;2;0;1;0;1;0;A01
201400032016;0;31;0;0;0;1;1;A01
201400032016;0;7;0;0;0;7;1;B01
201400032017;0;7;0;0;1;3;1;A01
201400032018;0;7;0;0;2;1;5;A01
201400032018;0;30;0;0;2;1;1;B01
201400032019;0;7;0;0;0;0;1;B01
201400032019;0;7;0;0;2;1;1;A01
201400032020;0;7;0;0;1;1;1;A01
201400032021;0;7;0;0;1;2;1;A01
201400032022;0;7;0;9;2;0;13;A01
201400032022;0;7;0;0;2;8;1;B01
201400032022;0;7;0;0;2;6;15;C01
201400032023;0;1;0;0;2;0;16;B01
201400032023;0;3;0;0;2;3;0;A01
201400032024;0;7;0;0;0;3;1;A01
201400032024;0;30;0;0;0;7;1;B01
201400032025;0;7;0;0;2;7;1;A01
201400032025;0;2;0;0;2;1;1;B01
201400032026;0;7;0;1;2;1;0;A01
201400032027;0;30;0;0;0;0;1;B01
201400032027;0;7;0;0;2;1;0;A01
201400032028;0;33;0;0;0;0;9;A01
201400032029;0;7;0;0;2;7;1;B01
201400032029;0;7;0;0;2;1;9;A01
201400032030;0;1;0;0;2;1;15;A01
201400032030;0;7;0;0;2;2;1;B01
201400032031;0;7;0;0;1;1;1;A01
201400032032;0;7;0;0;2;2;1;A01
201400032032;0;30;0;0;0;1;0;B01
201400032033;0;7;0;0;2;2;15;A01
201400032033;0;1;0;0;2;1;15;B01
201400032034;0;7;0;0;2;5;0;A01
201400032034;0;7;0;0;2;1;0;B01
201400032035;0;7;0;0;2;0;16;A01
201400032035;0;7;0;0;2;1;1;B01
201400032036;1;7;0;0;2;2;15;A01
201400032036;0;30;0;0;2;1;1;B01
201400032037;0;7;0;0;1;1;2;A01
201400032038;0;33;0;0;2;1;1;A01
201400032038;0;7;0;0;2;4;1;B01
201400032039;0;7;0;0;2;1;0;A01
201400032039;0;7;0;0;2;2;1;B01
201400032040;0;7;0;0;2;2;15;A01
201400032040;0;31;0;0;2;1;1;B01
201400032041;0;7;0;0;1;1;1;A01
201400032042;0;7;0;0;2;2;15;A01
201400032042;0;30;0;0;2;1;1;B01
201400032043;0;7;0;0;1;2;1;A01
201400032044;0;33;0;0;0;2;0;A01
201400032045;0;2;0;1;0;2;1;A01
201400032046;0;2;0;0;2;3;1;B01
201400032046;0;7;0;0;2;1;1;A01
201400032047;0;7;0;0;2;5;0;A01
201400032047;0;33;0;0;2;7;0;B01
201400032047;0;7;0;0;0;6;0;C01
201400032048;0;7;0;0;2;1;19;A01
201400032048;0;15;0;0;2;1;0;B01
201400032049;0;2;0;0;2;1;0;A01
201400032049;0;7;0;0;2;2;0;B01
201400032050;0;7;0;0;1;7;2;A01
201400032051;0;2;0;0;1;1;0;A01
201400032052;0;7;0;0;1;2;0;A01
201400032053;0;33;0;0;2;3;1;B01