num_acc;senc;catv;occutc;obs;obsm;choc;manv;num_veh
201400032053;0;7;0;0;2;3;13;A01
201400032054;0;7;0;0;9;3;9;A01
201400032054;0;1;0;0;2;7;1;B01
201400032055;0;7;0;0;1;2;17;A01
201400032056;0;30;0;0;0;3;0;A01
201400032057;0;7;0;11;0;3;2;A01
201400032058;0;2;0;0;2;1;2;A01
201400032058;0;7;0;0;2;3;16;B01
201400032059;0;7;0;0;2;7;5;A01
201400032059;0;10;0;0;2;1;1;B01
201400032060;0;7;0;0;1;2;2;A01
201400032061;0;7;0;0;1;2;1;A01
201400032062;0;7;0;0;1;0;20;B01
201400032063;0;7;0;0;0;4;4;A01
201400032063;0;2;0;0;0;7;0;B01
201400032064;0;7;0;0;0;1;0;A01
201400032065;0;7;0;0;1;1;15;A01
201400032066;0;7;0;0;1;7;1;A01
201400032067;0;7;0;0;2;1;21;A01
201400032067;0;7;0;0;2;1;21;B01
201400032068;0;7;0;0;1;3;0;A01
201400032069;0;7;0;0;2;3;1;A01
201400032069;0;7;0;0;2;7;19;B01
201400032070;0;7;0;0;1;1;2;A01
201400032071;0;7;0;0;0;8;2;B01
201400032071;0;2;0;0;2;6;2;A01
201400032072;0;7;0;0;1;1;1;A01
201400032073;0;30;0;0;2;1;1;A01
201400032073;0;7;0;0;2;2;1;B01
201400032074;0;7;0;0;1;2;2;A01
201400032075;0;7;0;6;2;7;1;A01
201400032075;0;7;0;0;2;1;0;B01
201400032076;0;7;0;2;0;3;1;A01
201400032077;0;7;0;0;2;1;19;A01
201400032077;0;7;0;0;2;7;1;B01
201400032078;0;7;0;2;0;7;1;A01
201400032079;0;10;0;0;1;1;0;A01
201400032080;0;30;0;0;0;2;1;A01
201400032081;0;7;0;0;1;1;2;A01
201400032082;0;7;0;6;2;6;19;B01
201400032082;0;7;0;0;2;2;1;A01
201400032083;0;1;0;0;0;3;0;B01
201400032083;0;7;0;0;9;8;0;A01
201400032084;0;10;0;0;0;5;0;A01
201400032084;0;7;0;0;2;3;2;B01
201400032085;0;30;0;0;0;7;1;B01
201400032085;0;7;0;0;0;1;1;A01
201400032086;0;7;0;1;0;4;4;A01
201400032087;0;7;0;0;0;7;1;A01
201400032087;0;2;0;0;0;1;1;B01
201400032088;0;7;0;0;0;8;1;B01
201400032088;0;7;0;0;0;3;0;C01
201400032088;0;7;0;0;0;1;1;A01
201400032089;0;7;0;0;1;6;4;A01
201400032090;0;7;0;0;2;1;15;A01
201400032090;0;30;0;0;2;1;23;B01
201400032091;0;7;0;6;0;1;9;A01
201400032092;0;7;0;0;2;2;1;B01
201400032092;0;7;0;0;2;1;1;A01
201400032093;0;30;0;8;0;1;14;A01
201400032094;0;7;0;0;2;6;15;A01
201400032094;0;33;0;0;2;1;1;B01
201400032095;0;34;0;0;2;1;1;A01
201400032095;0;7;0;0;2;8;9;B01
201400032096;0;7;0;9;0;1;1;A01
201400032097;0;7;0;0;2;1;1;A01
201400032097;0;7;0;0;0;0;0;B01
201400032098;0;7;0;0;2;2;1;A01
201400032098;0;7;0;0;2;4;1;B01
201400032099;0;1;0;0;0;0;1;A01
201400032100;0;7;0;0;1;0;0;A01
201400032101;0;7;0;0;2;1;1;A01
201400032101;0;7;0;8;2;2;1;B01
201400032102;0;7;0;0;2;1;13;A01
201400032102;0;7;0;1;2;1;1;B01
201400032103;0;7;0;1;1;2;1;A01
201400032104;0;7;0;0;2;3;1;A01
201400032104;0;7;0;0;2;3;1;B01
201400032105;1;99;0;0;0;0;0;Z01
201400032105;0;1;0;0;2;1;1;B01
201400032106;0;30;0;0;2;1;1;A01
201400032106;0;7;0;0;2;4;23;B01
201400032107;0;33;0;1;0;9;1;A01
201400032108;0;30;0;0;0;0;1;B01
201400032108;0;7;0;0;2;0;15;A01
201400032109;0;7;0;0;2;2;15;A01
201400032109;0;31;0;0;2;1;1;B01
201400032110;0;30;0;0;2;0;1;B01
201400032110;0;7;0;0;2;0;15;A01
201400032111;0;7;0;1;0;1;14;A01
201400032112;0;7;0;0;2;1;1;B01
201400032112;0;7;0;0;2;1;13;A01
201400032113;0;7;0;0;2;6;19;A01
201400032113;0;33;0;0;2;0;1;B01
201400032114;0;7;0;0;1;1;15;A01
201400032115;0;7;0;0;2;1;1;B01
201400032115;0;7;0;0;2;1;5;A01
201400032116;0;7;0;0;1;5;1;A01
201400032117;0;1;0;0;2;3;1;B01
201400032117;0;2;0;0;2;5;16;A01
201400032118;0;7;0;8;1;1;16;A01
201400032119;0;7;0;0;2;3;13;A01
201400032119;0;7;0;0;2;3;1;B01
201400032120;0;7;0;0;1;1;15;A01
201400032121;0;7;0;0;2;2;2;A01
201400032121;0;33;0;0;2;8;1;B01
201400032122;0;7;0;13;2;1;14;A01
201400032123;0;7;0;0;0;0;0;A01
201400032124;0;7;0;9;2;1;1;A01
201400032124;0;7;0;0;2;3;16;B01
201400032125;0;7;0;0;2;2;15;A01
201400032125;0;33;0;0;2;8;1;B01
201400032126;0;7;0;0;2;1;1;A01
201400032126;0;7;0;0;2;4;23;B01
201400032127;0;32;0;0;2;1;1;B01
201400032127;0;7;0;0;2;1;15;A01
201400032128;0;7;0;0;1;3;1;A01
201400032129;0;7;0;0;1;2;1;A01
201400032130;0;7;0;0;2;1;1;A01
201400032130;0;32;0;1;2;8;15;B01
201400032131;0;30;0;0;1;1;1;A01
201400032132;0;7;0;0;1;1;17;A01
201400032133;0;7;0;0;2;4;23;B01
201400032133;0;7;0;0;2;1;1;A01
201400032134;0;7;0;0;2;1;15;A01
201400032134;0;7;0;0;2;3;1;B01
201400032135;0;30;0;0;2;4;0;B01
201400032135;0;7;0;0;2;2;0;A01
201400032136;0;7;0;0;1;3;15;A01
201400032137;0;2;0;8;0;1;0;A01
201400032138;0;7;0;0;2;7;1;A01
201400032138;0;7;0;0;2;1;1;B01
201400032139;2;7;0;8;0;1;6;A01
201400032140;0;33;0;0;2;1;9;A01
201400032140;0;7;0;0;2;2;1;B01
201400032141;0;20;0;8;0;1;1;A01
201400032142;0;7;0;0;2;1;1;A01
201400032142;0;7;0;0;2;4;23;B01
201400032143;0;7;0;0;2;3;1;A01
201400032143;0;7;0;0;2;2;1;B01
201400032144;0;7;0;14;0;1;14;A01
201400032145;0;7;0;0;2;3;1;B01
201400032145;0;2;0;0;2;1;1;A01
201400032146;0;7;0;6;0;7;1;A01
201400032147;0;30;0;0;1;1;0;A01
201400032148;0;33;0;0;2;2;16;A01
201400032148;0;7;0;0;2;3;1;B01
201400032149;0;7;0;0;2;1;1;A01
201400032149;0;7;0;0;2;1;1;B01
201400032150;0;7;0;0;2;1;13;A01
201400032150;0;7;0;0;2;1;1;B01
201400032151;0;31;0;0;0;0;0;A01
201400032152;0;2;0;0;0;9;1;A01
201400032153;0;34;0;3;2;0;12;A01
201400032153;0;7;0;0;2;3;1;B01
201400032154;0;34;0;0;2;3;15;B01
201400032154;0;7;0;0;2;3;15;A01
201400032155;0;7;0;0;2;3;1;B01
201400032155;0;7;0;0;2;7;15;A01
201400032156;0;7;0;0;2;7;15;A01
201400032156;0;10;0;0;2;1;1;B01
201400032157;1;7;0;0;2;2;14;Z01
201400032157;0;1;0;0;2;4;1;B01
201400032158;0;7;0;0;1;3;21;A01
201400032159;0;7;0;0;2;8;15;B01
201400032159;0;32;0;0;2;7;17;A01
201400032160;0;31;0;0;2;7;1;B01
201400032160;0;7;0;0;2;1;9;A01
201400032161;0;7;0;0;2;1;9;A01
201400032161;0;31;0;0;2;7;1;B01
201400032162;0;7;0;0;1;1;1;A01
201400032163;0;7;0;0;0;1;15;A01
201400032163;0;7;0;0;2;2;1;B01
201400032164;0;33;0;0;2;7;1;A01
201400032164;0;7;0;0;0;5;19;B01
201400032165;0;7;0;0;2;2;15;A01
201400032165;0;31;0;0;2;1;1;B01
201400032166;0;7;0;0;2;1;2;A01
201400032166;0;7;0;0;0;4;2;B01
201400032166;0;7;0;0;0;4;2;C01
201400032167;0;7;0;1;1;2;1;A01
201400032168;0;31;0;0;2;1;2;A01
201400032168;0;7;0;0;2;7;15;B01
201400032169;0;7;0;0;0;5;1;A01
201400032169;0;37;4;0;2;2;1;B01
201400032170;0;7;0;0;2;6;11;A01
201400032170;0;33;0;0;2;2;1;B01
201400032171;0;7;0;0;2;8;11;A01
201400032171;0;10;0;0;2;1;1;B01
201400032172;0;7;0;6;0;9;1;A01
201400032173;0;10;0;0;2;6;2;A01
201400032173;0;14;0;0;2;3;2;B01
201400032174;0;7;0;0;2;1;13;A01
201400032174;0;7;0;0;2;3;1;B01
201400032175;0;7;0;0;2;1;1;A01
201400032175;0;7;0;0;2;1;1;B01
201400032176;0;7;0;0;0;1;14;A01
201400032177;0;7;0;0;1;1;1;A01
201400032178;1;7;0;0;0;0;0;Z01
201400032178;0;2;0;0;0;1;1;B01
201400032179;0;7;0;1;0;9;0;A01
201400032180;0;7;0;0;2;1;13;A01
201400032180;0;7;0;0;2;3;1;B01
201400032180;0;7;0;0;2;1;1;C01
201400032181;0;7;0;0;2;1;15;B01
201400032181;0;7;0;0;2;8;1;A01
201400032182;0;7;0;0;1;3;1;A01
201400032183;0;7;0;0;2;5;15;A01
201400032183;0;2;0;0;2;1;1;Z01
201400032184;0;7;0;0;1;2;1;A01
201400032185;0;7;0;0;0;9;1;A01
201400032186;0;1;0;0;2;1;1;B01
201400032186;0;7;0;0;2;1;9;A01
201400032187;0;7;0;0;2;7;1;B01
201400032187;0;7;0;0;2;1;1;A01
201400032188;0;7;0;0;2;6;4;A01
201400032188;0;30;0;0;0;0;0;B01
201400032189;0;7;0;0;2;1;1;A01
201400032189;0;7;0;0;2;2;1;B01
201400032190;0;7;0;9;2;1;1;A01
201400032190;0;7;0;0;2;3;1;B01
201400032191;0;7;0;0;2;3;1;A01
201400032191;0;7;0;0;2;3;1;B01
201400032192;0;7;0;0;1;3;1;A01
201400032193;0;2;0;0;1;1;1;A01
201400032194;0;7;0;0;1;1;0;A01
201400032195;0;7;0;0;2;1;15;A01
201400032195;0;7;0;0;0;8;1;B01
201400032196;0;7;0;0;2;2;17;A01
201400032196;0;34;0;0;2;1;1;B01
201400032197;0;7;0;0;2;1;1;A01
201400032197;0;7;0;3;0;7;1;B01
201400032198;0;7;0;6;0;1;16;A01
201400032199;0;1;0;12;0;1;0;A01
201400032200;0;7;0;0;1;1;15;A01
201400032201;0;7;0;0;0;0;1;A01
201400032202;0;7;0;0;1;1;1;A01
201400032203;0;7;0;0;2;1;1;A01
201400032203;0;7;0;6;2;1;1;B01
201400032204;0;7;0;14;0;1;2;A01
201400032204;0;7;0;0;0;4;23;B01
201400032205;0;1;0;0;0;0;0;A01
201400032206;0;7;0;0;1;3;15;A01
201400032207;0;7;0;0;2;2;1;A01
201400032207;0;7;0;0;2;3;15;B01
201400032208;0;33;0;0;2;1;2;A01
201400032208;0;7;0;0;0;4;2;B01
201400032209;0;7;0;0;2;1;1;B01
201400032209;0;7;0;0;2;3;1;A01
201400032210;0;7;0;0;1;3;1;A01
201400032211;0;7;0;0;2;1;2;A01
201400032211;0;7;0;0;0;4;2;B01
201400032212;0;2;0;0;2;4;0;B01
201400032212;1;7;0;0;2;1;16;Z01
201400032213;0;7;0;0;2;8;15;A01
201400032213;0;2;0;0;2;7;17;B01
201400032214;0;7;0;0;2;1;13;A01
201400032214;0;7;0;0;2;1;0;B01
201400032215;0;34;0;0;0;0;0;A01
201400032216;0;7;0;0;2;5;19;A01
201400032216;0;20;0;0;2;1;1;B01
201400032216;0;10;0;0;2;3;23;C01
201400032217;0;10;0;0;1;1;1;A01
201400032218;0;7;0;0;0;7;15;A01
201400032218;0;33;0;0;2;1;1;B01
201400032219;1;7;0;7;1;2;1;Z01
201400032220;0;7;0;0;0;0;1;A01
201400032220;0;33;0;0;0;0;1;B01
201400032221;0;7;0;0;0;6;10;A01
201400032221;0;7;0;0;2;1;17;B01
201400032222;0;3;0;0;2;3;13;A01
201400032222;0;7;0;0;2;3;1;B01
201400032223;0;7;0;0;2;3;15;A01
201400032223;0;33;0;0;0;6;1;B01
201400032224;0;7;0;0;2;7;2;B01
201400032224;0;7;0;0;2;1;1;A01
201400032225;0;7;0;0;1;3;1;A01
201400032226;0;10;0;0;2;3;11;A01
201400032226;0;10;0;0;2;8;1;B01
201400032227;0;7;0;0;2;2;1;B01
201400032227;0;7;0;0;2;2;5;A01
201400032228;0;7;0;0;1;0;0;A01
201400032229;0;99;0;0;1;6;4;A01
201400032230;0;30;0;0;0;4;2;B01
201400032230;1;7;0;0;9;1;1;Z01
201400032231;0;7;0;0;0;3;21;A01
201400032231;0;7;0;0;0;6;16;B01
201400032232;0;7;0;0;0;1;2;A01
201400032232;0;7;0;0;0;4;2;B01
201400032232;0;7;0;0;0;4;2;C01
201400032233;0;20;0;0;1;7;20;A01
201400032234;0;13;0;0;1;2;19;A01
201400032235;0;7;0;0;2;2;15;A01
201400032235;0;33;0;0;2;1;1;B01
201400032236;0;7;0;0;2;2;17;A01
201400032236;0;2;0;0;2;6;15;B01
201400032237;1;99;0;0;0;0;0;Z01
201400032237;0;7;0;0;2;4;4;A01
201400032237;1;10;0;0;0;0;0;X01
201400032238;0;2;0;0;2;1;1;B01
201400032238;0;34;0;0;2;1;15;A01
201400032239;0;7;0;0;2;1;1;A01
201400032239;0;7;0;0;2;4;1;B01
201400032240;0;7;0;0;2;1;13;A01
201400032240;0;7;0;0;2;1;1;B01
201400032240;0;7;0;0;2;3;1;C01
201400032241;0;7;0;0;1;1;1;A01
201400032242;1;7;0;0;1;0;0;Z01
201400032243;0;7;0;0;1;8;1;A01
201400032244;0;1;0;0;2;4;0;B01
201400032244;0;3;0;0;2;3;9;A01
201400032245;0;7;0;0;2;2;14;A01
201400032245;0;1;0;0;2;4;1;B01
201400032246;0;10;0;0;1;3;1;A01
201400032247;0;33;0;0;2;1;17;A01
201400032247;0;14;0;0;2;3;15;B01
201400032248;0;7;0;0;1;1;15;A01
201400032249;0;7;0;0;1;7;1;A01
201400032250;0;7;0;0;2;3;13;A01
201400032250;0;7;0;0;2;1;1;B01
201400032251;0;10;0;0;1;1;0;A01
201400032252;0;7;0;0;2;4;23;D01
201400032252;0;7;0;0;2;6;23;C01
201400032252;0;7;0;0;2;3;2;A01
201400032252;0;7;0;0;2;5;23;B01
201400032253;0;7;0;3;0;1;1;A01
201400032254;0;2;0;12;0;1;7;A01
201400032255;0;1;0;0;0;0;15;A01
201400032256;0;2;0;0;2;1;17;A01
201400032256;0;7;0;0;2;8;15;B01
201400032257;0;30;0;0;2;2;1;B01
201400032257;0;7;0;0;0;3;16;A01
201400032258;0;30;0;0;2;1;1;B01
201400032258;0;7;0;0;2;7;15;A01
201400032259;0;7;0;0;2;7;15;A01
201400032259;0;33;0;0;2;1;1;B01
201400032260;0;31;0;0;2;1;1;B01
201400032260;0;7;0;0;0;3;15;A01
201400032261;0;33;0;0;1;2;16;A01
201400032262;0;7;0;0;2;5;15;A01
201400032262;0;30;0;0;2;1;16;B01
201400032263;0;7;0;0;2;2;15;A01
201400032263;0;32;0;0;2;1;1;B01
201400032264;0;31;0;0;2;0;2;A01
201400032265;0;2;0;0;2;1;15;A01
201400032265;0;7;0;0;2;2;1;B01
201400032266;0;33;0;1;2;2;1;B01
201400032266;0;10;0;0;2;1;16;A01
201400032267;0;7;0;0;2;8;1;C01
201400032267;0;7;0;0;2;3;17;A01
201400032267;0;7;0;0;2;3;1;B01
201400032268;0;30;0;0;2;1;2;A01
201400032268;0;7;0;0;0;4;23;B01
201400032269;0;7;0;0;2;3;10;A01
201400032269;0;32;0;0;2;1;17;B01
201400032270;0;7;0;0;1;2;1;A01
201400032271;0;33;0;0;0;7;16;A01
201400032272;0;7;0;0;0;3;15;B01
201400032272;0;7;0;0;2;3;1;A01
201400032273;0;7;0;0;2;2;15;A01
201400032273;0;2;0;0;2;1;1;B01
201400032274;0;7;0;0;0;6;23;C01
201400032274;0;7;0;0;2;3;23;B01
201400032274;0;33;0;11;0;1;1;A01
201400032275;0;31;0;0;2;1;1;B01
201400032275;0;7;0;0;0;7;15;A01
201400032276;0;14;0;0;2;1;1;B01
201400032276;0;33;0;0;2;1;19;A01
201400032277;0;7;0;0;0;4;1;B01
201400032277;0;7;0;0;2;1;1;A01
201400032278;0;7;0;0;2;3;19;A01
201400032278;0;2;0;0;2;1;1;B01
201400032279;0;7;0;0;0;3;22;A01
201400032279;0;1;0;1;0;1;1;B01
201400032280;0;1;0;0;2;4;7;B01
201400032280;0;7;0;8;2;1;1;A01
201400032281;0;1;0;16;0;0;1;A01
201400032282;0;2;0;0;2;1;7;A01
201400032282;0;7;0;0;0;5;16;B01
201400032283;0;33;0;0;2;1;13;A01
201400032283;0;7;0;0;2;8;15;B01
201400032284;0;7;0;0;0;6;15;A01
201400032284;0;33;0;0;2;1;17;B01
201400032285;0;31;0;0;2;1;7;A01
201400032285;0;7;0;0;0;4;16;B01
201400032286;0;2;0;0;0;8;1;A01
201400032287;0;33;0;0;0;8;1;A01
201400032288;0;7;0;0;2;3;1;B01
201400032288;0;34;0;0;2;1;13;A01
201400032289;0;7;0;0;2;4;23;B01
201400032289;0;7;0;0;2;1;2;A01
201400032290;0;7;0;0;0;8;1;C01
201400032290;0;7;0;0;2;3;1;B01
201400032290;0;33;0;0;2;1;16;A01
201400032291;0;32;0;12;0;1;14;A01
201400032292;0;7;0;0;2;4;2;B01
201400032292;0;2;0;0;2;1;2;A01
201400032293;0;2;0;12;0;0;13;A01
201400032294;0;31;0;0;5;1;21;B01
201400032295;0;7;0;0;2;2;1;B01
201400032295;0;7;0;0;2;3;19;A01
201400032296;0;7;0;0;0;1;15;A01
201400032296;0;33;0;0;2;1;17;B01
201400032297;0;7;0;12;0;9;1;A01
201400032298;0;7;0;0;2;4;2;B01
201400032298;0;7;0;0;2;4;2;C01
201400032298;0;7;0;0;2;1;2;A01
201400032299;0;7;0;0;0;6;2;B01
201400032299;0;2;0;0;2;1;2;A01
201400032300;0;7;0;0;2;1;1;A01
201400032300;0;7;0;0;2;6;19;B01
201400032301;0;7;0;7;2;1;17;A01
201400032301;0;7;0;0;2;2;1;B01
201400032302;0;30;0;6;0;7;1;A01
201400032303;0;32;0;0;2;1;23;B01
201400032303;0;3;0;0;2;3;13;A01
201400032304;0;2;0;9;0;1;14;A01
201400032305;0;2;0;0;2;1;1;B01
201400032305;0;7;0;0;0;7;1;A01
201400032306;0;2;0;0;0;0;21;A01
201400032307;0;7;0;0;2;3;13;A01
201400032307;0;10;0;0;2;2;1;C01
201400032307;0;30;0;0;2;1;1;B01
201400032308;0;7;0;0;2;2;16;B01
201400032308;0;2;0;0;2;1;7;A01
201400032309;0;2;0;0;0;0;16;A01
201400032310;0;33;0;0;2;1;1;B01
201400032310;0;7;0;0;0;7;10;A01
201400032311;0;7;0;0;2;7;16;A01
201400032311;0;33;0;0;2;1;21;B01
201400032312;0;33;0;12;0;1;0;A01
201400032313;0;33;0;14;0;1;17;A01
201400032314;0;10;0;0;0;3;15;B01
201400032314;0;2;0;0;2;1;17;A01
201400032315;0;31;0;15;0;1;15;A01
201400032316;0;30;0;0;2;1;2;A01
201400032316;0;30;0;0;0;4;23;B01
201400032317;1;7;0;0;1;0;0;Z01
201400032318;0;33;0;0;2;7;17;A01
201400032318;0;7;0;0;0;8;15;B01
201400032319;0;7;0;0;2;1;1;A01
201400032319;0;7;0;0;1;4;23;B01
201400032320;0;7;0;4;0;3;21;A01
201400032321;0;7;0;0;2;3;15;A01
201400032321;0;2;0;0;2;1;17;B01
201400032322;0;30;0;11;0;1;1;A01
201400032323;0;7;0;0;2;3;15;B01
201400032323;0;33;0;0;2;1;17;A01
201400032324;0;31;0;0;0;0;1;B01
201400032324;0;17;0;0;0;0;1;A01
201400032325;0;10;0;0;2;3;1;C01
201400032325;0;7;0;0;2;3;16;B01
201400032325;0;7;0;0;2;9;16;A01
201400032326;0;2;0;0;2;1;1;B01
201400032326;0;10;0;0;2;7;15;A01
201400032327;0;7;0;0;2;2;21;B01
201400032327;0;2;0;0;2;8;19;A01
201400032328;0;32;0;0;0;7;21;A01
201400032329;0;2;0;0;0;8;1;A01
201400032330;0;7;0;0;2;3;1;B01
201400032330;0;33;0;0;2;5;16;A01
201400032331;0;33;0;0;2;1;1;A01
201400032331;0;7;0;0;0;5;14;B01
201400032332;0;33;0;0;0;0;0;A01
201400032333;0;2;0;0;1;1;1;A01
201400032334;0;10;0;0;2;1;9;B01
201400032334;0;7;0;0;0;4;9;A01
201400032335;0;7;0;1;0;1;14;A01
201400032336;0;7;0;0;2;3;17;B01
201400032336;0;7;0;0;2;3;1;C01
201400032336;0;2;0;0;2;1;17;A01
201400032337;0;7;0;0;0;0;15;A01
201400032337;0;7;0;7;0;8;21;B01
201400032338;0;30;0;0;0;0;1;A01
201400032339;0;7;0;0;1;0;1;A01
201400032340;0;30;0;0;2;3;1;B01
201400032340;0;7;0;0;2;1;15;A01
201400032341;0;30;0;0;0;0;1;A01
201400032342;0;33;0;0;0;7;1;A01
201400032343;0;7;0;0;2;7;14;A01
201400032343;0;30;0;0;2;7;7;B01
201400032344;0;7;0;0;2;5;16;B01
201400032344;0;31;0;0;2;1;7;A01
201400032345;0;30;0;0;2;1;2;A01
201400032345;0;30;0;0;0;4;2;B01
201400032346;0;7;0;0;1;2;1;A01
201400032347;0;2;0;0;2;1;7;A01
201400032347;0;7;0;0;0;6;9;B01
201400032348;0;2;0;0;0;0;1;A01
201400032349;0;7;0;0;1;0;1;A01
201400032350;0;7;0;0;0;6;15;B01
201400032350;0;1;0;0;2;1;1;A01
201400032351;0;7;0;0;2;1;15;A01
201400032351;0;33;0;0;2;1;1;B01
201400032352;0;7;0;0;1;7;1;A01
201400032353;0;7;0;0;0;6;11;A01
201400032353;0;30;0;0;2;2;1;B01
201400032353;0;7;0;0;0;3;1;C01
201400032354;0;33;0;0;0;8;0;A01
201400032355;0;10;0;0;2;7;16;B01
201400032355;0;2;0;0;2;0;7;A01
201400032356;0;2;0;0;2;1;1;B01
201400032356;0;7;0;0;2;2;0;A01
201400032357;0;10;0;13;0;2;0;A01
201400032358;0;2;0;0;2;3;1;B01
201400032358;0;7;0;0;0;2;12;A01
201400032359;0;7;0;0;2;3;15;B01
201400032359;0;2;0;0;2;8;1;A01
201400032360;0;1;0;0;1;1;0;A01
201400032361;0;2;0;0;2;8;2;A01
201400032361;1;7;0;0;2;7;14;Z01
201400032362;0;31;0;0;0;8;21;A01
201400032363;0;2;0;11;0;1;1;A01
201400032364;0;2;0;0;2;1;7;A01
201400032364;0;7;0;0;0;6;7;B01
201400032365;0;7;0;0;2;1;21;A01
201400032365;0;7;0;0;2;4;23;B01
201400032365;0;7;0;0;2;5;23;C01
201400032366;0;1;0;14;0;0;1;A01
201400032367;0;7;0;0;0;8;1;B01
201400032367;0;7;0;0;1;8;1;A01
201400032368;0;33;0;0;0;8;1;A01
201400032369;0;7;0;0;0;3;9;A01
201400032369;0;2;0;0;2;1;1;B01
201400032370;0;2;0;0;2;4;23;B01
201400032370;0;7;0;0;2;1;2;A01
201400032371;0;7;0;0;2;1;1;B01
201400032371;0;10;0;0;0;1;13;A01
201400032372;0;7;0;0;2;1;13;A01
201400032372;0;7;0;0;2;1;1;B01
201400032373;0;7;0;0;2;8;13;A01
201400032373;1;2;0;0;2;1;17;Z01
201400032374;0;10;0;0;1;4;4;A01
201400032375;0;10;0;0;9;2;1;B01
201400032375;0;30;0;0;2;8;9;A01
201400032376;0;7;0;0;9;2;1;B01
201400032376;0;2;0;0;2;1;9;A01
201400032377;0;1;0;14;0;7;13;A01
201400032378;0;7;0;0;2;3;9;A01
201400032378;0;1;0;0;2;2;1;B01
201400032379;0;31;0;0;2;1;1;A01
201400032379;0;10;0;0;2;6;1;B01
201400032380;0;33;0;2;0;0;1;A01
201400032381;0;7;0;0;2;6;2;B01
201400032381;0;33;0;0;2;1;2;A01
201400032382;0;2;0;0;9;1;2;A01
201400032382;0;2;0;0;9;4;23;B01
201400032383;0;2;0;0;0;0;2;A01
201400032384;0;7;0;0;2;3;15;B01
201400032384;0;31;0;0;2;2;17;A01
201400032385;0;33;0;0;2;1;2;A01
201400032385;0;33;0;0;2;5;15;B01
201400032386;0;2;0;0;0;8;0;A01
201400032387;0;7;0;0;2;1;5;A01
201400032387;0;7;0;0;2;1;1;B01
201400032388;0;7;0;0;1;1;15;A01
201400032389;0;30;0;0;0;1;0;A01
201400032390;0;7;0;0;2;8;13;A01
201400032390;0;2;0;0;2;1;1;B01
201400032391;0;2;0;0;0;8;1;B01
201400032391;0;7;0;0;0;0;14;A01
201400032392;0;2;0;15;0;0;1;A01
201400032393;0;7;0;1;0;1;14;A01
201400032394;0;31;0;14;0;0;0;A01
201400032395;0;7;0;0;2;4;23;B01
201400032395;0;2;0;0;2;1;2;A01
201400032396;0;31;0;0;0;7;1;A01
201400032397;0;1;0;0;2;1;1;B01
201400032397;0;7;0;0;9;3;9;A01
201400032398;0;7;0;0;0;4;2;B01
201400032398;0;2;0;0;2;1;2;A01
201400032399;0;7;0;0;2;1;1;D01
201400032399;0;7;0;0;2;9;1;C01
201400032399;0;7;0;0;2;1;5;A01
201400032399;0;7;0;0;2;6;1;B01
201400032400;0;7;0;0;2;6;10;A01
201400032400;0;2;0;0;2;1;17;B01
201400032401;0;7;0;0;0;3;2;A01
201400032401;0;7;0;0;0;4;2;B01
201400032402;0;7;0;0;0;4;2;B01
201400032402;0;7;0;0;0;3;2;A01
201400032403;0;7;0;0;1;3;1;A01
201400032404;0;2;0;13;0;1;0;A01
201400032405;0;7;0;0;2;3;15;A01
201400032405;0;33;0;0;2;7;17;B01
201400032406;0;33;0;0;1;7;1;A01
201400032407;0;7;0;0;1;1;15;A01
201400032408;0;2;0;15;0;1;15;A01
201400032409;0;7;0;0;2;3;1;C01
201400032409;0;7;0;0;2;9;17;A01
201400032409;0;7;0;0;2;6;1;B01
201400032410;0;2;0;0;2;1;17;A01
201400032410;0;7;0;0;2;6;15;B01
201400032411;0;2;0;0;2;1;1;B01
201400032411;0;7;0;0;2;7;15;A01
201400032412;0;2;0;0;2;1;17;B01
201400032412;0;10;0;0;9;2;9;A01
201400032413;0;33;0;14;0;8;6;A01
201400032414;0;33;0;0;2;7;17;A01
201400032414;0;7;0;0;9;3;1;B01
201400032415;0;7;0;0;9;3;13;A01
201400032415;0;33;0;0;2;1;17;B01
201400032416;0;31;0;0;0;8;1;A01
201400032417;0;1;0;0;2;1;15;A01
201400032417;0;7;0;0;9;2;1;B01
201400032418;0;7;0;0;0;8;1;B01
201400032418;0;33;0;0;0;0;0;A01
201400032419;0;7;0;15;0;3;0;A01
201400032420;0;33;0;0;0;7;1;A01
201400032421;0;7;0;0;1;0;0;A01
201400032422;0;7;0;0;1;8;15;A01
201400032423;1;7;0;0;9;0;0;Z01
201400032423;0;31;0;0;2;8;2;A01
201400032424;0;33;0;0;2;1;17;B01
201400032424;0;7;0;0;9;1;9;A01
201400032425;0;1;0;0;2;1;1;B01
201400032425;0;7;0;0;9;1;15;A01
201400032426;0;7;0;6;0;1;1;A01
201400032427;0;34;0;0;2;1;1;B01
201400032427;0;7;0;0;9;1;15;A01
201400032428;0;30;0;0;2;1;17;B01
201400032428;0;10;0;0;9;1;9;A01
201400032429;0;7;0;0;1;3;15;A01
201400032430;0;7;0;0;1;3;1;A01
201400032431;0;33;0;0;2;2;17;A01
201400032431;0;7;0;0;2;3;15;B01
201400032432;0;7;0;0;2;1;1;A01
201400032432;0;7;0;0;2;4;2;B01
201400032433;0;32;0;0;2;0;1;B01
201400032433;0;7;0;0;2;0;9;A01
201400032434;0;7;0;0;2;1;2;A01
201400032434;0;7;0;0;2;4;2;C01