num_acc;senc;catv;occutc;obs;obsm;choc;manv;num_veh
201400032434;0;7;0;0;2;4;2;B01
201400032435;0;7;0;0;2;3;9;A01
201400032435;0;1;0;0;2;4;1;B01
201400032436;0;7;0;8;0;1;1;A01
201400032437;0;30;0;0;2;7;1;B01
201400032437;0;7;0;0;2;6;9;A01
201400032438;0;7;0;0;2;1;9;A01
201400032438;0;31;0;0;2;7;1;B01
201400032439;0;7;0;0;1;3;20;A01
201400032440;0;30;0;0;2;1;1;A01
201400032440;0;7;0;0;2;4;1;B01
201400032441;0;1;0;0;2;1;1;A01
201400032441;0;7;0;0;2;4;1;B01
201400032442;0;7;0;0;2;1;1;A01
201400032442;0;1;0;0;2;4;1;B01
201400032443;0;7;0;0;1;1;15;A01
201400032444;0;7;0;6;0;1;1;A01
201400032445;0;7;0;0;2;1;1;B01
201400032445;0;7;0;0;2;3;1;A01
201400032446;0;7;0;8;0;1;1;A01
201400032447;0;7;0;0;2;1;1;B01
201400032447;0;7;0;0;2;2;15;A01
201400032448;0;30;0;0;2;1;2;A01
201400032448;0;7;0;0;2;4;23;B01
201400032449;0;7;0;0;2;1;2;A01
201400032449;0;7;0;0;2;4;2;C01
201400032449;0;7;0;0;2;4;2;B01
201400032450;0;30;0;0;2;4;2;B01
201400032450;0;7;0;0;2;2;2;A01
201400032451;0;30;0;0;2;1;1;A01
201400032451;0;7;0;0;2;6;15;B01
201400032452;0;7;0;0;2;4;1;B01
201400032452;0;7;0;0;2;1;1;A01
201400032453;0;7;0;0;2;1;15;A01
201400032453;0;7;0;0;2;3;1;B01
201400032454;0;30;0;0;2;1;1;B01
201400032454;0;7;0;0;2;7;1;A01
201400032455;1;7;0;0;1;1;1;Z01
201400032456;0;31;0;0;2;7;17;B01
201400032456;0;10;0;0;2;1;15;A01
201400032457;0;7;0;0;1;1;9;A01
201400032458;0;32;0;0;2;4;1;B01
201400032458;0;7;0;0;2;2;9;A01
201400032459;0;7;0;0;1;3;9;A01
201400032460;0;7;0;0;1;2;15;A01
201400032461;0;7;0;0;2;3;1;B01
201400032461;0;7;0;0;2;1;1;A01
201400032462;0;7;0;0;1;1;1;A01
201400032463;0;30;0;0;2;8;1;B01
201400032463;0;7;0;0;2;1;15;A01
201400032464;0;33;0;0;2;1;1;B01
201400032464;0;7;0;0;2;3;15;A01
201400032465;0;7;0;0;2;4;1;C01
201400032465;0;10;0;0;2;4;1;D01
201400032465;0;7;0;0;2;4;1;B01
201400032465;0;7;0;0;2;1;1;A01
201400032466;0;31;0;0;2;5;17;A01
201400032466;0;7;0;0;2;8;15;B01
201400032467;0;30;0;0;2;8;1;A01
201400032467;0;7;0;0;2;3;15;B01
201400032468;0;33;0;0;2;4;1;B01
201400032468;0;7;0;0;2;1;1;A01
201400032469;0;33;0;0;2;3;1;B01
201400032469;0;7;0;0;2;1;1;A01
201400032470;0;1;0;0;1;1;1;A01
201400032471;0;7;0;0;2;3;10;A01
201400032471;0;32;0;0;2;1;1;B01
201400032472;0;32;0;0;2;3;15;A01
201400032472;0;30;0;0;2;3;1;B01
201400032473;0;7;0;0;2;3;15;A01
201400032473;0;32;0;0;2;1;1;B01
201400032474;0;32;0;0;2;8;2;B01
201400032474;0;7;0;0;2;5;2;A01
201400032475;0;7;0;0;2;1;2;A01
201400032475;0;7;0;0;2;4;2;C01
201400032475;0;7;0;0;2;4;2;B01
201400032476;0;7;0;0;2;7;10;A01
201400032476;0;7;0;0;2;3;1;B01
201400032476;0;7;0;0;2;3;1;C01
201400032477;0;7;0;0;2;4;1;B01
201400032477;0;7;0;0;2;1;1;A01
201400032477;0;7;0;0;2;4;1;C01
201400032478;0;7;0;0;1;1;1;A01
201400032479;0;7;0;6;0;1;1;A01
201400032480;0;7;0;0;2;1;1;B01
201400032480;0;7;0;0;2;1;15;A01
201400032481;0;7;0;0;2;2;16;B01
201400032481;0;1;0;0;2;1;5;A01
201400032482;1;31;0;0;1;1;0;Z01
201400032483;0;7;0;0;9;1;15;A01
201400032484;1;7;0;0;2;8;2;Z01
201400032484;0;2;0;0;2;7;2;B01
201400032485;0;7;0;0;1;2;19;A01
201400032486;0;7;0;0;2;1;2;A01
201400032486;0;7;0;0;2;4;2;B01
201400032487;0;7;0;0;2;3;15;A01
201400032487;0;32;0;0;2;6;1;B01
201400032488;1;7;0;0;2;4;1;Z01
201400032488;0;7;0;0;2;1;2;A01
201400032489;0;33;0;0;2;1;1;B01
201400032489;0;7;0;0;2;3;16;A01
201400032490;0;7;0;0;2;1;1;A01
201400032490;0;7;0;0;2;4;1;B01
201400032490;0;7;0;0;2;4;1;D01
201400032490;0;3;0;0;2;4;1;C01
201400032491;0;7;0;0;2;4;23;B01
201400032491;0;7;0;0;2;4;23;C01
201400032491;1;7;0;0;2;1;1;Z01
201400032492;0;7;0;0;2;5;14;A01
201400032492;0;30;0;0;2;1;1;B01
201400032493;0;7;0;0;2;1;13;A01
201400032493;0;7;0;0;2;1;1;B01
201400032494;0;7;0;0;2;2;1;B01
201400032494;0;10;0;0;2;3;1;A01
201400032495;0;7;0;0;2;3;15;A01
201400032495;0;2;0;0;2;1;1;B01
201400032496;0;7;0;0;2;3;15;B01
201400032496;0;30;0;0;2;7;17;A01
201400032497;0;7;0;0;2;1;2;A01
201400032497;0;7;0;0;2;4;2;B01
201400032497;0;7;0;0;2;4;2;C01
201400032498;0;30;0;0;2;1;2;A01
201400032498;0;7;0;0;2;4;2;B01
201400032499;0;33;0;0;2;1;17;B01
201400032499;0;7;0;0;2;3;9;A01
201400032500;0;7;0;0;1;7;1;A01
201400032501;0;7;0;0;2;3;1;B01
201400032501;0;30;0;0;2;3;19;A01
201400032502;0;7;0;0;2;4;2;B01
201400032502;0;7;0;0;2;1;2;A01
201400032503;0;7;0;0;2;2;9;B01
201400032503;0;30;0;0;2;3;17;A01
201400032504;0;30;0;2;1;1;1;A01
201400032505;0;2;0;0;2;1;1;B01
201400032505;0;7;0;0;2;0;22;A01
201400032506;0;7;0;0;2;1;2;A01
201400032506;0;7;0;0;2;4;1;B01
201400032507;0;7;0;0;2;1;15;A01
201400032507;0;7;0;0;2;1;1;B01
201400032508;0;7;0;0;2;4;1;B01
201400032508;0;37;1;0;2;1;1;A01
201400032509;0;10;0;0;2;1;1;B01
201400032509;0;7;0;0;2;8;15;A01
201400032510;0;7;0;0;2;4;23;B01
201400032510;0;32;0;0;2;1;1;A01
201400032511;0;32;0;0;2;1;1;B01
201400032511;0;7;0;0;2;7;15;A01
201400032512;0;32;0;0;1;1;1;A01
201400032513;0;7;0;0;2;7;23;B01
201400032513;0;30;0;0;2;7;9;A01
201400032514;0;7;0;0;2;4;1;B01
201400032514;0;7;0;0;2;1;1;A01
201400032515;0;33;0;6;0;2;14;A01
201400032516;0;13;0;0;2;2;16;A01
201400032516;0;1;0;0;2;8;1;B01
201400032517;0;30;0;0;2;1;1;B01
201400032517;0;7;0;0;2;8;14;A01
201400032518;0;7;0;0;2;3;15;B01
201400032518;0;33;0;0;2;1;17;A01
201400032519;0;7;0;0;2;1;1;A01
201400032519;0;7;0;0;2;4;1;B01
201400032520;0;2;0;0;2;7;1;B01
201400032520;0;7;0;0;2;1;1;A01
201400032521;0;7;0;0;2;1;1;A01
201400032521;0;7;0;0;2;6;1;B01
201400032522;0;2;0;0;2;1;1;A01
201400032522;0;7;0;0;2;2;16;B01
201400032523;0;7;0;0;2;3;1;B01
201400032523;0;10;0;0;2;1;15;A01
201400032524;0;7;0;15;2;8;1;B01
201400032524;0;7;0;0;2;1;5;A01
201400032524;0;7;0;0;2;1;1;C01
201400032525;0;34;0;0;2;1;1;A01
201400032525;0;7;0;0;0;3;15;B01
201400032526;0;30;0;0;2;2;5;A01
201400032526;0;7;0;0;2;2;1;B01
201400032527;0;7;0;0;2;4;1;B01
201400032527;0;7;0;0;2;1;2;A01
201400032528;0;30;0;0;2;1;18;A01
201400032528;0;7;0;0;2;2;15;B01
201400032529;0;7;0;0;2;1;2;A01
201400032529;0;7;0;0;2;4;2;B01
201400032530;0;7;0;0;1;1;1;A01
201400032531;0;30;0;0;2;1;1;B01
201400032531;0;7;0;0;2;1;15;A01
201400032532;0;7;0;0;2;7;15;B01
201400032532;0;7;0;0;2;1;18;A01
201400032533;0;7;0;0;2;1;20;A01
201400032533;0;31;0;0;2;7;1;B01
201400032534;0;30;0;0;2;8;1;B01
201400032534;0;7;0;0;2;1;9;A01
201400032535;0;1;0;0;0;0;0;B01
201400032535;0;7;0;0;2;0;15;A01
201400032536;0;7;0;0;2;1;14;A01
201400032537;0;7;0;0;2;1;2;A01
201400032537;0;7;0;0;2;4;2;B01
201400032538;0;7;0;0;2;8;1;B01
201400032538;0;30;0;0;2;1;15;A01
201400032539;0;7;0;0;2;2;1;B01
201400032539;0;30;0;0;2;1;9;A01
201400032540;0;7;0;0;2;7;1;B01
201400032540;0;7;0;0;2;1;9;A01
201400032541;0;7;0;0;2;1;2;A01
201400032541;0;7;0;0;2;4;2;B01
201400032541;0;7;0;0;2;4;2;C01
201400032542;0;7;0;0;2;1;2;A01
201400032542;0;7;0;0;2;4;2;B01
201400032542;0;7;0;0;2;4;2;C01
201400032543;0;7;0;0;2;8;15;B01
201400032543;0;30;0;0;2;1;17;A01
201400032544;0;7;0;0;2;7;15;A01
201400032544;0;32;0;0;2;1;1;B01
201400032545;0;7;0;0;2;6;1;B01
201400032545;0;7;0;0;2;1;9;A01
201400032546;0;7;0;0;2;4;23;B01
201400032546;0;7;0;0;2;1;1;A01
201400032547;0;30;0;0;2;1;1;B01
201400032547;0;7;0;0;2;2;16;A01
201400032548;0;1;0;0;1;1;5;A01
201400032549;0;1;0;0;1;1;1;A01
201400032550;0;1;0;0;2;1;1;A01
201400032550;0;7;0;0;2;4;20;B01
201400032551;0;7;0;0;2;2;1;B01
201400032551;0;7;0;0;2;1;1;A01
201400032552;0;7;0;0;2;1;13;A01
201400032552;0;7;0;0;2;1;1;B01
201400032553;0;7;0;0;2;4;23;B01
201400032553;0;7;0;0;2;4;23;C01
201400032553;0;7;0;0;2;1;2;A01
201400032554;0;7;0;0;2;6;10;A01
201400032554;0;7;0;0;2;2;1;B01
201400032555;0;30;0;0;2;2;17;A01
201400032555;0;7;0;0;2;3;15;B01
201400032556;0;7;0;1;2;1;1;A01
201400032557;0;30;0;0;2;7;15;B01
201400032557;0;7;0;0;2;8;15;A01
201400032558;0;15;0;0;2;8;1;B01
201400032558;0;7;0;0;2;1;13;A01
201400032559;0;31;0;0;2;8;1;B01
201400032559;0;7;0;0;2;3;15;A01
201400032560;0;7;0;0;2;4;23;B01
201400032560;0;7;0;0;2;1;1;A01
201400032561;0;7;0;0;2;7;16;A01
201400032561;0;1;0;0;2;8;1;B01
201400032562;0;7;0;0;2;1;1;A01
201400032562;0;7;0;0;2;8;4;B01
201400032563;0;7;0;0;2;3;1;A01
201400032563;0;1;0;0;2;7;1;B01
201400032564;0;33;0;0;2;2;17;A01
201400032564;0;7;0;0;2;3;10;B01
201400032565;0;7;0;0;2;4;23;C01
201400032565;0;7;0;0;2;1;1;A01
201400032565;0;7;0;0;2;4;23;B01
201400032566;0;7;0;0;2;8;1;A01
201400032566;0;1;0;0;2;7;1;B01
201400032567;0;7;0;0;2;4;23;B01
201400032567;0;7;0;0;2;1;1;A01
201400032568;0;7;0;0;2;4;1;B01
201400032568;0;7;0;0;2;1;1;A01
201400032568;0;7;0;0;2;4;23;C01
201400032569;0;7;0;0;2;1;15;A01
201400032569;0;1;0;0;2;7;1;B01
201400032570;0;7;0;0;2;4;10;A01
201400032570;0;7;0;0;2;2;1;B01
201400032571;1;7;0;0;2;1;1;Z01
201400032571;0;7;0;0;2;4;1;B01
201400032572;0;7;0;0;2;4;23;C01
201400032572;0;7;0;0;2;4;1;B01
201400032572;0;7;0;0;2;1;1;A01
201400032573;0;7;0;0;2;1;16;A01
201400032573;0;7;0;0;2;7;1;B01
201400032574;0;7;0;0;1;4;4;A01
201400032575;0;7;0;0;2;1;1;A01
201400032575;0;7;0;0;2;4;23;B01
201400032576;0;7;0;0;2;7;1;B01
201400032576;0;30;0;0;2;8;18;A01
201400032577;0;10;0;0;2;3;1;A01
201400032577;0;10;0;0;2;1;1;B01
201400032578;0;7;0;0;2;7;13;A01
201400032578;0;7;0;0;2;3;1;B01
201400032579;0;7;0;0;1;1;1;A01
201400032580;0;7;0;0;2;3;9;A01
201400032580;0;33;0;0;2;1;1;B01
201400032581;0;7;0;0;2;1;1;B01
201400032581;0;7;0;0;2;1;17;A01
201400032581;0;7;0;0;2;1;1;C01
201400032582;0;33;0;0;2;7;1;B01
201400032582;0;30;0;0;2;8;13;A01
201400032583;0;7;0;0;2;1;9;B01
201400032583;0;30;0;0;2;1;9;A01
201400032584;0;7;0;0;2;2;16;A01
201400032584;0;1;0;0;2;1;1;B01
201400032585;0;2;0;0;2;1;1;B01
201400032585;0;7;0;0;2;7;1;A01
201400032586;0;7;0;0;1;3;15;A01
201400032587;0;7;0;0;2;1;1;D01
201400032587;0;7;0;0;2;1;2;A01
201400032587;0;7;0;0;2;1;1;B01
201400032587;0;7;0;0;2;1;1;C01
201400032588;0;7;0;9;0;2;0;A01
201400032589;0;7;0;0;1;5;4;A01
201400032590;0;7;0;0;2;1;1;A01
201400032590;0;1;0;0;2;4;1;B01
201400032591;0;2;0;0;2;7;1;B01
201400032591;0;7;0;0;2;2;16;A01
201400032592;0;7;0;0;1;1;1;A01
201400032593;0;7;0;0;2;2;1;A01
201400032593;0;2;0;0;2;3;1;B01
201400032594;0;38;10;0;2;6;7;B01
201400032594;0;7;0;0;2;5;16;A01
201400032595;0;7;0;0;1;2;1;A01
201400032596;0;7;0;0;2;4;1;B01
201400032596;0;30;0;0;2;1;2;A01
201400032597;0;1;0;0;2;1;1;B01
201400032597;0;7;0;0;2;6;9;A01
201400032598;0;7;0;0;2;2;1;B01
201400032598;0;7;0;0;2;1;1;A01
201400032599;0;33;0;0;2;1;17;A01
201400032599;0;7;0;0;2;8;15;B01
201400032600;0;7;0;0;2;2;1;B01
201400032600;0;30;0;0;2;1;1;A01
201400032601;0;7;0;0;2;1;15;B01
201400032601;0;7;0;0;2;2;1;A01
201400032602;0;7;0;0;2;3;9;A01
201400032602;0;1;0;0;2;1;1;B01
201400032603;0;7;0;0;2;4;23;B01
201400032603;1;7;0;0;2;1;1;A01
201400032604;0;7;0;0;2;8;1;B01
201400032604;0;7;0;0;2;1;9;A01
201400032605;0;7;0;0;2;3;1;A01
201400032605;0;2;0;0;2;1;1;B01
201400032606;0;1;0;0;2;7;1;B01
201400032606;0;7;0;0;2;3;1;A01
201400032607;0;7;0;0;2;4;23;B01
201400032607;0;30;0;0;2;1;1;A01
201400032608;0;7;0;0;1;1;16;A01
201400032609;0;1;0;1;2;1;1;A01
201400032610;0;7;0;0;1;1;1;A01
201400032611;0;30;0;0;2;8;1;B01
201400032611;0;7;0;0;2;5;16;A01
201400032612;0;7;0;0;2;5;23;B01
201400032612;0;1;0;0;2;1;1;A01
201400032613;1;33;0;0;1;0;1;Z01
201400032614;0;2;0;0;2;1;17;A01
201400032614;0;7;0;0;2;0;15;B01
201400032615;0;7;0;0;0;1;1;A01
201400032615;0;7;0;0;0;4;1;B01
201400032616;0;7;0;0;1;3;20;A01
201400032617;0;14;0;0;2;2;1;A01
201400032617;0;7;0;0;2;4;1;C01
201400032617;0;10;0;0;2;1;1;D01
201400032617;0;7;0;0;2;4;1;B01
201400032618;0;32;0;0;2;7;1;B01
201400032618;0;7;0;0;2;1;16;A01
201400032619;0;7;0;0;1;1;1;A01
201400032620;0;7;0;0;1;3;15;A01
201400032621;0;7;0;0;2;4;1;B01
201400032621;0;7;0;0;2;1;2;A01
201400032622;0;7;0;0;1;1;1;A01
201400032623;0;7;0;0;2;4;1;B01
201400032623;0;7;0;0;2;4;1;C01
201400032623;0;15;0;0;2;1;1;A01
201400032624;0;7;0;0;2;6;20;A01
201400032624;0;30;0;0;2;1;1;B01
201400032625;0;7;0;0;1;1;15;A01
201400032626;0;7;0;0;2;1;1;A01
201400032626;0;7;0;0;2;4;1;B01
201400032627;0;2;0;0;2;1;1;A01
201400032627;0;7;0;0;2;8;15;B01
201400032628;0;7;0;0;2;1;13;A01
201400032628;0;7;0;0;2;1;1;B01
201400032629;0;7;0;0;2;4;1;B01
201400032629;0;7;0;0;2;1;2;A01
201400032630;0;7;0;0;2;8;1;B01
201400032630;0;7;0;0;2;3;13;A01
201400032631;0;7;0;0;2;3;9;A01
201400032631;0;7;0;0;2;1;1;B01
201400032632;0;7;0;0;0;1;1;C01
201400032632;0;33;0;0;2;1;0;A01
201400032632;0;7;0;0;2;3;1;B01
201400032633;0;7;0;0;2;1;23;B01
201400032633;1;7;0;0;2;1;1;Z01
201400032634;0;7;0;0;0;1;17;A01
201400032635;0;7;0;0;2;1;1;B01
201400032635;0;7;0;0;2;8;5;A01
201400032636;0;10;0;1;2;6;1;C01
201400032636;0;7;0;0;2;1;1;A01
201400032636;0;7;0;0;2;2;1;B01
201400032637;0;7;0;0;2;2;16;A01
201400032637;0;1;0;0;2;8;1;B01
201400032638;0;7;0;0;2;2;16;B01
201400032638;0;31;0;0;2;7;7;A01
201400032639;0;1;0;0;2;8;8;A01
201400032639;0;37;2;0;2;8;1;B01
201400032640;0;33;0;0;2;1;1;B01
201400032640;0;7;0;0;2;2;15;A01
201400032641;0;1;0;0;2;1;19;B01
201400032641;0;7;0;0;2;1;1;A01
201400032642;0;7;0;0;2;7;1;B01
201400032642;0;1;0;0;2;8;13;A01
201400032643;0;30;0;0;2;8;1;A01
201400032643;0;7;0;0;2;6;1;B01
201400032644;0;7;0;0;1;1;9;A01
201400032645;0;32;0;0;2;7;1;B01
201400032645;0;7;0;0;2;1;15;A01
201400032646;0;7;0;0;1;6;4;A01
201400032647;0;1;0;0;2;1;15;A01
201400032647;0;7;0;0;2;1;17;B01
201400032648;0;7;0;0;2;3;1;B01
201400032648;0;7;0;0;2;2;13;A01
201400032649;0;7;0;0;1;1;1;A01
201400032650;0;7;0;0;2;2;1;B01
201400032650;0;7;0;0;2;8;1;A01
201400032651;0;7;0;0;2;3;1;B01
201400032651;0;30;0;0;2;1;13;A01
201400032652;0;33;0;0;2;3;1;B01
201400032652;0;7;0;0;2;1;9;A01
201400032653;0;14;0;9;2;1;1;A01
201400032653;0;7;0;0;2;3;1;B01
201400032654;0;7;0;0;1;1;1;A01
201400032655;0;7;0;0;2;7;15;A01
201400032655;0;7;0;0;2;1;1;B01
201400032656;0;7;0;0;2;1;9;A01
201400032656;0;2;0;0;2;7;1;B01
201400032657;0;30;0;0;2;2;1;B01
201400032657;0;7;0;0;2;3;1;A01
201400032658;0;7;0;0;2;8;1;B01
201400032658;0;7;0;0;2;1;1;A01
201400032659;0;7;0;0;2;1;1;A01
201400032659;0;7;0;0;2;4;1;B01
201400032660;0;7;0;0;2;8;23;B01
201400032660;0;7;0;0;2;4;4;A01
201400032661;0;7;0;0;2;8;22;A01
201400032661;0;1;0;0;2;1;1;B01
201400032662;0;30;0;0;1;1;1;A01
201400032663;0;7;0;0;1;0;9;A01
201400032664;0;7;0;0;2;2;16;A01
201400032664;0;30;0;0;2;1;1;B01
201400032665;0;7;0;0;2;1;15;A01
201400032665;0;7;0;0;2;1;1;B01
201400032666;0;31;0;0;2;5;17;A01
201400032666;0;1;0;0;2;8;1;B01
201400032667;0;7;0;0;2;8;9;A01
201400032667;0;7;0;0;2;1;1;B01
201400032668;0;7;0;0;0;5;15;A01
201400032668;0;33;0;0;2;1;1;B01
201400032669;0;7;0;0;2;6;16;B01
201400032669;0;30;0;0;2;1;1;A01
201400032670;0;7;0;0;2;5;20;A01
201400032670;0;30;0;0;2;3;1;B01
201400032671;0;7;0;0;1;4;4;A01
201400032672;0;33;0;0;2;1;1;B01
201400032672;0;7;0;0;2;3;15;A01
201400032673;0;33;0;0;2;1;1;B01
201400032673;0;7;0;0;2;5;15;A01
201400032674;0;7;0;0;1;1;9;A01
201400032675;0;33;0;0;2;8;1;B01
201400032675;0;7;0;0;2;1;15;A01
201400032676;1;10;0;0;2;0;1;Z01
201400032676;0;1;0;0;2;4;1;B01
201400032677;0;7;0;0;2;1;15;B01
201400032677;0;2;0;0;2;1;1;A01
201400032678;0;7;0;1;2;8;9;A01
201400032678;0;7;0;1;2;1;1;B01
201400032679;0;7;0;0;1;8;1;A01
201400032680;0;7;0;0;2;3;9;A01
201400032680;0;32;0;0;2;1;17;B01
201400032681;0;7;0;0;2;7;16;B01
201400032681;0;30;0;0;0;1;18;A01
201400032682;0;7;0;6;0;2;1;A01
201400032683;0;7;0;0;2;8;24;A01
201400032683;0;37;1;1;0;5;1;B01
201400032684;0;7;0;0;1;8;15;A01
201400032685;0;7;0;0;2;2;15;A01
201400032685;0;7;0;0;2;1;1;B01
201400032686;0;7;0;0;2;4;23;C01
201400032686;0;7;0;0;2;6;23;B01
201400032686;0;7;0;0;2;2;11;A01
201400032687;0;33;0;0;2;1;17;A01
201400032687;0;7;0;0;2;3;15;B01
201400032688;0;7;0;0;2;4;23;B01
201400032688;0;3;0;0;2;1;1;A01
201400032689;0;7;0;0;1;2;15;A01
201400032690;0;10;0;0;2;2;5;A01
201400032690;0;7;0;0;2;3;1;B01
201400032691;0;7;0;0;2;7;15;A01
201400032691;0;7;0;0;2;1;1;B01
201400032692;0;7;0;0;2;7;1;A01
201400032692;0;1;0;0;2;8;1;B01
201400032693;0;30;0;0;2;3;1;B01
201400032693;1;7;0;0;2;0;14;Z01
201400032694;0;7;0;0;2;6;16;A01
201400032694;0;1;0;0;2;1;1;B01
201400032695;0;7;0;0;1;1;1;A01
201400032696;0;7;0;0;2;1;1;A01
201400032696;0;7;0;0;2;4;23;B01
201400032696;0;7;0;0;2;4;23;C01
201400032697;0;7;0;0;2;1;1;B01
201400032697;0;7;0;0;2;3;20;A01
201400032698;0;7;0;0;2;3;5;A01
201400032698;0;1;0;0;2;1;1;B01
201400032699;0;30;0;0;2;2;1;A01
201400032699;0;7;0;0;2;5;15;B01
201400032700;0;33;0;0;2;7;1;B01
201400032700;0;7;0;0;2;3;9;A01
201400032701;0;33;0;0;2;3;1;B01
201400032701;0;7;0;0;2;5;15;A01
201400032702;0;7;0;0;2;2;15;A01
201400032702;0;2;0;0;2;7;1;B01
201400032703;0;7;0;0;2;5;15;A01
201400032703;0;2;0;0;2;1;1;B01
201400032704;0;7;0;0;2;1;1;A01
201400032704;0;7;0;0;2;4;1;B01
201400032705;0;7;0;0;2;4;1;B01
201400032705;0;7;0;0;2;4;23;D01
201400032705;0;7;0;0;2;1;1;A01
201400032705;0;7;0;0;2;4;23;C01
201400032706;0;7;0;0;1;1;1;A01
201400032707;0;30;0;0;2;1;1;B01
201400032707;0;7;0;0;2;6;15;A01
201400032708;0;31;0;0;2;1;17;B01
201400032708;0;7;0;0;2;6;15;A01
201400032709;0;7;0;0;1;1;1;A01
201400032710;0;7;0;0;2;1;1;B01
201400032710;0;7;0;0;2;3;9;A01
201400032711;0;7;0;0;2;1;1;A01
201400032711;0;7;0;0;2;4;1;B01
201400032712;0;7;0;0;1;3;1;A01
201400032713;0;7;0;0;2;3;15;A01
201400032713;0;30;0;0;2;1;1;B01
201400032714;0;7;0;0;1;2;15;A01
201400032715;0;33;0;0;2;1;17;B01
201400032715;0;7;0;0;2;3;15;A01
201400032716;0;33;0;0;2;1;1;B01
201400032716;0;7;0;0;2;1;15;A01
201400032717;0;15;0;0;2;8;1;B01
201400032717;0;7;0;0;2;1;0;A01
201400032718;0;32;0;0;2;7;1;B01
201400032718;0;7;0;0;2;1;9;A01
201400032719;0;2;0;0;2;1;1;B01
201400032719;0;7;0;0;2;2;15;A01
201400032720;0;2;0;0;2;2;1;B01
201400032720;0;7;0;0;2;7;15;A01
201400032721;0;30;0;0;2;1;1;B01
201400032721;0;7;0;0;2;3;15;A01
201400032722;0;1;0;0;2;1;1;B01
201400032722;0;7;0;0;2;8;22;A01
201400032723;0;7;0;0;1;1;9;A01
201400032724;0;7;0;0;2;2;15;B01
201400032724;0;30;0;0;2;6;18;A01
201400032725;0;7;0;0;2;2;9;A01
201400032725;0;7;0;0;2;1;1;B01
201400032726;0;1;0;0;1;1;1;A01
201400032727;0;7;0;0;1;1;1;A01
201400032728;0;7;0;0;2;1;23;B01
201400032728;0;30;0;0;2;1;1;A01
201400032729;0;7;0;0;2;0;9;A01
201400032729;0;30;0;0;2;1;1;B01
201400032730;0;7;0;0;2;1;13;A01
201400032730;0;20;0;0;2;3;1;B01
201400032731;0;7;0;0;1;3;15;A01
201400032732;0;7;0;0;2;4;2;B01
201400032732;0;7;0;0;2;1;2;A01
201400032732;0;7;0;0;2;4;2;C01
201400032733;0;7;0;0;2;0;2;B01
201400032733;0;30;0;0;2;8;2;A01
201400032734;0;7;0;0;2;1;1;B01
201400032734;0;7;0;0;2;8;15;A01
201400032735;0;1;0;0;2;4;0;B01
201400032735;0;7;0;0;2;1;2;A01
201400032736;0;7;0;0;2;7;15;A01
201400032736;0;7;0;0;2;1;1;B01
201400032737;0;7;0;0;2;4;2;B01
201400032737;0;2;0;0;2;1;2;A01
201400032738;0;7;0;0;2;8;15;B01
201400032738;0;2;0;0;2;1;17;A01
201400032739;0;7;0;0;2;1;2;A01
201400032739;0;7;0;0;2;4;2;C01
201400032739;0;7;0;0;2;1;2;B01
201400032740;0;7;0;0;2;1;1;B01
201400032740;0;7;0;0;2;2;15;A01
201400032741;0;7;0;0;2;7;9;A01
201400032741;0;30;0;0;2;1;1;B01
201400032742;0;7;0;0;2;6;18;A01
201400032742;0;2;0;0;2;6;0;B01
201400032743;0;7;0;0;2;4;2;B01
201400032743;0;7;0;0;2;1;1;D01
201400032743;0;7;0;0;2;1;1;C01
201400032743;0;7;0;3;2;1;1;A01
201400032744;0;7;0;0;1;1;1;A01
201400032745;0;2;0;0;0;0;1;A01
201400032746;0;30;0;0;2;1;17;A01
201400032746;0;7;0;0;2;8;15;B01
201400032747;0;7;0;0;2;1;1;B01
201400032747;0;7;0;0;2;2;15;A01
201400032748;0;7;0;0;2;8;1;B01
201400032748;0;7;0;0;2;1;9;A01
201400032749;0;2;0;0;2;1;1;B01
201400032749;0;7;0;0;0;4;23;A01
201400032750;0;10;0;0;2;4;2;C01
201400032750;0;7;0;0;2;4;2;B01
201400032750;0;10;0;0;2;1;2;A01
201400032751;0;10;0;1;2;3;17;B01
201400032751;0;38;1;0;2;2;17;A01
201400032752;0;7;0;0;1;0;1;A01
201400032753;0;7;0;0;2;6;1;B01
201400032753;0;31;0;0;2;1;17;A01
201400032754;0;7;0;0;2;1;1;B01
201400032754;0;7;0;0;2;1;13;A01
201400032755;0;33;0;0;2;1;3;B01
201400032755;0;7;0;0;2;2;15;A01
201400032756;0;32;0;0;2;1;18;B01
201400032756;0;7;0;0;2;7;22;A01
201400032757;0;7;0;9;0;1;14;A01
201400032758;0;31;0;0;2;1;1;A01
201400032758;0;7;0;0;2;8;1;B01
201400032759;0;7;0;0;2;4;1;B01
201400032759;0;7;0;0;2;1;2;C01
201400032759;0;7;0;0;2;1;2;A01
201400032760;0;7;0;0;1;1;1;A01
201400032761;0;7;0;0;2;1;2;A01
201400032761;0;10;0;0;2;4;1;B01
201400032762;0;7;0;0;1;2;16;A01
201400032763;0;7;0;0;2;1;2;A01
201400032763;0;7;0;0;2;4;1;B01
201400032764;0;7;0;0;2;7;16;B01
201400032764;0;30;0;0;2;1;18;A01
201400032765;0;30;0;0;2;1;1;B01
201400032765;0;7;0;0;2;2;15;A01
201400032766;0;7;0;0;2;1;1;B01
201400032766;0;7;0;0;2;3;16;A01
201400032767;0;31;0;0;2;1;17;A01
201400032767;0;7;0;0;2;6;15;B01
201400032768;0;7;0;0;2;4;1;B01