num_acc;senc;catv;occutc;obs;obsm;choc;manv;num_veh
201400032768;0;2;0;0;2;1;2;A01
201400032769;0;7;0;0;2;3;15;B01
201400032769;0;2;0;0;2;1;17;A01
201400032770;0;7;0;0;2;4;1;B01
201400032770;0;7;0;0;2;1;2;A01
201400032771;0;2;0;0;2;1;17;A01
201400032771;0;33;0;0;2;1;1;B01
201400032772;0;7;0;0;2;1;2;A01
201400032772;0;7;0;0;2;4;1;B01
201400032773;0;7;0;0;2;4;1;B01
201400032773;0;7;0;0;2;1;2;A01
201400032774;0;7;0;0;1;1;1;A01
201400032775;0;7;0;0;2;1;13;A01
201400032775;0;10;0;0;2;1;1;B01
201400032776;0;7;0;0;2;4;1;B01
201400032776;0;7;0;0;2;1;2;A01
201400032777;0;2;0;0;2;1;2;A01
201400032777;0;7;0;0;2;4;1;B01
201400032778;0;7;0;0;2;7;15;A01
201400032778;0;33;0;0;2;1;1;B01
201400032779;0;7;0;2;0;3;14;A01
201400032780;0;7;0;0;2;3;13;A01
201400032780;0;7;0;0;2;2;1;B01
201400032781;0;7;0;0;2;2;1;B01
201400032781;0;1;0;0;2;1;21;A01
201400032782;0;7;0;0;0;0;2;A01
201400032782;0;32;0;16;0;1;2;B01
201400032783;0;7;0;0;2;8;15;B01
201400032783;0;33;0;0;2;1;17;A01
201400032784;0;30;0;0;2;1;17;A01
201400032784;0;7;0;0;2;3;20;B01
201400032785;0;30;0;0;2;8;1;B01
201400032785;0;7;0;0;2;3;9;A01
201400032786;1;7;0;0;2;0;1;Z01
201400032786;0;7;0;0;2;4;2;B01
201400032786;0;7;0;0;2;1;2;A01
201400032787;0;7;0;0;2;4;2;B01
201400032787;0;30;0;0;2;1;18;A01
201400032788;0;2;0;0;2;8;1;B01
201400032788;0;10;0;0;2;5;17;A01
201400032789;0;10;0;0;2;4;1;B01
201400032789;0;7;0;0;2;1;2;A01
201400032790;0;7;0;0;2;2;1;B01
201400032790;0;7;0;0;2;3;15;A01
201400032791;0;7;0;0;1;5;4;A01
201400032792;0;7;0;0;2;1;9;A01
201400032792;0;2;0;0;2;1;17;B01
201400032793;0;32;0;0;2;4;1;B01
201400032793;0;30;0;0;2;1;2;A01
201400032794;0;7;0;0;2;8;1;B01
201400032794;0;7;0;0;2;3;13;A01
201400032795;0;7;0;0;2;2;13;A01
201400032795;0;7;0;0;2;6;1;B01
201400032795;0;7;0;0;2;3;1;C01
201400032796;0;1;0;0;2;8;1;B01
201400032796;1;99;0;;0;2;20;A01
201400032797;0;7;0;0;2;4;23;B01
201400032797;0;7;0;0;2;1;2;A01
201400032798;0;7;0;0;2;6;15;B01
201400032798;0;7;0;0;2;2;21;A01
201400032798;0;7;0;0;2;8;1;C01
201400032799;0;7;0;0;1;1;1;A01
201400032800;0;7;0;0;2;1;13;A01
201400032800;0;7;0;0;2;3;1;B01
201400032800;0;7;0;0;2;1;1;C01
201400032801;0;2;0;0;2;1;2;A01
201400032801;0;7;0;0;2;4;1;B01
201400032802;0;2;0;0;2;1;17;B01
201400032802;0;7;0;0;2;3;15;A01
201400032803;0;33;0;0;2;3;1;B01
201400032803;0;7;0;0;2;2;15;A01
201400032804;0;7;0;0;2;3;13;A01
201400032804;0;7;0;0;2;3;1;B01
201400032805;0;30;0;0;2;2;1;B01
201400032805;0;7;0;0;2;3;9;A01
201400032806;0;10;0;0;2;1;2;A01
201400032806;0;31;0;0;2;8;1;B01
201400032807;0;7;0;0;2;1;1;B01
201400032807;0;7;0;0;2;1;17;A01
201400032808;0;34;0;0;2;1;17;A01
201400032808;0;7;0;0;2;1;15;B01
201400032809;0;7;0;0;2;8;15;B01
201400032809;0;32;0;0;2;1;2;A01
201400032810;0;10;0;0;1;3;15;A01
201400032811;0;7;0;0;0;3;22;B01
201400032811;0;2;0;0;2;1;9;A01
201400032812;0;7;0;0;2;8;22;A01
201400032812;0;2;0;0;2;1;17;B01
201400032813;0;7;0;0;2;1;1;B01
201400032813;0;7;0;0;2;3;9;A01
201400032814;0;7;0;0;1;4;4;A01
201400032815;0;2;0;0;2;1;17;B01
201400032815;0;7;0;0;2;3;15;A01
201400032816;0;7;0;0;1;1;1;A01
201400032817;0;7;0;0;2;4;1;B01
201400032817;0;7;0;0;2;1;2;A01
201400032818;0;7;0;0;2;1;2;A01
201400032818;0;2;0;0;2;4;1;B01
201400032819;0;32;0;14;0;0;21;B01
201400032819;0;7;0;0;0;0;22;A01
201400032820;0;7;0;8;0;1;16;A01
201400032821;0;7;0;0;2;1;1;B01
201400032821;0;7;0;0;2;8;15;A01
201400032822;0;7;0;0;1;1;1;A01
201400032823;0;7;0;8;0;1;1;C01
201400032823;0;7;0;8;0;1;1;B01
201400032823;0;7;0;8;0;1;13;A01
201400032824;0;2;0;0;2;1;1;B01
201400032824;0;7;0;0;2;1;9;A01
201400032825;0;7;0;0;2;3;15;A01
201400032825;0;31;0;0;2;1;1;B01
201400032826;0;7;0;0;1;3;1;A01
201400032827;0;7;0;0;1;1;13;A01
201400032828;0;7;0;0;2;1;1;B01
201400032828;0;7;0;0;2;8;13;A01
201400032829;0;7;0;0;2;3;1;B01
201400032829;0;30;0;0;2;4;12;A01
201400032830;0;7;0;0;2;2;1;B01
201400032830;0;7;0;0;2;3;0;A01
201400032831;0;7;0;0;2;1;0;A01
201400032831;0;7;0;0;2;8;1;B01
201400032832;0;31;0;0;2;1;2;A01
201400032832;0;7;0;0;2;4;1;B01
201400032833;0;7;0;0;2;1;1;B01
201400032833;0;2;0;0;2;1;13;A01
201400032834;0;7;0;0;2;1;2;A01
201400032834;0;7;0;0;2;4;1;B01
201400032835;0;2;0;0;2;8;2;B01
201400032835;0;7;0;0;2;3;2;A01
201400032836;0;1;0;0;2;1;1;B01
201400032836;0;7;0;0;2;2;15;A01
201400032837;0;7;0;0;1;3;15;A01
201400032838;0;2;0;0;2;1;0;A01
201400032838;0;7;0;0;2;8;15;B01
201400032839;0;7;0;0;2;8;10;A01
201400032839;0;2;0;0;2;1;17;B01
201400032839;0;2;0;0;2;1;17;C01
201400032840;0;7;0;0;1;1;1;A01
201400032841;0;7;0;0;2;1;1;B01
201400032841;0;2;0;0;2;1;16;A01
201400032842;0;7;0;0;2;4;2;B01
201400032842;0;31;0;0;2;1;17;A01
201400032843;0;7;0;0;2;2;1;B01
201400032843;0;10;0;0;2;2;13;A01
201400032844;0;10;0;1;0;2;14;A01
201400032845;0;7;0;0;2;4;1;B01
201400032845;0;7;0;0;2;4;15;C01
201400032845;0;10;0;0;2;1;2;A01
201400032846;0;7;0;0;2;2;1;B01
201400032846;0;30;0;0;2;1;13;A01
201400032847;0;7;0;0;2;3;1;B01
201400032847;0;30;0;0;2;1;15;A01
201400032848;0;2;0;12;0;1;14;A01
201400032849;0;7;0;10;0;9;14;A01
201400032850;0;7;0;0;0;1;14;A01
201400032851;0;3;0;0;1;1;0;A01
201400032852;0;1;0;0;2;1;19;A01
201400032852;0;7;0;0;2;3;1;B01
201400032853;0;7;0;0;2;3;1;B01
201400032853;0;1;0;0;2;1;15;A01
201400032854;0;7;0;0;2;5;1;B01
201400032854;0;7;0;0;2;1;9;A01
201400032855;0;7;0;0;1;1;16;A01
201400032856;0;7;0;0;1;1;1;A01
201400032857;0;7;0;0;2;2;5;A01
201400032857;0;2;0;1;0;1;1;B01
201400032858;0;7;0;0;2;3;15;B01
201400032858;0;2;0;0;2;8;2;A01
201400032859;0;7;0;0;2;1;2;A01
201400032859;0;7;0;0;2;4;2;B01
201400032860;0;7;0;0;1;2;15;A01
201400032861;0;33;0;0;2;1;17;A01
201400032861;0;7;0;0;2;3;15;B01
201400032862;0;7;0;0;2;1;13;A01
201400032862;0;7;0;0;2;1;1;B01
201400032863;0;30;0;0;2;1;15;C01
201400032863;0;7;0;0;2;1;15;B01
201400032863;0;7;0;0;2;7;17;A01
201400032864;0;7;0;0;1;3;21;A01
201400032865;0;30;0;0;2;1;5;A01
201400032865;0;10;0;0;2;1;1;B01
201400032866;0;7;0;0;2;4;1;C01
201400032866;0;7;0;0;2;4;2;B01
201400032866;0;7;0;0;2;1;1;A01
201400032867;0;7;0;0;1;5;4;A01
201400032868;0;7;0;0;2;1;2;A01
201400032868;0;7;0;0;2;4;23;E01
201400032868;0;7;0;14;2;4;23;D01
201400032868;0;7;0;0;2;4;23;C01
201400032868;0;7;0;0;2;4;23;B01
201400032869;0;1;0;0;1;1;1;A01
201400032870;0;30;0;0;2;1;17;B01
201400032870;0;7;0;0;2;8;15;A01
201400032871;0;10;0;0;1;5;23;A01
201400032872;0;7;0;0;2;1;1;A01
201400032872;0;7;0;0;2;4;2;B01
201400032873;0;7;0;8;2;3;1;B01
201400032873;0;7;0;6;2;2;17;A01
201400032874;0;7;0;13;0;1;1;A01
201400032875;0;31;0;0;2;2;2;A01
201400032875;0;7;0;0;9;3;13;B01
201400032876;0;7;0;0;2;1;2;A01
201400032876;0;7;0;0;2;4;2;B01
201400032877;0;7;0;0;2;6;0;C01
201400032877;0;10;0;0;2;8;0;B01
201400032877;0;1;0;0;2;8;11;A01
201400032878;0;30;0;0;2;1;0;B01
201400032878;0;7;0;0;2;4;4;A01
201400032879;0;7;0;0;0;4;16;B01
201400032879;0;7;0;0;2;1;2;A01
201400032880;0;7;0;0;0;4;1;B01
201400032880;0;7;0;0;2;1;1;A01
201400032881;0;7;0;0;1;1;1;A01
201400032882;0;1;0;0;2;3;5;B01
201400032882;0;7;0;0;9;3;5;A01
201400032883;0;7;0;0;1;3;15;A01
201400032884;0;7;0;0;1;1;1;B01
201400032885;0;32;0;0;2;8;2;B01
201400032885;0;7;0;0;9;2;1;A01
201400032886;0;37;0;0;1;7;2;A01
201400032887;0;2;0;0;2;2;2;A01
201400032887;0;7;0;0;0;1;0;B01
201400032888;0;7;0;0;1;2;1;A01
201400032889;0;7;0;0;1;0;1;A01
201400032890;0;7;0;0;2;3;1;B01
201400032890;0;7;0;0;2;3;0;A01
201400032891;0;1;0;0;2;1;2;B01
201400032891;0;7;0;0;2;8;22;A01
201400032892;0;7;0;0;2;1;2;B01
201400032892;0;7;0;0;2;3;2;A01
201400032893;0;7;0;0;2;7;15;A01
201400032893;0;1;0;0;2;7;1;B01
201400032894;0;7;0;0;2;7;21;A01
201400032894;0;7;0;0;2;3;1;B01
201400032895;0;7;0;0;1;1;1;A01
201400032896;0;7;0;0;2;2;1;A01
201400032896;0;31;0;0;2;1;1;B01
201400032897;0;7;0;0;1;1;18;A01
201400032898;0;30;0;0;2;0;0;B01
201400032898;0;7;0;0;2;3;15;A01
201400032899;0;7;0;0;2;1;2;A01
201400032899;0;7;0;0;2;4;2;C01
201400032899;0;7;0;0;2;4;2;D01
201400032899;0;7;0;0;2;4;2;B01
201400032900;0;30;0;0;2;1;2;A01
201400032900;0;20;0;0;2;4;2;B01
201400032901;0;7;0;0;2;1;2;A01
201400032901;0;7;0;0;2;4;2;B01
201400032902;0;1;0;0;2;1;1;B01
201400032902;0;7;0;0;2;3;9;A01
201400032903;0;7;0;0;2;3;19;A01
201400032903;0;32;0;0;2;1;1;B01
201400032904;0;10;0;0;2;1;1;A01
201400032904;0;7;0;0;2;7;1;B01
201400032905;0;7;0;6;2;5;9;B01
201400032905;0;7;0;0;2;1;1;A01
201400032906;0;7;0;0;2;4;23;B01
201400032906;0;7;0;0;2;2;2;A01
201400032907;0;7;0;0;2;3;19;A01
201400032907;0;7;0;0;2;2;1;B01
201400032908;0;7;0;0;2;1;1;B01
201400032908;0;7;0;0;2;5;4;A01
201400032909;0;7;0;0;2;8;1;B01
201400032909;0;7;0;15;2;1;6;A01
201400032910;0;7;0;0;0;4;2;B01
201400032910;0;33;0;0;2;1;2;A01
201400032911;0;7;0;0;0;3;20;A01
201400032911;0;33;0;0;2;1;1;B01
201400032912;0;30;0;0;1;8;1;A01
201400032913;0;7;0;0;1;1;1;A01
201400032914;0;7;0;0;0;5;2;B01
201400032914;0;7;0;0;2;8;2;A01
201400032915;0;7;0;0;2;5;15;A01
201400032915;0;2;0;0;2;1;1;B01
201400032916;0;1;0;0;2;1;5;A01
201400032916;0;2;0;0;2;1;1;B01
201400032917;0;7;0;0;1;1;15;A01
201400032918;0;31;0;0;2;1;1;B01
201400032918;0;7;0;0;2;7;15;A01
201400032919;0;7;0;0;2;8;2;B01
201400032919;0;33;0;0;2;7;2;A01
201400032920;0;7;0;0;2;1;1;A01
201400032920;0;7;0;0;0;4;1;B01
201400032921;0;10;0;0;2;6;1;B01
201400032921;0;10;0;0;2;7;1;A01
201400032922;0;7;0;0;1;6;4;A01
201400032923;0;7;0;0;2;8;1;B01
201400032923;0;34;0;0;2;7;17;A01
201400032924;0;7;0;0;2;1;1;B01
201400032924;0;7;0;0;2;3;19;A01
201400032925;0;7;0;1;0;2;1;A01
201400032926;0;1;0;0;2;2;1;B01
201400032926;0;7;0;0;9;2;2;A01
201400032927;0;7;0;0;2;2;1;B01
201400032927;0;1;0;0;2;8;19;A01
201400032928;0;7;0;0;1;1;1;A01
201400032929;0;7;0;0;2;1;1;A01
201400032929;0;7;0;0;0;4;1;B01
201400032930;0;1;0;0;0;8;2;B01
201400032930;0;7;0;0;2;7;17;A01
201400032931;0;1;0;0;2;7;0;B01
201400032931;0;7;0;0;9;3;9;A01
201400032932;0;7;0;0;2;3;1;B01
201400032932;0;7;0;0;2;1;11;A01
201400032933;0;7;0;8;0;2;0;A01
201400032934;0;7;0;0;2;8;13;A01
201400032934;0;7;0;0;2;3;16;B01
201400032935;0;30;0;0;2;1;1;B01
201400032935;0;7;0;0;2;2;19;A01
201400032936;0;7;0;0;0;5;15;A01
201400032936;0;30;0;0;0;2;1;B01
201400032937;0;7;0;0;2;1;2;A01
201400032937;0;7;0;0;2;4;2;B01
201400032938;0;7;0;0;2;1;5;A01
201400032938;0;10;0;0;2;1;1;B01
201400032939;1;7;0;0;2;1;18;A01
201400032939;0;7;0;0;2;8;1;B01
201400032940;0;33;0;5;0;1;17;A01
201400032941;0;7;0;8;0;1;19;A01
201400032942;0;7;0;3;0;0;0;A01
201400032942;0;31;0;0;0;0;0;B01
201400032943;0;1;0;0;2;0;16;B01
201400032943;0;7;0;0;9;2;15;A01
201400032944;0;7;0;0;2;2;0;A01
201400032944;0;14;0;0;2;3;0;B01
201400032945;0;2;0;0;2;1;17;A01
201400032945;0;1;0;0;2;1;15;B01
201400032946;0;7;0;0;1;2;1;A01
201400032947;0;7;0;0;2;7;1;B01
201400032947;0;10;0;8;2;3;5;A01
201400032948;0;7;0;0;0;5;15;A01
201400032948;0;33;0;0;0;1;2;B01
201400032949;0;7;0;0;2;1;1;B01
201400032949;0;7;0;0;2;7;19;A01
201400032950;0;7;0;0;2;8;13;A01
201400032950;0;7;0;0;2;8;1;B01
201400032950;0;7;0;0;2;3;1;C01
201400032951;1;7;0;0;2;3;15;Z01
201400032951;0;1;0;0;2;1;1;B01
201400032952;0;7;0;0;1;2;1;A01
201400032953;0;1;0;1;0;1;1;B01
201400032953;0;7;0;0;2;8;22;A01
201400032954;0;7;0;0;1;3;16;A01
201400032955;0;2;0;0;2;1;1;B01
201400032955;0;7;0;0;2;2;15;A01
201400032956;0;7;0;0;2;1;2;A01
201400032956;0;7;0;0;0;4;2;C01
201400032956;0;7;0;0;2;4;2;B01
201400032957;0;1;0;0;2;8;1;B01
201400032957;0;7;0;0;9;2;15;A01
201400032958;0;7;0;0;2;1;2;A01
201400032958;0;7;0;0;2;4;2;B01
201400032959;0;7;0;0;2;3;13;A01
201400032959;0;2;0;0;2;3;1;B01
201400032960;0;1;0;0;0;5;15;B01
201400032960;0;7;0;0;0;3;15;A01
201400032961;0;7;0;0;1;3;1;A01
201400032962;0;7;0;0;1;2;1;A01
201400032963;0;7;0;0;2;2;1;A01
201400032963;0;7;0;0;2;1;1;B01
201400032964;0;14;0;14;0;0;0;A01
201400032965;0;32;0;0;2;7;1;B01
201400032965;0;10;0;0;2;1;16;A01
201400032966;0;7;0;0;1;1;16;A01
201400032967;0;7;0;0;1;1;0;A01
201400032968;0;7;0;0;9;2;3;A01
201400032968;0;1;0;0;2;1;1;B01
201400032969;0;2;0;0;2;4;1;B01
201400032969;0;7;0;0;2;3;0;A01
201400032970;0;38;9;0;2;1;1;B01
201400032970;0;7;0;0;2;8;15;A01
201400032971;0;7;0;0;2;3;1;B01
201400032971;0;7;0;0;2;2;15;A01
201400032972;0;7;0;0;1;3;0;A01
201400032973;0;1;0;0;2;1;1;B01
201400032973;0;7;0;0;2;1;1;A01
201400032974;0;7;0;0;2;2;9;A01
201400032974;0;1;0;0;2;6;1;B01
201400032975;0;2;0;0;2;1;1;B01
201400032975;0;7;0;0;2;3;10;A01
201400032976;0;7;0;0;2;7;15;B01
201400032976;0;2;0;0;2;1;1;A01
201400032977;0;2;0;0;2;1;16;A01
201400032977;0;7;0;0;2;1;15;B01
201400032978;0;7;0;0;9;1;1;A01
201400032978;0;1;0;0;2;8;1;B01
201400032979;0;7;0;0;2;4;2;B01
201400032979;0;7;0;0;2;1;2;A01
201400032980;0;3;0;14;2;3;2;B01
201400032980;1;7;0;0;2;1;2;A01
201400032981;0;7;0;0;0;1;1;A01
201400032982;1;30;0;0;1;1;9;A01
201400032983;0;7;0;0;2;1;2;A01
201400032983;0;30;0;0;2;4;2;B01
201400032984;0;2;0;0;2;1;1;B01
201400032984;0;7;0;0;2;2;15;A01
201400032985;0;7;0;0;2;2;9;A01
201400032985;0;32;0;0;2;1;21;B01
201400032986;0;2;0;0;0;4;1;B01
201400032986;0;2;0;0;2;1;1;A01
201400032987;0;7;0;0;2;3;11;A01
201400032987;0;7;0;0;2;5;1;B01
201400032988;0;7;0;1;2;1;21;B01
201400032988;0;7;0;0;2;2;15;A01
201400032989;0;14;0;0;2;2;16;A01
201400032989;0;1;0;0;2;1;0;B01
201400032990;0;7;0;0;2;1;1;A01
201400032990;0;7;0;0;2;4;1;B01
201400032990;0;7;0;0;0;4;1;C01
201400032991;0;7;0;0;1;1;1;A01
201400032992;0;30;0;0;1;1;21;A01
201400032993;0;7;0;0;2;7;1;B01
201400032993;0;7;0;0;2;1;9;A01
201400032994;0;7;0;0;1;1;1;A01
201400032995;0;32;0;0;2;1;21;B01
201400032995;0;7;0;0;2;2;9;A01
201400032996;0;33;0;0;2;8;20;B01
201400032996;0;7;0;0;2;2;15;A01
201400032997;0;2;0;0;2;2;17;B01
201400032997;0;7;0;0;2;3;15;A01
201400032998;1;7;0;0;2;1;5;A01
201400032998;0;7;0;0;2;1;21;B01
201400032999;0;2;0;0;2;1;1;B01
201400032999;0;7;0;0;2;2;15;A01
201400033000;0;7;0;0;2;1;1;B01
201400033000;0;7;0;0;2;1;13;A01
201400033001;0;7;0;0;2;7;1;A01
201400033001;0;32;0;0;2;1;21;B01
201400033002;0;2;0;0;2;4;1;B01
201400033002;0;7;0;0;2;1;1;A01
201400033003;0;7;0;0;2;1;1;B01
201400033003;0;30;0;0;2;1;1;A01
201400033004;0;33;0;0;0;4;0;C01
201400033004;0;7;0;0;2;2;14;A01
201400033004;0;33;0;0;0;4;0;B01
201400033005;0;7;0;0;2;6;15;B01
201400033005;0;2;0;0;2;1;2;A01
201400033006;0;2;0;0;2;8;1;A01
201400033006;0;7;0;0;2;1;1;B01
201400033007;0;7;0;0;1;1;15;A01
201400033008;0;7;0;0;1;1;1;A01
201400033009;0;32;0;0;2;6;16;B01
201400033009;0;7;0;0;2;5;15;A01
201400033010;0;7;0;0;2;4;2;B01
201400033010;0;10;0;0;2;1;2;A01
201400033011;0;7;0;0;1;4;4;A01
201400033012;1;99;0;0;1;0;0;Z01
201400033013;0;10;0;0;0;3;21;B01
201400033013;0;7;0;0;2;2;14;A01
201400033014;0;7;0;0;2;2;15;A01
201400033014;0;2;0;0;2;1;1;B01
201400033015;0;7;0;0;2;8;1;B01
201400033015;0;30;0;0;2;1;1;A01
201400033016;0;2;0;0;1;1;1;A01
201400033017;0;7;0;0;2;3;23;B01
201400033017;0;2;0;0;2;1;2;A01
201400033018;0;7;0;0;2;8;15;B01
201400033018;0;7;0;0;2;1;1;A01
201400033019;0;7;0;0;2;3;1;B01
201400033019;0;7;0;1;2;9;17;A01
201400033020;0;32;0;0;2;1;2;A01
201400033020;0;7;0;0;2;6;2;B01
201400033021;0;10;0;0;2;1;15;A01
201400033021;0;32;0;0;2;8;1;B01
201400033022;0;7;0;0;2;9;1;B01
201400033022;0;7;0;0;2;1;1;A01
201400033022;0;7;0;0;0;4;1;C01
201400033023;0;7;0;0;2;2;1;A01
201400033023;0;33;0;0;2;1;21;B01
201400033024;0;7;0;0;2;5;15;B01
201400033024;0;32;0;0;2;1;21;A01
201400033025;0;7;0;0;2;1;13;A01
201400033025;0;7;0;0;2;1;1;B01
201400033026;0;33;0;0;2;9;21;A01
201400033026;0;33;0;0;2;6;1;B01
201400033027;0;7;0;0;0;0;1;A01
201400033027;0;33;0;0;9;1;1;B01
201400033028;0;7;0;0;2;3;1;A01
201400033028;0;32;0;0;2;1;1;B01
201400033029;0;30;0;0;2;1;1;B01
201400033029;0;7;0;0;2;2;15;A01
201400033030;0;7;0;0;2;2;1;A01
201400033030;0;7;0;0;2;1;1;B01
201400033031;0;31;0;0;2;4;2;B01
201400033031;1;7;0;0;2;1;2;A01
201400033032;0;1;0;0;2;0;0;B01
201400033032;1;7;0;0;2;0;0;A01
201400033033;0;7;0;0;1;1;1;A01
201400033034;0;7;0;0;1;1;1;A01
201400033035;0;7;0;0;2;1;1;B01
201400033035;0;30;0;0;2;0;1;A01
201400033036;0;7;0;0;2;1;9;A01
201400033036;0;31;0;0;2;2;1;B01
201400033037;0;7;0;0;2;3;21;B01
201400033037;0;2;0;0;2;2;1;A01
201400033038;0;7;0;0;2;7;15;A01
201400033038;0;34;0;0;2;1;1;B01
201400033038;0;7;0;0;2;1;1;C01
201400033039;0;10;0;0;1;4;4;A01
201400033040;0;30;0;0;2;1;18;A01
201400033040;0;7;0;0;2;7;16;B01
201400033041;0;7;0;0;2;2;9;A01
201400033041;0;32;0;0;2;7;1;B01
201400033042;0;7;0;0;1;1;1;A01
201400033043;0;7;0;0;2;1;2;A01
201400033043;0;7;0;0;2;4;2;B01
201400033044;1;7;0;0;1;0;0;Z01
201400033045;0;7;0;0;2;1;1;B01
201400033045;0;7;0;0;2;1;15;A01
201400033046;0;7;0;0;2;1;1;A01
201400033046;0;34;0;0;2;1;1;B01
201400033047;0;30;0;0;2;4;2;B01
201400033047;0;7;0;0;2;1;2;A01
201400033048;0;7;0;0;2;3;21;B01
201400033048;0;1;0;0;2;8;9;A01
201400033049;0;7;0;0;2;7;1;B01
201400033049;1;7;0;0;2;1;9;A01
201400033050;0;7;0;0;2;2;15;A01
201400033050;0;33;0;0;2;1;21;B01
201400033051;0;7;0;10;0;1;21;A01
201400033052;0;33;0;0;0;1;1;A01
201400033053;0;7;0;0;2;1;9;A01
201400033053;0;7;0;0;2;7;1;B01
201400033054;0;7;0;0;1;4;4;A01
201400033055;0;7;0;0;2;2;15;A01
201400033055;0;2;0;0;2;1;21;B01
201400033056;0;7;0;0;2;3;15;A01
201400033056;0;34;0;0;2;1;21;B01
201400033057;0;7;0;0;1;1;1;A01
201400033058;0;7;0;0;2;8;10;A01
201400033058;0;32;0;0;2;1;21;B01
201400033059;0;7;0;0;2;2;15;A01
201400033059;0;7;0;0;2;1;21;B01
201400033060;0;32;0;0;2;3;23;B01
201400033060;0;7;0;0;2;3;15;A01
201400033061;0;2;0;0;2;8;0;A01
201400033061;0;7;0;0;2;7;0;B01
201400033062;0;30;0;0;2;1;1;A01
201400033062;0;7;0;0;2;2;1;B01
201400033063;0;7;0;0;2;1;1;A01
201400033063;0;32;0;0;2;7;1;B01
201400033063;0;7;0;0;2;4;1;C01
201400033064;0;7;0;0;2;1;1;B01
201400033064;0;7;0;0;2;2;15;A01
201400033065;0;7;0;0;2;2;1;A01
201400033065;0;7;0;0;0;6;23;B01
201400033066;0;7;0;15;0;1;0;A01
201400033067;0;7;0;0;2;3;1;B01
201400033067;0;32;0;0;2;1;17;A01
201400033068;0;7;0;0;1;1;1;A01
201400033069;0;7;0;0;2;3;15;B01
201400033069;0;30;0;0;2;2;17;A01
201400033070;0;7;0;0;1;1;1;A01
201400033071;0;7;0;4;0;9;0;A01
201400033071;0;7;0;0;2;1;1;B01
201400033072;0;33;0;0;2;1;1;B01
201400033072;0;7;0;0;2;5;15;A01
201400033073;1;99;0;0;1;2;0;Z01
201400033074;0;2;0;0;2;1;1;B01
201400033074;0;7;0;0;2;2;19;A01
201400033075;0;30;0;0;2;1;1;B01
201400033075;1;99;0;0;2;2;0;A01
201400033076;0;30;0;0;2;1;1;A01
201400033076;0;7;0;0;2;3;15;B01
201400033077;0;7;0;0;2;1;2;A01
201400033077;0;30;0;0;2;4;2;B01
201400033078;0;7;0;0;2;3;21;B01
201400033078;0;7;0;0;2;1;15;A01
201400033079;0;7;0;0;2;2;13;A01
201400033079;0;31;0;0;2;1;1;B01
201400033080;0;7;0;0;1;1;15;A01
201400033081;0;2;0;0;2;1;15;A01
201400033081;0;7;0;0;2;3;1;B01
201400033082;0;7;0;0;2;2;15;A01
201400033082;0;31;0;0;2;1;1;B01
201400033083;0;7;0;0;2;1;0;A01
201400033083;0;7;0;0;0;4;1;B01
201400033084;0;7;0;0;0;6;15;B01
201400033084;0;33;0;0;2;1;1;A01
201400033085;0;7;0;0;2;1;2;A01
201400033085;0;7;0;0;2;4;2;B01
201400033086;0;7;0;0;2;1;1;B01
201400033086;0;33;0;0;2;1;6;A01
201400033087;0;30;0;0;2;1;16;A01
201400033087;0;7;0;0;2;2;16;B01
201400033088;0;7;0;0;2;1;9;A01
201400033088;0;3;0;0;2;7;1;B01
201400033089;0;7;0;0;2;1;1;B01
201400033089;0;7;0;0;2;1;14;A01
201400033090;0;7;0;0;2;1;2;A01
201400033090;0;33;0;0;2;4;2;B01
201400033091;0;1;0;0;2;1;5;A01
201400033091;0;7;0;0;2;2;21;B01
201400033092;0;7;0;0;2;4;2;B01
201400033092;0;7;0;0;2;1;2;A01
201400033093;0;7;0;0;1;1;9;A01
201400033094;0;7;0;0;2;4;2;B01
201400033094;0;7;0;0;2;1;2;A01
201400033095;1;7;0;0;2;1;0;Z01
201400033095;0;7;0;0;0;4;1;B01
201400033096;0;32;0;0;1;1;1;A01
201400033097;0;7;0;0;1;1;15;A01
201400033098;0;7;0;0;2;1;1;A01
201400033098;0;7;0;0;2;8;21;B01
201400033099;0;7;0;0;1;3;1;A01
201400033100;0;30;0;0;2;3;18;B01
201400033100;0;7;0;0;2;1;15;A01
201400033100;0;7;0;0;0;4;1;C01
201400033101;0;30;0;0;2;1;1;B01
201400033101;0;7;0;0;2;7;15;A01
201400033102;0;7;0;0;1;1;1;A01
201400033103;0;7;0;1;0;1;1;A01
201400033104;0;7;0;0;1;1;1;A01
201400033105;0;7;0;0;2;1;1;A01
201400033105;0;1;0;0;2;8;1;B01
201400033106;0;7;0;0;1;3;1;A01
201400033107;0;7;0;0;2;3;9;A01
201400033107;0;30;0;0;2;1;21;B01
201400033108;0;7;0;0;2;6;13;A01
201400033108;0;33;0;0;2;7;1;B01
201400033109;0;1;0;0;2;2;1;A01
201400033109;0;7;0;0;2;2;21;B01
201400033110;0;30;0;0;1;1;1;A01
201400033111;0;7;0;0;2;1;2;A01
201400033111;0;30;0;0;2;4;2;B01
201400033112;0;7;0;0;2;4;2;B01
201400033112;0;7;0;0;2;1;2;A01
201400033113;0;7;0;0;2;1;2;A01
201400033113;0;7;0;0;2;4;2;B01
201400033114;0;31;0;0;2;8;21;B01
201400033114;1;7;0;0;2;1;15;A01
201400033115;0;7;0;0;1;1;1;A01
201400033116;0;7;0;0;2;2;10;A01