num_acc;senc;catv;occutc;obs;obsm;choc;manv;num_veh
201400033478;0;40;0;0;4;1;1;B01
201400033478;0;40;0;0;4;8;12;A01
201400033479;0;1;0;0;2;7;1;B01
201400033479;0;7;0;0;2;1;16;A01
201400033480;0;2;0;0;2;8;1;A01
201400033480;0;7;0;0;2;1;15;B01
201400033481;0;10;0;0;2;8;15;B01
201400033481;1;2;0;0;2;7;17;A01
201400033482;0;7;0;0;2;7;1;A01
201400033482;0;7;0;0;2;1;1;B01
201400033483;0;10;0;0;1;4;4;A01
201400033484;0;1;0;0;2;1;1;A01
201400033484;0;7;0;0;2;3;1;B01
201400033485;0;7;0;0;2;3;10;A01
201400033485;0;1;0;0;2;1;1;B01
201400033486;0;7;0;0;1;2;1;A01
201400033487;0;1;0;0;2;0;19;A01
201400033487;0;7;0;0;2;3;1;C01
201400033487;0;7;0;0;2;2;1;B01
201400033488;0;15;0;6;0;2;1;A01
201400033489;0;7;0;0;1;1;1;A01
201400033490;0;7;0;0;2;3;16;A01
201400033490;0;1;0;0;2;1;1;B01
201400033491;0;10;0;0;2;3;1;A01
201400033491;0;1;0;0;2;1;15;B01
201400033492;0;7;0;0;2;1;13;A01
201400033492;0;7;0;0;2;2;16;B01
201400033493;0;7;0;0;2;3;1;B01
201400033493;0;7;0;0;2;7;13;A01
201400033494;0;7;0;0;1;1;1;A01
201400033495;0;7;0;0;2;1;1;B01
201400033495;0;7;0;0;2;3;13;A01
201400033496;0;7;0;2;0;1;1;A01
201400033497;0;7;0;0;2;1;1;A01
201400033497;0;7;0;0;2;4;1;C01
201400033497;0;30;0;0;2;4;1;B01
201400033498;0;7;0;0;1;1;1;A01
201400033499;0;40;0;0;2;1;1;B01
201400033499;0;7;0;0;2;8;15;A01
201400033500;0;7;0;0;1;1;1;A01
201400033501;0;2;0;1;0;0;1;A01
201400033501;1;7;0;0;0;1;0;Z01
201400033502;0;40;0;0;1;3;1;A01
201400033503;0;7;0;0;1;2;1;A01
201400033504;0;7;0;0;1;3;15;A01
201400033505;1;7;0;0;2;4;2;Z01
201400033505;0;7;0;0;2;4;1;B01
201400033506;0;33;0;0;2;0;1;A01
201400033506;0;7;0;0;2;0;1;B01
201400033507;0;7;0;0;2;2;1;A01
201400033507;0;33;0;0;2;1;1;B01
201400033508;0;1;0;0;2;7;19;A01
201400033508;0;7;0;0;2;1;1;B01
201400033509;1;2;0;0;1;1;1;Z01
201400033510;0;7;0;0;2;1;1;A01
201400033510;0;7;0;0;2;5;1;B01
201400033511;0;1;0;0;2;1;9;A01
201400033511;0;37;1;0;2;7;1;B01
201400033512;0;10;0;0;1;1;15;A01
201400033513;0;7;0;0;2;2;1;A01
201400033513;0;1;0;0;2;1;19;B01
201400033514;0;7;0;0;2;4;1;B01
201400033514;0;10;0;0;2;1;1;A01
201400033514;0;7;0;0;2;4;1;C01
201400033515;0;7;0;0;2;1;15;A01
201400033515;0;31;0;0;2;1;1;B01
201400033516;0;7;0;0;1;1;1;A01
201400033517;0;7;0;0;1;1;1;A01
201400033518;0;7;0;0;1;1;1;A01
201400033519;0;7;0;0;2;8;16;B01
201400033519;0;7;0;0;2;1;1;A01
201400033520;0;7;0;0;2;1;1;A01
201400033520;0;1;0;0;2;4;15;B01
201400033521;0;7;0;0;2;2;17;A01
201400033521;0;1;0;0;2;1;19;B01
201400033522;0;7;0;0;2;3;15;B01
201400033522;0;7;0;0;2;2;1;A01
201400033523;0;7;0;0;1;1;1;A01
201400033524;0;32;0;0;2;1;1;B01
201400033524;0;7;0;0;2;2;15;A01
201400033525;0;7;0;0;2;1;1;A01
201400033525;0;1;0;0;2;7;6;B01
201400033526;0;1;0;0;2;1;1;A01
201400033526;0;37;1;0;2;7;1;B01
201400033527;0;7;0;0;2;3;1;B01
201400033527;0;1;0;0;2;1;1;A01
201400033528;0;7;0;0;2;3;1;B01
201400033528;0;7;0;0;2;2;1;A01
201400033529;0;7;0;0;2;1;1;A01
201400033529;0;7;0;0;2;4;1;B01
201400033530;0;7;0;0;1;1;1;A01
201400033531;0;7;0;0;1;3;1;A01
201400033532;0;7;0;0;2;7;1;A01
201400033532;0;10;0;0;2;3;1;B01
201400033533;0;7;0;0;1;1;16;A01
201400033534;0;7;0;0;2;1;1;B01
201400033534;0;7;0;0;2;8;1;A01
201400033535;1;7;0;0;1;1;1;Z01
201400033536;0;7;0;0;1;1;1;A01
201400033537;0;7;0;0;1;1;9;A01
201400033538;0;7;0;0;2;2;16;A01
201400033538;0;2;0;0;2;3;1;B01
201400033539;0;7;0;0;1;1;1;A01
201400033540;0;7;0;0;2;7;9;A01
201400033540;0;2;0;0;2;1;1;B01
201400033541;0;7;0;0;2;1;1;B01
201400033541;0;7;0;0;2;8;9;A01
201400033542;0;7;0;1;0;1;1;A01
201400033542;0;7;0;1;2;1;0;A02
201400033542;0;7;0;1;0;4;0;A03
201400033543;0;7;0;0;2;3;1;A01
201400033543;0;33;0;0;2;8;9;B01
201400033544;0;7;0;0;2;4;4;A01
201400033544;0;7;0;0;2;1;9;B01
201400033545;0;7;0;0;2;2;15;A01
201400033545;0;30;0;0;2;1;1;B01
201400033546;0;14;0;0;1;2;15;A01
201400033547;0;7;0;0;2;1;22;A01
201400033547;0;1;0;0;2;1;1;B01
201400033548;0;34;0;0;2;2;17;A01
201400033548;0;7;0;0;2;8;10;B01
201400033549;0;10;0;0;1;5;4;A01
201400033550;0;7;0;0;1;8;1;A01
201400033551;0;7;0;0;2;2;15;A01
201400033551;0;30;0;0;2;1;1;B01
201400033552;0;32;0;0;2;1;2;A01
201400033552;0;7;0;0;2;6;23;B01
201400033553;0;7;0;0;2;7;1;B01
201400033553;0;13;0;0;2;3;9;A01
201400033554;0;33;0;0;0;0;21;A01
201400033554;1;7;0;0;0;0;1;Z01
201400033555;0;14;0;0;2;3;1;A01
201400033555;0;7;0;0;2;4;23;B01
201400033555;0;7;0;0;2;4;23;C01
201400033556;0;7;0;0;1;1;15;A01
201400033557;0;7;0;0;2;6;9;A01
201400033557;0;32;0;0;2;2;1;B01
201400033558;0;7;0;0;2;3;15;A01
201400033558;0;32;0;0;2;1;1;B01
201400033559;0;7;0;0;2;1;10;A01
201400033559;0;33;0;0;2;7;1;B01
201400033560;0;7;0;0;2;2;2;A01
201400033560;0;2;0;0;2;4;15;B01
201400033561;0;7;0;0;2;1;11;A01
201400033561;0;1;0;0;2;8;19;B01
201400033562;0;1;0;0;2;1;19;B01
201400033562;0;7;0;0;2;1;9;A01
201400033563;0;1;0;0;2;1;2;A01
201400033564;0;2;0;0;2;8;1;B01
201400033564;0;7;0;0;2;1;9;A01
201400033565;0;7;0;0;1;1;9;A01
201400033566;0;10;0;0;2;1;2;A01
201400033566;0;7;0;0;2;4;2;B01
201400033566;0;7;0;0;2;4;23;C01
201400033567;0;7;0;0;2;2;15;A01
201400033567;0;1;0;0;2;1;1;B01
201400033568;0;7;0;0;2;1;1;A01
201400033568;0;1;0;0;2;8;19;B01
201400033569;0;7;0;0;2;2;1;A01
201400033569;0;1;0;0;2;5;19;B01
201400033570;0;7;0;0;1;3;15;A01
201400033571;0;7;0;0;2;1;5;A01
201400033571;0;1;0;0;2;1;1;B01
201400033572;0;7;0;0;1;2;9;A01
201400033573;0;7;0;0;1;1;1;A01
201400033573;0;7;0;0;1;6;1;B01
201400033574;0;2;0;0;2;1;1;B01
201400033574;0;7;0;0;2;2;15;A01
201400033575;0;7;0;6;0;1;14;A01
201400033576;0;7;0;0;2;3;11;A01
201400033576;0;31;0;0;2;2;1;B01
201400033577;0;33;0;0;2;1;1;A01
201400033577;0;7;0;0;2;8;9;B01
201400033578;0;30;0;0;2;1;5;A01
201400033578;0;7;0;0;2;2;9;B01
201400033579;0;2;0;0;2;1;1;A01
201400033579;0;1;0;0;2;8;15;B01
201400033580;0;2;0;0;2;4;2;B01
201400033580;0;7;0;0;2;1;2;A01
201400033581;0;7;0;6;0;1;15;A01
201400033582;0;7;0;2;0;1;1;A01
201400033583;0;7;0;6;0;1;1;A01
201400033584;0;7;0;0;1;5;4;A01
201400033585;0;39;1;0;1;1;1;A01
201400033586;0;1;0;0;2;1;19;B01
201400033586;0;7;0;0;2;3;15;A01
201400033587;0;7;0;0;2;1;2;A01
201400033587;0;7;0;0;2;5;2;B01
201400033587;0;7;0;0;2;4;2;C01
201400033587;0;7;0;0;0;4;2;D01
201400033588;0;7;0;0;1;1;17;A01
201400033589;0;7;0;0;1;2;1;A01
201400033590;1;7;0;0;2;5;1;B01
201400033590;0;30;0;0;2;3;9;A01
201400033591;0;7;0;0;2;2;1;B01
201400033591;0;7;0;0;2;3;15;A01
201400033592;0;7;0;0;2;2;0;B01
201400033592;0;1;0;0;2;4;0;A01
201400033593;0;7;0;2;2;1;12;A01
201400033593;0;7;0;2;2;4;1;B01
201400033594;1;7;0;0;1;0;0;Z01
201400033595;0;40;10;0;2;3;2;A01
201400033595;0;1;0;0;4;7;15;B01
201400033596;0;1;0;0;2;8;1;A01
201400033596;0;7;0;0;2;3;15;B01
201400033597;0;7;0;0;2;3;19;A01
201400033597;0;30;0;0;2;3;1;B01
201400033598;0;10;0;0;2;4;4;A01
201400033598;0;7;0;0;2;2;1;B01
201400033599;0;2;0;0;2;1;1;A01
201400033599;0;7;0;0;2;7;1;B01
201400033600;0;7;0;1;2;2;15;A01
201400033600;0;7;0;1;2;3;1;B01
201400033601;0;7;0;0;2;3;1;A01
201400033601;0;1;0;0;2;4;1;B01
201400033602;0;7;0;0;1;2;1;A01
201400033603;0;15;0;0;2;3;1;A01
201400033603;0;7;0;4;2;3;1;B01
201400033604;0;10;0;0;1;4;4;A01
201400033605;0;7;0;0;2;1;2;A01
201400033605;0;7;0;0;2;4;2;B01
201400033605;0;7;0;0;2;4;2;C01
201400033605;0;7;0;0;2;4;2;D01
201400033606;0;3;0;0;2;1;1;A01
201400033606;0;7;0;0;2;6;1;B01
201400033607;0;7;0;0;1;1;1;A01
201400033608;0;7;0;0;1;3;1;A01
201400033609;0;7;0;0;1;1;15;A01
201400033610;0;7;0;0;2;1;1;A01
201400033610;0;7;0;15;2;7;1;B01
201400033610;0;7;0;0;2;3;23;C01
201400033611;0;10;0;0;1;3;1;A01
201400033612;0;33;0;0;0;0;16;A01
201400033613;0;2;0;14;0;1;1;A01
201400033614;0;7;0;0;1;6;4;A01
201400033615;0;7;0;0;1;2;1;A01
201400033616;0;7;0;0;2;3;10;A01
201400033616;0;2;0;0;2;1;2;B01
201400033617;0;7;0;0;1;2;1;A01
201400033618;0;7;0;0;0;4;15;A01
201400033618;0;30;0;0;2;1;2;Z01
201400033619;0;7;0;0;2;3;15;B01
201400033619;1;7;0;0;2;2;15;Z01
201400033620;0;7;0;0;1;1;1;A01
201400033621;0;7;0;0;2;1;1;B01
201400033621;0;7;0;0;2;9;1;A01
201400033622;0;30;0;9;0;1;1;A01
201400033623;0;7;0;0;1;1;1;A01
201400033624;0;7;0;0;1;1;15;A01
201400033625;0;7;0;0;1;4;4;A01
201400033626;0;7;0;0;2;1;2;A01
201400033626;0;7;0;0;2;4;2;B01
201400033626;0;7;0;0;0;4;2;C01
201400033627;0;7;0;0;1;1;16;A01
201400033628;0;7;0;0;2;1;1;A01
201400033628;0;1;0;0;2;8;9;B01
201400033629;0;7;0;0;2;2;1;A01
201400033629;0;1;0;0;2;1;1;B01
201400033630;0;7;0;0;2;1;15;A01
201400033630;0;2;0;0;2;8;1;B01
201400033631;0;33;0;0;2;7;16;A01
201400033631;0;7;0;0;2;8;1;B01
201400033632;0;7;0;0;1;8;1;A01
201400033633;0;2;0;0;2;2;1;A01
201400033633;0;1;0;0;2;8;1;B01
201400033634;0;7;0;0;1;3;1;A01
201400033635;0;7;0;0;0;7;16;A01
201400033636;0;7;0;0;1;1;15;A01
201400033637;0;7;0;0;1;2;16;A01
201400033638;0;7;0;0;2;3;1;C01
201400033638;0;7;0;0;2;2;17;A01
201400033638;0;7;0;0;2;6;0;B01
201400033639;0;7;0;0;1;2;15;A01
201400033640;0;7;0;0;2;1;2;A01
201400033640;0;7;0;0;2;4;23;B01
201400033641;1;99;0;0;1;2;0;Z01
201400033642;0;1;0;0;2;4;11;A01
201400033642;0;7;0;0;2;1;1;B01
201400033643;0;7;0;0;2;3;1;B01
201400033643;0;7;0;0;2;1;9;A01
201400033644;0;7;0;0;2;1;2;A01
201400033644;0;1;0;0;2;4;2;B01
201400033645;0;7;0;0;2;1;1;A01
201400033645;0;7;0;0;2;3;15;B01
201400033646;0;7;0;0;1;3;2;A01
201400033647;1;7;0;0;2;8;16;B01
201400033647;0;30;0;0;2;1;1;A01
201400033648;0;7;0;0;2;2;1;A01
201400033648;0;7;0;0;2;3;16;B01
201400033649;0;7;0;0;2;1;9;A01
201400033649;0;30;0;0;2;1;5;B01
201400033650;0;7;0;0;2;7;21;A01
201400033650;0;7;0;0;2;3;1;B01
201400033651;0;33;0;0;2;1;1;A01
201400033651;0;7;0;0;2;2;15;B01
201400033652;1;7;0;0;1;0;1;Z01
201400033653;0;7;0;0;0;0;2;A01
201400033653;0;1;0;0;0;1;2;B01
201400033654;1;37;0;0;1;2;0;A01
201400033655;0;7;0;0;1;3;9;A01
201400033656;0;7;0;0;2;2;13;A01
201400033656;0;7;0;0;2;1;1;B01
201400033657;0;7;0;0;1;1;1;A01
201400033658;0;7;0;0;1;1;1;A01
201400033658;0;7;0;0;1;3;1;B01
201400033659;0;7;0;0;1;1;15;A01
201400033660;0;7;0;0;0;1;1;A01
201400033661;0;15;0;0;2;2;12;A01
201400033661;0;7;0;3;2;1;1;B01
201400033662;0;3;0;0;0;0;15;A01
201400033662;0;1;0;1;0;1;21;B01
201400033663;0;7;0;1;0;2;16;A01
201400033663;0;7;0;0;2;6;24;B01
201400033664;0;7;0;0;1;1;2;A01
201400033665;0;7;0;0;1;8;1;A01
201400033666;0;7;0;0;2;1;1;A01
201400033666;0;1;0;0;2;0;19;B01
201400033667;0;7;0;0;2;1;1;B01
201400033667;0;7;0;0;2;7;0;A01
201400033668;0;7;0;0;2;2;2;A01
201400033668;0;7;0;0;2;3;15;B01
201400033669;0;7;0;0;2;3;15;A01
201400033669;0;1;0;0;2;8;1;B01
201400033670;0;2;0;0;2;1;1;B01
201400033670;0;7;0;0;2;2;15;A01
201400033671;0;30;0;0;2;1;1;B01
201400033671;0;7;0;0;2;5;15;A01
201400033672;0;14;0;0;2;7;1;A01
201400033672;0;7;0;0;2;1;16;B01
201400033673;0;7;0;0;1;2;1;A01
201400033674;0;1;0;0;2;7;1;A01
201400033674;1;10;0;0;2;1;0;Z01
201400033675;0;7;0;0;2;1;15;A01
201400033675;0;7;0;0;0;4;1;B01
201400033676;0;7;0;0;2;3;0;A01
201400033676;0;7;0;0;2;3;13;B01
201400033677;0;7;0;0;2;3;0;B01
201400033677;0;1;0;0;2;3;9;A01
201400033678;0;1;0;0;2;1;1;B01
201400033678;0;7;0;0;2;1;16;A01
201400033679;0;7;0;0;1;1;0;A01
201400033680;1;7;0;0;1;2;1;A01
201400033681;0;7;0;0;1;1;1;A01
201400033682;0;7;0;0;1;2;1;A01
201400033683;0;7;0;0;1;2;2;A01
201400033684;0;3;0;0;1;2;1;A01
201400033685;0;2;0;0;2;1;1;A01
201400033685;0;7;0;0;2;3;1;B01
201400033686;0;7;0;0;1;1;1;A01
201400033687;0;7;0;0;2;1;2;A01
201400033687;0;7;0;0;2;4;2;B01
201400033688;2;7;0;0;2;1;0;A01
201400033688;0;7;0;0;2;1;15;B01
201400033689;0;31;0;0;2;1;1;B01
201400033689;0;7;0;0;2;8;1;A01
201400033690;0;7;0;0;1;1;1;A01
201400033691;0;10;0;0;2;4;10;A01
201400033691;0;30;0;0;2;1;1;B01
201400033692;0;2;0;0;2;1;0;B01
201400033692;0;7;0;0;2;1;19;A01
201400033693;0;14;0;0;2;7;16;A01
201400033693;0;1;0;0;2;1;1;B01
201400033694;0;7;0;0;2;1;17;A01
201400033694;0;7;0;0;2;1;1;B01
201400033695;0;7;0;0;2;2;15;A01
201400033695;0;1;0;0;2;1;1;B01
201400033696;0;7;0;0;2;5;9;A01
201400033696;0;33;0;12;2;8;21;B01
201400033697;0;30;0;0;2;7;1;B01
201400033697;0;7;0;0;2;1;15;A01
201400033698;0;7;0;1;1;4;20;A01
201400033699;0;31;0;0;2;2;1;A01
201400033699;0;7;0;0;2;5;15;B01
201400033700;0;33;0;1;0;1;1;A01
201400033701;0;7;0;11;0;1;1;A01
201400033702;0;1;0;0;2;1;19;A01
201400033702;0;7;0;0;2;3;1;B01
201400033703;0;10;0;0;1;1;1;A01
201400033704;0;7;0;0;2;8;1;B01
201400033704;0;2;0;0;2;1;1;A01
201400033705;0;1;0;0;2;1;5;B01
201400033705;0;7;0;0;2;2;16;A01
201400033706;0;7;0;0;2;3;3;B01
201400033706;0;7;0;0;2;7;0;A01
201400033707;0;7;0;0;2;1;9;A01
201400033707;0;10;0;0;2;8;1;B02
201400033708;0;7;0;0;1;1;9;A01
201400033709;0;20;0;9;0;3;1;A01
201400033709;0;7;0;9;0;3;1;B01
201400033710;0;7;0;0;2;2;1;A01
201400033710;0;7;0;0;2;7;15;B01
201400033711;0;7;0;6;0;1;1;A01
201400033712;0;7;0;0;2;1;17;A01
201400033712;0;7;0;0;2;1;1;B01
201400033713;0;7;0;0;1;6;4;A01
201400033714;0;32;0;0;1;2;7;A01
201400033715;0;7;0;0;2;1;1;A01
201400033715;0;7;0;0;2;4;2;B01
201400033716;0;7;0;2;0;1;14;A01
201400033717;0;7;0;0;1;3;1;A01
201400033718;1;7;0;0;1;0;0;Z01
201400033719;0;7;0;0;1;2;1;A01
201400033720;0;1;0;0;2;1;1;A01
201400033720;1;7;0;0;2;2;0;Z01
201400033721;0;37;30;0;2;1;1;B01
201400033721;0;7;0;0;2;1;13;A01
201400033722;0;7;0;0;2;4;1;B01
201400033722;0;7;0;0;2;1;1;A01
201400033723;0;7;0;0;2;1;15;A01
201400033723;0;7;0;0;2;8;1;B01
201400033724;0;7;0;0;2;1;1;A01
201400033724;0;10;0;0;2;9;1;B01
201400033725;0;7;0;7;0;1;21;A01
201400033726;0;7;0;0;2;2;15;A01
201400033726;0;7;0;0;2;1;1;B01
201400033727;0;7;0;0;0;1;19;B01
201400033727;0;7;0;0;2;3;1;C01
201400033727;0;7;0;0;2;2;1;A01
201400033728;1;7;0;0;2;0;15;Z01
201400033728;0;1;0;0;2;0;1;A01
201400033729;0;33;0;0;2;1;2;A01
201400033729;0;7;0;0;0;6;23;B01
201400033730;0;10;0;0;1;6;1;B01
201400033731;0;7;0;0;2;1;15;A01
201400033731;0;7;0;0;2;1;1;B01
201400033732;0;7;0;0;1;7;16;A01
201400033733;0;7;0;0;2;2;1;B01
201400033733;0;1;0;0;2;1;19;A01
201400033734;0;7;0;8;0;1;2;A01
201400033735;0;1;0;4;2;2;21;A01
201400033735;0;1;0;0;2;1;21;B01
201400033736;0;7;0;0;2;3;1;A01
201400033736;0;7;0;0;2;2;1;B01
201400033737;0;7;0;6;0;4;2;A01
201400033737;1;99;0;0;2;2;0;Z01
201400033738;0;7;0;0;0;6;2;B01
201400033738;0;13;0;0;9;0;5;C01
201400033738;0;33;0;0;2;1;2;A01
201400033739;0;7;0;0;1;3;23;B01
201400033739;0;7;0;0;1;3;1;A01
201400033740;0;7;0;4;0;7;13;A01
201400033741;0;7;0;0;1;7;1;A01
201400033742;0;7;0;6;0;1;21;A01
201400033743;0;1;0;0;2;7;19;B01
201400033743;0;7;0;0;9;1;1;A01
201400033744;0;31;0;0;2;1;1;B01
201400033744;0;7;0;0;2;2;15;A01
201400033745;0;7;0;0;1;1;0;A01
201400033746;0;7;0;0;0;0;0;C01
201400033746;0;7;0;0;2;1;2;A01
201400033746;0;7;0;0;2;1;2;B01
201400033747;0;10;0;0;2;2;19;A01
201400033747;0;31;0;0;2;7;1;B01
201400033748;0;33;0;0;0;1;1;A01
201400033748;0;10;0;0;0;8;1;B01
201400033749;0;7;0;4;0;3;1;A01
201400033750;0;7;0;0;2;2;6;A01
201400033750;0;7;0;0;2;1;1;B01
201400033751;0;33;0;0;2;1;1;B01
201400033751;0;7;0;0;2;3;10;A01
201400033752;0;7;0;0;1;4;4;A01
201400033753;0;33;0;0;2;2;1;A01
201400033753;0;7;0;0;2;6;15;B01
201400033754;0;30;0;0;1;1;17;A01
201400033755;0;31;0;0;2;2;2;B01
201400033755;0;10;0;0;2;2;15;A01
201400033756;0;34;0;7;2;3;1;B01
201400033756;0;7;0;0;2;5;9;A01
201400033757;0;7;0;0;2;8;15;B01
201400033757;0;7;0;0;2;2;17;A01
201400033758;0;7;0;0;1;0;0;A01
201400033759;0;10;0;0;0;6;2;B01
201400033759;0;31;0;0;0;1;2;A01
201400033760;0;7;0;0;1;5;0;A01
201400033761;0;31;0;0;2;0;2;A01
201400033761;0;7;0;0;2;6;2;B01
201400033762;0;2;0;0;2;1;14;B01
201400033762;0;7;0;0;2;2;15;A01
201400033763;0;7;0;0;0;4;2;B01
201400033763;0;33;0;0;2;1;2;A01
201400033764;0;7;0;6;2;3;1;A01
201400033764;0;7;0;0;2;5;1;B01
201400033764;0;7;0;0;2;8;1;C01
201400033765;0;7;0;0;1;1;1;A01
201400033766;0;33;0;1;2;7;17;A01
201400033766;0;7;0;0;2;3;15;B01
201400033767;0;37;1;0;1;0;1;A01
201400033768;0;7;0;0;1;1;1;A01
201400033769;0;7;0;0;1;1;1;A01
201400033770;0;32;0;0;2;7;2;A01
201400033770;0;7;0;0;2;6;2;B01
201400033771;0;31;0;0;2;7;21;B01
201400033771;1;7;0;0;2;8;10;Z01
201400033772;0;7;0;0;2;2;1;A01
201400033772;0;7;0;0;2;3;1;B01
201400033773;0;31;0;0;1;7;2;A01
201400033774;0;2;0;0;2;1;1;B01
201400033774;0;7;0;0;2;1;15;A01
201400033775;0;7;0;0;2;6;15;B01
201400033775;0;7;0;0;2;3;1;A01
201400033776;0;3;0;0;0;0;15;A01
201400033777;0;7;0;0;2;4;2;B01
201400033777;0;7;0;0;2;1;2;A01
201400033778;0;7;0;0;2;6;1;B01
201400033778;0;33;0;0;2;2;2;A01
201400033779;0;32;0;1;0;1;0;A01
201400033780;0;7;0;0;1;1;1;A01
201400033781;0;7;0;0;2;2;9;A01
201400033781;0;31;0;0;2;3;17;B01
201400033782;0;7;0;0;1;1;1;A01
201400033783;0;7;0;10;0;0;6;A01
201400033784;0;7;0;0;9;1;5;C01
201400033784;0;33;0;0;2;1;2;B01
201400033784;0;7;0;0;2;4;23;A01
201400033785;0;33;0;0;0;1;2;B01
201400033785;0;33;0;4;0;1;2;C01
201400033785;0;33;0;4;0;7;1;A01
201400033786;0;7;0;0;2;1;9;A01
201400033786;0;7;0;0;2;7;1;B01
201400033787;0;7;0;0;1;2;1;A01
201400033788;0;7;0;0;2;1;2;B01
201400033788;0;7;0;0;2;4;2;A01
201400033789;0;7;0;0;1;8;1;A01
201400033790;0;32;0;0;2;7;1;B01
201400033790;0;7;0;0;2;1;9;A01
201400033791;0;7;0;0;1;1;16;A01
201400033792;0;7;0;0;2;1;9;A01
201400033792;0;7;0;12;0;4;1;B01
201400033793;0;31;0;0;2;5;1;B01
201400033793;0;10;0;0;2;1;9;A01
201400033794;0;7;0;0;9;7;7;A01
201400033794;0;37;2;0;2;3;1;B01
201400033795;0;7;0;0;2;8;20;A01
201400033795;0;33;0;0;2;1;1;B01
201400033796;0;7;0;0;2;6;1;B01
201400033796;0;33;0;0;2;1;15;A01
201400033797;0;7;0;0;1;3;1;A01
201400033798;0;33;0;3;0;1;16;A01
201400033799;0;7;0;1;0;5;4;B01
201400033799;0;7;0;1;2;3;14;A01
201400033800;0;7;0;0;2;1;2;A01
201400033800;0;7;0;0;0;4;23;B01
201400033801;0;1;0;0;2;4;2;B01
201400033801;0;7;0;0;9;0;2;A01
201400033802;0;7;0;0;1;1;1;A01
201400033803;0;33;0;0;2;7;17;A01
201400033803;0;7;0;0;0;8;15;B01
201400033804;0;32;0;0;0;1;1;B01
201400033804;0;7;0;0;0;8;15;A01
201400033805;0;7;0;0;2;2;1;A01
201400033805;0;30;0;0;0;1;13;B01
201400033806;0;7;0;0;0;3;15;B01
201400033806;0;7;0;0;0;3;1;A01
201400033807;0;7;0;0;0;2;1;A01
201400033807;0;7;0;0;0;3;9;B01
201400033808;0;7;0;0;1;3;15;A01
201400033809;0;7;0;6;0;1;16;A01
201400033810;0;7;0;0;1;3;16;A01
201400033811;0;7;0;12;0;2;15;A01
201400033811;0;31;0;12;0;3;1;B01
201400033812;0;7;0;0;1;1;1;A01
201400033813;0;33;0;0;2;9;1;A01
201400033813;0;7;0;0;0;1;9;B01
201400033814;0;2;0;0;0;1;1;A01
201400033814;0;7;0;1;2;3;19;B01
201400033815;0;7;0;0;0;3;19;A01
201400033815;0;14;0;0;0;1;1;B01
201400033816;0;33;0;15;0;8;1;A01
201400033817;0;7;0;3;0;0;1;A01
201400033818;0;7;0;4;0;1;15;A01
201400033819;0;7;0;0;0;2;15;A01
201400033819;0;30;0;0;0;1;1;B01
201400033820;0;7;0;0;0;0;10;A01
201400033821;0;7;0;0;1;3;15;A01
201400033822;0;38;2;0;0;4;23;B01
201400033822;0;33;0;0;0;1;2;A01
201400033823;0;30;0;0;0;3;1;A01
201400033824;0;7;0;16;0;0;0;A01
201400033825;0;7;0;0;1;3;0;A01
201400033826;0;10;0;0;2;4;0;A01
201400033826;0;10;0;0;2;4;0;B01
201400033826;0;10;0;0;2;1;1;C01
201400033827;0;7;0;0;2;1;2;A01
201400033827;0;30;0;0;0;1;9;B01
201400033828;0;7;0;15;0;3;2;A01
201400033829;0;32;0;0;1;1;2;A01
201400033830;0;7;0;0;2;3;1;B01
201400033830;0;7;0;0;0;6;15;A01
201400033831;0;7;0;0;1;4;4;A01
201400033832;0;7;0;0;1;1;1;A01
201400033833;0;7;0;0;2;1;1;A01
201400033833;0;7;0;0;2;1;15;B01
201400033834;0;37;2;9;0;1;1;A01
201400033835;0;3;0;0;0;6;1;A01
201400033835;0;7;0;0;0;2;1;B01
201400033836;0;1;0;0;0;0;19;B01
201400033836;0;7;0;0;0;2;1;A01
201400033837;0;7;0;13;0;9;1;A01
201400033838;0;7;0;0;1;1;0;A01
201400033839;0;7;0;0;0;1;0;A01
201400033840;0;7;0;0;0;3;1;A01
201400033841;0;7;0;2;0;3;1;A01
201400033842;0;33;0;0;2;1;1;B01
201400033842;0;7;0;0;0;1;20;A01
201400033843;0;2;0;0;0;9;2;A01
201400033843;0;7;0;0;0;4;2;B01
201400033844;0;7;0;6;0;3;16;A01
201400033845;0;7;0;0;0;5;2;B01
201400033845;0;7;0;0;0;3;2;A01
201400033846;0;7;0;0;1;1;0;A01
201400033847;0;1;0;0;2;1;9;A01
201400033847;0;7;0;0;0;5;1;B01
201400033848;0;13;0;0;0;3;1;B01
201400033848;0;7;0;0;0;2;2;A01
201400033849;0;14;0;0;1;2;2;A01
201400033850;0;7;0;0;2;2;2;A01
201400033850;0;7;0;0;2;6;2;C01
201400033850;0;7;0;0;0;5;2;B01
201400033851;0;7;0;0;0;3;1;A01
201400033851;0;7;0;0;0;3;1;B01
201400033852;0;7;0;0;1;0;1;A01
201400033853;0;7;0;0;1;1;1;A01
201400033854;0;7;0;0;2;3;9;A01
201400033854;0;2;0;0;2;1;2;B01
201400033855;0;7;0;0;2;3;15;A01
201400033855;0;30;0;0;2;1;2;B01
201400033856;0;31;0;0;2;1;23;B01
201400033856;0;10;0;0;2;4;4;A01
201400033857;0;1;0;0;2;8;23;B01
201400033857;0;10;0;0;9;8;15;A01
201400033858;0;7;0;0;2;4;23;C01
201400033858;0;10;0;0;2;1;2;A01
201400033858;0;7;0;0;2;4;2;B01
201400033859;0;7;0;0;9;8;24;A01
201400033859;0;1;0;1;0;1;1;B01