num_acc;senc;catv;occutc;obs;obsm;choc;manv;num_veh
201400033860;0;7;0;0;2;8;15;B01
201400033860;0;7;0;0;2;1;0;A01
201400033861;0;31;0;0;2;1;2;A01
201400033861;0;7;0;0;0;6;1;B01
201400033861;0;7;0;0;2;2;2;C01
201400033862;0;7;0;0;2;6;10;A01
201400033862;0;2;0;0;2;1;1;B01
201400033863;0;7;0;0;2;3;19;A01
201400033863;0;30;0;0;2;1;1;B01
201400033864;0;7;0;0;1;6;4;A01
201400033865;0;37;1;0;1;2;21;A01
201400033866;0;7;0;0;2;1;1;A01
201400033866;0;7;0;0;2;1;1;B01
201400033867;0;7;0;0;9;1;1;B01
201400033867;0;30;0;0;2;3;19;A01
201400033868;0;7;0;0;2;9;2;B01
201400033868;0;7;0;0;2;1;2;A01
201400033869;0;7;0;0;2;1;15;B01
201400033869;0;10;0;0;2;2;17;A01
201400033870;0;7;0;0;2;6;15;A01
201400033870;0;37;35;0;2;3;1;B01
201400033871;0;7;0;0;2;1;2;A01
201400033871;0;30;0;0;2;4;15;B01
201400033872;0;7;0;0;2;3;15;A01
201400033872;0;33;0;0;2;1;21;B01
201400033873;0;7;0;12;0;9;1;A01
201400033874;0;2;0;0;2;1;21;B01
201400033874;0;7;0;0;2;8;10;A01
201400033875;0;7;0;0;1;2;1;A01
201400033876;0;7;0;0;2;1;2;A01
201400033876;0;7;0;0;2;4;2;B01
201400033877;0;7;0;0;2;2;15;B01
201400033877;0;33;0;0;2;1;1;A01
201400033878;0;7;0;0;1;2;1;A01
201400033879;0;7;0;0;2;1;15;A01
201400033879;0;33;0;0;2;2;1;B01
201400033880;0;32;0;0;2;7;13;A01
201400033880;0;7;0;0;2;3;9;B01
201400033881;0;7;0;0;2;2;2;A01
201400033881;0;7;0;6;2;6;0;B01
201400033882;0;2;0;0;1;1;1;A01
201400033883;0;7;0;1;0;2;1;A01
201400033884;0;37;1;0;2;2;15;A01
201400033884;0;33;0;0;2;1;1;B01
201400033885;0;31;0;0;2;1;1;B01
201400033885;0;10;0;0;2;2;15;A01
201400033886;0;7;0;0;1;2;1;A01
201400033887;0;7;0;0;2;2;10;A01
201400033887;0;30;0;0;2;1;1;B01
201400033888;0;1;0;0;2;7;1;A01
201400033888;0;7;0;0;2;2;16;B01
201400033889;0;7;0;0;2;3;15;A01
201400033889;0;33;0;0;2;1;1;B01
201400033890;0;10;0;0;1;1;17;A01
201400033891;0;7;0;14;0;2;19;A01
201400033892;1;99;0;0;1;2;0;Z01
201400033893;0;10;0;0;2;4;1;B01
201400033893;0;2;0;0;2;1;1;A01
201400033894;0;14;0;0;2;2;1;B01
201400033894;0;7;0;1;2;3;13;A01
201400033895;0;7;0;0;0;1;5;B01
201400033895;0;7;0;9;0;7;5;A01
201400033896;0;33;0;0;2;7;17;A01
201400033896;0;7;0;0;2;1;15;B01
201400033897;0;7;0;0;1;7;1;A01
201400033898;0;7;0;0;2;1;1;A01
201400033898;0;7;0;0;0;4;1;B01
201400033899;0;7;0;6;0;7;1;A01
201400033900;0;7;0;0;2;1;15;A01
201400033900;0;1;0;0;2;1;1;B01
201400033901;0;1;0;0;2;4;1;B01
201400033901;1;7;0;0;2;1;2;Z01
201400033902;0;33;0;0;2;7;1;B01
201400033902;1;7;0;0;2;0;0;Z01
201400033903;0;99;0;0;2;3;1;B01
201400033903;0;7;0;0;2;1;19;A01
201400033904;0;34;0;0;1;1;1;A01
201400033905;0;7;0;0;2;4;2;B01
201400033905;0;7;0;0;2;1;2;A01
201400033906;0;7;0;7;0;3;1;B01
201400033906;0;7;0;0;2;2;15;A01
201400033907;0;7;0;0;2;3;1;A01
201400033907;0;33;0;0;2;1;1;B01
201400033908;0;7;0;0;2;1;1;A01
201400033908;0;7;0;0;2;1;1;B01
201400033909;0;37;1;0;1;2;16;A01
201400033910;1;7;0;0;1;0;4;Z01
201400033911;0;7;0;0;1;2;1;A01
201400033912;0;7;0;0;2;8;15;B01
201400033912;0;33;0;0;2;1;2;A01
201400033913;0;10;0;0;2;1;2;A01
201400033913;0;7;0;0;2;4;2;B01
201400033914;0;10;0;0;2;6;1;B01
201400033914;0;33;0;0;2;1;2;A01
201400033915;0;31;0;0;2;1;1;B01
201400033915;0;7;0;0;2;3;15;A01
201400033916;0;7;0;0;2;3;1;B01
201400033916;0;7;0;0;2;2;15;A01
201400033917;0;7;0;0;2;7;2;B01
201400033917;0;33;0;0;2;1;2;A01
201400033918;0;2;0;0;2;1;1;B01
201400033918;1;7;0;0;2;3;15;Z01
201400033919;0;7;0;0;2;8;1;B01
201400033919;0;34;0;0;2;1;1;A01
201400033920;0;7;0;0;2;8;10;A01
201400033920;0;33;0;0;2;1;1;B01
201400033921;0;7;0;0;2;5;15;A01
201400033921;0;30;0;0;2;1;1;B01
201400033922;0;7;0;0;2;0;1;B01
201400033922;0;7;0;0;2;1;5;A01
201400033923;0;7;0;0;2;1;1;A01
201400033923;0;7;0;0;2;4;1;B01
201400033924;0;7;0;1;0;7;1;A01
201400033924;0;7;0;0;0;1;24;B01
201400033925;0;99;0;0;1;1;15;A01
201400033926;0;32;0;0;0;8;21;A01
201400033927;0;7;0;0;2;3;1;B01
201400033927;0;7;0;0;2;0;15;A01
201400033928;2;1;0;0;1;0;1;Z01
201400033929;0;7;0;0;2;8;23;C01
201400033929;0;10;0;8;2;8;1;B01
201400033929;0;7;0;0;2;1;15;A01
201400033930;0;7;0;0;1;3;1;A01
201400033931;0;7;0;0;2;3;15;B01
201400033931;0;31;0;0;2;7;17;A01
201400033932;0;7;0;0;2;3;15;A01
201400033932;0;30;0;0;2;3;1;B01
201400033933;0;7;0;0;2;1;1;A01
201400033933;0;7;0;0;2;3;1;B01
201400033934;0;7;0;0;0;0;16;B01
201400033934;0;2;0;0;0;0;21;A01
201400033935;0;31;0;0;2;1;1;B01
201400033935;0;7;0;0;2;2;15;A01
201400033936;0;7;0;0;2;1;2;A01
201400033936;0;7;0;0;2;4;2;B01
201400033937;0;32;0;0;2;1;2;B01
201400033937;0;7;0;0;2;3;15;A01
201400033938;0;7;0;0;1;1;1;A01
201400033938;0;7;0;0;1;3;5;B01
201400033939;0;32;0;0;2;1;2;A01
201400033939;0;7;0;0;2;1;15;B01
201400033940;0;7;0;0;2;3;15;A01
201400033940;0;33;0;0;2;0;1;B01
201400033941;0;7;0;0;1;1;1;A01
201400033942;0;7;0;0;1;4;4;A01
201400033943;0;2;0;0;2;1;1;B01
201400033943;0;2;0;0;2;2;5;A01
201400033944;0;1;0;0;2;1;19;B01
201400033944;0;7;0;0;2;1;1;A01
201400033945;0;7;0;0;1;2;16;A01
201400033946;0;7;0;0;2;7;1;A01
201400033946;0;7;0;0;2;1;1;B01
201400033947;0;7;0;0;1;2;1;A01
201400033948;0;7;0;0;2;1;1;A01
201400033948;0;7;0;0;1;7;1;B01
201400033949;0;1;0;0;2;1;5;A01
201400033949;0;7;0;0;2;2;1;B01
201400033950;0;1;0;0;2;1;1;A01
201400033950;1;7;0;0;2;2;0;Z01
201400033951;0;7;0;0;1;3;1;A01
201400033952;0;7;0;0;2;6;1;B01
201400033952;0;7;0;0;2;2;15;A01
201400033953;0;10;0;0;2;1;15;A01
201400033953;0;2;0;0;2;2;1;B01
201400033954;0;7;0;0;1;3;1;A01
201400033955;1;7;0;0;2;0;0;Z01
201400033955;0;33;0;0;2;1;1;A01
201400033956;0;7;0;0;1;2;1;A01
201400033957;1;30;0;0;2;0;0;Z01
201400033957;0;7;0;0;2;2;1;A01
201400033958;1;32;0;0;1;0;0;Z01
201400033959;0;37;45;0;1;5;1;A01
201400033960;0;7;0;4;0;3;1;A01
201400033961;0;10;0;0;1;3;1;A01
201400033962;1;7;0;0;1;0;16;Z01
201400033963;0;7;0;0;2;6;15;B01
201400033963;0;30;0;0;2;1;17;A01
201400033964;0;7;0;0;2;6;15;A01
201400033965;1;7;0;0;1;0;0;Z01
201400033966;0;31;0;0;2;4;1;A01
201400033967;0;1;0;0;2;0;19;B01
201400033967;0;7;0;1;2;1;1;A01
201400033968;0;15;0;0;2;3;23;B01
201400033968;0;7;0;0;2;3;15;A01
201400033969;0;34;0;0;2;7;1;A01
201400033969;1;10;0;0;2;0;13;B01
201400033970;0;7;0;2;2;2;15;B01
201400033970;0;2;0;2;2;8;16;A01
201400033971;0;7;0;0;2;5;2;B01
201400033971;0;2;0;0;2;1;18;A01
201400033972;0;7;0;0;2;1;1;A01
201400033972;1;2;0;0;2;1;5;Z01
201400033973;1;99;0;2;1;0;2;Z01
201400033974;0;7;0;0;1;1;1;A01
201400033975;0;33;0;0;2;1;1;A01
201400033975;0;7;0;0;2;8;1;B01
201400033976;0;7;0;0;2;3;15;A01
201400033976;1;7;0;0;2;7;17;B01
201400033977;0;7;0;0;1;1;1;A01
201400033978;1;10;0;0;2;8;13;A01
201400033978;0;7;0;0;2;7;1;B01
201400033978;0;7;0;0;2;2;1;C01
201400033978;0;7;0;0;2;2;1;D01
201400033979;0;30;0;12;2;1;1;B01
201400033979;1;7;0;0;2;5;15;Z01
201400033980;0;7;0;1;2;4;20;C01
201400033980;0;7;0;0;2;3;17;A01
201400033980;0;7;0;0;2;3;15;B01
201400033981;0;10;0;0;2;7;15;A01
201400033981;0;33;0;0;2;1;1;B01
201400033982;0;7;0;0;2;2;15;A01
201400033982;0;7;0;0;2;8;1;B01
201400033983;0;7;0;0;2;3;2;B01
201400033983;0;31;0;1;2;3;17;A01
201400033984;0;10;0;8;0;6;13;A01
201400033985;0;34;0;15;0;1;1;A01
201400033986;0;37;7;0;1;7;1;A01
201400033987;0;7;0;0;1;3;15;A01
201400033988;1;7;0;0;1;0;1;Z01
201400033989;0;7;0;0;2;1;2;B01
201400033989;0;7;0;0;2;4;2;C01
201400033989;0;7;0;0;2;1;2;A01
201400033990;0;7;0;0;2;1;15;A01
201400033990;0;32;0;0;2;1;1;B01
201400033991;0;7;0;0;2;1;1;B01
201400033991;0;7;0;8;2;7;1;A01
201400033992;0;7;0;0;1;1;1;A01
201400033993;0;7;0;0;2;1;2;C01
201400033993;0;7;0;0;2;1;2;A01
201400033993;0;7;0;0;2;3;2;B01
201400033994;0;7;0;8;2;2;15;A01
201400033994;0;7;0;0;2;3;1;B01
201400033995;0;7;0;0;1;2;2;A01
201400033996;0;7;0;0;1;1;1;A01
201400033997;0;7;0;0;1;0;2;A01
201400033998;0;1;0;0;2;8;0;A01
201400033998;0;7;0;0;2;2;16;B01
201400033999;0;7;0;0;2;1;2;A01
201400033999;0;31;0;0;2;4;1;B01
201400034000;0;33;0;0;2;1;1;D01
201400034000;0;7;0;0;2;3;1;C01
201400034000;1;7;0;0;1;1;15;A01
201400034000;0;7;0;0;2;2;0;B01
201400034001;0;7;0;0;2;4;1;B01
201400034001;0;7;0;0;0;3;15;A01
201400034002;0;7;0;0;2;3;1;A01
201400034002;0;7;0;0;2;2;15;B01
201400034002;0;7;0;0;2;2;24;C01
201400034002;0;7;0;0;2;5;24;D01
201400034002;0;7;0;0;0;8;24;E01
201400034003;0;7;0;0;1;6;20;A01
201400034004;0;7;0;0;2;3;17;A01
201400034004;0;7;0;0;2;3;1;B01
201400034005;0;7;0;0;0;4;2;B01
201400034005;0;7;0;0;2;1;2;A01
201400034006;0;7;0;0;2;1;2;B01
201400034006;0;7;0;0;2;4;2;C01
201400034006;0;7;0;0;2;1;2;A01
201400034007;0;7;0;12;2;4;2;B01
201400034007;0;7;0;12;2;1;2;A01
201400034008;0;7;0;0;1;3;1;A01
201400034009;0;34;0;1;1;1;1;A01
201400034010;0;7;0;0;1;1;1;A01
201400034011;0;2;0;8;0;2;1;A01
201400034012;0;10;0;0;2;7;1;B01
201400034012;0;7;0;0;2;2;1;A01
201400034013;0;7;0;0;2;1;2;A01
201400034013;0;7;0;0;2;4;2;B01
201400034014;0;7;0;0;2;8;10;A01
201400034014;0;30;0;0;2;1;1;B01
201400034015;0;7;0;0;2;2;1;B01
201400034015;0;33;0;0;2;1;15;A01
201400034016;0;7;0;0;2;1;1;A01
201400034016;0;7;0;0;2;1;1;B01
201400034017;0;7;0;0;1;3;1;A01
201400034018;0;33;0;0;2;1;13;A01
201400034018;0;7;0;0;2;1;1;B01
201400034019;0;14;0;6;0;1;1;A01
201400034020;0;14;0;0;0;3;15;B01
201400034020;0;33;0;0;2;1;16;A01
201400034021;0;40;10;0;2;1;1;B01
201400034021;0;30;0;0;4;1;15;A01
201400034022;0;7;0;0;2;3;0;B01
201400034022;0;7;0;0;2;3;0;C01
201400034022;0;7;0;1;0;3;1;A01
201400034023;0;7;0;0;2;5;12;A01
201400034023;0;10;0;0;2;1;1;B01
201400034024;0;30;0;0;2;1;1;B01
201400034024;0;7;0;0;2;1;15;A01
201400034025;0;7;0;0;2;3;9;B01
201400034025;0;34;0;0;2;1;1;A01
201400034026;0;7;0;1;0;1;2;A01
201400034027;0;33;0;0;2;1;2;B01
201400034027;0;15;0;0;2;3;16;A01
201400034028;0;10;0;0;0;0;15;A01
201400034028;0;1;0;0;0;0;1;B01
201400034029;0;10;0;0;2;4;4;A01
201400034029;0;1;0;0;2;8;1;B01
201400034030;0;1;0;0;1;2;14;A01
201400034031;0;7;0;8;0;1;0;A01
201400034032;0;7;0;0;2;1;2;A01
201400034032;0;7;0;0;0;4;23;B01
201400034033;0;7;0;0;2;1;17;A01
201400034033;0;7;0;0;2;8;9;B01
201400034034;0;7;0;0;2;1;15;A01
201400034034;0;1;0;0;2;1;1;B01
201400034035;0;1;0;0;2;1;12;B01
201400034035;0;7;0;0;2;5;15;A01
201400034036;0;7;0;0;2;8;1;A01
201400034036;0;1;0;0;2;7;16;B01
201400034037;0;7;0;0;2;1;15;B01
201400034037;2;2;0;0;2;1;17;A01
201400034038;0;7;0;0;9;2;15;A01
201400034039;0;7;0;0;2;2;1;A01
201400034039;0;7;0;0;2;4;1;B01
201400034040;0;7;0;0;2;5;1;B01
201400034040;0;31;0;0;2;1;1;A01
201400034041;0;7;0;0;1;3;2;A01
201400034042;0;7;0;0;2;1;1;A01
201400034042;0;7;0;0;2;0;1;B01
201400034043;0;7;0;0;1;1;0;A01
201400034044;0;10;0;0;1;0;0;A01
201400034045;0;7;0;0;2;4;2;B01
201400034045;0;7;0;0;0;4;23;C01
201400034045;0;7;0;0;2;1;2;A01
201400034046;0;3;0;0;2;3;1;B01
201400034046;0;7;0;0;2;7;15;A01
201400034047;0;2;0;0;0;3;21;A01
201400034048;2;7;0;12;0;1;13;A01
201400034049;0;7;0;0;1;1;1;A01
201400034050;0;7;0;0;1;1;16;A01
201400034051;0;10;0;0;2;8;15;A01
201400034051;0;33;0;0;2;1;1;B01
201400034052;0;7;0;0;1;3;1;A01
201400034053;0;7;0;0;1;8;17;A01
201400034054;0;34;0;0;2;1;11;A01
201400034054;0;7;0;0;2;7;15;B01
201400034055;0;33;0;0;1;1;17;A01
201400034056;0;7;0;0;9;1;2;A01
201400034056;0;1;0;0;2;7;6;B01
201400034057;0;33;0;0;1;2;17;A01
201400034058;0;7;0;0;2;3;2;A01
201400034058;0;7;0;0;2;6;23;B01
201400034058;1;7;0;0;2;1;5;Z01
201400034059;0;7;0;0;2;1;2;B01
201400034059;0;7;0;0;2;4;2;A01
201400034060;0;7;0;1;1;3;1;A01
201400034060;0;7;0;0;2;0;22;B01
201400034061;0;7;0;0;2;1;1;A01
201400034061;0;7;0;0;2;1;1;B01
201400034062;0;7;0;0;1;0;4;A01
201400034063;0;1;0;0;1;1;1;A01
201400034064;0;15;0;0;2;3;9;A01
201400034064;0;1;0;0;2;3;1;B01
201400034065;0;7;0;0;1;1;1;A01
201400034066;1;7;0;0;2;0;2;Z01
201400034066;0;30;0;0;0;4;15;B01
201400034067;0;1;0;0;2;1;2;A01
201400034067;0;7;0;0;2;4;2;B01
201400034068;0;7;0;0;2;8;15;B01
201400034068;0;30;0;0;2;1;1;A01
201400034069;0;10;0;0;2;3;15;B01
201400034069;0;30;0;0;2;1;17;A01
201400034070;0;7;0;0;2;1;15;A01
201400034070;0;7;0;0;2;3;1;B01
201400034071;0;7;0;0;2;4;23;B01
201400034071;0;10;0;0;2;1;2;A01
201400034071;0;7;0;0;2;4;23;C01
201400034072;0;7;0;0;2;1;1;A01
201400034072;0;7;0;0;2;4;1;B01
201400034073;1;7;0;0;1;6;4;A01
201400034074;0;7;0;0;2;7;1;A01
201400034074;0;1;0;0;2;1;1;B01
201400034075;0;7;0;0;2;7;1;B01
201400034075;0;7;0;0;2;1;16;A01
201400034076;0;33;0;8;2;1;1;B01
201400034076;0;1;0;0;0;8;19;A01
201400034077;0;7;0;0;2;1;2;D01
201400034077;0;7;0;0;2;4;2;B01
201400034077;0;7;0;0;2;1;2;C01
201400034077;0;7;0;0;2;4;2;A01
201400034078;0;1;0;0;2;0;2;B01
201400034078;0;7;0;0;2;0;2;A01
201400034079;1;2;0;0;1;0;0;Z01
201400034080;0;7;0;0;2;2;15;A01
201400034080;0;7;0;0;2;2;1;B01
201400034081;0;7;0;0;1;1;0;A01
201400034082;0;7;0;0;1;3;1;B01
201400034082;0;7;0;0;2;2;15;A01
201400034083;0;7;0;0;2;6;2;B01
201400034083;0;10;0;0;2;0;2;A01
201400034084;0;32;0;0;2;3;6;A01
201400034084;0;7;0;0;2;3;23;B01
201400034085;0;7;0;0;2;1;2;A01
201400034085;0;7;0;0;2;4;15;B01
201400034086;0;7;0;0;1;7;1;A01
201400034087;0;36;0;2;0;1;0;A01
201400034088;0;7;0;0;2;1;1;A01
201400034088;0;7;0;0;2;0;1;B01
201400034088;0;7;0;0;2;3;1;D01
201400034088;0;7;0;0;2;1;23;C01
201400034089;0;7;0;6;0;1;1;A01
201400034090;0;7;0;0;2;3;1;B01
201400034090;0;7;0;0;2;1;15;A01
201400034091;0;7;0;6;0;1;21;A01
201400034092;0;7;0;0;1;2;1;A01
201400034093;0;7;0;0;1;3;2;A01
201400034094;0;38;45;0;2;2;5;A01
201400034094;0;38;45;0;2;1;15;B01
201400034095;0;7;0;0;2;1;15;B01
201400034096;0;7;0;0;0;6;2;B01
201400034096;0;7;0;0;2;1;2;A01
201400034097;0;33;0;0;0;1;0;A01
201400034098;0;7;0;0;1;1;1;A01
201400034099;0;7;0;0;1;6;2;A01
201400034100;0;7;0;0;2;1;2;A01
201400034100;0;7;0;0;2;0;0;C01
201400034100;0;7;0;0;2;4;2;B01
201400034101;0;7;0;0;2;2;15;A01
201400034101;0;33;0;0;2;1;1;B01
201400034102;0;7;0;0;2;3;1;A01
201400034102;0;7;0;0;2;5;1;B01
201400034102;0;7;0;0;2;4;1;C01
201400034103;0;7;0;0;2;3;15;A01
201400034103;0;7;0;0;2;1;15;B01
201400034104;0;7;0;0;2;2;1;B01
201400034104;0;7;0;0;0;1;15;A01
201400034105;0;7;0;0;2;1;2;A01
201400034105;0;7;0;0;0;4;2;B01
201400034106;0;7;0;0;2;1;2;A01
201400034106;0;7;0;0;2;6;15;B01
201400034107;0;7;0;0;2;1;1;B01
201400034107;0;7;0;0;2;7;10;A01
201400034108;0;7;0;0;2;3;17;A01
201400034108;0;30;0;0;2;7;1;B01
201400034109;0;7;0;0;2;3;15;B01
201400034109;0;7;0;0;2;2;0;A01
201400034110;0;7;0;0;1;1;1;A01
201400034111;0;33;0;0;2;1;2;A01
201400034111;0;7;0;0;0;5;23;B01
201400034112;0;7;0;0;1;2;2;A01
201400034113;0;7;0;0;2;2;20;A01
201400034113;0;7;0;0;2;2;1;B01
201400034114;0;7;0;0;0;4;2;B01
201400034114;0;7;0;0;2;1;2;A01
201400034115;0;10;0;0;2;1;1;A01
201400034115;0;7;0;0;2;7;1;B01
201400034115;0;7;0;12;0;6;2;C01
201400034116;0;7;0;0;2;5;17;A01
201400034116;0;7;0;0;2;1;1;B01
201400034117;0;7;0;0;2;3;15;A01
201400034117;0;30;0;0;2;8;1;B01
201400034118;0;10;0;0;2;8;9;B01
201400034118;1;10;0;0;2;0;17;Z01
201400034119;0;7;0;0;0;0;13;B01
201400034119;1;7;0;0;0;0;0;Z01
201400034119;0;7;0;0;0;6;0;C01
201400034120;0;7;0;0;1;1;1;A01
201400034121;0;7;0;0;0;5;19;A01
201400034121;0;37;45;0;2;1;1;B01
201400034122;0;10;0;0;2;1;1;A01
201400034122;0;37;0;0;2;1;23;C01
201400034122;0;10;0;0;2;1;0;B01
201400034123;0;7;0;0;2;1;1;B01
201400034123;2;7;0;0;2;1;5;Z01
201400034124;0;7;0;0;1;6;1;A01
201400034125;0;7;0;0;2;2;3;A01
201400034125;0;7;0;0;2;0;23;C01
201400034125;0;7;0;0;2;6;23;B01
201400034126;0;7;0;9;0;1;1;A01
201400034127;0;7;0;0;2;1;1;B01
201400034127;0;7;0;0;2;1;20;A01
201400034128;0;7;0;0;1;1;1;A01
201400034129;0;7;0;7;2;3;1;B01
201400034129;0;7;0;0;2;1;1;A01
201400034130;0;7;0;0;1;1;1;A01
201400034131;0;3;0;0;2;1;2;A01
201400034131;0;7;0;0;2;6;23;B01
201400034132;0;7;0;0;1;1;16;A01
201400034133;0;7;0;0;1;1;16;A01
201400034134;0;7;0;0;2;2;1;B01
201400034134;0;7;0;0;2;1;5;A01
201400034135;0;1;0;0;2;3;1;A01
201400034135;0;7;0;0;2;7;17;B01
201400034136;0;2;0;0;2;1;1;B01
201400034136;0;14;0;0;2;8;15;A01
201400034137;0;7;0;6;2;2;1;A01
201400034137;0;7;0;6;2;3;1;B01
201400034138;1;99;0;0;1;2;0;Z01
201400034139;0;7;0;0;2;7;1;B01
201400034139;0;7;0;0;2;1;9;A01
201400034140;0;7;0;0;2;2;1;B01
201400034140;0;33;0;0;2;1;5;A01
201400034141;0;7;0;0;0;6;16;A01
201400034141;0;33;0;0;2;7;21;B01
201400034142;0;10;0;0;2;2;2;A01
201400034142;0;33;0;0;0;6;23;B01
201400034143;0;7;0;1;0;3;0;C01
201400034143;0;33;0;0;0;1;0;A01
201400034143;0;13;0;1;0;0;0;B01
201400034144;0;33;0;0;2;1;21;B01
201400034144;0;7;0;0;2;6;9;A01
201400034145;0;37;20;0;1;5;1;A01
201400034146;0;7;0;0;2;1;9;B01
201400034146;0;33;0;0;2;2;17;A01
201400034147;0;2;0;12;0;1;1;A01
201400034148;0;7;0;0;2;1;1;B01
201400034148;0;7;0;1;2;7;1;A01
201400034149;0;15;0;0;2;6;2;B01
201400034149;0;10;0;0;2;8;5;A01
201400034150;0;7;0;0;1;2;1;A01
201400034151;0;7;0;0;2;1;17;A01
201400034151;0;2;0;0;2;1;1;B01
201400034152;0;7;0;0;1;1;0;A01
201400034153;1;7;0;0;1;1;0;A01
201400034154;0;7;0;15;0;1;0;A01
201400034155;0;7;0;0;2;3;15;A01
201400034155;0;32;0;0;2;3;1;B01
201400034156;0;7;0;0;1;1;12;A01
201400034157;1;7;0;0;2;3;9;A01
201400034157;0;1;0;0;2;2;1;B01
201400034158;0;7;0;0;2;1;19;A01
201400034158;0;7;0;0;2;7;19;B01
201400034159;0;7;0;0;2;1;1;A01
201400034159;0;7;0;0;2;4;23;B01
201400034160;0;7;0;0;1;2;1;A01
201400034161;0;37;20;0;1;7;1;A01
201400034162;0;7;0;0;1;3;1;A01
201400034163;0;7;0;0;2;1;1;A01
201400034163;0;30;0;0;2;8;1;B01
201400034164;0;7;0;0;2;3;15;B01
201400034164;0;7;0;0;2;2;1;A01
201400034165;0;7;0;0;1;7;1;A01
201400034166;0;7;0;0;1;2;1;A01
201400034167;0;2;0;0;2;2;17;B01
201400034167;0;7;0;0;2;6;15;A01
201400034168;1;7;0;0;0;0;0;Z01
201400034168;0;7;0;0;2;3;16;A01
201400034169;0;10;0;0;1;1;1;A01
201400034170;0;7;0;0;1;3;15;A01
201400034171;0;7;0;0;2;2;15;A01
201400034171;0;33;0;0;2;1;1;B01
201400034172;0;7;0;0;1;3;1;A01
201400034173;0;7;0;0;2;3;15;B01
201400034173;0;2;0;0;2;1;1;A01
201400034174;1;7;0;0;1;0;0;Z01
201400034175;0;2;0;0;1;3;16;A01
201400034176;0;7;0;0;2;6;1;B01
201400034176;1;7;0;0;2;2;1;Z01
201400034177;0;7;0;0;2;2;1;A01
201400034177;0;7;0;0;2;1;1;B01
201400034178;0;7;0;0;2;1;17;A01
201400034178;0;7;0;0;2;8;15;B01
201400034179;0;7;0;0;2;1;1;A01
201400034179;0;1;0;0;2;0;0;B01
201400034180;0;7;0;0;2;1;1;B01
201400034180;0;7;0;0;2;8;1;A01
201400034181;0;7;0;0;2;1;1;B01
201400034181;0;7;0;0;2;5;1;A01
201400034182;0;7;0;6;0;1;1;A01
201400034183;0;33;0;0;2;6;15;A01
201400034183;0;33;0;0;2;1;1;B01
201400034184;0;7;0;0;2;3;15;A01
201400034184;0;32;0;0;2;1;1;B01
201400034184;0;7;0;0;2;4;15;C01
201400034185;0;32;0;0;2;0;1;B01
201400034185;0;7;0;0;2;0;9;A01
201400034186;0;7;0;0;1;2;1;A01
201400034187;0;15;0;0;1;3;1;A01
201400034188;0;37;45;0;1;2;1;A01
201400034189;0;1;0;0;2;5;1;B01
201400034189;0;7;0;0;2;1;9;A01
201400034190;1;7;0;1;1;2;1;A01
201400034191;0;2;0;0;2;1;7;A01
201400034191;0;7;0;0;2;3;15;B01
201400034192;0;7;0;0;1;1;1;A01
201400034193;0;7;0;0;2;4;2;A01
201400034193;0;7;0;0;2;1;2;B01
201400034194;0;7;0;0;1;2;1;A01
201400034195;0;10;0;0;2;1;1;A01
201400034195;0;7;0;0;2;4;2;B01
201400034196;0;7;0;0;2;3;1;C01
201400034196;0;7;0;0;2;8;1;B01
201400034196;0;7;0;0;2;1;1;A01
201400034197;0;34;0;0;2;1;17;A01
201400034197;0;1;0;0;2;8;15;B01
201400034198;0;2;0;0;2;4;16;A01
201400034198;0;7;0;0;2;2;1;B01
201400034199;0;7;0;0;1;6;1;A01
201400034200;0;10;0;0;1;0;1;A01
201400034201;0;7;0;0;2;3;1;B01
201400034201;0;7;0;0;2;5;1;A01
201400034202;0;33;0;0;2;1;1;B01
201400034202;0;7;0;0;2;5;15;A01
201400034203;0;10;0;0;2;7;20;A01
201400034203;0;31;0;0;2;8;18;B01
201400034204;0;99;0;15;0;0;1;A01
201400034205;0;32;0;0;2;1;1;B01
201400034205;0;7;0;0;2;2;15;A01
201400034206;0;7;0;2;0;1;1;A01
201400034207;0;7;0;0;2;9;23;C01
201400034207;0;7;0;0;2;3;16;B01
201400034207;0;31;0;0;2;9;17;A01
201400034208;0;30;0;0;2;1;1;B01
201400034208;1;7;0;0;0;0;0;A01
201400034209;0;40;50;0;2;3;1;C01
201400034209;0;40;40;0;2;8;1;B01
201400034209;0;30;0;0;4;9;3;A01
201400034210;0;7;0;0;2;2;15;A01
201400034210;0;32;0;0;2;1;1;B01
201400034211;0;7;0;0;2;3;15;A01
201400034211;0;33;0;0;2;8;1;B01
201400034212;0;33;0;0;2;7;1;B01
201400034212;0;7;0;0;2;1;1;A01
201400034213;0;1;0;0;1;1;15;A01
201400034214;0;1;0;0;2;8;19;B01
201400034214;0;10;0;0;2;3;1;A01
201400034215;0;1;0;0;2;4;1;B01
201400034215;0;7;0;0;2;1;1;A01
201400034216;0;7;0;0;2;7;15;A01
201400034216;0;1;0;0;2;1;1;B01
201400034217;0;7;0;12;2;3;10;A01
201400034217;0;7;0;0;2;1;1;B01
201400034218;0;7;0;0;2;3;1;A01
201400034218;0;30;0;0;2;1;1;B01
201400034219;0;7;0;0;2;2;15;A01
201400034219;0;32;0;0;2;1;1;B01
201400034220;0;2;0;0;1;6;1;A01
201400034221;0;7;0;11;2;7;1;B01
201400034221;0;10;0;1;2;1;1;A01
201400034222;0;7;0;0;2;1;1;B01
201400034222;0;7;0;0;2;7;15;A01