num_acc;senc;catv;occutc;obs;obsm;choc;manv;num_veh
201400034223;0;7;0;7;0;2;1;A01
201400034224;0;20;0;0;2;3;10;A01
201400034224;0;31;0;0;2;2;17;B01
201400034225;0;99;0;0;2;0;0;A01
201400034225;0;7;0;0;2;3;1;B01
201400034226;0;7;0;0;1;1;1;C01
201400034226;2;7;0;15;2;1;1;A01
201400034226;0;7;0;0;2;1;1;B01
201400034227;0;1;0;1;2;2;1;B01
201400034227;0;7;0;0;2;1;1;A01
201400034228;0;31;0;0;1;2;17;A01
201400034229;0;1;0;0;2;5;1;B01
201400034229;0;7;0;0;2;3;1;A01
201400034230;2;7;0;8;2;1;0;B01
201400034230;1;7;0;0;2;1;0;A01
201400034231;0;7;0;0;2;7;16;B01
201400034231;0;30;0;0;2;8;2;A01
201400034232;0;7;0;0;2;3;1;A01
201400034232;0;2;0;0;2;1;1;B01
201400034233;0;37;100;0;2;2;1;B01
201400034233;0;7;0;0;2;3;9;A01
201400034234;0;14;0;0;1;0;15;A01
201400034235;0;7;0;0;0;2;2;B01
201400034235;0;1;0;0;2;0;2;A01
201400034236;1;30;0;0;0;0;20;Z01
201400034237;0;7;0;0;2;3;13;A01
201400034237;0;7;0;0;2;3;1;B01
201400034238;0;7;0;0;2;1;2;A01
201400034238;0;7;0;0;2;4;2;B01
201400034238;0;7;0;0;2;4;2;C01
201400034239;0;1;0;0;2;7;15;A01
201400034239;0;7;0;0;2;3;1;B01
201400034240;1;7;0;0;2;0;12;Z01
201400034240;0;33;0;0;2;0;1;B01
201400034241;0;7;0;0;2;1;1;B01
201400034241;0;30;0;0;2;7;1;A01
201400034242;0;7;0;0;2;3;1;A01
201400034242;1;99;0;0;2;0;20;Z01
201400034243;0;7;0;0;1;2;1;A01
201400034244;0;7;0;0;2;1;1;A01
201400034244;0;7;0;0;2;4;1;B01
201400034244;0;7;0;0;2;4;16;C01
201400034245;0;32;0;14;0;1;1;A01
201400034246;0;7;0;0;2;3;1;B01
201400034246;0;7;0;0;2;2;15;A01
201400034247;0;7;0;0;1;2;1;A01
201400034248;0;1;0;1;0;1;1;A01
201400034248;0;7;0;0;2;3;22;B01
201400034249;0;7;0;2;0;8;14;A01
201400034250;0;30;0;0;1;1;1;A01
201400034251;0;7;0;0;1;2;1;A01
201400034252;0;7;0;0;2;3;15;A01
201400034252;0;31;0;0;2;8;1;B01
201400034253;0;7;0;0;2;3;15;A01
201400034253;0;1;0;0;2;1;1;B01
201400034254;0;34;0;12;0;1;1;A01
201400034255;0;1;0;0;2;4;13;A01
201400034255;0;7;0;0;2;1;1;B01
201400034256;0;34;0;0;2;1;23;B01
201400034256;0;10;0;0;2;2;23;C01
201400034256;0;7;0;0;2;0;1;A01
201400034257;0;32;0;0;2;1;1;B01
201400034257;0;7;0;0;2;2;15;A01
201400034258;0;7;0;0;2;3;1;A01
201400034258;0;1;0;0;2;1;1;B01
201400034259;0;7;0;0;2;8;1;B01
201400034259;0;7;0;0;2;1;1;A01
201400034260;0;33;0;0;2;3;18;A01
201400034260;0;7;0;0;2;2;15;B01
201400034261;0;33;0;0;2;1;1;B01
201400034261;0;7;0;0;2;2;15;A01
201400034262;0;32;0;0;2;8;1;B01
201400034262;0;7;0;0;2;2;10;A01
201400034263;0;7;0;0;1;0;1;A01
201400034264;0;7;0;0;2;5;10;A01
201400034264;0;33;0;1;2;1;1;B01
201400034265;0;7;0;0;1;3;1;A01
201400034266;0;1;0;0;1;8;1;A01
201400034267;0;7;0;0;1;2;14;A01
201400034268;0;7;0;0;2;3;15;B01
201400034268;0;33;0;0;1;1;17;A01
201400034269;0;7;0;0;2;2;1;A01
201400034269;0;7;0;0;2;8;1;B01
201400034270;0;7;0;0;1;2;1;A01
201400034271;0;7;0;0;1;1;1;A01
201400034272;0;17;0;0;1;2;1;A01
201400034273;0;7;0;0;1;1;1;A01
201400034274;0;7;0;0;2;1;1;A01
201400034274;0;7;0;1;2;7;1;B01
201400034275;0;7;0;0;2;1;2;B01
201400034275;0;7;0;0;1;1;2;A01
201400034276;1;7;0;0;1;0;1;Z01
201400034277;0;7;0;0;2;5;15;B01
201400034277;0;7;0;0;1;5;17;A01
201400034278;0;7;0;0;1;1;1;A01
201400034279;0;31;0;0;1;1;17;A01
201400034280;0;7;0;0;2;4;1;B01
201400034280;0;7;0;0;2;1;2;A01
201400034281;0;7;0;0;2;2;1;A01
201400034281;0;2;0;0;2;9;0;B01
201400034282;0;7;0;0;1;0;1;A01
201400034283;0;1;0;0;2;2;16;B01
201400034283;0;30;0;0;2;8;18;A01
201400034284;0;7;0;16;0;8;1;A01
201400034285;0;7;0;0;2;2;15;A01
201400034285;0;7;0;0;2;2;1;B01
201400034286;0;7;0;0;2;1;1;A01
201400034286;0;7;0;0;2;0;1;B01
201400034287;0;7;0;0;2;7;24;B01
201400034287;1;7;0;0;0;;;Z01
201400034288;0;7;0;0;2;3;1;B01
201400034288;0;33;0;0;2;1;1;A01
201400034289;0;7;0;6;2;2;17;A01
201400034289;0;7;0;0;2;3;15;B01
201400034290;0;7;0;0;1;1;1;A01
201400034291;0;33;0;0;9;0;1;A01
201400034292;0;7;0;0;1;1;1;A01
201400034292;0;7;0;0;2;7;16;B01
201400034293;0;40;50;0;2;3;1;B01
201400034293;0;1;0;0;4;1;1;A01
201400034294;0;7;0;0;1;1;17;A01
201400034295;0;7;0;0;1;3;1;A01
201400034296;0;7;0;0;2;1;1;A01
201400034296;0;7;0;0;2;7;1;B01
201400034297;0;3;0;0;2;1;1;B01
201400034297;0;7;0;0;2;1;1;C01
201400034297;0;7;0;0;2;1;13;A01
201400034298;0;7;0;1;0;8;1;A01
201400034299;0;40;50;0;2;1;1;B01
201400034299;0;1;0;0;4;7;1;A01
201400034300;0;7;0;0;2;2;1;A01
201400034300;0;7;0;0;2;2;16;B01
201400034301;0;7;0;0;2;1;15;A01
201400034301;0;7;0;0;2;7;1;B01
201400034302;0;7;0;0;2;1;9;A01
201400034302;0;32;0;0;2;7;1;B01
201400034303;0;7;0;0;2;7;16;A01
201400034303;0;1;0;0;2;8;16;B01
201400034304;0;2;0;0;2;1;13;A01
201400034304;0;7;0;0;2;2;1;B01
201400034305;0;32;0;0;2;7;17;A01
201400034305;0;10;0;0;2;3;15;B01
201400034306;0;10;0;0;2;2;15;A01
201400034306;0;7;0;0;2;3;15;B01
201400034307;1;7;0;0;1;0;16;Z01
201400034308;0;30;0;12;0;7;1;A01
201400034309;0;7;0;12;2;8;15;A01
201400034309;0;7;0;8;2;1;17;B01
201400034310;0;1;0;0;2;3;17;A01
201400034310;0;7;0;0;2;3;1;B01
201400034310;0;7;0;0;2;3;23;C01
201400034311;0;7;0;0;1;2;1;A01
201400034312;0;7;0;0;2;3;1;A01
201400034312;2;7;0;0;2;1;16;Z01
201400034313;0;7;0;0;2;1;1;A01
201400034313;0;7;0;0;2;6;1;B01
201400034314;0;7;0;0;2;3;9;A01
201400034314;0;7;0;0;2;5;1;B01
201400034315;0;7;0;0;2;6;15;A01
201400034315;0;7;0;0;2;3;1;B01
201400034316;0;34;0;0;2;8;1;A01
201400034316;0;7;0;0;2;2;1;B01
201400034317;0;7;0;0;1;1;1;A01
201400034318;0;7;0;0;2;3;1;B01
201400034318;0;7;0;0;2;1;15;A01
201400034319;0;7;0;0;1;2;1;A01
201400034320;0;7;0;15;0;1;16;A01
201400034321;0;2;0;0;2;0;1;A01
201400034321;1;7;0;0;0;;;Z01
201400034322;0;7;0;0;2;2;1;B01
201400034322;0;7;0;0;2;7;15;A01
201400034323;0;7;0;0;2;1;16;A01
201400034323;0;1;0;0;2;8;2;B01
201400034324;0;7;0;0;1;1;1;A01
201400034325;0;7;0;0;2;1;9;A01
201400034325;0;7;0;0;2;5;1;B01
201400034326;0;14;0;0;2;1;1;B01
201400034326;0;7;0;0;2;8;10;A01
201400034327;0;7;0;0;2;1;2;A01
201400034327;0;7;0;0;2;4;2;B01
201400034328;0;7;0;0;0;4;1;A01
201400034328;0;7;0;0;0;1;1;B01
201400034329;0;7;0;2;0;3;6;A01
201400034330;0;7;0;0;2;3;1;A01
201400034330;0;7;0;0;2;3;15;B01
201400034331;0;7;0;0;2;4;1;B01
201400034331;0;7;0;0;2;1;1;A01
201400034332;0;7;0;0;2;3;14;B01
201400034332;0;7;0;0;2;2;15;A01
201400034333;0;7;0;0;0;0;0;A01
201400034334;0;7;0;0;2;1;2;A01
201400034334;0;7;0;0;2;4;2;C01
201400034334;0;7;0;0;2;1;2;B01
201400034335;0;7;0;0;1;1;1;A01
201400034336;0;10;0;0;1;4;4;A01
201400034337;0;7;0;0;2;4;1;B01
201400034337;0;2;0;0;2;1;1;A01
201400034338;0;7;0;0;2;4;0;B01
201400034338;1;7;0;1;0;1;2;Z01
201400034339;0;33;0;0;2;7;1;B01
201400034339;0;7;0;0;2;1;9;A01
201400034340;0;7;0;0;1;6;1;A01
201400034341;0;7;0;13;2;2;15;A01
201400034341;0;7;0;13;2;1;1;B01
201400034342;0;7;0;0;0;1;16;A01
201400034343;0;7;0;0;2;3;9;A01
201400034343;0;7;0;0;2;2;1;B01
201400034344;0;7;0;0;2;1;9;A01
201400034344;0;2;0;0;2;1;1;B01
201400034345;0;7;0;0;0;4;2;C01
201400034345;0;7;0;0;0;0;2;A01
201400034345;0;7;0;0;0;4;2;B01
201400034346;0;33;0;0;2;1;17;A01
201400034346;0;7;0;0;2;3;15;B01
201400034347;0;7;0;0;2;2;6;A01
201400034347;0;7;0;0;2;6;1;B01
201400034348;0;10;0;0;1;1;2;A01
201400034349;0;7;0;0;2;4;2;B01
201400034349;0;7;0;0;2;1;1;A01
201400034349;0;7;0;0;2;4;1;C01
201400034350;0;7;0;0;2;5;15;A01
201400034350;0;7;0;0;2;1;1;B01
201400034351;0;7;0;0;0;9;2;A01
201400034352;0;7;0;0;1;1;15;A01
201400034353;0;30;0;0;2;8;15;A01
201400034353;0;7;0;0;0;0;0;B01
201400034354;0;30;0;0;9;7;1;A01
201400034355;0;7;0;0;1;1;1;A01
201400034356;0;7;0;0;2;2;15;A01
201400034356;0;30;0;0;2;8;1;B01
201400034357;0;33;0;0;2;7;2;B01
201400034357;0;15;0;0;2;0;1;A01
201400034358;0;40;35;0;2;1;1;B01
201400034358;0;7;0;0;4;3;15;A01
201400034359;0;7;0;0;2;3;1;A01
201400034360;0;1;0;0;0;0;1;A01
201400034361;0;7;0;1;0;1;14;A01
201400034362;0;7;0;0;2;4;1;B01
201400034362;0;7;0;0;2;1;1;A01
201400034363;0;37;48;0;1;2;1;A01
201400034364;0;10;0;0;2;7;0;A01
201400034364;2;7;0;0;2;1;0;Z01
201400034365;0;7;0;0;2;5;4;A01
201400034365;0;7;0;0;2;2;1;B01
201400034366;0;10;0;0;2;5;4;A01
201400034366;0;7;0;0;2;3;1;B01
201400034367;0;37;10;0;2;8;1;B01
201400034367;0;7;0;0;2;1;1;A01
201400034368;0;7;0;0;2;3;15;A01
201400034368;0;7;0;0;2;3;1;B01
201400034369;0;7;0;0;2;2;15;A01
201400034369;0;7;0;0;2;1;1;B01
201400034370;0;10;0;0;2;4;1;B01
201400034370;0;10;0;0;2;1;1;A01
201400034371;0;7;0;0;2;7;15;A01
201400034371;0;7;0;0;2;1;1;B01
201400034372;0;7;0;0;1;1;23;A01
201400034373;0;33;0;0;2;1;1;B01
201400034373;0;7;0;0;2;2;1;A01
201400034374;0;7;0;0;2;1;23;C01
201400034374;0;7;0;0;2;1;1;A01
201400034374;0;7;0;0;2;8;1;B01
201400034375;0;7;0;6;0;1;1;A01
201400034376;0;7;0;0;2;5;15;A01
201400034376;0;7;0;0;2;1;1;B01
201400034377;0;17;0;0;2;2;15;A01
201400034377;0;7;0;0;2;1;1;B01
201400034378;0;7;0;0;2;2;15;A01
201400034378;0;33;0;0;2;6;1;B01
201400034379;0;7;0;0;2;1;2;A01
201400034379;0;3;0;0;2;4;2;B01
201400034379;0;7;0;0;2;4;2;C01
201400034380;0;7;0;0;1;3;1;A01
201400034381;0;7;0;0;2;1;1;B01
201400034381;0;10;0;0;2;8;10;A01
201400034382;0;7;0;0;2;8;1;A01
201400034382;0;7;0;0;2;1;1;B01
201400034383;0;7;0;0;2;7;15;A01
201400034383;0;7;0;0;2;1;1;B01
201400034384;0;7;0;0;1;2;1;A01
201400034385;0;2;0;0;0;3;1;A01
201400034386;0;1;0;0;2;1;19;B01
201400034386;0;7;0;0;9;1;1;A01
201400034387;0;7;0;8;2;1;1;B01
201400034387;0;7;0;8;2;1;15;A01
201400034388;0;2;0;0;0;8;1;A01
201400034389;0;10;0;0;2;1;1;B01
201400034389;0;30;0;0;2;8;19;A01
201400034390;0;7;0;0;1;0;1;A01
201400034391;0;7;0;0;2;2;1;B01
201400034391;0;7;0;0;2;3;9;A01
201400034392;0;2;0;8;0;1;14;A01
201400034393;0;7;0;15;2;3;1;B01
201400034393;0;7;0;0;2;1;13;A01
201400034394;0;7;0;12;0;2;7;A01
201400034395;0;7;0;0;2;2;1;B01
201400034395;0;7;0;0;2;2;15;A01
201400034396;2;7;0;0;2;1;1;Z01
201400034396;0;7;0;0;2;3;1;B01
201400034397;0;37;1;12;2;3;21;C01
201400034397;2;7;0;12;2;6;8;A01
201400034397;0;7;0;12;2;1;2;B01
201400034398;0;40;10;0;2;2;1;B01
201400034398;0;7;0;0;4;3;15;A01
201400034399;0;7;0;0;2;1;13;A01
201400034399;0;7;0;0;2;1;1;B01
201400034400;0;7;0;0;2;4;2;B01
201400034400;0;2;0;0;2;1;2;A01
201400034401;0;7;0;0;2;2;1;A01
201400034401;0;7;0;0;2;3;1;B01
201400034402;0;7;0;1;0;2;1;A01
201400034403;0;7;0;0;2;7;15;A01
201400034403;0;7;0;0;2;1;1;B01
201400034404;0;7;0;0;1;1;1;A01
201400034405;0;7;0;0;2;1;1;B01
201400034405;0;7;0;0;2;1;13;A01
201400034406;0;7;0;0;2;1;1;A01
201400034406;0;7;0;0;2;5;1;B01
201400034407;0;7;0;0;1;1;1;A01
201400034408;0;7;0;0;2;3;1;B01
201400034408;0;30;0;0;2;3;1;A01
201400034409;0;17;0;0;2;1;2;A01
201400034409;0;17;0;0;2;4;2;C01
201400034409;0;17;0;0;2;1;2;B01
201400034410;0;7;0;0;2;3;2;A01
201400034410;0;7;0;0;0;5;15;B01
201400034411;0;7;0;0;2;2;0;A01
201400034411;0;7;0;15;2;2;1;B01
201400034412;0;7;0;3;0;1;6;A01
201400034413;0;7;0;0;2;3;11;A01
201400034413;0;30;0;0;2;1;1;B01
201400034414;0;7;0;0;2;1;13;A01
201400034414;0;7;0;0;2;2;21;B01
201400034415;0;7;0;0;2;2;9;A01
201400034415;0;33;0;0;2;7;21;B01
201400034416;0;7;0;0;1;3;15;A01
201400034417;0;7;0;0;1;3;1;A01
201400034418;0;30;0;0;2;7;9;B01
201400034418;0;7;0;0;2;1;9;A01
201400034419;0;1;0;0;2;7;15;B01
201400034419;0;7;0;0;2;1;9;A01
201400034420;0;7;0;0;1;1;15;A01
201400034421;0;7;0;0;2;4;2;B01
201400034421;0;7;0;0;2;4;2;D01
201400034421;0;10;0;0;2;1;2;A01
201400034421;0;7;0;0;2;4;2;C01
201400034422;0;7;0;0;2;1;2;A01
201400034422;0;7;0;0;0;4;1;B01
201400034423;0;7;0;0;2;8;15;B01
201400034423;0;31;0;0;0;8;15;A01
201400034424;1;7;0;0;2;3;9;Z01
201400034424;0;2;0;0;2;7;1;B01
201400034425;0;7;0;0;2;7;15;A01
201400034425;0;1;0;0;2;1;1;B01
201400034426;0;33;0;0;2;8;1;B01
201400034426;0;7;0;0;2;1;20;A01
201400034427;0;7;0;0;2;6;10;B01
201400034427;0;33;0;0;2;1;17;A01
201400034428;0;7;0;0;1;1;1;A01
201400034429;0;7;0;0;2;3;1;B01
201400034429;0;2;0;0;2;8;9;A01
201400034430;0;33;0;0;2;1;9;A01
201400034430;0;7;0;0;0;6;2;B01
201400034431;0;7;0;0;2;8;9;A01
201400034431;0;31;0;0;2;1;1;B01
201400034432;0;7;0;0;1;7;1;A01
201400034433;0;7;0;0;2;8;9;A01
201400034433;0;7;0;0;2;1;1;B01
201400034434;0;7;0;0;2;1;5;A01
201400034434;0;7;0;0;2;1;1;B01
201400034435;0;7;0;0;2;1;17;A01
201400034435;0;2;0;0;2;1;1;B01
201400034436;0;1;0;0;2;1;1;A01
201400034436;1;1;0;0;2;0;1;B01
201400034437;0;7;0;0;1;3;1;A01
201400034438;0;38;25;0;1;5;7;A01
201400034439;0;7;0;0;1;2;1;A01
201400034440;0;10;0;0;1;4;4;A01
201400034441;0;30;0;0;2;1;18;A01
201400034441;0;7;0;0;2;2;14;B01
201400034442;0;7;0;0;1;7;1;A01
201400034443;0;7;0;0;2;2;15;A01
201400034443;0;7;0;0;2;1;1;B01
201400034444;0;7;0;0;2;3;15;A01
201400034444;0;33;0;0;2;1;1;B01
201400034445;0;7;0;0;2;1;5;A01
201400034445;0;7;0;0;2;1;1;B01
201400034446;0;30;0;0;2;1;19;A01
201400034446;0;7;0;0;2;1;2;B01
201400034447;0;17;0;0;1;1;1;A01
201400034448;0;34;0;0;2;1;1;B01
201400034448;0;7;0;0;2;8;15;A01
201400034449;0;7;0;0;2;2;2;A01
201400034449;0;32;0;0;0;4;2;B01
201400034450;0;7;0;0;2;8;15;A01
201400034450;0;7;0;0;2;1;1;B01
201400034451;0;33;0;0;1;8;1;A01
201400034452;0;1;0;0;2;7;1;B01
201400034452;0;7;0;0;2;3;9;A01
201400034453;0;7;0;0;1;1;1;A01
201400034454;0;7;0;0;2;1;15;A01
201400034454;0;1;0;0;2;8;1;B01
201400034455;0;2;0;0;2;1;13;A01
201400034455;0;10;0;0;2;1;1;B01
201400034456;0;1;0;0;2;1;18;A01
201400034456;0;15;0;0;9;2;16;B01
201400034457;0;7;0;0;2;1;1;A01
201400034457;0;7;0;0;2;8;1;B01
201400034457;0;7;0;0;2;3;1;C01
201400034457;0;2;0;0;2;1;1;D01
201400034458;0;7;0;0;2;1;2;A01
201400034458;0;7;0;0;2;4;1;B01
201400034458;0;7;0;0;2;4;1;C01
201400034459;0;10;0;0;2;1;1;A01
201400034459;0;7;0;0;2;8;1;B01
201400034460;0;7;0;0;1;3;1;A01
201400034461;0;7;0;0;2;3;21;A01
201400034461;0;2;0;0;2;1;1;B01
201400034461;0;7;0;0;2;3;23;C01
201400034462;1;15;0;0;1;2;1;Z01
201400034463;0;7;0;0;2;7;16;A01
201400034463;0;1;0;0;2;1;1;B01
201400034464;0;2;0;0;1;1;2;A01
201400034465;0;99;0;0;1;1;15;A01
201400034466;0;7;0;0;1;1;1;A01
201400034467;0;31;0;0;2;1;5;A01
201400034467;0;7;0;0;2;1;0;B01
201400034468;0;33;0;0;2;1;15;A01
201400034468;0;7;0;0;2;2;1;B01
201400034469;0;1;0;0;0;1;1;A01
201400034469;0;7;0;0;9;8;1;B01
201400034470;0;7;0;0;2;1;2;A01
201400034470;0;7;0;0;2;4;1;B01
201400034471;0;7;0;6;0;1;0;A01
201400034472;0;7;0;1;0;1;14;A01
201400034473;0;7;0;0;2;1;1;A01
201400034473;1;7;0;0;2;8;10;B01
201400034474;0;7;0;0;2;1;2;A01
201400034474;0;7;0;0;0;4;1;B01
201400034475;0;33;0;0;2;7;1;A01
201400034475;0;7;0;0;2;8;9;B01
201400034475;0;7;0;0;2;6;1;C01
201400034476;0;2;0;0;1;1;21;A01
201400034477;0;31;0;0;2;7;17;A01
201400034477;0;7;0;0;2;3;15;B01
201400034478;0;7;0;0;1;1;1;A01
201400034479;0;7;0;0;2;2;15;A01
201400034479;0;31;0;0;2;1;1;B01
201400034480;1;7;0;0;1;1;0;Z01
201400034481;0;7;0;0;1;2;1;A01
201400034482;0;7;0;8;1;9;1;B01
201400034482;0;7;0;0;2;1;1;A01
201400034483;0;7;0;0;2;7;10;A01
201400034483;0;2;0;0;2;1;1;B01
201400034484;0;7;0;0;2;1;13;A01
201400034484;0;7;0;0;2;2;1;B01
201400034485;0;7;0;0;1;1;1;A01
201400034486;0;7;0;0;2;3;15;A01
201400034486;0;31;0;0;2;1;1;B01
201400034487;0;7;0;15;0;1;1;A01
201400034488;0;33;0;13;0;1;13;A01
201400034489;0;7;0;0;2;8;15;A01
201400034489;0;33;0;0;2;7;15;B01
201400034490;0;33;0;0;2;1;1;A01
201400034491;0;7;0;14;0;1;1;A01
201400034491;0;7;0;0;0;4;23;B01
201400034492;0;7;0;0;2;2;15;A01
201400034492;0;7;0;0;2;3;1;B01
201400034493;0;7;0;0;2;1;1;A01
201400034493;0;7;0;0;0;1;1;C01
201400034493;0;7;0;0;0;1;1;D01
201400034493;0;7;0;0;0;3;15;B01
201400034494;0;33;0;0;2;1;1;B01
201400034494;0;7;0;0;2;3;9;A01
201400034495;0;7;0;0;2;3;9;A01
201400034495;0;30;0;0;2;1;1;B01
201400034496;0;7;0;0;9;2;1;A01
201400034497;0;7;0;0;2;3;9;A01
201400034497;0;30;0;0;2;1;1;B01
201400034498;0;7;0;0;1;4;4;A01
201400034499;0;7;0;9;0;1;1;A01
201400034500;0;7;0;8;0;1;14;A01
201400034501;0;7;0;9;0;2;15;A01
201400034502;0;2;0;0;2;1;5;A01
201400034502;0;7;0;0;0;2;1;B01
201400034503;0;7;0;0;0;8;9;A01
201400034503;0;7;0;0;2;1;1;B01
201400034504;0;7;0;0;2;1;9;A01
201400034504;0;1;0;0;2;7;1;B01
201400034505;0;7;0;6;0;1;1;A01
201400034506;0;7;0;0;1;8;13;A01
201400034507;0;7;0;1;0;2;14;A01
201400034508;0;13;0;0;1;3;9;A01
201400034509;0;7;0;0;2;1;1;A01
201400034509;0;7;0;0;2;2;15;B01
201400034510;0;7;0;0;0;8;10;A01
201400034510;0;30;0;0;2;1;1;B01
201400034511;0;7;0;0;2;1;13;A01
201400034511;0;7;0;0;2;1;1;B01
201400034511;0;7;0;0;2;1;1;C01
201400034512;0;7;0;0;2;2;15;A01
201400034512;0;33;0;0;2;1;1;B01
201400034513;0;7;0;0;2;7;15;A01
201400034513;0;2;0;0;2;1;1;B01
201400034514;0;7;0;0;2;1;16;B01
201400034514;0;33;0;0;2;1;13;A01
201400034515;0;7;0;0;1;4;4;A01
201400034516;0;7;0;0;2;1;5;A01
201400034516;0;7;0;0;2;1;1;B01
201400034517;0;7;0;0;1;2;1;A01
201400034517;0;7;0;0;1;6;23;B01
201400034518;0;7;0;0;1;0;1;A01
201400034519;0;7;0;0;2;1;19;A01
201400034519;0;7;0;0;2;1;1;B01
201400034520;0;7;0;1;0;7;1;A01
201400034521;0;7;0;0;1;0;1;A01
201400034522;0;7;0;0;1;3;1;A01
201400034523;0;7;0;0;1;2;1;A01
201400034524;0;7;0;0;2;2;1;B01
201400034524;0;7;0;0;2;1;1;A01
201400034525;0;7;0;0;0;0;15;A01
201400034525;0;33;0;0;0;0;21;B01
201400034526;0;33;0;0;2;1;13;A01
201400034526;0;15;0;0;2;3;1;B01
201400034527;0;7;0;0;0;4;2;B01
201400034527;0;7;0;0;2;1;2;A01
201400034528;0;40;30;0;1;2;1;A01
201400034529;0;7;0;0;0;8;15;B01
201400034529;0;33;0;0;2;1;17;A01
201400034530;1;7;0;0;1;0;1;Z01
201400034531;0;7;0;0;0;8;1;B01
201400034531;0;1;0;0;2;1;1;A01
201400034532;0;33;0;0;2;1;17;A01
201400034532;0;7;0;0;0;4;15;B01
201400034533;0;31;0;0;2;1;1;B01
201400034533;0;7;0;0;0;5;15;A01
201400034534;0;7;0;8;2;7;12;A01
201400034534;0;7;0;0;0;3;1;B01
201400034535;0;7;0;0;1;1;1;A01
201400034536;0;7;0;0;2;1;1;A01
201400034536;0;2;0;0;0;4;1;B01
201400034537;0;7;0;0;1;1;1;A01
201400034538;1;7;0;0;2;1;1;Z01
201400034538;0;2;0;0;0;7;1;A01
201400034539;0;33;0;0;0;1;1;C01
201400034539;0;10;0;0;0;7;15;A01
201400034539;0;33;0;0;2;0;1;B01
201400034540;0;31;0;6;0;1;1;A01
201400034541;0;7;0;0;2;5;11;A01
201400034541;0;33;0;0;2;1;1;B01
201400034542;1;7;0;0;1;0;0;Z01
201400034543;0;33;0;0;2;1;1;B01
201400034543;0;37;1;0;2;2;16;A01
201400034544;0;7;0;0;1;1;1;A01
201400034545;0;7;0;0;2;2;1;A01
201400034545;0;7;0;0;2;3;15;B01
201400034546;0;1;0;1;0;1;1;B01
201400034546;0;7;0;0;2;4;23;A01
201400034547;0;7;0;0;1;4;4;A01
201400034548;0;7;0;15;0;3;17;A01
201400034549;0;33;0;16;0;8;1;A01
201400034550;0;7;0;0;2;2;16;A01
201400034550;0;30;0;0;2;1;18;B01
201400034551;0;7;0;0;1;1;1;B01
201400034552;0;7;0;0;0;7;16;B01
201400034552;0;30;0;0;2;1;18;A01
201400034553;0;10;0;0;2;5;11;A01
201400034553;0;7;0;0;2;3;1;B01
201400034554;0;7;0;0;0;4;2;B01
201400034554;0;7;0;0;2;1;2;A01
201400034555;0;33;0;0;2;1;1;B01
201400034555;0;7;0;0;2;3;15;A01
201400034555;0;7;0;0;2;1;23;C01
201400034556;0;2;0;0;2;1;1;A01
201400034556;0;7;0;0;2;7;15;B01
201400034557;0;7;0;2;0;1;1;A01
201400034558;1;7;0;0;9;1;1;A01
201400034558;0;1;0;0;0;4;1;B01
201400034559;0;7;0;0;1;2;1;A01
201400034560;0;33;0;0;2;7;17;B01
201400034560;0;7;0;0;2;8;15;A01
201400034561;0;7;0;16;2;3;13;A01
201400034561;0;7;0;0;2;3;1;B01
201400034562;0;7;0;0;1;2;1;A01
201400034563;0;33;0;0;2;8;1;B01
201400034563;0;7;0;0;2;1;16;A01
201400034564;0;7;0;0;1;1;15;A01
201400034565;0;33;0;0;2;1;1;A01
201400034565;0;7;0;0;2;5;1;B01
201400034566;0;7;0;0;1;1;1;A01
201400034567;0;7;0;0;2;2;15;A01
201400034567;0;1;0;0;2;1;1;B01
201400034568;0;7;0;0;2;7;19;A01
201400034568;0;33;0;0;2;1;1;B01
201400034569;0;30;0;0;2;2;1;A01
201400034569;0;7;0;0;2;1;1;B01
201400034570;0;7;0;0;2;1;5;A01
201400034570;0;7;0;0;2;1;1;B01
201400034571;0;7;0;0;2;2;15;A01
201400034571;0;33;0;0;2;1;1;B01
201400034572;0;7;0;0;1;1;1;A01
201400034573;0;7;0;0;2;1;2;A01
201400034573;0;7;0;0;2;4;21;B01
201400034573;0;7;0;0;0;4;1;C01
201400034574;0;7;0;0;2;3;10;A01
201400034574;0;2;0;0;2;2;1;B01
201400034575;0;7;0;0;1;1;1;A01
201400034576;0;7;0;1;1;4;1;A01
201400034577;0;1;0;0;2;4;1;A01
201400034577;1;7;0;0;2;1;9;B01
201400034578;0;7;0;0;1;2;1;A01
201400034579;0;7;0;0;1;3;1;A01
201400034580;0;7;0;0;2;4;2;B01
201400034580;0;7;0;0;2;1;2;A01
201400034581;0;7;0;0;1;2;1;A01
201400034582;0;7;0;0;1;1;1;A01
201400034583;0;7;0;0;2;8;9;A01
201400034583;0;10;0;0;2;1;1;B01
201400034584;0;7;0;0;1;5;4;A01
201400034585;0;7;0;0;1;7;1;A01
201400034586;0;7;0;0;9;2;1;A01
201400034586;0;1;0;0;2;1;1;B01
201400034587;1;7;0;0;1;0;1;A01
201400034588;0;31;0;0;2;1;1;B01
201400034588;0;7;0;0;2;1;1;A01
201400034589;0;7;0;3;0;1;0;A01
201400034589;0;13;0;0;2;1;1;B01
201400034590;0;7;0;0;2;1;1;A01
201400034590;0;1;0;0;2;4;1;B01
201400034591;0;7;0;0;2;1;1;A01
201400034591;0;2;0;0;2;1;1;B01
201400034592;0;33;0;0;0;1;1;A01
201400034593;0;7;0;0;2;7;22;A01
201400034593;0;1;0;1;0;1;1;B01