num_acc;senc;catv;occutc;obs;obsm;choc;manv;num_veh
201400034594;0;7;0;0;2;1;9;A01
201400034594;0;1;0;0;2;0;1;B01
201400034595;0;7;0;0;2;7;15;A01
201400034595;0;30;0;0;2;1;1;B01
201400034596;0;7;0;0;1;2;1;A01
201400034597;0;7;0;0;2;3;9;A01
201400034597;0;2;0;0;0;1;1;B01
201400034598;0;7;0;0;1;3;1;A01
201400034599;0;7;0;0;1;2;1;A01
201400034600;0;7;0;0;2;8;13;A01
201400034600;0;7;0;0;0;2;1;B01
201400034601;0;10;0;0;1;4;4;A01
201400034602;0;10;0;0;1;3;21;A01
201400034603;0;7;0;0;1;3;1;A01
201400034604;0;7;0;0;2;1;5;A01
201400034604;0;10;0;0;2;1;1;B01
201400034605;0;7;0;0;2;2;19;A01
201400034605;0;33;0;0;2;1;1;B01
201400034606;0;7;0;0;2;8;15;B01
201400034606;0;33;0;0;2;1;15;A01
201400034607;1;31;0;0;1;1;0;Z01
201400034608;0;7;0;0;1;1;15;A01
201400034609;0;32;0;0;2;1;1;B01
201400034609;0;7;0;0;2;1;20;A01
201400034610;0;7;0;0;1;1;1;A01
201400034611;0;7;0;0;2;1;1;A01
201400034611;0;1;0;0;2;4;1;B01
201400034612;0;7;0;0;1;1;1;A01
201400034613;0;7;0;0;2;8;1;B01
201400034613;0;7;0;10;2;2;17;A01
201400034613;0;7;0;0;2;1;1;C01
201400034614;0;14;0;0;2;0;1;A01
201400034614;0;33;0;0;2;0;15;B01
201400034615;0;7;0;0;1;2;1;A01
201400034616;0;33;0;0;2;1;15;B01
201400034616;0;7;0;0;2;3;1;A01
201400034617;0;2;0;0;2;1;1;B01
201400034617;0;7;0;0;2;8;9;A01
201400034618;0;7;0;0;2;8;15;B01
201400034618;0;33;0;0;2;1;1;A01
201400034619;0;30;0;14;0;4;17;A01
201400034620;0;7;0;0;1;8;1;A01
201400034621;0;7;0;0;2;1;1;A01
201400034621;0;1;0;0;2;7;19;B01
201400034622;0;10;0;0;1;1;0;A01
201400034623;0;7;0;12;2;1;13;A01
201400034623;0;1;0;0;2;1;1;B01
201400034624;1;7;0;0;1;3;15;Z01
201400034625;0;1;0;0;2;6;9;A01
201400034625;0;34;0;0;2;2;2;B01
201400034626;0;7;0;0;1;2;15;A01
201400034627;0;7;0;0;2;8;9;A01
201400034627;0;31;0;0;2;7;1;B01
201400034628;0;33;0;2;0;2;0;A01
201400034629;0;38;1;0;0;6;24;A01
201400034629;0;33;0;1;0;1;1;B01
201400034630;0;34;0;11;0;1;17;A01
201400034631;0;33;0;0;2;1;5;A01
201400034631;0;7;0;0;2;2;9;B01
201400034632;0;7;0;0;1;2;17;A01
201400034633;0;7;0;0;1;3;2;A01
201400034634;0;7;0;0;1;1;2;B01
201400034634;0;7;0;0;2;1;2;A01
201400034635;0;33;0;0;2;1;17;A01
201400034635;1;7;0;0;2;8;15;B01
201400034636;0;7;0;0;2;8;10;A01
201400034636;0;7;0;0;2;1;2;B01
201400034637;0;33;0;0;1;3;17;A01
201400034638;0;7;0;8;0;9;2;A01
201400034639;0;7;0;0;1;1;2;A01
201400034640;0;1;0;0;2;7;17;B01
201400034640;0;7;0;0;2;3;17;A01
201400034641;0;7;0;6;0;3;1;A01
201400034642;0;7;0;0;2;3;10;A01
201400034642;0;33;0;0;2;1;17;B01
201400034643;0;33;0;0;2;8;2;A01
201400034643;0;10;0;0;2;3;9;B01
201400034644;0;7;0;0;1;8;15;A01
201400034645;0;32;0;0;2;1;2;A01
201400034645;0;7;0;0;2;3;2;C01
201400034645;0;32;0;0;0;4;2;B01
201400034646;0;7;0;0;1;7;2;A01
201400034647;0;30;0;12;0;0;1;A01
201400034648;0;7;0;0;2;3;15;A01
201400034648;0;33;0;0;2;1;1;B01
201400034649;0;7;0;0;2;7;15;B01
201400034649;0;7;0;0;2;1;1;A01
201400034650;0;33;0;0;2;1;8;B01
201400034650;0;7;0;0;2;3;1;A01
201400034651;0;30;0;0;2;1;17;A01
201400034651;0;7;0;0;2;3;9;B01
201400034652;0;7;0;0;1;3;15;A01
201400034653;0;7;0;0;9;5;15;A01
201400034653;0;1;0;0;0;2;1;B01
201400034654;0;7;0;0;1;2;1;A01
201400034655;0;7;0;0;2;2;1;B01
201400034655;0;7;0;1;2;1;6;A01
201400034656;0;7;0;0;2;8;15;A01
201400034656;0;33;0;0;2;1;17;B01
201400034657;0;7;0;15;0;0;0;A01
201400034658;0;7;0;0;1;2;1;A01
201400034659;0;7;0;0;1;2;1;A01
201400034660;0;7;0;0;2;3;5;A01
201400034660;0;7;0;0;2;8;1;B01
201400034661;0;30;0;0;0;0;1;A01
201400034662;0;7;0;0;1;3;1;A01
201400034663;0;33;0;0;2;1;1;B01
201400034663;0;1;0;0;2;4;1;C01
201400034663;0;1;0;0;2;1;11;A01
201400034664;0;2;0;0;2;1;17;B01
201400034664;0;7;0;0;2;2;20;A01
201400034665;0;7;0;0;2;3;1;B01
201400034665;0;7;0;0;2;3;15;A01
201400034666;0;7;0;0;2;7;16;A01
201400034666;0;2;0;0;2;8;1;B01
201400034667;0;7;0;0;2;2;16;B01
201400034667;0;2;0;0;2;8;18;A01
201400034668;0;7;0;0;9;3;1;A01
201400034668;0;1;0;0;0;1;11;B01
201400034669;0;7;0;9;0;3;13;A01
201400034669;0;7;0;0;2;3;1;B01
201400034670;0;7;0;0;1;7;1;A01
201400034671;0;17;0;15;0;7;1;A01
201400034672;0;7;0;0;0;5;15;A01
201400034672;0;33;0;0;2;1;1;B01
201400034673;0;32;0;0;2;1;1;A01
201400034673;0;7;0;0;2;8;15;B01
201400034674;0;7;0;0;0;1;2;A01
201400034674;0;7;0;0;0;4;2;B01
201400034675;0;7;0;0;1;2;1;A01
201400034676;0;7;0;0;2;4;15;B01
201400034676;0;33;0;0;2;1;1;A01
201400034677;0;7;0;0;0;0;1;A01
201400034678;0;7;0;0;1;0;1;A01
201400034679;0;7;0;0;2;1;13;A01
201400034679;0;7;0;0;2;0;1;B01
201400034679;0;7;0;0;2;3;1;C01
201400034680;0;31;0;0;2;1;1;B01
201400034680;0;7;0;0;2;7;15;A01
201400034681;0;1;0;0;2;0;19;B01
201400034681;0;7;0;0;2;3;2;A01
201400034682;0;7;0;0;2;2;15;B01
201400034682;0;2;0;0;2;6;1;A01
201400034683;0;7;0;0;2;1;13;A01
201400034683;0;7;0;0;2;1;1;B01
201400034684;0;7;0;13;2;1;2;A01
201400034685;0;7;0;0;2;3;15;A01
201400034685;0;1;0;0;0;8;15;B01
201400034686;0;7;0;0;1;3;1;A01
201400034687;0;2;0;0;2;1;1;B01
201400034687;0;7;0;0;9;5;11;A01
201400034688;0;33;0;0;2;0;1;B01
201400034688;0;7;0;0;2;3;9;A01
201400034689;0;7;0;13;0;9;0;A01
201400034690;0;30;0;1;0;1;1;A01
201400034691;0;7;0;6;0;1;1;A01
201400034692;0;7;0;0;2;4;23;B01
201400034692;0;7;0;0;2;1;2;A01
201400034693;0;7;0;0;0;4;2;B01
201400034693;0;7;0;0;2;1;2;A01
201400034694;0;1;0;0;2;7;0;B01
201400034694;0;7;0;0;2;8;9;A01
201400034695;0;7;0;0;2;1;1;A01
201400034695;0;7;0;0;0;3;1;B01
201400034696;0;7;0;0;1;3;1;A01
201400034697;0;7;0;0;1;1;15;A01
201400034698;0;7;0;0;1;1;0;A01
201400034699;0;7;0;0;2;2;15;A01
201400034699;0;7;0;0;2;7;1;B01
201400034700;0;7;0;0;1;1;1;A01
201400034701;0;7;0;12;0;2;0;A01
201400034702;0;7;0;0;1;3;1;A01
201400034703;0;7;0;0;2;1;1;B01
201400034703;0;7;0;0;2;8;19;A01
201400034704;0;7;0;0;2;1;2;A01
201400034704;0;7;0;0;2;4;23;B01
201400034704;0;7;0;0;2;1;1;C01
201400034705;0;7;0;15;0;9;0;A01
201400034706;0;7;0;0;1;2;0;A01
201400034707;0;7;0;14;0;4;0;A01
201400034708;0;2;0;0;2;1;1;B01
201400034708;0;7;0;0;2;2;1;A01
201400034709;0;7;0;0;1;1;0;A01
201400034710;0;7;0;0;2;4;2;C01
201400034710;0;7;0;0;2;4;2;B01
201400034710;0;10;0;0;2;1;2;A01
201400034711;0;33;0;0;0;0;14;A01
201400034712;0;7;0;0;2;2;15;B01
201400034712;0;33;0;0;2;1;1;A01
201400034713;0;7;0;0;2;1;2;A01
201400034713;0;7;0;0;2;4;23;C01
201400034713;0;7;0;0;0;4;23;D01
201400034713;0;7;0;0;2;5;23;B01
201400034714;0;7;0;0;2;3;0;A01
201400034714;0;7;0;0;2;8;9;B01
201400034715;0;33;0;0;2;1;17;B01
201400034715;0;7;0;0;2;3;15;A01
201400034716;0;7;0;0;2;1;2;A01
201400034716;0;7;0;0;2;4;2;B01
201400034717;0;7;0;0;2;1;13;A01
201400034717;0;7;0;0;2;1;1;B01
201400034718;0;35;0;12;0;1;1;A01
201400034719;0;7;0;8;0;2;2;A01
201400034720;0;7;0;0;0;9;14;A01
201400034721;0;7;0;16;0;2;1;A01
201400034722;0;7;0;0;2;5;2;A01
201400034722;0;7;0;3;2;3;2;B01
201400034723;0;7;0;0;2;0;0;B01
201400034723;0;30;0;0;2;7;12;A01
201400034724;0;33;0;0;2;8;23;B01
201400034724;0;10;0;0;2;7;17;A01
201400034725;0;7;0;0;2;3;1;B01
201400034725;0;1;0;0;2;8;15;A01
201400034726;0;30;0;0;1;1;1;A01
201400034727;0;1;0;0;2;1;19;A01
201400034727;0;7;0;0;2;2;1;B01
201400034728;0;7;0;0;1;4;2;B01
201400034728;0;10;0;0;2;1;2;A01
201400034729;0;7;0;0;2;1;17;A01
201400034729;0;7;0;0;0;8;15;B01
201400034730;0;7;0;0;2;8;15;B01
201400034730;0;33;0;0;2;7;17;A01
201400034731;0;15;0;0;2;1;1;B01
201400034731;0;7;0;0;2;8;19;A01
201400034732;0;30;0;0;1;1;0;A01
201400034733;0;7;0;0;1;1;1;A01
201400034734;0;7;0;15;1;1;14;A01
201400034735;0;1;0;0;2;2;15;A01
201400034735;0;7;0;0;9;3;1;B01
201400034736;0;30;0;0;2;4;2;B01
201400034736;0;7;0;0;2;1;2;A01
201400034737;0;7;0;8;0;1;1;A01
201400034738;0;7;0;0;2;8;15;B01
201400034738;0;15;0;0;2;2;2;A01
201400034739;0;2;0;0;2;1;2;A01
201400034739;0;7;0;0;0;4;2;B01
201400034740;0;7;0;0;1;0;16;A01
201400034741;0;7;0;0;2;1;1;B01
201400034741;0;7;0;0;2;1;19;A01
201400034742;0;7;0;0;1;2;1;A01
201400034743;0;7;0;0;2;8;10;A01
201400034743;0;30;0;0;2;1;1;B01
201400034744;0;7;0;0;2;3;11;B01
201400034744;0;2;0;0;2;2;1;A01
201400034745;0;7;0;7;0;1;1;A01
201400034746;0;7;0;7;2;8;15;B01
201400034746;0;7;0;1;2;1;1;A01
201400034747;0;7;0;0;2;3;1;B01
201400034747;0;7;0;0;2;3;5;A01
201400034748;0;33;0;0;2;9;2;B01
201400034748;0;7;0;0;2;3;10;A01
201400034749;0;33;0;0;2;1;1;B01
201400034749;0;7;0;0;2;7;15;A01
201400034750;0;33;0;3;0;8;0;A01
201400034751;0;31;0;0;2;3;0;B01
201400034751;1;7;0;0;0;0;10;A01
201400034752;0;10;0;0;1;2;0;A01
201400034753;0;7;0;0;2;3;0;B01
201400034753;0;7;0;0;2;3;0;A01
201400034754;0;7;0;0;0;0;0;B01
201400034754;0;33;0;0;0;0;0;A01
201400034754;0;7;0;0;0;0;0;C01
201400034755;0;7;0;0;1;2;1;A01
201400034756;0;7;0;0;2;1;1;A01
201400034756;0;7;0;13;2;7;13;B01
201400034757;0;7;0;0;2;2;0;A01
201400034757;0;7;0;0;2;1;1;B01
201400034758;0;7;0;0;1;2;1;A01
201400034759;0;7;0;0;1;7;17;A01
201400034760;0;7;0;0;1;2;1;A01
201400034761;0;33;0;0;2;7;1;A01
201400034761;0;7;0;0;2;8;1;B01
201400034762;0;31;0;0;2;1;0;A01
201400034762;0;7;0;0;0;7;2;B01
201400034763;0;1;0;0;2;1;1;B01
201400034763;0;7;0;0;2;7;15;A01
201400034764;0;7;0;1;2;2;17;A01
201400034764;0;33;0;0;0;4;0;B01
201400034765;0;1;0;0;1;0;16;A01
201400034766;0;7;0;0;2;1;21;B01
201400034766;0;14;0;0;2;2;19;A01
201400034767;0;7;0;0;1;1;2;A01
201400034768;0;33;0;0;1;1;1;A01
201400034769;2;7;0;2;0;4;1;A01
201400034770;0;7;0;0;2;2;1;A01
201400034770;0;7;0;0;2;3;15;B01
201400034771;0;7;0;0;1;1;1;A01
201400034772;0;7;0;4;0;3;1;A01
201400034773;0;30;0;0;0;0;21;A01
201400034774;0;7;0;7;0;1;1;A01
201400034775;0;7;0;0;1;3;1;A01
201400034776;0;7;0;0;1;1;1;A01
201400034777;2;7;0;11;0;1;1;A01
201400034778;0;1;0;0;2;6;9;A01
201400034778;0;7;0;0;2;1;1;B01
201400034779;0;1;0;16;0;0;1;A01
201400034780;0;7;0;0;2;1;1;A01
201400034780;0;7;0;0;2;5;1;B01
201400034781;0;2;0;12;0;7;14;A01
201400034782;0;7;0;0;1;1;15;A01
201400034783;0;7;0;5;0;1;1;A01
201400034784;0;7;0;0;2;1;15;A01
201400034784;0;33;0;0;2;1;1;B01
201400034785;0;7;0;0;1;1;15;A01
201400034786;0;7;0;0;1;3;1;A01
201400034787;0;7;0;0;1;1;1;A01
201400034788;0;7;0;0;1;1;1;A01
201400034789;2;7;0;0;2;1;1;Z01
201400034789;0;10;0;0;2;3;1;B01
201400034790;0;30;0;0;0;0;1;A01
201400034791;0;7;0;0;1;1;17;A01
201400034792;0;17;0;4;0;7;14;A01
201400034793;0;10;0;0;2;6;1;B01
201400034793;0;7;0;0;2;1;2;A01
201400034793;0;7;0;0;2;3;1;C01
201400034794;0;7;0;0;2;1;1;B01
201400034794;0;7;0;0;2;1;15;A01
201400034795;0;7;0;0;1;1;1;A01
201400034796;0;10;0;0;1;7;1;A01
201400034797;0;1;0;0;2;6;1;B01
201400034797;1;7;0;0;2;7;18;A01
201400034798;0;7;0;6;0;1;1;A01
201400034799;0;7;0;0;1;7;1;A01
201400034800;0;7;0;3;0;3;1;A01
201400034801;0;33;0;0;0;0;1;A01
201400034802;0;7;0;0;1;2;1;A01
201400034803;0;7;0;0;1;0;1;A01
201400034804;0;7;0;0;1;2;1;A01
201400034805;1;7;0;0;2;1;15;Z01
201400034805;0;30;0;0;2;8;1;B01
201400034806;0;7;0;0;2;2;15;A01
201400034806;0;30;0;0;2;1;1;B01
201400034807;0;7;0;0;2;8;10;A01
201400034807;0;33;0;0;2;1;1;B01
201400034808;0;7;0;0;2;2;15;A01
201400034808;0;2;0;0;2;1;1;B01
201400034809;0;7;0;0;2;1;2;A01
201400034809;0;7;0;0;2;4;2;B01
201400034810;0;34;0;0;2;8;18;B01
201400034810;1;7;0;0;2;2;16;A01
201400034811;0;7;0;0;2;1;1;B01
201400034811;0;7;0;0;2;2;1;A01
201400034812;0;7;0;0;2;8;1;B01
201400034812;0;2;0;0;2;1;13;A01
201400034813;0;33;0;0;2;1;2;A01
201400034813;0;10;0;0;2;4;2;B01
201400034814;0;7;0;0;2;8;1;B01
201400034814;0;33;0;0;2;1;1;A01
201400034815;0;7;0;0;2;2;17;A01
201400034815;0;10;0;0;2;8;15;B01
201400034816;0;7;0;0;2;7;1;B01
201400034816;0;1;0;0;2;8;11;A01
201400034817;0;7;0;0;1;1;1;A01
201400034818;0;7;0;0;2;8;1;B01
201400034818;0;7;0;0;2;3;1;A01
201400034819;1;99;0;1;0;1;1;Z01
201400034820;0;7;0;0;2;3;1;B01
201400034820;0;30;0;0;2;1;16;A01
201400034821;0;33;0;0;2;3;13;A01
201400034821;0;7;0;0;2;8;1;B01
201400034822;0;30;0;0;0;0;0;A01
201400034823;0;31;0;0;2;1;1;A01
201400034823;0;7;0;0;2;1;23;B01
201400034824;0;7;0;0;1;1;1;A01
201400034825;0;33;0;16;0;0;1;A01
201400034826;0;7;0;1;0;1;1;B01
201400034826;1;7;0;0;0;0;1;A01
201400034827;0;7;0;1;0;9;1;A01
201400034828;0;99;0;0;2;1;0;B01
201400034828;0;7;0;0;2;7;15;A01
201400034829;0;7;0;0;2;1;1;A01
201400034829;0;7;0;0;2;4;1;B01
201400034830;0;40;0;0;1;1;1;A01
201400034831;0;14;0;0;2;8;15;A01
201400034831;0;30;0;0;2;7;1;B01
201400034832;0;7;0;4;0;3;1;A01
201400034833;0;7;0;0;2;2;12;A01
201400034833;0;2;0;0;2;8;1;B01
201400034834;0;30;0;0;2;3;1;B01
201400034834;0;7;0;0;2;2;1;A01
201400034835;0;33;0;1;0;0;1;A01
201400034836;0;7;0;0;2;7;1;B01
201400034836;0;7;0;0;2;1;1;A01
201400034837;0;1;0;0;2;7;15;B01
201400034837;0;7;0;0;2;8;15;A01
201400034838;0;10;0;0;2;1;10;A01
201400034838;0;33;0;0;2;1;1;B01
201400034839;0;7;0;1;0;9;15;A01
201400034840;0;7;0;0;1;1;1;A01
201400034841;0;1;0;16;0;0;1;A01
201400034842;0;32;0;0;2;7;17;A01
201400034842;0;7;0;0;2;3;13;B01
201400034843;0;7;0;0;2;1;1;A01
201400034843;0;7;0;0;2;9;24;C01
201400034843;0;7;0;0;2;3;23;B01
201400034844;0;30;0;16;0;8;1;A01
201400034845;1;7;0;0;1;2;0;Z01
201400034846;0;1;0;0;2;7;19;A01
201400034846;0;1;0;0;2;1;1;B01
201400034847;0;30;0;0;0;0;1;A01
201400034848;0;7;0;0;2;4;1;B01
201400034848;0;7;0;0;2;1;17;A01
201400034849;0;7;0;0;2;1;1;B01
201400034849;0;7;0;0;2;2;15;A01
201400034850;0;7;0;0;2;1;1;C01
201400034850;0;10;0;0;2;0;15;A01
201400034850;0;7;0;0;2;2;15;B01
201400034851;0;7;0;0;1;1;1;A01
201400034852;0;1;0;0;2;1;1;B01
201400034852;0;7;0;0;2;3;1;A01
201400034853;0;30;0;0;2;7;15;A01
201400034853;0;7;0;0;2;1;1;C01
201400034853;0;7;0;0;2;1;1;B01
201400034854;0;30;0;0;0;0;0;A01
201400034855;0;32;0;0;0;0;1;A01
201400034856;0;7;0;0;1;1;1;A01
201400034857;2;7;0;0;2;1;1;A01
201400034857;0;7;0;0;2;4;23;B01
201400034857;0;7;0;0;2;4;23;C01
201400034858;0;30;0;0;0;0;1;A01
201400034859;0;7;0;12;0;2;1;A01
201400034860;0;7;0;0;0;4;1;C01
201400034860;0;2;0;0;2;1;1;A01
201400034860;0;7;0;0;2;1;1;B01
201400034861;0;7;0;0;1;3;1;A01
201400034862;0;7;0;0;1;4;4;A01
201400034863;0;30;0;16;0;0;1;A01
201400034864;1;7;0;0;1;3;1;Z01
201400034865;0;7;0;0;2;5;16;B01
201400034865;0;7;0;0;2;1;7;A01
201400034866;0;7;0;3;0;3;1;A01
201400034867;0;2;0;0;2;1;16;A01
201400034867;0;7;0;0;2;2;1;B01
201400034868;0;30;0;0;1;1;1;A01
201400034869;0;10;0;0;2;7;1;A01
201400034869;0;1;0;0;2;0;13;B01
201400034870;0;7;0;0;2;8;15;B01
201400034870;0;30;0;0;2;7;17;A01
201400034871;1;7;0;0;2;1;2;A01
201400034871;0;30;0;0;2;4;23;B01
201400034872;0;1;0;0;2;8;0;B01
201400034872;0;7;0;0;2;7;1;A01
201400034873;0;7;0;0;1;1;1;A01
201400034874;0;1;0;0;2;1;19;A01
201400034874;0;7;0;0;0;3;1;B01
201400034875;0;7;0;1;0;1;1;A01
201400034876;0;7;0;0;1;3;15;A01
201400034877;0;7;0;0;1;1;15;A01
201400034878;0;1;0;0;0;0;0;A01
201400034879;0;7;0;0;1;3;1;A01
201400034880;0;7;0;0;2;4;15;B01
201400034880;0;34;0;0;2;1;1;A01
201400034881;0;2;0;0;0;8;0;A01
201400034882;0;33;0;0;0;0;0;A01
201400034883;0;7;0;0;1;7;1;A01
201400034884;0;7;0;0;2;1;1;B01
201400034884;0;7;0;0;2;1;1;A01
201400034885;0;33;0;0;0;2;14;A01
201400034886;0;7;0;0;1;7;1;B01
201400034887;1;7;0;0;1;0;4;Z01
201400034888;0;7;0;14;0;1;1;A01
201400034888;0;7;0;0;0;4;23;E01
201400034888;0;7;0;14;0;4;23;D01
201400034888;0;33;0;0;0;4;23;B01
201400034888;0;33;0;14;0;4;23;C01
201400034888;0;7;0;0;0;4;23;F02
201400034889;1;2;0;0;2;2;;A01
201400034889;0;1;0;0;2;3;1;B01
201400034890;2;7;0;0;2;1;1;A01
201400034890;0;7;0;0;0;8;15;B01
201400034891;0;30;0;16;0;8;1;A01
201400034892;0;31;0;0;2;8;1;B01
201400034892;0;7;0;0;2;2;16;A01
201400034893;0;7;0;0;1;4;4;A01
201400034894;0;37;0;0;1;6;15;A01
201400034895;0;7;0;0;2;5;15;A01
201400034895;0;7;0;0;2;2;1;B01
201400034896;0;33;0;0;0;0;1;A01
201400034897;0;7;0;0;1;2;1;A01
201400034898;0;7;0;0;0;5;12;B01
201400034898;0;30;0;0;0;3;12;A01
201400034899;1;7;0;0;0;0;0;A01
201400034899;0;30;0;16;0;7;1;B01
201400034900;0;1;0;0;2;1;1;B01
201400034900;0;7;0;0;2;2;15;A01
201400034901;0;17;0;0;2;1;1;B01
201400034901;0;17;0;0;2;3;1;A01
201400034902;0;2;0;16;0;0;15;A01
201400034903;0;7;0;1;0;3;9;A01
201400034904;2;7;0;0;2;2;1;A01
201400034904;0;30;0;0;2;7;15;B01
201400034905;0;33;0;0;2;1;1;B01
201400034905;0;7;0;0;0;3;15;A01
201400034906;0;33;0;1;0;0;0;A01
201400034907;0;7;0;0;1;0;0;A01
201400034908;0;2;0;16;0;0;1;A01
201400034909;0;7;0;1;1;1;1;A01
201400034909;0;7;0;0;2;6;1;B01
201400034910;0;7;0;5;0;3;1;A01
201400034911;0;31;0;0;2;1;1;A01
201400034911;0;7;0;0;2;4;23;B01
201400034912;1;7;0;0;1;0;0;A01
201400034913;0;7;0;0;2;3;15;A01
201400034913;0;7;0;0;2;3;1;B01
201400034914;0;2;0;0;2;1;13;A01
201400034914;0;10;0;0;2;3;1;B01
201400034915;0;10;0;0;2;7;1;B01
201400034915;0;7;0;0;2;1;1;A01
201400034916;0;7;0;0;0;4;1;B01
201400034916;0;33;0;0;2;1;16;A01
201400034917;0;14;0;6;0;4;1;A01
201400034918;0;1;0;6;0;1;1;A01
201400034919;0;30;0;0;2;1;1;B01
201400034919;0;7;0;0;2;1;16;A01
201400034920;0;30;0;1;0;8;14;A01
201400034921;0;10;0;1;0;7;14;A01
201400034922;0;30;0;0;0;7;1;A01
201400034923;0;7;0;0;0;1;1;B01
201400034923;0;7;0;0;2;3;15;A01
201400034924;0;7;0;0;1;4;4;A01
201400034925;0;7;0;0;0;1;19;A01
201400034925;0;33;0;0;2;8;1;B01
201400034926;0;7;0;8;1;1;13;A01
201400034927;0;7;0;0;2;1;1;A01
201400034927;0;1;0;0;2;7;19;B01
201400034928;0;7;0;0;2;4;1;B01
201400034928;0;7;0;0;2;1;1;A01
201400034929;0;7;0;0;0;6;1;B01
201400034929;0;34;0;0;2;1;2;A01
201400034930;0;30;0;0;0;4;1;B01
201400034930;0;7;0;0;2;2;16;A01
201400034931;2;7;0;6;0;8;13;A01
201400034932;0;2;0;0;0;0;1;A01
201400034933;0;7;0;0;2;1;1;A01
201400034933;0;7;0;0;2;8;15;B01
201400034934;0;7;0;0;2;1;1;A01
201400034934;0;7;0;0;0;3;1;C01
201400034934;0;1;0;0;2;1;0;B01
201400034935;0;7;0;0;2;1;1;B01
201400034935;0;1;0;0;0;8;19;A01
201400034936;0;33;0;0;0;7;1;A01
201400034937;0;2;0;0;2;1;2;A01
201400034937;0;7;0;0;0;4;2;B01
201400034938;0;30;0;12;0;1;17;A01
201400034939;0;7;0;0;1;2;1;A01
201400034940;0;17;0;0;1;7;15;A01
201400034941;0;30;0;0;2;8;19;A01
201400034941;0;30;0;0;2;1;1;B01
201400034942;0;7;0;0;1;2;1;A01
201400034943;1;7;0;;;1;;Z01
201400034943;0;7;0;0;2;4;23;B01
201400034944;0;30;0;8;2;0;2;A01
201400034944;1;7;0;0;2;2;0;Z01
201400034945;0;30;0;0;0;0;0;A01
201400034946;0;10;0;0;2;2;1;B01
201400034946;0;1;0;0;2;3;11;A01
201400034947;0;7;0;0;1;2;1;A01
201400034948;0;33;0;0;0;0;1;A01
201400034949;0;30;0;1;0;1;0;A01
201400034950;0;1;0;0;0;0;1;A01
201400034950;1;7;0;0;0;0;0;Z01
201400034951;0;15;0;0;1;0;0;A01
201400034952;0;7;0;0;2;1;1;A01
201400034952;0;7;0;0;2;3;1;B01
201400034953;0;7;0;0;1;3;15;A01
201400034954;0;7;0;1;0;2;0;A01
201400034955;0;7;0;4;0;8;1;A01
201400034956;0;7;0;0;2;8;5;A01
201400034956;0;1;0;0;2;8;1;B01
201400034957;0;30;0;0;2;1;17;B01
201400034957;0;7;0;0;2;3;15;A01
201400034958;0;15;0;0;2;1;13;A01
201400034958;0;7;0;0;2;3;1;B01
201400034958;0;10;0;0;2;1;1;C01
201400034959;0;7;0;0;2;1;1;A01
201400034959;0;7;0;0;2;4;23;B01
201400034959;0;7;0;0;2;4;23;C01
201400034960;0;30;0;0;0;0;1;A01
201400034961;0;7;0;1;0;1;1;A01
201400034962;0;33;0;0;0;0;0;A01
201400034963;0;30;0;0;0;7;1;A01
201400034964;1;30;0;0;1;1;1;A01
201400034965;0;7;0;0;2;1;1;A01
201400034965;1;33;0;0;0;0;0;B01
201400034966;0;1;0;0;2;8;19;A01
201400034966;0;1;0;0;2;1;5;B01
201400034967;1;10;0;0;1;0;0;Z01
201400034968;0;33;0;14;0;1;11;A01
201400034969;0;33;0;0;2;1;17;B01
201400034969;0;7;0;0;2;3;15;A01
201400034970;0;2;0;0;2;7;1;A01
201400034970;1;7;0;0;2;1;1;Z01
201400034971;0;33;0;0;2;1;1;A01
201400034971;0;7;0;0;2;8;15;B01
201400034972;1;7;0;0;1;1;1;A01
201400034973;0;33;0;16;0;7;1;A01
201400034974;1;7;0;0;0;0;20;Z01
201400034974;0;30;0;0;2;0;1;A01
201400034975;0;1;0;8;0;1;1;A01
201400034976;0;2;0;0;2;1;17;A01
201400034976;0;7;0;0;2;3;15;B01
201400034977;0;7;0;0;1;3;1;A01
201400034978;0;30;0;0;0;0;1;A01
201400034979;0;7;0;0;1;8;1;A01
201400034980;0;30;0;0;0;0;1;A01
201400034981;0;2;0;0;0;9;14;A01
201400034982;1;7;0;0;1;3;1;A01
201400034983;0;7;0;0;1;3;16;A01
201400034984;0;30;0;0;2;1;1;A01
201400034984;0;30;0;0;2;1;1;B01
201400034985;0;7;0;11;0;1;2;A01
201400034986;0;7;0;0;1;1;1;A01
201400034987;0;7;0;0;2;1;3;A01
201400034987;0;7;0;0;2;1;1;B01
201400034988;0;7;0;0;1;1;1;A01
201400034989;0;7;0;8;2;3;1;A01
201400034989;0;7;0;0;2;2;15;B01
201400034990;0;7;0;0;1;1;1;A01
201400034991;0;31;0;0;2;7;1;B01
201400034991;0;7;0;0;2;3;11;A01
201400034992;0;7;0;0;1;2;1;A01
201400034993;0;7;0;0;1;1;16;A01
201400034994;0;33;0;0;2;1;1;A01
201400034994;0;7;0;0;2;1;1;B01
201400034995;0;7;0;0;1;1;15;A01
201400034996;0;10;0;0;2;8;1;B01
201400034996;0;17;0;0;2;6;1;A01
201400034997;0;7;0;0;1;1;1;A01
201400034998;0;7;0;0;2;0;1;B01
201400034998;0;7;0;0;2;0;4;A01
201400034999;0;7;0;0;2;2;11;A01