num_acc;senc;catv;occutc;obs;obsm;choc;manv;num_veh
201400034999;0;30;0;0;2;1;1;B01
201400035000;0;7;0;1;2;8;1;B01
201400035000;0;7;0;0;2;1;1;A01
201400035001;0;7;0;0;2;6;1;B01
201400035001;0;10;0;0;2;3;1;A01
201400035002;0;7;0;0;2;2;1;A01
201400035002;0;2;0;0;2;1;1;B01
201400035003;0;7;0;0;2;3;1;A01
201400035003;0;7;0;0;2;3;15;B01
201400035004;0;7;0;6;0;1;1;A01
201400035005;0;7;0;0;2;1;1;A01
201400035005;0;7;0;0;2;4;23;C01
201400035005;0;7;0;0;2;4;23;B01
201400035006;0;7;0;0;2;4;11;B01
201400035006;0;7;0;0;2;6;1;C01
201400035006;0;7;0;0;2;1;1;A01
201400035007;0;1;0;0;5;0;0;A01
201400035008;0;7;0;4;0;9;1;A01
201400035009;2;7;0;1;2;7;1;A01
201400035009;0;7;0;0;2;1;1;B01
201400035010;0;7;0;0;2;4;1;B01
201400035010;0;7;0;0;2;1;1;A01
201400035010;0;7;0;0;2;4;1;C01
201400035011;0;7;0;0;1;3;1;A01
201400035012;0;7;0;0;1;0;0;A01
201400035013;0;30;0;0;2;1;0;A01
201400035013;0;7;0;0;2;8;1;B01
201400035014;0;7;0;0;1;1;1;A01
201400035015;0;7;0;0;2;3;0;B01
201400035015;0;30;0;0;2;1;0;A01
201400035016;0;7;0;2;0;7;13;A01
201400035017;0;2;0;0;2;1;1;B01
201400035017;0;10;0;0;2;2;15;A01
201400035018;1;7;0;0;9;3;1;Z01
201400035018;0;99;0;0;2;7;15;A01
201400035019;0;7;0;0;1;1;2;A01
201400035020;0;7;0;0;2;1;13;A01
201400035020;0;7;0;0;2;1;1;C01
201400035020;0;7;0;0;2;1;1;B01
201400035021;0;7;0;0;2;1;1;B01
201400035021;0;7;0;0;2;1;15;A01
201400035022;0;7;0;1;2;3;9;B01
201400035022;0;7;0;1;2;1;1;A01
201400035023;0;7;0;0;2;7;1;B01
201400035023;0;7;0;0;2;1;9;A01
201400035024;0;7;0;1;0;1;14;A01
201400035025;0;7;0;0;1;1;1;A01
201400035026;0;7;0;0;1;3;15;A01
201400035027;0;7;0;2;0;1;0;A01
201400035028;0;7;0;0;1;0;15;A01
201400035029;0;7;0;0;2;1;1;A01
201400035029;0;2;0;0;2;7;0;B01
201400035030;0;7;0;0;2;1;2;A01
201400035030;0;7;0;0;2;4;1;B01
201400035031;0;7;0;0;1;3;1;A01
201400035032;0;7;0;0;2;1;2;A01
201400035032;0;7;0;0;2;6;0;B01
201400035033;0;30;0;0;2;1;1;B01
201400035033;0;7;0;0;2;3;15;A01
201400035034;0;7;0;0;2;1;0;A01
201400035034;0;3;0;0;2;1;0;B01
201400035035;1;99;0;0;1;2;0;Z01
201400035036;0;33;0;0;2;1;1;B01
201400035036;0;7;0;0;2;2;15;A01
201400035037;0;7;0;3;0;1;1;A01
201400035038;0;7;0;15;0;1;1;A01
201400035039;0;7;0;0;1;3;0;A01
201400035040;2;7;0;15;2;1;1;A01
201400035040;0;10;0;6;2;7;1;B01
201400035041;0;7;0;0;2;1;1;B01
201400035041;0;7;0;8;2;7;19;A01
201400035042;0;7;0;3;2;7;0;B01
201400035042;0;7;0;0;2;1;21;A01
201400035042;0;7;0;0;2;8;1;C01
201400035043;0;7;0;0;2;2;2;A01
201400035043;0;7;0;0;0;4;23;B01
201400035044;0;7;0;0;2;6;4;B01
201400035044;0;7;0;0;2;2;16;A01
201400035045;0;33;0;0;2;8;9;B01
201400035045;0;7;0;0;2;7;12;A01
201400035046;0;2;0;0;2;6;15;A01
201400035046;0;7;0;0;2;3;1;B01
201400035047;0;1;0;0;2;0;1;C01
201400035047;0;7;0;0;2;1;1;D01
201400035047;0;33;0;0;2;3;1;B01
201400035047;0;7;0;0;2;1;15;A01
201400035048;0;7;0;0;2;4;0;B01
201400035048;1;7;0;0;2;1;0;Z01
201400035049;0;30;0;0;2;2;0;A01
201400035049;0;7;0;0;2;1;0;B01
201400035050;0;7;0;0;2;4;1;B01
201400035050;0;7;0;0;2;1;2;A01
201400035051;0;7;0;0;1;2;0;A01
201400035052;0;7;0;2;0;1;1;A01
201400035053;0;7;0;0;2;3;1;B01
201400035053;0;7;0;0;2;2;19;A01
201400035054;0;7;0;0;2;5;15;B01
201400035054;0;7;0;0;2;1;1;A01
201400035055;0;2;0;0;2;2;1;B01
201400035055;0;7;0;0;2;6;9;A01
201400035056;0;33;0;0;2;3;1;B01
201400035056;0;7;0;0;2;2;15;A01
201400035057;0;7;0;0;2;1;1;B01
201400035057;0;7;0;0;2;1;5;A01
201400035057;0;7;0;0;2;7;0;C01
201400035058;0;7;0;3;2;1;1;C01
201400035058;0;7;0;0;2;1;1;B01
201400035058;0;7;0;0;2;1;0;A01
201400035059;0;7;0;0;2;4;2;C01
201400035059;0;7;0;0;2;1;2;B01
201400035059;0;7;0;0;2;1;2;A01
201400035060;0;7;0;0;1;2;1;A01
201400035061;0;7;0;0;2;3;1;B01
201400035061;0;7;0;0;2;2;15;A01
201400035062;0;7;0;0;2;2;0;A01
201400035062;0;7;0;0;2;6;2;B01
201400035062;0;7;0;0;2;4;2;C01
201400035062;0;7;0;0;2;4;2;D01
201400035063;0;7;0;0;2;5;15;A01
201400035063;0;7;0;0;2;1;1;B01
201400035064;0;17;0;0;1;1;15;A01
201400035065;0;7;0;0;1;0;0;A01
201400035066;0;2;0;0;2;8;1;B01
201400035066;0;14;0;0;2;8;15;A01
201400035067;0;7;0;0;2;6;1;B01
201400035067;0;7;0;0;2;1;13;A01
201400035068;0;7;0;0;1;3;1;A01
201400035069;0;7;0;14;0;3;0;A01
201400035070;0;7;0;0;2;2;1;A01
201400035070;0;7;0;0;2;1;1;B01
201400035071;0;7;0;0;2;3;1;B01
201400035071;0;7;0;0;2;3;15;A01
201400035072;0;7;0;0;2;6;1;B01
201400035072;0;2;0;0;2;2;2;A01
201400035073;0;37;1;0;1;0;23;A01
201400035074;0;7;0;0;2;3;1;B01
201400035074;0;7;0;0;2;3;15;A01
201400035075;0;7;0;0;1;2;7;A01
201400035076;0;7;0;0;2;1;0;C01
201400035076;0;7;0;0;2;3;0;A01
201400035076;0;7;0;0;2;4;0;D01
201400035076;0;10;0;0;2;4;0;B01
201400035077;0;7;0;0;1;1;15;A01
201400035078;0;7;0;0;2;2;1;A01
201400035078;0;7;0;0;2;3;1;B01
201400035079;0;7;0;1;1;3;0;A01
201400035080;0;7;0;0;2;3;15;B01
201400035080;0;31;0;0;2;7;0;A01
201400035081;0;7;0;0;2;3;1;B01
201400035081;0;7;0;0;2;1;5;A01
201400035082;0;7;0;0;2;1;15;A01
201400035082;0;7;0;0;2;1;1;B01
201400035083;1;7;0;0;1;0;0;A01
201400035084;0;7;0;8;0;1;0;A01
201400035085;0;7;0;0;2;2;12;A01
201400035085;0;30;0;0;2;8;1;B01
201400035086;0;7;0;0;2;6;15;A01
201400035086;0;30;0;0;2;0;0;B01
201400035087;0;7;0;0;2;2;0;A01
201400035087;0;1;0;0;2;0;0;B01
201400035088;1;7;0;0;2;0;19;Z01
201400035088;0;33;0;1;0;2;0;A01
201400035089;0;33;0;12;0;2;0;A01
201400035090;0;7;0;0;1;1;0;A01
201400035091;0;7;0;0;2;1;10;A01
201400035091;0;33;0;1;2;1;1;B01
201400035092;0;7;0;0;2;6;7;A01
201400035092;0;30;0;0;2;1;1;B01
201400035093;0;17;0;0;2;4;23;C01
201400035093;0;7;0;0;2;4;1;B01
201400035093;0;7;0;0;2;1;1;A01
201400035094;0;7;0;0;2;1;0;A01
201400035094;0;7;0;0;2;6;1;B01
201400035095;0;7;0;0;2;8;15;A01
201400035095;0;37;4;0;0;1;1;C01
201400035095;0;31;0;0;2;0;0;B01
201400035096;0;7;0;0;2;1;1;A01
201400035096;0;7;0;0;2;4;1;B01
201400035097;1;7;0;0;2;0;0;Z01
201400035097;0;1;0;0;2;1;0;B01
201400035098;0;34;0;0;2;7;0;B01
201400035098;0;7;0;0;2;2;15;A01
201400035099;0;15;0;0;2;1;2;A01
201400035099;0;7;0;0;2;4;2;B01
201400035100;1;7;0;0;1;0;14;Z01
201400035101;0;31;0;0;2;0;1;B01
201400035101;0;7;0;0;2;0;1;C01
201400035101;0;7;0;0;2;1;0;A01
201400035101;0;7;0;0;2;4;1;D01
201400035102;0;1;0;0;2;1;1;B01
201400035102;0;7;0;0;2;1;16;A01
201400035103;0;33;0;0;2;2;16;A01
201400035103;0;7;0;0;2;3;0;B01
201400035104;0;30;0;0;2;1;1;A01
201400035104;0;7;0;0;2;4;1;B01
201400035105;0;33;0;0;2;4;23;B01
201400035105;0;17;0;0;2;3;1;A01
201400035106;0;10;0;0;2;3;15;A01
201400035106;0;30;0;0;2;3;1;B01
201400035107;1;7;0;0;2;1;2;Z01
201400035107;0;7;0;0;2;4;1;B01
201400035108;0;7;0;0;2;1;1;A01
201400035108;0;7;0;0;2;4;1;B01
201400035109;0;7;0;0;2;1;1;C01
201400035109;0;7;0;0;2;1;1;D01
201400035109;0;7;0;0;2;4;1;B01
201400035109;0;7;0;0;2;1;1;A01
201400035110;0;7;0;1;0;2;14;A01
201400035111;0;7;0;0;2;8;15;B01
201400035111;0;99;0;15;2;1;17;A01
201400035112;0;7;0;0;2;7;23;A01
201400035112;0;33;0;0;2;1;1;B01
201400035113;0;33;0;0;2;6;1;B01
201400035113;0;7;0;0;2;3;0;A01
201400035114;0;7;0;0;2;1;16;B01
201400035114;0;7;0;0;2;2;1;A01
201400035115;0;33;0;0;2;1;2;A01
201400035115;0;7;0;0;2;6;15;B01
201400035116;0;7;0;0;2;2;0;C01
201400035116;0;7;0;0;2;6;0;B01
201400035116;0;3;0;1;0;1;0;A01
201400035117;0;7;0;0;2;8;1;B01
201400035117;0;16;0;0;2;0;0;A01
201400035118;0;7;0;0;2;7;15;A01
201400035118;0;7;0;0;2;1;1;B01
201400035119;0;7;0;0;1;1;1;A01
201400035120;0;7;0;0;2;1;19;B01
201400035120;0;33;0;0;2;1;1;A01
201400035121;0;7;0;0;2;4;2;C01
201400035121;0;7;0;0;2;1;2;A01
201400035121;0;7;0;0;2;4;2;B01
201400035121;0;7;0;0;2;4;2;D01
201400035122;0;1;0;0;0;0;0;B01
201400035122;0;1;0;0;0;0;0;A01
201400035123;0;7;0;0;2;2;1;B01
201400035123;0;7;0;0;2;1;19;A01
201400035123;0;7;0;0;2;3;1;C01
201400035124;0;7;0;0;1;7;0;A01
201400035125;0;7;0;0;2;8;15;B01
201400035125;0;33;0;0;2;1;1;A01
201400035126;0;7;0;0;2;1;1;B01
201400035126;0;7;0;0;2;8;11;A01
201400035127;0;7;0;12;2;4;1;B01
201400035127;0;7;0;0;2;1;1;A01
201400035128;0;10;0;0;1;1;1;A01
201400035129;0;7;0;0;1;1;1;A01
201400035130;0;7;0;0;2;2;1;A01
201400035130;0;7;0;0;2;4;12;B01
201400035131;0;7;0;0;2;1;0;A01
201400035131;0;7;0;0;2;7;0;B01
201400035132;1;7;0;0;2;0;0;Z01
201400035132;0;1;0;0;2;0;0;B01
201400035133;0;7;0;0;2;4;2;C01
201400035133;0;7;0;0;2;4;2;B01
201400035133;0;7;0;0;2;1;2;A01
201400035134;0;7;0;0;1;2;1;A01
201400035135;0;33;0;0;2;1;12;B01
201400035135;0;10;0;0;2;5;12;A01
201400035136;0;7;0;0;1;2;0;A01
201400035137;0;7;0;0;2;1;15;B01
201400035137;0;31;0;0;2;1;1;A01
201400035138;0;37;25;13;0;0;1;A01
201400035139;0;7;0;0;2;1;1;A01
201400035139;0;7;0;1;2;1;1;C01
201400035139;0;7;0;0;2;7;15;B01
201400035140;2;7;0;2;0;5;0;A01
201400035141;0;30;0;0;1;1;1;A01
201400035142;1;7;0;0;2;0;2;Z01
201400035142;0;7;0;0;2;1;2;B01
201400035142;0;7;0;0;2;4;1;A01
201400035143;0;7;0;0;2;1;2;A01
201400035143;0;7;0;0;2;4;23;B01
201400035144;0;33;0;0;2;1;1;B01
201400035144;0;10;0;0;2;1;17;A01
201400035145;0;7;0;0;1;4;4;A01
201400035146;0;7;0;0;0;6;24;B01
201400035146;0;2;0;0;2;1;1;C01
201400035146;0;7;0;1;0;5;20;A01
201400035147;1;99;0;6;0;1;0;A01
201400035148;0;33;0;0;0;0;21;A01
201400035149;0;7;0;0;1;1;1;A01
201400035150;0;7;0;0;1;2;1;A01
201400035151;0;7;0;2;0;9;1;A01
201400035152;0;7;0;0;2;6;0;B01
201400035152;0;30;0;0;2;1;0;A01
201400035153;0;7;0;13;0;9;1;A01
201400035154;0;7;0;0;2;8;11;A01
201400035154;0;7;0;0;2;7;1;B01
201400035155;0;30;0;0;1;0;2;A01
201400035156;0;7;0;0;2;1;0;A01
201400035156;0;7;0;0;2;1;0;B01
201400035157;0;33;0;0;2;1;1;B01
201400035157;0;7;0;0;2;3;15;A01
201400035158;0;7;0;0;2;3;7;A01
201400035158;0;7;0;0;2;2;1;B01
201400035159;0;33;0;15;0;1;14;A01
201400035160;0;99;0;0;0;8;15;A01
201400035161;0;7;0;0;1;3;15;A01
201400035162;0;7;0;0;1;1;15;A01
201400035163;0;10;0;0;2;1;2;A01
201400035163;0;7;0;0;2;4;2;B01
201400035164;0;32;0;0;2;4;2;A01
201400035164;1;31;0;0;2;1;2;Z01
201400035165;0;7;0;0;1;3;2;A01
201400035166;0;33;0;0;2;1;1;B01
201400035166;0;7;0;2;2;3;13;A01
201400035167;0;2;0;0;2;3;1;B01
201400035167;0;30;0;0;2;7;1;A01
201400035168;0;7;0;0;2;1;2;A01
201400035168;0;7;0;0;2;4;2;B01
201400035168;0;7;0;0;2;4;2;C01
201400035169;0;32;0;12;1;8;21;A01
201400035170;0;7;0;0;2;3;1;B01
201400035170;2;7;0;12;2;3;15;A01
201400035171;0;7;0;0;2;2;1;B01
201400035171;0;7;0;1;1;8;9;A01
201400035172;0;7;0;0;1;3;0;A01
201400035173;0;33;0;0;2;1;1;B01
201400035173;0;10;0;0;2;2;15;A01
201400035174;0;7;0;0;1;1;1;A01
201400035175;0;7;0;0;2;0;9;B01
201400035175;0;33;0;0;2;0;21;A01
201400035176;0;7;0;0;2;2;16;B01
201400035176;0;33;0;0;2;8;16;A01
201400035177;0;1;0;0;2;1;18;B01
201400035177;0;7;0;0;2;7;22;A01
201400035178;0;7;0;0;2;3;23;B01
201400035178;0;1;0;0;2;1;16;A01
201400035179;0;30;0;0;2;1;0;B01
201400035179;0;7;0;0;2;1;15;A01
201400035180;0;7;0;0;1;2;1;A01
201400035181;1;99;0;0;1;1;0;Z01
201400035182;0;7;0;0;2;2;15;A01
201400035182;0;2;0;0;2;0;1;B01
201400035183;0;7;0;0;2;1;1;A01
201400035183;0;7;0;0;2;1;5;B01
201400035184;0;7;0;0;1;1;16;A01
201400035185;0;10;0;0;1;2;1;A01
201400035186;0;33;0;1;0;0;14;A01
201400035187;0;7;0;0;2;3;13;A01
201400035187;0;10;0;0;2;3;1;B01
201400035188;0;7;0;0;1;1;1;A01
201400035189;0;7;0;3;2;6;1;B01
201400035189;0;7;0;0;2;0;0;C01
201400035189;0;15;0;0;2;2;1;A01
201400035190;0;7;0;0;2;4;2;C01
201400035190;0;7;0;1;2;4;1;B01
201400035190;0;15;0;0;2;1;1;A01
201400035191;0;7;0;0;1;1;1;A01
201400035192;0;33;0;4;0;8;13;A01
201400035193;0;30;0;0;1;1;1;A01
201400035194;0;7;0;13;0;8;2;A01
201400035195;0;7;0;6;0;2;15;A01
201400035196;0;7;0;12;0;1;1;A01
201400035197;0;33;0;0;1;1;1;A01
201400035198;0;7;0;0;2;1;2;A01
201400035198;0;7;0;0;2;4;2;B01
201400035199;0;7;0;0;1;2;15;A01
201400035200;0;7;0;0;1;1;1;A01
201400035201;0;37;1;0;1;1;1;A01
201400035202;0;7;0;0;2;3;14;A01
201400035202;0;7;0;0;2;8;23;B01
201400035203;1;30;0;0;1;0;0;Z01
201400035204;0;7;0;0;0;1;0;A01
201400035205;0;7;0;6;0;1;2;A01
201400035206;0;30;0;8;0;1;1;A01
201400035207;0;7;0;0;1;3;21;A01
201400035208;0;7;0;0;2;8;1;B01
201400035208;0;7;0;0;2;1;1;A01
201400035209;0;7;0;0;1;1;1;A01
201400035210;0;30;0;1;0;1;15;A01
201400035211;0;7;0;13;0;9;1;A01
201400035212;0;10;0;0;1;4;4;A01
201400035213;0;7;0;0;2;2;17;A01
201400035213;0;1;0;0;2;0;0;B01
201400035214;0;7;0;1;0;6;1;A01
201400035215;1;7;0;0;2;1;0;Z01
201400035215;0;1;0;0;2;0;1;B01
201400035216;0;7;0;4;0;1;0;A01
201400035217;0;7;0;0;2;6;2;B01
201400035217;0;7;0;0;2;2;2;A01
201400035218;1;7;0;0;2;1;0;A01
201400035218;0;7;0;0;2;4;0;B01
201400035219;0;7;0;0;2;1;15;A01
201400035219;0;33;0;0;2;8;1;B01
201400035220;0;7;0;0;2;8;1;B01
201400035220;0;33;0;0;2;1;15;A01
201400035221;0;10;0;0;1;8;15;A01
201400035222;0;7;0;0;2;3;5;A01
201400035222;0;7;0;0;2;3;1;B01
201400035223;0;7;0;0;2;1;2;A01
201400035223;0;7;0;0;2;4;23;B01
201400035224;0;37;1;0;1;1;1;A01
201400035225;0;7;0;0;1;3;15;A01
201400035226;0;30;0;14;0;9;1;A01
201400035227;0;7;0;3;0;1;14;A01
201400035228;0;7;0;1;0;1;0;A01
201400035229;0;33;0;0;0;3;1;A01
201400035230;0;7;0;0;2;4;2;B01
201400035230;0;7;0;0;2;1;2;A01
201400035231;0;33;0;0;2;8;1;B01
201400035231;0;7;0;0;2;3;15;A01
201400035232;0;2;0;0;2;1;1;B01
201400035232;0;7;0;0;2;3;15;A01
201400035233;0;7;0;0;2;1;2;A01
201400035233;0;7;0;0;2;4;2;C01
201400035233;0;7;0;0;2;4;2;B01
201400035234;0;7;0;0;2;2;23;B01
201400035234;0;30;0;12;0;8;13;A01
201400035235;0;31;0;0;2;1;1;B01
201400035235;0;7;0;0;2;2;15;A01
201400035236;0;7;0;0;2;4;2;B01
201400035236;0;2;0;0;2;1;2;A01
201400035237;0;7;0;0;2;1;15;A01
201400035237;0;1;0;0;2;1;1;B01
201400035238;0;33;0;0;2;1;1;B01
201400035238;0;7;0;0;2;6;15;A01
201400035239;0;7;0;0;1;2;1;A01
201400035240;0;7;0;0;2;4;2;B01
201400035240;1;7;0;0;2;1;2;A01
201400035240;0;7;0;0;2;4;2;C01
201400035241;0;37;1;0;1;3;16;A01
201400035242;2;7;0;0;2;2;0;A01
201400035242;0;7;0;0;2;6;1;B01
201400035243;0;2;0;0;2;1;0;B01
201400035243;0;7;0;0;2;8;15;A01
201400035244;0;7;0;0;2;1;1;B01
201400035244;2;7;0;0;2;0;5;A01
201400035245;0;33;0;0;2;1;1;B01
201400035245;0;7;0;0;2;5;15;A01
201400035246;0;7;0;0;2;3;13;A01
201400035246;0;7;0;0;2;3;1;B01
201400035247;0;33;0;0;2;2;17;A01
201400035247;0;7;0;0;2;3;1;B01
201400035248;0;33;0;0;2;1;13;A01
201400035248;0;7;0;0;2;2;15;B01
201400035248;0;7;0;0;2;1;1;C01
201400035249;1;7;0;0;1;0;0;Z01
201400035250;0;7;0;0;2;2;21;B01
201400035250;0;32;0;0;2;1;13;A01
201400035251;0;99;0;0;0;0;0;A01
201400035252;0;7;0;0;2;2;15;A01
201400035252;0;30;0;0;2;1;1;B01
201400035253;0;7;0;0;1;3;1;A01
201400035254;1;1;0;0;1;1;0;Z01
201400035255;0;33;0;0;0;0;1;A01
201400035256;0;7;0;0;1;3;0;A01
201400035257;0;30;0;0;2;8;0;B01
201400035257;0;7;0;0;2;3;1;A01
201400035258;0;7;0;0;1;4;4;A01
201400035259;0;1;0;0;2;4;1;B01
201400035259;0;7;0;0;2;2;1;A01
201400035260;0;30;0;0;2;8;1;B01
201400035260;0;7;0;6;2;7;1;A01
201400035261;0;7;0;0;1;3;0;A01
201400035262;0;7;0;0;1;3;1;A01
201400035263;0;7;0;0;2;1;1;B01
201400035263;0;36;0;0;2;1;13;A01
201400035264;0;7;0;0;2;8;22;A01
201400035264;0;30;0;0;2;0;1;B01
201400035265;0;7;0;0;2;6;15;B01
201400035265;0;7;0;0;2;1;1;A01
201400035266;0;7;0;0;1;3;1;A01
201400035267;0;7;0;0;2;3;15;A01
201400035267;0;7;0;0;2;2;1;B01
201400035268;0;7;0;0;2;2;1;B01
201400035268;0;7;0;0;2;3;1;A01
201400035269;0;7;0;0;2;7;15;A01
201400035269;0;30;0;0;2;8;0;B01
201400035270;0;7;0;0;2;4;1;B01
201400035270;0;7;0;0;2;1;1;A01
201400035271;0;7;0;2;0;3;16;A01
201400035272;0;33;0;0;2;3;1;B01
201400035272;0;7;0;0;2;1;9;A01
201400035273;0;7;0;0;1;4;4;A01
201400035274;1;2;0;0;1;1;1;Z01
201400035275;0;7;0;0;1;1;1;A01
201400035276;0;7;0;0;2;1;0;A01
201400035276;0;33;0;0;2;8;0;B01
201400035277;0;7;0;0;2;8;0;A01
201400035277;0;17;0;0;2;1;0;B01
201400035278;0;7;0;0;2;3;15;A01
201400035278;0;7;0;0;2;2;1;B01
201400035279;0;2;0;0;2;1;1;B01
201400035279;0;7;0;0;2;7;13;A01
201400035280;0;7;0;0;1;2;1;A01
201400035281;2;7;0;12;0;1;0;A01
201400035282;0;37;20;0;2;3;1;B01
201400035282;0;7;0;0;2;7;1;A01
201400035283;0;7;0;0;1;1;1;A01
201400035284;0;2;0;0;2;1;1;A01
201400035284;0;7;0;0;2;2;15;B01
201400035285;0;7;0;0;2;1;13;A01
201400035285;0;7;0;0;2;1;1;B01
201400035286;0;7;0;0;2;3;16;B01
201400035286;0;33;0;0;2;1;1;A01
201400035287;0;7;0;0;2;1;1;B01
201400035287;0;7;0;0;2;2;15;A01
201400035288;0;7;0;0;2;1;1;C01
201400035288;0;7;0;0;2;1;1;A01
201400035288;0;7;0;0;2;1;1;B01
201400035288;0;7;0;0;2;4;1;D01
201400035289;0;7;0;0;2;3;1;B01
201400035289;2;7;0;0;2;7;1;A01
201400035290;0;33;0;0;2;1;1;B01
201400035290;1;7;0;0;0;0;0;Z01
201400035291;0;7;0;0;1;2;1;A01
201400035292;0;7;0;2;0;3;1;A01
201400035293;0;7;0;0;2;3;1;B01
201400035293;0;7;0;0;2;2;12;A01
201400035294;0;7;0;0;1;1;1;A01
201400035295;0;7;0;0;1;1;1;A01
201400035296;0;7;0;0;2;1;15;A01
201400035296;0;7;0;0;2;3;1;B01
201400035297;0;7;0;0;1;1;1;A01
201400035298;1;7;0;0;1;0;0;Z01
201400035299;0;1;0;0;2;1;9;A01
201400035299;0;7;0;0;2;5;1;B01
201400035300;0;7;0;0;2;2;20;A01
201400035300;0;2;0;0;2;3;1;B01
201400035301;0;7;0;0;2;2;14;A01
201400035301;0;7;0;8;2;6;1;B01
201400035302;0;37;44;0;2;2;7;B01
201400035302;0;7;0;0;2;8;10;A01
201400035303;0;7;0;0;2;3;15;B01
201400035303;0;7;0;0;2;1;0;A01
201400035304;0;7;0;0;1;2;15;A01
201400035305;0;40;0;0;2;0;0;B01
201400035305;0;7;0;0;4;8;15;A01
201400035306;0;7;0;0;1;4;4;A01
201400035307;0;7;0;0;1;5;0;A01
201400035308;0;7;0;0;1;4;4;A01
201400035309;0;7;0;0;2;1;15;A01
201400035309;0;7;0;0;2;1;1;B01
201400035309;0;7;0;0;2;2;23;C01
201400035310;1;3;0;0;1;1;1;Z01
201400035311;0;7;0;0;2;1;1;A01
201400035311;0;3;0;0;2;0;1;B01
201400035312;0;7;0;0;2;2;1;A01
201400035312;0;30;0;0;2;6;16;B01
201400035313;0;7;0;0;2;3;1;A01
201400035313;0;33;0;0;2;0;9;B01
201400035314;0;7;0;0;1;1;15;A01
201400035315;0;7;0;0;1;1;17;A01
201400035316;0;7;0;0;2;6;0;B01
201400035316;0;7;0;0;2;1;0;A01
201400035317;0;7;0;0;1;1;1;A01
201400035318;1;7;0;0;1;1;1;Z01
201400035319;0;37;2;0;2;1;1;A01
201400035319;0;37;1;0;2;6;1;B01
201400035320;0;7;0;0;2;1;9;A01
201400035320;0;33;0;0;2;1;1;B01
201400035321;0;7;0;0;1;1;1;A01
201400035322;0;7;0;0;1;4;4;A01
201400035323;0;7;0;2;0;1;0;A01
201400035324;0;37;2;0;2;3;1;B01
201400035324;0;7;0;0;2;1;1;A01
201400035325;0;7;0;0;2;1;1;A01
201400035325;0;30;0;0;2;1;13;B01
201400035326;0;7;0;0;2;2;1;A01
201400035326;0;7;0;0;2;3;1;B01
201400035327;0;33;0;0;2;7;12;A01
201400035327;0;7;0;0;2;3;1;B01
201400035328;0;7;0;0;1;1;1;A01
201400035329;0;1;0;0;2;8;0;A01
201400035329;0;7;0;0;2;7;1;B01
201400035330;0;7;0;0;0;7;17;A01
201400035330;0;37;1;0;2;3;2;B01
201400035331;0;7;0;0;2;4;0;B01
201400035331;0;7;0;0;2;1;0;C01
201400035331;0;7;0;0;0;4;0;A01
201400035332;0;7;0;0;2;3;15;B01
201400035332;0;33;0;0;2;2;17;A01
201400035333;0;7;0;0;0;4;2;B01
201400035333;0;7;0;0;2;1;2;A01
201400035334;0;7;0;0;2;2;1;A01
201400035334;0;1;0;0;2;8;19;B01
201400035335;0;7;0;0;2;1;2;A01
201400035335;0;7;0;0;2;3;16;C01
201400035336;0;7;0;14;0;1;1;A01
201400035337;0;10;0;13;0;1;6;A01
201400035338;0;7;0;0;0;4;2;B01
201400035338;0;7;0;0;0;1;2;C01
201400035338;0;7;0;0;0;4;2;A01
201400035339;0;7;0;0;1;0;2;A01
201400035340;0;7;0;0;0;1;10;A01
201400035340;0;7;0;0;2;8;1;B01
201400035341;0;7;0;0;2;2;2;A01
201400035341;0;7;0;0;2;1;9;B01
201400035342;0;7;0;0;2;1;2;A01
201400035342;0;7;0;0;2;4;2;B01
201400035343;0;33;0;0;2;1;17;A01
201400035343;0;7;0;0;0;6;15;B01
201400035344;0;7;0;14;2;2;1;A01
201400035344;0;7;0;0;2;8;16;B01
201400035345;0;30;0;0;1;1;3;A01
201400035346;0;7;0;0;2;1;16;A01
201400035346;0;1;0;0;0;8;19;B01
201400035347;0;3;0;0;2;1;16;B01
201400035347;0;3;0;1;2;7;1;A01
201400035348;0;7;0;0;0;4;23;B01
201400035348;0;2;0;0;2;1;2;A01
201400035349;0;7;0;0;0;3;1;A01
201400035349;0;7;0;0;0;3;1;B01
201400035350;0;34;0;0;0;8;0;A01
201400035351;0;7;0;0;2;1;9;B01
201400035351;0;7;0;0;2;1;1;A01
201400035352;0;7;0;0;0;3;17;A01
201400035352;0;33;0;0;0;0;1;B01
201400035353;1;2;0;2;0;0;1;A01
201400035354;0;7;0;0;2;1;1;B01
201400035354;0;7;0;0;0;7;19;A01
201400035355;0;33;0;0;2;1;1;B01
201400035355;0;7;0;0;2;6;10;A01
201400035356;0;30;0;0;1;1;9;A01
201400035357;0;10;0;0;2;4;4;A01
201400035357;0;7;0;0;2;1;1;B01
201400035358;0;2;0;0;2;1;17;A01
201400035358;0;32;0;0;0;6;0;B01
201400035359;0;37;0;0;1;2;0;A01
201400035360;0;7;0;0;1;1;17;A01
201400035361;0;7;0;0;2;1;1;A01
201400035361;0;7;0;0;2;7;0;B01
201400035362;0;7;0;0;1;0;1;A01
201400035363;0;7;0;0;1;7;0;A01
201400035364;0;7;0;2;0;1;14;A01
201400035365;0;7;0;0;1;3;9;A01
201400035366;0;7;0;0;1;3;9;A01
201400035367;0;7;0;0;2;0;17;A01
201400035367;0;1;0;0;2;0;1;B01
201400035368;0;30;0;0;2;1;0;B01
201400035368;0;7;0;0;2;3;9;A01
201400035369;0;7;0;0;0;1;0;B01
201400035369;0;7;0;0;0;3;17;A01
201400035370;0;7;0;0;2;2;15;A01