num_acc;senc;catv;occutc;obs;obsm;choc;manv;num_veh
201400035370;0;7;0;0;2;1;1;C01
201400035370;0;7;0;0;0;8;23;B01
201400035371;0;7;0;0;2;1;21;A01
201400035371;0;7;0;0;2;1;1;B01
201400035372;0;7;0;0;1;1;1;A01
201400035373;0;37;1;0;1;0;2;A01
201400035373;1;7;0;0;1;1;2;B01
201400035374;0;7;0;0;1;3;1;A01
201400035375;0;7;0;0;1;0;4;A01
201400035376;0;7;0;0;2;8;0;A01
201400035376;0;15;0;0;2;1;0;B01
201400035377;0;7;0;0;2;2;0;A01
201400035377;0;2;0;0;2;8;0;B01
201400035378;0;7;0;13;0;3;1;A01
201400035379;0;33;0;0;2;1;17;A01
201400035379;0;7;0;0;2;5;15;B01
201400035380;0;7;0;0;2;1;5;A01
201400035380;0;7;0;0;2;6;1;B01
201400035380;0;7;0;0;2;5;1;C01
201400035380;0;7;0;0;0;6;0;D01
201400035381;0;7;0;15;0;1;2;A01
201400035382;0;7;0;0;2;1;2;A01
201400035382;0;7;0;0;2;4;2;B01
201400035382;0;7;0;0;2;4;2;C01
201400035382;0;7;0;0;0;0;23;T01
201400035383;0;7;0;0;2;3;2;A01
201400035383;0;33;0;0;2;4;0;B01
201400035384;0;33;0;0;0;1;1;B01
201400035384;0;7;0;0;0;1;15;A01
201400035385;0;7;0;0;2;1;1;B01
201400035385;0;7;0;0;2;1;1;C01
201400035385;0;7;0;0;2;1;1;A01
201400035386;0;36;0;12;2;1;1;A01
201400035387;0;7;0;0;2;7;15;A01
201400035387;0;31;0;0;2;1;0;B01
201400035388;0;7;0;0;1;3;15;A01
201400035389;0;7;0;0;0;6;15;B01
201400035389;0;2;0;0;2;1;0;A01
201400035390;0;7;0;0;2;1;13;A01
201400035390;0;7;0;0;2;1;1;B01
201400035391;0;7;0;0;2;1;2;A01
201400035391;0;10;0;0;2;4;2;B01
201400035392;0;33;0;0;0;8;0;B01
201400035392;0;7;0;0;0;2;15;A01
201400035393;0;7;0;0;2;4;13;A01
201400035393;0;7;0;0;2;1;1;B01
201400035394;0;7;0;0;2;1;19;A01
201400035394;0;7;0;0;2;7;1;B01
201400035395;0;7;0;0;2;3;19;A01
201400035395;0;7;0;0;2;3;23;C01
201400035395;0;33;0;0;2;1;1;B01
201400035396;0;7;0;0;2;1;17;A01
201400035396;0;7;0;0;2;3;15;B01
201400035397;0;33;0;16;0;8;1;A01
201400035398;0;33;0;0;2;0;21;B01
201400035398;1;7;0;0;0;0;15;Z01
201400035399;0;10;0;0;9;0;1;A01
201400035399;0;7;0;0;9;1;1;B01
201400035399;0;30;0;0;9;1;0;C01
201400035400;0;7;0;0;0;8;0;A01
201400035401;0;7;0;13;0;2;1;A01
201400035402;0;7;0;0;2;1;2;A01
201400035402;0;7;0;0;0;4;1;B01
201400035403;0;30;0;2;0;1;0;A01
201400035403;1;7;0;0;0;0;2;Z01
201400035404;0;7;0;0;2;1;16;A01
201400035404;0;7;0;0;0;3;23;B01
201400035405;0;7;0;0;0;0;0;A01
201400035406;0;31;0;0;2;1;11;A01
201400035406;0;7;0;0;2;1;0;B01
201400035407;0;7;0;6;9;1;0;A01
201400035407;0;7;0;0;2;4;2;C01
201400035408;0;7;0;0;2;1;2;A01
201400035408;0;7;0;0;0;4;2;B01
201400035409;0;7;0;0;2;1;17;A01
201400035409;0;7;0;0;0;5;13;B01
201400035409;0;7;0;0;0;4;0;C01
201400035409;0;7;0;0;0;4;1;D01
201400035410;0;7;0;0;2;3;15;A01
201400035410;0;33;0;0;2;3;1;B01
201400035411;0;7;0;0;2;3;1;B01
201400035411;0;30;0;0;2;5;19;A01
201400035412;0;7;0;13;0;2;1;A01
201400035413;0;7;0;0;2;1;1;A01
201400035413;0;7;0;0;2;0;1;B01
201400035414;0;7;0;0;2;1;0;C01
201400035414;0;7;0;0;2;8;0;B01
201400035414;0;7;0;0;2;1;13;A01
201400035415;0;7;0;0;2;3;0;B01
201400035415;0;7;0;0;2;3;0;A01
201400035416;0;7;0;0;2;7;19;A01
201400035416;0;2;0;0;2;1;0;B01
201400035417;0;7;0;13;0;1;1;A01
201400035418;0;33;0;0;2;2;2;A01
201400035418;0;33;0;0;0;6;2;B01
201400035419;0;33;0;16;0;0;10;A01
201400035419;0;33;0;16;0;0;13;B01
201400035419;0;33;0;16;0;0;13;C01
201400035420;0;7;0;12;0;3;1;A01
201400035421;0;7;0;0;2;3;1;B01
201400035421;0;7;0;0;2;0;13;C01
201400035421;0;7;0;0;2;3;13;A01
201400035422;0;99;0;1;0;6;0;C01
201400035422;0;7;0;1;0;6;14;A01
201400035422;0;7;0;0;2;6;24;B01
201400035423;0;13;0;0;2;7;15;A01
201400035423;0;33;0;0;2;1;1;B01
201400035424;0;33;0;13;0;1;6;A01
201400035425;0;33;0;0;6;1;1;A01
201400035426;0;33;0;0;2;2;21;B01
201400035426;0;7;0;0;0;3;10;A01
201400035427;0;7;0;2;0;2;0;A01
201400035428;0;7;0;13;0;1;14;A01
201400035429;0;33;0;0;0;8;10;A01
201400035429;0;7;0;0;2;1;1;B01
201400035430;0;7;0;0;2;1;1;B01
201400035430;0;7;0;0;2;2;15;A01
201400035431;0;7;0;0;2;1;5;A01
201400035431;0;7;0;0;2;1;1;B01
201400035432;0;33;0;0;2;1;1;B01
201400035432;0;7;0;0;2;7;15;A01
201400035433;0;7;0;12;0;1;0;A01
201400035434;0;33;0;0;2;1;1;B01
201400035434;0;10;0;0;2;7;9;A01
201400035435;0;7;0;0;2;8;5;A01
201400035435;0;7;0;0;2;1;1;B01
201400035436;0;7;0;2;0;2;0;A01
201400035437;0;7;0;0;2;0;1;A01
201400035437;0;1;0;2;2;4;2;B01
201400035438;0;7;0;0;2;3;10;A01
201400035438;0;33;0;0;2;1;3;B01
201400035439;0;7;0;0;1;3;15;A01
201400035440;0;7;0;14;1;1;2;A01
201400035441;0;7;0;1;0;2;1;A01
201400035442;0;7;0;0;1;2;17;A01
201400035443;0;7;0;0;0;4;2;B01
201400035443;0;7;0;0;0;1;2;A01
201400035444;0;7;0;0;2;0;15;A01
201400035444;0;33;0;0;2;0;1;B01
201400035445;0;7;0;0;2;8;1;B01
201400035445;0;7;0;11;2;1;1;A01
201400035446;0;7;0;0;0;6;2;C01
201400035446;0;7;0;0;0;1;2;A01
201400035446;0;2;0;0;0;4;2;B01
201400035447;0;7;0;0;1;1;1;A01
201400035448;0;7;0;0;0;1;2;A01
201400035448;0;7;0;0;0;4;2;B01
201400035449;0;7;0;0;0;6;23;B01
201400035449;0;10;0;0;2;2;1;A01
201400035450;0;7;0;0;1;0;0;A01
201400035451;0;37;1;0;0;3;1;A01
201400035451;1;7;0;0;2;6;0;Z01
201400035452;2;7;0;0;0;2;0;B01
201400035452;0;7;0;0;2;3;0;A01
201400035453;0;7;0;0;1;2;1;A01
201400035454;0;37;5;0;1;1;1;A01
201400035455;0;7;0;0;2;1;0;B01
201400035455;0;7;0;0;0;1;0;A01
201400035456;0;3;0;0;2;3;23;A01
201400035456;0;3;0;0;2;3;1;B01
201400035457;0;7;0;0;1;2;0;A01
201400035458;0;7;0;0;2;8;13;A01
201400035458;0;2;0;0;2;2;17;B01
201400035458;0;7;0;0;2;1;0;C01
201400035459;0;33;0;13;0;1;0;A01
201400035460;1;7;0;0;2;1;2;Z01
201400035460;0;7;0;0;2;5;2;C01
201400035460;0;7;0;0;2;4;2;B01
201400035461;0;7;0;0;2;1;2;C01
201400035461;0;7;0;0;2;1;2;D01
201400035461;0;7;0;0;2;1;2;E01
201400035461;0;7;0;0;2;4;2;B01
201400035461;1;7;0;0;0;0;23;A01
201400035462;0;7;0;0;0;8;0;B01
201400035462;0;3;0;0;0;8;0;C01
201400035462;0;33;0;0;2;9;0;A01
201400035463;0;7;0;0;1;2;17;A01
201400035464;0;7;0;0;2;5;2;B01
201400035464;0;32;0;0;2;3;2;A01
201400035465;0;37;3;12;1;1;1;A01
201400035466;0;7;0;0;2;5;1;A01
201400035466;0;7;0;0;2;1;1;B01
201400035467;0;7;0;0;2;1;1;C01
201400035467;0;7;0;0;2;1;2;B01
201400035467;0;7;0;0;0;4;0;A01
201400035468;0;7;0;0;2;1;15;A01
201400035468;0;2;0;0;2;1;2;B01
201400035469;0;7;0;0;2;1;1;A01
201400035469;0;7;0;0;0;4;1;B01
201400035470;0;30;0;0;0;0;2;A01
201400035471;0;10;0;0;2;1;2;A01
201400035471;0;7;0;0;2;4;1;B01
201400035472;1;7;0;0;1;2;1;A01
201400035473;0;10;0;0;1;2;16;A01
201400035474;0;7;0;0;1;3;2;A01
201400035475;0;7;0;0;1;2;0;A01
201400035476;0;7;0;0;2;7;12;A01
201400035476;0;2;0;0;2;8;0;B01
201400035477;0;7;0;13;0;4;10;B01
201400035477;0;7;0;13;2;1;0;A01
201400035478;1;7;0;0;9;2;1;A01
201400035478;0;1;0;0;0;4;1;B01
201400035479;0;7;0;0;1;1;0;A01
201400035480;0;7;0;0;2;1;13;A01
201400035480;0;7;0;0;2;1;5;B01
201400035481;0;7;0;0;2;1;5;A01
201400035481;0;7;0;0;2;1;1;B01
201400035482;0;7;0;0;0;7;1;A01
201400035482;0;10;0;0;2;1;1;B01
201400035482;0;7;0;0;0;0;1;C01
201400035483;0;7;0;0;0;2;10;A01
201400035483;0;33;0;0;2;3;1;B01
201400035484;0;7;0;0;1;1;1;A01
201400035485;0;10;0;15;0;2;14;A01
201400035486;0;7;0;16;2;1;11;A01
201400035486;0;33;0;0;0;1;2;B01
201400035487;0;7;0;0;1;1;16;A01
201400035488;0;7;0;0;2;3;15;B01
201400035488;0;31;0;0;2;1;17;A01
201400035489;0;7;0;2;0;1;13;A01
201400035490;0;7;0;0;1;2;0;A01
201400035491;0;7;0;0;2;1;1;A01
201400035491;0;7;0;0;2;4;1;B01
201400035492;0;7;0;0;1;2;0;A01
201400035493;0;7;0;0;2;2;12;A01
201400035493;0;33;0;0;2;3;1;B01
201400035494;0;7;0;0;0;6;15;A01
201400035494;0;33;0;0;0;8;2;B01
201400035495;0;7;0;1;1;3;1;A01
201400035496;2;7;0;0;2;7;1;A01
201400035496;0;7;0;0;0;3;1;B01
201400035496;0;7;0;0;2;3;23;C01
201400035496;0;7;0;0;2;1;23;D01
201400035497;0;7;0;0;1;1;20;A01
201400035498;0;33;0;0;2;1;15;B01
201400035498;0;7;0;0;2;1;15;A01
201400035499;0;99;0;0;0;1;1;A01
201400035499;0;33;0;0;0;8;9;B01
201400035500;0;33;0;2;2;3;1;A01
201400035500;0;7;0;0;2;3;15;B01
201400035501;0;2;0;0;2;1;1;B01
201400035501;0;7;0;0;2;8;15;A01
201400035502;0;7;0;0;2;1;1;B01
201400035502;0;7;0;0;2;3;19;A01
201400035503;0;1;0;0;2;4;2;B01
201400035503;0;7;0;0;2;1;2;A01
201400035504;0;33;0;0;2;3;15;B01
201400035504;0;7;0;0;2;2;1;A01
201400035505;0;30;0;0;2;1;19;B01
201400035505;0;7;0;0;2;3;1;A01
201400035506;0;1;0;0;0;8;0;A01
201400035506;1;7;0;0;0;0;20;Z01
201400035507;0;30;0;0;0;1;2;A01
201400035507;0;7;0;0;0;4;16;B01
201400035508;0;7;0;0;2;2;15;A01
201400035508;0;7;0;0;2;1;1;B01
201400035509;0;7;0;0;1;3;2;A01
201400035510;0;7;0;0;0;1;0;A01
201400035510;0;38;1;0;0;1;0;B01
201400035511;0;7;0;0;2;2;17;A01
201400035511;0;33;0;0;2;1;1;B01
201400035511;0;7;0;0;0;1;2;C01
201400035512;0;1;0;0;0;4;2;B01
201400035512;1;7;0;0;0;0;0;Z01
201400035513;0;7;0;0;1;2;0;A01
201400035514;0;7;0;0;1;3;1;A01
201400035515;0;7;0;0;1;2;12;A01
201400035516;0;10;0;0;1;2;2;A01
201400035517;0;37;2;0;1;3;1;A01
201400035518;0;34;0;0;2;2;19;B01
201400035518;0;7;0;0;2;3;19;A01
201400035519;0;32;0;0;2;8;0;B01
201400035519;0;7;0;0;2;1;15;A01
201400035520;0;1;0;0;2;8;13;B01
201400035520;0;7;0;0;2;7;17;A01
201400035521;0;7;0;0;2;1;2;A01
201400035521;0;7;0;0;0;4;2;B01
201400035522;0;7;0;0;2;1;1;B01
201400035522;0;3;0;0;2;3;1;A01
201400035523;0;33;0;0;2;8;1;B01
201400035523;0;7;0;0;2;1;6;A01
201400035524;0;7;0;0;1;2;16;A01
201400035525;0;33;0;12;0;8;15;A01
201400035526;1;2;0;0;1;1;0;Z01
201400035527;0;7;0;0;2;6;2;B01
201400035527;0;33;0;0;2;1;9;A01
201400035528;0;31;0;16;0;1;0;A01
201400035529;0;7;0;0;1;2;2;A01
201400035530;0;7;0;0;1;2;1;A01
201400035531;0;31;0;0;1;1;17;A01
201400035532;0;34;0;0;0;8;1;B01
201400035532;0;7;0;0;0;1;15;A01
201400035533;0;34;0;0;2;7;0;B01
201400035533;0;7;0;0;2;3;1;C01
201400035533;0;10;0;0;2;3;15;A01
201400035534;0;2;0;1;0;1;2;A01
201400035535;2;7;0;0;2;2;1;A01
201400035535;1;99;0;0;2;2;0;B01
201400035536;0;2;0;8;0;2;1;A01
201400035537;0;7;0;14;0;1;6;A01
201400035538;0;1;0;0;2;5;19;Y01
201400035538;1;7;0;0;2;1;0;Z01
201400035539;1;7;0;0;1;1;0;Z01
201400035540;0;2;0;0;2;1;1;B01
201400035541;1;7;0;0;1;2;1;Z01
201400035542;0;7;0;0;2;3;1;B01
201400035542;0;7;0;0;2;3;13;Z01
201400035543;0;7;0;0;2;4;2;C01
201400035543;0;14;0;0;2;3;2;A01
201400035543;0;7;0;0;2;5;2;B01
201400035543;0;7;0;0;2;4;2;D01
201400035544;0;7;0;0;2;3;15;B01
201400035544;0;33;0;0;2;1;1;A01
201400035545;0;7;0;0;1;2;15;A01
201400035546;0;32;0;0;0;0;1;A01
201400035547;0;1;0;0;2;1;16;B01
201400035547;0;7;0;0;2;2;1;A01
201400035548;0;7;0;8;2;3;15;A01
201400035548;0;33;0;0;2;1;13;B01
201400035549;0;7;0;14;0;3;1;A01
201400035550;0;7;0;0;2;3;0;A01
201400035550;0;7;0;0;0;6;0;B01
201400035550;0;7;0;0;2;3;0;C01
201400035550;0;7;0;0;2;2;0;D01
201400035551;0;7;0;0;1;2;2;A01
201400035552;0;7;0;0;2;2;15;A01
201400035552;0;2;0;0;2;1;1;B01
201400035553;0;32;0;0;0;0;1;A01
201400035554;0;7;0;2;0;3;6;A01
201400035555;0;10;0;0;1;3;1;A01
201400035556;0;7;0;12;0;0;17;A01
201400035557;1;99;0;0;1;7;15;Z01
201400035558;0;1;0;0;2;8;15;B01
201400035558;0;7;0;0;2;1;17;A01
201400035559;0;7;0;0;0;6;0;A01
201400035559;1;7;0;0;0;0;0;Z01
201400035560;0;7;0;0;1;3;16;A01
201400035561;0;2;0;0;2;1;21;A01
201400035561;0;30;0;0;0;4;23;B01
201400035562;0;31;0;0;0;0;2;A01
201400035563;0;7;0;2;2;8;0;B01
201400035563;0;7;0;0;2;1;15;A01
201400035563;0;7;0;0;2;2;23;C01
201400035564;0;7;0;0;2;7;21;B01
201400035564;0;7;0;2;2;1;13;A01
201400035565;0;7;0;0;1;3;9;A01
201400035566;0;7;0;2;9;0;0;A01
201400035567;0;7;0;0;2;1;13;A01
201400035567;0;7;0;0;2;1;1;B01
201400035568;0;7;0;0;0;1;5;A01
201400035569;0;10;0;0;0;1;5;A01
201400035569;0;7;0;0;2;1;1;B01
201400035570;0;7;0;6;0;1;13;A01
201400035571;0;7;0;0;2;8;1;B01
201400035571;0;7;0;8;2;2;1;A01
201400035572;0;7;0;0;1;3;1;A01
201400035573;0;7;0;0;2;8;1;A01
201400035573;0;7;0;0;2;1;1;B01
201400035574;0;7;0;0;1;1;1;A01
201400035575;0;7;0;0;2;2;17;A01
201400035575;0;2;0;0;2;5;0;B01
201400035576;0;7;0;0;0;4;23;C01
201400035576;0;7;0;0;2;1;2;A01
201400035576;0;7;0;0;0;4;23;B01
201400035577;0;7;0;0;0;6;1;A01
201400035577;0;7;0;0;2;6;1;B01
201400035578;0;7;0;0;2;5;15;A01
201400035578;0;31;0;0;2;1;1;B01
201400035579;0;7;0;0;1;2;1;A01
201400035580;0;7;0;0;2;8;1;A01
201400035580;0;17;0;0;2;3;11;C01
201400035580;0;7;0;0;2;8;2;B01
201400035581;0;7;0;0;1;2;16;A01
201400035582;0;7;0;0;0;6;23;B01
201400035582;0;7;0;7;2;1;6;A01
201400035583;0;7;0;2;0;1;14;A01
201400035584;0;7;0;2;0;3;19;A01
201400035585;0;7;0;2;0;2;11;A01
201400035586;0;7;0;0;1;0;19;A01
201400035587;0;7;0;0;1;1;1;A01
201400035588;0;7;0;0;1;2;1;A01
201400035589;0;7;0;0;2;2;1;A01
201400035589;0;33;0;0;2;6;1;B01
201400035590;0;7;0;0;1;2;1;A01
201400035591;0;7;0;0;1;3;1;A01
201400035592;0;7;0;0;2;1;17;A01
201400035592;0;7;0;0;2;6;15;B01
201400035593;0;7;0;0;1;1;1;A01
201400035594;0;7;0;0;2;3;6;A01
201400035594;0;33;0;0;2;1;1;B01
201400035595;0;1;0;0;2;8;15;A01
201400035595;0;7;0;0;2;2;1;B01
201400035596;0;7;0;2;0;1;1;A01
201400035597;0;33;0;14;2;0;1;A01
201400035597;0;7;0;0;2;3;1;B01
201400035598;0;33;0;0;2;7;1;B01
201400035598;0;7;0;0;2;7;15;A01
201400035599;0;37;1;0;2;2;1;A01
201400035599;0;33;0;0;2;6;9;B01
201400035600;0;7;0;0;2;1;1;A01
201400035600;0;7;0;0;2;4;2;B01
201400035601;0;33;0;0;0;7;1;A01
201400035602;0;7;0;0;2;7;1;B01
201400035602;0;7;0;0;2;1;9;A01
201400035603;0;7;0;0;1;2;1;A01
201400035604;1;30;0;0;1;1;0;A01
201400035605;0;7;0;0;1;2;1;A01
201400035606;0;3;0;0;2;3;1;B01
201400035606;0;7;0;0;2;2;15;A01
201400035607;0;31;0;0;2;1;1;B01
201400035607;1;10;0;0;2;8;1;A01
201400035608;0;7;0;0;2;3;15;A01
201400035608;0;34;0;0;2;1;1;B01
201400035609;0;7;0;0;2;3;2;A01
201400035609;0;1;0;0;2;1;2;B01
201400035610;0;32;0;0;2;1;1;B01
201400035610;0;7;0;0;2;3;9;A01
201400035611;0;10;0;0;1;4;4;A01
201400035612;0;7;0;0;2;5;2;B01
201400035612;0;2;0;0;2;1;2;A01
201400035613;0;33;0;2;0;1;1;A01
201400035614;0;32;0;0;2;1;17;B01
201400035614;0;10;0;0;2;8;15;A01
201400035615;0;10;0;0;1;1;1;A01
201400035616;0;7;0;1;2;0;1;B01
201400035616;0;7;0;1;2;8;10;A01
201400035617;0;33;0;0;1;7;2;A01
201400035618;1;33;0;0;2;1;0;A01
201400035618;0;1;0;0;2;1;0;B01
201400035619;0;7;0;0;2;3;15;A01
201400035619;0;33;0;0;2;1;17;B01
201400035620;0;33;0;0;0;0;1;A01
201400035621;0;7;0;15;0;0;1;A01
201400035621;0;7;0;0;2;1;1;B01
201400035621;0;14;0;0;2;1;1;C01
201400035622;0;31;0;15;0;1;1;A01
201400035623;0;7;0;0;2;7;9;A01
201400035623;0;7;0;0;2;8;1;C01
201400035623;0;7;0;9;2;3;1;B01
201400035624;0;7;0;0;1;2;1;A01
201400035625;0;7;0;0;2;7;15;A01
201400035625;0;31;0;0;2;1;1;B01
201400035626;0;33;0;0;0;8;15;A01
201400035627;0;7;0;0;1;2;1;A01
201400035628;0;7;0;0;2;3;10;A01
201400035628;0;33;0;0;2;1;2;B01
201400035629;0;7;0;0;1;2;15;A01
201400035630;0;30;0;0;2;1;1;B01
201400035630;0;7;0;0;2;3;15;A01
201400035631;1;7;0;0;2;6;10;A01
201400035631;0;33;0;0;2;1;1;B01
201400035632;0;7;0;0;2;1;9;A01
201400035632;0;7;0;0;2;2;1;B01
201400035633;0;7;0;0;1;2;1;A01
201400035634;0;7;0;16;0;9;1;A01
201400035635;0;1;0;0;0;4;2;B01
201400035635;0;7;0;0;2;2;2;A01
201400035636;0;30;0;0;2;1;1;B01
201400035636;0;7;0;0;2;1;15;A01
201400035637;0;7;0;0;1;3;1;A01
201400035638;0;7;0;0;1;2;1;A01
201400035639;0;7;0;0;1;1;2;A01
201400035640;0;7;0;0;2;1;1;B01
201400035640;0;7;0;0;2;1;13;A01
201400035641;0;7;0;0;0;8;1;B01
201400035641;0;33;0;0;0;8;17;A01
201400035642;0;7;0;0;1;7;0;A01
201400035643;0;7;0;9;0;1;2;A01
201400035644;0;7;0;3;0;2;14;A01
201400035645;0;32;0;0;2;0;1;B01
201400035645;0;7;0;0;2;0;0;A01
201400035646;0;7;0;0;2;1;1;B01
201400035646;0;7;0;0;2;2;15;A01
201400035647;1;99;0;0;2;2;0;B01
201400035647;0;33;0;0;0;7;17;A01
201400035648;0;7;0;0;2;2;19;A01
201400035648;0;33;0;0;0;8;1;B01
201400035649;1;7;0;0;1;0;0;Z01
201400035650;0;33;0;0;0;1;17;A01
201400035650;0;7;0;0;0;8;15;B01
201400035651;0;7;0;15;0;9;2;A01
201400035652;0;1;0;0;2;8;2;B01
201400035652;0;31;0;0;9;7;2;A01
201400035653;0;7;0;0;2;8;2;B01
201400035653;0;31;0;0;2;2;17;A01
201400035654;0;7;0;0;2;8;1;B01
201400035654;0;7;0;0;2;2;15;A01
201400035655;2;7;0;1;1;1;0;A01
201400035656;0;7;0;15;0;1;1;A01
201400035657;0;7;0;0;1;1;15;A01
201400035658;0;33;0;15;0;1;1;A01
201400035659;0;7;0;0;2;1;13;A01
201400035659;0;7;0;0;2;1;1;B01
201400035660;0;7;0;0;1;2;1;A01
201400035661;0;7;0;3;2;1;1;B01
201400035661;0;7;0;3;2;1;13;A01
201400035662;0;7;0;0;2;3;1;A01
201400035662;0;1;0;0;2;8;15;B01
201400035663;0;7;0;0;2;8;15;B01
201400035663;0;1;0;14;2;0;13;A01
201400035664;0;7;0;0;1;1;15;A01
201400035665;0;7;0;0;2;1;2;A01
201400035665;0;7;0;0;0;6;1;B01
201400035666;0;7;0;0;2;4;0;A01
201400035666;0;7;0;0;2;1;2;F02
201400035666;0;7;0;0;2;7;0;D01
201400035666;0;7;0;0;2;1;11;E01
201400035666;0;7;0;0;2;1;2;C01
201400035666;0;7;0;0;2;8;0;B01
201400035667;0;7;0;0;1;2;1;A01
201400035668;0;7;0;0;1;2;1;A01
201400035669;0;7;0;1;0;3;2;A01
201400035669;0;7;0;0;2;7;24;B01
201400035670;0;7;0;0;2;8;10;A01
201400035670;0;33;0;0;2;1;17;B01
201400035671;0;7;0;12;1;3;1;A01
201400035672;0;7;0;2;0;7;0;A01
201400035673;0;7;0;0;2;4;2;B01
201400035673;1;7;0;0;2;1;2;A01
201400035674;0;7;0;0;2;7;0;B01
201400035674;0;2;0;0;2;1;0;A01
201400035675;0;14;0;0;2;1;1;A01
201400035675;0;7;0;0;2;4;1;B01
201400035675;0;10;0;0;2;4;1;C01
201400035675;0;7;0;0;2;1;2;D01
201400035676;0;33;0;0;0;0;0;A01
201400035677;0;7;0;0;0;1;13;A01
201400035677;0;7;0;0;0;3;1;B01
201400035677;0;7;0;0;0;8;1;C01
201400035678;0;7;0;0;2;8;2;B01
201400035678;0;7;0;0;2;1;2;A01
201400035679;0;7;0;1;0;6;1;A01
201400035679;0;7;0;0;0;2;9;B01
201400035680;0;7;0;0;1;3;1;A01
201400035681;0;7;0;0;1;3;1;A01
201400035682;0;10;0;0;1;2;1;A01
201400035683;0;7;0;0;2;2;6;A01
201400035683;0;7;0;0;2;3;1;B01
201400035684;0;7;0;0;2;3;9;A01
201400035684;0;33;0;0;2;8;1;B01
201400035685;0;7;0;0;2;4;2;D01
201400035685;0;7;0;0;2;4;1;C01
201400035685;0;7;0;0;2;4;2;B01
201400035685;0;7;0;0;2;1;1;A01
201400035686;0;10;0;0;2;8;2;A01
201400035686;0;7;0;0;2;1;2;B01
201400035687;0;10;0;0;1;1;15;A01
201400035688;0;7;0;0;0;5;15;B01
201400035688;0;31;0;0;2;1;1;A01
201400035689;0;7;0;0;2;7;15;A01
201400035689;0;34;0;0;2;1;21;B01
201400035690;0;10;0;0;1;4;20;A01
201400035691;0;7;0;3;0;5;2;B01
201400035691;0;7;0;3;2;3;2;A01
201400035691;0;7;0;3;2;5;2;C01
201400035692;0;10;0;0;2;1;2;C01
201400035692;0;7;0;0;2;1;5;A01
201400035692;0;10;0;0;2;1;2;B01
201400035693;0;99;0;0;0;1;23;B01
201400035693;0;1;0;0;9;1;5;A01
201400035694;0;7;0;0;2;7;15;B01
201400035694;0;7;0;0;2;1;1;A01
201400035695;0;33;0;0;1;2;0;A01
201400035696;0;7;0;0;2;2;0;A01
201400035696;0;1;0;0;0;4;0;B01
201400035697;0;7;0;0;1;2;1;A01
201400035698;0;7;0;6;2;5;1;A01
201400035698;0;7;0;0;2;1;1;B01
201400035699;0;7;0;0;1;2;0;A01
201400035700;0;33;0;11;2;1;17;A01
201400035701;0;33;0;0;0;7;1;A01
201400035702;0;7;0;0;2;4;23;B01
201400035702;0;7;0;0;2;4;23;C01
201400035702;0;7;0;0;2;1;2;A01
201400035703;0;1;0;0;2;1;0;C01
201400035703;0;7;0;0;9;2;0;A01
201400035704;0;7;0;0;9;1;0;A01
201400035704;0;1;0;0;2;0;19;C01
201400035705;0;7;0;0;2;4;23;B01
201400035705;0;7;0;0;2;1;2;A01
201400035706;0;7;0;0;1;2;1;A01
201400035707;0;7;0;0;1;2;1;A01
201400035708;0;30;0;0;2;3;16;B01
201400035708;0;7;0;0;2;2;16;A01
201400035709;0;7;0;0;2;8;0;A01
201400035709;0;7;0;0;2;1;1;B01
201400035710;0;7;0;9;0;2;15;A01
201400035710;0;7;0;0;2;1;2;B01
201400035711;0;7;0;0;2;1;19;A01
201400035711;0;7;0;0;0;8;15;B01
201400035712;0;37;0;0;1;1;19;A01
201400035713;0;7;0;0;9;3;0;A01
201400035713;0;1;0;0;2;0;19;C01
201400035714;0;7;0;0;2;6;16;B01
201400035714;0;1;0;0;2;6;19;A01
201400035715;0;7;0;0;1;2;15;A01
201400035716;0;10;0;0;2;3;19;A01
201400035716;0;37;2;0;2;5;0;B01
201400035717;0;7;0;0;2;1;2;A01
201400035717;0;7;0;0;2;4;2;B01
201400035718;0;7;0;0;2;8;0;B01
201400035718;0;7;0;0;2;1;19;A01
201400035719;0;7;0;0;0;5;1;B01
201400035719;0;7;0;0;2;3;9;A01
201400035720;0;13;0;0;1;2;1;A01
201400035721;0;7;0;0;1;1;0;A01
201400035722;1;7;0;0;2;1;19;A01
201400035722;0;7;0;0;2;7;19;B01
201400035723;0;7;0;0;2;2;0;B01
201400035723;0;3;0;0;2;1;19;A01
201400035724;0;7;0;0;2;1;0;B01
201400035724;0;7;0;0;2;4;23;A01
201400035725;0;7;0;0;0;3;0;A01
201400035725;0;7;0;0;0;3;0;B01
201400035726;0;7;0;0;0;8;10;B01
201400035726;0;7;0;0;2;2;1;A01
201400035727;0;7;0;0;1;3;2;A01
201400035728;0;7;0;1;1;4;20;A01
201400035729;0;7;0;0;2;3;13;A01
201400035729;0;7;0;1;2;3;1;B01
201400035730;0;7;0;2;0;5;2;A01
201400035730;0;7;0;2;0;1;2;B01
201400035731;0;33;0;0;2;1;17;A01
201400035731;0;7;0;0;2;3;1;B01
201400035732;0;7;0;0;1;1;1;A01
201400035733;0;33;0;0;2;1;3;B01
201400035733;0;7;0;0;0;7;1;C01
201400035734;0;7;0;0;1;1;1;A01
201400035735;0;7;0;0;2;2;1;B01
201400035735;0;7;0;0;2;1;1;A01
201400035736;0;7;0;0;2;1;2;A01
201400035736;0;7;0;0;2;4;2;B01