num_acc;senc;catv;occutc;obs;obsm;choc;manv;num_veh
201400035737;0;7;0;0;1;1;15;A01
201400035738;0;7;0;0;2;1;1;A01
201400035738;0;7;0;0;2;8;1;B01
201400035739;0;7;0;0;1;1;15;A01
201400035740;0;7;0;0;0;1;1;A01
201400035740;0;7;0;0;2;8;1;B01
201400035741;0;7;0;2;0;1;1;A01
201400035742;0;7;0;0;1;1;17;A01
201400035743;0;7;0;1;0;0;1;A01
201400035744;0;7;0;0;1;1;1;A01
201400035745;0;7;0;0;2;6;11;A01
201400035745;0;33;0;0;2;7;1;B01
201400035746;0;1;0;0;2;4;1;B01
201400035746;0;7;0;0;2;1;1;A01
201400035747;0;33;0;0;6;7;1;A01
201400035748;1;7;0;0;1;1;1;Z01
201400035749;0;7;0;0;2;4;2;B01
201400035749;0;7;0;0;2;1;2;A01
201400035750;0;7;0;0;1;1;1;A01
201400035751;0;7;0;0;2;4;1;A01
201400035751;1;99;0;0;2;2;0;Z01
201400035752;0;7;0;0;0;4;1;B01
201400035752;0;33;0;0;2;1;1;A01
201400035753;0;33;0;0;2;3;1;B01
201400035753;0;7;0;0;2;2;16;A01
201400035754;0;7;0;0;1;7;1;A01
201400035755;0;7;0;0;1;1;19;A01
201400035756;0;10;0;0;0;7;19;A01
201400035756;0;10;0;0;0;8;23;C01
201400035756;0;7;0;0;0;1;19;B01
201400035757;0;7;0;0;9;1;1;A01
201400035757;0;1;0;0;2;8;19;B01
201400035758;0;7;0;0;2;2;1;B01
201400035758;0;13;0;0;2;6;11;A01
201400035759;0;15;0;0;2;2;12;B01
201400035759;0;7;0;0;2;8;1;C01
201400035759;0;7;0;0;2;8;1;A01
201400035760;0;2;0;0;2;7;1;A01
201400035760;0;7;0;0;2;7;1;B01
201400035761;0;7;0;0;2;2;15;A01
201400035761;0;33;0;0;2;1;1;B01
201400035762;0;7;0;0;2;6;15;B01
201400035762;0;33;0;0;2;1;17;A01
201400035763;0;7;0;0;1;1;16;A01
201400035764;0;7;0;0;2;3;15;B01
201400035764;0;10;0;0;2;1;1;A01
201400035765;0;7;0;0;2;1;2;A01
201400035765;0;7;0;0;2;4;2;B01
201400035766;0;38;7;0;2;3;1;B01
201400035766;0;7;0;0;2;7;13;A01
201400035767;0;1;0;0;0;8;1;B01
201400035767;0;7;0;8;2;1;1;A01
201400035768;0;30;0;12;2;1;2;B01
201400035768;0;7;0;0;2;5;4;A01
201400035769;0;33;0;1;0;1;2;A01
201400035769;0;10;0;0;0;6;1;B01
201400035770;0;7;0;0;2;3;15;B01
201400035770;0;33;0;0;2;8;0;A01
201400035771;0;7;0;0;1;2;2;A01
201400035772;0;7;0;0;2;3;15;B01
201400035772;0;7;0;0;2;2;17;A01
201400035773;0;10;0;0;0;3;9;A01
201400035773;0;7;0;0;2;2;1;B01
201400035774;1;31;0;0;2;1;17;A01
201400035774;0;7;0;0;2;3;15;B01
201400035775;0;7;0;0;1;1;15;A01
201400035776;0;10;0;9;0;6;4;A01
201400035776;0;31;0;9;2;1;1;B01
201400035777;0;7;0;0;2;2;6;B01
201400035777;0;33;0;0;2;1;3;A01
201400035778;0;33;0;0;0;7;0;B01
201400035778;0;7;0;0;0;1;0;A01
201400035779;0;33;0;0;1;3;2;A01
201400035780;0;7;0;0;1;3;1;A01
201400035781;0;7;0;0;2;2;0;A01
201400035781;0;33;0;0;2;3;2;B01
201400035782;0;7;0;0;1;3;15;A01
201400035783;0;10;0;0;2;7;5;A01
201400035783;0;7;0;0;2;1;1;B01
201400035784;0;7;0;0;1;2;0;A01
201400035785;0;7;0;0;2;1;0;C01
201400035785;0;33;0;0;2;1;17;A01
201400035785;0;7;0;0;2;6;13;B01
201400035786;0;33;0;12;0;0;2;A01
201400035787;0;7;0;0;9;3;15;A01
201400035787;0;1;0;0;2;7;17;B01
201400035788;0;7;0;14;0;0;0;A01
201400035789;0;7;0;0;5;6;2;A01
201400035789;0;1;0;0;2;1;2;B01
201400035790;0;10;0;0;2;3;15;B01
201400035790;0;33;0;0;2;1;17;A01
201400035791;0;7;0;0;2;8;17;A01
201400035791;0;2;0;0;2;0;1;B01
201400035792;0;15;0;0;0;5;15;B01
201400035792;0;33;0;0;2;1;0;A01
201400035793;0;7;0;0;1;1;15;A01
201400035794;0;7;0;0;1;3;1;A01
201400035795;0;7;0;0;1;7;1;A01
201400035796;0;7;0;0;1;1;0;A01
201400035797;0;7;0;0;0;6;15;A01
201400035797;0;33;0;0;2;1;17;B01
201400035798;0;2;0;1;0;1;1;A01
201400035799;0;7;0;0;2;1;1;B01
201400035799;1;2;0;0;2;8;19;A01
201400035800;0;7;0;0;1;1;1;A01
201400035801;0;7;0;0;2;7;0;A01
201400035801;0;7;0;0;2;1;0;B01
201400035802;0;2;0;0;1;1;1;A01
201400035803;0;7;0;0;2;3;15;B01
201400035803;0;33;0;0;2;1;17;A01
201400035804;0;2;0;1;0;1;13;A01
201400035805;0;10;0;0;1;4;4;A01
201400035806;0;33;0;0;2;1;1;B01
201400035806;0;7;0;0;0;7;15;A01
201400035807;2;2;0;0;1;1;1;A01
201400035808;0;7;0;6;0;1;1;A01
201400035809;0;2;0;0;0;3;9;A01
201400035809;0;7;0;0;2;1;1;B01
201400035810;0;33;0;0;0;0;0;A01
201400035811;0;7;0;0;0;7;10;A01
201400035811;0;33;0;0;2;1;1;B01
201400035812;0;7;0;0;2;6;15;A01
201400035812;0;33;0;0;2;1;17;B01
201400035813;0;33;0;0;2;1;1;B01
201400035813;0;7;0;0;2;3;17;A01
201400035814;1;7;0;0;9;7;1;A01
201400035814;0;1;0;0;2;1;0;B01
201400035815;0;7;0;0;1;3;1;A01
201400035816;0;10;0;0;2;1;13;A01
201400035816;0;7;0;0;2;1;1;B01
201400035817;0;7;0;15;0;7;1;A01
201400035818;0;7;0;0;1;7;1;A01
201400035819;0;7;0;0;1;2;1;A01
201400035820;0;7;0;6;0;1;1;A01
201400035821;0;1;0;0;2;1;0;B01
201400035821;0;7;0;0;2;3;15;A01
201400035822;0;2;0;0;2;0;17;B01
201400035822;0;7;0;0;2;1;1;A01
201400035823;0;7;0;0;1;8;1;A01
201400035824;0;34;0;0;1;1;0;A01
201400035825;0;1;0;0;0;8;0;B01
201400035825;0;7;0;0;2;7;17;A01
201400035826;0;7;0;0;0;0;0;A01
201400035827;0;10;0;0;1;2;1;A01
201400035828;0;7;0;0;2;1;2;A01
201400035828;0;7;0;16;0;8;15;B01
201400035829;0;7;0;0;2;3;15;B01
201400035829;0;33;0;0;2;5;1;A01
201400035830;0;7;0;0;2;1;0;A01
201400035830;0;7;0;0;2;1;14;B01
201400035831;0;7;0;0;0;4;1;B01
201400035831;0;7;0;0;2;1;1;A01
201400035832;0;7;0;0;2;3;15;A01
201400035832;0;1;0;0;2;1;1;B01
201400035833;0;3;0;13;0;1;0;A01
201400035834;1;99;0;0;2;1;2;A01
201400035834;0;2;0;0;2;8;2;B01
201400035835;2;7;0;0;1;3;16;A01
201400035836;0;7;0;0;1;3;15;A01
201400035837;0;30;0;0;1;1;0;A01
201400035838;0;7;0;6;0;1;13;A01
201400035839;0;7;0;2;0;1;0;A01
201400035840;0;7;0;0;1;3;1;A01
201400035841;0;31;0;0;2;1;0;B01
201400035841;0;7;0;0;0;3;10;A01
201400035842;0;7;0;0;2;3;1;B01
201400035842;0;37;1;0;2;3;15;A01
201400035843;0;7;0;0;1;2;2;A01
201400035844;0;7;0;0;0;0;0;A01
201400035844;0;7;0;0;0;0;0;B01
201400035845;0;3;0;0;0;1;0;A01
201400035846;0;30;0;0;2;8;9;A01
201400035846;0;15;0;0;2;5;1;B01
201400035847;0;7;0;0;2;1;0;B01
201400035847;0;7;0;0;0;5;0;A01
201400035848;0;37;6;0;1;1;1;A01
201400035849;0;33;0;0;1;1;1;A01
201400035850;0;7;0;0;0;4;2;C01
201400035850;0;7;0;0;2;1;2;A01
201400035850;0;7;0;0;2;4;2;B01
201400035851;0;7;0;0;2;1;0;B01
201400035851;0;7;0;0;2;1;5;A01
201400035852;0;7;0;1;1;4;4;A01
201400035853;0;7;0;0;2;3;10;B01
201400035853;0;2;0;0;2;1;17;A01
201400035854;0;32;0;0;2;1;1;A01
201400035854;0;99;0;0;2;4;1;B01
201400035855;0;7;0;9;0;2;1;A01
201400035856;0;7;0;0;2;4;2;B01
201400035856;0;14;0;0;2;1;2;A01
201400035856;0;7;0;0;2;4;2;C01
201400035857;0;7;0;0;0;3;1;A01
201400035857;0;7;0;0;0;1;20;B01
201400035858;0;7;0;0;2;3;11;A01
201400035858;0;7;0;0;2;2;1;B01
201400035859;0;15;0;0;2;3;1;A01
201400035859;0;33;0;0;0;6;3;B01
201400035860;0;30;0;0;0;1;0;A01
201400035860;0;7;0;0;0;0;0;B01
201400035861;0;7;0;0;1;2;0;A01
201400035862;0;7;0;0;2;6;2;B01
201400035862;0;7;0;8;2;1;17;A01
201400035863;0;7;0;0;0;1;5;A01
201400035863;0;7;0;0;0;1;1;B01
201400035864;0;7;0;0;2;8;4;A01
201400035864;0;33;0;0;2;1;1;B01
201400035865;0;7;0;0;0;4;2;B01
201400035865;0;2;0;0;0;1;2;A01
201400035866;0;7;0;0;2;8;1;B01
201400035866;0;36;0;0;2;2;1;A01
201400035867;1;99;0;0;1;0;0;A01
201400035868;0;7;0;8;0;1;0;A01
201400035869;0;32;0;0;0;4;0;C01
201400035869;0;33;0;0;0;4;0;B01
201400035869;1;7;0;0;2;1;0;A01
201400035870;0;7;0;0;1;1;2;A01
201400035871;0;7;0;0;1;1;2;A01
201400035871;0;7;0;0;2;2;2;B01
201400035872;0;7;0;0;1;1;0;A01
201400035873;0;10;0;0;2;3;9;A01
201400035873;0;7;0;0;2;7;2;B01
201400035874;0;7;0;1;2;1;2;A01
201400035875;0;7;0;6;0;1;0;A01
201400035876;0;7;0;0;1;2;1;A01
201400035877;0;1;0;0;2;1;1;B01
201400035877;0;7;0;0;0;1;15;A01
201400035878;0;7;0;0;1;3;1;A01
201400035879;0;7;0;0;0;4;0;A01
201400035879;0;7;0;0;0;4;0;B01
201400035880;0;7;0;0;0;1;0;A01
201400035880;0;10;0;0;0;5;15;B01
201400035881;0;7;0;0;1;1;0;A01
201400035882;0;7;0;0;0;3;1;B01
201400035882;0;7;0;0;0;3;1;A01
201400035883;0;7;0;14;0;1;0;A01
201400035884;0;7;0;0;2;3;9;A01
201400035884;0;33;0;0;2;1;1;B01
201400035885;0;33;0;0;2;1;1;A01
201400035885;0;13;0;0;2;3;1;B01
201400035886;0;10;0;0;2;7;15;A01
201400035886;0;34;0;0;2;1;1;B01
201400035887;0;2;0;0;0;4;2;B01
201400035887;0;7;0;0;0;1;9;A01
201400035888;0;7;0;0;0;4;2;B01
201400035888;0;7;0;0;0;1;2;A01
201400035889;0;30;0;0;0;0;0;A01
201400035890;0;7;0;0;1;3;1;A01
201400035891;0;33;0;0;2;8;0;A01
201400035891;0;7;0;0;2;8;0;B01
201400035892;0;7;0;0;2;2;1;A01
201400035892;0;7;0;0;2;3;1;B01
201400035892;0;7;0;0;2;1;1;C01
201400035893;0;7;0;0;1;1;15;A01
201400035894;0;7;0;0;2;4;2;A01
201400035894;0;33;0;0;2;4;2;B01
201400035895;0;2;0;0;0;8;2;A01
201400035896;0;7;0;0;1;7;17;A01
201400035897;0;33;0;0;0;0;0;A01
201400035898;0;1;0;0;2;1;5;A01
201400035898;0;7;0;0;2;1;2;B01
201400035899;0;7;0;0;2;1;1;A01
201400035899;0;7;0;0;2;1;1;B01
201400035900;0;7;0;0;1;2;2;A01
201400035901;0;33;0;0;2;7;0;C01
201400035901;0;7;0;0;2;1;2;B01
201400035901;0;7;0;0;2;1;14;A01
201400035902;0;7;0;0;2;3;1;A01
201400035902;0;7;0;0;2;6;11;B01
201400035902;0;7;0;0;0;0;0;C01
201400035903;0;7;0;0;2;2;1;B01
201400035903;0;7;0;0;2;3;13;A01
201400035904;0;32;0;0;9;1;2;A01
201400035904;0;34;0;0;0;4;2;B01
201400035905;0;1;0;0;0;4;3;B01
201400035905;0;7;0;0;9;1;9;A01
201400035906;0;7;0;0;1;1;16;A01
201400035907;0;7;0;0;1;8;0;A01
201400035908;0;7;0;0;1;1;0;A01
201400035909;0;7;0;0;1;2;1;A01
201400035910;1;7;0;0;0;4;9;A01
201400035910;0;7;0;0;2;1;2;B01
201400035911;0;7;0;0;2;4;2;B01
201400035911;0;7;0;0;2;1;2;A01
201400035912;0;33;0;14;0;1;1;A01
201400035913;0;7;0;0;1;1;15;A01
201400035914;0;7;0;0;2;1;2;A01
201400035914;0;1;0;0;0;4;2;B01
201400035915;0;7;0;0;0;9;2;A01
201400035916;0;10;0;0;2;2;15;A01
201400035916;0;33;0;0;2;1;21;B01
201400035917;2;7;0;0;0;9;1;A01
201400035918;0;7;0;0;2;3;13;A01
201400035918;0;33;0;0;2;1;1;B01
201400035919;0;7;0;0;2;1;13;A01
201400035919;0;37;6;0;2;1;1;B01
201400035920;0;7;0;0;0;2;17;B01
201400035920;0;7;0;0;2;8;17;A01
201400035921;0;7;0;1;0;0;0;A01
201400035922;0;7;0;0;1;1;1;A01
201400035923;0;7;0;0;2;3;15;A01
201400035923;0;32;0;0;2;1;1;B01
201400035924;0;7;0;0;2;4;15;A01
201400035924;0;2;0;0;2;1;2;B01
201400035925;0;7;0;2;0;1;0;A01
201400035926;0;33;0;0;2;9;1;B01
201400035926;0;7;0;0;2;3;13;A01
201400035927;0;7;0;0;1;1;2;A01
201400035928;0;7;0;0;0;4;2;C01
201400035928;0;7;0;0;2;4;2;B01
201400035928;0;7;0;0;2;1;2;A01
201400035929;0;7;0;0;2;1;2;A01
201400035929;0;7;0;0;0;4;2;B01
201400035930;0;37;1;0;0;1;5;B01
201400035930;0;7;0;0;0;1;5;A01
201400035931;1;7;0;0;2;1;17;A01
201400035931;0;30;0;0;2;4;15;B01
201400035932;0;38;1;0;2;3;2;B01
201400035932;0;37;1;15;2;1;1;A01
201400035933;0;1;0;0;2;8;1;B01
201400035933;0;7;0;0;2;1;19;A01
201400035934;0;7;0;0;1;1;0;A01
201400035935;0;7;0;0;1;1;1;A01
201400035936;0;7;0;0;2;2;19;A01
201400035936;0;2;0;0;2;2;1;B01
201400035937;0;7;0;0;1;1;15;A01
201400035938;0;7;0;0;1;2;2;A01
201400035939;0;7;0;0;2;7;0;A01
201400035939;0;7;0;0;2;1;0;B01
201400035939;0;7;0;0;2;1;1;C01
201400035940;0;7;0;0;0;0;0;A01
201400035941;0;32;0;0;2;1;1;B01
201400035941;0;7;0;0;2;8;15;A01
201400035942;0;33;0;0;2;1;13;A01
201400035942;0;7;0;0;2;1;1;B01
201400035943;0;2;0;0;2;4;9;A01
201400035943;0;7;0;0;2;1;2;B01
201400035944;0;7;0;0;2;1;1;B01
201400035944;2;7;0;0;2;1;9;A01
201400035945;0;33;0;14;0;1;1;A01
201400035946;1;99;0;0;1;2;0;A01
201400035947;0;7;0;0;0;8;13;A01
201400035948;1;7;0;0;2;1;2;A01
201400035948;0;7;0;0;0;5;2;B01
201400035949;1;1;0;0;0;1;1;A01
201400035950;0;7;0;0;2;5;2;B01
201400035950;2;7;0;0;2;1;1;A01
201400035951;0;99;0;0;0;0;5;C01
201400035951;0;7;0;0;2;4;2;B01
201400035951;0;7;0;0;2;1;2;A01
201400035952;0;7;0;0;2;1;2;B01
201400035952;0;7;0;0;2;1;1;A01
201400035953;0;7;0;0;1;4;4;A01
201400035954;0;1;0;0;0;0;0;A01
201400035955;0;2;0;0;2;1;2;A01
201400035955;0;7;0;0;2;4;2;B01
201400035956;1;33;0;15;0;1;1;A01
201400035957;0;15;0;0;2;8;1;A01
201400035957;0;37;25;0;2;1;2;B01
201400035958;0;7;0;0;1;7;1;A01
201400035959;0;34;0;12;0;8;9;A01
201400035960;0;34;0;0;2;1;1;B01
201400035960;0;7;0;0;2;2;15;A01
201400035961;0;7;0;0;0;4;2;C01
201400035961;0;7;0;0;2;3;2;A01
201400035961;0;7;0;0;2;4;2;B01
201400035962;0;7;0;0;0;4;2;B01
201400035962;0;7;0;0;2;1;2;A01
201400035963;2;30;0;0;1;0;19;A01
201400035964;0;7;0;0;2;1;9;B01
201400035964;0;7;0;0;2;5;2;A01
201400035965;0;33;0;12;0;1;1;A01
201400035966;0;7;0;0;2;1;15;A01
201400035966;0;7;0;0;2;1;2;B01
201400035967;0;2;0;0;2;1;1;B01
201400035967;0;7;0;0;2;3;1;A01
201400035968;0;33;0;0;2;1;1;B01
201400035968;0;7;0;0;2;3;0;C01
201400035968;0;7;0;0;2;2;15;A01
201400035969;0;7;0;0;1;2;17;A01
201400035970;0;7;0;0;0;1;0;A01
201400035971;0;30;0;0;0;3;16;A01
201400035972;0;31;0;0;2;1;1;B01
201400035972;0;7;0;0;2;3;1;A01
201400035973;1;7;0;0;0;0;12;A01
201400035973;0;33;0;0;0;8;1;B01
201400035974;0;7;0;0;1;1;2;A01
201400035975;0;7;0;2;0;1;2;A01
201400035976;0;10;0;0;1;2;0;A01
201400035977;0;7;0;6;0;1;1;A01
201400035978;0;7;0;0;1;1;1;A01
201400035979;0;7;0;4;0;1;2;A01
201400035980;0;7;0;0;2;2;10;B01
201400035980;0;33;0;0;2;8;1;A01
201400035981;0;7;0;10;0;1;17;A01
201400035982;0;7;0;0;2;3;13;A01
201400035982;0;7;0;0;2;2;1;B01
201400035983;0;7;0;0;0;2;1;A01
201400035983;0;1;0;0;2;8;9;B01
201400035984;0;10;0;0;2;2;1;B01
201400035984;0;10;0;0;0;3;19;A01
201400035985;0;17;0;0;0;7;15;A01
201400035986;0;1;0;0;9;1;17;A01
201400035986;0;1;0;0;9;4;0;B01
201400035987;0;7;0;0;2;2;17;A01
201400035987;0;33;0;0;2;1;1;B01
201400035988;0;7;0;0;1;2;16;A01
201400035989;0;33;0;0;2;1;1;B01
201400035989;0;7;0;0;2;8;15;A01
201400035990;0;7;0;0;2;3;0;B01
201400035990;0;15;0;0;2;8;0;A01
201400035991;0;7;0;0;1;2;1;A01
201400035992;0;7;0;0;1;1;2;A01
201400035993;0;7;0;0;1;3;0;A01
201400035994;0;7;0;0;1;3;1;A01
201400035995;0;7;0;0;1;1;16;A01
201400035996;0;33;0;0;2;1;1;B01
201400035996;0;10;0;0;2;3;11;A01
201400035997;0;7;0;0;1;1;9;A01
201400035998;0;7;0;0;1;3;1;A01
201400035999;0;7;0;0;2;3;1;A01
201400035999;0;2;0;0;2;3;1;B01
201400036000;0;31;0;0;1;1;1;A01
201400036001;0;7;0;0;1;3;0;A01
201400036002;0;7;0;0;1;3;15;A01
201400036003;0;38;1;0;2;2;1;B01
201400036003;0;2;0;0;0;7;1;A01
201400036004;0;7;0;0;2;1;2;B01
201400036004;0;7;0;0;2;7;2;A01
201400036005;0;30;0;1;2;8;16;B01
201400036005;0;7;0;1;2;2;16;A01
201400036006;0;7;0;0;1;1;0;A01
201400036007;0;7;0;0;1;1;1;A01
201400036008;0;7;0;1;0;9;2;A01
201400036009;0;7;0;1;1;1;2;A01
201400036010;0;7;0;0;1;2;2;A01
201400036011;0;7;0;0;1;2;1;A01
201400036012;0;13;0;0;1;4;4;A01
201400036013;0;15;0;0;9;1;2;A01
201400036013;0;1;0;0;2;4;2;B01
201400036014;0;33;0;0;2;1;2;B01
201400036014;0;7;0;0;2;2;11;A01
201400036015;0;7;0;0;1;1;1;A01
201400036016;0;7;0;0;2;6;10;A01
201400036016;0;2;0;0;2;1;2;B01
201400036017;0;7;0;0;2;1;12;A01
201400036017;0;7;0;8;2;9;13;B01
201400036018;0;7;0;0;2;3;13;A01
201400036018;0;7;0;0;2;3;1;B01
201400036019;0;7;0;0;2;3;0;D01
201400036019;0;7;0;0;2;6;0;B01
201400036019;0;7;0;0;2;1;0;C01
201400036019;0;7;0;1;1;2;11;A01
201400036020;0;7;0;7;1;2;16;A01
201400036021;0;7;0;0;1;7;2;A01
201400036022;0;7;0;0;1;3;0;A01
201400036023;0;7;0;0;2;4;2;B01
201400036023;0;7;0;0;2;4;23;A01
201400036024;0;7;0;14;0;1;2;A01
201400036024;0;7;0;0;0;4;23;B01
201400036025;0;2;0;0;2;1;18;A01
201400036025;0;7;0;0;2;2;22;B01
201400036026;0;7;0;0;1;0;22;A01
201400036027;0;7;0;0;2;1;16;A01
201400036027;0;7;0;0;2;2;1;B01
201400036028;0;7;0;0;2;3;1;B01
201400036028;0;7;0;0;2;0;13;A01
201400036029;0;3;0;0;1;1;15;A01
201400036030;0;10;0;0;1;2;1;A01
201400036031;1;31;0;0;1;1;1;Z01
201400036032;0;7;0;0;2;8;15;A01
201400036032;0;2;0;0;2;1;20;B01
201400036033;0;7;0;0;2;7;0;B01
201400036033;1;99;0;0;2;2;0;A01
201400036034;0;7;0;6;0;3;1;A01
201400036035;0;7;0;0;2;1;0;A01
201400036035;0;7;0;0;2;3;1;B01
201400036036;0;7;0;0;2;1;15;B01
201400036036;0;30;0;0;2;1;17;A01
201400036037;0;7;0;0;1;3;15;A01
201400036038;0;10;0;0;1;1;1;A01
201400036039;0;7;0;0;2;8;9;A01
201400036039;0;31;0;0;2;8;1;B01
201400036040;0;7;0;0;2;7;15;B01
201400036040;0;7;0;0;2;2;1;A01
201400036041;0;33;0;0;2;1;13;A01
201400036041;0;7;0;0;2;1;1;B01
201400036042;0;7;0;0;1;1;15;A01
201400036043;0;33;0;0;1;1;1;A01
201400036044;0;10;0;0;1;2;0;A01
201400036045;0;7;0;0;1;2;2;A01
201400036046;0;7;0;14;0;1;1;A01
201400036047;0;1;0;0;2;8;13;B01
201400036047;0;7;0;0;2;7;2;A01
201400036048;0;33;0;0;2;5;3;A01
201400036048;0;7;0;0;2;5;1;B01
201400036049;0;33;0;0;2;5;12;A01
201400036049;0;7;0;0;2;5;1;B01
201400036050;0;7;0;15;1;1;1;A01
201400036051;0;7;0;0;2;1;2;A01
201400036051;0;7;0;0;2;4;2;B01
201400036051;0;7;0;0;2;4;2;C01
201400036052;0;7;0;7;0;1;0;A01
201400036053;0;33;0;0;2;1;1;A01
201400036053;0;7;0;0;2;8;1;B01
201400036054;0;33;0;0;2;1;3;A01
201400036054;0;7;0;0;2;4;2;B01
201400036054;0;7;0;0;2;8;2;C01
201400036055;0;10;0;0;2;2;9;A01
201400036055;0;14;0;0;2;6;9;B01
201400036056;0;7;0;0;1;2;1;A01
201400036057;0;7;0;0;2;4;2;B01
201400036057;0;33;0;0;2;4;2;A01
201400036058;0;33;0;0;2;4;3;A01
201400036058;0;7;0;0;2;4;1;B01
201400036059;0;33;0;12;0;1;1;A01
201400036060;0;33;0;12;0;1;1;A01
201400036061;0;7;0;0;1;1;1;A01
201400036062;0;33;0;0;2;1;1;A01
201400036062;0;7;0;0;2;6;16;B01
201400036063;0;14;0;0;2;1;2;A01
201400036063;0;15;0;0;2;4;2;B01
201400036064;0;7;0;0;2;5;0;A01
201400036064;0;33;0;0;2;1;0;B01
201400036065;0;33;0;0;2;1;1;B01
201400036065;0;7;0;0;2;7;15;A01
201400036066;0;7;0;0;2;6;15;A01
201400036066;0;2;0;0;2;1;2;B01
201400036067;0;7;0;0;1;1;1;A01
201400036068;0;7;0;0;1;1;1;A01
201400036069;0;7;0;0;2;2;1;A01
201400036069;0;7;0;0;2;3;20;B01
201400036070;0;7;0;0;2;7;1;B01
201400036070;0;1;0;0;2;2;5;A01
201400036071;0;33;0;0;2;8;2;B01
201400036071;0;7;0;0;9;5;1;A01
201400036072;0;7;0;0;1;2;16;A01
201400036073;0;7;0;0;1;2;19;A01
201400036074;0;33;0;0;2;2;17;A01
201400036074;0;7;0;0;2;3;15;B01
201400036075;0;7;0;0;1;5;16;A01
201400036076;0;37;1;1;2;3;1;B01
201400036076;0;7;0;0;2;1;15;A01
201400036077;0;7;0;0;1;2;16;A01
201400036078;0;1;0;0;2;8;1;B01
201400036078;0;7;0;0;9;2;17;A01
201400036079;0;32;0;0;2;1;1;A01
201400036079;0;7;0;0;2;7;1;B01
201400036080;0;7;0;0;1;2;1;A01
201400036081;0;7;0;15;0;1;1;A01
201400036082;0;33;0;8;2;7;1;A01
201400036082;0;7;0;4;2;3;9;Z01
201400036083;0;7;0;0;2;1;1;A01
201400036083;0;7;0;0;2;4;23;D01
201400036083;0;7;0;0;2;4;23;E01
201400036083;0;7;0;0;2;4;23;B01
201400036083;0;7;0;0;2;4;23;C01
201400036084;0;7;0;0;2;7;15;A01
201400036084;0;7;0;0;2;1;1;B01
201400036085;0;31;0;0;2;5;3;B01
201400036085;0;7;0;0;2;2;9;A01
201400036086;0;33;0;0;2;1;0;A01
201400036086;0;7;0;0;2;1;11;B01
201400036087;0;37;0;0;1;2;7;A01
201400036088;0;7;0;0;1;4;2;B01
201400036088;0;7;0;0;2;1;2;A01
201400036089;0;7;0;8;2;2;1;A01
201400036089;0;7;0;0;2;1;1;B01
201400036090;0;30;0;0;2;1;9;A01
201400036090;0;1;0;0;0;1;19;B01
201400036091;0;10;0;0;1;1;1;A01
201400036092;0;33;0;0;2;1;1;B01
201400036092;0;7;0;0;2;2;10;A01
201400036093;0;33;0;1;0;1;1;B01
201400036093;0;7;0;0;2;3;1;A01
201400036094;0;7;0;0;1;3;0;A01
201400036095;0;7;0;0;1;1;15;A01
201400036096;0;7;0;0;1;1;15;A01
201400036097;0;1;0;0;2;7;17;B01
201400036097;0;7;0;0;2;3;15;A01
201400036098;0;30;0;0;1;1;0;A01
201400036099;0;7;0;0;1;3;15;A01
201400036100;0;7;0;0;2;3;9;A01
201400036100;0;33;0;0;2;1;1;B01
201400036101;0;7;0;0;2;4;2;B01
201400036101;0;7;0;0;2;1;2;C01
201400036101;0;7;0;0;2;2;9;A01
201400036102;0;7;0;0;1;1;0;A01
201400036103;0;7;0;0;1;3;10;A01
201400036104;0;2;0;0;2;6;15;B01
201400036104;0;7;0;0;2;1;1;A01
201400036105;0;7;0;0;2;5;12;A01
201400036105;0;1;0;0;2;1;1;B01
201400036106;0;7;0;0;2;5;1;B01
201400036106;0;1;0;0;2;1;1;A01
201400036107;0;2;0;0;2;1;3;B01
201400036107;0;10;0;0;2;7;22;A01
201400036107;0;7;0;0;2;6;1;C01
201400036108;0;7;0;0;2;2;9;A01
201400036108;0;33;0;0;2;1;2;B01
201400036109;0;7;0;0;2;1;9;A01
201400036109;0;30;0;0;2;3;1;B01
201400036110;0;7;0;1;1;1;0;A01
201400036111;0;1;0;0;2;1;1;B01
201400036111;0;7;0;0;2;2;15;A01
201400036112;0;33;0;0;2;1;21;A01
201400036112;0;7;0;0;2;6;11;B01
201400036113;0;33;0;0;1;1;0;A01
201400036114;0;10;0;0;1;1;1;A01
201400036115;0;33;0;0;2;1;2;A01
201400036115;0;7;0;0;2;4;9;B01
201400036116;1;30;0;0;1;1;1;Z01
201400036117;0;30;0;0;2;1;1;A01
201400036117;0;7;0;0;2;3;1;B01
201400036117;0;7;0;0;2;1;1;C01
201400036118;0;7;0;0;2;0;24;A01
201400036118;0;1;0;1;0;0;21;B01
201400036119;0;7;0;0;2;7;15;A01
201400036119;0;31;0;0;2;2;1;B01
201400036120;0;7;0;0;2;1;15;A01
201400036120;0;31;0;0;2;1;1;B01
201400036121;0;7;0;0;1;1;0;A01
201400036122;0;34;0;14;0;1;0;A01
201400036123;0;37;1;0;9;8;11;A01
201400036123;0;1;0;0;2;2;13;B01
201400036124;0;33;0;0;0;8;2;B01
201400036124;0;7;0;0;0;2;2;A01
201400036125;0;2;0;0;0;2;0;A01
201400036125;0;7;0;0;0;3;0;B01
201400036126;0;7;0;0;9;7;9;A01
201400036126;0;30;0;0;0;1;21;B01
201400036127;1;7;0;0;0;5;12;Z01
201400036127;0;1;0;0;0;3;1;B01
201400036128;0;33;0;0;1;1;2;A01