num_acc;senc;catv;occutc;obs;obsm;choc;manv;num_veh
201400036129;0;7;0;1;0;3;2;A01
201400036130;0;7;0;1;9;1;0;A01
201400036130;0;1;0;1;2;1;0;B01
201400036131;0;10;0;0;1;2;16;A01
201400036132;0;2;0;0;2;8;0;B01
201400036132;0;7;0;0;2;5;17;A01
201400036133;0;7;0;0;1;3;0;A01
201400036134;0;7;0;0;1;1;9;A01
201400036135;0;37;6;1;1;8;2;A01
201400036136;0;7;0;0;2;1;0;A01
201400036136;0;7;0;0;2;8;0;B01
201400036137;0;30;0;0;2;1;1;A01
201400036137;0;37;1;0;2;3;15;B01
201400036138;0;7;0;0;1;0;0;A01
201400036139;0;7;0;0;1;3;15;A01
201400036140;0;10;0;0;1;5;1;A01
201400036141;0;7;0;0;1;7;1;A01
201400036142;0;10;0;0;2;7;19;A01
201400036142;0;33;0;0;2;1;21;B01
201400036143;0;32;0;0;1;1;1;A01
201400036144;0;7;0;0;2;3;1;B01
201400036144;0;7;0;0;2;3;1;A01
201400036145;0;1;0;0;1;1;0;A01
201400036146;0;32;0;14;0;1;2;A01
201400036146;0;7;0;0;2;4;2;B01
201400036147;0;7;0;0;9;3;15;B01
201400036147;0;30;0;0;2;1;2;A01
201400036148;0;7;0;2;0;2;1;A01
201400036149;0;7;0;0;2;6;10;A01
201400036149;0;7;0;0;2;1;1;B01
201400036150;0;30;0;0;2;1;1;A01
201400036150;0;7;0;0;2;3;1;B01
201400036151;0;7;0;0;2;2;5;A01
201400036151;0;1;0;0;2;1;1;B01
201400036152;0;7;0;0;2;2;15;B01
201400036152;0;7;0;0;2;2;1;A01
201400036153;0;7;0;0;1;2;1;A01
201400036154;0;7;0;6;0;2;1;A01
201400036155;0;1;0;0;2;1;1;B01
201400036155;0;7;0;0;2;3;5;A01
201400036156;0;33;0;3;0;7;12;A01
201400036157;0;7;0;0;2;2;1;A01
201400036157;0;33;0;0;2;3;1;B01
201400036158;0;34;0;0;2;3;15;A01
201400036158;0;7;0;0;2;1;13;B01
201400036159;0;33;0;8;0;2;14;A01
201400036160;0;7;0;0;1;2;1;A01
201400036161;0;7;0;0;2;1;1;B01
201400036161;0;7;0;0;2;3;5;A01
201400036162;0;31;0;0;2;1;1;B01
201400036162;0;7;0;0;2;8;15;A01
201400036163;0;33;0;0;2;1;17;B01
201400036163;0;7;0;0;2;8;10;A01
201400036164;0;32;0;0;2;1;2;A01
201400036164;0;7;0;0;2;4;23;B01
201400036165;0;33;0;0;2;1;1;B01
201400036165;0;7;0;0;2;8;10;A01
201400036166;0;3;0;0;2;8;1;B01
201400036166;0;7;0;0;2;7;15;A01
201400036167;0;7;0;0;2;8;1;A01
201400036167;0;7;0;0;2;2;1;B01
201400036168;0;15;0;0;2;3;1;B01
201400036168;0;7;0;0;2;3;13;A01
201400036169;0;7;0;14;0;2;1;A01
201400036170;0;2;0;0;2;1;1;B01
201400036170;0;7;0;0;2;2;15;A01
201400036171;0;7;0;0;2;8;10;B01
201400036171;0;33;0;0;2;1;17;A01
201400036172;0;2;0;0;2;1;1;A01
201400036172;0;30;0;0;2;7;1;B01
201400036173;0;33;0;0;0;0;1;A01
201400036174;0;7;0;11;0;2;1;A01
201400036175;0;33;0;0;2;7;1;B01
201400036175;0;7;0;0;2;1;9;A01
201400036176;0;7;0;0;2;8;1;B01
201400036176;0;30;0;0;2;7;17;A01
201400036177;0;10;0;0;2;3;1;B01
201400036177;0;30;0;0;2;1;3;A01
201400036178;0;31;0;0;9;2;1;A01
201400036179;0;7;0;0;2;7;1;B01
201400036179;0;2;0;0;2;1;9;A01
201400036180;0;7;0;0;2;8;1;B01
201400036180;0;33;0;0;2;2;17;A01
201400036181;0;7;0;0;2;1;5;A01
201400036181;0;7;0;0;2;1;1;B01
201400036182;0;3;0;0;0;0;1;A01
201400036183;0;7;0;0;2;2;15;A01
201400036183;0;2;0;0;2;1;1;B01
201400036184;0;2;0;0;2;3;14;B01
201400036184;0;7;0;0;2;7;15;A01
201400036185;0;33;0;0;0;0;1;A01
201400036186;0;2;0;0;2;3;1;B01
201400036186;0;7;0;0;2;8;15;A01
201400036187;0;7;0;0;1;3;1;A01
201400036188;0;2;0;1;0;0;1;A01
201400036189;0;30;0;0;2;6;1;B01
201400036189;0;10;0;0;2;2;1;A01
201400036190;0;7;0;0;1;1;1;A01
201400036191;0;2;0;14;0;1;0;A01
201400036192;0;2;0;15;0;1;0;A01
201400036193;0;33;0;0;2;5;15;B01
201400036193;0;7;0;0;2;2;9;A01
201400036194;0;2;0;0;0;0;1;A01
201400036195;0;2;0;0;2;1;1;B01
201400036195;0;7;0;0;2;0;9;A01
201400036196;0;7;0;0;2;5;16;B01
201400036196;0;30;0;0;2;1;2;A01
201400036197;0;7;0;6;0;1;2;A01
201400036198;0;7;0;0;2;3;13;A01
201400036198;0;7;0;0;2;3;1;B01
201400036199;0;30;0;0;0;2;16;A01
201400036200;0;1;0;0;2;1;1;B01
201400036200;0;7;0;0;2;7;19;A01
201400036201;0;7;0;0;0;1;1;A01
201400036202;0;7;0;0;1;8;1;A01
201400036203;0;7;0;0;2;6;1;B01
201400036203;0;7;0;0;2;1;1;A01
201400036204;0;1;0;0;0;0;0;B01
201400036204;1;7;0;0;0;0;0;A01
201400036205;0;14;0;0;2;3;1;B01
201400036205;0;7;0;0;2;2;6;A01
201400036206;0;2;0;0;2;1;2;B01
201400036206;0;7;0;0;0;2;2;A01
201400036207;0;30;0;0;2;8;17;A01
201400036207;0;17;0;0;2;2;1;B01
201400036208;0;7;0;0;2;3;1;B01
201400036208;0;7;0;0;2;2;1;A01
201400036209;0;7;0;0;0;5;15;A01
201400036209;0;33;0;0;2;4;21;B01
201400036210;0;7;0;0;1;1;0;A01
201400036211;0;2;0;0;0;1;1;A01
201400036212;0;7;0;0;2;1;15;A01
201400036212;0;10;0;0;2;6;1;B01
201400036213;0;7;0;0;2;1;1;A01
201400036213;0;7;0;1;2;2;1;B01
201400036214;0;15;0;0;2;3;1;B01
201400036214;0;7;0;0;2;6;9;A01
201400036215;0;2;0;0;2;7;0;B01
201400036215;0;7;0;0;2;1;9;A01
201400036216;0;7;0;0;2;3;9;A01
201400036216;0;30;0;0;2;2;1;B01
201400036217;0;7;0;0;2;3;2;A01
201400036217;0;2;0;0;2;1;2;B01
201400036218;0;2;0;0;0;7;1;A01
201400036219;0;7;0;0;0;3;1;B01
201400036219;0;30;0;0;2;1;19;A01
201400036220;0;7;0;0;2;5;23;B01
201400036220;0;2;0;0;2;1;2;A01
201400036221;0;30;0;0;0;0;1;A01
201400036222;0;2;0;0;5;7;21;A01
201400036223;0;7;0;0;2;1;9;A01
201400036223;0;30;0;0;2;3;1;B01
201400036224;0;2;0;0;2;8;1;B01
201400036224;0;7;0;0;2;2;1;A01
201400036225;0;7;0;0;2;3;15;A01
201400036225;0;1;0;0;2;1;1;B01
201400036226;0;7;0;0;1;3;1;A01
201400036227;1;99;0;0;1;3;1;A01
201400036228;0;17;0;0;2;4;1;C01
201400036228;0;17;0;14;0;1;2;A01
201400036228;0;7;0;14;2;4;1;B01
201400036229;0;7;0;8;0;8;1;A01
201400036230;0;7;0;0;1;2;1;A01
201400036231;0;7;0;0;2;1;1;A01
201400036231;0;30;0;0;2;1;5;B01
201400036232;0;31;0;7;0;1;1;A01
201400036233;0;7;0;0;1;1;1;A01
201400036234;0;10;0;0;1;5;4;A01
201400036235;0;10;0;12;0;6;0;A01
201400036236;0;7;0;2;0;3;5;A01
201400036237;0;7;0;0;2;2;2;A01
201400036237;0;7;0;0;0;6;2;B01
201400036238;0;2;0;0;2;1;16;A01
201400036238;0;7;0;0;2;7;16;B01
201400036239;0;7;0;0;1;1;0;A01
201400036240;0;7;0;0;2;1;9;A01
201400036240;0;7;0;0;0;6;2;B01
201400036241;0;7;0;0;2;1;5;A01
201400036241;0;7;0;0;2;3;1;B01
201400036242;0;7;0;0;1;3;1;A01
201400036243;0;7;0;0;2;3;1;B01
201400036243;0;7;0;0;2;1;16;A01
201400036244;0;2;0;0;2;1;1;A01
201400036244;0;7;0;0;2;3;15;B01
201400036245;0;7;0;0;2;1;1;A01
201400036245;0;7;0;0;2;4;1;B01
201400036246;0;7;0;0;2;4;1;B01
201400036246;0;7;0;0;2;1;1;A01
201400036247;0;1;0;0;2;7;2;B01
201400036247;0;7;0;0;9;1;9;A01
201400036248;0;2;0;0;2;7;1;A01
201400036248;0;7;0;0;2;3;1;B01
201400036249;0;7;0;0;2;1;1;A01
201400036249;0;7;0;0;2;1;1;B01
201400036250;0;7;0;0;2;1;0;A01
201400036250;0;7;0;0;2;1;1;D01
201400036250;0;7;0;0;2;1;1;B01
201400036250;0;7;0;0;2;1;1;C01
201400036251;0;7;0;0;2;1;1;A01
201400036251;0;7;0;0;2;3;16;B01
201400036252;2;33;0;0;2;1;19;A01
201400036252;0;3;0;0;2;7;16;B01
201400036253;0;7;0;0;2;1;1;A01
201400036253;0;7;0;0;2;4;1;C01
201400036253;0;7;0;0;2;4;1;B01
201400036254;0;7;0;0;1;1;1;A01
201400036255;0;7;0;0;2;6;1;B01
201400036255;0;7;0;0;2;2;1;A01
201400036256;0;30;0;0;2;1;1;A01
201400036256;0;7;0;0;2;4;1;B01
201400036257;0;7;0;0;1;1;1;A01
201400036258;0;7;0;0;2;1;1;A01
201400036258;0;7;0;0;2;1;1;B01
201400036258;0;7;0;0;2;7;1;C01
201400036258;0;7;0;0;2;8;1;D01
201400036258;0;17;0;0;2;1;1;E01
201400036259;0;7;0;0;2;1;23;C01
201400036259;0;7;0;0;2;1;13;B01
201400036259;0;7;0;0;2;1;9;A01
201400036260;0;13;0;0;1;1;1;A01
201400036261;0;14;0;0;2;3;1;B01
201400036261;0;7;0;0;2;7;9;A01
201400036262;0;7;0;0;2;4;1;A01
201400036262;0;7;0;0;0;4;1;C01
201400036262;0;7;0;0;0;4;1;D01
201400036262;0;7;0;0;2;4;1;B01
201400036263;0;7;0;0;1;1;1;A01
201400036264;0;7;0;0;1;1;1;A01
201400036265;0;7;0;0;2;7;12;B01
201400036265;0;7;0;0;2;1;9;A01
201400036266;0;7;0;0;1;4;1;B01
201400036266;0;7;0;0;2;1;1;A01
201400036267;0;7;0;0;1;3;1;A01
201400036268;0;7;0;0;1;1;1;A01
201400036269;0;37;5;0;9;0;1;A01
201400036270;0;7;0;0;2;1;1;B01
201400036270;0;7;0;0;2;1;1;A01
201400036271;0;7;0;0;0;1;1;A01
201400036271;0;7;0;0;2;4;1;B01
201400036272;0;7;0;0;2;2;15;A01
201400036272;0;7;0;0;2;3;9;B01
201400036273;0;7;0;0;2;3;15;A01
201400036273;0;7;0;0;2;0;23;B01
201400036274;0;7;0;0;2;1;1;A01
201400036274;0;7;0;0;2;4;1;B01
201400036275;0;7;0;0;1;1;1;A01
201400036276;0;7;0;0;0;9;0;A01
201400036277;0;7;0;0;1;1;1;A01
201400036278;0;7;0;0;2;0;1;A01
201400036278;0;37;2;0;2;8;1;B01
201400036279;0;7;0;0;1;1;1;A01
201400036280;0;7;0;0;2;1;1;B01
201400036280;0;7;0;0;2;1;1;A01
201400036280;0;7;0;0;2;4;1;C01
201400036281;0;7;0;0;0;1;1;A01
201400036282;0;7;0;0;2;4;17;B01
201400036282;0;7;0;0;2;1;1;A01
201400036283;0;33;0;0;0;8;16;A01
201400036284;0;7;0;0;2;3;15;A01
201400036284;0;30;0;0;2;1;1;B01
201400036285;0;7;0;0;2;1;1;A01
201400036285;0;34;0;0;2;1;1;B01
201400036285;0;7;0;0;2;2;1;C01
201400036286;0;7;0;0;0;1;1;A01
201400036287;0;33;0;0;2;1;1;B01
201400036287;0;7;0;0;2;5;15;A01
201400036288;0;7;0;0;1;1;1;A01
201400036289;0;2;0;0;2;1;1;B01
201400036289;0;7;0;0;2;2;9;A01
201400036290;0;7;0;0;1;1;1;A01
201400036291;1;7;0;0;1;1;1;A01
201400036292;0;7;0;0;6;1;1;A01
201400036293;0;7;0;16;0;1;1;A01
201400036294;0;7;0;0;2;3;1;C01
201400036294;0;7;0;0;2;1;1;D01
201400036294;0;7;0;0;2;3;1;A01
201400036294;0;7;0;0;2;3;1;B01
201400036295;0;7;0;0;2;3;1;A01
201400036295;0;7;0;0;2;1;1;B01
201400036296;0;7;0;15;0;1;1;A01
201400036297;0;7;0;0;1;1;1;A01
201400036298;0;7;0;0;2;1;1;B01
201400036298;0;7;0;0;2;7;1;A01
201400036299;0;7;0;0;2;1;1;A01
201400036299;0;7;0;0;2;4;1;B01
201400036300;0;7;0;0;2;3;20;A01
201400036300;0;2;0;0;2;1;1;B01
201400036301;0;7;0;0;1;1;1;A01
201400036302;0;2;0;0;2;1;5;A01
201400036302;0;7;0;0;2;6;15;B01
201400036303;0;7;0;0;1;4;4;A01
201400036304;0;7;0;0;1;1;1;A01
201400036305;0;7;0;0;2;4;1;B01
201400036305;0;7;0;0;2;1;1;A01
201400036306;0;7;0;0;2;2;1;A01
201400036306;0;2;0;0;2;1;16;B01
201400036307;0;7;0;0;2;4;1;C01
201400036307;0;7;0;0;2;1;1;A01
201400036307;0;7;0;0;2;4;1;B01
201400036308;0;2;0;0;2;1;1;B01
201400036308;1;7;0;0;2;3;9;A01
201400036309;0;7;0;0;2;3;1;A01
201400036309;0;33;0;0;2;7;1;B01
201400036310;0;7;0;0;1;1;1;A01
201400036311;0;7;0;0;2;3;1;A01
201400036311;0;34;0;0;0;7;16;B01
201400036312;0;7;0;0;2;4;1;B01
201400036312;0;3;0;0;2;1;1;A01
201400036313;0;7;0;8;1;1;1;A01
201400036314;0;7;0;0;1;1;1;A01
201400036315;0;2;0;0;2;1;1;B01
201400036315;0;7;0;0;2;7;15;A01
201400036316;0;14;0;0;1;2;1;A01
201400036317;1;7;0;0;2;1;1;A01
201400036317;0;2;0;0;2;7;15;B01
201400036318;0;31;0;0;1;1;1;A01
201400036319;0;34;0;0;2;1;7;A01
201400036319;0;10;0;0;2;4;16;B01
201400036320;0;31;0;0;2;1;17;A01
201400036320;0;7;0;0;0;3;15;B01
201400036321;0;2;0;0;2;1;1;A01
201400036321;0;7;0;0;2;6;9;B01
201400036322;0;7;0;0;2;1;1;A01
201400036322;0;7;0;0;2;4;1;B01
201400036323;0;1;0;0;2;4;1;B01
201400036323;0;7;0;0;2;1;17;A01
201400036324;0;7;0;0;1;1;1;A01
201400036325;0;7;0;0;1;1;1;A01
201400036326;0;7;0;0;2;2;15;A01
201400036326;0;33;0;0;2;1;1;B01
201400036327;0;1;0;0;2;2;15;B01
201400036327;0;7;0;0;2;1;1;A01
201400036328;0;32;0;0;2;1;1;B01
201400036328;0;7;0;0;2;8;20;A01
201400036329;2;2;0;0;2;1;15;A01
201400036329;0;33;0;0;2;7;1;B01
201400036330;0;7;0;0;2;4;1;B01
201400036330;0;7;0;0;2;4;1;C01
201400036330;0;7;0;0;2;1;1;A01
201400036331;0;37;1;0;2;1;1;A01
201400036331;0;1;0;0;2;4;1;B01
201400036332;0;7;0;0;1;1;1;A01
201400036333;0;7;0;0;2;2;1;A01
201400036333;0;7;0;0;2;3;1;B01
201400036334;0;7;0;0;1;1;1;A01
201400036335;0;1;0;0;2;1;1;B01
201400036335;0;7;0;0;2;3;15;A01
201400036336;0;30;0;0;2;1;1;A01
201400036336;0;7;0;0;2;4;1;B01
201400036337;0;7;0;2;0;1;1;A01
201400036338;0;14;0;0;2;1;1;A01
201400036338;0;7;0;0;2;4;1;B01
201400036339;0;2;0;0;2;8;1;A01
201400036339;0;7;0;0;2;1;15;B01
201400036340;0;33;0;0;2;7;1;B01
201400036340;0;7;0;0;2;3;1;A01
201400036341;0;7;0;0;2;8;24;A01
201400036341;0;1;0;0;2;7;1;B01
201400036342;0;2;0;0;2;8;1;A01
201400036342;0;7;0;0;2;2;15;B01
201400036343;0;17;0;0;2;1;1;A01
201400036343;0;7;0;0;2;4;1;C01
201400036343;0;7;0;0;2;4;1;B01
201400036344;0;7;0;0;2;1;1;A01
201400036344;0;7;0;0;2;4;1;B01
201400036345;0;2;0;0;2;1;1;A01
201400036345;0;7;0;0;2;3;1;B01
201400036346;0;10;0;0;2;1;1;A01
201400036346;0;7;0;0;2;4;1;B01
201400036347;0;7;0;0;2;2;12;A01
201400036347;0;33;0;0;2;8;1;B01
201400036348;0;7;0;0;2;3;1;B01
201400036348;0;1;0;0;2;1;14;A01
201400036349;0;30;0;0;2;1;2;A01
201400036349;0;7;0;0;0;4;2;B01
201400036350;0;2;0;0;0;1;0;A01
201400036351;0;7;0;0;0;2;1;A01
201400036352;0;7;0;0;0;1;2;A01
201400036352;0;7;0;0;0;4;2;B01
201400036352;0;7;0;0;0;4;2;C01
201400036353;0;10;0;0;1;2;0;A01
201400036354;0;7;0;0;2;1;13;A01
201400036354;0;33;0;0;2;1;1;B01
201400036355;0;7;0;0;0;1;1;A01
201400036355;0;10;0;0;0;4;15;B01
201400036356;0;2;0;0;0;1;1;A01
201400036356;0;7;0;0;0;4;15;B01
201400036357;0;7;0;0;0;2;1;A01
201400036357;0;7;0;0;0;1;11;B01
201400036358;1;7;0;0;2;1;1;A01
201400036358;0;7;0;0;2;1;1;B01
201400036359;0;7;0;0;0;7;14;A01
201400036360;0;7;0;0;2;1;1;A01
201400036360;0;7;0;0;2;1;1;B01
201400036361;0;30;0;0;1;1;0;A01
201400036362;0;2;0;0;0;0;0;A01
201400036363;0;7;0;0;0;7;0;A01
201400036363;0;10;0;0;0;3;0;B01
201400036364;0;10;0;0;0;1;0;B01
201400036364;0;7;0;0;0;7;0;A01
201400036365;0;7;0;0;0;1;2;A01
201400036365;0;7;0;0;0;4;2;B01
201400036365;0;7;0;0;0;4;2;C01
201400036365;0;7;0;0;0;4;2;D01
201400036366;0;1;0;0;2;1;1;B01
201400036366;0;7;0;0;2;3;15;A01
201400036367;0;7;0;0;2;1;1;A01
201400036367;0;7;0;0;2;4;1;B01
201400036367;0;7;0;0;2;4;1;C01
201400036368;0;7;0;0;2;1;1;A01
201400036368;0;7;0;0;2;8;1;B01
201400036369;0;7;0;0;2;8;9;A01
201400036369;0;7;0;0;2;1;1;B01
201400036370;0;7;0;0;2;1;1;A01
201400036370;0;7;0;0;2;4;1;B01
201400036371;0;7;0;0;2;1;13;A01
201400036371;0;7;0;0;2;1;1;B01
201400036372;0;7;0;0;2;1;1;A01
201400036372;0;7;0;0;2;4;1;B01
201400036373;0;7;0;0;2;1;1;A01
201400036373;0;7;0;0;2;3;1;B01
201400036374;0;7;0;0;2;1;1;A01
201400036374;0;7;0;0;2;4;1;B01
201400036375;0;7;0;0;2;2;6;A01
201400036375;0;7;0;0;2;3;1;B01
201400036376;0;7;0;0;1;1;1;A01
201400036377;0;7;0;0;1;1;16;A01
201400036378;1;2;0;0;1;1;1;A01
201400036379;0;1;0;0;2;1;1;A01
201400036379;0;7;0;0;2;4;1;B01
201400036380;0;2;0;0;2;1;1;A01
201400036380;0;7;0;0;2;8;15;B01
201400036381;1;7;0;0;1;1;1;A01
201400036382;0;7;0;0;2;5;15;A01
201400036382;0;33;0;0;2;1;1;B01
201400036383;0;1;0;0;2;1;1;A01
201400036383;0;7;0;0;2;5;1;B01
201400036384;0;2;0;0;2;1;6;A01
201400036384;0;7;0;0;2;8;15;B01
201400036385;0;7;0;0;1;1;1;A01
201400036386;0;7;0;0;2;8;15;A01
201400036386;0;33;0;0;2;2;17;B01
201400036387;0;7;0;0;2;1;15;A01
201400036387;0;7;0;0;2;8;1;B01
201400036388;0;7;0;0;2;1;1;A01
201400036388;0;1;0;0;2;7;1;B01
201400036389;0;2;0;0;2;1;5;A01
201400036389;0;7;0;0;2;1;1;B01
201400036390;0;7;0;0;2;1;1;A01
201400036390;0;1;0;0;2;1;1;B01
201400036391;0;10;0;9;0;2;1;A01
201400036392;0;7;0;0;1;1;1;A01
201400036393;0;7;0;0;2;1;9;A01
201400036393;0;7;0;0;2;2;1;B01
201400036393;0;7;0;0;2;1;1;C01
201400036394;0;7;0;8;0;9;1;A01
201400036395;0;7;0;0;2;8;15;A01
201400036395;0;7;0;0;2;2;1;B01
201400036396;0;2;0;1;2;1;1;A01
201400036396;0;7;0;0;2;8;15;B01
201400036397;0;7;0;0;2;2;0;A01
201400036397;0;7;0;15;2;1;1;B01
201400036398;0;7;0;0;2;1;1;A01
201400036398;0;2;0;0;2;4;1;B01
201400036399;0;2;0;0;2;1;1;A01
201400036399;0;7;0;0;2;3;15;B01
201400036400;0;17;0;0;2;1;1;A01
201400036400;0;7;0;8;2;4;15;B01
201400036401;0;2;0;0;1;8;1;A01
201400036402;0;7;0;0;2;1;1;A01
201400036402;0;7;0;0;2;8;1;B01
201400036403;2;7;0;1;0;1;1;A01
201400036404;0;7;0;0;2;3;9;A01
201400036404;0;2;0;0;2;1;1;B01
201400036405;0;7;0;0;1;1;15;A01
201400036406;0;30;0;1;0;1;1;A01
201400036406;0;7;0;0;2;5;1;B01
201400036407;0;7;0;2;0;3;16;A01
201400036408;0;7;0;0;2;1;1;A01
201400036408;0;7;0;0;2;4;1;B01
201400036409;0;7;0;0;2;3;10;A01
201400036409;0;2;0;1;2;1;1;B01
201400036410;0;7;0;0;1;2;1;A01
201400036411;0;7;0;0;2;3;15;A01
201400036411;0;2;0;0;2;1;1;B01
201400036412;0;2;0;0;2;1;1;B01
201400036412;0;7;0;0;2;3;15;A01
201400036413;0;7;0;0;1;2;1;A01
201400036414;0;2;0;0;2;1;1;A01
201400036414;1;7;0;0;2;8;15;B01
201400036415;0;7;0;1;0;1;1;A01
201400036415;0;7;0;0;2;4;1;B01
201400036416;0;7;0;2;0;4;1;A01
201400036417;0;3;0;0;2;7;15;A01
201400036417;0;7;0;0;2;3;1;B01
201400036418;0;7;0;0;2;1;15;A01
201400036418;0;1;0;0;2;8;19;B01
201400036419;0;7;0;0;1;1;1;A01
201400036420;0;7;0;0;2;1;1;A01
201400036420;0;7;0;0;2;4;23;B01
201400036421;0;7;0;1;2;1;7;A01
201400036421;0;7;0;0;2;3;15;B01
201400036422;0;7;0;1;0;1;1;A01
201400036422;0;7;0;1;0;1;1;B01
201400036422;0;7;0;1;0;4;1;C01
201400036422;0;7;0;0;2;4;1;D01
201400036423;0;2;0;0;2;1;1;A01
201400036423;0;2;0;0;2;4;1;B01
201400036424;0;7;0;0;2;3;15;A01
201400036424;0;7;0;0;2;2;1;B01
201400036425;0;7;0;1;1;1;20;A01
201400036426;0;7;0;1;0;3;21;A01
201400036427;0;7;0;0;2;5;4;A01
201400036427;0;2;0;0;2;1;1;B01
201400036428;0;7;0;0;1;1;1;A01
201400036429;0;7;0;0;1;1;1;A01
201400036430;0;7;0;0;1;1;1;A01
201400036431;0;7;0;0;2;2;15;A01
201400036431;0;2;0;0;2;1;1;B01
201400036432;0;2;0;0;2;1;1;A01
201400036432;0;7;0;0;2;2;17;B01
201400036433;0;2;0;1;1;1;3;A01
201400036433;0;7;0;0;2;1;23;B01
201400036434;0;7;0;0;2;8;15;A01
201400036434;0;2;0;0;2;2;17;B01
201400036435;0;7;0;0;2;8;9;A01
201400036435;0;7;0;0;2;1;1;B01
201400036436;0;33;0;0;2;1;1;A01
201400036436;0;10;0;0;2;3;15;B01
201400036437;0;7;0;0;0;7;1;A01
201400036438;0;7;0;2;2;2;1;A01
201400036438;0;7;0;0;2;2;1;B01
201400036439;0;7;0;0;2;1;1;B01
201400036439;0;7;0;0;2;8;15;A01
201400036440;0;7;0;0;2;1;1;A01
201400036440;0;7;0;0;2;1;1;B01
201400036441;0;20;0;0;1;4;4;A01
201400036442;0;7;0;0;2;2;15;A01
201400036442;0;1;0;0;2;1;1;B01
201400036443;0;7;0;0;1;1;1;A01
201400036444;0;2;0;0;2;1;15;A01
201400036444;0;7;0;0;2;2;21;B01
201400036445;0;1;0;0;1;1;21;A01
201400036446;0;7;0;0;1;2;1;A01
201400036447;0;2;0;0;2;1;1;A01
201400036447;0;7;0;0;2;7;15;B01
201400036448;0;2;0;0;2;1;17;A01
201400036448;0;7;0;0;2;8;15;B01
201400036449;0;30;0;0;2;1;1;A01
201400036449;0;7;0;0;2;1;15;B01
201400036450;0;2;0;0;2;2;15;A01
201400036450;0;2;0;0;2;1;1;B01
201400036451;0;2;0;0;1;1;1;A01
201400036452;0;7;0;0;2;2;13;A01
201400036452;0;7;0;0;2;6;23;B01
201400036453;0;7;0;0;2;1;1;A01
201400036453;0;7;0;0;0;4;1;B01
201400036453;0;7;0;0;2;4;1;C01
201400036454;0;7;0;0;2;8;1;A01
201400036454;0;33;0;0;2;1;1;B01
201400036455;0;7;0;0;2;1;16;A01
201400036455;0;7;0;0;2;1;1;B01
201400036456;0;7;0;0;1;1;1;A01
201400036457;0;7;0;0;2;3;20;A01
201400036457;0;33;0;0;2;2;1;B01
201400036458;0;7;0;0;1;1;1;A01
201400036459;0;7;0;0;1;1;1;A01
201400036460;0;7;0;0;2;1;1;A01
201400036460;0;7;0;0;2;4;23;B01
201400036461;0;7;0;0;2;2;1;A01
201400036461;0;7;0;0;2;4;16;B01
201400036461;0;7;0;0;2;4;16;C01
201400036462;0;1;0;0;2;3;17;A01
201400036462;0;7;0;0;2;3;1;B01
201400036463;0;7;0;0;2;1;2;A01
201400036463;0;7;0;0;2;4;1;B01
201400036464;0;2;0;0;2;7;1;A01
201400036464;0;7;0;0;2;8;1;B01
201400036465;0;7;0;0;1;1;15;A01
201400036466;0;7;0;0;2;2;2;A01
201400036466;0;2;0;0;2;4;2;B01
201400036467;0;7;0;0;1;2;1;A01
201400036468;0;37;0;0;1;2;1;A01
201400036469;0;7;0;0;1;1;16;A01
201400036470;0;2;0;0;2;1;1;B01
201400036470;0;7;0;0;2;2;15;A01
201400036471;0;7;0;0;2;7;15;A01
201400036471;0;33;0;0;2;1;1;B01
201400036472;0;7;0;0;2;1;1;B01
201400036472;0;1;0;0;2;7;19;A01
201400036473;0;7;0;0;1;2;1;A01
201400036474;0;7;0;0;2;3;9;A01
201400036474;0;7;0;0;2;2;1;B01
201400036475;0;7;0;0;1;6;4;A01
201400036476;0;7;0;0;1;1;17;A01
201400036477;0;7;0;0;2;4;20;A01
201400036477;0;2;0;0;2;1;1;B01
201400036478;0;2;0;0;2;1;8;A01
201400036478;0;37;1;0;2;3;1;B01
201400036479;0;7;0;0;2;1;15;A01
201400036479;0;2;0;0;2;1;1;B01
201400036480;0;7;0;0;1;2;1;A01
201400036481;0;7;0;0;1;2;16;A01
201400036482;0;7;0;0;2;6;1;B01
201400036482;0;30;0;0;2;1;19;A01
201400036483;0;30;0;0;1;1;1;A01
201400036484;0;1;0;0;2;1;1;B01
201400036484;0;7;0;0;9;1;14;A01
201400036485;0;7;0;0;2;2;15;A01
201400036485;0;30;0;0;2;1;1;B01
201400036486;0;7;0;0;2;1;0;A01
201400036486;0;7;0;0;2;3;1;B01
201400036487;0;7;0;0;0;9;13;A01
201400036488;0;7;0;0;2;1;17;A01
201400036488;0;7;0;0;2;1;0;B01
201400036489;0;7;0;0;2;1;1;B01
201400036489;0;7;0;0;2;3;13;A01
201400036490;0;7;0;0;1;0;16;A01
201400036491;0;7;0;2;2;1;17;A01
201400036491;0;7;0;0;2;8;15;B01
201400036492;0;2;0;12;0;1;1;A01
201400036493;0;7;0;0;2;1;1;B01
201400036493;0;30;0;0;2;8;1;A01
201400036494;0;7;0;2;9;2;13;A01
201400036495;0;30;0;0;1;1;1;A01
201400036496;0;7;0;0;1;3;10;A01
201400036497;0;7;0;3;0;9;15;A01
201400036498;0;7;0;0;1;3;17;A01
201400036499;0;1;0;0;0;4;2;B01
201400036499;0;10;0;0;2;2;2;A01
201400036500;0;7;0;2;0;1;2;A01
201400036501;0;7;0;6;0;2;2;A01
201400036502;0;7;0;2;0;2;14;A01
201400036503;0;7;0;0;0;1;1;C01
201400036503;0;15;0;0;0;8;1;B01
201400036503;0;7;0;0;2;8;13;A01