num_acc;senc;catv;occutc;obs;obsm;choc;manv;num_veh
201400036504;0;7;0;6;2;1;13;A01
201400036505;0;7;0;0;2;2;13;A01
201400036505;0;17;0;3;2;2;1;B01
201400036506;0;34;0;0;0;3;1;B01
201400036506;0;7;0;0;0;6;15;A01
201400036507;0;7;0;0;2;2;17;A01
201400036507;0;1;0;0;0;6;15;B01
201400036508;0;2;0;0;0;2;1;B01
201400036508;0;7;0;0;2;3;1;A01
201400036509;0;7;0;0;0;1;1;C01
201400036509;0;31;0;0;2;1;21;B01
201400036509;1;7;0;0;0;0;9;A01
201400036510;0;7;0;0;1;1;1;A01
201400036511;0;7;0;6;0;2;14;A01
201400036512;0;7;0;0;2;2;2;B01
201400036512;0;7;0;0;2;3;19;A01
201400036513;0;7;0;0;2;7;15;A01
201400036513;0;7;0;10;2;7;1;B01
201400036514;0;2;0;0;2;3;15;B01
201400036514;0;7;0;12;2;5;17;A01
201400036515;0;7;0;0;1;3;2;A01
201400036516;0;10;0;8;2;1;5;A01
201400036516;0;7;0;0;2;1;5;B01
201400036517;0;7;0;0;2;3;5;A01
201400036517;0;7;0;0;2;7;2;B01
201400036517;0;7;0;0;2;1;2;C01
201400036518;0;7;0;0;0;4;15;A01
201400036518;0;7;0;0;2;1;2;B01
201400036519;0;7;0;1;0;1;1;A01
201400036519;0;13;0;0;0;6;23;B01
201400036520;0;7;0;0;2;6;15;A01
201400036520;0;33;0;0;2;2;1;B01
201400036521;0;7;0;0;2;1;9;A01
201400036521;0;2;0;0;2;1;9;B01
201400036522;0;31;0;0;2;8;0;A01
201400036522;0;7;0;0;2;8;15;B01
201400036523;0;7;0;0;0;5;2;A01
201400036523;0;99;0;0;2;2;2;B01
201400036524;0;7;0;2;0;1;16;A01
201400036525;0;33;0;0;2;1;5;A01
201400036525;0;7;0;0;2;3;2;B01
201400036526;0;7;0;6;0;1;1;A01
201400036527;0;30;0;0;2;1;2;A01
201400036527;0;7;0;0;0;4;2;B01
201400036528;0;10;0;0;0;5;16;A01
201400036528;0;2;0;0;2;5;2;B01
201400036529;0;7;0;13;0;1;1;A01
201400036530;0;1;0;0;2;7;1;B01
201400036530;0;7;0;0;2;1;16;A01
201400036531;0;7;0;2;0;1;14;A01
201400036532;0;1;0;0;2;4;1;B01
201400036532;0;7;0;0;2;4;9;A01
201400036533;0;10;0;0;2;8;1;A01
201400036533;0;34;0;0;2;7;17;B01
201400036534;0;7;0;0;1;3;1;A01
201400036535;0;7;0;0;1;3;1;A01
201400036536;0;7;0;13;0;9;13;A01
201400036537;0;7;0;0;2;1;1;B01
201400036537;0;7;0;0;2;1;15;A01
201400036538;0;7;0;14;0;1;2;A01
201400036538;0;7;0;0;1;1;23;B01
201400036539;0;7;0;0;1;4;4;A01
201400036540;0;7;0;0;2;1;1;A01
201400036540;0;10;0;0;0;4;1;B01
201400036541;0;33;0;12;0;1;13;A01
201400036542;0;33;0;0;2;1;1;B01
201400036542;0;7;0;0;2;3;15;A01
201400036543;0;7;0;0;1;2;1;A01
201400036544;0;2;0;0;2;7;15;A01
201400036544;0;7;0;0;2;1;1;B01
201400036545;0;7;0;0;1;3;1;A01
201400036546;0;7;0;8;0;1;13;A01
201400036547;0;1;0;14;0;1;18;A01
201400036547;0;7;0;0;2;7;22;B01
201400036548;0;7;0;8;2;1;13;A01
201400036548;0;7;0;0;2;8;1;B01
201400036549;0;7;0;2;0;7;14;A01
201400036550;0;10;0;0;1;4;4;A01
201400036551;0;7;0;13;0;0;14;A01
201400036552;0;10;0;13;0;0;13;A01
201400036553;0;7;0;0;2;1;2;A01
201400036553;0;1;0;0;2;4;2;B01
201400036553;0;1;0;0;2;4;2;C01
201400036554;0;7;0;2;0;1;13;A01
201400036555;0;7;0;0;2;2;14;A01
201400036555;0;7;0;8;2;6;1;B01
201400036556;0;7;0;0;2;3;13;A01
201400036556;0;7;0;13;2;3;1;B01
201400036557;0;7;0;0;2;3;10;A01
201400036557;0;33;0;0;2;1;1;B01
201400036558;0;7;0;0;2;6;5;A01
201400036558;0;1;0;0;2;1;1;B01
201400036559;0;31;0;0;2;1;0;A01
201400036559;0;33;0;0;2;1;1;B01
201400036560;0;1;0;12;0;1;0;A01
201400036561;0;7;0;1;2;3;20;A01
201400036561;0;2;0;0;0;7;1;B01
201400036562;0;7;0;13;0;1;14;A01
201400036563;0;1;0;0;2;1;1;B01
201400036563;0;7;0;0;2;3;9;A01
201400036564;0;33;0;0;2;1;17;A01
201400036564;0;7;0;0;2;6;15;B01
201400036565;0;33;0;3;0;0;1;A01
201400036566;0;10;0;0;2;2;15;A01
201400036566;0;2;0;0;2;1;1;B01
201400036567;0;1;0;0;2;9;1;A01
201400036567;1;7;0;0;2;0;9;Z01
201400036568;0;7;0;0;2;8;15;A01
201400036568;0;33;0;0;2;1;17;B01
201400036569;0;7;0;0;2;1;1;B01
201400036569;0;7;0;0;2;8;19;A01
201400036570;0;7;0;0;1;1;9;A01
201400036571;0;7;0;0;2;2;1;A01
201400036571;0;7;0;0;2;3;15;B01
201400036572;0;7;0;0;2;1;2;A01
201400036572;1;31;0;0;1;1;1;Z01
201400036573;0;7;0;0;2;2;15;A01
201400036573;0;7;0;0;2;2;1;B01
201400036574;0;7;0;0;2;1;1;A01
201400036574;0;7;0;0;2;4;1;B01
201400036575;0;7;0;0;2;1;1;A01
201400036575;0;2;0;0;2;4;1;B01
201400036576;0;7;0;0;1;4;4;A01
201400036577;0;2;0;0;2;1;1;B01
201400036577;0;7;0;0;2;3;16;A01
201400036578;0;7;0;0;2;2;15;A01
201400036578;0;31;0;0;2;1;1;B01
201400036579;0;7;0;0;1;2;1;A01
201400036580;0;7;0;0;2;3;9;A01
201400036580;0;33;0;0;0;7;1;B01
201400036581;0;14;0;0;4;8;23;A01
201400036581;0;39;50;14;0;1;1;B01
201400036582;0;7;0;0;1;1;1;A01
201400036583;0;7;0;0;2;3;13;A01
201400036583;0;7;0;0;2;1;1;B01
201400036584;0;7;0;0;1;2;1;A01
201400036585;0;33;0;0;2;1;1;B01
201400036585;0;7;0;0;2;2;15;A01
201400036586;0;7;0;0;2;1;1;A01
201400036586;0;7;0;0;2;3;9;B01
201400036587;0;7;0;0;2;1;2;A01
201400036587;0;7;0;0;2;4;2;B01
201400036588;0;7;0;0;2;2;1;B01
201400036588;1;7;0;0;2;0;1;A01
201400036589;0;7;0;0;2;3;9;C01
201400036589;0;7;0;0;2;1;2;A01
201400036589;0;7;0;0;2;4;23;B01
201400036590;0;7;0;0;2;3;15;B01
201400036590;0;33;0;0;2;5;17;A01
201400036591;0;7;0;0;1;3;0;A01
201400036592;0;37;1;0;1;0;0;A01
201400036593;0;7;0;0;1;2;1;A01
201400036594;0;7;0;0;1;3;17;A01
201400036595;0;33;0;0;0;5;15;B01
201400036595;0;1;0;0;2;1;1;A01
201400036596;0;7;0;0;2;3;15;B01
201400036596;0;31;0;0;2;1;17;A01
201400036597;0;32;0;0;2;1;1;B01
201400036597;0;2;0;0;2;0;1;A01
201400036598;0;7;0;0;2;1;2;A01
201400036598;0;7;0;0;2;4;15;B01
201400036598;0;7;0;0;2;3;23;C01
201400036599;0;7;0;0;2;3;6;A01
201400036599;0;33;0;0;2;8;1;B01
201400036600;0;7;0;0;2;3;2;A01
201400036600;0;33;0;0;2;2;2;B01
201400036601;0;31;0;0;2;1;2;A01
201400036601;0;7;0;0;2;4;2;B01
201400036602;0;7;0;0;1;2;2;A01
201400036603;0;7;0;0;0;7;1;B01
201400036603;0;10;0;0;0;1;19;A01
201400036604;0;7;0;0;1;3;1;B01
201400036604;0;7;0;0;1;8;0;A01
201400036605;0;7;0;0;1;1;1;A01
201400036606;0;7;0;0;2;8;2;B01
201400036606;0;33;0;0;2;2;2;A01
201400036607;0;33;0;0;1;1;18;A01
201400036608;0;1;0;0;0;7;15;B01
201400036608;0;7;0;0;0;8;9;A01
201400036609;0;7;0;0;1;1;0;A01
201400036610;0;33;0;0;2;0;1;A01
201400036610;0;1;0;0;2;6;2;B01
201400036611;0;7;0;0;2;1;0;B01
201400036611;0;7;0;0;2;1;5;A01
201400036612;0;7;0;0;2;1;1;B01
201400036612;0;7;0;0;2;1;15;A01
201400036613;0;7;0;0;1;6;4;A01
201400036614;0;30;0;0;2;1;9;B01
201400036614;0;7;0;0;9;1;11;A01
201400036615;0;7;0;0;1;3;0;A01
201400036616;0;7;0;0;1;1;1;A01
201400036617;0;2;0;12;0;1;0;A01
201400036618;0;33;0;0;2;1;0;A01
201400036618;0;7;0;0;2;3;0;B01
201400036619;0;7;0;0;2;3;1;B01
201400036619;0;7;0;0;2;1;15;A01
201400036620;0;7;0;0;2;1;0;A01
201400036620;0;7;0;0;2;2;0;B01
201400036621;0;10;0;0;2;8;1;A01
201400036621;0;2;0;0;2;1;1;B01
201400036622;0;31;0;0;0;8;1;A01
201400036623;0;30;0;0;2;4;0;B01
201400036623;0;7;0;0;2;1;0;A01
201400036624;0;7;0;0;1;8;1;A01
201400036625;0;10;0;0;1;3;15;A01
201400036626;0;32;0;0;0;8;1;A01
201400036627;0;1;0;0;0;0;0;A01
201400036628;0;7;0;0;1;2;1;A01
201400036629;0;33;0;8;0;0;0;A01
201400036630;0;7;0;0;1;1;9;A01
201400036631;0;33;0;15;0;1;1;A01
201400036632;0;30;0;0;1;1;1;A01
201400036633;0;10;0;0;2;1;23;A01
201400036633;0;20;0;1;2;5;4;B01
201400036634;0;7;0;0;2;1;9;A01
201400036634;0;2;0;0;2;7;1;B01
201400036635;0;7;0;0;2;1;12;B01
201400036635;0;7;0;0;2;4;1;A01
201400036636;0;10;0;0;2;3;1;A01
201400036636;0;10;0;0;2;1;13;B01
201400036637;0;7;0;0;1;0;1;A01
201400036638;0;33;0;8;0;1;13;A01
201400036639;0;7;0;2;0;1;1;A01
201400036640;0;3;0;0;1;1;1;A01
201400036641;0;99;0;0;2;8;1;A01
201400036641;0;33;0;0;2;6;13;B01
201400036642;0;32;0;0;0;0;0;A01
201400036643;0;7;0;0;1;3;1;A01
201400036644;0;7;0;0;0;0;1;A01
201400036645;0;7;0;0;0;1;1;A01
201400036645;0;31;0;14;2;1;17;B01
201400036646;0;7;0;0;2;3;15;B01
201400036646;0;32;0;0;2;1;1;A01
201400036647;0;33;0;8;0;1;1;A01
201400036648;0;2;0;0;2;1;2;A01
201400036648;0;7;0;0;2;6;2;B01
201400036649;0;7;0;0;1;1;16;A01
201400036650;0;31;0;0;2;1;13;A01
201400036650;0;7;0;0;2;1;1;B01
201400036651;0;7;0;2;0;4;1;A01
201400036652;0;30;0;0;2;8;13;B01
201400036652;0;7;0;0;2;5;1;A01
201400036653;0;7;0;0;2;1;17;A01
201400036653;0;7;0;0;2;1;1;C01
201400036653;0;7;0;0;2;8;1;B01
201400036653;0;7;0;0;2;1;1;D01
201400036654;0;7;0;0;9;7;0;A01
201400036654;0;1;0;1;0;1;1;B01
201400036655;0;7;0;15;0;1;1;A01
201400036656;0;7;0;0;1;3;1;A01
201400036657;0;1;0;0;2;1;1;B01
201400036657;0;7;0;0;9;3;1;A01
201400036658;0;32;0;0;1;1;1;A01
201400036659;0;7;0;0;2;2;11;A01
201400036659;0;2;0;0;2;1;1;B01
201400036660;0;30;0;0;1;2;17;A01
201400036661;0;7;0;0;1;1;1;A01
201400036662;0;7;0;0;1;0;15;A01
201400036663;0;34;0;0;1;1;1;A01
201400036664;0;33;0;13;0;1;14;A01
201400036665;0;10;0;0;1;1;1;A01
201400036666;0;7;0;0;1;2;1;A01
201400036667;1;99;0;0;2;1;2;A01
201400036667;0;30;0;0;2;3;1;B01
201400036668;0;7;0;0;2;7;9;A01
201400036668;0;33;0;0;2;1;1;B01
201400036669;0;32;0;0;2;1;0;B01
201400036669;0;7;0;0;2;3;11;A01
201400036670;0;7;0;2;0;3;2;A01
201400036671;0;7;0;0;9;3;11;B01
201400036671;0;33;0;0;2;1;17;A01
201400036672;0;7;0;0;1;2;1;A01
201400036673;0;31;0;0;2;1;0;B01
201400036673;0;7;0;0;2;2;0;A01
201400036674;0;34;0;0;0;1;1;A01
201400036675;0;34;0;0;2;1;21;B01
201400036675;0;7;0;0;9;1;19;A01
201400036676;0;1;0;0;2;1;1;B01
201400036676;0;1;0;0;2;1;1;C01
201400036676;0;7;0;0;2;6;5;A01
201400036677;0;7;0;0;2;3;0;B01
201400036677;0;7;0;6;2;1;0;A01
201400036678;0;7;0;0;1;2;0;A01
201400036679;0;7;0;2;0;7;0;A01
201400036680;0;7;0;8;0;8;0;A01
201400036681;0;33;0;0;2;1;18;B01
201400036681;0;7;0;0;2;2;2;A01
201400036682;0;10;0;0;0;0;15;C01
201400036682;0;33;0;0;2;1;13;A01
201400036682;0;7;0;0;2;1;1;B01
201400036683;0;7;0;8;0;1;0;A01
201400036684;0;7;0;0;2;4;2;B01
201400036684;0;7;0;0;2;1;2;A01
201400036685;0;7;0;12;1;1;21;A01
201400036686;0;1;0;2;0;1;14;A01
201400036687;0;34;0;0;2;1;2;A01
201400036687;0;99;0;0;2;5;1;B01
201400036688;0;7;0;2;0;9;1;A01
201400036689;0;7;0;0;2;7;19;A01
201400036689;0;2;0;0;2;0;1;B01
201400036690;0;7;0;16;0;9;0;A01
201400036691;0;14;0;0;2;2;2;A01
201400036691;0;33;0;0;2;7;3;B01
201400036692;0;7;0;0;9;7;15;A01
201400036692;0;1;0;0;2;1;1;B01
201400036693;0;7;0;0;2;0;15;A01
201400036693;0;1;0;0;2;4;15;B01
201400036694;0;7;0;0;2;1;5;C01
201400036694;0;7;0;0;2;1;2;B01
201400036694;0;7;0;0;2;2;13;A01
201400036695;0;10;0;0;1;4;4;A01
201400036696;0;33;0;0;2;3;1;B01
201400036696;0;7;0;0;2;5;15;A01
201400036697;0;7;0;8;0;1;1;A01
201400036698;0;2;0;0;2;1;1;A01
201400036698;0;7;0;0;2;6;23;B01
201400036699;0;7;0;0;2;3;1;B01
201400036699;0;32;0;0;2;8;13;A01
201400036700;0;33;0;0;2;1;1;B01
201400036700;0;7;0;0;2;3;15;A01
201400036701;0;31;0;0;2;1;17;B01
201400036701;0;2;0;0;2;3;15;A01
201400036702;0;33;0;0;2;1;1;B01
201400036702;0;7;0;0;2;2;5;A01
201400036703;0;7;0;0;1;3;1;A01
201400036704;0;7;0;0;2;1;2;A01
201400036704;0;7;0;0;2;2;2;B01
201400036704;0;10;0;0;9;4;2;C01
201400036705;0;33;0;0;2;4;17;B01
201400036705;0;7;0;0;2;3;13;A01
201400036705;0;7;0;0;0;3;0;C01
201400036706;0;32;0;0;2;1;1;B01
201400036706;0;7;0;0;2;2;15;A01
201400036707;0;32;0;0;2;1;21;A01
201400036707;0;7;0;0;2;3;15;B01
201400036708;0;7;0;0;1;1;1;A01
201400036709;1;33;0;0;1;0;0;A01
201400036710;0;7;0;0;2;3;9;A01
201400036710;0;34;0;0;2;2;9;B01
201400036711;0;7;0;0;1;1;1;A01
201400036712;0;7;0;0;1;2;1;A01
201400036713;0;7;0;0;1;1;1;A01
201400036714;0;33;0;1;1;8;1;A01
201400036715;0;10;0;0;1;1;1;A01
201400036716;0;7;0;0;1;2;1;A01
201400036717;0;30;0;12;0;0;0;A01
201400036718;0;1;0;0;2;4;2;B01
201400036718;0;7;0;0;2;1;2;A01
201400036719;0;7;0;8;0;1;13;A01
201400036720;0;32;0;0;2;1;1;B01
201400036720;0;7;0;0;2;7;15;A01
201400036721;0;7;0;0;2;3;15;A01
201400036721;0;30;0;0;1;1;1;B01
201400036722;0;7;0;0;1;3;1;A01
201400036723;0;7;0;0;2;4;2;B01
201400036723;0;7;0;0;2;1;2;A01
201400036724;0;7;0;0;2;6;15;B01
201400036724;0;33;0;0;2;1;15;A01
201400036725;0;2;0;0;2;7;0;A01
201400036725;0;7;0;0;2;3;1;B01
201400036726;0;33;0;0;2;1;17;B01
201400036726;0;7;0;0;2;6;10;A01
201400036727;0;2;0;0;2;1;1;A01
201400036727;0;7;0;0;2;3;1;B01
201400036728;0;7;0;0;1;1;16;A01
201400036729;0;7;0;0;2;3;13;A01
201400036729;0;7;0;0;2;8;1;B01
201400036730;0;34;0;0;2;3;1;B01
201400036730;0;2;0;0;2;3;13;A01
201400036731;0;7;0;0;2;8;15;B01
201400036731;0;7;0;0;2;2;17;A01
201400036732;0;7;0;6;0;5;1;A01
201400036733;0;7;0;0;2;4;4;A01
201400036733;0;32;0;0;2;1;1;B01
201400036734;0;2;0;0;2;0;0;B01
201400036734;0;7;0;0;2;0;0;A01
201400036735;0;7;0;0;2;3;15;B01
201400036735;0;30;0;0;2;2;17;A01
201400036736;0;7;0;6;0;1;1;A01
201400036737;0;34;0;0;2;1;13;A01
201400036737;0;10;0;0;2;3;1;B01
201400036738;0;7;0;0;2;3;1;A01
201400036738;0;30;0;0;2;4;1;B01
201400036739;0;33;0;0;2;1;1;B01
201400036739;0;7;0;0;2;3;15;A01
201400036740;0;30;0;0;2;1;17;A01
201400036740;0;7;0;0;2;3;1;B01
201400036741;0;7;0;0;1;4;20;A01
201400036742;0;31;0;0;2;1;5;A01
201400036742;0;7;0;0;2;2;1;B01
201400036743;0;32;0;0;2;1;17;B01
201400036743;0;7;0;0;2;3;10;A01
201400036744;0;7;0;0;1;1;1;A01
201400036745;0;1;0;0;2;0;0;B01
201400036745;0;7;0;0;9;0;12;A01
201400036746;0;1;0;0;2;1;1;B01
201400036746;0;7;0;0;2;2;16;A01
201400036747;0;37;10;0;2;3;0;B01
201400036747;0;2;0;0;2;3;3;A01
201400036747;0;7;0;0;2;6;1;C01
201400036748;0;7;0;0;6;6;2;B01
201400036748;0;33;0;0;2;1;2;A01
201400036749;0;2;0;0;2;1;1;B01
201400036749;0;7;0;0;2;2;9;A01
201400036750;0;7;0;0;2;8;17;A01
201400036750;0;34;0;0;2;7;17;B01
201400036751;0;7;0;0;1;4;20;A01
201400036752;0;7;0;0;2;4;15;B01
201400036752;0;32;0;0;2;1;1;A01
201400036753;0;30;0;8;0;1;0;A01
201400036754;0;7;0;0;2;3;9;A01
201400036754;0;30;0;0;2;4;2;B01
201400036755;0;7;0;0;1;4;4;A01
201400036756;0;30;0;0;2;1;1;A01
201400036756;0;7;0;0;2;4;1;B01
201400036757;0;2;0;0;2;1;1;B01
201400036757;0;7;0;0;2;2;15;A01
201400036758;0;10;0;0;1;4;4;A01
201400036759;0;34;0;0;2;7;1;B01
201400036759;0;7;0;0;2;7;11;A01
201400036760;0;7;0;6;0;8;1;A01
201400036761;0;7;0;0;2;5;1;A01
201400036761;0;1;0;0;2;1;9;B01
201400036762;0;7;0;0;1;1;1;A01
201400036763;0;7;0;0;1;2;1;A01
201400036764;0;34;0;0;0;2;0;A01
201400036765;0;1;0;0;2;8;2;B01
201400036765;0;37;1;0;9;7;2;A01
201400036766;0;34;0;0;2;0;14;B01
201400036767;0;7;0;0;1;7;1;A01
201400036768;0;31;0;0;0;7;0;A01
201400036769;0;7;0;0;2;9;1;A01
201400036769;0;7;0;0;2;1;1;B01
201400036769;0;7;0;0;0;6;1;C01
201400036770;0;7;0;0;1;2;15;A01
201400036771;0;32;0;0;0;7;1;A01
201400036772;0;30;0;0;2;1;17;A01
201400036772;0;7;0;0;0;6;15;B01
201400036773;0;7;0;0;1;1;1;A01
201400036774;0;30;0;0;2;2;1;B01
201400036774;1;7;0;0;2;0;15;Z01
201400036775;0;7;0;0;2;2;21;B01
201400036775;0;7;0;0;2;8;19;A01
201400036776;0;30;0;0;2;1;1;B01
201400036776;0;7;0;0;2;2;15;A01
201400036777;0;7;0;0;2;0;1;B01
201400036777;0;2;0;0;2;8;17;A01
201400036778;0;7;0;0;1;1;1;A01
201400036779;0;7;0;0;1;1;2;A01
201400036780;0;7;0;6;2;8;9;A01
201400036780;0;7;0;0;2;1;0;B01
201400036781;0;33;0;0;2;7;1;B01
201400036781;0;7;0;0;2;1;9;A01
201400036782;0;7;0;0;1;1;15;A01
201400036783;0;7;0;0;0;0;24;C01
201400036783;0;30;0;0;0;3;11;A01
201400036783;0;37;1;0;0;2;1;B01
201400036784;0;7;0;0;2;5;15;A01
201400036784;0;33;0;0;2;1;1;B01
201400036785;0;32;0;0;1;6;1;A01
201400036786;0;33;0;0;2;3;1;B01
201400036786;0;7;0;0;2;3;15;A01
201400036787;0;7;0;0;2;8;15;A01
201400036787;0;30;0;0;2;7;17;B01
201400036788;0;31;0;8;0;1;6;A01
201400036789;0;7;0;0;2;3;15;B01
201400036789;0;2;0;0;2;2;1;A01
201400036790;0;2;0;0;2;1;2;A01
201400036790;0;7;0;0;2;4;2;B01
201400036791;0;32;0;0;2;9;2;A01
201400036791;0;10;0;0;2;6;15;B01
201400036792;0;32;0;11;0;1;0;A01
201400036793;0;7;0;0;2;8;15;A01
201400036793;0;2;0;0;2;7;17;B01
201400036794;0;7;0;0;1;1;1;A01
201400036795;0;30;0;8;2;1;8;A01
201400036795;0;7;0;0;0;2;0;B01
201400036796;0;32;0;0;0;4;0;A01
201400036797;0;7;0;0;2;1;1;B01
201400036797;0;30;0;0;2;1;1;A01
201400036798;0;33;0;0;2;7;2;A01
201400036798;0;14;0;0;2;0;2;B01
201400036799;0;10;0;0;2;4;4;B01
201400036799;0;32;0;0;2;1;23;A01
201400036800;0;14;0;0;2;1;1;B01
201400036800;0;32;0;0;2;1;13;A01
201400036801;0;7;0;9;0;1;0;A01
201400036802;0;33;0;16;0;7;19;A01
201400036803;0;7;0;1;0;1;0;A01
201400036804;0;7;0;0;1;0;20;A01
201400036805;0;7;0;0;2;2;15;A01
201400036805;0;34;0;0;2;1;1;B01
201400036806;0;7;0;0;2;2;2;A01
201400036806;0;7;0;0;2;6;23;C01
201400036806;0;7;0;0;2;6;23;B01
201400036807;0;7;0;0;1;3;1;A01
201400036808;0;34;0;8;0;1;0;A01
201400036809;0;7;0;0;2;6;15;A01
201400036809;0;30;0;0;2;1;1;B01
201400036810;0;7;0;0;2;3;23;B01
201400036810;0;13;0;14;0;2;1;A01
201400036811;0;7;0;0;1;7;1;A01
201400036812;0;7;0;0;1;1;2;A01
201400036813;0;7;0;0;1;2;1;A01
201400036814;0;7;0;1;2;7;1;A01
201400036814;0;7;0;0;2;3;1;B01
201400036815;0;7;0;0;1;0;0;A01
201400036816;0;7;0;0;1;2;0;A01
201400036817;0;1;0;0;2;1;2;B01
201400036817;0;7;0;0;2;8;2;A01
201400036818;0;7;0;0;2;2;1;A01
201400036818;0;33;0;0;2;4;1;B01
201400036819;0;10;0;0;1;7;16;Z01
201400036820;0;30;0;0;1;1;1;A01
201400036821;0;7;0;1;0;5;24;C01
201400036821;0;7;0;0;0;4;9;B01
201400036821;0;7;0;0;2;0;0;A01
201400036822;0;33;0;0;2;2;1;B01
201400036822;0;7;0;0;2;6;15;A01
201400036823;0;7;0;0;1;1;0;A01
201400036824;0;33;0;0;2;7;1;B01
201400036824;0;7;0;0;2;8;13;A01
201400036825;0;7;0;0;2;1;2;A01
201400036825;0;7;0;0;2;6;1;B01
201400036826;0;2;0;0;0;4;2;B01
201400036826;0;7;0;0;2;1;2;A01
201400036827;0;7;0;0;2;1;0;B01
201400036827;0;7;0;0;2;2;15;A01
201400036828;0;7;0;0;2;3;1;B01
201400036828;0;7;0;14;1;1;19;A01
201400036829;0;7;0;0;2;0;0;A01
201400036829;0;7;0;0;2;4;1;B01
201400036829;0;7;0;0;2;4;1;C01
201400036830;0;7;0;0;1;4;4;A01
201400036831;0;7;0;0;0;4;2;B01
201400036831;0;7;0;0;2;1;2;A01
201400036832;0;7;0;0;1;1;0;A01
201400036833;0;7;0;0;1;2;1;A01
201400036834;0;33;0;0;2;4;23;B01
201400036834;0;7;0;0;2;1;1;A01
201400036835;0;7;0;0;2;8;11;A01
201400036835;0;7;0;0;2;1;1;B01
201400036836;0;7;0;0;1;2;1;A01
201400036837;0;30;0;0;2;2;1;A01
201400036837;0;10;0;0;2;2;1;B01
201400036838;0;7;0;0;0;7;12;A01
201400036838;0;33;0;0;2;1;1;B01
201400036839;0;7;0;0;0;8;9;A01
201400036839;0;33;0;0;2;1;1;B01
201400036840;0;7;0;0;2;6;10;A01
201400036840;0;32;0;0;2;6;21;B01
201400036841;0;7;0;0;2;2;1;B01
201400036841;0;1;0;0;2;0;19;A01
201400036842;0;7;0;8;0;7;0;A01
201400036843;0;99;0;8;1;1;15;A01
201400036844;0;32;0;0;2;1;2;B01
201400036844;0;7;0;0;2;3;15;A01
201400036845;0;33;0;0;2;1;1;B01
201400036845;0;7;0;0;2;2;15;A01
201400036846;0;33;0;0;2;1;1;B01
201400036846;0;7;0;0;2;3;15;A01
201400036847;1;7;0;0;2;0;1;Z01
201400036847;0;1;0;0;2;4;1;B01
201400036848;2;7;0;0;2;8;15;Z01
201400036848;0;7;0;0;2;1;1;A01
201400036849;0;33;0;0;2;1;1;B01
201400036849;0;7;0;0;2;3;0;A01
201400036850;0;30;0;0;2;1;1;A01
201400036850;0;7;0;0;2;7;15;Z01
201400036851;0;32;0;0;1;7;1;A01
201400036852;0;7;0;0;2;3;15;A01
201400036852;0;7;0;0;0;0;23;C01
201400036852;0;2;0;0;2;1;1;B01
201400036853;0;14;0;0;2;1;1;A01
201400036853;0;7;0;0;0;4;1;B01
201400036854;0;13;0;0;2;1;1;E01
201400036854;0;7;0;0;2;4;2;F02
201400036854;0;7;0;0;2;1;11;A01
201400036854;0;7;0;0;2;6;2;B01
201400036854;0;7;0;0;2;8;24;C01
201400036854;0;7;0;0;2;3;24;D01
201400036855;0;99;0;0;1;5;4;A01
201400036856;0;33;0;0;0;1;1;B01
201400036856;0;7;0;0;0;7;9;A01
201400036857;0;7;0;0;2;5;12;A01
201400036857;0;1;0;0;2;3;19;B01
201400036858;0;7;0;0;0;0;2;B01
201400036858;0;7;0;0;0;1;2;A01
201400036858;0;7;0;0;0;0;2;C01
201400036858;0;7;0;0;0;4;2;D01
201400036859;0;7;0;0;0;8;10;A01
201400036859;0;30;0;0;2;1;1;B01
201400036860;0;7;0;0;2;3;15;A01
201400036860;0;33;0;0;2;1;1;B01
201400036861;0;7;0;0;1;1;1;A01
201400036862;0;7;0;0;1;2;15;A01
201400036863;1;7;0;0;1;1;1;Z01
201400036864;0;33;0;0;2;4;23;B01
201400036864;0;7;0;0;2;1;2;A01
201400036865;0;7;0;0;2;1;9;A01
201400036865;0;1;0;0;2;7;1;B01
201400036866;0;7;0;0;1;2;1;A01
201400036867;0;33;0;0;0;4;1;B01
201400036867;0;33;0;0;2;1;1;A01
201400036868;0;99;0;0;2;4;1;C01
201400036868;0;7;0;0;2;4;1;D01
201400036868;0;7;0;1;2;1;1;A01
201400036868;0;99;0;0;2;5;1;B01
201400036869;0;99;0;8;0;1;1;A01
201400036870;0;7;0;0;2;2;15;A01
201400036870;0;32;0;0;2;1;1;B01
201400036871;0;32;0;0;2;1;1;B01
201400036871;0;99;0;0;9;3;15;A01
201400036872;0;7;0;0;2;1;1;C01
201400036872;0;7;0;0;0;4;15;B01
201400036872;0;7;0;0;2;3;2;A01
201400036873;0;7;0;0;2;8;15;B01
201400036873;0;33;0;0;2;7;17;A01
201400036874;0;3;0;0;2;1;15;A01
201400036874;0;30;0;0;2;1;2;B01
201400036875;0;7;0;0;1;7;1;A01
201400036876;0;7;0;0;2;1;1;A01
201400036876;0;7;0;0;2;7;1;B01
201400036877;0;7;0;0;1;6;23;B01
201400036878;1;7;0;0;1;2;1;Z01
201400036879;0;7;0;0;0;4;2;C01
201400036879;0;7;0;0;0;2;2;B01
201400036879;0;7;0;0;0;1;2;A01
201400036880;0;30;0;0;2;1;1;A01
201400036880;0;7;0;0;2;0;1;B01
201400036881;0;7;0;1;2;8;15;B01
201400036881;0;7;0;7;2;1;17;A01