num_acc;senc;catv;occutc;obs;obsm;choc;manv;num_veh
201400036882;0;7;0;0;1;1;1;A01
201400036883;0;10;0;0;2;3;24;D01
201400036883;0;31;0;0;2;3;23;B01
201400036883;0;7;0;0;2;7;1;C01
201400036883;1;7;0;1;2;0;11;A01
201400036884;0;7;0;0;2;8;10;A01
201400036884;0;34;0;0;2;1;1;B01
201400036885;0;7;0;0;2;2;2;A01
201400036885;0;1;0;0;2;7;19;B01
201400036886;0;7;0;0;1;2;1;A01
201400036887;0;7;0;0;2;1;15;A01
201400036887;0;7;0;7;2;5;1;B01
201400036888;1;7;0;0;2;3;15;Z01
201400036888;0;7;0;0;2;2;1;A01
201400036889;0;7;0;0;0;4;15;B01
201400036889;0;33;0;0;2;1;1;A01
201400036890;0;33;0;0;2;8;0;B01
201400036890;0;7;0;0;2;1;11;A01
201400036891;0;7;0;0;2;3;0;A01
201400036891;0;7;0;0;2;3;0;B01
201400036892;0;33;0;0;2;7;17;A01
201400036892;0;7;0;0;2;6;17;B01
201400036893;0;31;0;0;1;0;1;A01
201400036894;0;20;0;0;2;1;0;B01
201400036894;0;33;0;0;9;1;1;A01
201400036895;0;13;0;0;0;1;2;A01
201400036895;0;2;0;0;0;0;2;B01
201400036896;0;7;0;0;0;4;1;A01
201400036896;0;7;0;0;0;1;2;B01
201400036897;0;7;0;0;2;1;2;A01
201400036897;0;7;0;0;2;4;2;B01
201400036898;0;7;0;0;2;2;15;A01
201400036898;0;34;0;0;2;1;1;B01
201400036899;0;7;0;0;1;4;4;A01
201400036900;0;2;0;0;0;1;1;A01
201400036901;0;30;0;0;2;1;2;A01
201400036901;0;7;0;0;0;4;2;B01
201400036902;0;31;0;0;2;1;17;A01
201400036902;0;7;0;0;2;3;15;B01
201400036903;0;1;0;0;2;7;19;A01
201400036903;0;7;0;0;2;1;1;B01
201400036904;0;30;0;0;2;1;1;B01
201400036904;0;7;0;0;2;2;15;A01
201400036905;0;33;0;0;2;1;1;A01
201400036905;0;7;0;0;0;5;23;B01
201400036906;0;7;0;6;0;1;10;A01
201400036907;0;7;0;0;2;3;9;A01
201400036907;0;34;0;0;2;1;1;B01
201400036908;0;32;0;0;2;3;1;B01
201400036908;0;7;0;0;2;2;12;Z01
201400036909;0;33;0;0;2;3;1;B01
201400036909;0;13;0;0;2;5;12;A01
201400036910;0;1;0;0;2;7;0;B01
201400036910;0;10;0;0;9;1;9;A01
201400036911;0;1;0;0;2;1;19;B01
201400036911;0;37;3;0;2;2;15;A01
201400036912;0;34;0;0;2;1;2;B01
201400036912;0;7;0;0;2;6;15;A01
201400036913;0;32;0;0;0;8;15;B01
201400036913;0;7;0;0;2;1;16;A01
201400036914;0;7;0;0;2;2;15;A01
201400036914;0;32;0;0;2;2;1;B01
201400036915;0;13;0;0;2;3;1;B01
201400036915;0;7;0;0;2;1;13;A01
201400036916;0;33;0;0;2;1;21;C01
201400036916;0;33;0;0;2;1;5;A01
201400036916;0;7;0;0;2;3;1;B01
201400036917;0;7;0;0;2;2;15;A01
201400036917;0;33;0;0;2;2;1;B01
201400036918;0;7;0;0;2;4;23;D01
201400036918;0;7;0;0;2;1;1;A01
201400036918;0;7;0;0;2;4;23;B01
201400036918;0;3;0;0;2;4;23;C01
201400036919;0;32;0;4;0;3;1;A01
201400036920;0;37;6;0;1;2;1;A01
201400036921;0;7;0;12;1;1;1;A01
201400036922;0;2;0;1;0;0;9;A01
201400036922;0;7;0;1;0;2;2;B01
201400036923;0;7;0;0;2;9;2;D01
201400036923;0;7;0;0;2;9;2;C01
201400036923;0;7;0;0;2;9;11;A01
201400036923;0;33;0;0;2;1;2;B01
201400036924;0;1;0;0;2;0;1;B01
201400036924;0;7;0;0;2;7;19;A01
201400036925;0;10;0;0;0;0;0;A01
201400036925;0;7;0;0;0;0;0;B01
201400036926;0;7;0;16;0;9;13;A01
201400036927;0;2;0;0;1;8;2;A01
201400036928;0;33;0;0;0;1;1;B01
201400036928;0;7;0;0;0;1;15;A01
201400036929;0;7;0;8;0;1;0;A01
201400036930;0;7;0;0;2;2;1;B01
201400036930;0;7;0;0;2;0;15;A01
201400036930;0;33;0;0;2;3;23;C01
201400036931;0;7;0;0;1;5;1;A01
201400036932;0;7;0;0;0;1;0;A01
201400036932;0;7;0;0;0;6;0;B01
201400036933;0;7;0;0;2;1;1;B01
201400036933;0;2;0;0;2;1;13;A01
201400036934;0;99;0;0;1;3;1;A01
201400036935;0;7;0;0;1;2;1;A01
201400036936;0;7;0;0;0;2;11;A01
201400036936;0;33;0;0;2;1;1;B01
201400036937;0;7;0;15;0;7;1;A01
201400036938;0;7;0;0;9;1;1;A01
201400036938;0;1;0;0;2;7;1;B01
201400036939;0;7;0;0;1;2;1;A01
201400036940;0;7;0;1;1;2;14;A01
201400036941;0;10;0;0;2;1;2;A01
201400036941;0;7;0;0;2;3;2;B01
201400036941;0;7;0;0;0;6;2;C01
201400036942;0;7;0;0;2;8;15;B01
201400036942;0;33;0;0;2;1;17;A01
201400036943;0;7;0;0;2;8;15;B01
201400036943;0;2;0;0;2;1;17;A01
201400036944;0;30;0;12;0;0;0;A01
201400036945;0;2;0;0;1;1;2;A01
201400036946;0;10;0;0;2;3;1;A01
201400036946;0;30;0;0;2;8;1;B01
201400036947;0;7;0;0;2;1;1;B01
201400036947;0;30;0;0;2;7;19;A01
201400036948;0;7;0;0;0;3;2;B01
201400036948;0;2;0;0;0;1;2;A01
201400036949;0;7;0;0;2;2;9;A01
201400036949;0;33;0;0;2;3;0;B01
201400036950;0;7;0;0;2;1;5;A01
201400036950;0;33;0;0;2;1;2;B01
201400036951;0;7;0;0;2;1;2;C01
201400036951;0;7;0;0;2;1;1;B01
201400036951;0;33;0;0;2;1;5;A01
201400036952;0;7;0;0;2;2;9;A01
201400036952;0;2;0;0;2;1;1;B01
201400036953;0;33;0;0;0;1;21;A01
201400036953;1;7;0;0;2;0;1;Z01
201400036954;0;33;0;0;1;1;1;A01
201400036955;0;7;0;0;0;5;2;B01
201400036955;0;7;0;0;2;1;2;A01
201400036956;0;7;0;0;2;2;3;A01
201400036956;0;31;0;0;2;3;3;B01
201400036957;0;34;0;0;2;5;3;A01
201400036957;0;7;0;0;2;3;1;B01
201400036958;1;7;0;0;2;1;2;Z01
201400036958;0;7;0;0;2;4;2;B01
201400036959;0;31;0;0;1;1;2;A01
201400036960;1;7;0;0;1;3;0;Z01
201400036961;2;7;0;0;2;3;1;A01
201400036961;0;7;0;0;2;8;15;B01
201400036962;0;7;0;0;2;4;2;B01
201400036962;0;7;0;0;2;1;2;A01
201400036963;0;32;0;0;2;0;0;A01
201400036963;0;7;0;0;2;0;0;B01
201400036964;0;7;0;0;2;4;1;B01
201400036964;0;7;0;0;2;4;0;A01
201400036964;0;7;0;0;2;1;1;C01
201400036965;0;7;0;0;2;3;9;A01
201400036965;0;33;0;0;2;1;17;B01
201400036966;0;2;0;0;2;1;1;B01
201400036966;0;7;0;0;2;1;15;A01
201400036967;0;7;0;0;2;7;15;A01
201400036967;0;33;0;0;2;1;1;B01
201400036968;0;7;0;0;1;4;4;A01
201400036969;0;10;0;0;2;2;12;A01
201400036969;0;33;0;0;2;6;2;B01
201400036970;0;33;0;0;0;1;17;A01
201400036970;0;7;0;0;0;0;15;B01
201400036971;0;7;0;0;1;2;2;A01
201400036972;0;7;0;0;2;1;1;A01
201400036972;0;7;0;0;0;2;15;B01
201400036973;1;7;0;8;0;0;0;Z01
201400036973;0;7;0;8;0;1;1;A01
201400036974;0;7;0;0;2;1;1;A01
201400036974;0;7;0;0;2;4;1;B01
201400036975;0;7;0;0;1;2;0;A01
201400036976;0;7;0;0;2;1;2;A01
201400036976;0;7;0;0;0;4;23;B01
201400036977;0;7;0;0;2;9;13;B01
201400036977;0;33;0;0;2;2;2;A01
201400036978;0;7;0;0;2;2;1;B01
201400036978;0;7;0;0;2;2;13;A01
201400036979;1;32;0;0;2;3;1;Z01
201400036979;0;30;0;0;2;3;1;A01
201400036980;0;30;0;0;2;1;0;A01
201400036980;0;7;0;0;2;1;15;B01
201400036981;0;7;0;0;1;4;4;A01
201400036982;0;34;0;14;0;2;1;A01
201400036983;0;14;0;0;0;0;0;C01
201400036983;0;7;0;0;2;3;2;B01
201400036983;0;7;0;0;2;3;21;A01
201400036984;0;7;0;0;1;1;0;A01
201400036985;0;33;0;0;1;2;0;A01
201400036986;0;7;0;0;1;2;1;A01
201400036987;0;2;0;0;1;1;5;A01
201400036988;0;1;0;0;0;5;1;B01
201400036988;0;7;0;0;2;5;9;A01
201400036989;0;7;0;1;1;1;2;A01
201400036989;0;7;0;0;0;4;0;B01
201400036990;0;34;0;0;2;1;19;A01
201400036990;0;7;0;0;2;2;1;B01
201400036991;0;7;0;0;1;2;0;A01
201400036992;0;34;0;11;0;0;1;A01
201400036993;0;7;0;1;0;5;1;B01
201400036993;0;7;0;1;0;1;14;A01
201400036994;0;32;0;0;2;6;15;B01
201400036994;0;7;0;0;2;1;15;A01
201400036995;0;10;0;0;2;3;15;B01
201400036995;0;32;0;1;2;1;1;A01
201400036996;0;99;0;0;2;4;1;B01
201400036996;0;99;0;0;2;1;2;A01
201400036997;0;10;0;0;0;1;9;A01
201400036997;0;7;0;0;2;3;1;B01
201400036998;0;7;0;0;2;1;19;B01
201400036998;0;32;0;0;2;0;17;A01
201400036999;0;7;0;0;2;1;2;A01
201400036999;0;7;0;0;2;4;23;B01
201400036999;0;7;0;0;2;4;23;C01
201400037000;0;7;0;0;2;3;5;A01
201400037000;0;7;0;0;2;3;1;B01
201400037001;0;34;0;0;2;3;2;A01
201400037001;0;7;0;0;2;2;2;B01
201400037002;0;7;0;0;2;4;2;B01
201400037002;0;32;0;0;2;1;2;A01
201400037003;0;33;0;0;2;1;1;B01
201400037003;0;7;0;0;2;5;15;A01
201400037003;0;7;0;0;2;3;1;C01
201400037004;0;7;0;0;2;2;0;B01
201400037004;0;30;0;0;2;1;13;A01
201400037005;0;10;0;0;1;4;4;A01
201400037006;0;10;0;0;2;6;1;B01
201400037006;0;7;0;0;2;2;2;A01
201400037007;0;7;0;0;2;2;1;A01
201400037007;0;31;0;0;2;6;1;B01
201400037008;0;30;0;0;0;0;0;A01
201400037009;0;7;0;0;2;3;19;B01
201400037009;0;30;0;0;2;1;1;A01
201400037010;0;1;0;0;2;8;13;B01
201400037010;0;7;0;0;9;2;17;A01
201400037011;0;30;0;0;2;8;1;A01
201400037011;1;7;0;0;2;0;0;Z01
201400037012;0;30;0;0;2;8;1;B01
201400037012;0;7;0;0;2;3;0;A01
201400037013;0;2;0;0;0;0;0;B01
201400037013;0;7;0;0;0;0;0;A01
201400037014;0;10;0;0;1;3;1;A01
201400037015;0;7;0;0;1;1;1;A01
201400037016;0;7;0;0;1;7;1;A01
201400037017;0;33;0;0;2;7;2;B01
201400037017;0;7;0;0;2;8;2;A01
201400037018;0;7;0;0;2;2;1;A01
201400037018;0;31;0;0;2;1;1;B01
201400037019;0;10;0;0;2;2;15;A01
201400037019;0;32;0;0;2;1;1;B01
201400037020;0;7;0;0;1;1;1;A01
201400037021;0;32;0;0;1;1;1;A01
201400037022;0;7;0;0;2;2;15;A01
201400037022;0;7;0;0;2;6;19;B01
201400037023;1;7;0;0;2;8;0;A01
201400037023;0;30;0;0;2;7;1;B01
201400037024;0;7;0;0;2;3;13;A01
201400037024;0;7;0;0;2;3;1;B01
201400037025;0;30;0;0;2;8;1;A01
201400037025;0;7;0;0;2;2;1;B01
201400037026;0;10;0;0;1;1;9;A01
201400037027;0;7;0;0;1;2;1;A01
201400037028;0;2;0;0;2;1;1;B01
201400037028;0;7;0;0;0;1;15;A01
201400037029;0;7;0;6;0;0;0;A01
201400037030;0;7;0;0;1;2;0;A01
201400037031;0;7;0;0;1;3;15;A01
201400037032;0;7;0;6;0;1;1;A01
201400037033;0;7;0;0;2;1;1;C01
201400037033;0;33;0;0;2;1;17;A01
201400037033;0;7;0;0;2;8;13;B01
201400037034;0;7;0;0;2;1;1;B01
201400037034;2;7;0;0;2;7;15;A01
201400037035;0;7;0;0;1;8;2;A01
201400037036;0;7;0;0;2;8;0;A01
201400037036;0;7;0;0;2;1;0;B01
201400037037;0;7;0;0;2;4;23;B01
201400037037;0;7;0;0;2;1;1;A01
201400037038;0;7;0;0;1;2;0;A01
201400037039;0;7;0;0;2;8;11;A01
201400037039;0;14;0;0;2;2;1;B01
201400037039;0;10;0;0;2;1;1;C01
201400037040;0;7;0;0;2;3;1;B01
201400037040;0;7;0;0;2;7;1;A01
201400037041;0;2;0;0;9;8;2;A01
201400037041;0;2;0;0;9;7;2;B01
201400037042;1;99;0;0;2;1;2;A01
201400037042;0;7;0;0;0;0;0;B01
201400037043;0;7;0;0;0;8;0;A01
201400037044;0;7;0;0;1;1;1;A01
201400037045;0;7;0;0;1;1;1;A01
201400037046;0;7;0;0;2;2;15;A01
201400037046;0;33;0;0;2;1;1;B01
201400037047;0;2;0;0;2;8;16;B01
201400037047;1;7;0;0;2;0;0;Z01
201400037048;0;7;0;2;0;1;18;A01
201400037049;0;33;0;0;2;1;1;A01
201400037049;0;7;0;0;2;6;2;B01
201400037050;0;7;0;0;2;1;1;A01
201400037050;0;34;0;0;2;4;23;B01
201400037051;0;17;0;0;2;7;17;A01
201400037051;0;1;0;12;2;8;1;B01
201400037052;0;7;0;2;0;1;16;A01
201400037053;0;7;0;3;2;1;14;A01
201400037053;0;1;0;3;2;4;1;B01
201400037054;0;7;0;0;2;1;0;B01
201400037054;0;2;0;0;2;8;0;A01
201400037055;0;33;0;0;2;1;1;A01
201400037055;1;7;0;0;2;5;15;Z01
201400037056;0;7;0;0;2;2;1;B01
201400037056;1;7;0;15;2;0;1;A01
201400037057;0;7;0;0;0;0;0;A01
201400037057;0;30;0;0;0;0;0;B01
201400037058;0;33;0;0;2;8;1;B01
201400037058;0;10;0;0;2;3;15;A01
201400037059;0;7;0;0;0;1;11;A01
201400037060;0;2;0;0;0;0;1;B01
201400037060;0;7;0;0;0;0;11;A01
201400037061;0;10;0;0;1;1;1;A01
201400037062;0;7;0;0;2;6;10;A01
201400037062;0;31;0;0;2;8;17;B01
201400037063;2;10;0;8;2;1;2;A01
201400037063;0;7;0;0;2;1;2;B01
201400037064;0;7;0;0;2;1;1;A01
201400037064;0;7;0;0;0;8;10;B01
201400037065;0;7;0;15;0;1;1;A01
201400037066;0;7;0;0;1;4;4;A01
201400037067;0;33;0;8;0;1;17;A01
201400037068;0;7;0;0;2;2;1;B01
201400037068;0;7;0;0;2;3;13;A01
201400037069;0;37;10;0;1;8;0;A01
201400037070;0;7;0;0;1;2;1;B01
201400037071;0;2;0;1;0;1;0;B01
201400037071;0;7;0;0;0;4;0;A01
201400037072;0;10;0;0;4;7;1;A01
201400037073;0;2;0;0;2;1;1;A01
201400037073;0;7;0;0;0;4;1;B01
201400037074;0;7;0;8;0;1;1;A01
201400037075;0;7;0;0;2;1;15;A01
201400037075;0;2;0;0;2;1;1;B01
201400037076;0;7;0;0;9;2;1;A01
201400037076;0;1;0;0;0;8;1;C01
201400037077;0;33;0;0;2;8;1;A01
201400037077;0;7;0;0;2;1;1;B01
201400037078;0;7;0;0;9;0;1;B01
201400037078;0;7;0;0;2;1;17;C01
201400037078;0;1;0;0;0;8;19;A01
201400037079;0;1;0;0;2;1;1;B01
201400037079;0;7;0;0;9;1;1;A01
201400037080;0;7;0;0;2;1;1;A01
201400037080;0;1;0;0;2;8;15;B01
201400037081;0;7;0;0;2;3;9;A01
201400037081;0;7;0;0;2;2;1;B01
201400037082;0;36;0;0;2;1;5;A01
201400037082;0;21;0;0;2;1;1;B01
201400037083;0;7;0;0;2;2;1;B01
201400037083;0;7;0;0;2;3;15;A01
201400037084;0;2;0;14;0;1;21;A01
201400037084;0;7;0;0;2;6;23;B01
201400037085;0;31;0;0;2;1;1;B01
201400037085;0;10;0;0;2;3;19;A01
201400037086;0;7;0;0;1;1;9;A01
201400037087;0;7;0;0;2;3;1;A01
201400037087;0;1;0;0;2;7;1;B01
201400037088;0;7;0;14;0;3;1;A01
201400037088;0;1;0;0;2;4;3;B01
201400037088;0;1;0;0;2;8;2;C01
201400037089;0;7;0;0;2;7;1;B01
201400037089;2;7;0;0;2;1;9;A01
201400037090;0;7;0;0;2;3;13;A01
201400037090;0;15;0;0;2;3;1;B01
201400037091;0;7;0;0;1;3;9;A01
201400037092;0;7;0;0;2;2;1;A01
201400037092;0;2;0;0;2;1;1;B01
201400037093;0;7;0;0;2;3;15;A01
201400037093;0;2;0;0;2;2;1;B01
201400037094;0;30;0;0;2;1;1;A01
201400037094;0;7;0;0;2;1;13;B01
201400037095;0;7;0;13;0;1;1;A01
201400037096;0;1;0;0;0;4;2;B01
201400037096;0;10;0;0;2;1;2;A01
201400037097;0;30;0;0;0;0;15;A01
201400037098;0;2;0;0;0;8;0;B01
201400037098;0;7;0;0;2;2;0;A01
201400037099;0;7;0;0;1;2;1;A01
201400037100;0;7;0;0;1;1;1;A01
201400037101;0;10;0;0;1;2;1;A01
201400037102;0;7;0;0;1;2;1;A01
201400037103;0;7;0;0;2;3;1;A01
201400037103;0;7;0;0;2;5;15;B01
201400037104;0;7;0;0;2;3;15;A01
201400037104;0;1;0;0;2;8;1;B01
201400037105;0;14;0;2;2;9;13;A01
201400037105;0;7;0;0;2;1;1;B01
201400037106;0;10;0;0;2;3;1;A01
201400037106;0;1;0;0;0;8;19;B01
201400037107;0;33;0;11;2;1;13;A01
201400037107;0;7;0;0;2;1;1;B01
201400037108;0;10;0;0;1;8;1;A01
201400037109;0;1;0;0;2;7;9;B01
201400037109;0;10;0;0;9;1;9;A01
201400037110;0;10;0;15;1;7;1;A01
201400037111;0;7;0;1;0;1;14;A01
201400037112;0;7;0;0;0;3;1;B01
201400037112;0;33;0;0;2;1;1;A01
201400037113;0;7;0;0;2;7;1;B01
201400037113;0;7;0;0;2;1;1;A01
201400037114;0;20;0;0;2;4;4;A01
201400037114;0;7;0;0;2;1;23;B01
201400037115;0;14;0;0;2;7;1;A01
201400037115;0;1;0;0;0;8;1;B01
201400037116;0;7;0;2;0;1;1;A01
201400037117;0;7;0;0;0;3;1;B01
201400037117;0;7;0;0;2;1;13;A01
201400037118;0;33;0;0;1;1;0;A01
201400037119;0;10;0;0;1;3;1;A01
201400037120;0;15;0;0;2;5;2;B01
201400037120;0;31;0;0;2;1;2;A01
201400037121;0;10;0;0;0;6;9;A01
201400037121;0;2;0;0;2;1;1;B01
201400037122;0;7;0;0;1;1;1;A01
201400037123;0;7;0;0;2;3;9;A01
201400037123;0;33;0;0;2;1;1;B01
201400037124;0;7;0;0;2;8;1;B01
201400037124;0;7;0;0;2;3;15;A01
201400037125;0;7;0;0;2;1;0;A01
201400037125;0;1;0;0;2;9;0;B01
201400037126;0;33;0;11;0;1;17;A01
201400037127;1;7;0;0;1;1;20;A01
201400037128;0;2;0;0;2;1;15;A01
201400037128;0;10;0;0;0;3;1;B01
201400037129;0;7;0;0;1;3;1;A01
201400037130;0;7;0;0;1;2;1;A01
201400037131;0;10;0;0;2;1;13;A01
201400037131;0;10;0;0;2;1;1;B01
201400037132;0;10;0;0;1;1;1;A01
201400037133;0;10;0;8;0;1;1;A01
201400037134;0;10;0;0;1;2;1;A01
201400037135;0;30;0;0;2;1;1;B01
201400037135;0;7;0;0;2;2;15;A01
201400037136;0;10;0;0;1;6;15;A01
201400037137;0;7;0;0;2;1;1;B01
201400037137;0;7;0;3;2;1;5;A01
201400037138;0;7;0;0;2;7;5;A01
201400037138;0;7;0;0;2;1;1;B01
201400037139;0;7;0;0;2;2;5;A01
201400037139;0;7;0;0;2;8;1;B01
201400037139;0;7;0;0;2;1;1;C01
201400037140;0;33;0;0;2;8;21;A01
201400037140;0;7;0;0;2;3;1;B01
201400037141;0;7;0;0;1;1;1;A01
201400037142;0;7;0;0;1;7;1;A01
201400037143;0;30;0;0;2;8;5;A01
201400037143;0;7;0;0;2;2;1;B01
201400037144;0;7;0;0;2;3;15;A01
201400037144;0;7;0;0;2;1;1;B01
201400037145;0;7;0;0;2;1;1;B01
201400037145;0;7;0;0;2;7;0;A01
201400037146;0;7;0;0;1;1;0;A01
201400037147;0;7;0;0;2;1;15;A01
201400037147;0;2;0;0;2;1;1;B01
201400037148;0;1;0;0;2;9;0;B01
201400037148;1;7;0;0;0;0;0;A01
201400037149;0;7;0;0;0;1;1;A01
201400037150;0;7;0;13;0;9;1;A01
201400037150;0;7;0;0;0;0;1;B01
201400037151;0;10;0;0;2;8;1;B01
201400037151;0;2;0;0;2;1;19;A01
201400037152;0;7;0;0;1;3;1;A01
201400037153;0;30;0;0;2;7;1;B01
201400037153;0;7;0;0;2;3;9;A01
201400037154;0;7;0;0;2;0;1;A01
201400037154;0;1;0;0;2;1;19;B01
201400037155;0;7;0;0;1;1;16;A01
201400037156;0;7;0;0;2;1;9;A01
201400037156;0;7;0;0;2;7;1;B01
201400037157;0;7;0;0;2;3;13;A01
201400037157;0;7;0;0;2;3;1;B01
201400037158;0;2;0;8;0;1;1;A01
201400037159;0;7;0;0;2;1;15;A01
201400037159;0;32;0;0;2;1;1;B01
201400037160;0;7;0;0;1;2;1;A01
201400037161;0;2;0;0;2;1;17;B01
201400037161;0;7;0;0;0;0;15;A01
201400037162;0;7;0;0;2;6;2;B01
201400037162;0;33;0;0;2;3;13;A01
201400037163;0;7;0;0;2;1;0;A01
201400037163;0;7;0;0;2;3;1;B01
201400037164;0;7;0;0;2;3;9;A01
201400037164;0;32;0;0;2;7;1;B01
201400037165;0;7;0;0;1;1;1;A01
201400037166;0;7;0;0;2;1;13;A01
201400037166;0;7;0;0;2;1;1;B01
201400037167;1;7;0;0;1;2;1;Z01
201400037168;0;33;0;0;2;8;3;A01
201400037168;0;7;0;0;2;3;1;B01
201400037169;0;1;0;0;2;1;1;B01
201400037169;0;37;1;0;2;5;17;A01
201400037170;0;7;0;0;2;2;1;A01
201400037170;0;1;0;0;2;8;13;B01
201400037171;0;31;0;14;0;1;1;A01
201400037172;0;1;0;0;1;1;1;A01
201400037173;0;7;0;0;1;4;4;A01
201400037174;0;7;0;0;2;3;1;B01
201400037174;0;30;0;0;2;1;9;A01
201400037175;0;32;0;0;2;1;2;A01
201400037175;0;10;0;0;2;4;2;B01
201400037176;0;33;0;0;2;1;1;B01
201400037176;0;7;0;0;2;3;10;A01
201400037177;0;1;0;0;2;8;19;A01
201400037177;0;7;0;0;2;3;16;B01
201400037178;0;7;0;0;1;2;1;A01
201400037179;0;2;0;0;2;0;1;B01
201400037179;0;7;0;0;2;0;0;A01
201400037180;0;30;0;0;2;1;1;A01
201400037180;0;7;0;0;2;2;16;B01
201400037181;0;7;0;0;2;3;24;A01
201400037181;0;30;0;1;0;2;1;B01
201400037182;0;7;0;0;2;3;10;A01
201400037182;0;31;0;0;2;1;17;B01
201400037183;0;30;0;9;0;7;1;A01
201400037184;0;2;0;0;2;1;1;B01
201400037184;0;2;0;0;2;2;1;A01
201400037185;0;7;0;13;0;9;1;A01
201400037186;0;7;0;0;2;1;1;B01
201400037186;2;7;0;0;2;1;13;A01
201400037187;0;7;0;0;2;3;1;C01
201400037187;0;7;0;0;2;1;17;A01
201400037187;0;7;0;0;2;8;1;B01
201400037188;0;7;0;0;2;3;9;A01
201400037188;0;1;0;0;2;7;1;B01
201400037189;0;7;0;6;2;7;1;B01
201400037189;0;10;0;0;2;1;1;A01
201400037190;1;7;0;0;2;0;20;Z01
201400037190;0;1;0;0;2;3;1;B01
201400037191;0;32;0;0;1;1;1;A01
201400037192;0;30;0;0;2;1;1;B01
201400037192;0;7;0;0;2;8;9;A01
201400037193;0;7;0;0;2;3;9;A01
201400037193;0;1;0;0;2;2;1;B01
201400037194;0;1;0;0;2;2;13;A01
201400037194;0;1;0;0;2;1;1;B01
201400037195;0;7;0;0;2;2;1;B01
201400037195;0;1;0;0;2;7;19;A01
201400037196;0;7;0;0;2;7;14;A01
201400037196;0;1;0;0;2;8;1;B01
201400037197;0;30;0;0;9;7;14;A01
201400037198;0;33;0;0;2;1;1;B01
201400037198;0;7;0;0;2;1;9;A01
201400037199;0;7;0;0;1;1;1;A01
201400037200;0;1;0;0;2;7;1;B01
201400037200;0;2;0;0;2;3;9;A01
201400037201;0;7;0;0;2;2;1;A01
201400037201;0;1;0;0;2;1;15;B01
201400037202;0;7;0;0;2;2;16;A01
201400037202;0;30;0;0;2;3;1;B01
201400037203;0;1;0;0;2;1;5;A01
201400037203;0;7;0;0;2;2;1;B01
201400037204;0;1;0;0;2;7;1;B01
201400037204;0;7;0;0;2;3;22;A01
201400037204;0;7;0;0;2;2;14;C01
201400037205;0;1;0;0;2;1;1;B01
201400037205;0;7;0;0;2;2;9;A01
201400037206;0;33;0;0;2;2;1;B01
201400037206;0;7;0;0;2;8;9;A01
201400037207;0;7;0;0;1;1;14;A01
201400037208;0;30;0;0;2;7;1;B01
201400037208;0;7;0;0;2;3;9;A01
201400037209;0;7;0;0;1;1;1;A01
201400037210;0;7;0;0;1;2;1;A01
201400037211;0;7;0;0;1;2;6;A01
201400037212;0;1;0;0;2;1;1;B01
201400037212;0;7;0;0;2;2;9;A01
201400037213;0;7;0;0;1;2;1;A01
201400037214;0;10;0;0;2;1;15;A01
201400037214;0;2;0;0;2;3;1;B01
201400037215;0;21;0;0;0;0;0;A01
201400037215;0;33;0;13;9;9;1;B01
201400037216;0;7;0;0;1;6;4;A01
201400037217;0;7;0;4;2;2;15;A01
201400037217;0;33;0;0;2;1;1;B01
201400037218;0;2;0;0;1;1;1;A01
201400037219;0;7;0;0;1;2;15;A01
201400037220;0;7;0;0;1;2;1;A01
201400037221;0;7;0;0;1;5;4;A01
201400037222;0;7;0;0;1;1;1;A01
201400037223;0;30;0;0;2;2;1;B01
201400037223;0;7;0;0;2;3;9;A01
201400037224;0;7;0;0;2;3;1;B01
201400037224;0;1;0;0;2;1;5;A01
201400037225;0;7;0;0;2;1;5;A01
201400037225;0;7;0;0;2;8;1;B01
201400037225;0;7;0;0;2;8;1;C01
201400037225;0;7;0;0;2;1;1;D01
201400037226;0;1;0;0;2;1;5;A01
201400037226;0;7;0;0;2;1;1;B01
201400037227;0;7;0;0;2;3;9;A01
201400037227;0;2;0;0;2;1;1;B01
201400037228;0;7;0;0;2;3;5;A01
201400037228;0;7;0;0;2;8;1;B01
201400037229;0;32;0;14;0;1;1;A01
201400037230;0;7;0;0;1;2;1;A01
201400037231;0;33;0;0;2;1;16;A01
201400037231;0;7;0;0;2;3;23;B01
201400037232;0;10;0;0;1;2;1;A01
201400037233;0;10;0;0;1;3;1;A01
201400037234;0;7;0;0;1;2;1;A01
201400037235;0;7;0;0;1;3;1;A01
201400037236;0;7;0;0;2;2;1;B01
201400037236;0;1;0;2;2;1;1;A01
201400037237;0;7;0;0;2;3;13;A01
201400037237;0;7;0;0;2;3;1;B01
201400037238;0;33;0;0;1;0;11;A01
201400037238;0;7;0;0;2;6;13;B01
201400037239;0;30;0;0;2;7;2;A01
201400037239;0;30;0;0;2;8;2;B01
201400037240;0;10;0;0;2;1;1;B01
201400037240;0;7;0;0;2;2;15;A01
201400037241;0;30;0;0;2;3;17;A01
201400037241;0;7;0;0;2;8;1;B01
201400037241;0;7;0;0;2;7;1;C01
201400037242;0;7;0;0;2;3;15;A01
201400037242;0;1;0;0;2;1;23;B01
201400037243;0;7;0;0;1;3;1;A01
201400037244;0;7;0;0;2;7;1;B01
201400037244;0;7;0;0;2;1;1;A01
201400037245;0;2;0;0;2;1;1;B01
201400037245;0;10;0;0;2;3;9;A01
201400037246;0;7;0;0;2;3;0;A01
201400037246;0;7;0;0;2;1;1;B01
201400037247;0;7;0;6;0;1;1;A01