num_acc;senc;catv;occutc;obs;obsm;choc;manv;num_veh
201400037612;0;7;0;0;2;4;2;C01
201400037612;0;7;0;0;2;1;2;A01
201400037613;0;7;0;0;2;1;15;A01
201400037613;0;33;0;0;2;1;1;B01
201400037614;0;7;0;0;2;4;2;B01
201400037614;0;7;0;0;2;1;2;A01
201400037615;0;7;0;0;2;3;15;A01
201400037615;0;33;0;0;2;0;1;B01
201400037616;0;7;0;3;0;1;15;A01
201400037617;0;10;0;0;2;1;2;A01
201400037617;0;10;0;6;0;4;23;B01
201400037618;0;7;0;0;2;2;15;A01
201400037618;0;1;0;0;2;1;1;B01
201400037619;0;7;0;0;2;1;15;A01
201400037619;0;33;0;0;2;0;17;B01
201400037620;0;7;0;0;1;4;4;A01
201400037621;0;7;0;0;2;2;2;A01
201400037621;0;30;0;0;2;4;2;B01
201400037622;0;7;0;0;2;1;2;A01
201400037622;0;7;0;0;2;4;23;B01
201400037623;0;7;0;0;2;5;2;B01
201400037623;0;34;0;0;2;3;2;A01
201400037624;0;7;0;0;2;1;9;B01
201400037624;0;2;0;0;2;5;15;A01
201400037625;0;7;0;0;1;7;1;A01
201400037626;0;7;0;0;1;3;9;A01
201400037627;0;7;0;2;0;1;1;A01
201400037628;0;7;0;2;0;2;1;A01
201400037629;0;7;0;0;2;5;15;A01
201400037629;0;2;0;0;2;1;1;B01
201400037630;0;33;0;0;2;7;1;B01
201400037630;0;7;0;0;2;3;9;A01
201400037631;0;7;0;0;2;8;1;B01
201400037631;0;7;0;0;2;2;15;A01
201400037632;0;7;0;0;1;3;1;A01
201400037633;0;7;0;0;2;2;9;A01
201400037633;0;33;0;1;2;1;1;B01
201400037634;0;2;0;0;5;1;1;A01
201400037635;0;33;0;1;0;1;1;A01
201400037636;0;7;0;0;2;1;9;A01
201400037636;0;10;0;0;2;2;1;B01
201400037637;0;7;0;0;2;2;23;C01
201400037637;0;7;0;0;2;1;9;A01
201400037637;0;33;0;0;2;7;1;B01
201400037638;0;33;0;1;2;4;9;B01
201400037638;0;7;0;0;2;2;1;A01
201400037639;0;7;0;0;2;6;23;C01
201400037639;0;7;0;0;2;2;0;A01
201400037639;0;7;0;0;2;8;21;B01
201400037640;0;7;0;0;2;4;1;B01
201400037640;0;7;0;0;2;1;2;A01
201400037640;0;7;0;0;2;4;1;C01
201400037641;0;7;0;0;2;3;23;B01
201400037641;0;3;0;0;2;6;4;A01
201400037642;0;7;0;0;2;2;1;B01
201400037642;0;7;0;0;2;2;15;A01
201400037643;1;99;0;0;2;2;0;Z01
201400037643;0;30;0;0;2;3;9;A01
201400037644;0;10;0;0;1;2;1;A01
201400037645;0;30;0;0;2;7;17;B01
201400037645;0;7;0;0;2;3;15;A01
201400037646;0;2;0;0;2;1;1;B01
201400037646;0;7;0;0;2;3;9;A01
201400037647;0;30;0;9;0;2;0;A01
201400037648;0;2;0;3;0;1;1;A01
201400037649;0;7;0;0;2;2;22;A01
201400037649;0;7;0;0;2;3;1;C01
201400037649;0;1;0;0;2;1;3;B01
201400037650;0;33;0;1;2;8;1;A01
201400037650;1;99;0;0;0;0;0;Z01
201400037651;0;10;0;0;1;2;15;A01
201400037652;0;7;0;0;2;6;16;A01
201400037652;0;7;0;0;2;2;1;B01
201400037653;0;7;0;0;2;2;15;A01
201400037653;0;10;0;0;2;2;1;B01
201400037654;0;7;0;0;2;1;1;A01
201400037654;0;7;0;0;2;3;15;B01
201400037655;0;7;0;0;1;1;1;A01
201400037656;0;36;0;6;0;1;1;A01
201400037657;0;7;0;0;2;7;1;A01
201400037657;0;7;0;0;2;1;1;B01
201400037658;0;7;0;0;2;3;23;B01
201400037658;0;30;0;0;2;7;1;A01
201400037659;0;7;0;0;2;3;13;A01
201400037659;0;1;0;0;2;2;14;B01
201400037660;0;7;0;7;2;7;1;A01
201400037660;0;7;0;0;2;1;1;B01
201400037661;1;30;0;1;0;1;1;Z01
201400037662;0;10;0;0;1;3;15;A01
201400037663;0;7;0;0;2;1;2;A01
201400037663;0;7;0;0;2;4;1;B01
201400037664;0;7;0;0;2;8;10;A01
201400037664;0;33;0;0;2;1;1;B01
201400037665;0;7;0;15;0;1;0;A01
201400037666;0;30;0;0;2;3;1;A01
201400037666;0;7;0;0;2;3;15;B01
201400037667;0;10;0;0;2;1;2;A01
201400037667;0;7;0;0;2;4;23;B01
201400037668;0;31;0;0;0;7;0;A01
201400037669;0;7;0;0;2;5;15;A01
201400037669;0;10;0;0;2;1;1;B01
201400037670;0;7;0;0;2;2;15;A01
201400037670;0;2;0;0;2;1;1;B01
201400037671;0;33;0;0;2;1;1;B01
201400037671;0;7;0;0;2;7;0;A01
201400037672;0;7;0;0;2;4;2;B01
201400037672;0;7;0;0;2;1;2;A01
201400037673;0;7;0;4;0;1;1;A01
201400037674;0;30;0;0;0;8;1;A01
201400037675;0;7;0;0;2;1;13;A01
201400037675;0;2;0;0;2;1;1;B01
201400037676;0;15;0;12;0;7;1;A01
201400037677;0;7;0;0;2;1;15;A01
201400037677;0;7;0;0;2;1;1;B01
201400037678;0;34;0;0;2;1;1;B01
201400037678;0;7;0;0;2;6;9;A01
201400037679;0;33;0;9;0;1;1;A01
201400037680;0;7;0;4;0;1;1;A01
201400037681;0;7;0;0;2;7;15;A01
201400037681;0;33;0;0;2;1;1;B01
201400037682;1;7;0;0;1;2;1;Z01
201400037683;0;7;0;3;2;1;13;A01
201400037683;0;15;0;3;2;3;1;B01
201400037684;0;33;0;0;0;7;1;A01
201400037685;0;7;0;0;2;3;1;C01
201400037685;0;7;0;0;2;1;15;A01
201400037685;0;7;0;0;2;8;1;B01
201400037686;0;7;0;0;2;3;10;A01
201400037686;0;33;0;0;2;7;1;B01
201400037687;0;7;0;4;0;1;1;A01
201400037688;0;7;0;0;1;4;4;A01
201400037689;0;7;0;4;0;1;1;A01
201400037690;0;7;0;2;0;1;1;A01
201400037691;0;7;0;12;0;1;1;A01
201400037692;0;2;0;0;0;7;1;A01
201400037693;0;7;0;4;0;9;1;A01
201400037694;0;10;0;0;2;8;11;A01
201400037694;0;2;0;0;2;7;15;B01
201400037695;0;33;0;0;0;8;1;A01
201400037696;0;2;0;13;0;7;1;A01
201400037697;0;2;0;0;2;1;1;A01
201400037697;0;7;0;0;2;2;1;B01
201400037698;0;1;0;0;2;1;1;A01
201400037698;0;7;0;0;2;1;1;B01
201400037699;0;7;0;7;2;7;16;A01
201400037699;0;7;0;0;2;3;1;B01
201400037700;0;31;0;0;0;2;1;B01
201400037700;0;7;0;0;0;0;10;A01
201400037701;0;10;0;0;2;4;2;B01
201400037701;0;31;0;0;2;1;2;A01
201400037702;0;7;0;0;2;4;23;B01
201400037702;0;7;0;0;2;4;1;D01
201400037702;0;7;0;0;2;1;2;A01
201400037702;0;7;0;0;2;4;2;C01
201400037703;0;7;0;0;2;1;2;A01
201400037703;0;7;0;0;2;1;2;C01
201400037703;0;7;0;0;2;4;2;D01
201400037703;0;7;0;0;2;4;2;B01
201400037704;0;30;0;0;0;8;1;A01
201400037705;0;7;0;7;0;1;1;A01
201400037706;0;30;0;0;0;7;1;A01
201400037707;0;7;0;9;0;1;1;A01
201400037708;0;7;0;0;2;1;2;A01
201400037708;0;7;0;0;2;7;16;B01
201400037709;0;2;0;0;2;1;2;A01
201400037709;0;7;0;0;2;4;2;B01
201400037710;0;7;0;0;2;1;1;A01
201400037710;0;7;0;0;2;8;1;B01
201400037711;0;7;0;0;2;1;2;A01
201400037711;0;7;0;0;2;4;2;C01
201400037711;0;7;0;0;2;4;2;B01
201400037712;0;7;0;0;1;2;1;A01
201400037713;0;7;0;0;2;3;15;A01
201400037713;0;31;0;0;2;1;1;B01
201400037714;0;7;0;0;2;5;2;B01
201400037714;0;31;0;0;2;1;2;A01
201400037715;0;7;0;0;2;1;1;B01
201400037715;0;7;0;0;2;8;9;A01
201400037716;0;7;0;0;2;1;1;B01
201400037716;0;7;0;0;2;1;1;A01
201400037717;0;7;0;1;0;2;1;A01
201400037718;0;31;0;0;0;8;0;A01
201400037719;0;7;0;0;2;3;5;A01
201400037719;0;32;0;0;2;3;1;B01
201400037720;0;7;0;0;2;1;15;A01
201400037720;0;33;0;0;2;1;1;B01
201400037721;0;7;0;0;2;8;15;A01
201400037721;0;33;0;0;2;7;17;B01
201400037722;0;7;0;7;0;1;0;A01
201400037723;0;7;0;0;2;2;15;A01
201400037723;0;33;0;0;2;1;1;B01
201400037724;0;7;0;12;0;9;1;A01
201400037725;0;30;0;0;2;1;1;B01
201400037725;0;7;0;0;2;2;15;A01
201400037726;0;30;0;0;2;8;9;A01
201400037726;0;7;0;0;2;1;1;B01
201400037727;0;7;0;0;2;1;2;A01
201400037727;0;7;0;0;2;4;23;B01
201400037728;0;7;0;0;1;2;1;A01
201400037729;0;1;0;0;0;7;1;A01
201400037730;0;1;0;0;2;8;19;B01
201400037730;0;7;0;0;2;2;1;A01
201400037731;0;7;0;0;2;1;1;B01
201400037731;1;7;0;0;2;8;9;A01
201400037732;0;30;0;0;0;1;0;A01
201400037733;0;30;0;0;1;2;1;A01
201400037734;0;37;20;0;0;0;21;B01
201400037734;0;7;0;0;0;0;20;A01
201400037735;0;1;0;0;2;1;1;A01
201400037735;1;7;0;0;2;8;15;Z01
201400037736;0;7;0;0;1;1;0;A01
201400037737;0;33;0;0;1;1;1;A01
201400037738;0;7;0;0;2;5;23;B01
201400037738;0;7;0;0;2;1;2;A01
201400037739;0;7;0;0;2;6;13;A01
201400037739;0;37;3;0;2;2;7;B01
201400037740;0;7;0;0;2;3;15;A01
201400037740;0;37;1;0;2;2;1;B01
201400037741;0;7;0;0;2;1;15;A01
201400037741;0;7;0;0;2;1;1;B01
201400037742;0;7;0;0;2;1;9;A01
201400037742;0;30;0;0;2;1;1;B01
201400037743;0;3;0;0;1;8;1;A01
201400037744;0;33;0;0;2;1;1;B01
201400037744;0;7;0;0;2;5;9;A01
201400037745;0;7;0;0;2;3;13;A01
201400037745;0;7;0;0;2;3;1;B01
201400037746;0;33;0;6;0;1;1;A01
201400037747;0;7;0;6;0;3;1;A01
201400037748;0;7;0;0;2;4;2;B01
201400037748;0;10;0;0;2;1;2;A01
201400037748;0;10;0;0;2;4;2;C01
201400037749;0;7;0;0;1;1;9;A01
201400037750;0;7;0;0;1;3;1;A01
201400037751;0;7;0;0;1;1;1;A01
201400037752;0;7;0;0;2;3;15;A01
201400037752;0;31;0;0;2;1;1;B01
201400037753;0;7;0;12;0;1;1;A01
201400037754;0;30;0;0;2;3;0;A01
201400037754;0;7;0;0;2;3;0;B01
201400037755;0;7;0;0;2;5;15;A01
201400037755;0;1;0;0;2;1;1;B01
201400037756;0;33;0;16;0;0;0;A01
201400037757;0;33;0;0;2;7;1;A01
201400037757;0;7;0;0;2;1;9;B01
201400037758;0;2;0;0;0;8;1;A01
201400037759;0;7;0;6;0;0;1;A01
201400037760;0;2;0;0;0;3;16;A01
201400037761;0;7;0;0;2;4;23;C01
201400037761;0;7;0;0;2;1;2;A01
201400037761;0;7;0;0;2;4;1;B01
201400037762;1;99;0;0;1;2;2;Z01
201400037763;0;7;0;15;0;1;15;A01
201400037764;0;7;0;0;1;1;1;A01
201400037765;0;7;0;8;0;1;1;A01
201400037766;0;7;0;0;2;1;15;A01
201400037766;0;7;0;0;2;2;1;B01
201400037767;0;7;0;0;2;1;9;A01
201400037767;0;7;0;0;2;2;1;B01
201400037768;0;7;0;0;1;3;1;A01
201400037769;0;7;0;0;2;2;15;A01
201400037769;0;32;0;0;2;1;1;B01
201400037770;0;10;0;6;0;3;1;A01
201400037771;0;7;0;0;1;2;15;A01
201400037772;0;33;0;0;2;1;1;B01
201400037772;0;7;0;0;2;5;15;A01
201400037773;0;2;0;0;2;1;1;B01
201400037773;0;7;0;0;2;3;15;A01
201400037774;0;7;0;6;0;4;20;A01
201400037775;0;7;0;0;2;1;1;B01
201400037775;1;7;0;0;2;7;15;A01
201400037776;0;7;0;0;2;2;12;A01
201400037776;0;7;0;0;2;3;1;B01
201400037777;0;7;0;0;2;1;1;A01
201400037777;0;2;0;0;2;1;1;B01
201400037778;0;7;0;0;2;4;21;B01
201400037778;0;7;0;0;2;1;2;A01
201400037779;0;7;0;0;2;1;6;A01
201400037779;0;7;0;0;2;6;1;B01
201400037780;0;7;0;0;2;2;17;A01
201400037780;0;7;0;0;2;6;1;B01
201400037781;0;7;0;0;2;5;15;A01
201400037781;0;30;0;0;2;1;1;B01
201400037782;0;33;0;12;0;0;0;A01
201400037783;0;7;0;1;0;1;1;A01
201400037784;0;7;0;0;2;4;1;B01
201400037784;0;2;0;0;2;1;2;A01
201400037785;0;7;0;0;2;2;9;A01
201400037785;0;7;0;0;2;3;1;B01
201400037786;0;7;0;0;2;1;1;A01
201400037786;0;7;0;0;2;4;1;B01
201400037787;0;7;0;10;2;1;1;A01
201400037788;0;7;0;0;2;1;2;A01
201400037788;0;15;0;0;2;4;2;B01
201400037789;0;1;0;0;0;8;1;A01
201400037790;0;7;0;0;2;1;1;B01
201400037790;0;7;0;0;2;8;9;A01
201400037791;0;30;0;0;0;8;1;A01
201400037792;0;7;0;0;2;1;1;B01
201400037792;0;7;0;0;2;1;13;A01
201400037793;0;7;0;0;0;0;15;A01
201400037793;0;1;0;0;0;0;21;B01
201400037794;0;17;0;0;2;4;1;B01
201400037794;0;7;0;0;2;1;1;A01
201400037795;0;2;0;0;2;1;1;B01
201400037795;0;7;0;0;2;3;10;A01
201400037796;0;17;0;3;0;8;1;A01
201400037797;0;7;0;0;2;4;2;B01
201400037797;0;2;0;0;2;1;2;A01
201400037798;0;7;0;0;2;2;2;A01
201400037798;0;7;0;0;2;6;2;B01
201400037799;0;7;0;0;2;3;10;A01
201400037799;0;7;0;0;2;1;2;B01
201400037800;0;7;0;0;2;3;1;B01
201400037800;0;7;0;0;2;1;13;A01
201400037801;0;7;0;0;2;1;13;A01
201400037801;0;37;1;0;2;3;1;B01
201400037802;0;7;0;0;1;2;1;A01
201400037803;0;30;0;0;2;8;1;B01
201400037803;0;7;0;0;2;3;15;A01
201400037804;0;10;0;0;2;3;15;A01
201400037804;0;10;0;0;2;2;1;B01
201400037805;0;7;0;0;2;1;1;B01
201400037805;0;7;0;0;2;1;9;A01
201400037806;0;7;0;0;2;5;1;A01
201400037806;0;2;0;0;2;1;1;B01
201400037807;0;7;0;0;2;1;1;A01
201400037807;0;2;0;0;2;7;16;B01
201400037808;0;7;0;0;1;2;1;A01
201400037809;0;10;0;0;2;3;15;B01
201400037809;0;33;0;0;2;2;17;A01
201400037810;0;7;0;0;2;2;15;A01
201400037810;0;7;0;0;2;6;1;B01
201400037811;0;7;0;9;0;1;1;A01
201400037812;0;2;0;0;2;1;1;A01
201400037812;0;7;0;0;2;7;15;B01
201400037813;0;7;0;8;0;1;1;A01
201400037814;0;7;0;0;2;4;2;B01
201400037814;0;10;0;0;2;1;2;A01
201400037815;0;7;0;0;1;1;1;A01
201400037816;0;7;0;3;0;1;1;A01
201400037817;0;7;0;0;2;1;1;B01
201400037817;0;7;0;0;2;3;23;C01
201400037817;0;7;0;0;2;2;9;A01
201400037818;0;7;0;0;2;3;2;A01
201400037818;0;30;0;0;2;4;2;B01
201400037819;0;1;0;0;0;0;0;A01
201400037820;0;33;0;0;0;7;1;A01
201400037821;0;7;0;0;2;7;1;B01
201400037821;0;10;0;0;2;1;15;A01
201400037822;0;7;0;0;2;2;15;A01
201400037822;0;33;0;0;2;1;1;B01
201400037823;0;10;0;0;2;3;9;A01
201400037823;0;1;0;0;2;2;16;B01
201400037824;0;1;0;0;2;1;1;A01
201400037824;1;10;0;0;2;2;12;Z01
201400037825;0;7;0;0;2;6;1;B01
201400037825;0;7;0;0;2;2;15;A01
201400037826;0;7;0;0;2;1;15;A01
201400037826;0;7;0;0;2;3;1;B01
201400037827;0;30;0;0;0;8;15;A01
201400037828;0;33;0;13;0;0;0;A01
201400037829;0;10;0;0;2;1;2;A01
201400037829;0;7;0;0;2;4;1;B01
201400037830;0;7;0;12;0;2;2;A01
201400037831;0;7;0;0;2;1;2;A01
201400037831;0;7;0;0;2;4;2;C01
201400037831;0;7;0;0;2;4;2;B01
201400037832;0;7;0;0;2;7;2;B01
201400037832;0;13;0;0;2;1;2;A01
201400037833;0;7;0;0;2;1;2;B01
201400037833;0;7;0;0;2;1;13;A01
201400037834;0;7;0;0;2;1;2;B01
201400037834;0;7;0;0;2;2;2;D01
201400037834;0;7;0;0;2;1;2;C01
201400037834;0;10;0;0;2;6;2;F02
201400037834;0;7;0;0;2;3;2;A01
201400037834;0;7;0;0;2;2;2;E01
201400037835;0;7;0;9;0;9;2;A01
201400037836;0;7;0;9;0;1;2;A01
201400037837;0;7;0;4;0;1;2;A01
201400037838;0;7;0;0;2;5;15;A01
201400037838;0;30;0;0;2;7;2;B01
201400037839;0;7;0;0;1;1;2;A01
201400037840;0;7;0;0;2;3;2;B01
201400037840;0;7;0;0;6;1;2;A01
201400037841;0;31;0;0;2;3;2;A01
201400037841;0;7;0;0;2;7;2;B01
201400037842;0;30;0;0;2;1;5;A01
201400037842;0;7;0;0;2;1;15;B01
201400037843;0;7;0;3;2;1;2;A01
201400037843;0;7;0;0;2;7;2;B01
201400037844;0;7;0;0;2;4;23;B01
201400037844;0;30;0;0;2;1;2;A01
201400037845;1;99;0;0;1;2;0;Z01
201400037846;0;7;0;6;0;1;1;A01
201400037847;0;7;0;0;1;3;17;A01
201400037848;0;7;0;0;2;4;2;B01
201400037848;0;7;0;0;2;1;2;A01
201400037848;0;7;0;0;2;4;2;D01
201400037848;0;7;0;0;2;4;2;C01
201400037849;0;7;0;0;2;3;9;A01
201400037849;0;30;0;0;2;1;1;B01
201400037850;0;7;0;0;2;2;15;A01
201400037850;0;7;0;0;2;1;1;B01
201400037851;0;7;0;0;2;1;2;A01
201400037851;0;7;0;0;2;4;2;B01
201400037851;0;7;0;0;2;4;2;C01
201400037852;0;7;0;0;2;3;1;B01
201400037852;0;3;0;0;2;1;10;A01
201400037853;0;33;0;0;0;7;1;A01
201400037854;0;7;0;0;1;1;1;A01
201400037855;0;7;0;0;1;2;;A01
201400037856;0;7;0;0;1;2;1;A01
201400037857;0;32;0;0;0;0;9;A01
201400037858;0;7;0;0;2;1;2;A01
201400037858;0;7;0;0;2;4;2;B01
201400037859;0;7;0;0;2;3;15;A01
201400037859;0;7;0;0;2;1;1;B01
201400037860;0;7;0;0;1;1;1;A01
201400037861;0;14;0;0;2;2;1;B01
201400037861;0;7;0;0;2;1;19;A01
201400037862;0;35;0;0;2;7;1;B01
201400037862;0;7;0;0;2;1;1;A01
201400037863;0;7;0;0;1;3;1;A01
201400037864;0;10;0;0;1;4;4;A01
201400037865;0;7;0;0;2;8;16;A01
201400037865;0;7;0;0;2;1;0;B01
201400037865;0;7;0;0;2;1;13;C01
201400037866;0;7;0;0;2;3;9;A01
201400037866;0;1;0;0;2;7;1;B01
201400037867;0;7;0;0;2;3;5;A01
201400037867;0;7;0;0;2;1;1;B01
201400037868;0;7;0;0;1;2;2;A01
201400037869;0;15;0;0;2;3;2;B01
201400037869;0;7;0;0;2;6;15;A01
201400037870;0;7;0;0;2;1;15;A01
201400037870;0;7;0;0;2;1;1;B01
201400037871;0;10;0;0;1;4;4;A01
201400037872;0;7;0;0;2;1;15;A01
201400037872;0;7;0;0;2;1;1;B01
201400037873;0;10;0;0;2;5;15;A01
201400037873;0;33;0;0;2;1;1;B01
201400037874;0;7;0;0;2;1;1;A01
201400037874;0;7;0;8;2;9;1;B01
201400037874;0;7;0;0;2;4;1;C01
201400037875;0;7;0;8;0;3;1;A01
201400037876;0;2;0;0;2;1;2;A01
201400037876;0;7;0;0;2;4;2;B01
201400037877;0;10;0;0;1;2;1;A01
201400037878;0;1;0;12;0;0;2;A01
201400037879;0;7;0;0;2;1;15;A01
201400037879;0;7;0;0;2;3;2;B01
201400037880;0;31;0;0;0;8;15;A01
201400037881;0;10;0;0;2;3;1;B01
201400037881;0;7;0;0;2;2;19;A01
201400037882;0;7;0;0;1;2;1;A01
201400037883;0;31;0;0;2;1;0;A01
201400037883;0;7;0;0;2;7;1;B01
201400037884;0;7;0;0;1;1;1;A01
201400037885;0;33;0;0;2;9;13;A01
201400037885;0;7;0;0;2;8;1;B01
201400037886;0;7;0;0;1;6;4;A01
201400037887;0;7;0;0;1;1;1;A01
201400037888;0;2;0;0;2;3;1;B01
201400037888;0;7;0;0;2;5;15;A01
201400037889;0;7;0;0;1;2;1;A01
201400037890;0;7;0;0;2;3;1;A01
201400037890;0;7;0;0;2;3;1;B01
201400037891;0;7;0;0;2;8;13;A01
201400037891;0;7;0;0;2;3;1;B02
201400037891;0;7;0;0;2;1;1;C03
201400037892;0;7;0;0;2;7;15;A01
201400037892;0;1;0;;2;1;1;B02
201400037893;0;7;0;0;1;2;1;A01
201400037894;0;30;0;0;2;1;5;A01
201400037894;0;7;0;0;2;2;1;B01
201400037895;0;7;0;1;0;1;1;A01
201400037895;0;15;0;0;2;4;23;B02
201400037896;0;7;0;0;2;3;5;A01
201400037896;0;1;0;0;2;1;1;B01
201400037897;0;7;0;0;0;4;23;A01
201400037897;0;7;0;1;0;1;2;B01
201400037898;0;7;0;0;2;1;13;A01
201400037898;0;7;0;0;2;1;13;B01
201400037899;0;7;0;0;2;2;15;A01
201400037899;0;34;0;0;2;1;2;B01
201400037900;0;30;0;0;0;4;2;B01
201400037900;1;7;0;0;9;1;2;A01
201400037901;0;7;0;13;0;9;11;A01
201400037902;0;7;0;0;2;3;15;A01
201400037902;0;1;0;0;2;7;1;B01
201400037903;0;2;0;0;2;1;18;A01
201400037903;0;7;0;0;0;2;16;B01
201400037904;0;7;0;15;0;1;1;A01
201400037905;0;7;0;0;2;8;1;A01
201400037905;0;7;0;0;2;3;1;B01
201400037905;0;7;0;0;2;1;1;C01
201400037906;0;33;0;9;0;1;1;A01
201400037907;0;7;0;15;2;6;15;A01
201400037907;0;7;0;0;2;1;1;B01
201400037907;0;7;0;0;2;1;1;C01
201400037908;0;7;0;1;0;3;14;A01
201400037909;0;7;0;1;0;0;1;A01
201400037909;0;7;0;0;2;7;24;B01
201400037910;0;7;0;0;1;4;20;A01
201400037911;0;10;0;0;1;4;4;A01
201400037912;0;33;0;0;0;0;1;A01
201400037913;0;7;0;0;1;1;1;A01
201400037914;0;2;0;0;2;1;1;A01
201400037914;1;7;0;0;2;7;15;Z01
201400037915;0;7;0;0;1;1;1;A01
201400037916;0;7;0;8;0;1;1;A01
201400037917;0;33;0;0;2;1;17;A01
201400037917;0;7;0;0;2;9;1;B01
201400037917;0;38;1;0;2;8;1;C01
201400037918;0;33;0;0;2;7;1;B01
201400037918;0;7;0;0;2;1;1;C01
201400037918;0;7;0;0;2;1;15;A01
201400037919;0;7;0;0;2;3;15;A01
201400037919;0;7;0;0;2;1;1;B01
201400037920;0;7;0;0;2;3;16;A01
201400037920;0;33;0;0;2;1;1;B01
201400037921;0;7;0;4;0;3;1;A01
201400037922;1;7;0;0;2;1;15;A01
201400037922;0;1;0;0;2;1;1;B01
201400037923;0;7;0;9;0;0;1;A01
201400037924;1;7;0;0;1;0;1;A01
201400037925;0;7;0;0;1;0;1;A01
201400037926;0;7;0;0;1;1;1;A01
201400037927;0;1;0;0;2;1;1;A01
201400037927;0;7;0;0;2;4;23;B01
201400037928;0;2;0;0;2;1;1;A01
201400037928;0;7;0;0;2;3;15;B01
201400037929;0;7;0;0;2;3;1;A01
201400037929;0;21;0;0;2;3;1;B01
201400037930;0;99;0;0;1;1;1;A01
201400037931;0;7;0;0;1;2;0;A01
201400037932;0;7;0;0;2;5;11;A01
201400037932;0;33;0;0;2;1;1;B01
201400037933;0;30;0;0;2;1;2;A01
201400037933;0;7;0;0;2;4;2;B01
201400037934;0;31;0;0;2;8;1;B01
201400037934;0;7;0;0;2;7;17;A01
201400037935;0;7;0;3;2;1;5;A01
201400037935;0;7;0;0;2;1;1;B01
201400037936;0;15;0;0;0;0;1;A01
201400037937;0;2;0;0;1;0;0;A01
201400037938;0;14;0;0;2;1;1;A01
201400037938;0;10;0;0;2;4;15;B01
201400037939;0;7;0;0;1;2;1;A01
201400037940;0;33;0;0;2;1;17;A01
201400037940;0;7;0;0;2;6;15;B01
201400037941;0;7;0;0;2;1;15;A01
201400037941;0;7;0;0;2;3;1;B01
201400037942;0;30;0;0;2;1;1;A01
201400037942;0;7;0;0;2;8;1;B01
201400037943;0;10;0;0;1;3;15;A01
201400037944;0;10;0;10;0;2;1;A01
201400037945;0;7;0;6;2;1;0;A01
201400037945;0;7;0;0;2;8;23;B01
201400037946;0;33;0;3;0;1;1;A01
201400037947;0;7;0;0;2;1;0;A01
201400037947;0;7;0;1;2;4;23;B01
201400037947;0;7;0;0;2;4;23;C01
201400037948;0;34;0;14;0;0;1;A01
201400037949;0;30;0;0;2;7;1;A01
201400037949;0;7;0;0;2;1;1;B01
201400037950;0;7;0;0;2;7;15;A01
201400037950;0;33;0;0;2;1;1;B01
201400037951;0;30;0;0;2;8;13;A01
201400037951;0;7;0;0;2;7;0;B01
201400037952;0;10;0;0;1;3;1;A01
201400037953;0;7;0;0;2;1;13;A01
201400037953;0;17;0;0;2;3;1;B01
201400037954;0;7;0;0;2;1;1;B01
201400037954;0;30;0;0;2;1;1;A01
201400037955;1;7;0;0;1;1;1;Z01
201400037956;0;7;0;0;2;1;5;A01
201400037956;0;7;0;0;2;1;1;B01
201400037957;0;7;0;1;1;1;20;A01
201400037958;0;7;0;0;2;1;13;A01
201400037958;0;7;0;0;2;1;1;B01
201400037959;0;33;0;1;0;1;1;A01
201400037960;0;7;0;0;2;1;13;A01
201400037960;0;13;0;0;2;1;1;B01
201400037961;0;7;0;0;2;1;1;A01
201400037961;0;7;0;0;2;4;23;B01
201400037961;0;33;0;0;2;1;1;C01
201400037962;0;7;0;0;2;1;5;A01
201400037962;0;15;0;0;2;3;1;B01
201400037963;0;10;0;0;2;2;15;A01
201400037963;0;1;0;0;2;3;1;B01
201400037964;0;7;0;14;0;0;1;A01
201400037965;0;7;0;0;2;1;1;A01
201400037965;0;7;0;0;2;4;23;B01
201400037966;0;1;0;0;2;1;5;A01
201400037966;0;7;0;0;9;1;15;B01
201400037967;0;13;0;0;1;2;20;A01
201400037968;0;30;0;0;1;1;1;A01
201400037969;0;7;0;0;2;1;9;A01
201400037969;0;33;0;0;2;7;1;B01
201400037970;0;30;0;0;0;8;1;A01
201400037971;0;30;0;13;0;1;0;A01
201400037972;0;7;0;0;0;1;2;A01
201400037972;0;7;0;0;0;4;2;B01
201400037973;0;7;0;0;1;1;0;A01
201400037974;0;7;0;0;1;3;1;A01
201400037975;0;7;0;0;2;1;2;A01
201400037975;0;7;0;0;2;4;2;B01
201400037976;0;7;0;0;9;1;1;A01
201400037976;0;1;0;0;2;8;11;B01
201400037977;0;7;0;8;2;5;15;A01
201400037977;0;7;0;0;2;2;2;B01
201400037978;0;7;0;0;2;1;2;A01
201400037978;0;7;0;0;0;4;2;B01
201400037979;0;7;0;0;9;0;0;B01
201400037980;0;7;0;0;2;3;14;A01
201400037980;0;7;0;0;2;7;14;B01
201400037981;0;7;0;0;2;1;0;A01
201400037981;0;7;0;0;2;1;0;B01
201400037982;0;7;0;0;2;4;0;C01
201400037982;0;7;0;0;2;1;0;A01
201400037982;0;7;0;0;2;4;0;B01
201400037983;0;30;0;0;2;1;9;A01
201400037983;0;7;0;0;2;8;1;B01
201400037984;0;7;0;0;2;4;2;C01
201400037984;0;7;0;0;2;1;2;A01
201400037984;0;7;0;0;2;1;2;B01
201400037985;0;7;0;0;2;1;2;A01
201400037985;0;7;0;0;2;4;2;B01
201400037986;0;7;0;0;2;1;1;C01
201400037986;0;7;0;0;2;1;1;B01
201400037986;0;30;0;0;2;3;9;A01