num_acc;senc;catv;occutc;obs;obsm;choc;manv;num_veh
201400037987;0;7;0;0;2;3;1;A01
201400037987;0;7;0;0;2;2;1;B01
201400037988;0;7;0;0;2;1;1;A01
201400037988;0;7;0;0;0;4;2;C01
201400037988;0;7;0;0;2;4;2;B01
201400037989;0;7;0;0;1;2;2;A01
201400037990;0;7;0;0;2;7;11;A01
201400037990;0;7;0;0;2;1;1;B01
201400037991;0;7;0;0;2;1;0;B01
201400037991;0;7;0;0;2;1;0;C01
201400037991;0;7;0;0;2;2;0;A01
201400037992;0;7;0;0;2;1;1;A01
201400037992;0;7;0;0;2;4;23;B01
201400037993;0;7;0;0;2;0;0;A01
201400037993;0;7;0;0;2;0;1;B01
201400037994;0;10;0;0;2;3;15;A01
201400037994;0;30;0;0;2;1;1;B01
201400037995;0;7;0;0;0;8;0;B01
201400037995;0;7;0;0;2;1;19;A01
201400037996;0;7;0;0;2;1;2;A01
201400037996;0;7;0;0;2;4;2;B01
201400037997;0;7;0;0;1;1;1;A01
201400037998;0;7;0;2;0;5;2;A01
201400037999;0;7;0;0;1;1;1;A01
201400038000;0;7;0;6;0;1;0;A01
201400038001;0;32;0;0;2;1;2;A01
201400038001;0;7;0;0;0;4;0;B01
201400038002;0;7;0;0;1;3;0;A01
201400038003;0;7;0;0;2;3;15;A01
201400038003;0;32;0;0;2;1;1;B01
201400038004;0;7;0;0;1;1;1;A01
201400038005;0;7;0;0;2;1;1;A01
201400038005;0;1;0;0;2;1;1;B01
201400038006;0;7;0;0;2;2;15;A01
201400038006;0;7;0;0;2;3;1;B01
201400038007;0;7;0;0;2;5;1;A01
201400038007;0;7;0;0;2;1;1;B01
201400038008;1;7;0;0;1;2;16;A01
201400038009;0;7;0;0;2;1;1;A01
201400038009;0;2;0;0;2;7;1;B01
201400038010;0;7;0;0;1;1;0;A01
201400038011;0;7;0;0;2;1;2;A01
201400038011;0;7;0;0;2;4;2;B01
201400038012;0;7;0;0;2;5;15;A01
201400038012;0;7;0;0;2;1;1;B01
201400038012;0;7;0;0;2;0;0;C01
201400038013;0;7;0;0;1;1;0;A01
201400038014;0;30;0;0;2;2;0;A01
201400038014;0;7;0;0;2;1;0;B01
201400038015;0;7;0;0;2;1;1;A01
201400038015;0;7;0;0;2;4;23;B01
201400038016;0;7;0;0;1;2;0;A01
201400038017;0;7;0;8;0;2;1;A01
201400038018;0;7;0;0;2;0;0;A01
201400038018;0;7;0;0;2;7;1;B01
201400038019;0;7;0;0;2;1;2;A01
201400038019;0;7;0;0;2;1;2;B01
201400038019;0;7;0;0;2;4;0;C01
201400038020;0;7;0;0;2;0;0;A01
201400038020;0;7;0;0;2;0;0;B01
201400038021;1;7;0;0;9;2;17;A01
201400038021;0;1;0;0;2;3;0;B01
201400038022;0;3;0;0;2;1;2;A01
201400038022;0;10;0;0;2;4;2;B01
201400038023;0;7;0;0;2;1;1;B01
201400038023;0;7;0;0;2;3;1;A01
201400038024;0;7;0;0;2;1;1;A01
201400038024;0;14;0;0;2;7;1;B01
201400038025;0;7;0;0;1;1;1;A01
201400038026;0;7;0;0;1;8;9;A01
201400038027;0;7;0;0;0;0;0;A01
201400038027;0;33;0;0;0;0;0;B01
201400038028;0;7;0;0;1;2;1;A01
201400038029;0;7;0;0;2;1;9;A01
201400038029;0;7;0;0;2;7;1;B01
201400038030;0;7;0;0;2;8;10;A01
201400038030;0;7;0;0;2;1;1;B01
201400038031;0;33;0;0;0;1;2;A01
201400038031;0;7;0;0;2;4;2;B01
201400038032;0;7;0;0;1;2;1;A01
201400038033;0;7;0;0;2;1;2;A01
201400038033;0;7;0;0;0;4;2;B01
201400038034;0;7;0;0;2;3;15;A01
201400038034;0;7;0;0;2;8;1;B01
201400038035;2;32;0;0;2;0;0;A01
201400038035;0;1;0;0;2;0;0;B01
201400038036;0;1;0;0;1;1;1;A01
201400038037;0;7;0;0;1;4;0;A01
201400038038;1;7;0;0;1;2;1;A01
201400038039;0;7;0;0;1;2;1;A01
201400038040;0;2;0;0;2;1;1;B01
201400038040;0;7;0;0;2;2;15;A01
201400038041;0;7;0;0;2;0;2;B01
201400038041;0;7;0;0;2;1;2;A01
201400038042;0;1;0;0;2;1;0;A01
201400038042;0;7;0;0;2;2;2;B01
201400038043;0;7;0;0;2;2;1;A01
201400038043;0;10;0;0;0;2;3;B01
201400038044;0;7;0;0;2;1;0;A01
201400038044;0;33;0;0;2;4;0;B01
201400038045;0;1;0;0;2;8;19;B01
201400038045;0;7;0;0;9;1;1;A01
201400038046;0;1;0;0;9;1;15;B01
201400038046;0;7;0;0;2;1;0;A01
201400038047;0;7;0;0;2;1;2;A01
201400038047;0;3;0;0;2;4;2;B01
201400038047;0;7;0;0;2;4;2;C01
201400038048;0;7;0;0;2;1;2;A01
201400038048;0;7;0;0;2;4;15;B01
201400038049;0;30;0;0;0;1;0;A01
201400038050;0;7;0;0;2;1;0;A01
201400038050;0;7;0;0;2;3;0;B01
201400038051;0;32;0;0;2;1;2;A01
201400038051;0;7;0;0;2;2;2;B01
201400038052;0;7;0;0;2;4;2;B01
201400038052;0;7;0;0;2;1;2;A01
201400038053;0;7;0;0;2;5;15;A01
201400038053;0;7;0;0;2;2;2;B01
201400038054;0;31;0;0;2;1;3;B01
201400038054;0;7;0;0;2;2;11;A01
201400038055;0;1;0;0;2;7;0;B01
201400038055;0;7;0;0;2;1;0;A01
201400038056;0;7;0;1;0;8;0;A01
201400038057;0;7;0;0;0;0;0;A01
201400038057;0;7;0;0;0;0;2;B01
201400038058;0;7;0;0;2;1;1;A01
201400038058;0;7;0;0;2;4;1;B01
201400038058;0;7;0;0;0;4;1;C01
201400038059;0;7;0;0;2;3;15;B01
201400038059;0;7;0;0;2;5;17;A01
201400038060;0;7;0;8;0;2;1;A01
201400038061;0;7;0;0;1;7;2;A01
201400038062;0;10;0;0;1;4;4;A01
201400038063;0;7;0;0;2;1;2;A01
201400038063;0;7;0;0;2;4;0;B01
201400038063;0;7;0;0;2;1;2;C01
201400038064;0;31;0;0;2;1;2;A01
201400038064;0;10;0;0;2;4;2;B01
201400038065;0;7;0;0;2;2;9;A01
201400038065;0;7;0;0;2;3;15;B01
201400038066;0;7;0;0;1;1;5;A01
201400038067;0;7;0;0;2;1;2;A01
201400038067;0;7;0;0;2;4;2;B01
201400038068;1;1;0;0;1;0;0;A01
201400038069;0;7;0;0;2;0;0;B01
201400038069;0;7;0;0;2;0;0;A01
201400038070;0;7;0;0;2;4;2;A01
201400038070;0;7;0;0;2;1;2;C01
201400038070;0;7;0;0;2;1;2;B01
201400038071;0;7;0;0;2;2;0;A01
201400038071;0;7;0;0;0;1;0;B01
201400038072;0;7;0;0;0;0;0;B01
201400038072;0;1;0;0;2;1;2;A01
201400038073;0;31;0;0;2;1;16;B01
201400038073;0;7;0;0;2;3;15;A01
201400038074;0;99;0;0;0;0;0;A01
201400038075;0;2;0;0;1;1;1;A01
201400038076;0;7;0;0;1;1;1;A01
201400038077;0;7;0;0;1;2;1;A01
201400038078;0;7;0;0;1;7;17;A01
201400038079;0;7;0;0;2;7;1;B01
201400038079;0;7;0;0;2;2;0;A01
201400038080;0;7;0;0;2;4;2;A01
201400038080;0;7;0;0;2;1;2;B01
201400038081;0;7;0;0;2;3;1;B01
201400038081;0;7;0;0;2;3;1;A01
201400038082;0;7;0;0;1;3;1;A01
201400038083;0;7;0;0;2;3;1;A01
201400038083;0;7;0;0;2;7;15;B01
201400038084;0;7;0;0;2;1;2;A01
201400038084;0;7;0;0;2;4;2;B01
201400038085;1;99;0;0;1;0;0;A01
201400038086;0;1;0;0;2;4;0;B01
201400038086;0;7;0;0;2;2;0;A01
201400038087;0;7;0;0;1;1;15;A01
201400038088;0;7;0;0;0;0;0;A01
201400038088;0;7;0;0;0;0;0;B01
201400038089;0;7;0;0;2;4;0;C01
201400038089;0;7;0;0;2;1;2;B01
201400038089;0;7;0;0;2;1;2;A01
201400038090;0;32;0;0;2;1;2;A01
201400038090;0;7;0;0;2;4;2;B01
201400038091;0;7;0;0;2;2;0;A01
201400038091;0;30;0;0;2;4;19;B01
201400038092;0;7;0;0;1;1;15;A01
201400038093;0;7;0;0;2;2;0;A01
201400038093;0;33;0;0;2;1;0;B01
201400038094;0;7;0;0;2;4;2;C01
201400038094;0;7;0;0;2;2;2;A01
201400038094;0;7;0;0;2;9;2;B01
201400038095;0;7;0;0;1;1;0;A01
201400038096;0;37;1;0;1;2;0;A01
201400038097;1;7;0;11;2;0;17;A01
201400038097;0;7;0;12;2;3;2;B01
201400038098;0;1;0;0;2;2;2;B01
201400038098;0;7;0;0;9;2;0;A01
201400038099;0;7;0;0;2;1;2;A01
201400038099;0;7;0;0;2;1;2;B01
201400038099;0;7;0;0;0;4;2;C01
201400038100;0;7;0;0;1;2;9;A01
201400038101;0;7;0;0;2;0;0;A01
201400038101;0;1;0;0;2;0;0;B01
201400038102;0;7;0;0;2;6;2;B01
201400038102;0;7;0;0;0;1;2;A01
201400038103;1;7;0;0;1;2;0;A01
201400038104;0;7;0;0;2;8;11;A01
201400038104;0;34;0;0;2;1;1;B01
201400038105;0;7;0;0;1;5;0;A01
201400038106;0;37;6;0;2;2;1;B01
201400038106;0;7;0;0;2;2;9;A01
201400038107;0;7;0;0;2;1;5;A01
201400038107;0;7;0;0;2;1;5;B01
201400038108;0;33;0;0;2;3;1;B01
201400038108;0;7;0;0;2;1;9;A01
201400038109;0;7;0;0;2;1;0;B01
201400038109;0;7;0;0;2;1;0;A01
201400038109;0;7;0;0;2;4;0;C01
201400038110;0;7;0;0;2;1;1;A01
201400038110;0;7;0;0;0;6;1;B01
201400038111;0;7;0;0;1;1;1;A01
201400038112;0;7;0;0;1;1;0;A01
201400038113;0;7;0;0;2;4;1;B01
201400038113;0;7;0;0;2;1;9;A01
201400038114;0;7;0;0;1;2;1;A01
201400038115;0;30;0;0;2;1;1;B01
201400038115;0;7;0;0;2;2;16;A01
201400038116;0;7;0;0;2;4;2;C01
201400038116;0;7;0;0;2;1;2;B01
201400038116;0;7;0;0;2;1;1;A01
201400038117;0;7;0;0;2;1;1;B01
201400038117;0;7;0;0;2;4;17;A01
201400038118;0;7;0;0;2;1;1;A01
201400038118;0;7;0;0;2;4;2;B01
201400038119;0;7;0;0;2;4;2;B01
201400038119;0;15;0;0;2;1;1;A01
201400038120;0;31;0;0;2;9;1;B01
201400038120;0;37;1;0;2;1;15;A01
201400038121;0;34;0;0;2;1;17;A01
201400038121;0;7;0;0;2;3;15;B01
201400038122;0;33;0;0;2;0;17;B01
201400038122;0;7;0;0;2;3;13;A01
201400038123;0;7;0;0;2;1;15;A01
201400038123;0;31;0;0;2;1;1;B01
201400038124;0;7;0;0;2;1;15;A01
201400038124;0;7;0;0;2;1;1;B01
201400038125;0;7;0;0;2;1;1;B01
201400038125;0;7;0;0;2;2;15;A01
201400038126;0;7;0;0;2;3;1;C01
201400038126;0;7;0;0;2;9;1;B01
201400038126;0;7;0;0;2;2;9;A01
201400038127;0;33;0;0;2;1;2;B01
201400038127;0;7;0;0;2;5;1;A01
201400038128;0;7;0;0;2;4;23;A01
201400038128;0;7;0;0;2;8;2;B01
201400038128;0;7;0;0;2;1;1;C01
201400038129;0;7;0;0;1;1;1;A01
201400038130;0;7;0;0;2;2;1;A01
201400038130;0;32;0;0;2;1;1;B01
201400038131;0;7;0;0;2;1;1;A01
201400038131;0;7;0;0;2;4;2;B01
201400038132;0;7;0;0;2;1;13;A01
201400038132;0;7;0;0;2;1;1;B01
201400038133;0;33;0;0;2;1;1;A01
201400038133;0;7;0;0;2;4;2;B01
201400038134;0;3;0;0;2;4;2;B01
201400038134;0;7;0;0;2;4;2;C01
201400038134;0;7;0;0;2;1;1;A01
201400038135;0;7;0;0;2;4;14;A01
201400038135;0;33;0;0;2;1;3;B01
201400038136;0;7;0;0;2;1;1;A01
201400038136;0;7;0;0;2;6;1;B01
201400038137;0;31;0;0;1;1;1;A01
201400038138;0;7;0;0;2;4;2;B01
201400038138;0;7;0;0;2;1;1;A01
201400038139;0;7;0;0;2;4;2;B01
201400038139;0;7;0;0;2;1;1;A01
201400038140;0;7;0;0;2;4;2;B01
201400038140;0;7;0;0;2;1;1;A01
201400038141;0;30;0;0;2;4;2;B01
201400038141;0;7;0;0;2;1;1;A01
201400038142;0;33;0;0;2;7;1;B01
201400038142;0;7;0;0;2;8;1;A01
201400038143;0;7;0;0;2;1;1;A01
201400038143;0;7;0;0;2;4;1;B01
201400038144;0;7;0;0;2;3;1;B01
201400038144;0;7;0;0;2;3;1;A01
201400038145;0;7;0;0;1;2;14;A01
201400038146;0;7;0;0;2;4;2;B01
201400038146;0;7;0;0;2;1;1;A01
201400038147;0;7;0;0;1;1;1;A01
201400038148;0;7;0;1;1;4;4;A01
201400038149;0;7;0;0;2;1;1;A01
201400038149;0;7;0;0;2;9;1;B01
201400038150;0;7;0;0;2;1;9;A01
201400038150;0;7;0;0;2;7;1;B01
201400038151;0;7;0;0;2;1;1;A01
201400038151;0;7;0;0;2;4;2;B01
201400038152;0;7;0;0;2;8;15;B01
201400038152;0;2;0;0;2;7;17;A01
201400038153;0;34;0;0;2;0;1;B01
201400038153;0;7;0;0;2;1;9;A01
201400038154;0;34;0;0;2;1;1;A01
201400038154;0;7;0;0;2;5;2;B01
201400038155;0;2;0;0;2;7;17;A01
201400038155;0;7;0;0;2;8;15;B01
201400038156;0;7;0;0;2;4;2;C01
201400038156;0;7;0;0;2;4;1;A01
201400038156;0;7;0;0;2;9;2;B01
201400038157;0;1;0;0;2;1;1;A01
201400038157;0;31;0;0;2;1;1;B01
201400038158;0;7;0;0;1;1;1;A01
201400038159;0;32;0;0;2;9;2;B01
201400038159;0;7;0;0;2;4;1;C01
201400038159;0;7;0;0;2;1;1;A01
201400038160;0;7;0;0;2;4;2;B01
201400038160;0;7;0;0;2;1;1;A01
201400038161;0;7;0;0;2;2;1;B01
201400038161;0;1;0;0;2;1;1;A01
201400038162;0;7;0;0;2;3;1;B01
201400038162;0;7;0;0;2;1;1;A01
201400038163;0;1;0;0;2;9;1;B01
201400038163;0;7;0;0;2;1;1;A01
201400038164;0;7;0;0;2;7;1;B01
201400038164;0;33;0;0;2;8;9;A01
201400038165;0;7;0;0;1;1;1;A01
201400038166;0;7;0;0;2;5;10;A01
201400038166;0;33;0;0;2;9;1;B01
201400038167;0;33;0;0;2;9;1;B01
201400038167;0;7;0;0;2;5;12;A01
201400038168;0;7;0;0;2;1;1;A01
201400038168;0;7;0;0;2;9;2;B01
201400038168;0;7;0;0;2;4;2;C01
201400038169;0;7;0;0;2;1;5;A01
201400038169;0;7;0;0;2;1;1;B01
201400038170;0;7;0;0;2;4;2;B01
201400038170;0;31;0;0;2;1;1;A01
201400038171;0;7;0;0;2;2;2;B01
201400038171;0;1;0;0;2;1;18;A01
201400038172;0;7;0;0;2;7;2;B01
201400038172;0;1;0;0;2;1;1;A01
201400038173;0;7;0;0;2;3;1;B01
201400038173;0;7;0;0;2;9;12;A01
201400038174;0;7;0;0;2;1;13;A01
201400038174;0;7;0;0;2;4;1;D01
201400038174;0;33;0;0;2;9;1;B01
201400038174;0;7;0;0;2;1;1;C01
201400038175;0;15;0;0;1;2;1;A01
201400038176;0;7;0;0;2;0;1;C01
201400038176;0;7;0;0;2;0;1;B01
201400038176;0;7;0;0;2;1;1;A01
201400038177;0;7;0;0;1;1;1;A01
201400038178;0;7;0;0;2;4;2;B01
201400038178;0;31;0;0;2;1;1;A01
201400038179;0;7;0;0;2;4;2;B01
201400038179;0;7;0;0;2;1;1;A01
201400038180;0;7;0;0;1;7;1;A01
201400038181;0;31;0;0;2;1;1;A01
201400038181;0;7;0;0;2;4;2;B01
201400038182;0;30;0;0;2;1;1;A01
201400038182;0;10;0;0;2;4;2;B01
201400038183;0;20;0;0;2;1;1;B01
201400038183;0;7;0;0;2;2;1;A01
201400038184;0;7;0;0;2;8;9;C01
201400038184;0;15;0;0;2;1;1;A01
201400038184;0;7;0;0;2;9;11;B01
201400038185;0;7;0;0;2;1;1;A01
201400038185;0;7;0;0;2;4;2;B01
201400038186;0;7;0;0;2;7;14;A01
201400038186;0;7;0;0;2;8;1;B01
201400038187;0;7;0;0;2;3;1;A01
201400038187;0;7;0;3;2;5;1;B01
201400038188;0;7;0;0;1;1;19;A01
201400038189;0;7;0;0;2;1;1;B01
201400038189;0;7;0;0;2;1;1;A01
201400038190;0;7;0;0;2;1;1;A01
201400038190;0;13;0;0;2;4;2;B01
201400038191;0;33;0;0;2;4;2;B01
201400038191;0;7;0;0;2;1;1;A01
201400038192;0;7;0;0;1;1;20;A01
201400038193;0;33;0;3;0;9;11;A01
201400038194;0;7;0;0;2;2;1;A01
201400038194;0;31;0;0;2;1;15;B01
201400038195;0;33;0;0;2;9;1;A01
201400038195;0;7;0;0;2;6;2;B01
201400038196;0;7;0;6;0;1;1;A01
201400038197;0;7;0;0;2;2;1;B01
201400038197;0;7;0;0;2;5;4;A01
201400038198;1;7;0;0;2;7;0;A01
201400038198;0;7;0;0;2;1;1;B01
201400038199;0;7;0;6;0;2;14;A01
201400038200;0;7;0;0;1;1;1;A01
201400038201;2;7;0;0;2;1;1;A01
201400038201;0;33;0;0;2;4;1;B01
201400038202;0;30;0;0;2;4;2;B01
201400038202;0;7;0;0;2;1;1;A01
201400038203;0;7;0;0;2;1;15;B01
201400038203;0;7;0;0;2;1;1;A01
201400038204;0;10;0;8;0;1;1;A01
201400038205;0;31;0;0;0;0;1;A01
201400038206;0;7;0;0;2;3;1;B01
201400038206;0;7;0;0;2;1;1;A01
201400038206;0;7;0;0;2;3;1;C01
201400038207;0;15;0;0;2;4;24;A01
201400038207;0;30;0;1;0;1;2;B01
201400038208;0;7;0;0;2;1;1;B01
201400038208;0;30;0;0;2;3;9;A01
201400038209;0;7;0;0;2;1;15;A01
201400038209;0;33;0;0;2;7;1;B01
201400038210;0;7;0;0;2;1;1;B01
201400038210;0;7;0;0;2;1;13;A01
201400038211;0;7;0;0;2;1;1;A01
201400038211;0;7;0;0;2;4;2;B01
201400038212;0;7;0;0;1;1;17;A01
201400038213;0;7;0;0;0;9;0;A01
201400038214;0;7;0;0;2;1;1;A01
201400038214;0;7;0;0;2;4;2;B01
201400038215;0;7;0;0;2;4;2;B01
201400038215;0;7;0;0;2;1;1;A01
201400038216;0;7;0;0;0;7;1;A01
201400038217;0;7;0;0;0;9;1;A01
201400038218;0;7;0;0;1;1;1;A01
201400038219;0;7;0;0;2;4;2;C01
201400038219;0;7;0;0;2;1;1;A01
201400038219;0;7;0;0;2;4;2;B01
201400038220;0;7;0;0;2;1;1;B01
201400038220;0;7;0;0;2;1;13;A01
201400038221;0;7;0;0;2;1;16;A01
201400038221;0;1;0;0;2;1;1;B01
201400038222;0;7;0;0;1;2;1;A01
201400038223;0;7;0;0;1;2;1;A01
201400038224;0;7;0;8;0;1;1;A01
201400038225;0;7;0;0;2;1;1;A01
201400038225;0;7;0;0;2;3;1;B01
201400038226;0;31;0;0;2;4;2;B01
201400038226;0;7;0;0;2;1;1;A01
201400038227;0;7;0;0;2;1;1;B01
201400038227;1;99;0;0;0;1;0;A01
201400038228;0;7;0;0;1;1;0;A01
201400038229;0;7;0;0;2;4;2;B01
201400038229;1;99;0;0;2;1;1;A01
201400038230;0;1;0;4;0;1;1;A01
201400038231;0;33;0;1;0;7;1;B01
201400038232;0;7;0;0;2;4;1;A01
201400038232;0;7;0;0;2;4;2;B01
201400038233;0;7;0;0;2;1;17;B01
201400038233;0;33;0;0;2;7;15;A01
201400038234;0;7;0;0;2;3;15;A01
201400038234;0;7;0;0;2;6;2;B01
201400038235;0;7;0;0;1;2;1;A01
201400038236;1;2;0;0;1;1;1;A01
201400038237;0;7;0;0;2;6;2;B01
201400038237;0;33;0;0;2;1;1;A01
201400038238;0;1;0;0;2;7;1;B01
201400038238;0;7;0;0;2;1;1;A01
201400038239;0;7;0;0;2;1;1;D01
201400038239;0;7;0;0;2;2;1;B01
201400038239;0;7;0;0;2;3;10;A01
201400038240;0;33;0;0;2;7;2;B01
201400038240;0;7;0;0;2;6;11;A01
201400038241;0;7;0;0;2;8;1;C01
201400038241;0;33;0;0;2;1;1;A01
201400038241;1;7;0;0;2;2;20;Z01
201400038242;0;7;0;0;1;2;15;A01
201400038243;0;7;0;0;2;4;23;A01
201400038243;0;7;0;0;2;6;21;B01
201400038243;0;7;0;0;2;2;13;C01
201400038244;0;7;0;0;2;2;12;A01
201400038244;0;31;0;0;2;3;1;B01
201400038245;0;7;0;0;2;1;1;A01
201400038245;0;7;0;0;2;4;1;B01
201400038246;0;7;0;0;1;1;1;A01
201400038247;0;99;0;0;2;4;2;B01
201400038247;0;7;0;0;2;1;1;A01
201400038248;0;7;0;0;2;1;1;A01
201400038248;0;7;0;0;2;8;19;B01
201400038249;0;7;0;0;2;1;1;B01
201400038249;0;1;0;0;2;1;1;A01
201400038250;0;7;0;0;1;1;1;A01
201400038251;1;7;0;0;2;1;9;Z01
201400038251;0;10;0;0;2;2;1;B01
201400038252;0;7;0;0;2;4;2;B01
201400038252;0;7;0;0;2;1;1;A01
201400038253;0;14;0;0;2;1;1;A01
201400038253;0;7;0;0;1;4;2;B01
201400038254;0;7;0;0;2;1;9;A01
201400038254;0;1;0;0;2;8;15;B01
201400038255;0;7;0;0;2;1;13;B01
201400038255;0;7;0;0;2;1;13;A01
201400038256;0;10;0;0;2;1;1;A01
201400038256;0;7;0;0;2;4;23;B01
201400038257;0;30;0;0;2;1;17;B01
201400038257;0;7;0;0;2;3;15;A01
201400038258;0;7;0;0;1;1;1;A01
201400038259;1;7;0;0;2;1;5;A01
201400038259;0;7;0;13;2;1;1;B01
201400038260;0;7;0;0;2;1;1;A01
201400038260;0;10;0;0;2;4;2;B01
201400038261;0;7;0;0;2;2;1;A01
201400038261;0;7;0;0;2;2;1;B01
201400038262;0;32;0;0;2;2;1;B01
201400038262;0;7;0;0;2;6;8;A01
201400038263;0;1;0;0;2;1;19;B01
201400038263;0;7;0;0;2;2;1;A01
201400038264;0;7;0;2;2;5;1;B01
201400038264;0;7;0;0;2;3;11;A01
201400038265;0;33;0;0;2;1;1;B01
201400038265;0;14;0;0;2;1;1;A01
201400038266;0;7;0;0;2;8;1;C01
201400038266;0;15;0;0;2;1;1;A01
201400038266;0;7;0;0;2;4;2;B01
201400038267;0;1;0;0;2;4;1;B01
201400038267;0;7;0;0;2;1;1;A01
201400038268;0;33;0;0;2;1;2;B01
201400038268;0;7;0;0;2;4;1;A01
201400038269;0;7;0;0;1;1;1;A01
201400038270;0;7;0;0;2;1;1;A01
201400038270;0;7;0;0;2;4;2;B01
201400038271;0;7;0;0;2;3;1;A01
201400038271;0;30;0;0;2;1;1;B01
201400038272;0;7;0;0;2;8;9;A01
201400038272;0;33;0;0;2;1;1;B01
201400038273;0;7;0;0;2;4;23;B01
201400038273;0;7;0;0;2;1;1;A01
201400038274;0;7;0;0;1;1;1;A01
201400038275;0;31;0;0;2;1;1;B01
201400038275;0;7;0;0;2;1;1;A01
201400038276;0;7;0;0;1;1;1;A01
201400038277;0;1;0;0;2;4;2;B01
201400038277;1;7;0;0;2;1;1;Z01
201400038278;0;7;0;0;2;1;15;A01
201400038278;0;7;0;0;2;8;15;B01
201400038279;0;7;0;0;2;1;1;A01
201400038279;0;7;0;0;2;4;2;B01
201400038280;0;10;0;0;2;4;2;C01
201400038280;0;10;0;0;2;1;1;A01
201400038280;0;7;0;0;2;4;2;B01
201400038281;0;7;0;0;1;7;1;A01
201400038282;0;7;0;0;2;1;1;A01
201400038282;0;7;0;0;2;4;23;B01
201400038282;0;7;0;0;2;4;23;C01
201400038283;0;7;0;9;0;3;1;A01
201400038284;0;7;0;0;2;4;1;B01
201400038284;0;7;0;0;2;1;1;A01
201400038285;0;7;0;0;2;4;2;B01
201400038285;0;7;0;0;2;1;1;A01
201400038286;0;7;0;0;2;1;1;A01
201400038286;0;7;0;0;2;4;2;B01
201400038287;0;1;0;0;2;1;1;A01
201400038287;0;7;0;0;2;7;1;B01
201400038288;0;7;0;0;1;1;16;A01
201400038289;0;32;0;0;2;1;1;A01
201400038289;0;7;0;0;2;4;1;B01
201400038290;0;31;0;0;2;1;1;B01
201400038290;0;7;0;0;2;8;15;A01
201400038291;0;7;0;0;2;1;1;B01
201400038291;0;1;0;0;2;1;5;A01
201400038292;0;7;0;0;2;3;1;B01
201400038292;0;14;0;0;2;2;12;A01
201400038293;0;7;0;0;2;4;2;B01
201400038293;0;7;0;0;2;1;1;A01
201400038293;0;10;0;0;2;4;23;C01
201400038294;0;17;0;0;1;1;20;A01
201400038295;0;7;0;0;2;3;1;C01
201400038295;0;7;0;0;2;2;17;A01
201400038295;1;7;0;0;2;6;5;Z01
201400038296;0;7;0;0;2;3;15;A01
201400038296;0;2;0;0;2;1;1;B01
201400038297;0;7;0;0;1;8;15;A01
201400038298;0;7;0;0;2;8;22;A01
201400038298;0;33;0;0;2;1;1;B01
201400038299;0;7;0;0;1;1;1;A01
201400038300;0;7;0;0;0;3;1;A01
201400038301;0;7;0;0;2;1;15;A01
201400038301;0;33;0;0;2;9;1;B01
201400038302;0;7;0;0;2;1;6;A01
201400038302;0;7;0;0;2;1;23;B01
201400038303;0;7;0;0;2;1;1;A01
201400038303;0;10;0;0;2;9;1;B01
201400038303;0;10;0;0;2;4;1;C01
201400038304;0;7;0;0;2;1;1;B01
201400038304;0;7;0;0;2;1;1;A01
201400038305;0;7;0;0;1;1;1;A01
201400038306;0;7;0;0;2;4;2;B01
201400038306;0;7;0;0;2;1;1;A01
201400038307;0;7;0;0;2;4;2;B01
201400038307;0;7;0;0;2;1;1;A01
201400038308;0;7;0;14;2;7;1;A01
201400038308;0;7;0;14;2;1;6;B01
201400038309;0;7;0;0;2;4;1;B01
201400038309;0;7;0;0;2;1;1;A01
201400038310;0;7;0;0;2;4;2;B01
201400038310;0;10;0;0;2;1;1;A01
201400038311;0;37;1;0;2;1;1;A01
201400038311;0;7;0;16;2;1;2;B01
201400038312;0;7;0;0;2;4;9;B01
201400038312;0;7;0;0;2;1;1;A01
201400038313;0;10;0;0;2;1;0;B01
201400038313;0;34;0;0;2;7;1;A01
201400038314;0;7;0;0;2;1;1;A01
201400038314;0;2;0;0;2;1;1;B01
201400038315;0;7;0;0;1;1;1;A01
201400038316;0;7;0;0;2;6;23;B01
201400038316;0;7;0;0;2;2;1;A01
201400038317;0;7;0;0;1;1;1;A01
201400038318;0;7;0;0;1;1;1;A01
201400038319;0;7;0;6;1;1;1;A01
201400038320;0;7;0;0;2;8;1;B01
201400038320;0;7;0;0;2;1;9;A01
201400038321;0;33;0;0;2;1;1;B01
201400038321;1;7;0;0;2;8;15;A01
201400038322;0;7;0;0;1;2;1;A01
201400038323;0;7;0;0;2;1;5;A01
201400038323;0;37;1;0;2;1;1;B01
201400038324;0;7;0;0;2;1;1;B01
201400038324;0;7;0;0;2;1;5;A01
201400038325;0;7;0;0;2;4;2;B01
201400038325;0;7;0;0;2;4;1;A01
201400038326;0;14;0;0;2;7;1;A01
201400038326;0;7;0;0;2;6;2;B01
201400038327;0;7;0;0;1;2;1;A01
201400038328;2;7;0;9;0;1;1;Z01
201400038329;1;99;0;0;1;1;1;Z01
201400038330;1;10;0;0;1;7;1;Z01
201400038331;0;7;0;0;1;3;1;A01
201400038332;0;7;0;0;1;1;1;A01
201400038333;0;7;0;0;2;8;1;B01
201400038333;0;32;0;0;2;1;1;A01
201400038334;0;33;0;0;1;1;1;A01
201400038335;0;7;0;0;2;4;1;A01
201400038335;0;30;0;0;2;1;2;B01
201400038336;0;33;0;0;1;1;1;A01
201400038337;0;7;0;0;2;1;1;A01
201400038337;0;7;0;0;2;4;2;B01
201400038338;0;33;0;0;2;1;2;B01
201400038338;0;7;0;0;2;3;9;A01
201400038339;0;7;0;1;0;0;1;A01
201400038340;0;7;0;0;2;1;1;A01