num_acc;senc;catv;occutc;obs;obsm;choc;manv;num_veh
201400038340;0;7;0;0;2;4;2;B01
201400038341;0;10;0;0;2;6;2;B01
201400038341;0;1;0;0;2;2;1;A01
201400038342;0;7;0;0;2;7;15;B01
201400038342;0;30;0;0;2;1;1;A01
201400038343;0;7;0;0;2;0;0;C01
201400038343;0;7;0;0;2;0;0;B01
201400038343;0;33;0;0;2;0;1;A01
201400038344;0;7;0;0;2;2;1;A01
201400038344;0;1;0;0;2;1;19;B01
201400038345;0;7;0;0;2;4;2;B01
201400038345;0;7;0;1;2;1;1;A01
201400038346;0;10;0;0;2;4;2;B01
201400038346;0;7;0;0;2;4;2;C01
201400038346;0;10;0;0;2;1;1;A01
201400038347;0;7;0;0;1;2;1;A01
201400038348;0;7;0;0;2;1;9;A01
201400038348;0;1;0;0;2;7;1;B01
201400038349;0;33;0;10;2;1;6;A01
201400038349;0;7;0;0;2;1;1;B01
201400038350;0;33;0;0;1;1;1;A01
201400038351;0;7;0;16;2;1;19;A01
201400038351;0;7;0;0;2;0;1;B01
201400038352;0;7;0;0;2;7;9;B01
201400038352;0;33;0;0;2;7;17;A01
201400038353;0;7;0;0;1;1;1;A01
201400038354;0;7;0;0;1;1;1;A01
201400038355;1;7;0;0;1;1;1;A01
201400038356;0;7;0;0;2;8;9;A01
201400038356;0;37;1;0;2;1;1;B01
201400038357;0;7;0;0;2;1;1;A01
201400038357;0;7;0;0;2;2;15;B01
201400038358;0;10;0;0;2;7;9;A01
201400038358;0;37;60;0;2;3;1;B01
201400038359;0;7;0;0;2;8;15;A01
201400038359;0;33;0;0;2;7;17;B01
201400038360;0;7;0;0;2;1;1;A01
201400038360;0;7;0;0;2;4;23;B01
201400038361;0;7;0;0;2;1;1;A01
201400038361;1;99;0;0;2;2;0;Z01
201400038362;0;7;0;1;0;1;14;A01
201400038363;0;7;0;0;2;4;23;B01
201400038363;0;31;0;0;2;1;1;A01
201400038364;0;7;0;0;2;2;15;A01
201400038364;0;30;0;0;2;1;1;B01
201400038365;0;10;0;0;1;3;1;A01
201400038366;0;7;0;0;2;8;15;B01
201400038366;0;32;0;0;2;1;17;A01
201400038367;0;7;0;0;1;1;16;A01
201400038368;0;7;0;0;2;8;15;B01
201400038368;0;33;0;0;2;7;17;A01
201400038369;0;33;0;0;1;1;5;A01
201400038370;0;7;0;0;2;4;1;A01
201400038370;0;7;0;0;2;1;1;B01
201400038371;0;7;0;0;1;1;1;A01
201400038372;0;7;0;1;0;0;1;A01
201400038373;0;7;0;0;2;4;24;B01
201400038373;0;7;0;0;2;1;1;A01
201400038373;0;31;0;0;2;4;23;C01
201400038374;1;7;0;0;1;1;1;A01
201400038375;0;7;0;0;2;6;1;B01
201400038375;0;7;0;0;2;2;17;A01
201400038376;0;7;0;0;2;2;1;B01
201400038376;0;7;0;0;2;6;15;A01
201400038377;0;2;0;0;1;1;1;A01
201400038378;0;30;0;0;2;1;1;B01
201400038378;0;7;0;0;2;6;1;A01
201400038379;1;7;0;0;1;5;1;Z01
201400038380;0;32;0;1;0;1;14;A01
201400038381;0;7;0;0;1;1;1;A01
201400038382;1;7;0;0;1;1;1;Z01
201400038383;0;7;0;0;2;1;15;A01
201400038383;0;7;0;0;2;1;1;B01
201400038384;0;7;0;0;2;1;1;A01
201400038384;0;7;0;0;2;4;23;B01
201400038385;1;2;0;0;1;1;1;A01
201400038386;0;7;0;0;2;2;0;A01
201400038386;0;7;0;6;2;1;1;B01
201400038387;0;7;0;0;2;1;2;B01
201400038387;0;34;0;0;2;4;1;A01
201400038388;0;7;0;0;2;8;15;B01
201400038388;0;34;0;0;2;1;1;A01
201400038389;0;7;0;0;1;1;1;A01
201400038390;0;7;0;0;1;1;1;A01
201400038391;0;32;0;0;2;1;1;B01
201400038391;0;7;0;0;2;1;15;A01
201400038392;0;7;0;0;2;1;1;A01
201400038392;0;7;0;0;2;4;23;B01
201400038392;0;7;0;0;2;4;23;C01
201400038393;0;7;0;0;2;1;1;B01
201400038393;0;14;0;0;2;1;1;C01
201400038393;0;7;0;0;2;4;1;A01
201400038394;0;7;0;0;1;1;17;A01
201400038395;0;7;0;0;2;4;23;B01
201400038395;0;7;0;0;2;4;23;C01
201400038395;0;7;0;0;2;1;1;A01
201400038396;0;30;0;0;2;1;2;B01
201400038396;0;10;0;0;2;7;15;A01
201400038397;0;7;0;1;0;0;1;A01
201400038398;0;7;0;1;0;1;1;A01
201400038399;0;7;0;0;2;1;17;A01
201400038399;0;31;0;1;2;1;17;B01
201400038400;0;14;0;0;1;7;1;A01
201400038401;0;7;0;0;1;7;1;A01
201400038402;0;1;0;0;2;1;1;B01
201400038402;0;7;0;0;2;4;1;A01
201400038403;0;7;0;0;2;2;1;B01
201400038403;0;7;0;0;2;3;9;A01
201400038404;0;7;0;0;1;1;1;A01
201400038405;0;7;0;0;2;8;15;B01
201400038405;0;33;0;0;2;1;17;A01
201400038406;0;7;0;0;1;1;1;A01
201400038407;0;7;0;0;1;1;1;A01
201400038408;0;33;0;0;2;1;1;A01
201400038408;0;7;0;0;2;3;0;B01
201400038409;0;7;0;0;2;1;1;B01
201400038409;0;7;0;0;2;1;1;A01
201400038410;0;7;0;0;2;1;1;A01
201400038410;0;7;0;0;2;4;2;B01
201400038411;0;31;0;0;2;1;1;A01
201400038411;0;7;0;0;2;7;16;B01
201400038412;0;7;0;0;2;1;2;B01
201400038412;0;7;0;0;2;4;23;A01
201400038412;0;7;0;0;2;1;2;C01
201400038413;0;7;0;0;1;1;1;A01
201400038414;0;33;0;0;2;7;17;A01
201400038414;0;7;0;0;2;8;2;B01
201400038415;0;7;0;0;2;8;15;A01
201400038415;0;33;0;0;2;1;17;B01
201400038416;0;33;0;0;2;1;1;B01
201400038416;0;7;0;0;2;1;1;A01
201400038417;0;7;0;0;2;1;13;A01
201400038417;0;7;0;0;2;1;1;B01
201400038418;0;7;0;0;1;7;1;A01
201400038419;0;7;0;0;2;2;1;A01
201400038419;0;7;0;0;2;1;1;B01
201400038420;0;7;0;0;0;0;0;A01
201400038421;0;7;0;0;0;0;1;A01
201400038422;0;7;0;0;2;7;15;B01
201400038422;0;30;0;0;2;5;17;A01
201400038423;0;7;0;0;2;4;12;A01
201400038423;0;7;0;0;2;9;1;B01
201400038424;0;7;0;0;1;1;1;A01
201400038425;0;7;0;2;0;1;1;A01
201400038426;0;7;0;4;0;1;1;A01
201400038427;0;7;0;0;1;1;1;A01
201400038428;0;10;0;0;2;1;1;A01
201400038428;0;7;0;0;2;4;2;B01
201400038428;0;7;0;1;2;9;2;C01
201400038429;0;7;0;0;1;1;1;A01
201400038430;0;7;0;9;1;9;9;A01
201400038431;0;7;0;0;2;1;1;B01
201400038431;0;7;0;0;2;1;1;C01
201400038431;0;7;0;0;2;1;17;A01
201400038431;0;15;0;0;2;6;1;D01
201400038432;0;2;0;0;0;8;0;A01
201400038433;0;7;0;0;2;1;1;A01
201400038433;0;7;0;0;2;4;2;B01
201400038434;0;7;0;9;0;0;1;A01
201400038435;0;7;0;2;0;1;13;A01
201400038436;0;1;0;16;0;0;1;A01
201400038437;0;30;0;0;0;0;0;A01
201400038438;0;7;0;0;2;1;1;A01
201400038438;0;7;0;0;2;4;2;B01
201400038439;0;7;0;0;1;1;1;A01
201400038440;0;7;0;8;0;1;1;A01
201400038441;0;7;0;0;2;4;2;B01
201400038441;0;32;0;0;2;1;1;A01
201400038442;0;7;0;0;0;0;0;A01
201400038443;0;7;0;0;2;3;1;B01
201400038443;0;7;0;0;2;1;1;A01
201400038444;0;1;0;0;0;0;1;A01
201400038445;0;3;0;0;0;0;1;A01
201400038446;0;7;0;0;2;1;1;A01
201400038446;0;7;0;0;2;4;2;B01
201400038447;0;7;0;1;2;1;1;A01
201400038447;0;7;0;1;2;5;2;B01
201400038447;0;31;0;0;2;4;2;C01
201400038448;0;7;0;0;1;4;4;A01
201400038449;0;7;0;0;2;4;2;C01
201400038449;0;7;0;0;2;4;2;B01
201400038449;0;7;0;0;2;1;1;A01
201400038450;0;7;0;0;0;7;16;A01
201400038451;0;7;0;0;1;2;1;A01
201400038452;0;7;0;0;2;1;1;A01
201400038452;0;37;1;0;2;4;23;B01
201400038453;0;10;0;0;2;8;15;B01
201400038453;0;34;0;0;2;1;17;A01
201400038454;0;7;0;0;2;1;9;A01
201400038454;0;7;0;0;2;4;9;B01
201400038455;0;2;0;0;2;1;1;B01
201400038455;0;7;0;0;2;1;9;A01
201400038456;0;33;0;0;2;1;13;A01
201400038456;0;7;0;0;2;1;1;B01
201400038457;0;7;0;0;2;3;1;A01
201400038457;0;17;0;0;2;8;1;C01
201400038457;0;7;0;0;2;7;1;B01
201400038458;0;7;0;2;0;1;1;A01
201400038459;0;7;0;0;2;4;2;B01
201400038459;0;7;0;0;2;1;1;A01
201400038460;0;33;0;0;0;0;1;A01
201400038461;0;7;0;0;2;2;1;A01
201400038461;0;7;0;0;2;8;0;B01
201400038462;0;7;0;0;2;1;1;A01
201400038462;0;7;0;0;2;4;2;B01
201400038463;0;33;0;0;0;0;0;A01
201400038464;0;33;0;12;0;2;1;A01
201400038465;0;99;0;1;0;1;14;A01
201400038465;0;15;0;0;2;6;24;B01
201400038466;0;1;0;0;1;1;1;A01
201400038467;0;1;0;0;2;1;9;A01
201400038467;0;7;0;0;2;1;1;B01
201400038468;1;7;0;0;2;0;0;Z01
201400038468;0;7;0;0;2;8;1;B01
201400038468;0;7;0;0;2;7;11;C01
201400038469;0;7;0;0;0;9;0;A01
201400038470;0;7;0;0;1;1;1;A01
201400038471;0;7;0;0;0;1;0;A01
201400038472;0;7;0;0;1;7;1;A01
201400038473;0;7;0;0;1;7;1;A01
201400038474;0;10;0;0;2;8;1;B01
201400038474;0;7;0;0;2;3;9;A01
201400038475;0;3;0;2;0;1;1;A01
201400038476;0;7;0;0;9;0;0;A01
201400038477;0;7;0;6;0;1;1;A01
201400038478;0;7;0;0;0;0;0;A01
201400038479;0;7;0;0;0;0;14;A01
201400038480;0;1;0;8;0;1;1;A01
201400038481;0;7;0;0;2;4;2;B01
201400038481;0;7;0;0;2;1;1;A01
201400038482;0;7;0;0;2;8;19;A01
201400038482;0;7;0;0;2;1;1;B01
201400038483;0;7;0;0;2;1;1;A01
201400038483;0;10;0;0;2;5;23;B01
201400038484;0;30;0;0;0;0;0;A01
201400038485;0;7;0;6;0;1;1;A01
201400038486;0;33;0;0;0;0;0;A01
201400038487;0;7;0;0;2;1;1;A01
201400038487;0;7;0;0;2;4;2;B01
201400038488;1;7;0;0;1;3;9;Z01
201400038489;0;33;0;0;0;8;0;A01
201400038490;0;7;0;3;0;0;0;A01
201400038491;0;7;0;0;2;1;19;A01
201400038491;0;7;0;0;2;8;1;B01
201400038492;0;33;0;0;2;7;3;B01
201400038492;0;7;0;0;2;8;11;A01
201400038493;0;33;0;0;2;1;17;A01
201400038493;0;17;0;0;2;3;15;B01
201400038494;0;15;0;0;2;4;2;B01
201400038494;0;7;0;0;2;1;1;A01
201400038495;0;13;0;0;2;8;1;B01
201400038495;0;7;0;0;2;7;14;A01
201400038496;0;7;0;2;0;1;0;A01
201400038497;0;7;0;0;1;1;1;A01
201400038498;0;37;2;0;2;1;1;A01
201400038498;0;99;0;0;2;4;2;B01
201400038499;0;1;0;0;2;1;1;A01
201400038499;0;7;0;0;2;6;2;B01
201400038500;0;33;0;0;2;7;13;B01
201400038500;1;99;0;2;2;8;2;Z01
201400038501;0;7;0;14;0;1;1;A01
201400038502;0;7;0;0;1;1;15;A01
201400038503;0;7;0;8;0;8;1;A01
201400038504;0;7;0;0;1;1;1;A01
201400038505;0;34;0;0;0;0;1;A01
201400038506;0;30;0;0;0;0;0;A01
201400038507;0;10;0;0;0;9;0;A01
201400038508;0;1;0;0;0;0;0;A01
201400038509;0;1;0;12;0;7;14;A01
201400038510;0;7;0;0;2;4;2;B01
201400038510;0;7;0;0;2;1;1;A01
201400038511;0;7;0;0;1;1;1;A01
201400038512;0;7;0;0;1;1;16;A01
201400038513;0;7;0;0;1;3;1;A01
201400038514;0;10;0;0;0;0;0;A01
201400038515;0;7;0;0;0;0;0;A01
201400038516;0;7;0;0;1;2;1;A01
201400038517;0;33;0;7;0;1;18;A01
201400038518;1;7;0;0;2;6;13;Z01
201400038518;0;7;0;0;2;9;17;A01
201400038519;0;7;0;0;2;1;1;A01
201400038519;0;7;0;0;2;4;23;B01
201400038519;0;7;0;0;2;4;2;C01
201400038520;0;7;0;0;2;2;19;B01
201400038520;0;7;0;0;2;1;1;A01
201400038521;0;7;0;0;2;4;2;B01
201400038521;0;2;0;0;2;1;1;A01
201400038522;0;7;0;0;2;3;15;A01
201400038522;0;7;0;0;2;3;1;B01
201400038523;0;7;0;0;1;1;15;A01
201400038524;0;7;0;4;0;1;13;A01
201400038525;0;7;0;0;2;3;1;A01
201400038525;0;30;0;0;2;8;1;B01
201400038526;0;7;0;0;1;1;1;A01
201400038527;0;7;0;0;1;3;1;A01
201400038528;0;20;0;0;2;3;13;A01
201400038528;0;30;0;0;2;3;1;B01
201400038529;0;7;0;0;1;1;0;A01
201400038530;0;7;0;0;2;1;1;C01
201400038530;0;30;0;0;2;9;19;A01
201400038530;0;7;0;0;2;1;21;B01
201400038531;0;7;0;0;0;0;0;A01
201400038532;0;7;0;0;1;1;14;A01
201400038533;0;37;1;0;1;1;1;A01
201400038534;0;7;0;1;1;3;1;A01
201400038535;0;7;0;0;1;7;1;A01
201400038536;0;7;0;0;2;3;1;A01
201400038536;0;30;0;0;2;7;3;B01
201400038537;0;7;0;0;1;1;14;A01
201400038537;0;7;0;0;2;4;23;B01
201400038538;0;7;0;0;2;1;15;A01
201400038538;0;2;0;0;2;1;1;B01
201400038539;0;7;0;0;2;4;2;B01
201400038539;0;7;0;0;2;1;1;A01
201400038540;0;7;0;0;1;2;1;A01
201400038541;0;7;0;0;1;1;1;A01
201400038542;0;7;0;0;2;3;1;B01
201400038542;0;7;0;0;2;1;15;A01
201400038543;0;7;0;0;2;1;1;B01
201400038543;0;7;0;0;2;1;13;A01
201400038544;0;7;0;0;2;3;1;A01
201400038544;0;7;0;0;2;2;1;B01
201400038545;1;10;0;0;2;2;1;Z01
201400038545;0;32;0;0;2;1;1;A01
201400038546;0;7;0;0;2;2;1;B01
201400038546;0;7;0;0;2;1;17;A01
201400038547;0;7;0;0;1;1;1;A01
201400038548;0;7;0;0;1;7;16;A01
201400038549;0;7;0;0;1;1;1;A01
201400038550;1;30;0;0;1;1;1;Z01
201400038551;0;7;0;0;2;1;1;B01
201400038551;0;7;0;0;2;8;1;A01
201400038552;0;7;0;0;1;2;1;A01
201400038553;0;7;0;0;1;1;1;A01
201400038554;0;33;0;0;1;1;1;A01
201400038555;0;7;0;0;2;7;1;B01
201400038555;0;7;0;0;2;1;1;A01
201400038556;0;7;0;0;2;9;1;B01
201400038556;0;7;0;0;2;9;1;A01
201400038557;0;7;0;8;0;1;14;A01
201400038558;0;7;0;0;2;1;1;B01
201400038558;0;10;0;0;2;1;1;A01
201400038559;0;7;0;0;2;7;1;B01
201400038559;0;7;0;0;2;1;23;C01
201400038559;0;7;0;0;2;1;15;A01
201400038560;0;7;0;0;2;7;15;A01
201400038560;0;7;0;0;2;1;1;B01
201400038561;0;7;0;0;2;1;13;A01
201400038561;0;7;0;0;2;1;1;B01
201400038562;0;7;0;0;2;1;15;A01
201400038562;0;32;0;0;2;8;1;B01
201400038563;0;13;0;0;2;1;1;A01
201400038563;0;7;0;0;2;4;1;B01
201400038564;0;10;0;0;1;1;1;A01
201400038565;0;33;0;0;2;0;1;B01
201400038565;0;7;0;0;2;0;1;A01
201400038566;0;7;0;0;2;1;1;B01
201400038566;0;30;0;0;2;8;15;A01
201400038567;0;7;0;0;2;1;19;A01
201400038567;0;7;0;0;2;2;1;B01
201400038568;0;7;0;0;1;1;1;A01
201400038569;0;7;0;0;1;7;1;A01
201400038570;0;7;0;0;2;1;1;A01
201400038570;0;7;0;0;2;4;1;B01
201400038571;0;7;0;0;1;4;20;A01
201400038572;0;7;0;0;1;7;0;A01
201400038573;0;7;0;0;1;3;1;A01
201400038574;0;7;0;0;2;1;1;E01
201400038574;0;7;0;0;2;7;1;C01
201400038574;0;7;0;0;2;1;1;A01
201400038574;0;7;0;0;2;3;0;B01
201400038574;0;7;0;0;2;8;0;D01
201400038575;0;7;0;0;2;8;1;B01
201400038575;0;7;0;0;2;1;1;A01
201400038576;0;7;0;0;2;4;2;B01
201400038576;0;7;0;0;2;1;2;A01
201400038577;0;7;0;0;2;4;2;B01
201400038577;0;7;0;0;2;4;2;C01
201400038577;0;7;0;0;2;1;1;A01
201400038577;0;7;0;0;2;4;2;E01
201400038577;0;7;0;0;2;4;2;D01
201400038578;1;7;0;0;1;1;1;Z01
201400038579;0;7;0;0;1;1;1;A01
201400038580;0;33;0;0;2;1;1;B01
201400038580;2;7;0;0;2;1;1;Z01
201400038581;0;7;0;0;2;7;1;B01
201400038581;0;7;0;0;2;1;1;A01
201400038582;0;7;0;0;1;4;4;A01
201400038583;0;7;0;0;2;7;14;A01
201400038583;0;7;0;0;2;8;1;B01
201400038584;0;7;0;0;1;2;1;A01
201400038585;0;10;0;0;1;7;1;A01
201400038586;0;7;0;0;2;8;13;A01
201400038586;0;33;0;0;2;5;1;B01
201400038587;0;37;1;0;1;8;1;A01
201400038588;0;7;0;0;1;1;1;A01
201400038589;0;7;0;0;1;1;17;A01
201400038590;0;7;0;0;1;1;16;A01
201400038591;0;34;0;0;2;1;1;B01
201400038591;0;7;0;0;2;8;15;A01
201400038592;0;7;0;0;2;7;1;B01
201400038592;0;7;0;0;2;1;9;A01
201400038593;0;15;0;0;2;1;1;B01
201400038593;0;7;0;0;2;8;1;C01
201400038593;0;7;0;0;2;1;13;A01
201400038594;1;7;0;0;1;1;16;Z01
201400038595;0;30;0;0;1;1;1;A01
201400038596;0;7;0;0;1;1;1;A01
201400038597;0;7;0;0;1;8;1;A01
201400038598;0;31;0;0;2;1;1;B01
201400038598;0;7;0;0;2;3;15;A01
201400038599;0;7;0;3;0;1;13;A01
201400038600;1;7;0;0;2;1;2;Z01
201400038600;0;33;0;0;2;4;1;A01
201400038601;0;7;0;0;2;1;1;A01
201400038601;0;7;0;0;2;4;1;B01
201400038602;0;7;0;0;1;2;1;A01
201400038603;1;31;0;0;1;1;0;Z01
201400038604;0;7;0;0;2;2;1;A01
201400038604;0;32;0;0;2;7;17;B01
201400038605;0;7;0;0;2;1;2;B01
201400038605;0;10;0;0;2;4;1;A01
201400038606;0;14;0;0;2;1;1;B01
201400038606;0;7;0;0;2;4;23;A01
201400038607;0;34;0;0;2;1;3;A01
201400038607;0;7;0;0;2;3;9;B01
201400038608;0;7;0;0;1;4;4;A01
201400038609;0;2;0;0;2;1;17;A01
201400038609;0;7;0;0;2;8;15;B01
201400038610;0;30;0;0;2;1;1;B01
201400038610;0;7;0;0;2;2;15;A01
201400038611;0;1;0;0;2;8;15;B01
201400038611;0;7;0;0;2;1;15;A01
201400038612;0;7;0;0;2;4;1;A01
201400038612;0;13;0;0;2;1;2;B01
201400038613;0;10;0;0;2;1;1;B01
201400038613;0;7;0;0;2;1;1;C01
201400038613;0;7;0;0;2;7;13;A01
201400038614;0;7;0;0;2;3;20;B01
201400038614;0;33;0;0;2;1;1;A01
201400038615;0;30;0;0;2;1;17;A01
201400038615;0;7;0;0;2;3;19;B01
201400038616;0;33;0;0;2;3;2;B01
201400038616;0;13;0;0;2;4;1;A01
201400038617;0;33;0;0;2;7;14;A01
201400038617;0;7;0;0;2;3;1;B01
201400038618;0;7;0;0;2;1;2;B01
201400038618;0;7;0;0;2;4;1;A01
201400038619;0;7;0;0;2;8;16;B01
201400038619;0;7;0;0;2;3;1;A01
201400038620;0;7;0;0;1;2;1;A01
201400038621;0;1;0;0;2;8;0;B01
201400038621;0;7;0;0;2;1;0;A01
201400038622;0;15;0;0;2;2;1;A01
201400038622;0;33;0;0;2;6;2;B01
201400038623;0;7;0;0;1;1;1;A01
201400038624;0;10;0;0;2;2;15;B01
201400038624;0;34;0;0;2;3;1;A01
201400038625;0;7;0;0;1;1;1;A01
201400038626;0;7;0;0;2;1;1;A01
201400038626;0;31;0;0;2;4;2;B01
201400038627;0;7;0;0;2;1;15;A01
201400038627;0;33;0;0;2;7;13;B01
201400038628;0;7;0;0;2;7;1;A01
201400038628;0;33;0;1;2;2;3;B01
201400038629;0;7;0;0;2;3;1;A01
201400038629;0;33;0;0;2;7;1;B01
201400038630;0;7;0;0;2;3;19;A01
201400038630;0;30;0;0;2;7;1;B01
201400038631;0;7;0;0;2;2;9;A01
201400038631;0;31;0;0;2;8;1;B01
201400038632;0;7;0;0;2;1;1;B01
201400038632;0;7;0;0;2;3;19;A01
201400038633;0;1;0;0;2;3;19;B01
201400038633;0;7;0;0;2;1;16;A01
201400038634;0;7;0;0;2;3;1;B01
201400038634;0;7;0;0;2;3;5;A01
201400038635;0;7;0;0;2;3;1;B01
201400038635;0;10;0;0;2;3;15;A01
201400038636;0;7;0;0;1;1;1;A01
201400038637;0;7;0;0;2;1;15;A01
201400038637;0;34;0;0;2;3;1;B01
201400038638;0;7;0;0;1;1;1;A01
201400038639;0;7;0;0;2;2;15;A01
201400038639;0;30;0;0;2;1;1;B01
201400038640;0;37;1;0;1;1;1;A01
201400038641;0;7;0;0;2;0;0;B01
201400038641;0;7;0;0;2;0;0;A01
201400038642;0;32;0;0;2;3;1;B01
201400038642;0;7;0;0;2;7;1;A01
201400038643;0;99;0;0;1;3;1;A01
201400038644;0;7;0;0;1;1;1;A01
201400038645;0;2;0;0;2;2;1;B01
201400038645;0;7;0;0;2;3;20;A01
201400038646;0;7;0;0;2;3;9;A01
201400038646;0;2;0;0;2;2;1;B01
201400038647;0;10;0;0;2;8;11;A01
201400038647;0;33;0;0;2;7;17;B01
201400038648;0;7;0;0;1;1;1;A01
201400038649;0;33;0;0;2;1;1;B01
201400038649;0;10;0;0;2;4;23;A01
201400038650;0;7;0;0;2;1;1;B01
201400038650;0;7;0;0;2;2;1;A01
201400038651;0;7;0;0;1;1;1;A01
201400038652;0;7;0;0;1;1;1;A01
201400038653;0;2;0;0;2;2;1;B01
201400038653;0;7;0;0;2;1;10;A01
201400038654;0;33;0;0;2;7;1;B01
201400038654;0;7;0;0;2;8;10;A01
201400038655;0;7;0;0;1;1;1;A01
201400038656;0;7;0;1;1;3;1;A01
201400038657;0;34;0;12;2;7;1;A01
201400038657;0;17;0;0;2;1;1;B01
201400038658;0;7;0;0;1;1;1;A01
201400038659;0;7;0;0;2;2;15;A01
201400038659;0;33;0;0;2;8;3;B01
201400038660;0;99;0;0;2;7;1;B01
201400038660;0;7;0;0;2;1;9;A01
201400038661;0;32;0;0;2;1;1;B01
201400038661;0;7;0;0;2;3;15;A01
201400038662;0;7;0;1;0;1;1;A01
201400038663;0;7;0;4;2;4;1;A01
201400038663;0;7;0;14;2;1;2;B01
201400038664;0;7;0;2;0;1;1;A01
201400038665;0;7;0;1;0;2;1;A01
201400038666;0;7;0;0;2;4;2;B01
201400038666;0;7;0;0;2;1;1;A01
201400038667;0;7;0;0;2;8;24;A01
201400038667;0;1;0;0;2;1;2;B01
201400038668;0;7;0;0;1;1;1;A01
201400038669;0;7;0;0;1;7;1;A01
201400038670;0;7;0;0;1;1;1;A01
201400038671;0;7;0;0;2;1;2;B01
201400038671;0;7;0;0;2;4;1;A01
201400038672;0;7;0;0;2;1;1;A01
201400038672;0;1;0;0;2;8;1;B01
201400038673;0;7;0;0;1;7;1;A01
201400038674;0;10;0;6;0;1;1;A01
201400038675;0;7;0;6;0;1;1;A01
201400038676;0;7;0;0;1;1;1;A01
201400038677;0;7;0;0;2;1;9;A01
201400038677;0;1;0;0;2;1;1;B01
201400038678;0;7;0;0;2;1;1;A01
201400038678;0;7;0;0;2;3;1;B01
201400038679;0;1;0;0;2;1;1;B01
201400038679;0;7;0;0;2;4;23;A01
201400038680;0;7;0;6;0;1;1;A01
201400038681;0;33;0;0;2;1;1;B01
201400038681;0;17;0;0;2;2;1;A01
201400038682;0;7;0;0;2;4;2;B01
201400038682;0;7;0;0;2;1;1;A01
201400038683;0;7;0;0;1;1;1;A01
201400038684;0;33;0;0;2;1;1;B01
201400038684;0;7;0;0;2;3;15;A01
201400038685;0;7;0;0;1;1;1;A01
201400038686;0;7;0;0;2;1;1;A01
201400038686;0;7;0;0;2;4;2;B01
201400038687;0;7;0;1;0;1;1;A01
201400038688;0;30;0;0;2;1;2;B01
201400038688;0;7;0;0;2;4;4;A01
201400038689;0;7;0;0;1;1;1;A01
201400038690;0;7;0;0;1;1;1;A01
201400038691;0;7;0;0;2;8;15;A01
201400038691;0;30;0;0;2;9;17;B01
201400038692;0;7;0;0;2;1;1;A01
201400038692;0;7;0;0;2;7;2;B01
201400038693;0;7;0;0;2;1;9;A01
201400038693;0;33;0;0;2;2;1;B01
201400038694;0;7;0;0;2;1;5;B01
201400038694;0;30;0;0;2;1;1;A01
201400038695;0;7;0;0;2;1;2;B01
201400038695;0;7;0;0;2;4;1;A01
201400038696;0;33;0;0;2;1;3;A01
201400038696;0;7;0;0;2;6;15;B01
201400038697;0;10;0;0;1;1;17;A01
201400038698;0;7;0;0;2;4;2;B01
201400038698;0;30;0;0;2;1;1;A01
201400038699;0;7;0;1;2;1;13;A01
201400038699;0;7;0;0;2;1;2;B01
201400038700;0;34;0;0;2;2;1;B01
201400038700;0;2;0;0;2;1;20;A01
201400038701;0;7;0;1;2;1;1;A01
201400038701;0;7;0;1;2;4;24;C01
201400038702;0;7;0;0;2;1;1;B01
201400038702;0;7;0;0;2;1;1;A01
201400038703;0;20;0;0;2;4;2;B01
201400038703;0;7;0;0;2;1;1;A01
201400038704;0;7;0;0;2;1;1;A01
201400038704;0;7;0;0;2;4;1;B01
201400038705;0;7;0;0;2;2;1;A01
201400038705;0;7;0;0;2;6;11;B01
201400038706;0;1;0;0;2;1;1;B01
201400038706;0;7;0;0;2;8;22;A01
201400038707;0;7;0;6;0;1;1;A01
201400038708;0;7;0;0;2;1;1;A01
201400038708;0;7;0;0;2;3;1;B01
201400038709;0;7;0;0;2;4;24;C01
201400038709;0;7;0;0;2;1;1;A01
201400038709;0;10;0;0;2;4;2;B01
201400038710;0;7;0;0;2;6;2;B01
201400038710;0;33;0;0;2;1;1;A01
201400038711;0;10;0;1;0;3;1;A01
201400038712;0;33;0;0;2;1;1;B01
201400038712;0;7;0;0;2;3;16;A01
201400038713;0;7;0;0;1;2;1;A01
201400038714;0;32;0;0;0;7;21;B01
201400038715;0;7;0;0;2;1;1;A01
201400038715;0;7;0;0;2;4;2;C01
201400038715;0;7;0;0;2;4;2;B01
201400038716;0;7;0;4;0;1;16;A01
201400038717;0;7;0;0;1;1;1;A01
201400038718;0;7;0;0;2;1;1;A01
201400038718;0;7;0;0;2;6;2;B01
201400038719;0;7;0;0;2;3;20;A01
201400038719;0;33;0;0;2;1;1;B01
201400038720;0;2;0;0;2;2;1;A01
201400038720;0;7;0;0;2;3;1;B01
201400038721;0;7;0;0;2;1;2;B01
201400038721;0;30;0;0;2;4;1;A01
201400038722;0;30;0;0;2;1;1;A01
201400038722;0;7;0;0;2;7;15;B01
201400038723;0;7;0;0;1;1;1;A01
201400038724;0;10;0;0;2;7;1;C01
201400038724;0;7;0;0;2;9;1;A01
201400038724;0;7;0;0;2;9;1;B01
201400038725;0;7;0;1;0;2;1;A01
201400038726;0;7;0;0;2;0;0;A01
201400038726;0;30;0;0;2;7;2;B01
201400038727;0;7;0;0;0;8;17;A01
201400038728;0;7;0;0;1;1;1;A01
201400038729;0;31;0;0;1;1;17;A01
201400038730;0;7;0;4;2;1;13;A01
201400038730;0;7;0;0;2;1;1;B01
201400038731;0;7;0;4;0;1;1;A01
201400038732;0;7;0;0;1;1;1;A01