num_acc;senc;catv;occutc;obs;obsm;choc;manv;num_veh
201400038733;0;7;0;0;1;2;16;A01
201400038734;0;7;0;0;1;1;1;A01
201400038735;0;7;0;0;1;7;1;A01
201400038736;0;7;0;1;0;1;1;A01
201400038737;0;7;0;0;1;1;1;A01
201400038738;0;7;0;0;1;1;1;A01
201400038739;0;7;0;0;1;4;4;A01
201400038740;1;7;0;0;1;1;1;Z01
201400038741;0;7;0;0;2;1;18;B01
201400038741;0;7;0;0;2;2;1;A01
201400038742;0;7;0;0;1;1;1;A01
201400038743;0;7;0;5;0;1;14;A01
201400038744;0;7;0;0;1;3;1;A01
201400038745;0;7;0;1;2;2;16;B01
201400038745;0;7;0;0;2;2;1;A01
201400038746;0;7;0;0;2;3;1;B01
201400038746;0;7;0;1;2;8;19;A01
201400038747;0;7;0;0;2;1;1;A01
201400038747;0;7;0;0;2;4;2;B01
201400038748;0;7;0;0;1;3;1;A01
201400038749;0;7;0;0;2;3;9;B01
201400038749;0;7;0;0;2;2;1;A01
201400038750;0;7;0;0;2;4;1;A01
201400038750;0;1;0;0;2;1;2;B01
201400038751;0;7;0;0;1;1;1;A01
201400038752;0;7;0;0;2;1;15;A01
201400038752;0;1;0;0;2;7;1;B01
201400038753;0;7;0;0;2;4;2;B01
201400038753;0;7;0;0;2;1;1;A01
201400038754;0;10;0;0;1;3;15;A01
201400038755;0;2;0;0;2;1;1;A01
201400038755;0;7;0;0;2;8;15;B01
201400038756;0;10;0;0;2;1;1;A01
201400038756;0;7;0;0;2;1;15;B01
201400038757;0;7;0;0;1;1;1;A01
201400038758;0;7;0;0;1;7;1;A01
201400038759;0;30;0;0;2;1;16;A01
201400038759;0;37;1;0;2;1;1;B01
201400038760;0;7;0;0;1;1;15;A01
201400038761;0;2;0;0;2;2;1;B01
201400038761;0;7;0;0;2;3;9;A01
201400038762;0;7;0;4;0;3;1;A01
201400038763;0;7;0;0;1;2;1;A01
201400038764;0;33;0;0;1;1;1;A01
201400038765;0;2;0;0;2;7;1;B01
201400038765;0;7;0;0;2;2;1;A01
201400038766;0;7;0;8;2;3;0;B01
201400038766;0;7;0;0;2;1;0;A01
201400038767;0;33;0;0;2;1;17;B01
201400038767;0;10;0;0;2;8;11;A01
201400038768;0;7;0;0;1;2;1;A01
201400038769;1;13;0;0;2;4;2;Z01
201400038769;0;38;1;0;2;1;1;A01
201400038770;0;7;0;0;2;1;2;B01
201400038770;0;30;0;0;2;4;1;A01
201400038771;1;30;0;0;1;1;21;Z01
201400038772;0;7;0;0;2;3;5;A01
201400038772;0;7;0;0;2;3;1;B01
201400038773;0;7;0;1;2;1;1;B01
201400038773;0;7;0;0;0;4;23;A01
201400038774;0;7;0;0;2;1;13;A01
201400038774;0;1;0;0;2;1;1;B01
201400038775;0;30;0;0;0;3;1;A01
201400038776;0;7;0;0;2;1;1;A01
201400038776;0;7;0;0;2;4;2;B01
201400038777;0;1;0;0;2;1;1;A01
201400038777;0;38;1;0;2;3;7;B01
201400038778;0;7;0;0;2;3;1;B01
201400038778;0;7;0;0;2;0;0;A01
201400038779;0;33;0;0;1;2;3;A01
201400038780;0;33;0;0;2;1;1;A01
201400038780;0;7;0;0;2;3;1;B01
201400038781;0;33;0;0;2;1;17;B01
201400038781;0;7;0;0;2;8;10;A01
201400038782;0;2;0;0;2;1;1;A01
201400038782;0;7;0;0;2;2;1;B01
201400038783;0;7;0;0;2;6;15;B01
201400038783;0;30;0;0;2;1;17;A01
201400038784;0;7;0;0;2;2;16;A01
201400038784;0;7;0;0;2;3;13;B01
201400038785;0;7;0;0;2;4;2;B01
201400038785;0;7;0;0;2;1;1;A01
201400038786;0;1;0;0;2;8;0;B01
201400038786;0;7;0;0;2;7;0;A01
201400038787;0;10;0;0;1;1;1;A01
201400038788;0;7;0;0;2;2;1;A01
201400038788;0;7;0;0;2;2;0;B01
201400038789;0;7;0;0;2;1;1;A01
201400038789;0;7;0;0;2;4;2;B01
201400038790;0;33;0;0;2;8;1;B01
201400038790;0;7;0;0;2;2;15;A01
201400038791;0;7;0;1;1;2;20;A01
201400038792;0;2;0;0;2;1;13;A01
201400038792;0;7;0;0;2;3;13;B01
201400038793;0;33;0;0;2;1;1;B01
201400038793;0;10;0;0;2;2;15;A01
201400038794;0;7;0;0;2;1;1;A01
201400038794;0;7;0;0;2;4;23;D01
201400038794;0;7;0;0;2;4;23;B01
201400038794;0;7;0;0;2;4;23;C01
201400038795;0;1;0;0;1;1;1;A01
201400038796;0;7;0;0;1;4;4;A01
201400038797;0;7;0;0;2;2;1;B01
201400038797;0;7;0;0;2;4;4;A01
201400038798;0;7;0;0;1;2;1;A01
201400038799;0;7;0;0;2;2;1;A01
201400038799;0;7;0;0;2;3;16;B01
201400038800;2;7;0;2;0;1;1;Z01
201400038801;0;10;0;0;1;4;4;A01
201400038802;0;7;0;0;1;1;1;A01
201400038803;0;7;0;0;2;2;2;B01
201400038803;0;33;0;0;2;3;1;A01
201400038804;0;7;0;0;1;2;1;A01
201400038805;0;7;0;0;1;1;1;A01
201400038806;0;7;0;0;1;1;1;A01
201400038807;0;7;0;0;1;7;5;A01
201400038808;0;7;0;0;2;7;1;A01
201400038808;0;30;0;0;2;8;2;B01
201400038809;0;7;0;0;2;4;1;B01
201400038809;2;7;0;0;2;1;2;Z01
201400038810;0;7;0;0;1;2;1;A01
201400038811;0;7;0;9;0;1;1;A01
201400038812;0;7;0;0;1;1;15;A01
201400038813;0;7;0;14;1;2;17;A01
201400038814;0;7;0;15;0;1;1;A01
201400038815;0;7;0;0;1;1;1;A01
201400038816;0;7;0;0;2;1;15;A01
201400038816;0;2;0;0;2;1;1;B01
201400038817;0;7;0;0;1;1;1;A01
201400038818;0;13;0;0;1;5;1;A01
201400038819;1;7;0;0;2;1;1;Z01
201400038819;0;1;0;0;2;2;1;A01
201400038820;0;7;0;0;2;1;1;A01
201400038820;0;7;0;0;2;1;1;B01
201400038821;0;7;0;0;1;2;1;A01
201400038822;0;7;0;0;1;1;1;A01
201400038823;0;7;0;0;2;7;1;A01
201400038823;0;7;0;0;2;1;1;B01
201400038824;1;7;0;6;9;2;0;Z01
201400038824;0;1;0;0;2;1;16;B01
201400038825;0;7;0;0;2;2;19;A01
201400038825;0;34;0;0;2;8;21;B01
201400038826;0;7;0;0;1;1;1;A01
201400038827;0;7;0;0;2;7;1;A01
201400038827;0;7;0;0;2;1;1;B01
201400038828;0;7;0;0;1;1;1;A01
201400038829;2;7;0;0;2;1;1;Z01
201400038829;0;7;0;0;2;5;15;B01
201400038830;0;7;0;0;1;3;1;A01
201400038831;0;7;0;0;2;1;11;B01
201400038831;0;99;0;0;0;1;0;A01
201400038832;0;7;0;0;1;1;1;A01
201400038833;1;7;0;0;2;2;15;A01
201400038833;0;33;0;0;2;1;1;B01
201400038834;0;7;0;0;2;2;19;A01
201400038834;0;1;0;0;2;1;1;B01
201400038835;0;7;0;0;2;3;15;A01
201400038835;0;33;0;0;2;1;1;B01
201400038836;0;7;0;0;2;7;1;B01
201400038836;0;2;0;0;2;1;1;A01
201400038837;0;30;0;0;2;7;1;B01
201400038837;0;10;0;0;2;8;9;A01
201400038838;0;7;0;0;1;8;1;A01
201400038839;0;7;0;0;2;2;1;B01
201400038839;0;7;0;0;2;3;1;A01
201400038840;0;7;0;0;1;2;1;A01
201400038841;0;30;0;1;2;1;0;B01
201400038841;0;7;0;0;2;1;0;A01
201400038842;0;7;0;0;2;2;0;A01
201400038842;0;1;0;0;2;1;0;B01
201400038843;0;33;0;0;2;7;1;A01
201400038843;0;7;0;0;2;3;1;B01
201400038844;0;20;0;0;1;6;16;A01
201400038845;0;7;0;0;1;2;1;A01
201400038846;0;7;0;0;2;1;1;A01
201400038846;0;7;0;0;2;4;2;B01
201400038847;0;7;0;9;0;3;16;A01
201400038848;0;7;0;0;2;1;1;B01
201400038848;0;7;0;0;2;4;1;A01
201400038849;0;30;0;0;2;8;16;B01
201400038849;1;7;0;0;0;0;1;A01
201400038850;0;3;0;0;2;2;15;A01
201400038850;0;2;0;0;2;1;1;B01
201400038851;0;7;0;0;2;2;1;A01
201400038851;0;7;0;0;2;3;1;B01
201400038852;0;37;30;0;1;7;1;A01
201400038853;0;34;0;0;2;7;1;B01
201400038853;0;7;0;0;2;8;11;A01
201400038854;0;7;0;0;2;1;1;A01
201400038854;0;7;0;0;2;3;1;B01
201400038855;0;33;0;0;2;1;1;A01
201400038855;0;7;0;0;2;6;2;B01
201400038856;0;1;0;0;1;1;1;A01
201400038857;0;7;0;0;2;3;1;A01
201400038857;0;1;0;0;2;1;1;B01
201400038858;1;7;0;0;1;3;1;Z01
201400038859;0;7;0;0;1;1;1;A01
201400038860;0;7;0;0;2;8;16;B01
201400038860;0;7;0;8;2;1;1;A01
201400038861;0;7;0;0;2;1;1;B01
201400038861;0;7;0;0;2;1;15;A01
201400038862;0;2;0;6;0;1;1;A01
201400038863;0;33;0;0;2;1;12;B01
201400038863;0;7;0;0;2;7;17;A01
201400038864;0;7;0;0;1;2;1;A01
201400038865;0;7;0;0;2;2;1;B01
201400038865;0;7;0;0;2;3;9;A01
201400038866;0;7;0;0;2;3;24;A01
201400038866;0;7;0;0;2;2;1;B01
201400038867;0;7;0;0;2;3;1;B01
201400038867;0;2;0;0;2;1;17;A01
201400038868;0;33;0;0;2;1;1;A01
201400038868;0;14;0;0;2;4;1;B01
201400038869;0;2;0;0;2;1;1;A01
201400038869;0;7;0;0;2;8;1;B01
201400038870;0;7;0;0;2;3;15;A01
201400038870;0;33;0;9;2;1;1;B01
201400038871;0;7;0;0;1;4;20;A01
201400038872;0;7;0;0;9;2;11;A01
201400038872;0;1;0;0;2;1;1;B01
201400038873;0;7;0;0;2;1;1;A01
201400038873;0;7;0;0;2;3;15;B01
201400038874;0;7;0;0;1;1;15;A01
201400038875;0;7;0;6;2;1;11;A01
201400038875;0;7;0;0;2;1;1;B01
201400038876;0;7;0;0;2;4;1;A01
201400038876;0;1;0;0;2;1;1;B01
201400038877;0;1;0;0;2;7;1;B01
201400038877;0;7;0;0;2;4;4;A01
201400038878;0;7;0;0;1;1;1;A01
201400038879;0;7;0;13;0;1;1;A01
201400038880;1;7;0;0;1;1;1;Z01
201400038881;0;7;0;0;2;8;2;B01
201400038881;0;7;0;0;2;7;14;A01
201400038882;0;7;0;0;1;3;1;A01
201400038883;0;7;0;0;2;1;15;A01
201400038883;0;7;0;0;2;1;1;B01
201400038884;0;7;0;0;2;4;1;C01
201400038884;0;7;0;0;2;1;1;D01
201400038884;0;7;0;0;2;4;1;B01
201400038884;0;7;0;0;2;4;1;A01
201400038885;0;7;0;0;2;2;15;A01
201400038885;0;33;0;0;2;1;1;B01
201400038886;0;7;0;0;2;3;1;B01
201400038886;0;37;1;0;2;1;1;A01
201400038887;0;7;0;0;2;2;23;B01
201400038887;0;7;0;0;2;3;10;A01
201400038888;0;7;0;0;1;3;1;A01
201400038889;0;7;0;0;2;1;1;B01
201400038889;0;10;0;6;2;1;1;A01
201400038890;0;30;0;0;0;7;1;A01
201400038891;0;7;0;0;1;1;1;A01
201400038892;0;7;0;1;0;2;20;A01
201400038893;0;7;0;0;2;4;1;A01
201400038893;0;10;0;0;2;1;1;B01
201400038894;0;7;0;0;1;3;1;A01
201400038895;0;7;0;0;2;7;1;B01
201400038895;0;31;0;0;2;1;1;A01
201400038896;0;7;0;0;2;4;2;B01
201400038896;0;7;0;0;2;1;1;A01
201400038897;0;7;0;0;1;1;16;A01
201400038898;0;7;0;0;9;2;1;A01
201400038898;0;1;0;0;2;3;1;B01
201400038899;0;7;0;0;2;8;1;B01
201400038899;0;7;0;0;2;3;1;A01
201400038900;0;7;0;3;0;7;1;A01
201400038901;0;7;0;0;1;2;1;A01
201400038902;0;7;0;0;2;2;15;A01
201400038902;0;32;0;0;2;1;1;B01
201400038903;0;2;0;0;2;4;0;B01
201400038903;0;7;0;0;2;0;1;A01
201400038904;0;7;0;0;2;2;1;A01
201400038904;0;7;0;0;2;0;1;B01
201400038905;0;7;0;1;0;1;1;A01
201400038906;0;33;0;5;2;7;1;B01
201400038906;0;7;0;0;2;8;11;A01
201400038907;0;7;0;0;1;3;16;A01
201400038908;0;7;0;0;1;1;1;A01
201400038909;0;7;0;0;1;7;1;A01
201400038910;0;7;0;0;2;3;1;B01
201400038910;0;34;0;0;2;1;1;A01
201400038911;0;7;0;0;2;3;1;B01
201400038911;0;7;0;0;2;7;1;A01
201400038912;0;33;0;0;2;1;17;A01
201400038912;0;7;0;0;2;3;23;B01
201400038913;0;7;0;0;1;2;1;A01
201400038914;0;33;0;0;2;1;1;A01
201400038914;0;1;0;0;2;0;0;B01
201400038915;0;7;0;0;2;0;15;A01
201400038915;0;33;0;0;2;8;1;B01
201400038916;0;7;0;0;2;7;16;B01
201400038916;0;34;0;0;2;1;2;A01
201400038917;0;7;0;0;2;1;10;A01
201400038917;0;7;0;0;2;7;1;B01
201400038918;0;7;0;0;2;4;23;A01
201400038918;0;1;0;0;2;1;2;B01
201400038919;0;7;0;0;2;5;23;B01
201400038919;0;33;0;0;2;1;1;A01
201400038920;0;7;0;0;2;7;1;B01
201400038920;0;30;0;0;2;7;0;A01
201400038921;0;7;0;0;2;7;22;A01
201400038921;0;33;0;1;0;1;18;B01
201400038922;0;7;0;0;2;1;15;A01
201400038922;0;33;0;0;2;1;1;B01
201400038923;0;7;0;0;2;5;1;A01
201400038923;0;1;0;0;2;0;2;B01
201400038924;0;7;0;6;1;1;15;A01
201400038925;0;14;0;0;1;1;1;A01
201400038926;0;7;0;0;1;2;1;A01
201400038927;0;2;0;0;2;1;2;A01
201400038927;0;10;0;0;2;5;1;B01
201400038928;0;7;0;0;1;1;1;A01
201400038929;0;7;0;0;9;4;1;B01
201400038929;0;7;0;0;2;4;2;A01
201400038930;0;17;0;0;1;1;1;A01
201400038931;0;33;0;0;2;1;1;B01
201400038931;0;7;0;0;2;2;15;A01
201400038932;0;7;0;0;2;4;23;B01
201400038932;0;7;0;0;2;1;1;A01
201400038933;0;1;0;0;2;1;15;B01
201400038933;1;7;0;0;2;3;0;A01
201400038934;0;7;0;0;2;1;15;A01
201400038934;0;30;0;0;2;1;1;B01
201400038935;0;7;0;0;2;2;15;A01
201400038935;0;30;0;0;2;1;0;B01
201400038936;0;32;0;0;1;1;1;A01
201400038937;1;7;0;0;1;1;1;A01
201400038938;0;7;0;0;2;6;0;A01
201400038938;0;33;0;0;2;1;1;B01
201400038939;0;33;0;0;2;7;1;B01
201400038939;0;7;0;0;2;2;10;A01
201400038940;0;7;0;0;1;1;1;A01
201400038941;0;7;0;0;1;1;1;A01
201400038942;0;14;0;0;1;2;16;A01
201400038943;0;7;0;0;1;1;1;A01
201400038944;0;7;0;0;1;2;0;A01
201400038945;0;7;0;0;1;2;15;A01
201400038946;0;7;0;0;2;4;1;B01
201400038946;0;33;0;0;2;1;1;A01
201400038947;0;7;0;0;1;3;0;A01
201400038948;0;7;0;0;2;7;1;A01
201400038948;0;34;0;0;2;1;1;B01
201400038949;0;7;0;1;0;1;1;A01
201400038949;1;13;0;0;2;4;1;A02
201400038950;0;33;0;0;1;8;1;A01
201400038951;0;30;0;0;0;8;1;A01
201400038952;0;37;1;0;2;7;1;B01
201400038952;0;7;0;0;2;1;15;A01
201400038953;0;30;0;0;1;1;1;A01
201400038954;0;7;0;0;2;7;15;A01
201400038954;0;2;0;0;2;1;1;B01
201400038955;0;32;0;0;2;8;1;B01
201400038955;0;7;0;0;2;3;16;A01
201400038956;0;30;0;12;0;1;1;A01
201400038957;0;7;0;0;1;0;4;A01
201400038958;0;7;0;0;2;7;1;A01
201400038958;0;30;0;0;2;1;1;B01
201400038959;1;31;0;0;1;1;17;Z01
201400038960;0;7;0;0;2;3;5;A01
201400038960;0;7;0;0;2;3;1;B01
201400038961;0;7;0;0;1;2;1;A01
201400038962;0;1;0;0;1;0;0;A01
201400038963;0;31;0;0;1;8;1;A01
201400038964;0;7;0;0;2;0;0;B01
201400038964;0;33;0;0;0;0;11;A01
201400038965;0;7;0;0;1;2;1;A01
201400038966;0;33;0;12;0;1;0;A01
201400038967;0;7;0;0;1;3;1;A01
201400038968;0;32;0;0;1;7;1;A01
201400038969;0;7;0;0;2;0;20;B01
201400038969;0;30;0;0;2;8;1;A01
201400038970;0;33;0;0;2;1;13;A01
201400038970;0;7;0;0;2;5;1;B01
201400038971;0;7;0;0;1;4;20;A01
201400038972;0;1;0;0;2;4;2;A01
201400038972;1;7;0;0;2;0;0;Z01
201400038973;0;7;0;0;1;1;1;A01
201400038974;0;7;0;8;2;4;16;B01
201400038974;0;33;0;0;2;1;1;A01
201400038975;0;7;0;9;1;1;16;A01
201400038976;0;7;0;0;2;8;24;B01
201400038976;0;7;0;0;1;2;1;A01
201400038977;0;7;0;0;1;1;0;A01
201400038978;0;7;0;0;2;4;2;B01
201400038978;0;7;0;0;2;1;2;A01
201400038979;0;10;0;0;2;3;1;B01
201400038979;0;34;0;0;2;1;1;A01
201400038980;0;30;0;0;0;8;1;A01
201400038981;0;7;0;0;2;1;1;A01
201400038981;0;7;0;0;2;2;1;B01
201400038982;0;10;0;0;1;1;1;A01
201400038983;0;31;0;0;2;2;1;B01
201400038983;0;7;0;0;2;3;20;A01
201400038984;0;7;0;0;2;7;15;A01
201400038984;0;30;0;0;2;1;1;B01
201400038985;0;7;0;0;2;6;1;B01
201400038985;0;7;0;0;2;3;1;C01
201400038985;0;14;0;0;2;1;1;A01
201400038986;0;34;0;0;1;1;3;A01
201400038987;0;37;50;0;2;3;11;A01
201400038987;1;7;0;0;2;6;2;Z01
201400038988;0;7;0;0;1;8;15;A01
201400038989;0;31;0;0;1;1;1;A01
201400038990;0;1;0;0;1;1;5;A01
201400038991;0;2;0;0;2;1;15;B01
201400038991;2;7;0;0;2;1;1;A01
201400038992;0;7;0;0;2;7;1;B01
201400038992;0;7;0;0;2;8;1;A01
201400038993;0;7;0;0;1;7;1;A01
201400038994;0;33;0;0;2;1;1;B01
201400038994;0;7;0;0;2;1;9;A01
201400038995;0;30;0;0;2;2;0;A01
201400038995;0;7;0;0;2;1;15;B01
201400038996;0;7;0;0;2;4;2;B01
201400038996;1;7;0;0;2;1;2;Z01
201400038997;0;37;50;0;2;6;1;B01
201400038997;0;30;0;0;2;1;12;A01
201400038998;0;2;0;0;2;8;15;B01
201400038998;0;7;0;0;2;7;1;A01
201400038999;0;7;0;0;2;3;9;A01
201400038999;0;30;0;0;2;1;1;B01
201400039000;0;2;0;0;2;1;1;A01
201400039000;1;7;0;0;2;3;15;B01
201400039001;0;33;0;0;2;1;1;A01
201400039001;0;7;0;0;2;3;16;B01
201400039002;0;33;0;0;2;2;17;A01
201400039003;2;7;0;0;2;1;1;Z01
201400039003;0;7;0;0;2;4;1;A01
201400039004;0;7;0;0;2;4;2;B01
201400039004;0;31;0;0;2;1;2;A01
201400039005;1;7;0;0;1;2;16;Z01
201400039006;0;7;0;0;2;3;16;A01
201400039006;0;1;0;0;2;1;1;B01
201400039007;0;13;0;0;2;4;4;A01
201400039007;0;30;0;0;0;4;1;B01
201400039008;0;7;0;8;0;1;1;A01
201400039009;0;30;0;8;0;0;1;A01
201400039010;0;30;0;0;2;1;17;A01
201400039010;0;7;0;0;2;4;1;B01
201400039011;0;2;0;0;2;7;15;A01
201400039011;1;7;0;0;2;6;17;B01
201400039012;0;7;0;0;1;1;1;A01
201400039013;0;7;0;0;2;4;1;B01
201400039013;0;31;0;0;2;1;1;A01
201400039014;0;7;0;0;2;8;1;B01
201400039014;0;32;0;0;2;1;1;A01
201400039015;0;7;0;0;1;1;0;A01
201400039016;0;32;0;0;1;1;1;A01
201400039017;0;13;0;0;2;4;1;B01
201400039017;0;7;0;0;2;1;1;A01
201400039018;0;32;0;8;0;0;0;A01
201400039019;0;7;0;0;1;2;1;A01
201400039020;0;7;0;0;1;5;1;A01
201400039021;0;7;0;0;1;1;15;A01
201400039022;0;7;0;0;1;6;4;A01
201400039023;0;33;0;0;2;1;1;B01
201400039023;0;7;0;0;2;5;1;A01
201400039024;0;32;0;0;2;7;1;A01
201400039024;0;7;0;0;2;8;1;B01
201400039025;0;30;0;0;0;3;16;A01
201400039026;0;7;0;0;1;3;1;B01
201400039026;0;7;0;0;1;3;1;A01
201400039027;0;7;0;0;1;3;16;A01
201400039028;0;33;0;0;2;1;1;B01
201400039028;0;10;0;0;2;5;1;A01
201400039029;0;37;10;0;2;2;1;B01
201400039029;0;33;0;0;2;4;15;A01
201400039030;0;7;0;0;1;0;1;A01
201400039031;0;7;0;0;2;6;1;B01
201400039031;0;30;0;0;2;0;17;A01
201400039032;0;7;0;1;0;1;0;A01
201400039033;0;7;0;0;2;8;1;B01
201400039033;0;7;0;1;0;1;17;A01
201400039034;0;7;0;0;2;0;0;B01
201400039034;0;32;0;0;0;0;0;A01
201400039035;0;33;0;0;2;8;0;A01
201400039035;0;32;0;0;2;7;0;B01
201400039036;0;10;0;0;2;1;9;A01
201400039036;0;2;0;0;2;1;1;B01
201400039037;0;2;0;0;1;1;10;A01
201400039038;0;7;0;0;2;0;0;A01
201400039038;0;7;0;0;0;0;0;B01
201400039039;0;7;0;0;1;1;15;A01
201400039040;0;32;0;0;0;8;0;A01
201400039041;0;33;0;14;0;1;1;A01
201400039042;0;7;0;0;1;7;15;A01
201400039043;0;7;0;8;0;0;0;A01
201400039044;0;7;0;0;2;1;1;B01
201400039044;0;7;0;0;2;4;1;A01
201400039044;0;7;0;0;2;4;1;C01
201400039045;0;31;0;12;0;1;1;A01
201400039046;0;7;0;0;1;7;1;A01
201400039047;0;33;0;0;2;1;1;A01
201400039047;0;7;0;0;2;8;1;B01
201400039048;0;7;0;0;2;7;1;A01
201400039048;0;34;0;0;2;1;1;B01
201400039049;0;33;0;0;1;1;1;A01
201400039050;0;31;0;0;2;1;1;A01
201400039050;0;1;0;0;2;8;10;B01
201400039051;0;7;0;0;2;3;15;B01
201400039051;0;33;0;0;2;1;5;A01
201400039052;0;33;0;0;2;1;0;B01
201400039052;0;7;0;0;2;2;15;A01
201400039053;0;7;0;0;2;1;0;A01
201400039053;0;7;0;0;2;7;1;B01
201400039054;0;7;0;0;2;1;15;A01
201400039054;0;30;0;0;2;8;1;B01
201400039055;0;7;0;4;2;3;1;A01
201400039055;0;7;0;0;2;1;1;B01
201400039056;0;7;0;4;0;3;1;A01
201400039057;0;2;0;0;2;1;1;A01
201400039057;0;7;0;0;2;5;16;B01
201400039058;0;10;0;0;2;3;1;A01
201400039058;0;7;0;0;2;5;1;B01
201400039059;0;15;0;0;2;6;24;B01
201400039059;0;7;0;1;0;1;1;A01
201400039060;0;31;0;0;0;0;1;B01
201400039060;0;30;0;0;0;0;1;A01
201400039061;0;10;0;0;1;1;1;A01
201400039062;0;7;0;0;2;1;5;A01
201400039062;0;7;0;12;2;1;21;B01
201400039063;0;33;0;0;0;1;0;A01
201400039064;0;13;0;0;2;4;1;B01
201400039064;0;13;0;0;2;1;1;A01
201400039065;0;14;0;0;2;6;1;B01
201400039065;0;2;0;1;0;1;9;A01
201400039066;0;7;0;0;2;1;1;A01
201400039066;0;7;0;0;2;3;15;B01
201400039067;0;7;0;11;0;1;1;A01
201400039068;0;7;0;0;2;5;1;A01
201400039068;0;32;0;0;2;8;0;B01
201400039069;0;7;0;0;1;3;1;A01
201400039070;0;7;0;0;2;8;15;B01
201400039070;0;2;0;0;2;7;17;A01
201400039071;0;2;0;0;1;7;21;B01
201400039071;0;7;0;0;2;1;15;A01
201400039072;0;7;0;0;1;2;1;A01
201400039073;0;2;0;0;1;2;1;A01
201400039074;0;7;0;0;2;5;1;B01
201400039074;0;31;0;0;2;1;1;A01
201400039075;0;14;0;0;1;7;1;A01
201400039076;0;10;0;1;0;1;2;A01
201400039076;0;10;0;0;2;4;23;B01
201400039077;0;7;0;0;2;8;15;B01
201400039077;0;1;0;0;2;2;1;A01
201400039078;0;7;0;0;2;2;10;A01
201400039078;0;31;0;0;2;8;1;B01
201400039079;0;37;1;0;1;7;15;A01
201400039080;0;7;0;0;2;8;10;A01
201400039080;0;2;0;0;2;1;1;B01
201400039081;0;7;0;0;2;7;22;B01
201400039081;0;37;1;0;2;1;1;A01
201400039082;0;7;0;0;1;1;1;A01
201400039083;0;7;0;0;2;4;2;B01
201400039083;0;10;0;0;0;0;2;A01
201400039084;0;33;0;0;1;1;17;A01
201400039085;1;7;0;0;2;7;17;Z01
201400039085;0;1;0;0;2;8;1;B01
201400039086;0;2;0;0;1;1;1;A01
201400039087;0;7;0;0;2;6;1;A01
201400039087;0;7;0;0;2;2;17;B01
201400039088;0;34;0;4;0;8;17;A01
201400039089;0;7;0;0;2;1;1;A01
201400039089;0;7;0;0;0;4;23;B01
201400039090;0;33;0;0;2;7;20;B01
201400039090;0;30;0;0;2;7;18;A01
201400039091;0;7;0;0;2;7;15;B01
201400039091;0;1;0;0;2;7;1;A01
201400039092;0;32;0;0;0;0;1;A01
201400039093;0;30;0;0;2;0;0;A01
201400039093;0;7;0;0;2;7;1;B01
201400039094;1;34;0;0;1;0;1;Z01
201400039095;0;33;0;0;2;0;0;B01
201400039095;0;7;0;0;2;8;15;A01
201400039096;1;7;0;0;2;0;15;Z01
201400039096;0;33;0;0;2;1;1;A01
201400039097;0;7;0;0;2;7;16;A01
201400039097;0;1;0;0;2;8;1;B01
201400039098;0;7;0;0;2;2;1;A01
201400039098;0;33;0;0;2;1;1;B01
201400039099;0;34;0;0;2;0;3;A01
201400039099;0;7;0;0;2;2;1;B01
201400039100;0;7;0;0;2;3;15;B01
201400039100;0;7;0;0;2;3;1;A01
201400039101;0;7;0;0;1;3;15;A01
201400039102;0;7;0;0;1;0;1;A01
201400039103;0;30;0;0;0;0;0;A01
201400039104;0;32;0;0;2;7;1;A01
201400039104;0;7;0;0;2;8;15;B01
201400039105;0;1;0;0;2;1;1;B01
201400039105;0;7;0;0;2;1;5;A01
201400039106;0;7;0;0;1;1;1;A01
201400039107;0;2;0;0;0;8;2;A01
201400039108;0;33;0;0;1;1;1;A01
201400039109;0;7;0;0;1;5;4;A01
201400039110;0;2;0;0;2;3;3;B01
201400039110;0;7;0;0;2;2;12;A01
201400039111;0;7;0;0;2;3;15;A01
201400039111;0;33;0;0;2;8;16;B01
201400039112;0;10;0;0;2;6;1;B01
201400039112;0;7;0;0;2;1;1;A01
201400039113;0;7;0;0;2;8;2;A01
201400039113;0;30;0;0;2;1;13;B01
201400039114;0;7;0;0;2;2;17;A01
201400039114;0;7;0;0;2;6;1;B01
201400039115;0;7;0;0;2;4;2;B01
201400039115;1;7;0;0;2;1;2;A01
201400039116;0;32;0;0;2;7;0;B01
201400039116;1;7;0;0;2;1;10;A01
201400039117;0;32;0;0;2;1;1;B01
201400039117;0;7;0;0;2;6;10;A01
201400039118;0;7;0;0;1;2;1;A01
201400039119;0;7;0;0;2;3;23;B01
201400039119;0;30;0;0;2;1;16;A01
201400039120;0;34;0;0;2;3;1;B01
201400039120;0;7;0;0;2;1;15;A01
201400039121;0;34;0;0;2;1;1;A01
201400039121;0;7;0;0;2;8;10;B01
201400039122;0;7;0;0;2;1;16;B01
201400039122;0;7;0;0;2;2;15;A01
201400039123;0;7;0;0;2;1;1;B01
201400039123;0;10;0;0;2;2;15;A01
201400039124;0;7;0;0;2;4;2;B01
201400039124;0;33;0;0;2;1;2;A01
201400039125;0;7;0;0;2;3;15;A01
201400039125;0;30;0;0;2;2;17;B01
201400039126;0;7;0;0;1;1;1;A01
201400039127;0;1;0;0;0;0;1;A01
201400039128;0;7;0;0;2;1;1;A01
201400039128;0;7;0;0;2;7;1;B01
201400039129;0;7;0;0;2;0;10;A01
201400039129;0;33;0;0;2;0;1;B01
201400039130;0;1;0;0;2;8;1;B01