num_acc;senc;catv;occutc;obs;obsm;choc;manv;num_veh
201400039130;0;7;0;0;2;1;1;A01
201400039131;0;37;0;0;1;0;7;A01
201400039132;0;30;0;0;2;0;1;A01
201400039132;0;1;0;0;2;4;1;B01
201400039133;0;32;0;0;2;2;1;B01
201400039133;0;10;0;0;2;2;10;A01
201400039134;0;1;0;0;2;7;19;B01
201400039134;0;33;0;0;2;1;1;A01
201400039135;0;7;0;0;2;1;15;A01
201400039135;0;7;0;0;2;3;1;B01
201400039136;0;7;0;0;2;3;15;A01
201400039136;0;1;0;0;2;7;17;B01
201400039137;0;10;0;0;1;4;4;A01
201400039138;0;10;0;0;1;3;1;A01
201400039139;0;30;0;0;2;2;1;A01
201400039139;0;30;0;0;2;2;1;B01
201400039140;0;10;0;0;2;2;15;A01
201400039140;0;32;0;0;2;1;1;B01
201400039141;0;7;0;0;1;2;17;A01
201400039142;0;7;0;0;2;3;1;B01
201400039142;0;30;0;0;2;1;1;A01
201400039143;0;7;0;0;2;2;16;A01
201400039143;0;1;0;0;2;1;1;B01
201400039144;0;7;0;0;2;2;2;B01
201400039144;0;33;0;0;2;8;2;A01
201400039145;0;34;0;0;2;1;2;A01
201400039145;0;7;0;0;2;4;2;B01
201400039146;0;1;0;0;2;7;1;B01
201400039146;0;7;0;0;2;1;9;A01
201400039147;0;33;0;0;2;8;1;B01
201400039147;0;7;0;0;2;2;15;A01
201400039148;0;7;0;0;2;4;1;B01
201400039148;0;7;0;0;2;1;1;A01
201400039148;0;7;0;0;2;3;24;C01
201400039149;0;7;0;0;2;1;1;B01
201400039149;0;7;0;0;2;2;10;A01
201400039150;0;30;0;0;2;3;1;B01
201400039150;0;32;0;0;2;1;15;A01
201400039151;0;2;0;0;2;1;17;B01
201400039151;0;7;0;0;2;6;15;A01
201400039152;0;10;0;0;2;2;1;B01
201400039152;0;33;0;0;2;8;11;A01
201400039153;0;7;0;0;2;3;10;A01
201400039153;0;33;0;0;2;1;1;B01
201400039154;0;7;0;0;2;6;24;C01
201400039154;0;99;0;0;2;1;19;A01
201400039154;0;7;0;0;2;7;1;B01
201400039155;0;7;0;6;0;1;14;A01
201400039156;0;7;0;0;2;3;13;A01
201400039156;0;34;0;0;2;4;1;B01
201400039157;0;7;0;0;1;1;1;A01
201400039158;0;30;0;0;1;1;1;A01
201400039159;0;7;0;0;2;3;15;B01
201400039159;0;33;0;0;2;8;1;A01
201400039160;0;7;0;0;1;4;4;A01
201400039161;0;30;0;0;1;3;1;A01
201400039162;0;7;0;0;1;1;1;A01
201400039163;0;7;0;0;1;3;15;A01
201400039164;0;7;0;0;2;1;2;C01
201400039164;0;7;0;0;2;4;2;A01
201400039164;0;7;0;0;2;4;2;B01
201400039165;0;7;0;0;1;1;1;A01
201400039166;0;7;0;0;1;1;15;A01
201400039167;0;10;0;0;2;2;16;A01
201400039167;0;33;0;0;2;3;18;B01
201400039168;0;7;0;0;1;6;4;A01
201400039169;0;7;0;0;1;4;4;A01
201400039170;0;7;0;0;2;3;15;A01
201400039170;0;33;0;0;2;8;1;B01
201400039171;0;32;0;0;2;0;1;A01
201400039171;0;7;0;0;2;0;12;B01
201400039172;0;10;0;0;2;3;10;A01
201400039172;0;31;0;0;2;7;1;B01
201400039173;0;7;0;0;2;3;15;A01
201400039173;0;33;0;0;2;7;17;B01
201400039174;0;7;0;0;2;8;11;A01
201400039174;0;32;0;0;2;1;1;B01
201400039175;0;1;0;0;2;8;1;B01
201400039175;0;14;0;0;2;7;12;A01
201400039176;0;7;0;0;1;8;17;A01
201400039177;0;7;0;0;2;0;12;A01
201400039177;0;32;0;0;2;1;1;B01
201400039178;0;7;0;0;2;2;15;A01
201400039178;0;7;0;0;2;3;1;B01
201400039179;0;7;0;0;1;2;1;A01
201400039180;0;33;0;0;2;1;1;B01
201400039180;0;7;0;0;2;5;1;A01
201400039181;0;7;0;16;0;7;1;A01
201400039182;0;7;0;7;0;1;1;A01
201400039183;1;34;0;0;1;7;21;A01
201400039184;0;7;0;0;1;1;16;A01
201400039185;0;10;0;0;1;1;1;A01
201400039186;0;34;0;12;0;3;16;A01
201400039187;0;37;30;0;2;2;2;B01
201400039187;0;7;0;0;2;6;2;A01
201400039188;0;34;0;0;2;4;2;B01
201400039188;0;7;0;0;2;1;2;A01
201400039189;0;32;0;0;1;1;1;A01
201400039190;0;1;0;0;1;1;5;A01
201400039191;0;33;0;0;2;1;1;B01
201400039191;0;7;0;0;2;6;15;A01
201400039192;0;7;0;0;1;2;1;A01
201400039193;0;7;0;0;2;3;13;A01
201400039193;0;30;0;0;2;2;1;B01
201400039194;0;30;0;0;2;1;2;A01
201400039194;0;7;0;0;2;4;2;B01
201400039195;0;7;0;0;2;2;15;A01
201400039195;0;33;0;0;2;3;1;B01
201400039196;0;30;0;0;0;0;1;A01
201400039197;0;7;0;0;2;4;23;C01
201400039197;0;10;0;0;2;7;1;B01
201400039197;0;33;0;1;2;3;18;A01
201400039198;1;7;0;0;1;1;0;A01
201400039199;0;7;0;0;2;3;15;A01
201400039199;0;30;0;0;2;1;1;B01
201400039200;0;1;0;0;1;1;1;A01
201400039201;0;10;0;0;2;2;10;A01
201400039201;0;1;0;0;2;1;1;B01
201400039202;1;7;0;0;1;1;1;A01
201400039203;0;30;0;0;2;3;15;A01
201400039203;0;7;0;0;2;2;1;B01
201400039204;0;13;0;0;2;1;2;A01
201400039204;0;7;0;0;2;4;2;B01
201400039205;0;30;0;0;0;0;1;A01
201400039206;0;30;0;0;2;1;17;A01
201400039206;0;7;0;0;2;3;15;B01
201400039207;1;7;0;0;2;4;17;B01
201400039207;0;7;0;12;2;3;2;A01
201400039208;0;7;0;7;0;1;1;A01
201400039209;0;1;0;0;2;1;11;A01
201400039209;0;7;0;0;2;5;23;B01
201400039210;0;1;0;0;2;5;19;B01
201400039210;0;7;0;0;2;3;1;A01
201400039211;0;7;0;0;1;1;17;A01
201400039212;0;32;0;12;0;8;17;A01
201400039213;0;7;0;0;1;4;4;A01
201400039214;0;30;0;12;0;0;21;A01
201400039215;0;7;0;0;1;1;1;A01
201400039216;0;1;0;0;2;1;2;A01
201400039216;0;7;0;0;2;4;2;B01
201400039217;0;7;0;0;2;3;1;B01
201400039217;0;7;0;0;2;8;1;C01
201400039217;0;7;0;0;2;6;1;D01
201400039217;0;7;0;0;2;3;19;A01
201400039218;0;30;0;0;2;8;1;B01
201400039218;0;32;0;0;2;8;13;A01
201400039219;0;30;0;0;0;0;16;A01
201400039220;0;1;0;1;0;1;1;A01
201400039221;0;31;0;0;0;2;1;A01
201400039222;0;30;0;0;2;1;9;A01
201400039222;0;7;0;0;2;2;1;B01
201400039223;0;32;0;0;0;8;1;A01
201400039224;0;33;0;0;2;4;23;B01
201400039224;0;7;0;0;2;1;2;A01
201400039225;0;31;0;0;2;2;2;A01
201400039225;0;33;0;0;2;3;15;B01
201400039226;0;30;0;0;1;1;1;A01
201400039227;0;7;0;0;1;2;1;A01
201400039228;0;7;0;0;1;1;15;A01
201400039229;0;30;0;0;2;1;2;A01
201400039229;0;7;0;0;2;4;23;B01
201400039230;0;7;0;0;2;3;15;A01
201400039230;0;1;0;0;2;3;19;B01
201400039231;0;10;0;3;0;3;13;A01
201400039232;0;7;0;0;2;4;2;B01
201400039232;0;37;42;0;2;1;2;A01
201400039233;0;1;0;0;2;1;2;A01
201400039233;0;7;0;0;2;4;20;B01
201400039234;0;30;0;0;1;1;16;A01
201400039235;0;32;0;0;1;1;1;A01
201400039236;0;7;0;0;1;2;1;A01
201400039237;0;33;0;0;1;3;1;A01
201400039238;0;7;0;0;2;3;1;B01
201400039238;0;33;0;0;2;1;1;A01
201400039239;0;7;0;0;1;1;1;A01
201400039240;0;7;0;0;2;2;10;A01
201400039240;0;33;0;0;2;1;1;B01
201400039241;0;7;0;0;1;7;1;A01
201400039242;0;7;0;0;2;3;15;B01
201400039242;0;30;0;0;2;1;1;A01
201400039243;0;7;0;9;0;1;1;A01
201400039244;0;7;0;0;2;8;9;B01
201400039244;0;7;0;0;2;2;1;A01
201400039245;0;7;0;0;1;2;1;A01
201400039246;0;7;0;0;2;2;1;B01
201400039246;0;30;0;0;2;1;1;A01
201400039247;0;7;0;0;2;1;2;A01
201400039247;0;7;0;0;2;4;2;B01
201400039248;0;10;0;0;1;1;1;A01
201400039249;0;10;0;0;2;4;2;B01
201400039249;0;33;0;0;2;1;3;A01
201400039250;0;7;0;12;0;2;1;A01
201400039251;0;34;0;0;1;1;9;A01
201400039252;0;7;0;0;2;4;2;B01
201400039252;0;34;0;0;2;1;2;A01
201400039253;0;7;0;0;2;3;1;A01
201400039253;0;1;0;0;2;1;19;B01
201400039254;0;30;0;0;2;7;1;B01
201400039254;0;7;0;0;2;8;10;A01
201400039255;0;7;0;0;2;4;20;A01
201400039255;0;30;0;0;2;1;1;B01
201400039256;0;7;0;0;2;0;17;A01
201400039256;0;31;0;0;0;8;21;B01
201400039257;0;30;0;0;2;1;9;A01
201400039257;0;37;60;0;2;3;1;B01
201400039258;0;30;0;0;2;1;1;A01
201400039258;0;7;0;0;2;3;1;B01
201400039259;0;1;0;0;1;1;1;A01
201400039260;0;30;0;0;0;0;1;A01
201400039261;0;31;0;0;0;7;1;A01
201400039262;0;30;0;0;2;0;0;A01
201400039263;0;7;0;0;2;3;1;A01
201400039263;0;1;0;0;2;4;1;B01
201400039264;0;7;0;6;0;2;16;A01
201400039265;0;33;0;1;0;1;1;A01
201400039266;0;7;0;0;2;3;1;A01
201400039266;0;1;0;0;2;4;1;B01
201400039267;0;10;0;0;2;1;1;A01
201400039267;0;7;0;0;2;4;1;B01
201400039268;0;7;0;0;2;1;15;A01
201400039268;0;34;0;0;2;7;15;B01
201400039269;0;1;0;0;2;1;1;A01
201400039269;0;7;0;0;2;3;15;B01
201400039270;0;1;0;0;2;7;1;B01
201400039270;0;7;0;0;2;1;15;A01
201400039271;0;30;0;0;1;1;1;A01
201400039272;0;33;0;0;1;1;1;A01
201400039273;0;32;0;0;2;5;1;B01
201400039273;0;7;0;0;2;3;2;A01
201400039274;0;7;0;1;0;1;1;A01
201400039275;0;30;0;0;2;8;1;B01
201400039275;0;7;0;0;2;2;15;A01
201400039276;0;7;0;0;2;3;9;A01
201400039276;0;30;0;0;2;7;3;B01
201400039277;0;7;0;0;2;3;2;A01
201400039277;0;33;0;0;2;4;3;B01
201400039278;0;7;0;0;2;1;15;A01
201400039278;0;7;0;0;2;1;1;B01
201400039279;0;2;0;0;0;1;1;A01
201400039280;0;7;0;0;2;4;2;B01
201400039280;0;7;0;0;2;4;2;C01
201400039280;0;7;0;0;2;1;1;A01
201400039281;0;7;0;0;2;3;15;B01
201400039281;0;33;0;0;2;1;15;A01
201400039282;0;7;0;0;2;8;24;A01
201400039282;0;1;0;1;0;1;1;B01
201400039283;0;34;0;0;2;1;1;B01
201400039283;0;7;0;0;2;2;15;A01
201400039284;0;7;0;0;2;1;1;A01
201400039284;0;37;1;0;2;1;1;B01
201400039285;0;10;0;0;2;2;1;A01
201400039285;0;7;0;0;2;1;1;B01
201400039286;0;32;0;1;2;1;1;A01
201400039286;0;7;0;0;2;4;23;B01
201400039287;0;14;0;0;2;3;13;A01
201400039287;0;32;0;0;2;3;23;B01
201400039288;0;2;0;0;2;1;1;B01
201400039288;0;13;0;0;2;3;15;A01
201400039289;0;7;0;0;2;8;15;A01
201400039289;0;2;0;0;2;1;17;B01
201400039290;0;1;0;0;2;1;1;B01
201400039290;0;7;0;0;2;3;15;A01
201400039291;0;33;0;10;0;8;13;A01
201400039292;0;7;0;0;1;1;16;A01
201400039293;0;7;0;0;2;5;2;A01
201400039293;0;30;0;0;2;8;2;B01
201400039294;0;2;0;0;2;4;1;B01
201400039294;0;7;0;0;2;1;2;A01
201400039295;0;1;0;0;2;1;5;A01
201400039295;0;7;0;0;2;5;16;B01
201400039296;0;7;0;0;1;1;17;A01
201400039297;0;32;0;0;0;0;1;A01
201400039298;0;7;0;0;2;8;13;A01
201400039298;0;2;0;0;2;2;17;B01
201400039299;0;30;0;0;2;1;1;B01
201400039299;0;7;0;0;2;5;15;A01
201400039300;0;7;0;0;2;1;2;A01
201400039300;0;7;0;0;2;4;23;C01
201400039300;0;7;0;0;2;1;1;B01
201400039301;0;7;0;0;2;1;2;A01
201400039301;0;1;0;0;2;4;1;B01
201400039302;0;7;0;0;2;2;1;A01
201400039302;0;7;0;0;2;8;1;B01
201400039303;0;7;0;0;2;3;1;B01
201400039303;0;33;0;0;2;1;13;A01
201400039304;0;7;0;0;2;4;1;C01
201400039304;0;10;0;0;2;4;1;B01
201400039304;0;7;0;0;2;1;2;A01
201400039305;0;2;0;0;2;1;2;A01
201400039305;0;7;0;0;2;4;1;B01
201400039306;0;7;0;1;0;1;1;A01
201400039307;0;33;0;0;2;1;1;A01
201400039308;0;7;0;0;1;1;1;A01
201400039309;0;34;0;0;2;1;2;A01
201400039309;0;7;0;0;2;4;12;B01
201400039310;0;32;0;0;2;1;1;B01
201400039310;0;7;0;0;2;1;5;A01
201400039311;0;7;0;0;1;3;1;A01
201400039312;0;7;0;0;2;4;1;B01
201400039312;0;7;0;0;2;1;2;A01
201400039313;0;32;0;0;0;1;16;A01
201400039314;1;7;0;0;2;8;15;A01
201400039314;0;33;0;0;2;1;2;B01
201400039315;0;33;0;11;0;1;17;A01
201400039316;0;30;0;0;0;1;1;A01
201400039317;0;32;0;0;2;1;16;A01
201400039317;0;1;0;0;2;5;7;B01
201400039318;0;1;0;0;2;1;13;B01
201400039318;0;7;0;0;2;7;17;A01
201400039319;0;33;0;0;2;1;1;B01
201400039319;0;7;0;0;2;2;9;A01
201400039320;0;7;0;0;2;4;1;B01
201400039320;0;32;0;0;2;1;1;A01
201400039321;0;7;0;0;1;3;15;A01
201400039322;0;30;0;0;2;1;1;B01
201400039322;0;7;0;0;2;3;13;A01
201400039323;0;7;0;0;1;2;1;A01
201400039324;0;7;0;0;2;8;24;A01
201400039324;0;1;0;1;0;1;1;B01
201400039325;0;7;0;0;1;2;1;A01
201400039326;0;32;0;0;2;1;1;A01
201400039327;0;31;0;0;2;3;21;A01
201400039327;0;7;0;0;2;0;1;B01
201400039328;0;32;0;0;2;1;1;B01
201400039328;0;7;0;0;2;2;15;A01
201400039329;0;7;0;0;2;8;24;A01
201400039329;0;1;0;1;0;1;1;B01
201400039330;0;30;0;0;0;1;21;A01
201400039331;0;7;0;0;2;1;2;A01
201400039331;0;34;0;0;1;4;23;B01
201400039332;0;2;0;0;0;1;17;A01
201400039333;0;31;0;0;1;1;9;A01
201400039334;0;1;0;0;2;1;2;A01
201400039334;0;7;0;0;2;4;23;B01
201400039335;0;7;0;0;2;1;1;A01
201400039335;0;7;0;0;2;7;1;B01
201400039336;0;7;0;0;2;2;10;A01
201400039336;0;33;0;0;2;1;1;B01
201400039337;0;31;0;0;0;1;1;A01
201400039338;0;7;0;0;1;1;9;A01
201400039339;0;7;0;0;2;3;1;B01
201400039339;0;2;0;0;2;1;17;A01
201400039340;0;32;0;0;2;4;23;C01
201400039340;0;7;0;0;2;4;2;B01
201400039340;0;7;0;0;2;2;2;A01
201400039341;0;1;0;1;0;0;1;B01
201400039341;0;7;0;0;2;8;24;A01
201400039342;0;33;0;0;1;1;1;A01
201400039343;0;7;0;0;2;6;10;A01
201400039343;0;33;0;0;2;1;1;B01
201400039344;0;7;0;0;1;3;9;A01
201400039345;0;33;0;0;2;1;1;B01
201400039345;0;7;0;0;2;8;15;A01
201400039346;0;30;0;0;0;0;1;A01
201400039347;0;7;0;0;2;6;10;A01
201400039347;0;30;0;0;2;1;17;B01
201400039348;0;2;0;0;2;1;1;B01
201400039348;0;7;0;0;2;7;15;A01
201400039349;0;7;0;0;1;1;15;A01
201400039350;0;34;0;0;1;1;1;A01
201400039351;0;33;0;0;2;1;1;A01
201400039351;0;7;0;0;2;6;15;B01
201400039352;0;7;0;0;1;0;1;A01
201400039353;0;7;0;0;2;4;1;B02
201400039353;0;32;0;0;2;1;2;A01
201400039354;0;7;0;11;0;0;0;A01
201400039355;0;7;0;0;1;1;1;A01
201400039356;0;7;0;0;1;0;1;A01
201400039357;0;7;0;0;1;1;16;A01
201400039358;0;7;0;0;0;3;1;A01
201400039359;0;2;0;0;2;2;5;A01
201400039359;0;34;0;0;2;1;16;B01
201400039360;0;33;0;0;2;2;0;B01
201400039360;0;7;0;0;2;8;1;A01
201400039361;0;7;0;0;2;1;0;B01
201400039361;0;7;0;0;2;2;0;A01
201400039362;0;34;0;0;1;1;1;A01
201400039363;0;30;0;0;2;1;1;B01
201400039363;0;7;0;0;2;1;15;A01
201400039364;0;32;0;0;2;1;10;B01
201400039364;0;7;0;0;2;6;15;A01
201400039365;0;7;0;0;2;7;15;A01
201400039365;0;2;0;0;2;1;1;B01
201400039366;0;7;0;0;2;1;2;A01
201400039366;0;10;0;0;2;4;23;B01
201400039367;0;7;0;0;2;1;1;A01
201400039367;0;2;0;0;2;6;15;B01
201400039368;0;7;0;0;1;2;1;A01
201400039369;0;7;0;0;2;3;15;A01
201400039369;0;2;0;0;2;1;17;B01
201400039370;0;33;0;0;2;1;1;B01
201400039370;0;7;0;0;2;3;9;A01
201400039371;0;7;0;0;0;4;1;B01
201400039371;0;7;0;0;0;1;1;A01
201400039372;0;7;0;14;0;1;1;A01
201400039373;0;34;0;0;2;1;1;A01
201400039373;0;7;0;0;2;3;1;B01
201400039374;0;7;0;15;0;2;1;A01
201400039375;0;32;0;0;2;0;1;A01
201400039375;0;7;0;0;0;0;20;B01
201400039376;0;7;0;0;2;1;15;B01
201400039376;0;7;0;0;2;1;1;A01
201400039377;1;10;0;0;1;0;15;Z01
201400039378;0;2;0;1;0;7;1;B01
201400039379;0;7;0;0;1;2;1;A01
201400039380;0;2;0;0;2;1;1;A01
201400039380;0;7;0;0;2;5;16;B01
201400039381;0;7;0;0;1;1;1;A01
201400039382;0;30;0;1;0;1;21;A01
201400039382;0;7;0;0;0;0;9;B01
201400039383;0;7;0;0;2;1;2;A01
201400039383;0;7;0;0;2;4;2;B01
201400039384;0;7;0;0;1;1;1;A01
201400039385;0;31;0;0;2;1;2;A01
201400039385;0;7;0;0;0;6;2;B01
201400039386;0;7;0;0;1;3;2;A01
201400039387;0;7;0;0;1;3;1;A01
201400039388;0;31;0;0;2;3;21;A01
201400039388;0;7;0;0;2;7;20;B01
201400039389;0;30;0;0;2;1;0;A01
201400039389;0;7;0;0;2;3;16;B01
201400039390;0;2;0;14;0;2;2;A01
201400039390;1;7;0;0;0;0;0;Z01
201400039391;0;7;0;0;1;6;1;A01
201400039392;0;7;0;0;1;6;1;A01
201400039393;0;7;0;0;2;1;1;A01
201400039393;0;7;0;0;2;6;1;B01
201400039394;0;7;0;12;2;7;1;B01
201400039394;0;7;0;0;2;1;19;A01
201400039395;0;2;0;1;0;1;13;A01
201400039395;1;7;0;0;2;5;0;B01
201400039396;0;7;0;1;2;3;1;C01
201400039396;0;7;0;0;2;4;1;B01
201400039396;0;7;0;0;2;1;1;A01
201400039397;0;7;0;0;2;3;1;A01
201400039397;0;33;0;0;2;0;1;B01
201400039398;0;33;0;0;1;0;1;A01
201400039399;0;7;0;0;0;4;2;B01
201400039399;0;7;0;0;0;1;2;A01
201400039400;0;7;0;0;1;1;1;A01
201400039401;0;7;0;0;1;1;1;A01
201400039402;0;7;0;0;2;8;16;B01
201400039402;0;7;0;0;2;7;0;C01
201400039402;2;7;0;0;2;1;2;A01
201400039403;0;7;0;0;2;2;1;A01
201400039403;0;31;0;0;2;6;1;B01
201400039404;0;7;0;0;2;3;15;B01
201400039404;0;30;0;0;2;1;17;A01
201400039405;0;33;0;0;1;2;16;A01
201400039406;0;33;0;3;0;7;18;A01
201400039407;0;7;0;0;2;3;10;A01
201400039407;0;30;0;0;2;1;1;B01
201400039408;0;7;0;0;1;2;16;A01
201400039409;0;1;0;0;2;1;19;B01
201400039409;0;7;0;0;2;1;16;A01
201400039410;0;33;0;0;0;0;1;A01
201400039411;0;7;0;0;1;1;16;A01
201400039412;1;7;0;0;1;0;0;Z01
201400039413;0;7;0;0;2;3;16;A01
201400039413;0;7;0;0;2;1;1;B01
201400039414;0;7;0;0;2;3;9;A01
201400039414;0;33;0;0;2;1;1;B01
201400039415;0;7;0;0;2;5;1;B01
201400039415;0;7;0;0;2;3;9;A01
201400039416;0;7;0;0;1;1;15;A01
201400039417;0;34;0;0;2;1;1;B01
201400039417;0;7;0;0;2;6;15;A01
201400039418;0;7;0;0;1;1;0;A01
201400039419;0;7;0;0;2;5;1;A01
201400039419;0;33;0;0;2;6;18;B01
201400039420;0;31;0;0;2;7;15;B01
201400039420;0;7;0;0;2;8;1;A01
201400039421;0;33;0;0;0;3;21;A01
201400039422;0;7;0;0;2;1;1;B01
201400039422;0;34;0;11;2;1;3;A01
201400039423;0;7;0;0;2;3;9;A01
201400039423;0;34;0;0;2;7;1;B01
201400039424;0;7;0;0;2;3;15;A01
201400039424;0;30;0;0;2;7;17;B01
201400039425;0;33;0;0;2;1;17;A01
201400039425;0;10;0;0;2;1;1;B01
201400039426;0;7;0;0;2;8;1;B01
201400039426;0;30;0;0;2;1;1;A01
201400039427;0;30;0;1;0;1;15;A01
201400039428;0;7;0;0;2;4;1;B01
201400039428;0;30;0;0;2;1;1;A01
201400039429;0;32;0;0;1;1;16;A01
201400039430;0;10;0;0;2;1;1;B01
201400039430;0;7;0;0;2;4;1;A01
201400039431;0;30;0;0;2;7;1;B01
201400039431;0;7;0;0;2;4;20;A01
201400039432;0;7;0;12;0;1;1;A01
201400039433;0;7;0;0;2;4;1;C01
201400039433;0;7;0;0;2;4;1;B01
201400039433;0;7;0;0;2;1;1;A01
201400039434;0;33;0;0;1;1;1;A01
201400039435;0;33;0;0;2;1;1;B01
201400039435;0;1;0;0;2;4;1;A01
201400039436;0;7;0;0;2;1;2;A01
201400039436;0;7;0;0;1;4;2;B01
201400039437;0;7;0;0;2;3;15;B01
201400039437;0;7;0;0;2;2;17;A01
201400039438;0;34;0;0;2;1;1;B01
201400039438;0;10;0;0;2;5;1;A01
201400039439;0;32;0;1;0;1;15;A01
201400039440;1;2;0;0;0;0;;B01
201400039441;0;32;0;0;2;7;17;B01
201400039441;0;7;0;0;2;8;1;A01
201400039442;0;30;0;9;0;1;0;A01
201400039443;0;10;0;0;2;3;2;B01
201400039443;0;7;0;0;2;2;2;A01
201400039444;0;7;0;1;0;1;0;A01
201400039445;0;33;0;0;1;1;1;A01
201400039446;0;1;0;0;2;1;2;B01
201400039446;0;7;0;0;9;2;15;A01
201400039447;0;10;0;0;0;0;19;A01
201400039447;0;33;0;0;0;7;21;B01
201400039448;0;7;0;0;2;8;15;A01
201400039448;0;32;0;0;2;1;2;B01
201400039449;0;1;0;1;0;1;17;B01
201400039449;0;7;0;0;9;8;22;A01
201400039450;0;7;0;1;0;1;0;A01
201400039451;0;7;0;0;1;1;1;A01
201400039452;0;34;0;0;2;7;17;A01
201400039452;0;10;0;0;2;3;15;B01
201400039453;0;2;0;0;2;1;7;A01
201400039453;0;7;0;0;2;2;16;B01
201400039454;0;7;0;0;1;2;1;A01
201400039455;0;34;0;0;2;1;1;B01
201400039455;0;7;0;0;2;1;15;A01
201400039456;0;7;0;14;1;0;2;A01
201400039457;0;33;0;0;0;0;0;A01
201400039458;1;99;0;0;0;0;0;A01
201400039459;0;7;0;0;2;8;11;A01
201400039459;0;32;0;0;2;7;2;B01
201400039460;0;7;0;0;0;1;0;A01
201400039460;0;7;0;0;2;0;0;B01
201400039461;0;7;0;15;0;0;19;A01
201400039462;0;7;0;0;2;7;0;A01
201400039462;0;30;0;0;2;1;3;B01
201400039463;0;30;0;0;0;0;16;A01
201400039464;0;7;0;0;1;1;2;A01
201400039465;0;34;0;0;2;1;1;B01
201400039465;0;7;0;0;2;0;15;A01
201400039466;0;33;0;0;2;1;1;B01
201400039466;0;7;0;0;2;5;15;A01
201400039467;0;33;0;0;2;1;1;B01
201400039467;0;10;0;0;2;6;10;A01
201400039468;0;32;0;0;2;1;1;B01
201400039468;0;7;0;0;2;2;15;A01
201400039469;0;7;0;0;2;3;22;A01
201400039469;0;1;0;1;2;1;1;B01
201400039470;0;33;0;8;0;1;1;A01
201400039471;0;7;0;0;2;3;15;A01
201400039471;0;31;0;0;2;2;17;B01
201400039472;0;7;0;0;2;1;1;B01
201400039472;0;7;0;0;2;3;13;A01
201400039473;0;7;0;0;1;1;2;A01
201400039474;0;10;0;0;2;1;1;A01
201400039475;0;33;0;0;2;7;17;A01
201400039475;0;7;0;0;2;3;15;B01
201400039476;0;7;0;0;1;1;1;A01
201400039477;0;7;0;0;2;5;15;A01
201400039477;0;33;0;0;2;8;1;B01
201400039478;0;7;0;0;2;3;11;A01
201400039478;0;32;0;0;2;7;1;B01
201400039479;0;33;0;0;2;8;1;B01
201400039479;0;7;0;0;2;1;15;A01
201400039480;0;33;0;8;0;7;1;A01
201400039481;0;7;0;0;2;1;17;A01
201400039481;0;7;0;0;2;8;1;B01
201400039482;0;10;0;0;1;3;15;A01
201400039483;0;7;0;0;2;1;15;A01
201400039483;0;32;0;0;2;2;1;B01
201400039484;0;33;0;15;0;1;1;A01
201400039485;0;7;0;0;2;4;1;B01
201400039485;0;37;1;0;2;1;2;A01
201400039486;0;32;0;0;0;7;1;A01
201400039487;0;30;0;0;0;0;1;A01
201400039488;0;7;0;0;2;3;15;A01
201400039488;0;31;0;0;2;1;1;B01
201400039489;0;10;0;0;2;1;1;A01
201400039489;0;7;0;0;2;4;1;B01
201400039490;0;32;0;0;2;1;1;B01
201400039490;0;7;0;0;2;1;13;A01
201400039491;0;7;0;0;1;2;1;A01
201400039492;0;32;0;0;0;0;1;A01
201400039493;0;1;0;0;2;8;1;B01
201400039493;0;7;0;0;2;1;1;A01
201400039494;0;33;0;0;2;4;2;A01
201400039494;0;37;3;0;2;1;2;B01
201400039495;0;33;0;0;2;1;17;A01
201400039495;0;7;0;0;2;3;1;B01
201400039496;0;33;0;14;0;1;1;A01
201400039497;0;30;0;0;2;1;1;B01
201400039497;0;7;0;0;2;8;1;A01
201400039498;0;7;0;0;2;2;14;A01
201400039498;0;30;0;0;2;8;1;B01
201400039499;0;13;0;0;2;1;1;A01
201400039499;0;7;0;0;2;4;1;B01
201400039500;0;7;0;0;0;3;15;B01
201400039500;0;30;0;0;2;1;2;A01
201400039501;0;14;0;0;2;2;1;B01
201400039501;0;7;0;0;2;1;1;A01
201400039502;0;33;0;0;2;7;17;A01
201400039502;0;7;0;0;2;3;23;B01
201400039503;0;7;0;0;2;3;15;A01
201400039503;0;33;0;0;2;1;1;B01
201400039504;0;2;0;0;2;7;17;A01
201400039504;0;7;0;0;2;8;17;B01
201400039505;0;1;0;0;0;0;1;A01
201400039506;0;30;0;0;0;0;1;A01
201400039507;0;33;0;14;0;0;1;A01
201400039508;0;7;0;0;2;1;2;A01
201400039508;0;7;0;0;2;4;2;C01
201400039508;0;7;0;0;2;1;1;B01
201400039509;0;7;0;0;1;2;11;A01
201400039510;0;31;0;0;2;7;1;B01
201400039510;0;7;0;0;2;6;20;A01
201400039511;0;7;0;0;1;1;1;A01
201400039512;0;7;0;0;2;4;1;B01
201400039512;0;2;0;0;2;1;1;A01
201400039513;0;7;0;0;2;2;6;A01
201400039513;0;34;0;0;2;1;1;B01
201400039514;0;31;0;0;2;8;1;B01
201400039514;0;7;0;0;2;8;20;A01
201400039515;0;1;0;0;2;1;17;A01
201400039515;0;10;0;0;9;1;15;B01
201400039516;0;7;0;0;0;1;15;B01