num_acc;senc;catv;occutc;obs;obsm;choc;manv;num_veh
201400039516;0;7;0;0;2;4;15;A01
201400039517;0;7;0;0;0;0;15;A01
201400039517;0;30;0;0;0;0;21;B01
201400039518;0;7;0;0;2;2;15;A01
201400039518;0;33;0;0;2;1;1;B01
201400039519;0;7;0;0;2;2;15;A01
201400039519;0;2;0;0;2;1;1;B01
201400039520;0;10;0;0;1;4;4;A01
201400039521;0;7;0;0;1;1;1;A01
201400039522;0;2;0;0;1;1;1;A01
201400039523;0;10;0;0;2;3;15;A01
201400039523;0;7;0;0;2;3;1;B01
201400039524;0;10;0;0;1;1;1;A01
201400039525;0;33;0;0;0;8;1;A01
201400039526;0;7;0;9;0;1;21;A01
201400039527;0;30;0;0;1;1;1;A01
201400039528;0;7;0;0;1;1;1;A01
201400039529;0;7;0;0;0;4;1;B01
201400039529;0;7;0;0;2;1;1;A01
201400039530;0;7;0;0;1;3;15;A01
201400039531;0;7;0;0;1;1;1;A01
201400039532;0;7;0;0;2;3;10;A01
201400039532;0;33;0;0;2;1;1;B01
201400039533;0;10;0;0;1;1;15;A01
201400039534;1;30;0;0;2;1;15;Z01
201400039534;0;30;0;0;0;1;1;A01
201400039535;0;7;0;0;1;3;1;A01
201400039536;0;7;0;0;0;3;15;A01
201400039536;0;32;0;0;2;1;17;B01
201400039537;0;7;0;0;2;1;15;B01
201400039537;0;33;0;0;2;1;1;A01
201400039538;0;7;0;0;2;2;1;A01
201400039538;0;7;0;0;2;2;1;C01
201400039538;0;32;0;0;1;0;1;B01
201400039539;0;30;0;0;2;1;1;A01
201400039539;0;10;0;0;0;7;1;B01
201400039540;0;32;0;0;2;6;1;A01
201400039540;0;7;0;0;2;1;16;B01
201400039541;0;32;0;0;2;1;1;B01
201400039541;0;7;0;0;0;7;15;A01
201400039542;0;7;0;0;2;2;16;B01
201400039542;0;32;0;0;2;8;1;A01
201400039543;0;7;0;0;2;2;1;A01
201400039543;0;34;0;0;2;1;0;B01
201400039544;0;10;0;0;1;5;4;A01
201400039545;0;10;0;0;0;7;16;B01
201400039545;0;33;0;0;2;1;1;A01
201400039546;0;30;0;0;0;1;3;A01
201400039547;0;30;0;0;0;0;3;A01
201400039548;1;7;0;0;1;4;20;Z01
201400039549;0;34;0;0;1;7;21;A01
201400039550;0;7;0;0;2;3;15;A01
201400039550;0;33;0;0;2;1;1;B01
201400039551;0;7;0;0;2;9;3;A01
201400039551;0;7;0;0;0;4;1;B01
201400039551;0;7;0;0;2;8;1;D01
201400039551;0;7;0;0;2;4;1;C01
201400039552;0;32;0;0;2;1;1;B01
201400039552;0;7;0;0;2;2;9;A01
201400039553;0;7;0;0;0;6;2;B01
201400039553;0;34;0;0;2;1;14;A01
201400039554;0;10;0;1;0;8;24;A01
201400039554;0;1;0;1;0;1;21;B01
201400039555;0;7;0;0;1;1;1;A01
201400039556;0;7;0;0;1;3;1;A01
201400039557;1;30;0;0;0;1;1;Z01
201400039558;0;32;0;0;2;7;1;B01
201400039558;0;10;0;0;2;8;15;A01
201400039559;0;30;0;0;2;1;15;A01
201400039559;0;7;0;0;2;3;1;B01
201400039560;0;38;1;0;9;3;1;A01
201400039560;0;1;0;0;2;1;19;B01
201400039561;0;32;0;0;0;0;1;A01
201400039562;0;7;0;0;1;7;20;A01
201400039563;0;7;0;0;0;5;16;B01
201400039563;0;33;0;0;2;2;21;A01
201400039564;0;10;0;0;2;7;12;A01
201400039564;0;32;0;0;2;8;1;B01
201400039565;0;30;0;0;2;0;21;A01
201400039565;0;7;0;0;2;0;1;B01
201400039566;0;7;0;0;2;7;15;A01
201400039566;0;31;0;0;2;1;1;B01
201400039567;0;32;0;0;2;2;21;B01
201400039567;0;7;0;0;2;8;15;A01
201400039568;0;34;0;0;0;7;1;A01
201400039568;0;7;0;0;0;0;1;C01
201400039569;0;7;0;0;2;4;1;C01
201400039569;0;7;0;0;2;3;12;A01
201400039569;0;10;0;14;0;1;1;B01
201400039570;0;7;0;0;2;7;1;A01
201400039570;0;31;0;0;2;3;15;B01
201400039571;0;7;0;0;2;1;1;A01
201400039571;0;14;0;0;0;8;15;B01
201400039572;0;10;0;0;1;4;4;A01
201400039573;0;34;0;0;2;9;15;A01
201400039573;0;34;0;0;2;1;1;B01
201400039574;0;2;0;0;1;1;3;A01
201400039575;0;30;0;0;2;7;1;B01
201400039575;0;7;0;0;2;7;10;A01
201400039576;0;7;0;0;0;4;1;B01
201400039576;0;7;0;0;2;1;1;A01
201400039577;0;7;0;0;2;0;10;A01
201400039577;0;1;0;0;2;0;1;B01
201400039578;0;2;0;0;2;1;1;B01
201400039578;0;7;0;0;2;1;9;A01
201400039579;0;7;0;0;2;3;1;C01
201400039579;0;7;0;0;2;8;15;B01
201400039579;0;33;0;0;2;1;1;A01
201400039580;0;7;0;0;1;7;1;A01
201400039581;0;32;0;0;2;1;1;A01
201400039581;0;7;0;0;0;3;9;B01
201400039582;0;7;0;0;2;1;1;B01
201400039582;0;2;0;0;0;1;5;A01
201400039583;0;7;0;0;2;3;10;B01
201400039583;0;33;0;0;2;1;1;A01
201400039584;0;7;0;0;1;1;1;A01
201400039585;1;34;0;0;1;7;1;Z01
201400039586;0;33;0;0;1;7;1;A01
201400039587;0;7;0;0;2;8;13;A01
201400039587;0;2;0;0;0;2;1;B01
201400039588;0;7;0;0;1;1;1;A01
201400039589;0;7;0;0;0;7;15;A01
201400039589;0;34;0;0;2;1;1;B01
201400039590;0;33;0;1;1;1;3;A01
201400039591;0;33;0;0;1;2;1;A01
201400039592;0;1;0;0;0;0;1;A01
201400039593;0;7;0;0;2;1;1;A01
201400039593;0;13;0;0;0;4;23;B01
201400039594;0;1;0;0;2;7;19;B01
201400039594;0;7;0;0;2;1;1;A01
201400039595;0;34;0;0;1;6;1;A01
201400039596;0;7;0;0;0;7;15;B01
201400039596;0;33;0;0;0;1;1;A01
201400039597;0;30;0;8;0;9;1;A01
201400039598;0;7;0;0;2;1;2;A01
201400039598;0;7;0;0;0;4;2;B01
201400039599;0;7;0;0;2;8;13;A01
201400039599;0;1;0;0;2;7;1;B01
201400039600;1;7;0;0;2;2;20;Z01
201400039600;0;32;0;0;2;1;1;A01
201400039601;0;30;0;0;2;1;18;A01
201400039601;0;14;0;0;0;5;16;B01
201400039602;1;7;0;0;0;0;16;Z01
201400039602;0;33;0;0;2;1;1;A01
201400039603;0;7;0;0;0;5;16;B01
201400039603;0;30;0;0;2;1;1;A01
201400039604;0;30;0;0;0;0;1;A01
201400039605;0;30;0;0;2;1;1;A01
201400039605;0;34;0;0;0;8;15;B01
201400039606;0;7;0;0;1;2;1;A01
201400039607;0;30;0;0;2;8;11;A01
201400039607;0;7;0;0;0;7;1;B01
201400039608;0;7;0;0;1;1;1;A01
201400039609;0;30;0;0;1;1;1;A01
201400039610;0;30;0;0;2;1;2;A01
201400039610;0;30;0;0;0;4;2;B01
201400039611;0;33;0;0;0;9;1;A01
201400039612;0;7;0;0;2;1;1;A01
201400039612;0;1;0;0;0;6;1;B01
201400039613;0;7;0;0;2;1;1;A01
201400039613;0;10;0;0;2;4;1;B01
201400039614;0;7;0;0;2;1;15;A01
201400039614;0;33;0;0;2;8;1;B01
201400039615;0;34;0;0;2;1;1;B01
201400039615;0;7;0;0;0;7;19;A01
201400039616;0;33;0;0;2;1;1;A01
201400039616;0;7;0;0;0;8;19;B01
201400039617;0;7;0;0;1;7;1;A01
201400039618;0;7;0;0;1;1;1;B01
201400039618;0;7;0;0;1;1;1;A01
201400039619;0;7;0;0;0;1;21;A01
201400039620;0;3;0;0;1;7;1;A01
201400039621;0;37;3;0;0;0;1;A01
201400039622;0;7;0;0;0;3;1;A01
201400039622;0;32;0;0;0;5;1;B01
201400039623;0;33;0;0;1;1;1;A01
201400039624;0;7;0;0;2;8;11;A01
201400039624;0;33;0;0;2;5;1;B01
201400039625;0;14;0;0;2;1;1;A01
201400039625;0;1;0;0;2;9;14;B01
201400039626;0;32;0;0;2;1;1;A01
201400039626;0;7;0;1;0;4;1;B01
201400039627;0;14;0;0;1;4;4;A01
201400039628;0;7;0;0;2;7;22;A01
201400039628;0;30;0;0;2;8;1;B01
201400039629;0;33;0;0;2;7;3;B01
201400039629;0;7;0;0;2;7;1;C01
201400039629;0;7;0;0;0;8;22;A01
201400039630;0;7;0;0;2;8;1;A01
201400039630;0;7;0;0;2;1;1;B01
201400039631;0;7;0;0;0;4;23;C01
201400039631;0;7;0;0;0;1;2;A01
201400039631;0;7;0;0;0;4;23;B01
201400039632;0;7;0;0;2;2;1;B01
201400039632;0;7;0;0;0;3;20;A01
201400039633;1;7;0;0;1;1;0;Z01
201400039634;0;7;0;0;2;1;2;A01
201400039634;0;7;0;0;0;4;1;B01
201400039635;0;32;0;0;0;8;0;A01
201400039636;0;33;0;0;2;4;23;B01
201400039636;0;7;0;0;2;1;2;A01
201400039637;0;7;0;0;1;7;1;A01
201400039638;0;33;0;0;0;7;0;A01
201400039639;0;7;0;0;2;2;1;A01
201400039639;0;1;0;0;2;1;1;B01
201400039640;0;1;0;0;1;1;0;A01
201400039641;0;7;0;0;2;8;2;B01
201400039641;0;7;0;0;2;2;15;A01
201400039642;0;10;0;0;2;2;2;B01
201400039642;0;7;0;0;2;7;9;A01
201400039643;0;33;0;8;0;1;1;A01
201400039644;0;7;0;0;2;1;2;A01
201400039644;0;7;0;0;2;4;2;B01
201400039645;0;2;0;9;1;3;1;A01
201400039646;0;32;0;0;1;1;5;A01
201400039647;0;7;0;0;1;3;2;A01
201400039648;1;2;0;0;1;0;0;A01
201400039649;0;7;0;0;1;1;15;A01
201400039650;0;7;0;0;1;1;2;A01
201400039651;0;7;0;0;1;1;1;A01
201400039652;0;7;0;0;1;1;1;A01
201400039653;0;37;10;0;1;3;1;A01
201400039654;0;7;0;0;1;2;1;A01
201400039655;0;7;0;0;1;1;0;A01
201400039656;0;7;0;0;2;8;0;A01
201400039656;0;34;0;0;2;7;0;B01
201400039657;0;7;0;0;2;3;1;A01
201400039657;0;7;0;0;2;2;1;B01
201400039658;0;7;0;12;0;1;2;A01
201400039659;0;33;0;0;2;1;1;B01
201400039659;0;30;0;0;2;2;15;A01
201400039660;0;7;0;0;2;4;23;C01
201400039660;0;7;0;0;2;1;1;A01
201400039661;0;37;10;0;2;0;2;B01
201400039661;0;1;0;14;2;1;2;A01
201400039662;0;32;0;0;2;5;1;B01
201400039662;0;7;0;0;2;3;20;A01
201400039663;0;7;0;0;2;4;2;B01
201400039663;0;34;0;0;2;1;2;A01
201400039664;0;7;0;0;2;7;15;B01
201400039664;0;31;0;0;2;1;2;A01
201400039665;0;7;0;0;1;2;1;A01
201400039666;0;30;0;0;0;0;1;A01
201400039667;0;7;0;0;2;4;23;B01
201400039668;0;7;0;0;1;1;15;A01
201400039669;0;32;0;0;0;8;1;A01
201400039670;0;7;0;0;0;0;0;A01
201400039671;0;7;0;0;1;1;0;A01
201400039672;0;7;0;0;2;7;15;B01
201400039673;0;7;0;0;1;4;4;A01
201400039674;0;15;0;0;1;1;1;A01
201400039675;0;7;0;0;2;2;15;A01
201400039675;0;30;0;0;2;1;2;B01
201400039676;0;7;0;0;1;1;1;A01
201400039677;0;34;0;1;0;2;0;A01
201400039678;0;7;0;0;2;4;23;B01
201400039678;0;14;0;0;2;1;2;A01
201400039679;0;1;0;0;2;5;1;B01
201400039679;0;7;0;0;2;1;1;A01
201400039680;0;33;0;0;2;1;1;B01
201400039680;0;7;0;0;2;2;15;A01
201400039681;0;7;0;0;2;4;1;C01
201400039681;0;7;0;0;2;4;1;D01
201400039681;0;7;0;0;2;4;1;B01
201400039681;0;7;0;0;2;1;1;A01
201400039682;1;7;0;0;1;0;0;A01
201400039683;1;7;0;0;1;0;0;A01
201400039683;1;1;0;0;2;0;0;Y01
201400039684;0;32;0;0;0;8;1;A01
201400039685;0;7;0;0;0;0;2;B01
201400039685;0;34;0;0;2;1;2;A01
201400039686;0;7;0;0;2;8;2;B01
201400039686;0;1;0;0;2;1;2;A01
201400039687;0;7;0;0;2;1;1;B01
201400039687;0;32;0;0;2;3;1;A01
201400039687;0;1;0;0;2;4;1;Y01
201400039688;0;7;0;0;0;0;0;A01
201400039689;0;30;0;0;0;0;15;A01
201400039690;0;32;0;0;0;7;0;A01
201400039691;0;7;0;0;0;0;0;B01
201400039691;0;15;0;0;0;0;0;A01
201400039692;0;30;0;0;0;7;1;A01
201400039693;0;7;0;0;1;1;16;A01
201400039694;0;10;0;15;0;1;1;A01
201400039695;0;2;0;0;0;0;0;B01
201400039695;0;7;0;0;0;0;0;A01
201400039696;0;7;0;0;2;7;15;A01
201400039696;0;7;0;0;2;2;2;B01
201400039697;0;7;0;0;2;5;1;C01
201400039697;0;10;0;0;2;2;1;A01
201400039697;0;34;0;0;2;5;1;B01
201400039698;0;7;0;0;0;0;0;A01
201400039698;0;37;0;0;0;0;0;B01
201400039699;0;37;1;1;1;7;2;A01
201400039700;0;32;0;15;0;7;1;A01
201400039701;0;33;0;0;1;0;0;A01
201400039702;1;7;0;0;9;4;4;A01
201400039702;0;1;0;0;2;7;5;B01
201400039703;0;33;0;0;0;0;0;A01
201400039704;0;33;0;0;0;0;0;A01
201400039704;1;7;0;0;0;0;0;B01
201400039705;0;7;0;0;1;1;2;A01
201400039706;0;33;0;0;0;0;0;A01
201400039707;0;1;0;0;0;0;0;Y01
201400039707;0;7;0;0;0;0;0;A01
201400039708;0;7;0;0;1;8;19;A01
201400039709;0;7;0;0;2;3;15;B01
201400039709;0;32;0;0;2;1;1;A01
201400039710;0;30;0;0;0;0;0;B01
201400039710;0;7;0;0;0;0;0;A01
201400039711;0;32;0;0;2;1;2;A01
201400039711;0;14;0;0;2;5;15;B01
201400039712;0;7;0;0;1;3;1;A01
201400039713;0;33;0;0;0;0;0;B01
201400039713;0;7;0;0;0;0;0;A01
201400039714;0;34;0;0;1;1;17;A01
201400039715;0;2;0;0;2;1;1;A01
201400039715;0;7;0;0;2;5;1;B01
201400039716;0;7;0;0;0;0;0;B01
201400039716;0;1;0;0;0;0;0;A01
201400039717;0;7;0;0;2;1;15;A01
201400039717;0;30;0;0;2;8;0;B01
201400039718;0;30;0;0;2;1;0;A01
201400039718;0;7;0;0;2;8;15;B01
201400039719;0;7;0;0;0;0;0;B01
201400039719;0;30;0;0;0;0;0;A01
201400039720;0;7;0;0;1;1;2;A01
201400039721;0;34;0;0;2;1;1;B01
201400039721;0;7;0;0;2;2;15;A01
201400039722;0;7;0;0;2;3;1;A01
201400039722;0;7;0;0;2;1;1;B01
201400039723;0;7;0;0;2;6;2;B01
201400039723;0;7;0;0;2;1;2;C01
201400039723;0;7;0;0;2;4;2;A01
201400039724;0;7;0;0;2;1;1;A01
201400039724;0;32;0;0;2;3;1;B01
201400039725;0;7;0;0;0;0;1;A01
201400039725;0;7;0;0;2;8;1;B01
201400039726;0;7;0;0;2;8;15;B01
201400039727;0;1;0;0;2;1;1;B01
201400039727;0;7;0;0;2;2;16;A01
201400039728;0;30;0;0;2;1;2;A01
201400039728;0;7;0;0;2;7;16;B01
201400039729;0;7;0;0;2;7;23;A01
201400039729;0;1;0;0;2;1;18;B01
201400039730;0;2;0;0;1;1;1;A01
201400039731;0;1;0;0;2;8;2;A01
201400039731;1;31;0;0;2;0;2;B01
201400039732;0;1;0;0;2;8;2;A01
201400039732;1;31;0;0;2;0;2;B01
201400039733;0;37;0;0;2;1;1;A01
201400039733;0;10;0;0;2;7;16;B01
201400039734;0;7;0;0;2;3;15;A01
201400039734;0;33;0;0;2;7;2;B01
201400039735;0;2;0;0;2;8;2;B01
201400039735;1;7;0;0;2;1;2;A01
201400039736;0;7;0;0;2;2;15;A01
201400039736;0;7;0;0;2;1;1;B01
201400039737;0;30;0;0;2;5;17;B01
201400039737;0;7;0;0;2;3;2;A01
201400039738;0;7;0;0;2;2;15;A01
201400039738;0;7;0;6;2;3;1;B01
201400039739;2;7;0;0;2;1;2;A01
201400039739;0;7;0;0;2;4;2;B01
201400039740;0;7;0;0;2;3;1;B01
201400039740;0;34;0;0;2;4;2;A01
201400039741;0;7;0;0;2;1;2;A01
201400039741;0;7;0;0;2;2;15;B01
201400039742;0;33;0;0;2;7;2;A01
201400039742;0;7;0;0;2;4;23;B01
201400039743;0;7;0;0;2;3;24;C01
201400039743;0;2;0;1;2;3;1;A01
201400039743;0;7;0;0;2;5;23;B01
201400039744;1;30;0;0;2;0;0;A01
201400039744;0;7;0;0;2;4;2;B01
201400039745;0;30;0;0;2;3;1;B01
201400039745;0;7;0;0;2;2;15;A01
201400039746;0;32;0;0;2;7;17;B01
201400039747;0;30;0;0;1;0;1;A01
201400039748;0;33;0;0;2;5;16;A01
201400039748;0;7;0;0;2;1;1;B01
201400039749;0;30;0;0;2;8;2;B01
201400039749;0;7;0;0;2;1;15;A01
201400039750;0;31;0;0;0;0;1;A01
201400039751;0;7;0;0;2;1;1;A01
201400039751;0;7;0;0;2;4;1;B01
201400039752;0;33;0;0;2;8;16;B01
201400039753;0;7;0;0;1;0;0;A01
201400039754;0;33;0;0;1;1;1;A01
201400039755;0;7;0;0;2;8;15;A01
201400039755;0;33;0;0;2;1;2;B01
201400039756;0;7;0;0;2;1;15;A01
201400039756;0;7;0;0;2;8;1;B01
201400039757;0;32;0;0;2;1;17;A01
201400039757;0;7;0;0;2;6;15;B01
201400039758;0;7;0;0;2;7;2;A01
201400039758;0;7;0;0;2;8;16;B01
201400039759;0;7;0;0;2;1;1;B01
201400039759;0;7;0;0;2;1;1;A01
201400039760;0;7;0;0;2;1;12;A01
201400039760;0;7;0;0;2;2;1;B01
201400039761;0;7;0;0;2;4;2;B01
201400039761;0;7;0;0;2;4;2;C01
201400039761;0;7;0;0;2;1;2;A01
201400039762;0;32;0;0;2;1;1;B01
201400039762;0;7;0;0;2;2;15;A01
201400039763;0;7;0;0;1;1;1;A01
201400039764;0;7;0;0;2;4;4;A01
201400039764;0;37;0;0;2;8;2;B01
201400039765;0;40;0;0;1;8;1;A01
201400039766;0;7;0;0;2;3;15;B01
201400039766;0;30;0;0;2;7;18;A01
201400039767;0;7;0;0;2;2;2;A01
201400039767;0;1;0;0;2;8;19;B01
201400039768;0;7;0;1;0;1;1;A01
201400039768;0;15;0;0;2;5;24;B01
201400039769;0;33;0;0;2;8;2;B01
201400039769;0;7;0;0;2;3;15;A01
201400039770;0;7;0;0;2;2;15;A01
201400039770;0;7;0;0;2;1;1;B01
201400039771;0;7;0;0;2;4;1;B01
201400039771;0;2;0;0;2;1;2;A01
201400039772;0;32;0;0;2;1;2;A01
201400039772;0;7;0;0;2;4;2;B01
201400039773;0;33;0;8;2;1;1;A01
201400039773;1;7;0;0;2;1;1;B01
201400039774;0;32;0;0;2;4;1;C01
201400039774;0;7;0;0;2;1;1;A01
201400039774;0;7;0;0;2;4;1;B01
201400039774;0;7;0;0;2;4;23;D01
201400039775;0;7;0;0;2;1;2;A01
201400039775;0;3;0;0;2;4;2;B01
201400039776;0;7;0;0;2;4;1;B01
201400039776;0;7;0;0;2;1;1;A01
201400039777;0;30;0;0;2;2;17;B01
201400039777;0;7;0;0;2;3;15;A01
201400039778;0;34;0;0;2;5;2;A01
201400039778;1;7;0;0;2;1;0;B01
201400039779;0;7;0;0;1;3;1;A01
201400039780;0;7;0;0;2;4;2;B01
201400039780;0;30;0;1;0;1;2;A01
201400039781;0;34;0;8;1;1;1;A01
201400039782;0;7;0;6;2;3;1;B01
201400039782;0;7;0;1;0;6;15;A01
201400039783;0;7;0;0;2;1;15;B01
201400039783;0;10;0;1;2;3;1;A01
201400039784;0;7;0;0;1;1;2;A01
201400039785;0;7;0;0;2;7;1;B01
201400039785;0;1;0;0;2;1;19;A01
201400039786;0;7;0;0;2;1;15;A01
201400039786;0;32;0;0;2;1;1;B01
201400039787;0;7;0;0;2;2;15;A01
201400039787;0;3;0;0;2;3;2;B01
201400039788;1;32;0;9;1;1;1;A01
201400039789;0;30;0;0;0;0;1;A01
201400039790;1;7;0;0;0;0;0;B01
201400039790;0;30;0;0;2;0;24;A01
201400039791;0;34;0;8;2;8;1;B01
201400039791;0;7;0;0;2;7;16;A01
201400039792;0;34;0;0;2;1;17;A01
201400039792;0;7;0;0;2;3;1;B01
201400039793;0;7;0;0;2;1;2;A01
201400039793;0;34;0;0;2;7;2;C01
201400039793;0;7;0;0;2;8;15;B01
201400039794;0;10;0;0;1;6;4;A01
201400039795;0;7;0;0;2;3;9;A01
201400039795;0;7;0;0;2;2;1;B01
201400039796;0;10;0;0;2;1;15;A01
201400039796;0;37;0;0;2;1;1;B01
201400039797;1;7;0;0;1;0;0;A01
201400039798;0;30;0;0;2;1;2;A01
201400039798;0;7;0;0;2;5;2;B01
201400039799;0;32;0;0;0;0;1;A01
201400039800;0;1;0;0;2;4;10;A01
201400039800;0;32;0;0;2;1;1;B01
201400039801;0;34;0;0;0;0;1;A01
201400039802;0;10;0;0;2;3;15;A01
201400039802;0;7;0;0;2;1;15;B01
201400039803;0;7;0;0;2;1;1;A01
201400039803;0;7;0;0;2;5;1;B01
201400039804;0;7;0;12;2;2;1;A01
201400039804;0;7;0;0;2;3;9;B01
201400039805;0;34;0;0;1;1;1;A01
201400039806;0;32;0;0;0;7;1;A01
201400039807;0;7;0;0;2;3;1;B01
201400039807;0;7;0;0;2;2;1;A01
201400039808;0;7;0;0;2;8;10;A01
201400039808;0;33;0;0;2;7;1;B01
201400039809;0;7;0;0;2;5;1;A01
201400039809;0;34;0;0;2;1;16;B01
201400039810;0;33;0;9;2;7;1;B01
201400039810;0;7;0;0;2;8;1;A01
201400039811;0;30;0;0;2;1;5;A01
201400039811;0;7;0;0;2;3;1;B01
201400039812;0;7;0;0;2;4;0;A01
201400039812;0;7;0;0;2;1;1;B01
201400039813;0;30;0;0;2;1;1;B01
201400039813;0;7;0;0;2;2;15;A01
201400039814;0;33;0;0;2;4;2;B01
201400039814;0;7;0;0;2;1;2;A01
201400039815;0;33;0;0;1;1;16;A01
201400039816;0;31;0;0;1;3;1;A01
201400039817;0;31;0;0;2;1;2;A01
201400039817;0;7;0;0;2;4;2;B01
201400039818;0;7;0;0;2;2;15;A01
201400039818;0;32;0;0;2;2;1;B01
201400039819;0;7;0;0;1;1;1;A01
201400039820;0;7;0;0;2;3;15;A01
201400039820;0;31;0;0;2;1;1;B01
201400039821;0;30;0;0;2;7;1;B01
201400039821;0;7;0;0;2;3;10;A01
201400039822;1;7;0;1;1;1;15;A01
201400039823;0;7;0;0;1;2;1;A01
201400039824;0;33;0;0;0;7;21;A01
201400039825;0;7;0;0;0;4;1;B01
201400039825;0;7;0;0;2;1;2;A01
201400039826;0;7;0;1;1;1;1;A01
201400039827;0;33;0;0;2;8;1;A01
201400039827;0;7;0;0;2;7;16;B01
201400039828;0;7;0;0;1;0;23;A01
201400039829;0;32;0;0;0;7;2;A01
201400039829;0;7;0;0;2;1;9;B01
201400039830;0;7;0;0;2;1;2;C01
201400039830;0;7;0;0;2;4;23;B01
201400039830;0;7;0;0;0;4;23;A01
201400039831;0;32;0;0;0;4;9;A01
201400039831;0;37;1;0;2;0;2;B01
201400039832;0;7;0;0;1;2;15;A01
201400039833;0;34;0;0;2;1;15;A01
201400039833;0;32;0;0;2;1;2;B01
201400039834;0;7;0;0;1;1;16;A01
201400039835;2;1;0;0;1;1;1;A01
201400039836;0;7;0;0;2;4;2;B01
201400039836;0;7;0;0;2;4;2;C01
201400039836;0;10;0;0;2;1;2;A01
201400039837;0;10;0;0;1;7;1;A01
201400039838;0;1;0;0;2;1;17;B01
201400039838;0;7;0;0;9;3;9;A01
201400039839;0;30;0;0;2;2;17;B01
201400039839;0;7;0;0;2;8;15;A01
201400039840;0;10;0;0;2;3;2;A01
201400039840;0;7;0;0;2;4;2;B01
201400039841;0;1;0;0;0;4;2;B01
201400039841;0;7;0;0;2;1;2;A01
201400039842;0;7;0;0;2;6;15;B01
201400039842;0;31;0;0;2;8;17;A01
201400039843;0;7;0;0;2;4;2;B01
201400039843;0;7;0;0;2;1;2;A01
201400039844;0;33;0;0;0;7;2;B01
201400039844;0;7;0;0;2;1;10;A01
201400039845;0;33;0;0;1;8;1;A01
201400039846;0;34;0;9;0;1;0;A01
201400039847;0;34;0;0;0;0;2;A01
201400039848;0;7;0;0;2;1;2;A01
201400039848;0;7;0;0;2;2;19;B01
201400039849;0;7;0;0;2;3;16;B01
201400039849;0;30;0;0;2;1;1;A01
201400039850;0;33;0;0;2;4;1;B01
201400039850;0;10;0;0;2;2;16;A01
201400039851;0;99;0;1;0;1;2;A01
201400039852;0;7;0;0;2;1;2;A01
201400039852;0;7;0;0;2;4;2;B01
201400039853;0;33;0;0;2;1;1;B01
201400039853;0;7;0;0;2;3;15;A01
201400039854;0;3;0;0;1;1;15;A01
201400039855;0;7;0;0;1;4;20;A01
201400039856;0;32;0;0;2;1;2;B01
201400039856;0;7;0;0;0;4;23;A01
201400039857;0;7;0;1;0;9;1;A01
201400039858;0;31;0;12;0;8;0;A01
201400039859;0;1;0;0;0;1;1;A01
201400039860;0;7;0;0;1;3;1;A01
201400039861;0;33;0;0;9;0;2;B01
201400039861;0;1;0;0;2;0;15;A01
201400039862;0;7;0;0;0;4;23;B01
201400039862;0;7;0;0;2;1;1;A01
201400039863;0;7;0;0;2;6;2;B01
201400039863;0;32;0;0;2;1;2;A01
201400039864;0;33;0;0;2;8;1;B01
201400039864;0;7;0;0;2;2;9;A01
201400039865;0;2;0;0;2;8;18;B01
201400039865;0;7;0;0;9;1;15;A01
201400039866;0;7;0;0;2;6;2;A01
201400039866;0;34;0;0;2;2;2;B01
201400039867;0;30;0;0;2;1;1;A01
201400039867;0;33;0;0;2;2;1;B01
201400039868;0;7;0;0;0;0;15;A01
201400039869;0;7;0;0;2;7;23;A01
201400039869;0;1;0;0;2;1;1;B01
201400039870;0;7;0;0;0;0;12;A01
201400039870;0;30;0;0;2;0;7;B01
201400039871;0;30;0;0;0;1;0;A01
201400039872;0;33;0;0;2;1;2;B01
201400039872;0;7;0;0;2;7;15;A01
201400039873;0;7;0;0;2;2;15;A01
201400039873;0;33;0;0;2;1;1;B01
201400039874;0;7;0;0;2;1;2;B01
201400039874;0;7;0;0;2;1;10;A01
201400039875;0;7;0;0;2;1;2;B01
201400039875;0;7;0;0;2;4;15;A01
201400039876;0;7;0;0;2;1;1;A01
201400039876;0;31;0;0;2;9;15;B01
201400039877;0;33;0;0;2;1;17;A01
201400039877;0;7;0;0;0;6;20;B01
201400039878;0;33;0;0;0;9;1;A01
201400039879;0;7;0;0;2;8;11;A01
201400039879;0;33;0;0;2;8;1;B01
201400039880;0;7;0;0;1;1;2;A01
201400039881;0;30;0;0;2;1;16;A01
201400039881;0;7;0;0;0;7;15;B01
201400039882;1;1;0;0;1;1;1;Z01
201400039883;0;33;0;0;2;2;1;B01
201400039883;0;7;0;0;2;8;9;A01
201400039884;0;7;0;0;1;1;15;A01
201400039885;0;7;0;0;2;2;1;B01
201400039885;0;7;0;0;2;1;2;C01
201400039885;0;31;0;0;2;2;9;A01
201400039886;0;33;0;0;2;8;17;A01
201400039886;0;7;0;0;2;8;15;B01
201400039887;0;7;0;0;1;3;1;A01
201400039888;0;30;0;0;2;1;1;B01
201400039888;0;7;0;0;2;7;15;A01
201400039889;0;30;0;0;1;1;1;A01
201400039890;0;7;0;0;9;1;2;A01
201400039890;0;1;0;0;0;4;2;B01
201400039891;0;32;0;0;2;1;9;B01
201400039891;0;7;0;0;9;1;2;A01
201400039892;0;7;0;0;1;2;15;A01
201400039893;0;7;0;0;2;3;21;A01
201400039893;0;7;0;0;2;3;19;B01
201400039894;0;10;0;0;2;0;12;A01