num_acc;senc;catv;occutc;obs;obsm;choc;manv;num_veh
201400039894;0;30;0;0;2;1;1;B01
201400039895;0;10;0;0;2;7;1;A01
201400039895;0;1;0;0;2;1;1;B01
201400039896;0;30;0;0;0;8;0;A01
201400039897;0;32;0;0;2;0;21;B01
201400039897;0;7;0;0;0;0;13;A01
201400039898;0;7;0;0;1;1;15;A01
201400039899;0;7;0;0;1;1;2;A01
201400039900;0;7;0;0;2;3;22;A01
201400039900;0;31;0;0;2;9;1;B01
201400039900;0;7;0;0;2;3;1;C01
201400039901;0;7;0;0;2;8;15;A01
201400039901;0;30;0;0;2;7;1;B01
201400039902;0;30;0;0;0;7;1;A01
201400039903;0;1;0;0;2;8;1;B01
201400039903;0;7;0;0;0;7;17;A01
201400039904;0;31;0;0;2;9;1;A01
201400039904;0;7;0;0;2;3;1;B01
201400039905;0;33;0;0;1;0;2;A01
201400039906;0;33;0;15;0;0;0;A01
201400039907;0;7;0;0;1;1;0;A01
201400039908;0;7;0;15;0;2;0;A01
201400039909;0;1;0;0;1;1;3;A01
201400039910;0;7;0;0;2;4;2;B01
201400039910;0;2;0;0;2;1;2;A01
201400039911;0;7;0;0;0;3;5;B01
201400039911;0;2;0;0;0;1;0;A01
201400039912;0;7;0;0;2;6;2;B01
201400039912;0;33;0;0;2;1;2;A01
201400039912;0;33;0;0;2;8;2;C01
201400039913;0;7;0;0;0;2;16;A01
201400039913;0;7;0;0;0;1;0;B01
201400039914;0;34;0;0;0;9;0;A01
201400039915;0;30;0;0;2;7;0;A01
201400039915;0;99;0;0;2;2;0;B01
201400039916;0;33;0;0;1;7;3;A01
201400039917;0;7;0;0;1;1;0;A01
201400039918;0;10;0;0;1;8;15;A01
201400039919;0;33;0;0;1;1;0;A01
201400039920;0;30;0;0;2;1;1;B01
201400039920;0;7;0;0;2;2;15;A01
201400039921;0;33;0;0;2;3;1;B01
201400039921;0;7;0;0;2;2;13;A01
201400039922;0;33;0;0;0;0;0;A01
201400039923;0;10;0;0;2;7;15;A01
201400039923;0;31;0;0;2;1;1;B01
201400039924;0;7;0;0;2;7;15;A01
201400039924;0;33;0;0;2;0;1;B01
201400039925;0;7;0;0;1;2;1;A01
201400039926;0;1;0;1;0;2;1;A01
201400039926;0;7;0;0;2;8;24;B01
201400039927;0;7;0;0;1;1;14;A01
201400039928;0;30;0;0;2;3;18;A01
201400039928;0;7;0;0;2;5;17;B01
201400039929;0;32;0;0;2;0;1;C01
201400039929;0;7;0;0;2;8;1;B01
201400039929;0;7;0;0;2;0;15;A01
201400039930;0;7;0;0;2;7;16;A01
201400039930;0;1;0;0;2;8;1;B01
201400039931;0;31;0;0;2;1;1;B01
201400039931;0;7;0;0;2;6;10;A01
201400039932;0;33;0;0;1;0;1;A01
201400039933;0;1;0;0;2;1;1;A01
201400039933;1;7;0;0;2;6;15;Z01
201400039934;0;7;0;0;2;7;15;A01
201400039934;0;32;0;0;2;1;1;B01
201400039935;0;33;0;1;0;0;1;A01
201400039936;0;7;0;0;2;8;9;A01
201400039936;0;30;0;0;2;1;1;B01
201400039937;0;30;0;0;0;0;1;A01
201400039938;1;7;0;;;;;Z02
201400039938;0;31;0;0;2;0;1;A01
201400039939;0;7;0;0;1;1;15;A01
201400039940;0;14;0;0;1;4;4;A01
201400039941;0;7;0;0;1;2;16;A01
201400039942;0;32;0;0;0;0;1;A01
201400039943;0;33;0;0;1;1;1;A01
201400039944;0;34;0;0;2;4;15;B01
201400039944;0;10;0;0;2;1;15;A01
201400039945;0;30;0;0;1;1;17;A01
201400039946;0;31;0;0;0;0;0;A01
201400039947;1;7;0;0;1;0;0;Z01
201400039948;0;1;0;0;1;1;1;A01
201400039949;0;33;0;0;1;1;3;A01
201400039950;0;7;0;0;2;1;2;A01
201400039950;0;7;0;0;2;4;23;B01
201400039951;0;7;0;0;1;3;14;A01
201400039952;0;7;0;0;2;2;15;A01
201400039952;0;33;0;0;2;1;1;B01
201400039953;0;30;0;0;2;5;1;B01
201400039953;0;15;0;0;2;6;16;A01
201400039954;0;7;0;0;2;3;1;A01
201400039954;0;7;0;0;2;1;15;B01
201400039955;1;7;0;0;1;0;4;Z01
201400039956;0;33;0;1;0;9;1;A01
201400039957;0;30;0;0;1;1;1;A01
201400039958;0;7;0;0;2;2;1;A01
201400039958;0;33;0;0;2;6;1;B01
201400039959;0;15;0;1;0;7;17;B01
201400039959;0;10;0;0;2;6;22;A01
201400039960;0;7;0;1;0;1;1;A01
201400039961;0;30;0;0;1;0;1;A01
201400039962;0;30;0;0;2;8;0;B01
201400039962;0;7;0;0;2;1;0;A01
201400039963;0;1;0;0;2;0;0;B01
201400039963;0;7;0;0;9;2;0;A01
201400039964;0;7;0;0;2;1;1;A01
201400039964;0;7;0;0;0;4;1;C01
201400039964;0;7;0;0;2;4;1;B01
201400039965;0;31;0;0;2;6;1;B01
201400039965;0;7;0;0;2;1;15;A01
201400039966;0;7;0;0;2;4;1;B01
201400039966;0;30;0;0;2;3;1;A01
201400039967;0;13;0;0;1;1;1;A01
201400039968;0;2;0;0;0;0;1;A01
201400039969;0;7;0;0;1;1;15;A01
201400039970;0;7;0;0;1;1;1;A01
201400039971;0;34;0;0;2;3;1;B01
201400039971;0;7;0;0;0;2;1;A01
201400039972;0;7;0;0;2;1;1;A01
201400039972;0;7;0;0;2;3;1;B01
201400039973;0;7;0;0;1;8;1;A01
201400039974;0;7;0;0;2;7;1;A01
201400039974;0;7;0;0;2;1;1;B01
201400039975;0;30;0;0;2;1;1;B01
201400039975;0;7;0;0;2;1;15;A01
201400039976;0;33;0;0;1;6;1;A01
201400039977;0;32;0;0;1;1;1;A01
201400039978;0;34;0;0;2;1;1;B01
201400039978;0;7;0;0;2;1;15;A01
201400039979;0;7;0;0;1;0;11;A01
201400039980;1;7;0;0;2;0;0;Z01
201400039980;0;32;0;0;2;7;17;A01
201400039981;0;7;0;0;2;2;15;A01
201400039981;0;31;0;0;2;1;1;B01
201400039982;0;7;0;0;1;7;1;A01
201400039983;0;7;0;0;2;3;1;B01
201400039983;0;7;0;0;2;5;16;A01
201400039984;0;30;0;0;2;4;23;B01
201400039984;0;2;0;0;2;1;1;A01
201400039985;0;10;0;0;2;2;1;A01
201400039985;0;7;0;0;2;3;15;B01
201400039986;0;7;0;0;2;4;2;B01
201400039986;0;7;0;0;2;1;2;A01
201400039987;0;7;0;0;1;7;1;A01
201400039988;0;32;0;0;0;0;0;A01
201400039989;0;7;0;0;1;3;1;A01
201400039990;0;34;0;0;1;1;1;A01
201400039991;0;1;0;1;0;0;0;A01
201400039992;0;1;0;0;0;2;14;A01
201400039993;0;7;0;0;1;1;1;A01
201400039994;0;33;0;15;0;0;1;A01
201400039995;0;30;0;4;0;1;1;A01
201400039996;0;14;0;0;2;2;9;A01
201400039996;0;32;0;0;2;8;15;B01
201400039997;0;2;0;0;2;2;17;B01
201400039997;0;7;0;0;2;3;15;A01
201400039998;0;7;0;0;1;8;1;A01
201400039999;0;7;0;0;1;3;1;A01
201400040000;0;7;0;0;2;1;15;A01
201400040000;0;32;0;0;2;1;1;B01
201400040001;0;7;0;0;2;8;9;B01
201400040001;0;33;0;12;2;2;14;A01
201400040002;0;7;0;0;1;2;1;A01
201400040003;0;30;0;0;0;1;0;A01
201400040004;0;7;0;0;1;3;1;A01
201400040005;0;33;0;0;0;0;0;A01
201400040006;0;30;0;0;1;1;1;A01
201400040007;0;7;0;0;2;2;15;A01
201400040007;0;33;0;0;2;1;1;B01
201400040008;0;2;0;0;0;0;0;A01
201400040009;0;1;0;0;9;0;0;A01
201400040010;0;30;0;0;9;0;16;A01
201400040011;0;7;0;0;2;1;15;A01
201400040011;0;32;0;0;2;7;1;B01
201400040012;0;7;0;0;1;2;1;A01
201400040013;0;7;0;0;2;3;11;A01
201400040013;0;7;0;0;2;6;1;B01
201400040014;0;10;0;0;2;1;1;B01
201400040014;0;33;0;0;2;7;16;A01
201400040015;0;2;0;0;1;1;0;A01
201400040016;0;7;0;0;2;8;13;A01
201400040016;0;31;0;0;2;1;17;B01
201400040017;0;7;0;8;0;1;14;A01
201400040018;0;7;0;0;2;4;2;B01
201400040018;0;10;0;0;2;1;2;A01
201400040019;0;31;0;0;0;0;16;A01
201400040020;0;10;0;0;1;2;16;A01
201400040021;0;7;0;12;0;1;13;A01
201400040022;0;7;0;0;2;4;1;B01
201400040022;0;30;0;0;2;2;21;A01
201400040023;0;7;0;0;2;4;2;C01
201400040023;0;7;0;0;2;1;2;A01
201400040023;0;7;0;0;2;4;2;B01
201400040024;0;7;0;8;0;2;13;A01
201400040025;0;30;0;0;0;1;0;A01
201400040026;0;10;0;0;2;1;2;A01
201400040026;0;15;0;0;2;4;2;B01
201400040027;1;7;0;0;1;4;0;Z01
201400040028;0;7;0;4;0;2;0;A01
201400040029;0;7;0;0;1;3;16;A01
201400040030;0;14;0;0;1;7;15;A01
201400040031;0;10;0;0;2;7;16;A01
201400040031;0;32;0;0;2;3;18;B01
201400040032;0;7;0;0;1;1;1;A01
201400040033;0;7;0;0;2;3;9;A01
201400040033;0;7;0;0;2;3;21;B01
201400040034;0;34;0;0;9;0;14;A01
201400040035;0;30;0;0;0;0;0;A01
201400040036;0;7;0;2;0;1;0;A01
201400040037;0;1;0;1;0;8;13;A01
201400040037;1;7;0;0;9;0;24;Z01
201400040038;0;2;0;0;2;1;15;A01
201400040038;0;30;0;0;2;1;1;B01
201400040039;0;34;0;0;2;2;17;A01
201400040039;0;10;0;0;2;6;15;B01
201400040040;0;32;0;0;2;3;1;B01
201400040040;0;7;0;0;2;5;18;A01
201400040041;0;14;0;0;4;3;15;B01
201400040041;0;39;0;0;2;1;1;A01
201400040042;0;10;0;0;2;1;1;B01
201400040042;0;7;0;0;2;7;1;A01
201400040043;0;10;0;1;2;1;1;B01
201400040043;0;10;0;0;2;2;17;A01
201400040044;0;7;0;0;2;3;2;B01
201400040044;0;7;0;0;2;2;1;A01
201400040045;0;7;0;2;0;0;1;A01
201400040046;0;34;0;0;2;4;0;B01
201400040046;0;7;0;0;2;1;0;A01
201400040047;0;7;0;0;2;3;9;A01
201400040047;0;32;0;1;2;1;1;B01
201400040048;0;31;0;12;0;2;15;A01
201400040049;1;14;0;0;2;8;16;Z01
201400040049;0;33;0;0;2;0;3;A01
201400040050;0;33;0;0;2;5;16;A01
201400040050;0;33;0;0;2;1;1;B01
201400040051;0;7;0;0;2;3;15;A01
201400040051;0;7;0;0;2;2;1;B01
201400040052;0;34;0;0;2;2;13;B01
201400040052;0;10;0;0;2;8;6;A01
201400040053;0;7;0;0;2;1;1;B01
201400040053;0;7;0;0;2;7;1;A01
201400040054;0;32;0;0;2;2;2;A01
201400040054;0;7;0;0;2;6;23;B01
201400040055;0;7;0;2;0;2;14;A01
201400040056;0;30;0;0;1;1;1;A01
201400040057;0;7;0;0;1;5;1;A01
201400040058;1;7;0;0;1;1;1;Z01
201400040059;0;10;0;0;2;4;1;A01
201400040059;1;10;0;0;2;1;2;Z01
201400040060;0;7;0;1;2;1;1;B01
201400040060;0;33;0;1;2;7;1;A01
201400040061;0;7;0;0;1;3;9;A01
201400040062;0;7;0;0;2;1;2;A01
201400040062;0;7;0;0;2;4;2;B01
201400040063;0;32;0;14;2;0;14;A01
201400040064;0;32;0;0;0;0;0;A01
201400040065;0;7;0;0;2;3;15;B01
201400040065;0;33;0;0;2;2;3;A01
201400040066;0;10;0;0;2;5;16;B01
201400040066;0;34;0;0;2;3;18;A01
201400040067;0;33;0;0;2;1;1;B01
201400040067;0;7;0;0;2;7;15;A01
201400040068;0;33;0;0;2;6;1;B01
201400040068;0;7;0;0;2;3;15;A01
201400040069;0;33;0;0;2;1;2;A01
201400040069;0;7;0;0;2;5;1;B01
201400040070;0;10;0;0;0;0;1;B01
201400040070;0;2;0;12;2;2;14;A01
201400040071;0;30;0;0;0;0;0;A01
201400040072;0;7;0;0;2;6;1;C01
201400040072;0;7;0;0;1;1;21;A01
201400040073;0;7;0;0;1;1;1;A01
201400040074;0;7;0;0;2;1;1;B01
201400040074;0;10;0;0;2;5;15;A01
201400040075;0;7;0;0;1;0;16;A01
201400040076;0;7;0;0;1;1;1;A01
201400040077;0;10;0;0;2;4;23;B01
201400040077;0;32;0;0;2;1;2;A01
201400040078;0;32;0;0;1;0;21;A01
201400040079;0;30;0;0;2;1;14;A01
201400040079;0;7;0;0;2;2;15;B01
201400040080;0;7;0;11;0;3;12;A01
201400040081;0;33;0;0;2;7;1;B01
201400040081;1;7;0;0;2;1;16;A01
201400040082;0;7;0;0;2;1;15;A01
201400040082;0;31;0;0;2;1;1;B01
201400040083;0;7;0;0;2;3;15;A01
201400040083;0;32;0;1;2;1;1;B01
201400040084;0;34;0;0;1;1;1;A01
201400040085;0;7;0;0;2;3;15;A01
201400040085;0;33;0;0;2;1;17;B01
201400040086;0;30;0;0;1;1;1;A01
201400040087;0;7;0;0;2;3;15;A01
201400040087;0;32;0;1;2;7;1;B01
201400040088;0;7;0;0;2;0;12;A01
201400040088;0;31;0;0;2;7;1;B01
201400040089;0;7;0;0;2;4;23;B01
201400040089;0;7;0;0;2;1;1;A01
201400040090;0;7;0;0;1;1;1;A01
201400040091;0;31;0;0;2;1;1;A01
201400040091;0;7;0;0;2;4;1;B01
201400040092;0;7;0;0;1;1;1;A01
201400040093;0;31;0;8;2;7;19;A01
201400040093;0;7;0;0;2;3;1;B01
201400040094;0;7;0;0;1;2;16;A01
201400040095;0;10;0;0;2;3;1;B01
201400040095;0;7;0;0;2;3;13;A01
201400040096;0;33;0;0;2;1;1;B01
201400040096;0;7;0;0;2;2;15;A01
201400040097;0;31;0;0;0;7;1;A01
201400040098;0;2;0;0;0;2;1;A01
201400040099;0;2;0;0;1;2;1;A01
201400040100;0;7;0;14;0;1;9;A01
201400040101;0;30;0;0;2;1;1;B01
201400040101;0;7;0;0;2;7;15;A01
201400040102;0;7;0;0;1;2;9;A01
201400040103;0;37;1;0;2;0;0;B01
201400040103;0;7;0;0;2;2;17;A01
201400040104;0;34;0;0;2;1;15;A01
201400040104;0;7;0;0;2;3;0;B01
201400040105;0;33;0;0;9;8;13;A01
201400040106;0;34;0;0;2;1;1;A01
201400040106;0;7;0;0;2;4;1;B01
201400040107;0;7;0;0;2;3;20;B01
201400040107;0;7;0;0;2;6;24;C01
201400040107;0;33;0;1;2;1;1;A01
201400040108;0;7;0;0;2;2;15;A01
201400040108;0;32;0;0;2;3;1;B01
201400040109;0;7;0;0;2;4;1;B01
201400040109;0;7;0;0;2;1;1;A01
201400040110;0;1;0;1;0;1;1;A01
201400040110;0;7;0;0;2;8;22;B01
201400040111;0;34;0;0;2;2;2;A01
201400040111;0;7;0;0;2;3;15;B01
201400040112;0;7;0;0;2;6;0;A01
201400040112;0;33;0;0;2;2;0;B01
201400040113;0;7;0;0;2;1;0;A01
201400040113;0;30;0;0;2;4;0;B01
201400040113;0;7;0;0;2;8;0;C01
201400040114;0;7;0;0;1;1;1;A01
201400040115;0;31;0;0;2;1;1;B01
201400040115;1;7;0;0;2;0;15;A01
201400040116;0;32;0;0;0;7;5;A01
201400040117;0;7;0;0;1;1;1;A01
201400040118;0;33;0;0;2;1;5;A01
201400040118;0;7;0;0;2;1;17;B01
201400040119;0;7;0;0;1;1;1;A01
201400040120;0;7;0;0;1;1;1;A01
201400040121;0;7;0;0;1;3;1;A01
201400040122;0;1;0;12;0;1;16;A01
201400040123;0;7;0;0;2;7;9;A01
201400040123;1;30;0;0;2;7;1;B01
201400040124;0;7;0;0;1;1;1;A01
201400040125;0;14;0;0;2;1;1;A01
201400040125;0;31;0;0;2;4;2;B01
201400040126;0;33;0;0;2;1;1;A01
201400040126;0;10;0;0;2;8;10;B01
201400040127;0;2;0;0;9;2;1;A01
201400040128;0;7;0;1;0;7;1;A01
201400040129;0;7;0;0;1;2;0;A01
201400040130;0;7;0;0;2;9;2;B01
201400040130;0;7;0;0;2;4;2;D01
201400040130;0;7;0;0;2;9;2;C01
201400040130;0;10;0;0;2;1;2;A01
201400040131;0;7;0;0;1;1;1;A01
201400040132;0;7;0;0;2;5;16;A01
201400040132;0;1;0;0;2;1;1;B01
201400040133;0;7;0;0;1;4;4;A01
201400040134;0;10;0;0;1;7;1;A01
201400040134;1;31;0;0;2;7;23;B01
201400040135;0;37;0;0;2;3;9;A01
201400040135;1;10;0;0;2;0;1;B01
201400040136;0;7;0;0;1;3;1;A01
201400040137;0;7;0;0;1;1;1;A01
201400040138;0;1;0;0;2;0;1;B01
201400040138;0;7;0;0;2;8;2;A01
201400040139;0;32;0;0;2;1;17;A01
201400040139;0;7;0;0;2;3;15;B01
201400040140;0;7;0;0;2;2;24;B01
201400040140;0;7;0;0;2;0;1;C01
201400040140;0;1;0;1;2;0;1;A01
201400040141;0;1;0;0;0;1;1;A01
201400040142;0;7;0;0;2;1;1;B01
201400040142;0;1;0;0;2;7;1;A01
201400040143;0;7;0;0;1;2;15;A01
201400040144;0;15;0;0;2;6;24;B01
201400040144;0;32;0;0;2;1;1;A01
201400040145;0;10;0;0;1;4;4;A01
201400040146;0;7;0;0;2;7;16;A01
201400040146;0;32;0;0;2;3;17;B01
201400040147;0;30;0;0;0;1;1;A01
201400040148;0;30;0;0;2;1;1;B01
201400040148;0;7;0;0;2;2;16;A01
201400040149;0;33;0;0;1;1;15;A01
201400040150;0;7;0;0;2;2;15;A01
201400040150;0;2;0;0;2;1;1;B01
201400040151;0;1;0;0;2;1;1;A01
201400040151;0;7;0;0;2;4;1;B01
201400040152;0;7;0;0;1;1;1;A01
201400040153;0;7;0;0;2;8;24;A01
201400040153;0;1;0;1;0;1;1;B01
201400040154;0;7;0;0;2;3;9;A01
201400040154;0;33;0;1;2;8;1;B01
201400040155;0;31;0;0;2;1;2;A01
201400040155;0;7;0;0;2;4;20;B01
201400040156;0;7;0;0;1;4;4;A01
201400040157;0;7;0;0;2;8;16;A01
201400040157;0;1;0;0;2;5;1;B01
201400040158;0;33;0;0;2;1;1;B01
201400040158;0;7;0;0;2;8;10;A01
201400040159;0;10;0;0;1;1;1;A01
201400040160;0;7;0;0;2;2;1;A01
201400040160;0;7;0;0;2;6;16;B01
201400040161;0;7;0;0;1;1;1;A01
201400040162;0;31;0;0;1;1;1;A01
201400040163;0;2;0;0;0;0;1;A01
201400040164;0;7;0;0;2;4;2;D01
201400040164;0;7;0;0;2;2;9;B01
201400040164;0;10;0;0;2;8;2;C01
201400040164;0;7;0;0;2;7;1;A01
201400040165;0;7;0;0;2;3;1;B01
201400040165;0;7;0;0;2;2;1;A01
201400040166;1;7;0;0;2;8;10;B01
201400040166;0;33;0;0;2;1;1;A01
201400040167;0;7;0;0;2;3;15;B01
201400040167;0;33;0;0;2;1;1;A01
201400040167;0;7;0;0;2;8;1;C01
201400040168;0;33;0;8;0;1;1;B01
201400040168;0;10;0;0;0;0;15;A01
201400040169;0;2;0;0;2;1;1;A01
201400040169;0;7;0;0;0;3;15;B01
201400040170;0;7;0;0;1;3;1;A01
201400040171;0;7;0;0;2;8;15;A01
201400040171;0;33;0;0;2;7;1;B01
201400040172;0;33;0;8;2;1;1;B01
201400040172;0;7;0;0;2;2;16;A01
201400040173;0;33;0;0;2;1;1;B01
201400040173;0;7;0;0;2;1;15;A01
201400040174;0;7;0;0;0;0;12;A01
201400040174;0;2;0;0;0;0;1;B01
201400040175;0;10;0;0;2;1;1;A01
201400040175;0;7;0;0;2;4;23;B01
201400040176;0;32;0;1;0;7;1;A01
201400040177;0;10;0;0;2;4;23;B01
201400040177;0;7;0;0;2;1;1;A01
201400040178;0;31;0;0;2;1;1;A01
201400040178;0;7;0;0;2;8;1;B01
201400040179;0;10;0;0;1;1;16;A01
201400040180;1;7;0;0;1;0;0;Z01
201400040181;0;10;0;0;1;4;4;A01
201400040182;0;7;0;0;2;7;1;B01
201400040182;0;31;0;0;2;1;1;A01
201400040183;0;31;0;0;0;8;1;A01
201400040184;0;7;0;0;2;4;10;A01
201400040184;0;7;0;0;2;1;1;B01
201400040185;0;13;0;0;1;8;15;A01
201400040186;0;7;0;0;1;3;17;A01
201400040187;0;31;0;0;2;1;1;B01
201400040187;0;10;0;0;2;6;10;A01
201400040188;0;7;0;0;1;1;0;A01
201400040189;0;7;0;0;2;3;15;A01
201400040189;0;13;0;0;2;3;1;B01
201400040190;0;7;0;0;1;1;15;A01
201400040191;0;32;0;0;1;1;1;A01
201400040192;0;7;0;0;0;1;1;A01
201400040192;0;7;0;0;2;3;1;B01
201400040193;0;7;0;8;0;1;0;A01
201400040194;0;37;10;0;1;2;19;A01
201400040195;0;7;0;0;1;1;15;A01
201400040196;0;2;0;0;2;1;1;B01
201400040196;0;7;0;0;2;1;15;A01
201400040197;0;7;0;0;2;7;1;B01
201400040197;0;34;0;0;2;1;3;A01
201400040198;0;33;0;0;1;0;7;A01
201400040199;0;33;0;0;1;1;1;A01
201400040200;0;33;0;1;0;1;13;A01
201400040201;0;30;0;0;2;8;1;A01
201400040201;0;33;0;0;2;8;1;B01
201400040202;0;30;0;8;0;1;1;A01
201400040203;0;7;0;0;1;2;21;A01
201400040204;0;33;0;0;1;1;1;A01
201400040205;0;10;0;0;0;4;2;B01
201400040205;0;10;0;0;0;1;2;A01
201400040206;1;7;0;0;1;1;0;A01
201400040207;0;34;0;0;1;1;1;A01
201400040208;0;7;0;0;0;2;1;A01
201400040208;0;2;0;0;0;3;1;B01
201400040209;0;7;0;1;1;1;21;A01
201400040209;0;7;0;0;2;6;1;B01
201400040210;0;7;0;0;2;2;21;A01
201400040210;0;33;0;0;2;8;1;B01
201400040211;1;7;0;0;1;7;1;A01
201400040212;0;32;0;9;0;1;1;A01
201400040213;0;7;0;0;1;2;15;A01
201400040214;0;32;0;0;2;4;1;B01
201400040214;0;7;0;0;2;1;1;A01
201400040215;0;30;0;0;2;1;1;B01
201400040215;0;7;0;0;2;6;13;A01
201400040216;0;7;0;0;1;1;1;A01
201400040217;0;33;0;0;0;0;1;A01
201400040218;0;7;0;0;2;0;1;A01
201400040218;0;33;0;0;2;0;1;B01
201400040219;0;7;0;0;1;6;4;A01
201400040220;0;7;0;0;1;1;1;A01
201400040221;0;33;0;0;0;0;16;A01
201400040222;0;7;0;0;2;1;15;B01
201400040222;0;30;0;0;2;1;1;A01
201400040223;0;1;0;1;0;1;1;B01
201400040223;0;7;0;0;9;3;24;A01
201400040224;0;34;0;0;1;1;1;A01
201400040225;0;7;0;1;0;1;1;A01
201400040225;0;33;0;0;2;4;23;B01
201400040226;0;31;0;0;2;3;1;A01
201400040226;0;30;0;0;2;4;16;B01
201400040227;1;7;0;0;9;5;1;A01
201400040227;0;1;0;0;2;1;1;B01
201400040228;0;1;0;0;2;4;1;B01
201400040228;0;7;0;0;9;1;1;A01
201400040229;0;7;0;0;1;1;1;A01
201400040230;0;7;0;1;0;1;1;A01
201400040231;0;7;0;0;2;1;1;B01
201400040231;0;32;0;0;2;8;9;A01
201400040232;0;7;0;0;1;1;1;A01
201400040233;0;7;0;0;1;4;4;A01
201400040234;0;30;0;11;0;1;1;A01
201400040235;0;7;0;0;2;2;1;A01
201400040236;0;7;0;0;1;4;4;A01
201400040237;0;7;0;0;1;3;1;A01
201400040238;0;30;0;0;0;0;1;A01
201400040239;0;7;0;0;2;1;1;B01
201400040239;0;7;0;0;2;3;1;A01
201400040240;0;7;0;1;2;9;16;A01
201400040240;0;7;0;0;2;1;23;C01
201400040240;0;31;0;0;2;1;23;B01
201400040240;0;7;0;0;2;3;23;F01
201400040241;0;30;0;0;0;1;1;A01
201400040242;0;30;0;0;9;8;15;A01
201400040243;0;31;0;0;2;1;1;B01
201400040243;0;7;0;0;2;3;1;A01
201400040244;1;7;0;0;9;2;14;A01
201400040244;0;1;0;0;2;1;1;B01
201400040245;0;33;0;0;0;7;9;A01
201400040246;0;7;0;0;1;3;15;A01
201400040247;0;7;0;1;0;1;1;A01
201400040247;0;7;0;0;2;4;23;B01
201400040248;0;7;0;0;2;2;24;B01
201400040248;2;7;0;0;2;1;1;A01
201400040249;0;32;0;0;9;7;23;A01
201400040250;0;32;0;9;0;1;1;A01
201400040251;0;7;0;0;1;4;4;A01
201400040252;0;30;0;9;0;7;17;A01
201400040253;1;30;0;0;1;1;1;A01
201400040254;0;7;0;0;2;4;23;A01
201400040254;0;7;0;1;0;1;1;B01
201400040255;0;7;0;0;1;1;16;A01
201400040256;0;7;0;0;1;5;1;A01
201400040257;0;7;0;0;2;1;1;B01
201400040257;0;33;0;0;2;1;1;A01
201400040258;0;7;0;0;2;7;1;A01
201400040258;0;7;0;0;2;3;1;B01
201400040259;0;7;0;0;1;1;1;A01
201400040260;0;7;0;0;1;1;1;A01
201400040261;0;7;0;0;2;2;13;A01
201400040261;0;33;0;0;2;1;1;B01
201400040262;0;7;0;0;1;2;1;A01
201400040263;0;7;0;0;1;1;9;A01
201400040264;0;7;0;0;2;8;1;B01
201400040264;0;7;0;0;2;2;1;A01
201400040265;0;1;0;11;0;1;1;A01
201400040266;0;33;0;0;0;8;1;A01
201400040267;0;30;0;0;2;1;1;A01
201400040267;0;7;0;0;2;7;1;B01
201400040268;0;32;0;0;1;1;17;A01
201400040269;0;33;0;15;0;0;1;A01
201400040270;0;7;0;0;1;1;1;A01
201400040271;0;7;0;4;0;3;1;A01
201400040272;0;7;0;0;1;6;4;A01
201400040273;0;30;0;11;0;1;1;A01
201400040274;0;7;0;5;0;1;1;A01
201400040275;0;30;0;3;0;7;1;A01
201400040276;0;7;0;0;1;1;1;A01
201400040277;0;7;0;0;2;1;1;B01
201400040277;0;7;0;0;2;7;9;A01
201400040278;1;7;0;0;0;0;1;Z01
201400040278;0;32;0;0;1;0;1;A01
201400040279;0;7;0;0;0;7;1;A01
201400040280;0;1;0;0;2;1;17;B01
201400040280;0;10;0;0;2;8;9;A01
201400040281;0;2;0;8;0;0;1;A01
201400040282;0;1;0;0;1;1;1;A01
201400040283;0;32;0;0;0;7;1;A01
201400040284;0;7;0;0;2;8;4;A01
201400040284;0;7;0;0;2;3;1;B01
201400040285;0;7;0;0;1;7;1;A01
201400040286;0;7;0;0;1;1;1;A01
201400040287;0;34;0;0;2;1;1;B01
201400040287;0;7;0;0;2;3;10;A01
201400040287;1;7;0;1;0;8;0;C01
201400040288;0;7;0;0;1;1;1;A01
201400040289;0;7;0;3;0;8;1;A01
201400040290;0;7;0;0;2;1;1;A01
201400040290;0;7;0;0;2;8;1;B01
201400040291;0;31;0;0;0;0;1;A01
201400040292;0;33;0;0;0;8;0;A01
201400040293;0;2;0;12;0;1;1;A01
201400040294;0;7;0;0;1;1;0;A01
201400040295;0;7;0;0;2;8;1;B01
201400040295;0;1;0;0;2;1;17;A01
201400040296;0;32;0;0;0;8;1;A01
201400040297;0;7;0;0;1;1;1;A01
201400040298;0;2;0;0;2;1;1;B01
201400040298;0;3;0;0;2;7;15;A01
201400040299;0;32;0;0;2;1;1;B01
201400040299;0;7;0;0;2;3;9;A01
201400040300;0;2;0;0;0;3;1;A01
201400040301;0;7;0;0;1;1;15;A01
201400040302;0;1;0;0;2;1;1;B01
201400040302;0;7;0;0;2;1;15;A01
201400040303;0;7;0;0;1;7;1;A01
201400040304;0;32;0;0;0;3;1;A01
201400040305;0;32;0;0;0;0;1;A01
201400040306;0;1;0;0;2;1;2;A01
201400040306;0;7;0;0;2;6;23;B01
201400040307;0;33;0;0;2;1;15;B01
201400040307;0;7;0;0;2;1;15;A01
201400040308;0;7;0;0;1;1;16;A01
201400040309;0;7;0;0;2;3;9;A01
201400040309;0;7;0;0;2;2;1;B01
201400040310;0;7;0;1;2;4;24;B01