num_acc;senc;catv;occutc;obs;obsm;choc;manv;num_veh
201400040693;0;7;0;0;2;7;15;A01
201400040693;0;32;0;0;2;7;1;B01
201400040694;0;1;0;0;2;1;0;B01
201400040694;0;7;0;0;2;1;0;A01
201400040695;0;7;0;0;1;4;4;A01
201400040696;0;2;0;0;2;5;1;A01
201400040696;0;7;0;0;2;3;16;B01
201400040697;0;7;0;0;1;1;0;A01
201400040698;0;3;0;0;2;3;20;A01
201400040698;0;2;0;0;2;2;1;B01
201400040699;0;7;0;0;0;4;23;A01
201400040699;0;34;0;0;2;1;2;B01
201400040700;0;7;0;0;2;8;17;A01
201400040700;0;33;0;0;2;7;17;B01
201400040701;0;30;0;0;1;1;0;A01
201400040702;0;20;0;0;0;0;0;A01
201400040703;0;34;0;16;1;1;14;A01
201400040704;0;34;0;0;1;1;0;A01
201400040705;0;7;0;0;1;1;0;A01
201400040706;0;30;0;0;0;0;1;A01
201400040707;0;7;0;0;2;3;15;A01
201400040707;0;33;0;0;2;5;3;B01
201400040708;0;33;0;0;1;2;3;A01
201400040709;0;7;0;0;2;3;11;A01
201400040709;0;34;0;0;2;2;17;B01
201400040710;0;7;0;0;2;7;23;B01
201400040710;0;33;0;0;1;1;21;A01
201400040711;0;7;0;0;1;1;1;A01
201400040712;0;7;0;0;1;6;0;Z01
201400040713;0;1;0;0;2;7;15;B01
201400040713;0;7;0;0;2;1;23;C01
201400040713;0;10;0;0;2;3;1;A01
201400040714;0;7;0;0;9;3;10;A01
201400040714;0;1;0;0;2;1;17;B01
201400040715;1;99;0;0;2;0;0;Z01
201400040715;0;33;0;0;2;4;2;A01
201400040716;0;7;0;0;1;1;1;A01
201400040717;0;31;0;0;2;2;1;B01
201400040717;0;7;0;0;2;3;10;A01
201400040718;0;7;0;0;1;1;0;A01
201400040719;0;32;0;0;2;2;2;A01
201400040719;0;10;0;0;2;3;20;B01
201400040720;0;30;0;0;2;2;9;A01
201400040720;0;7;0;0;2;3;1;B01
201400040721;0;7;0;0;2;1;1;A01
201400040721;0;7;0;0;2;1;15;B01
201400040722;0;34;0;0;0;1;1;A01
201400040723;0;7;0;0;2;5;15;B01
201400040723;0;34;0;0;2;1;0;A01
201400040724;0;2;0;0;2;2;11;A01
201400040724;0;7;0;0;2;3;15;B01
201400040725;0;33;0;0;2;1;2;A01
201400040725;0;7;0;0;2;4;1;B01
201400040726;0;34;0;0;2;3;1;B01
201400040726;0;7;0;0;2;2;12;A01
201400040727;0;7;0;0;1;1;0;A01
201400040728;0;7;0;0;2;1;0;B01
201400040728;0;33;0;0;2;1;5;A01
201400040729;0;7;0;0;1;3;1;A01
201400040730;0;2;0;0;2;3;2;B01
201400040730;0;7;0;0;2;5;2;A01
201400040731;0;7;0;0;2;3;11;A01
201400040731;0;32;0;0;2;1;17;C01
201400040731;0;7;0;0;2;2;15;B01
201400040732;0;33;0;0;2;5;23;B01
201400040732;0;7;0;0;2;3;13;A01
201400040733;0;7;0;0;1;1;2;A01
201400040734;0;7;0;0;0;0;15;B01
201400040734;0;32;0;0;0;0;21;A01
201400040735;0;7;0;0;2;8;20;A01
201400040735;0;33;0;0;2;1;1;B01
201400040736;0;7;0;0;2;5;15;A01
201400040736;0;34;0;0;2;1;1;B01
201400040737;0;32;0;0;1;1;1;A01
201400040738;0;31;0;0;2;1;0;B01
201400040738;0;7;0;0;2;5;15;A01
201400040739;0;7;0;0;2;1;1;B01
201400040739;0;30;0;0;2;9;19;A01
201400040740;0;33;0;0;1;1;1;B01
201400040741;0;7;0;0;2;7;14;A01
201400040741;0;2;0;0;2;7;17;B01
201400040742;0;10;0;0;1;1;15;A01
201400040743;0;7;0;0;1;1;0;A01
201400040744;0;32;0;0;2;1;2;A01
201400040744;0;13;0;0;2;4;23;B01
201400040745;0;7;0;7;2;4;1;A01
201400040745;0;7;0;0;2;1;16;B01
201400040746;0;2;0;0;1;1;2;A01
201400040747;0;10;0;0;1;4;4;A01
201400040748;0;30;0;0;1;1;2;A01
201400040748;0;37;0;0;0;0;2;B01
201400040749;0;7;0;4;0;1;2;A01
201400040750;0;7;0;0;1;1;15;A01
201400040751;0;30;0;0;0;7;16;A01
201400040752;0;30;0;0;0;2;20;A01
201400040753;0;1;0;0;2;4;16;B01
201400040753;0;3;0;0;2;2;2;A01
201400040754;0;13;0;0;1;1;15;A01
201400040755;0;30;0;0;2;1;18;B01
201400040755;0;7;0;0;2;1;14;A01
201400040756;0;7;0;0;1;1;1;A01
201400040757;0;33;0;0;0;7;21;A01
201400040758;0;7;0;0;1;1;16;A01
201400040759;0;7;0;0;1;1;17;A01
201400040760;0;34;0;0;2;1;1;B01
201400040760;0;7;0;0;2;2;1;A01
201400040761;0;7;0;0;2;2;10;A01
201400040761;0;32;0;0;2;8;1;B01
201400040762;0;33;0;0;1;2;3;A01
201400040762;0;7;0;0;1;3;23;B01
201400040763;0;10;0;0;2;8;1;B01
201400040763;0;7;0;0;2;6;23;C01
201400040763;0;13;0;0;2;3;21;A01
201400040764;0;7;0;0;2;3;1;B01
201400040764;0;7;0;0;2;1;6;A01
201400040765;0;7;0;0;2;8;15;A01
201400040765;0;1;0;0;2;1;17;B01
201400040766;0;7;0;0;1;1;16;A01
201400040767;0;7;0;0;2;2;13;A01
201400040767;0;1;0;0;2;7;1;B01
201400040768;0;30;0;0;0;8;15;A01
201400040769;0;14;0;0;2;1;2;A01
201400040769;0;7;0;0;2;4;2;B01
201400040770;0;32;0;0;2;4;23;B01
201400040770;1;99;0;0;2;1;2;Z01
201400040771;0;1;0;0;2;1;5;B01
201400040771;0;7;0;0;2;1;1;A01
201400040772;0;7;0;0;1;1;1;A01
201400040773;0;7;0;0;2;8;22;A01
201400040773;0;1;0;0;2;1;21;B01
201400040774;0;32;0;0;0;7;1;A01
201400040775;0;10;0;0;1;4;4;A01
201400040776;0;32;0;0;2;2;1;B01
201400040776;0;7;0;0;2;8;1;A01
201400040777;0;10;0;0;2;2;1;B01
201400040777;0;7;0;0;2;9;11;A01
201400040777;0;7;0;0;2;2;1;C01
201400040778;0;1;0;0;1;1;0;A01
201400040779;0;31;0;0;2;1;1;A01
201400040779;0;7;0;0;2;4;23;B01
201400040780;0;7;0;0;2;4;0;B01
201400040780;0;7;0;0;2;4;0;A01
201400040781;0;33;0;0;9;7;0;A01
201400040782;0;33;0;0;2;1;2;A01
201400040782;0;7;0;0;2;4;0;B01
201400040783;0;1;0;0;2;1;5;A01
201400040783;0;7;0;0;2;7;16;B01
201400040784;0;33;0;0;2;7;1;B01
201400040784;0;7;0;0;2;2;14;A01
201400040785;0;33;0;0;2;9;9;B01
201400040785;0;7;0;0;2;1;1;A01
201400040786;0;7;0;0;2;1;9;A01
201400040786;0;30;0;0;2;4;1;B01
201400040787;0;30;0;0;0;7;9;A01
201400040788;0;7;0;0;2;1;2;A01
201400040788;0;7;0;0;2;4;1;B01
201400040789;0;32;0;0;0;7;1;A01
201400040790;0;7;0;0;2;1;2;A01
201400040790;0;33;0;0;2;4;2;B01
201400040791;0;1;0;0;0;0;0;A01
201400040792;0;7;0;0;2;1;16;A01
201400040792;0;33;0;0;2;7;1;B01
201400040793;0;7;0;0;1;2;1;A01
201400040794;0;7;0;0;2;3;1;A01
201400040794;0;32;0;0;2;1;15;B01
201400040795;0;33;0;0;2;1;17;A01
201400040795;0;7;0;0;2;6;10;B01
201400040796;0;31;0;0;0;0;1;A01
201400040797;0;32;0;0;0;8;1;A01
201400040798;0;7;0;0;2;2;5;A01
201400040798;0;32;0;0;2;3;1;B01
201400040799;0;7;0;0;1;2;1;A01
201400040800;0;7;0;0;1;4;4;A01
201400040801;0;7;0;0;1;2;1;A01
201400040802;0;30;0;0;0;7;1;A01
201400040803;0;31;0;0;1;1;1;A01
201400040804;0;1;0;0;2;1;15;B01
201400040804;0;7;0;0;9;1;1;A01
201400040805;0;7;0;0;1;2;1;A01
201400040806;0;33;0;0;0;8;1;A01
201400040807;0;7;0;0;1;1;1;A01
201400040808;0;7;0;0;1;2;1;A01
201400040809;0;7;0;0;2;3;2;A01
201400040809;0;10;0;0;2;5;1;B01
201400040810;0;7;0;0;2;2;2;A01
201400040810;0;33;0;0;2;8;2;B01
201400040811;0;30;0;0;2;1;1;A01
201400040811;0;7;0;0;2;6;1;B01
201400040812;0;37;4;0;1;2;1;A01
201400040813;0;30;0;0;1;3;1;A01
201400040814;0;33;0;0;1;1;1;A01
201400040815;0;7;0;0;1;2;1;A01
201400040816;0;1;0;0;2;1;1;B01
201400040816;0;7;0;0;2;7;1;A01
201400040817;0;7;0;1;2;1;1;A01
201400040818;0;7;0;0;2;4;1;B01
201400040818;0;30;0;0;2;1;1;A01
201400040819;0;7;0;0;2;3;16;B01
201400040819;0;10;0;0;2;2;1;A01
201400040820;0;7;0;0;1;1;1;A01
201400040821;0;7;0;0;1;2;1;A01
201400040822;0;10;0;1;0;2;20;A01
201400040823;0;33;0;0;2;2;1;B01
201400040823;0;30;0;0;2;6;9;A01
201400040824;0;7;0;0;0;9;1;A01
201400040825;2;7;0;0;2;1;16;Z01
201400040825;0;7;0;0;2;1;1;B01
201400040826;0;10;0;0;2;1;1;A01
201400040826;0;33;0;0;2;8;1;B01
201400040827;0;7;0;0;1;2;1;A01
201400040828;0;10;0;0;2;1;2;B01
201400040828;0;7;0;0;2;5;1;A01
201400040829;0;30;0;0;2;1;1;A01
201400040829;0;7;0;0;2;8;15;B01
201400040830;0;32;0;1;0;3;17;A01
201400040830;0;7;0;0;0;0;15;B01
201400040831;0;7;0;0;1;2;1;A01
201400040832;0;7;0;15;0;1;1;A01
201400040833;0;10;0;1;0;2;1;A01
201400040834;0;2;0;4;9;3;1;A01
201400040835;0;10;0;0;2;1;2;A01
201400040835;0;7;0;0;2;6;2;B01
201400040836;0;7;0;0;1;1;1;A01
201400040837;0;7;0;0;2;6;15;B01
201400040837;0;32;0;0;2;1;17;A01
201400040838;0;7;0;0;2;3;15;B01
201400040838;0;7;0;0;2;1;1;A01
201400040839;0;7;0;0;2;7;15;A01
201400040839;0;34;0;0;2;1;1;B01
201400040840;0;30;0;0;0;2;1;A01
201400040841;0;7;0;1;0;2;1;A01
201400040842;0;33;0;12;0;8;1;A01
201400040843;0;7;0;0;2;3;10;B01
201400040843;0;2;0;0;2;1;1;A01
201400040844;0;34;0;0;1;1;1;A01
201400040845;1;7;0;0;2;1;1;Z01
201400040845;0;1;0;0;2;6;15;A01
201400040846;0;7;0;0;1;1;1;A01
201400040847;0;7;0;0;1;1;1;A01
201400040848;0;34;0;0;1;1;1;A01
201400040849;0;30;0;2;0;1;1;A01
201400040850;0;10;0;1;0;1;1;A01
201400040851;0;7;0;0;2;1;15;A01
201400040851;0;30;0;0;2;3;1;B01
201400040852;0;30;0;0;0;2;1;A01
201400040853;0;7;0;8;0;7;1;A01
201400040854;0;7;0;1;0;3;1;A01
201400040855;0;7;0;10;0;1;1;A01
201400040856;0;33;0;0;2;1;1;A01
201400040856;0;1;0;0;2;6;1;B01
201400040857;0;7;0;0;9;8;15;B01
201400040857;0;1;0;0;2;1;1;A01
201400040858;0;33;0;0;0;7;1;A01
201400040859;0;1;0;0;2;8;1;B01
201400040859;0;7;0;0;2;3;1;A01
201400040860;0;7;0;0;2;2;2;A01
201400040860;0;10;0;0;2;3;2;B01
201400040861;0;10;0;0;1;1;1;A01
201400040862;0;7;0;6;0;1;11;A01
201400040863;0;10;0;0;1;2;16;A01
201400040864;0;10;0;0;2;4;1;B01
201400040864;0;30;0;0;2;1;1;A01
201400040865;0;7;0;0;1;3;1;A01
201400040866;0;7;0;1;0;1;1;A01
201400040867;0;30;0;0;2;1;1;A01
201400040867;0;7;0;0;2;3;9;B01
201400040868;0;30;0;0;0;0;1;A01
201400040869;0;10;0;0;1;2;1;A01
201400040870;0;7;0;0;1;1;1;A01
201400040871;0;30;0;0;2;1;1;A01
201400040871;0;7;0;0;2;8;1;B01
201400040872;0;33;0;0;1;5;1;A01
201400040873;0;7;0;0;2;6;1;B01
201400040873;0;2;0;0;2;2;1;A01
201400040874;0;1;0;0;0;0;1;A01
201400040875;0;2;0;0;0;7;1;A01
201400040876;0;2;0;12;0;1;1;A01
201400040877;0;7;0;0;2;4;23;A01
201400040877;0;1;0;0;2;1;1;B01
201400040878;0;33;0;0;2;8;1;B01
201400040878;0;10;0;0;2;3;15;A01
201400040879;0;30;0;0;0;7;15;A01
201400040880;0;10;0;0;2;1;1;A01
201400040880;0;7;0;0;2;8;1;B01
201400040881;0;7;0;0;2;3;1;A01
201400040881;0;30;0;0;2;2;1;B01
201400040882;0;7;0;0;2;3;16;A01
201400040882;0;33;0;0;2;1;1;B01
201400040883;0;33;0;0;0;8;1;A01
201400040884;0;30;0;1;2;8;2;B01
201400040884;0;10;0;0;2;7;9;A01
201400040885;0;7;0;0;1;2;1;A01
201400040886;0;7;0;0;2;3;1;B01
201400040886;0;31;0;0;2;1;19;A01
201400040887;0;2;0;0;1;1;1;A01
201400040888;0;7;0;0;2;4;23;A01
201400040888;0;1;0;0;2;1;2;B01
201400040889;0;31;0;0;2;1;1;B01
201400040889;0;10;0;0;2;1;15;A01
201400040890;0;30;0;0;0;8;1;A01
201400040891;0;10;0;2;0;1;1;A01
201400040892;0;30;0;1;0;7;1;A01
201400040893;0;30;0;0;2;2;1;B01
201400040893;0;7;0;0;2;3;15;A01
201400040894;0;7;0;0;1;1;1;A01
201400040895;0;7;0;0;2;8;22;A01
201400040895;0;1;0;0;2;1;1;B01
201400040896;0;30;0;0;1;3;1;A01
201400040897;0;7;0;0;2;4;1;A01
201400040897;0;7;0;0;2;1;1;B01
201400040898;0;7;0;0;2;3;23;C01
201400040898;0;7;0;0;2;6;23;B01
201400040898;2;7;0;0;2;1;15;A01
201400040899;0;30;0;0;0;8;1;A01
201400040900;0;7;0;0;2;1;9;A01
201400040900;0;1;0;0;2;5;1;B01
201400040901;0;30;0;0;0;7;1;A01
201400040902;1;32;0;0;1;0;1;Z01
201400040903;0;7;0;6;0;1;1;A01
201400040904;0;7;0;0;1;1;1;A01
201400040905;0;32;0;0;2;1;17;A01
201400040905;0;7;0;0;2;3;15;B01
201400040906;0;30;0;0;0;1;1;A01
201400040907;0;1;0;0;0;0;1;A01
201400040908;0;34;0;0;0;0;1;A01
201400040909;0;33;0;0;2;1;1;B01
201400040909;0;7;0;0;2;3;15;A01
201400040910;0;13;0;0;2;1;2;A01
201400040910;0;13;0;0;2;4;2;B01
201400040911;0;33;0;11;0;1;17;A01
201400040912;0;30;0;0;0;1;1;A01
201400040913;0;7;0;0;2;1;2;A01
201400040913;0;33;0;0;2;4;2;B01
201400040914;0;7;0;0;1;1;15;A01
201400040915;0;7;0;0;2;7;15;A01
201400040915;0;30;0;0;2;1;2;B01
201400040916;0;1;0;0;0;0;0;A01
201400040917;0;7;0;0;1;3;2;A01
201400040918;0;7;0;0;2;6;2;C01
201400040918;0;7;0;0;2;4;2;B01
201400040918;2;7;0;0;2;1;2;A01
201400040919;0;30;0;0;2;0;1;A01
201400040920;0;33;0;15;0;1;1;A01
201400040921;0;30;0;0;2;1;15;B01
201400040921;0;7;0;0;2;1;1;A01
201400040922;1;7;0;0;2;1;1;A01
201400040922;0;2;0;0;2;4;2;B01
201400040923;0;32;0;0;2;0;2;B01
201400040923;0;7;0;0;2;0;22;A01
201400040924;0;7;0;0;2;1;2;A01
201400040924;0;7;0;0;2;4;2;B01
201400040924;0;7;0;0;2;4;2;C01
201400040925;0;7;0;0;1;1;2;A01
201400040926;0;30;0;0;2;1;1;A01
201400040927;0;1;0;0;0;1;1;A01
201400040928;0;7;0;0;1;1;1;A01
201400040929;0;30;0;0;0;1;0;A01
201400040930;0;30;0;0;2;1;13;A01
201400040930;0;7;0;0;2;1;23;B01
201400040931;0;7;0;0;2;1;2;B01
201400040931;0;7;0;0;2;2;0;A01
201400040932;0;7;0;0;2;1;2;A01
201400040932;0;7;0;0;2;4;2;B01
201400040933;0;2;0;0;2;1;9;A01
201400040933;0;7;0;0;2;4;2;B01
201400040934;0;33;0;0;2;8;1;B01
201400040934;0;7;0;0;2;7;12;A01
201400040935;0;13;0;0;2;1;2;A01
201400040935;0;7;0;0;2;4;2;B01
201400040935;0;33;0;0;2;7;2;C01
201400040935;0;7;0;0;2;4;2;D01
201400040936;0;7;0;0;1;5;4;A01
201400040937;0;7;0;0;2;4;2;B01
201400040937;0;33;0;0;2;1;2;A01
201400040938;0;34;0;0;2;1;2;B01
201400040938;0;7;0;0;2;3;9;A01
201400040939;0;7;0;0;1;2;17;A01
201400040940;0;33;0;0;2;1;1;B01
201400040940;0;7;0;0;2;5;15;A01
201400040941;0;30;0;0;1;1;17;A01
201400040942;0;10;0;0;2;8;15;A01
201400040942;0;30;0;0;2;7;17;B01
201400040943;0;30;0;0;2;1;1;B01
201400040943;0;7;0;0;2;2;20;A01
201400040944;0;33;0;0;0;8;1;A01
201400040945;0;1;0;0;2;1;2;B01
201400040945;0;7;0;0;2;4;2;A01
201400040946;0;7;0;0;2;3;15;A01
201400040946;0;32;0;0;2;1;1;B01
201400040947;0;7;0;0;2;1;15;B01
201400040947;0;33;0;0;2;1;17;A01
201400040948;0;1;0;0;0;1;1;A01
201400040948;0;7;0;0;2;2;16;B01
201400040949;0;34;0;0;0;2;16;A01
201400040950;0;33;0;0;1;1;1;A01
201400040951;0;30;0;0;2;2;1;A01
201400040951;0;7;0;0;2;6;10;B01
201400040952;0;34;0;0;1;1;1;A01
201400040953;0;7;0;0;2;2;16;B01
201400040953;0;1;0;0;2;1;13;A01
201400040954;0;33;0;0;1;1;1;A01
201400040955;0;2;0;0;0;7;1;A01
201400040956;0;7;0;0;2;1;15;B01
201400040956;0;30;0;0;2;1;17;A01
201400040957;0;33;0;0;2;1;17;B01
201400040957;0;7;0;0;2;3;15;A01
201400040958;0;7;0;0;1;4;4;A01
201400040959;0;7;0;0;2;4;2;B01
201400040959;0;7;0;0;2;4;2;C01
201400040959;0;7;0;0;0;4;2;D01
201400040959;0;7;0;0;2;1;2;A01
201400040960;0;17;0;0;2;4;23;B01
201400040960;0;31;0;14;0;1;2;A01
201400040961;0;33;0;0;2;2;1;B01
201400040961;0;2;0;0;2;8;19;A01
201400040962;0;30;0;0;0;8;1;A01
201400040963;0;7;0;0;2;1;15;A01
201400040963;0;1;0;0;2;1;1;B01
201400040964;0;31;0;0;0;7;1;A01
201400040965;0;10;0;0;1;4;4;A01
201400040966;0;7;0;0;2;1;2;A01
201400040966;0;7;0;0;2;4;2;B01
201400040967;0;10;0;0;1;8;1;A01
201400040968;0;30;0;0;0;0;0;A01
201400040969;0;7;0;0;2;3;13;A01
201400040969;0;10;0;0;2;3;1;B01
201400040970;0;30;0;1;0;1;1;A01
201400040971;0;10;0;0;2;1;1;A01
201400040971;0;7;0;0;0;0;1;C01
201400040971;0;7;0;14;2;7;15;B01
201400040972;0;7;0;0;2;3;9;B01
201400040972;0;33;0;0;2;8;2;A01
201400040973;0;31;0;0;2;1;1;B01
201400040973;0;7;0;0;2;5;19;A01
201400040974;0;7;0;0;1;1;15;A01
201400040975;0;7;0;0;2;6;15;A01
201400040975;0;30;0;0;2;1;1;B01
201400040976;0;30;0;0;0;0;0;A01
201400040977;0;33;0;0;2;7;17;A01
201400040977;0;7;0;0;2;8;1;B01
201400040978;0;7;0;0;2;3;9;A01
201400040978;0;1;0;0;2;1;1;B01
201400040979;0;7;0;0;2;1;15;A01
201400040979;0;2;0;0;2;1;1;B01
201400040980;0;7;0;0;2;1;13;B01
201400040980;0;7;0;0;2;1;1;A01
201400040981;0;7;0;0;2;6;23;B01
201400040981;0;32;0;0;2;6;17;A01
201400040982;0;34;0;0;2;1;2;A01
201400040982;0;14;0;0;2;4;23;B01
201400040983;0;7;0;0;2;3;15;A01
201400040983;0;30;0;0;2;8;2;B01
201400040984;0;7;0;0;2;2;9;A01
201400040984;0;33;0;0;2;1;1;B01
201400040985;0;33;0;0;2;1;17;A01
201400040985;0;7;0;0;2;3;1;B01
201400040986;0;7;0;0;2;7;15;B01
201400040986;0;34;0;0;2;1;1;A01
201400040987;0;7;0;0;1;6;1;A01
201400040988;0;7;0;0;2;3;1;C01
201400040988;0;30;0;1;2;1;1;A01
201400040989;0;7;0;0;1;2;15;A01
201400040990;0;7;0;15;1;1;16;A01
201400040991;0;32;0;0;0;8;21;A01
201400040991;0;10;0;0;0;0;0;B01
201400040992;0;34;0;14;2;7;15;A01
201400040992;0;7;0;0;2;1;1;B01
201400040993;0;30;0;0;2;4;1;A01
201400040993;1;10;0;0;2;1;9;B01
201400040994;0;33;0;0;2;1;1;B01
201400040994;0;7;0;0;2;1;2;A01
201400040995;0;10;0;0;1;1;15;A01
201400040996;0;7;0;0;1;4;20;A01
201400040997;0;32;0;0;2;1;1;B01
201400040997;0;7;0;0;2;8;20;A01
201400040998;0;7;0;0;1;1;9;A01
201400040999;0;7;0;15;0;1;1;A01
201400041000;0;7;0;0;2;1;1;B01
201400041000;0;7;0;0;2;1;13;A01
201400041001;0;7;0;0;2;2;1;C01
201400041001;0;33;0;0;2;1;1;B01
201400041001;0;7;0;0;2;1;9;A01
201400041002;0;30;0;0;2;1;2;A01
201400041002;0;7;0;0;2;6;2;B01
201400041003;0;30;0;0;0;0;16;A01
201400041004;0;32;0;0;2;1;17;A01
201400041004;0;7;0;0;2;8;15;B01
201400041005;0;30;0;0;2;1;1;A01
201400041005;0;7;0;0;2;3;15;B01
201400041006;0;7;0;0;2;1;9;A01
201400041006;0;30;0;0;2;7;18;B01
201400041007;0;7;0;0;1;1;15;A01
201400041008;0;7;0;4;0;3;1;A01
201400041009;0;7;0;0;2;3;15;B01
201400041009;0;31;0;0;2;1;17;A01
201400041010;0;10;0;0;2;8;15;A01
201400041010;0;30;0;0;2;1;17;B01
201400041011;0;32;0;0;2;1;1;A01
201400041011;0;13;0;0;2;2;16;B01
201400041012;0;30;0;0;2;4;1;B01
201400041012;0;7;0;0;2;5;17;A01
201400041013;0;7;0;0;1;3;1;A01
201400041014;0;7;0;0;2;1;1;B01
201400041014;0;7;0;0;2;1;15;A01
201400041015;0;7;0;6;0;3;1;A01
201400041016;0;7;0;0;1;3;1;A01
201400041017;0;3;0;0;1;1;1;A01
201400041018;0;7;0;0;2;1;1;B01
201400041018;0;33;0;0;2;1;15;A01
201400041019;0;10;0;0;1;1;1;A01
201400041020;0;7;0;0;2;8;1;B01
201400041020;0;7;0;0;2;1;1;A01
201400041021;0;7;0;4;0;1;1;A01
201400041022;0;31;0;0;2;1;7;A01
201400041022;0;7;0;0;2;2;16;B01
201400041023;0;7;0;0;2;7;1;B01
201400041023;0;7;0;0;2;1;1;A01
201400041024;0;30;0;8;0;1;1;A01
201400041025;0;7;0;0;1;1;1;A01
201400041026;0;37;30;0;2;1;1;B01
201400041026;0;7;0;0;2;2;16;A01
201400041027;0;32;0;0;2;1;1;B01
201400041027;0;7;0;0;2;2;16;A01
201400041028;0;33;0;0;2;1;1;B01
201400041028;0;7;0;0;2;6;10;A01
201400041029;0;7;0;0;2;1;15;A01
201400041029;0;7;0;0;2;1;1;B01
201400041030;0;7;0;4;0;1;1;A01
201400041031;0;30;0;0;0;0;1;A01
201400041032;0;7;0;0;2;1;23;B01
201400041032;0;7;0;0;2;1;1;A01
201400041033;0;7;0;4;0;3;1;A01
201400041034;1;7;0;0;2;1;24;C01
201400041034;0;1;0;0;2;1;17;A01
201400041034;0;33;0;0;2;1;1;B01
201400041035;0;7;0;0;2;2;1;B01
201400041035;0;30;0;1;2;1;9;A01
201400041036;0;7;0;0;2;2;9;A01
201400041036;0;7;0;0;2;2;1;B01
201400041037;0;1;0;0;2;8;16;B01
201400041037;0;7;0;0;2;2;14;A01
201400041038;1;33;0;0;2;4;0;B01
201400041038;0;7;0;0;2;1;9;A01
201400041039;0;33;0;0;1;1;1;A01
201400041040;0;30;0;0;2;7;1;B01
201400041040;0;10;0;0;2;8;9;A01
201400041041;0;7;0;1;0;2;14;A01
201400041042;0;7;0;0;2;1;15;A01
201400041042;0;7;0;0;2;1;1;B01
201400041043;0;1;0;1;0;1;1;B01
201400041043;0;7;0;0;2;8;24;A01
201400041044;0;7;0;0;2;2;1;B01
201400041044;0;7;0;0;2;3;1;A01
201400041045;0;33;0;0;2;1;17;B01
201400041045;0;7;0;0;2;8;9;A01
201400041046;0;32;0;0;2;1;1;B01
201400041046;0;30;0;0;2;7;15;A01
201400041047;0;32;0;14;0;0;14;A01
201400041048;0;1;0;13;0;1;1;A01
201400041049;0;7;0;0;2;8;9;A01
201400041049;0;7;0;0;2;1;1;B01
201400041050;0;31;0;0;1;1;17;A01
201400041051;0;7;0;1;0;1;13;A01
201400041052;0;7;0;0;1;1;1;A01
201400041053;0;7;0;0;2;8;9;A01
201400041053;0;33;0;0;2;1;1;B01
201400041054;0;7;0;0;1;1;1;A01
201400041055;0;7;0;0;2;3;15;A01
201400041055;0;33;0;0;2;7;1;B01
201400041056;0;33;0;0;2;1;1;A01
201400041056;0;7;0;0;2;5;23;B01
201400041057;0;33;0;4;0;8;1;A01
201400041058;0;30;0;0;0;0;1;A01
201400041058;0;30;0;0;0;0;1;B01
201400041059;0;2;0;0;2;1;1;A01
201400041059;0;7;0;0;2;3;1;B01
201400041060;0;7;0;0;2;2;15;A01
201400041060;0;33;0;0;2;1;1;B01
201400041061;0;1;0;0;0;1;1;A01
201400041062;0;1;0;0;1;1;1;A01
201400041063;0;1;0;0;2;1;1;A01
201400041063;0;7;0;0;2;4;23;B01
201400041064;1;1;0;0;1;1;1;A01
201400041065;0;2;0;0;2;1;1;A01
201400041065;0;7;0;0;2;4;1;B01
201400041066;0;7;0;4;0;3;1;A01
201400041067;0;1;0;0;2;1;1;A01
201400041067;0;7;0;0;2;2;1;B01
201400041068;0;7;0;9;0;1;21;A01
201400041069;0;1;0;0;0;0;1;A01
201400041070;0;7;0;0;2;4;23;C01
201400041070;0;7;0;0;2;4;23;B01
201400041070;0;7;0;0;2;1;1;A01
201400041071;0;7;0;0;2;2;24;A01
201400041071;0;37;20;0;2;3;1;B01
201400041072;0;7;0;0;2;4;23;B01
201400041072;0;7;0;0;2;1;1;A01
201400041073;0;7;0;0;2;7;1;B01
201400041073;0;10;0;0;2;1;1;A01
201400041074;0;32;0;0;0;0;1;A01
201400041075;0;33;0;0;0;0;9;B01
201400041075;0;7;0;8;0;7;1;A01
201400041076;0;3;0;8;0;1;1;A01
201400041077;0;7;0;0;1;1;1;A01
201400041078;0;1;0;0;2;1;1;B01
201400041078;0;7;0;0;2;6;15;A01
201400041079;0;10;0;1;1;6;0;A01
201400041080;0;33;0;0;2;2;1;B01
201400041080;0;7;0;0;2;1;15;A01
201400041081;0;34;0;0;1;1;1;A01
201400041082;0;7;0;0;1;1;17;A01
201400041083;0;7;0;0;1;1;15;A01
201400041084;0;3;0;0;2;7;9;A01
201400041084;0;33;0;0;2;1;1;B01
201400041085;0;32;0;0;0;0;1;A01
201400041086;0;30;0;0;2;1;17;B01
201400041086;0;7;0;0;2;2;9;A01
201400041087;0;7;0;0;2;7;15;A01
201400041087;0;2;0;0;2;1;18;B01
201400041088;0;7;0;0;1;1;1;A01
201400041089;0;7;0;0;0;0;0;A01
201400041089;0;34;0;0;0;0;1;B01
201400041090;0;7;0;6;2;1;1;A01
201400041090;0;1;0;0;2;8;1;B01
201400041091;0;1;0;0;0;0;1;A01
201400041092;0;7;0;0;2;6;13;A01
201400041092;0;15;0;0;2;1;14;B01
201400041093;0;31;0;0;2;1;17;B01
201400041093;0;7;0;0;2;6;10;A01
201400041094;0;30;0;0;1;1;1;A01