num_acc;senc;catv;occutc;obs;obsm;choc;manv;num_veh
201400041095;0;2;0;1;0;1;1;A01
201400041096;0;7;0;0;2;0;15;A01
201400041096;0;33;0;0;2;1;17;B01
201400041097;0;7;0;0;1;1;1;A01
201400041098;0;7;0;0;2;3;1;B01
201400041098;0;1;0;0;2;1;16;A01
201400041099;0;2;0;0;2;1;1;A01
201400041099;0;7;0;0;2;4;1;B01
201400041100;0;7;0;9;0;1;15;A01
201400041101;0;7;0;0;2;1;1;B01
201400041101;0;7;0;0;2;4;2;A01
201400041102;0;7;0;0;2;1;1;A01
201400041102;0;32;0;0;2;4;23;B01
201400041103;0;7;0;0;2;5;10;A01
201400041103;0;33;0;0;2;1;1;B01
201400041104;0;32;0;0;1;1;21;A01
201400041105;0;13;0;0;2;4;23;B01
201400041105;0;7;0;0;2;1;1;A01
201400041106;0;30;0;0;0;0;2;A01
201400041107;0;7;0;0;1;1;15;A01
201400041108;0;30;0;0;1;1;17;A01
201400041109;0;32;0;0;0;0;2;A01
201400041110;0;7;0;0;0;4;2;B01
201400041110;0;13;0;0;2;1;2;A01
201400041111;0;30;0;0;1;1;21;A01
201400041112;0;7;0;0;2;1;2;A01
201400041112;0;33;0;0;2;1;2;B01
201400041113;0;10;0;0;1;4;4;A01
201400041114;0;7;0;0;2;3;20;B01
201400041114;0;1;0;0;2;1;1;A01
201400041115;0;30;0;0;1;2;1;A01
201400041116;0;7;0;0;2;1;9;A01
201400041116;0;31;0;0;2;2;1;B01
201400041117;0;37;0;1;0;2;21;A01
201400041118;0;2;0;15;0;2;0;A01
201400041119;0;7;0;0;2;4;15;B01
201400041119;0;33;0;0;2;1;2;A01
201400041120;0;7;0;0;2;1;16;A01
201400041120;0;7;0;0;2;4;23;B01
201400041121;0;7;0;0;1;2;1;A01
201400041122;0;7;0;0;2;8;22;A01
201400041122;0;1;0;0;2;1;1;B01
201400041123;0;7;0;0;2;1;15;A01
201400041123;0;30;0;0;2;1;2;B01
201400041124;0;7;0;15;2;4;2;A01
201400041125;0;7;0;0;1;4;0;A01
201400041126;0;7;0;0;2;1;1;B01
201400041126;0;33;0;0;2;4;11;A01
201400041127;0;30;0;1;0;7;15;A01
201400041128;0;10;0;0;2;1;15;A01
201400041128;0;33;0;0;2;1;1;B01
201400041129;0;31;0;0;2;6;3;A01
201400041129;0;7;0;0;0;7;2;B01
201400041129;1;7;0;0;2;8;11;Z01
201400041130;0;7;0;0;2;7;15;B01
201400041130;0;34;0;0;2;1;1;A01
201400041131;0;7;0;6;0;1;0;A01
201400041132;0;7;0;0;1;3;15;A01
201400041133;0;7;0;0;0;3;1;C01
201400041133;0;7;0;0;2;8;22;A01
201400041133;0;33;0;0;2;7;17;B01
201400041134;0;34;0;0;2;3;1;B01
201400041134;0;7;0;0;2;3;10;A01
201400041135;0;7;0;16;9;2;15;A01
201400041135;0;1;0;0;2;2;19;B01
201400041136;0;7;0;0;1;1;1;A01
201400041137;0;33;0;0;0;1;0;B01
201400041137;0;7;0;0;0;5;1;A01
201400041138;0;30;0;0;2;1;1;B01
201400041138;0;31;0;0;2;1;10;A01
201400041139;0;33;0;0;2;1;1;A01
201400041139;0;7;0;0;2;5;21;B01
201400041140;0;7;0;0;1;1;15;A01
201400041141;0;7;0;0;2;3;15;A01
201400041141;0;7;0;0;2;3;1;B01
201400041142;0;14;0;0;2;7;1;B01
201400041142;0;10;0;12;2;7;1;A01
201400041143;0;7;0;0;2;1;10;A01
201400041143;0;7;0;0;2;8;1;B01
201400041144;0;32;0;8;0;1;1;A01
201400041145;0;7;0;0;2;1;21;A01
201400041145;0;32;0;0;2;4;23;B01
201400041146;0;10;0;0;2;1;2;A01
201400041146;0;7;0;0;2;4;2;B01
201400041147;0;32;0;0;0;8;15;A01
201400041148;0;30;0;0;2;1;1;B01
201400041148;0;7;0;0;2;2;15;A01
201400041149;0;7;0;8;0;1;17;A01
201400041150;0;32;0;0;2;1;23;B01
201400041150;0;7;0;0;2;4;4;A01
201400041151;0;1;0;0;0;0;21;A01
201400041152;0;33;0;0;2;2;17;A01
201400041152;0;7;0;0;0;3;1;C01
201400041152;0;7;0;0;2;3;1;B01
201400041153;0;30;0;8;0;1;13;A01
201400041154;0;7;0;0;2;3;9;A01
201400041154;0;7;0;0;2;2;1;B01
201400041155;0;30;0;0;0;1;0;A01
201400041156;0;34;0;12;0;7;14;A01
201400041157;0;1;0;12;0;1;0;A01
201400041158;0;7;0;0;2;3;15;A01
201400041158;0;31;0;0;2;2;17;B01
201400041159;0;7;0;0;2;1;2;A01
201400041159;0;7;0;0;2;4;2;B01
201400041160;0;30;0;0;1;2;17;A01
201400041161;0;7;0;0;2;3;13;A01
201400041161;0;34;0;0;2;7;1;B01
201400041162;0;7;0;0;1;1;1;A01
201400041163;0;34;0;0;1;1;0;A01
201400041163;0;33;0;0;0;8;21;B01
201400041164;0;2;0;0;2;1;1;B01
201400041164;0;7;0;0;2;1;15;A01
201400041165;0;7;0;0;1;1;1;A01
201400041166;0;30;0;0;2;1;7;B01
201400041166;0;7;0;0;2;7;16;A01
201400041167;0;32;0;0;2;7;17;A01
201400041167;0;13;0;0;2;0;1;B01
201400041168;0;30;0;0;0;0;21;A01
201400041169;0;7;0;0;1;2;1;A01
201400041170;0;31;0;0;0;0;1;A01
201400041171;0;7;0;1;0;1;14;A01
201400041172;0;7;0;0;2;4;2;A01
201400041172;0;7;0;0;2;1;2;B01
201400041173;0;30;0;0;2;3;16;A01
201400041173;0;7;0;0;2;3;1;B01
201400041174;0;32;0;0;0;0;21;A01
201400041175;0;7;0;0;1;3;1;A01
201400041176;0;1;0;0;2;1;1;B01
201400041176;0;7;0;0;2;3;15;A01
201400041177;0;33;0;0;2;7;17;B01
201400041177;0;7;0;0;2;3;15;A01
201400041178;0;7;0;0;2;1;15;A01
201400041178;0;32;0;0;2;1;1;B01
201400041179;0;7;0;0;2;1;1;B01
201400041179;0;7;0;0;2;8;1;A01
201400041180;0;10;0;0;1;3;1;A01
201400041181;0;2;0;0;2;1;17;B01
201400041181;0;7;0;0;2;3;9;A01
201400041182;0;7;0;0;2;6;1;A01
201400041182;0;32;0;0;2;7;17;B01
201400041183;0;34;0;0;2;1;1;B01
201400041183;1;7;0;0;2;1;1;Z01
201400041184;0;7;0;2;0;1;1;A01
201400041185;0;7;0;0;1;2;1;A01
201400041186;0;31;0;0;1;0;1;A01
201400041187;0;1;0;0;2;8;1;B01
201400041187;0;7;0;0;2;3;15;A01
201400041188;0;7;0;0;2;1;15;B01
201400041188;0;1;0;0;2;8;1;A01
201400041189;0;7;0;6;0;2;1;A01
201400041190;0;7;0;0;1;3;1;A01
201400041191;0;32;0;0;0;8;1;A01
201400041192;0;10;0;0;2;2;1;B01
201400041192;0;10;0;0;2;1;5;A01
201400041193;0;2;0;8;0;1;1;A01
201400041194;0;7;0;12;0;9;1;A01
201400041195;0;34;0;0;2;1;1;A01
201400041195;1;7;0;0;2;0;10;Z01
201400041196;0;7;0;0;2;1;15;A01
201400041196;0;7;0;0;2;1;1;B01
201400041197;0;7;0;0;2;8;15;A01
201400041197;0;2;0;0;2;1;1;B01
201400041198;0;2;0;12;0;7;1;A01
201400041199;0;7;0;0;1;4;4;A01
201400041200;0;7;0;0;2;3;19;A01
201400041200;0;33;0;0;2;1;1;B01
201400041201;0;37;2;1;0;3;13;A01
201400041202;0;2;0;1;0;8;1;A01
201400041202;1;7;0;0;0;5;0;B01
201400041203;0;7;0;15;0;1;1;A01
201400041204;0;7;0;0;2;1;1;A01
201400041204;0;1;0;0;2;7;1;B01
201400041205;0;7;0;0;2;3;1;A01
201400041205;0;7;0;0;2;3;15;B01
201400041206;0;10;0;0;2;3;15;A01
201400041206;0;7;0;0;2;3;1;B01
201400041207;0;30;0;0;0;7;21;B01
201400041207;0;7;0;0;0;0;15;A01
201400041208;0;10;0;1;2;6;11;A01
201400041208;0;14;0;0;2;2;1;B01
201400041209;0;31;0;12;0;1;20;A01
201400041210;0;7;0;0;1;1;1;A01
201400041211;0;33;0;0;2;8;1;A01
201400041211;0;7;0;0;0;2;7;B01
201400041212;0;7;0;0;2;3;15;A01
201400041212;0;1;0;0;2;0;1;B01
201400041213;0;1;0;0;2;1;1;B01
201400041213;0;7;0;0;2;2;15;A01
201400041214;0;7;0;0;0;4;2;B01
201400041214;0;7;0;0;2;1;2;A01
201400041215;0;7;0;0;2;0;15;A01
201400041215;0;33;0;0;2;0;17;B01
201400041216;0;31;0;0;2;1;1;A01
201400041216;0;10;0;0;2;3;15;B01
201400041217;2;10;0;0;2;1;16;A01
201400041217;0;37;1;0;2;3;1;B01
201400041218;0;30;0;0;2;7;9;B01
201400041218;0;7;0;0;2;2;1;A01
201400041219;0;30;0;0;2;8;1;B01
201400041219;0;7;0;0;2;7;14;A01
201400041220;0;32;0;0;2;1;1;A01
201400041220;0;7;0;0;2;2;14;B01
201400041221;0;7;0;0;2;3;15;B01
201400041221;0;2;0;0;2;1;0;A01
201400041222;0;33;0;0;2;7;1;B01
201400041222;0;7;0;0;2;8;23;A01
201400041223;0;7;0;1;0;2;1;A01
201400041224;0;7;0;0;1;1;15;A01
201400041225;0;13;0;0;2;3;1;A01
201400041225;0;7;0;0;2;6;15;B01
201400041226;0;7;0;1;0;2;14;A01
201400041227;0;7;0;0;2;6;1;B01
201400041227;0;2;0;0;2;1;1;A01
201400041228;0;7;0;0;2;4;1;B01
201400041228;1;7;0;0;2;1;1;Z01
201400041229;0;7;0;0;1;2;1;A01
201400041230;0;33;0;0;2;1;1;A01
201400041230;0;10;0;0;2;6;15;B01
201400041231;0;37;4;0;2;0;1;B01
201400041231;0;7;0;0;2;0;16;A01
201400041232;0;32;0;0;2;1;1;B01
201400041232;0;7;0;0;2;3;10;A01
201400041233;1;7;0;0;1;0;1;A01
201400041234;0;1;0;0;1;1;1;A01
201400041235;0;1;0;0;2;0;1;B01
201400041235;0;7;0;0;2;3;9;A01
201400041236;0;1;0;0;0;8;15;B01
201400041236;0;33;0;0;2;1;17;A01
201400041237;0;33;0;1;0;1;1;A01
201400041238;0;1;0;8;0;1;1;A01
201400041239;1;7;0;0;0;0;15;Z01
201400041239;0;32;0;15;0;1;1;A01
201400041240;0;34;0;0;2;1;21;A01
201400041240;0;10;0;0;2;1;20;B01
201400041241;0;30;0;0;1;0;1;A01
201400041242;0;30;0;0;0;0;1;A01
201400041243;0;37;1;0;0;0;23;B01
201400041243;0;7;0;0;1;2;1;A01
201400041244;0;7;0;0;1;2;1;A01
201400041245;0;34;0;0;2;2;21;A01
201400041245;0;10;0;0;2;5;15;B01
201400041246;0;31;0;0;0;0;21;A01
201400041247;0;7;0;0;2;1;16;A01
201400041247;0;33;0;0;2;7;1;B01
201400041248;0;7;0;0;1;4;4;A01
201400041249;0;10;0;0;0;0;16;A01
201400041249;0;32;0;0;0;8;2;B01
201400041250;0;37;1;0;0;0;1;A01
201400041251;0;33;0;0;2;7;1;B01
201400041251;0;10;0;0;2;1;1;A01
201400041252;0;2;0;0;2;0;1;A01
201400041252;0;10;0;0;0;0;1;B01
201400041253;0;33;0;0;0;0;1;A01
201400041254;0;31;0;14;0;0;1;A01
201400041254;0;7;0;0;0;0;15;B01
201400041255;0;10;0;0;2;2;15;A01
201400041255;0;31;0;0;2;1;1;B01
201400041256;0;2;0;0;0;7;1;A01
201400041257;0;32;0;0;2;7;1;B01
201400041257;0;7;0;0;0;0;12;A01
201400041258;0;7;0;0;1;1;1;A01
201400041259;0;10;0;0;1;4;4;A01
201400041260;0;7;0;0;2;5;15;A01
201400041260;0;31;0;0;2;1;1;B01
201400041261;0;30;0;9;0;1;0;A01
201400041262;0;7;0;0;1;7;1;A01
201400041263;0;7;0;0;1;2;1;A01
201400041264;0;2;0;0;2;1;1;B01
201400041264;0;7;0;0;2;6;11;A01
201400041265;0;20;0;0;2;2;2;B01
201400041265;0;7;0;0;2;3;19;A01
201400041266;0;10;0;0;2;4;2;B01
201400041266;0;7;0;0;2;1;2;A01
201400041267;0;2;0;0;2;1;1;A01
201400041267;0;7;0;0;2;3;1;B01
201400041268;0;7;0;0;1;2;16;A01
201400041269;0;7;0;0;2;3;1;A01
201400041269;0;7;0;0;2;5;1;B01
201400041270;0;1;0;1;0;1;0;A01
201400041270;0;7;0;0;2;8;22;B01
201400041271;0;7;0;0;1;1;1;A01
201400041272;0;7;0;0;2;8;10;A01
201400041272;0;32;0;0;2;2;1;B01
201400041273;0;7;0;0;0;1;2;A01
201400041273;0;7;0;0;0;4;23;B01
201400041274;0;7;0;14;0;1;1;B01
201400041274;0;30;0;0;2;8;23;A01
201400041275;0;7;0;0;0;1;2;A01
201400041275;0;7;0;0;0;4;23;B01
201400041276;0;7;0;9;0;3;13;A01
201400041277;0;2;0;1;0;8;22;B01
201400041277;0;10;0;0;2;7;24;A01
201400041278;0;7;0;0;1;1;1;A01
201400041279;0;7;0;0;1;1;1;A01
201400041280;0;33;0;14;0;1;13;A01
201400041281;0;7;0;0;1;1;0;A01
201400041282;1;37;0;0;1;8;1;A01
201400041283;1;7;0;0;2;1;15;A01
201400041283;0;7;0;0;2;7;1;B01
201400041284;0;32;0;0;0;8;16;A01
201400041285;0;31;0;14;0;1;1;A01
201400041286;1;7;0;0;2;1;15;A01
201400041286;0;32;0;0;2;7;1;B01
201400041287;0;7;0;0;0;4;1;C01
201400041287;0;3;0;0;2;8;1;B01
201400041287;0;7;0;0;2;2;12;A01
201400041288;0;7;0;0;1;3;1;A01
201400041289;0;7;0;0;2;1;1;A01
201400041289;0;7;0;0;2;4;23;B01
201400041290;0;32;0;0;0;7;1;A01
201400041291;0;7;0;0;1;2;1;A01
201400041292;0;31;0;8;0;2;1;A01
201400041293;0;7;0;1;2;2;18;A01
201400041293;0;7;0;0;0;6;1;B01
201400041293;0;7;0;0;2;7;1;C01
201400041294;0;7;0;0;1;6;2;A01
201400041295;0;2;0;12;0;1;1;A01
201400041296;0;7;0;0;0;4;23;B01
201400041296;0;7;0;0;2;1;2;A01
201400041297;0;7;0;0;2;1;2;A01
201400041297;0;10;0;0;0;4;23;B01
201400041298;0;30;0;0;2;3;1;B01
201400041298;0;33;0;0;2;1;1;A01
201400041299;0;31;0;0;0;8;1;A01
201400041300;0;7;0;0;2;1;1;A01
201400041300;0;7;0;0;0;4;1;B01
201400041301;0;7;0;0;2;7;1;A01
201400041301;0;7;0;0;2;1;15;B01
201400041302;0;7;0;0;1;5;4;A01
201400041303;0;32;0;0;0;8;1;A01
201400041304;0;33;0;0;0;0;1;A01
201400041305;0;7;0;0;2;1;2;A01
201400041305;0;30;0;0;2;0;2;B01
201400041306;0;7;0;0;2;1;2;A01
201400041306;0;7;0;0;0;2;23;E01
201400041306;0;31;0;0;0;4;23;D01
201400041306;0;31;0;0;0;4;23;C01
201400041306;0;7;0;0;0;4;23;B01
201400041307;0;7;0;0;2;7;2;C01
201400041307;0;7;0;0;2;9;21;A01
201400041307;0;10;0;0;2;6;1;B01
201400041308;0;32;0;12;0;1;1;A01
201400041309;0;7;0;0;1;2;15;A01
201400041310;0;7;0;0;2;1;2;B01
201400041310;0;7;0;0;2;8;1;A01
201400041311;0;31;0;0;0;0;3;A01
201400041312;0;10;0;0;2;5;1;A01
201400041312;0;33;0;0;2;1;1;B01
201400041313;0;33;0;0;0;4;23;B01
201400041313;1;7;0;0;2;1;1;A01
201400041314;0;38;1;0;2;2;1;A01
201400041314;0;7;0;0;2;6;23;B01
201400041315;0;7;0;12;2;5;15;B01
201400041315;0;7;0;9;2;1;1;A01
201400041316;1;32;0;16;0;7;1;A01
201400041317;0;7;0;0;1;3;1;A01
201400041318;0;7;0;0;2;7;16;A01
201400041318;0;33;0;0;2;3;1;B01
201400041319;0;7;0;0;2;3;11;A01
201400041319;0;33;0;0;2;7;11;B01
201400041320;0;7;0;0;2;1;1;A01
201400041320;0;7;0;0;0;4;23;B01
201400041321;0;30;0;0;2;1;5;A01
201400041321;0;10;0;0;2;1;15;B01
201400041322;0;7;0;0;0;6;15;B01
201400041322;0;7;0;0;2;6;15;A01
201400041323;0;7;0;0;2;1;9;A01
201400041323;0;7;0;0;2;3;9;B01
201400041324;0;32;0;0;2;1;1;A01
201400041324;0;7;0;0;2;3;15;B01
201400041325;0;30;0;1;0;2;14;A01
201400041326;0;7;0;0;2;8;0;A01
201400041326;0;7;0;1;0;0;0;B01
201400041327;0;15;0;0;9;2;1;A01
201400041327;0;1;0;0;2;0;0;B01
201400041328;0;7;0;0;2;1;2;A01
201400041328;0;14;0;0;2;4;2;B01
201400041329;0;7;0;15;2;6;1;A01
201400041329;0;7;0;0;2;1;9;B01
201400041330;0;7;0;0;2;1;2;A01
201400041330;0;7;0;0;2;1;2;B01
201400041330;0;7;0;0;0;4;3;C01
201400041331;0;7;0;0;2;1;2;A01
201400041331;0;7;0;0;0;4;1;B01
201400041332;2;7;0;0;2;4;4;Z01
201400041332;0;33;0;0;2;4;0;A01
201400041333;0;2;0;1;2;3;0;A01
201400041334;0;7;0;0;2;7;0;B01
201400041334;0;30;0;0;2;1;9;A01
201400041335;0;37;0;0;1;8;0;B01
201400041336;0;30;0;0;2;1;0;B01
201400041336;0;7;0;0;2;1;0;A01
201400041337;0;30;0;0;2;0;5;A01
201400041337;0;7;0;0;2;2;0;B01
201400041338;0;7;0;0;1;1;1;A01
201400041339;0;7;0;0;0;5;22;A01
201400041339;0;1;0;0;0;1;18;B01
201400041340;0;33;0;0;1;8;2;A01
201400041341;0;7;0;0;1;4;4;A01
201400041342;0;30;0;0;2;3;15;A01
201400041342;0;7;0;0;0;2;16;B01
201400041343;0;7;0;0;2;2;1;A01
201400041343;0;30;0;0;2;1;16;B01
201400041344;0;10;0;0;2;8;15;A01
201400041344;0;34;0;0;2;7;2;B01
201400041345;1;30;0;0;1;1;0;Z01
201400041346;0;7;0;0;2;1;2;A01
201400041346;0;7;0;0;2;4;2;B01
201400041346;0;7;0;0;2;4;2;C01
201400041346;0;7;0;0;0;4;2;D01
201400041347;0;7;0;0;0;2;19;A01
201400041347;0;14;0;0;2;5;15;B01
201400041348;1;33;0;0;1;1;0;A01
201400041349;0;32;0;14;0;1;1;A01
201400041350;0;7;0;0;1;3;0;A01
201400041351;0;7;0;0;2;3;10;A01
201400041351;0;34;0;0;2;2;17;B01
201400041352;0;34;0;0;2;1;3;A01
201400041352;0;7;0;0;2;3;15;B01
201400041353;0;2;0;0;2;1;2;A01
201400041353;0;7;0;0;2;3;11;B01
201400041354;0;7;0;0;2;7;12;A01
201400041354;0;37;35;0;2;3;1;B01
201400041355;0;7;0;0;1;4;4;A01
201400041356;0;34;0;0;0;9;2;A01
201400041356;0;7;0;0;0;6;2;B01
201400041357;0;10;0;0;2;3;14;A01
201400041357;0;7;0;0;0;5;0;B01
201400041358;0;30;0;0;1;0;1;A01
201400041359;0;7;0;0;1;7;0;A01
201400041360;1;32;0;0;1;0;0;Z01
201400041361;0;7;0;0;2;2;1;A01
201400041361;0;34;0;0;2;1;1;B01
201400041362;0;7;0;1;0;7;1;A01
201400041362;0;7;0;0;2;3;1;B01
201400041363;0;2;0;0;2;1;0;A01
201400041363;0;7;0;0;0;0;0;B01
201400041364;0;7;0;0;1;1;1;A01
201400041365;0;7;0;0;0;3;1;B01
201400041365;0;33;0;0;0;1;1;A01
201400041366;0;3;0;0;1;2;2;A01
201400041367;0;7;0;0;2;7;2;B01
201400041367;0;7;0;0;2;1;2;A01
201400041368;0;7;0;0;2;2;1;A01
201400041368;0;10;0;0;2;3;1;B01
201400041369;0;34;0;0;0;1;17;A01
201400041369;0;7;0;0;2;3;15;B01
201400041370;0;1;0;0;2;3;17;A01
201400041370;0;7;0;0;9;3;1;B01
201400041371;0;7;0;0;1;3;1;A01
201400041372;0;33;0;1;2;3;1;A01
201400041372;0;7;0;0;2;2;11;B01
201400041373;1;7;0;0;1;0;0;Z01
201400041374;0;10;0;0;0;4;2;A01
201400041374;0;7;0;0;2;1;2;B01
201400041374;0;7;0;0;0;4;2;C01
201400041375;0;34;0;0;0;0;1;A01
201400041376;0;7;0;0;2;2;1;A01
201400041376;0;34;0;0;2;2;1;B01
201400041377;0;1;0;0;2;8;1;A01
201400041377;1;30;0;0;9;1;2;Z01
201400041378;0;7;0;0;2;8;1;A01
201400041378;0;1;0;1;0;1;1;B01
201400041379;0;1;0;0;2;8;2;A01
201400041379;0;7;0;0;9;7;2;B01
201400041380;0;30;0;0;2;6;2;A01
201400041380;0;7;0;0;2;6;2;B01
201400041381;0;32;0;0;2;2;15;A01
201400041381;0;7;0;0;9;6;15;B01
201400041382;0;7;0;14;0;2;15;A01
201400041382;0;33;0;0;2;1;1;B01
201400041383;0;7;0;0;2;2;1;B01
201400041383;1;7;0;0;2;2;10;A01
201400041384;0;32;0;0;2;3;1;A01
201400041384;1;7;0;0;2;2;1;Z01
201400041385;1;7;0;0;1;0;0;A01
201400041386;0;7;0;0;2;1;1;A01
201400041386;0;7;0;0;2;4;2;B01
201400041386;0;7;0;0;2;4;2;C01
201400041386;0;7;0;0;2;5;2;D01
201400041387;0;7;0;0;0;4;0;A01
201400041387;0;7;0;0;0;1;1;B01
201400041388;0;32;0;0;2;1;2;A01
201400041388;0;32;0;0;0;6;2;B01
201400041389;0;32;0;0;2;1;17;A01
201400041389;0;7;0;0;2;3;20;B01
201400041389;0;7;0;0;2;6;1;C01
201400041390;0;3;0;0;1;3;1;A01
201400041391;0;34;0;0;0;7;1;A01
201400041391;0;7;0;0;0;6;15;B01
201400041392;0;7;0;0;1;3;1;A01
201400041393;0;31;0;0;1;1;2;A01
201400041394;0;31;0;0;0;7;1;A01
201400041394;0;7;0;0;0;1;16;B01
201400041395;1;30;0;0;0;0;0;A01
201400041396;0;7;0;0;1;3;1;A01
201400041397;0;7;0;0;2;3;15;A01
201400041397;0;30;0;0;2;2;1;B01
201400041398;0;7;0;0;1;1;0;A01
201400041399;0;7;0;0;0;7;1;A01
201400041399;1;30;0;0;0;1;3;B01
201400041400;0;7;0;0;2;1;0;A01
201400041400;0;7;0;0;0;7;0;B01
201400041401;0;7;0;0;1;4;4;A01
201400041402;0;7;0;0;1;0;0;A01
201400041403;0;7;0;0;0;1;15;A01
201400041403;0;1;0;0;0;1;1;B01
201400041404;0;33;0;0;2;1;1;B01
201400041404;0;7;0;0;2;2;15;A01
201400041405;0;37;1;0;1;1;1;A01
201400041406;0;7;0;0;1;1;15;A01
201400041407;0;7;0;0;1;3;0;A01
201400041408;0;7;0;0;1;2;2;A01
201400041408;0;7;0;0;2;6;2;B01
201400041409;0;34;0;1;2;1;1;A01
201400041409;1;99;0;0;0;1;11;Z01
201400041410;0;7;0;3;0;1;0;A01
201400041411;0;7;0;0;2;1;1;A01
201400041411;0;7;0;0;2;4;1;B01
201400041412;0;10;0;0;2;1;1;A01
201400041412;0;7;0;0;2;2;1;B01
201400041413;0;30;0;0;1;7;5;B01
201400041413;1;7;0;0;2;8;5;Z01
201400041414;0;3;0;0;2;3;15;A01
201400041414;0;32;0;0;2;8;17;B01
201400041415;0;7;0;0;2;1;1;A01
201400041415;0;7;0;0;2;4;1;B01
201400041416;0;32;0;0;2;3;2;A01
201400041416;0;7;0;0;2;2;2;B01
201400041417;0;7;0;0;2;1;0;A01
201400041417;0;7;0;0;2;4;2;B01
201400041418;0;10;0;0;1;1;1;A01
201400041419;0;7;0;12;1;0;1;A01
201400041420;0;7;0;0;2;3;15;A01
201400041420;0;7;0;0;2;3;1;B01
201400041421;0;14;0;0;1;3;1;A01
201400041422;0;7;0;0;2;4;0;A01
201400041422;0;7;0;0;2;1;0;B01
201400041423;0;7;0;0;1;2;0;A01
201400041424;1;30;0;0;1;1;0;Z01
201400041425;0;3;0;0;1;1;1;A01
201400041426;0;7;0;0;9;8;10;A01
201400041426;0;1;0;0;2;8;1;B01
201400041427;0;7;0;1;0;2;14;A01
201400041428;0;10;0;0;1;1;1;A01
201400041429;1;7;0;0;1;1;0;Z01
201400041430;0;7;0;0;2;1;2;A01
201400041430;0;7;0;0;2;4;2;B01
201400041431;2;33;0;1;2;0;0;A01
201400041431;0;33;0;0;2;1;0;B01
201400041432;0;2;0;3;0;2;2;A01
201400041433;0;7;0;0;2;3;6;A01
201400041433;0;30;0;0;2;1;1;B01
201400041434;0;2;0;0;1;1;0;A01
201400041435;0;33;0;0;1;1;0;A01
201400041436;0;7;0;0;2;3;0;A01
201400041436;0;15;0;0;2;2;0;B01
201400041437;0;10;0;0;1;1;16;A01
201400041438;2;10;0;0;2;1;19;A01
201400041438;0;34;0;0;2;2;1;B01
201400041439;1;7;0;0;1;1;1;A01
201400041440;0;7;0;0;1;1;1;A01
201400041441;0;7;0;0;1;3;0;A01
201400041442;0;1;0;0;1;1;1;A01
201400041443;0;37;42;0;1;3;2;A01
201400041444;0;34;0;0;2;8;1;B01
201400041444;0;7;0;0;2;2;0;A01
201400041445;0;33;0;0;2;2;17;A01
201400041445;0;7;0;0;2;3;15;B01
201400041446;1;7;0;0;2;0;0;Z01
201400041446;0;7;0;0;2;1;0;A01
201400041447;0;14;0;0;2;5;15;A01
201400041447;0;33;0;0;2;1;1;B01
201400041448;0;7;0;0;2;8;15;A01
201400041448;0;2;0;0;2;1;1;B01
201400041449;0;3;0;0;2;3;15;A01
201400041449;0;1;0;0;2;1;17;B01
201400041450;1;7;0;0;1;0;1;Z01
201400041451;0;7;0;0;1;0;0;A01
201400041452;0;7;0;0;2;4;0;B01
201400041452;1;7;0;0;2;1;0;Z01
201400041453;1;7;0;14;2;1;2;Z01
201400041453;0;34;0;0;2;4;0;B01
201400041454;0;7;0;0;2;5;1;A01
201400041454;0;13;0;0;2;2;2;B01
201400041455;2;7;0;0;2;1;1;A01
201400041455;0;37;0;0;2;5;11;B01
201400041456;0;1;0;0;2;1;1;B01
201400041456;0;7;0;0;2;3;15;A01
201400041457;0;7;0;0;1;3;0;A01
201400041458;1;7;0;0;2;1;1;A01
201400041458;0;32;0;0;2;1;1;B01
201400041459;0;7;0;0;1;3;1;A01
201400041460;0;2;0;0;2;1;0;B01
201400041460;0;7;0;0;2;3;0;A01
201400041461;0;30;0;0;2;2;1;A01
201400041461;0;7;0;0;2;1;15;B01
201400041462;0;33;0;0;2;1;0;A01
201400041462;1;7;0;0;2;1;17;Z01
201400041463;0;7;0;0;2;5;16;A01
201400041463;0;1;0;0;2;1;19;B01
201400041464;0;7;0;0;1;1;0;A01
201400041465;0;10;0;0;2;7;1;B01
201400041465;0;1;0;0;2;1;1;A01
201400041466;0;1;0;0;2;7;1;A01
201400041466;1;3;0;0;2;3;1;Z01
201400041467;0;7;0;0;2;7;1;B01
201400041467;2;7;0;0;2;1;1;A01
201400041468;0;7;0;0;1;3;2;A01
201400041469;0;7;0;0;2;2;19;A01
201400041469;0;33;0;0;0;1;1;B01
201400041470;0;7;0;0;1;8;1;A01
201400041471;0;7;0;0;2;1;2;A01
201400041471;0;7;0;0;2;1;1;B01
201400041472;0;7;0;0;2;1;15;A01
201400041472;0;7;0;0;2;1;1;B01
201400041473;0;7;0;0;2;1;2;A01
201400041473;0;7;0;0;2;4;23;B01
201400041474;0;7;0;0;2;1;5;A01
201400041474;0;7;0;0;2;1;1;B01
201400041475;0;7;0;0;2;2;1;B01
201400041475;0;7;0;0;2;3;1;A01
201400041476;0;7;0;0;1;3;1;A01
201400041477;0;7;0;0;2;1;20;A01
201400041477;0;7;0;0;2;3;1;B01
201400041477;0;7;0;0;2;8;2;E01
201400041478;0;7;0;0;2;1;2;A01
201400041478;0;7;0;0;1;1;23;B01
201400041479;0;7;0;0;2;1;2;A01
201400041479;0;7;0;0;0;4;2;B01