num_acc;senc;catv;occutc;obs;obsm;choc;manv;num_veh
201400041480;0;7;0;0;2;1;1;A01
201400041480;0;7;0;0;0;4;1;B01
201400041481;0;7;0;0;2;3;1;B01
201400041481;0;7;0;0;2;2;15;A01
201400041482;0;7;0;0;0;1;2;A01
201400041482;0;7;0;0;0;4;2;B01
201400041483;0;7;0;0;2;2;19;A01
201400041483;0;7;0;0;2;3;19;B01
201400041484;0;7;0;0;1;3;1;A01
201400041485;0;10;0;0;1;4;4;A01
201400041486;0;10;0;0;0;4;1;B01
201400041486;0;7;0;0;0;0;1;A01
201400041487;0;7;0;0;2;1;2;A01
201400041487;0;7;0;0;2;4;2;B01
201400041488;0;7;0;0;2;7;9;A01
201400041488;0;7;0;0;2;1;19;B01
201400041489;1;7;0;0;9;1;0;Z01
201400041489;0;2;0;0;0;4;0;A01
201400041490;0;7;0;0;2;2;15;A01
201400041490;0;33;0;0;0;8;1;B01
201400041491;0;10;0;0;1;2;0;A01
201400041492;0;7;0;0;2;1;0;A01
201400041492;0;7;0;0;0;0;0;B01
201400041493;0;32;0;0;1;0;0;A01
201400041494;0;32;0;0;2;8;0;A01
201400041494;0;7;0;0;2;7;12;B01
201400041495;0;7;0;0;1;1;0;A01
201400041496;0;7;0;0;1;1;1;A01
201400041497;0;7;0;0;0;3;1;A01
201400041498;0;7;0;0;1;2;0;A01
201400041499;0;7;0;0;1;4;4;A01
201400041500;0;7;0;0;1;1;1;A01
201400041501;0;7;0;8;0;2;2;A01
201400041501;0;7;0;0;2;6;1;B01
201400041502;0;7;0;0;1;2;0;A01
201400041503;0;7;0;0;0;4;0;A01
201400041503;0;14;0;0;2;1;2;B01
201400041504;0;7;0;0;2;3;0;A01
201400041504;0;7;0;0;2;1;5;B01
201400041505;0;7;0;0;2;3;0;A01
201400041505;0;7;0;0;2;3;5;B01
201400041506;0;7;0;0;0;6;2;A01
201400041506;0;7;0;0;2;1;2;B01
201400041507;0;7;0;8;0;2;5;A01
201400041507;0;7;0;0;2;1;9;B01
201400041508;0;7;0;0;2;1;2;A01
201400041508;0;7;0;0;2;4;2;B01
201400041509;2;36;0;6;0;2;0;A01
201400041510;0;7;0;0;2;0;0;A01
201400041510;0;7;0;0;2;0;0;B01
201400041511;0;7;0;0;9;2;0;A01
201400041511;0;1;0;0;2;1;0;B01
201400041512;0;7;0;8;0;8;1;A01
201400041513;0;7;0;0;1;1;16;A01
201400041514;0;1;0;0;2;8;1;A01
201400041514;1;7;0;0;9;7;1;Z01
201400041515;0;7;0;0;2;1;1;A01
201400041515;0;7;0;0;0;4;23;B01
201400041516;0;7;0;0;2;1;2;A01
201400041516;0;7;0;0;2;4;23;B01
201400041517;0;7;0;0;0;8;11;A01
201400041517;0;10;0;0;0;7;1;B01
201400041518;0;7;0;0;2;3;2;A01
201400041518;0;31;0;0;2;5;2;B01
201400041519;1;7;0;0;9;1;0;A01
201400041519;0;1;0;0;2;1;5;B01
201400041520;0;33;0;0;2;1;1;A01
201400041520;0;7;0;0;2;3;9;B01
201400041521;0;7;0;0;2;1;2;A01
201400041521;0;1;0;0;0;4;2;B01
201400041522;0;3;0;1;0;2;1;A01
201400041523;0;1;0;0;2;8;1;B01
201400041523;1;7;0;0;9;1;19;Z01
201400041524;0;7;0;2;0;3;0;A01
201400041525;2;7;0;1;2;0;1;A01
201400041525;0;7;0;0;2;4;1;B01
201400041526;0;2;0;0;9;1;0;A01
201400041526;0;1;0;0;0;1;0;B01
201400041527;0;33;0;0;2;1;0;B01
201400041527;0;7;0;0;0;3;0;A01
201400041528;0;7;0;0;2;1;2;A01
201400041528;0;7;0;0;2;4;2;B01
201400041528;0;7;0;0;2;4;2;C01
201400041528;0;7;0;0;0;4;2;D01
201400041529;0;10;0;0;2;3;9;A01
201400041529;0;7;0;0;2;2;1;B01
201400041530;0;37;0;0;1;1;1;A01
201400041531;0;7;0;0;2;1;14;A01
201400041531;0;7;0;0;2;1;1;B01
201400041532;0;7;0;0;2;1;2;A01
201400041532;0;2;0;0;1;1;2;B01
201400041533;0;7;0;0;2;1;1;A01
201400041533;0;7;0;0;2;2;15;B01
201400041534;0;10;0;0;2;1;2;A01
201400041534;0;7;0;0;0;4;1;B01
201400041535;0;7;0;0;2;1;1;A01
201400041535;0;7;0;0;2;7;1;B01
201400041536;0;33;0;0;2;7;16;A01
201400041536;0;7;0;0;9;3;1;B01
201400041537;0;7;0;0;2;1;2;A01
201400041537;0;7;0;0;2;4;2;B01
201400041537;0;7;0;0;0;4;2;C01
201400041538;0;7;0;0;2;2;16;A01
201400041538;0;7;0;8;2;3;1;B01
201400041539;0;7;0;11;2;8;9;A01
201400041539;0;30;0;0;2;1;1;B01
201400041540;0;1;0;1;0;3;1;A01
201400041540;0;7;0;1;0;3;0;B01
201400041541;1;10;0;0;2;0;0;A01
201400041541;0;7;0;0;2;0;16;B01
201400041542;0;7;0;0;1;1;1;A01
201400041543;0;30;0;0;0;0;1;A01
201400041544;1;99;0;0;0;0;0;A01
201400041544;0;7;0;0;0;3;0;B01
201400041545;1;99;0;0;2;0;0;A01
201400041546;0;10;0;0;1;3;1;A01
201400041547;0;7;0;0;2;1;1;B01
201400041547;0;7;0;0;2;8;9;A01
201400041548;1;31;0;0;1;1;1;Z01
201400041549;0;7;0;0;1;1;1;A01
201400041550;0;7;0;0;1;1;0;A01
201400041551;0;7;0;0;2;2;17;A01
201400041551;0;7;0;0;2;3;19;B01
201400041552;0;7;0;0;1;1;0;A01
201400041553;0;7;0;0;1;2;16;A01
201400041554;0;7;0;0;1;2;2;A01
201400041555;0;7;0;0;0;0;0;A01
201400041555;0;7;0;0;0;0;0;B01
201400041556;0;7;0;0;2;3;15;A01
201400041556;0;33;0;0;2;1;2;B01
201400041556;0;7;0;0;2;3;15;C01
201400041557;0;34;0;0;2;1;1;A01
201400041557;0;7;0;0;0;6;1;B01
201400041558;0;34;0;0;1;1;2;A01
201400041559;1;99;0;0;1;0;0;A01
201400041560;1;33;0;0;1;1;1;A01
201400041561;0;7;0;0;0;8;1;B01
201400041561;0;7;0;0;2;1;1;A01
201400041562;1;99;0;0;2;0;0;A01
201400041563;0;7;0;0;0;1;2;A01
201400041563;0;7;0;0;0;4;2;B01
201400041564;0;7;0;0;2;1;2;A01
201400041564;0;7;0;0;2;1;2;B01
201400041565;0;7;0;0;2;1;16;A01
201400041565;0;2;0;0;2;3;15;B01
201400041566;0;7;0;0;2;6;0;A01
201400041566;1;7;0;0;2;0;0;Z01
201400041567;0;7;0;0;1;1;1;A01
201400041568;0;7;0;0;0;7;15;A01
201400041568;0;7;0;0;0;1;1;B01
201400041569;0;7;0;0;1;2;11;A01
201400041570;0;7;0;1;0;2;1;A01
201400041571;0;7;0;0;1;1;23;A01
201400041572;0;7;0;0;1;1;2;A01
201400041573;0;7;0;0;1;4;0;A01
201400041574;0;7;0;0;2;2;9;A01
201400041574;0;7;0;0;2;8;19;B01
201400041575;0;7;0;14;0;4;23;A01
201400041575;0;7;0;0;0;1;0;B01
201400041576;0;7;0;0;2;1;3;A01
201400041576;0;7;0;0;2;4;2;B01
201400041576;0;7;0;0;2;4;2;C01
201400041577;0;7;0;0;1;1;1;A01
201400041578;0;7;0;0;1;5;9;A01
201400041579;0;7;0;15;0;1;2;A01
201400041580;0;7;0;9;2;8;11;A01
201400041580;0;7;0;0;2;2;1;B01
201400041581;0;10;0;0;2;3;1;A01
201400041581;0;7;0;0;0;6;11;B01
201400041582;0;7;0;0;1;1;1;A01
201400041583;0;7;0;0;2;3;0;B01
201400041583;0;7;0;15;2;2;0;A01
201400041584;0;7;0;0;2;1;2;A01
201400041584;0;7;0;0;2;3;9;B01
201400041585;0;2;0;0;2;1;19;A01
201400041585;0;7;0;0;2;1;16;B01
201400041586;0;32;0;0;2;1;0;B01
201400041586;0;7;0;0;2;1;1;A01
201400041587;0;10;0;0;2;4;0;A01
201400041587;0;7;0;0;2;1;0;B01
201400041588;0;32;0;0;0;0;0;A01
201400041589;0;7;0;0;2;1;1;A01
201400041589;0;7;0;0;0;4;1;B01
201400041590;0;7;0;0;2;8;1;A01
201400041590;0;2;0;0;2;1;3;B01
201400041591;0;1;0;0;2;1;0;B01
201400041591;0;7;0;0;2;3;0;A01
201400041592;0;7;0;0;1;1;1;A01
201400041593;0;32;0;12;0;1;0;A01
201400041594;0;7;0;0;2;2;1;B01
201400041594;0;1;0;0;2;7;0;A01
201400041595;0;7;0;0;1;2;1;A01
201400041596;0;7;0;0;0;5;15;A01
201400041596;0;33;0;0;2;1;1;B01
201400041597;0;7;0;0;0;0;0;A01
201400041597;0;7;0;0;0;0;0;B01
201400041597;1;99;0;0;0;0;0;Z01
201400041598;0;7;0;0;1;2;0;A01
201400041599;0;37;0;0;2;2;0;B01
201400041600;0;7;0;0;2;3;1;A01
201400041600;2;7;0;0;2;3;15;Z01
201400041601;0;7;0;0;0;3;15;A01
201400041601;0;1;0;0;2;0;17;B01
201400041602;0;7;0;0;0;7;0;A01
201400041602;0;7;0;0;0;1;1;B01
201400041603;0;7;0;0;2;7;1;A01
201400041603;0;7;0;0;2;1;1;B01
201400041604;0;7;0;0;2;0;0;A01
201400041604;0;7;0;0;0;0;0;B01
201400041605;0;7;0;0;0;4;2;A01
201400041605;0;7;0;0;2;1;2;B01
201400041606;0;2;0;15;0;1;1;A01
201400041607;2;7;0;0;2;0;0;A01
201400041607;0;7;0;0;2;0;0;B01
201400041608;0;7;0;0;2;7;1;A01
201400041608;0;7;0;0;2;1;15;B01
201400041609;0;7;0;0;1;2;1;A01
201400041610;0;3;0;2;0;2;0;A01
201400041611;1;10;0;1;1;3;0;Z01
201400041612;0;7;0;0;0;2;0;A01
201400041613;0;7;0;0;2;1;2;A01
201400041613;0;7;0;0;2;4;2;B01
201400041613;0;7;0;0;0;4;2;C01
201400041614;0;32;0;0;1;1;1;A01
201400041615;0;7;0;0;1;1;2;A01
201400041616;0;7;0;0;0;3;1;A01
201400041616;0;7;0;0;0;3;1;B01
201400041617;0;7;0;2;0;1;2;A01
201400041618;0;7;0;0;0;3;9;A01
201400041618;0;34;0;0;0;1;1;B01
201400041619;0;7;0;0;2;2;1;A01
201400041619;0;7;0;15;2;3;1;B01
201400041620;0;7;0;0;2;2;15;A01
201400041620;0;7;0;0;2;3;1;B01
201400041621;0;7;0;0;1;1;9;A01
201400041622;0;3;0;0;1;2;0;A01
201400041623;0;7;0;12;0;1;0;A01
201400041624;0;10;0;0;2;1;1;A01
201400041624;0;7;0;0;0;4;1;B01
201400041625;0;10;0;0;2;2;11;A01
201400041625;0;33;0;0;2;1;2;B01
201400041626;0;1;0;0;0;0;0;B01
201400041626;0;7;0;0;0;2;0;A01
201400041627;0;7;0;0;2;2;15;A01
201400041627;0;33;0;0;2;3;2;B01
201400041628;0;37;2;0;2;3;1;B01
201400041628;0;7;0;0;2;2;15;A01
201400041629;0;7;0;0;0;4;2;A01
201400041629;0;7;0;0;2;1;2;B01
201400041630;0;7;0;0;2;2;15;A01
201400041630;0;7;0;8;2;8;19;B01
201400041631;0;7;0;6;0;3;2;A01
201400041632;0;7;0;0;2;0;0;A01
201400041632;0;7;0;0;2;0;0;B01
201400041633;0;3;0;0;1;0;9;A01
201400041634;0;7;0;0;2;2;1;A01
201400041634;0;7;0;0;2;1;15;B01
201400041635;0;7;0;0;2;4;2;B01
201400041635;0;7;0;0;2;4;0;C01
201400041635;0;7;0;0;2;4;2;D01
201400041635;0;7;0;0;2;4;2;E01
201400041635;2;7;0;0;2;1;1;Z01
201400041635;0;7;0;0;2;0;2;F02
201400041635;0;7;0;0;2;4;2;G02
201400041635;0;7;0;0;2;4;2;H02
201400041636;1;7;0;0;1;0;0;Z01
201400041637;0;7;0;0;1;1;0;A01
201400041638;0;7;0;0;2;1;0;A01
201400041638;0;34;0;0;2;1;0;B01
201400041639;0;7;0;0;2;1;2;A01
201400041639;0;7;0;0;2;4;2;B01
201400041640;0;10;0;0;2;4;5;A01
201400041640;0;7;0;0;2;1;1;B01
201400041641;0;7;0;0;0;0;0;A01
201400041641;0;7;0;0;0;4;0;B01
201400041642;0;7;0;0;2;1;1;B01
201400041642;0;7;0;0;2;1;1;A01
201400041643;0;1;0;0;0;0;1;A01
201400041644;0;3;0;0;2;4;2;A01
201400041644;0;7;0;0;2;1;2;B01
201400041645;0;7;0;0;1;2;0;A01
201400041646;0;7;0;0;1;1;1;A01
201400041647;0;7;0;0;2;7;0;B01
201400041647;0;7;0;0;2;1;9;A01
201400041648;0;7;0;0;2;1;1;A01
201400041648;0;7;0;0;2;2;10;B01
201400041649;0;7;0;0;1;1;20;A01
201400041650;0;7;0;1;0;2;1;A01
201400041651;0;7;0;0;1;1;1;A01
201400041652;2;7;0;0;1;1;1;A01
201400041653;0;7;0;0;0;2;1;A01
201400041653;0;7;0;0;0;3;1;B01
201400041653;0;7;0;0;0;3;1;C01
201400041654;2;7;0;0;0;1;5;A01
201400041654;0;7;0;0;2;1;1;B01
201400041655;0;7;0;0;0;0;0;A01
201400041655;2;7;0;0;0;0;0;B01
201400041656;2;7;0;14;2;1;19;A01
201400041656;0;7;0;0;2;3;1;B01
201400041657;0;7;0;0;2;1;1;A01
201400041657;0;7;0;0;2;3;9;B01
201400041658;0;37;0;0;2;1;1;A01
201400041658;0;7;0;0;2;5;10;B01
201400041659;0;7;0;0;1;3;0;A01
201400041660;0;1;0;0;0;8;5;B01
201400041660;0;7;0;0;0;3;0;A01
201400041661;0;10;0;0;1;1;1;A01
201400041662;0;7;0;0;0;0;0;A01
201400041663;0;7;0;0;2;1;1;A01
201400041663;0;7;0;0;2;9;0;B01
201400041663;0;7;0;0;2;4;0;C01
201400041664;0;7;0;0;2;8;10;A01
201400041664;0;7;0;0;2;1;1;B01
201400041665;1;7;0;0;1;0;0;A01
201400041666;0;7;0;0;1;2;2;A01
201400041667;0;7;0;0;0;2;1;B01
201400041667;0;7;0;0;2;1;19;A01
201400041668;0;10;0;0;1;4;4;A01
201400041669;0;37;0;0;2;1;2;B01
201400041669;0;33;0;0;2;4;2;A01
201400041670;0;7;0;0;2;7;0;B01
201400041670;0;7;0;0;2;1;9;A01
201400041671;0;10;0;0;2;1;2;A01
201400041671;0;10;0;0;0;4;2;B01
201400041672;0;30;0;0;2;1;2;B01
201400041672;0;7;0;0;2;3;9;A01
201400041673;0;7;0;0;2;3;1;A01
201400041673;0;2;0;0;2;1;1;B01
201400041674;0;33;0;0;1;3;0;A01
201400041675;0;33;0;0;2;1;1;A01
201400041675;0;7;0;0;2;2;0;B01
201400041676;0;7;0;0;1;1;0;A01
201400041677;0;7;0;3;2;7;15;A01
201400041677;0;7;0;0;2;2;5;B01
201400041678;0;33;0;1;1;9;21;A01
201400041678;0;7;0;0;0;3;0;B01
201400041679;0;7;0;1;0;2;9;A01
201400041680;1;7;0;0;2;2;1;A01
201400041680;0;32;0;0;2;5;1;B01
201400041681;0;32;0;0;2;2;17;A01
201400041681;0;7;0;0;2;3;15;B01
201400041682;0;7;0;0;2;2;0;A01
201400041682;0;7;0;0;2;1;0;B01
201400041683;1;2;0;0;2;1;1;A01
201400041683;0;7;0;0;0;0;1;B01
201400041684;0;7;0;15;1;0;1;A01
201400041685;0;7;0;0;1;8;1;A01
201400041686;2;7;0;0;2;1;1;A01
201400041686;0;7;0;0;2;8;15;B01
201400041687;2;7;0;1;2;8;14;A01
201400041687;0;10;0;0;2;1;1;B01
201400041688;0;7;0;0;2;2;2;A01
201400041688;0;7;0;0;2;6;0;B01
201400041688;0;7;0;0;2;3;0;C01
201400041689;1;7;0;0;1;0;4;A01
201400041690;0;7;0;1;2;2;1;A01
201400041690;0;13;0;6;0;1;1;B01
201400041691;0;7;0;0;2;1;1;B01
201400041691;0;7;0;6;2;1;1;C01
201400041691;0;7;0;0;2;3;9;A01
201400041692;0;38;1;0;2;3;16;B01
201400041692;0;32;0;0;2;3;9;A01
201400041693;0;34;0;0;1;1;1;A01
201400041694;0;7;0;0;1;1;1;A01
201400041695;0;7;0;0;2;3;2;A01
201400041695;0;30;0;0;2;1;2;B01
201400041696;0;7;0;0;1;2;0;A01
201400041697;0;7;0;0;2;4;23;B01
201400041697;0;7;0;0;2;4;23;C01
201400041697;2;7;0;1;2;1;2;A01
201400041698;0;33;0;8;2;7;15;A01
201400041698;0;10;0;8;2;1;16;B01
201400041699;0;7;0;0;1;7;0;A01
201400041700;0;7;0;12;1;1;1;A01
201400041701;0;1;0;0;2;7;0;A01
201400041701;0;7;0;0;2;1;0;B01
201400041702;0;7;0;0;1;1;15;A01
201400041703;0;99;0;0;2;3;15;A01
201400041703;0;1;0;0;2;4;15;B01
201400041704;0;7;0;1;1;2;1;A01
201400041705;0;13;0;0;2;1;2;A01
201400041705;0;7;0;8;2;7;10;B01
201400041706;0;14;0;0;2;2;1;B01
201400041706;0;7;0;0;2;1;9;A01
201400041707;0;7;0;8;1;1;16;A01
201400041708;0;7;0;0;2;1;15;A01
201400041708;0;7;0;0;2;1;1;B01
201400041709;0;7;0;0;1;2;1;A01
201400041710;0;7;0;0;1;1;0;A01
201400041711;0;30;0;0;2;4;2;A01
201400041711;0;7;0;0;2;1;2;B01
201400041712;0;34;0;0;1;1;2;A01
201400041713;0;7;0;0;1;1;0;A01
201400041714;0;7;0;0;2;7;12;A01
201400041714;0;37;1;0;2;1;7;B01
201400041715;1;7;0;0;1;0;0;A01
201400041716;0;17;0;0;1;1;1;A01
201400041717;0;99;0;0;1;1;1;A01
201400041718;0;7;0;0;1;0;2;A01
201400041719;0;7;0;0;2;3;15;A01
201400041719;0;32;0;0;0;8;1;B01
201400041720;0;30;0;0;2;9;1;A01
201400041720;1;7;0;0;2;0;10;Z01
201400041721;0;7;0;0;2;1;2;A01
201400041721;0;15;0;0;2;4;2;B01
201400041722;0;7;0;14;0;1;1;A01
201400041723;1;7;0;0;1;1;1;A01
201400041724;0;7;0;0;0;0;0;A01
201400041724;0;7;0;0;0;0;0;B01
201400041725;0;7;0;8;2;2;7;A01
201400041725;0;7;0;0;0;8;24;B01
201400041726;0;7;0;0;1;2;16;A01
201400041727;2;7;0;0;1;0;0;A01
201400041728;0;7;0;0;1;1;0;A01
201400041729;0;7;0;1;2;8;11;A01
201400041729;0;7;0;0;2;9;1;B01
201400041729;0;13;0;0;2;1;1;C01
201400041730;0;7;0;0;2;1;16;A01
201400041730;0;7;0;0;2;7;9;B01
201400041731;0;7;0;12;0;0;0;A01
201400041732;0;2;0;0;2;1;3;A01
201400041732;0;2;0;0;2;3;2;C01
201400041732;0;32;0;0;2;4;1;B01
201400041732;0;7;0;0;2;7;2;F02
201400041732;0;7;0;0;2;6;2;E01
201400041732;0;7;0;0;2;2;0;D01
201400041733;0;7;0;0;4;8;9;A01
201400041733;0;21;0;0;2;1;2;B01
201400041734;0;7;0;0;2;8;16;A01
201400041734;0;7;0;0;2;2;15;B01
201400041735;0;2;0;1;0;9;2;A01
201400041736;0;7;0;0;2;2;1;A01
201400041736;0;2;0;0;2;7;6;B01
201400041737;0;7;0;0;2;2;0;A01
201400041737;0;15;0;0;2;6;1;B01
201400041738;0;7;0;0;2;1;1;A01
201400041738;0;7;0;0;2;8;9;B01
201400041739;0;7;0;0;1;6;4;A01
201400041740;0;2;0;0;2;8;0;A01
201400041740;0;7;0;0;2;8;0;B01
201400041741;0;7;0;0;0;8;0;A01
201400041741;0;7;0;0;0;2;0;B01
201400041742;0;33;0;0;2;0;21;A01
201400041742;0;7;0;0;2;0;19;B01
201400041743;1;99;0;0;2;0;0;A01
201400041743;0;7;0;0;2;1;0;B01
201400041744;0;7;0;0;2;3;11;A01
201400041744;0;34;0;0;2;5;3;B01
201400041744;0;7;0;0;2;5;1;C01
201400041745;0;7;0;0;2;1;0;A01
201400041745;0;99;0;0;0;0;0;B01
201400041746;0;40;0;0;0;3;0;A01
201400041746;0;14;0;0;0;3;0;B01
201400041747;0;7;0;0;1;1;1;A01
201400041748;0;31;0;0;2;2;17;A01
201400041748;0;7;0;0;2;3;15;B01
201400041749;0;7;0;0;2;1;1;B01
201400041749;0;7;0;0;2;1;1;A01
201400041750;0;7;0;0;1;5;4;A01
201400041750;0;7;0;0;1;2;23;B01
201400041751;0;7;0;0;0;5;0;A01
201400041751;0;32;0;0;0;1;0;B01
201400041752;0;7;0;8;0;0;0;A01
201400041753;0;32;0;0;0;7;17;A01
201400041753;0;7;0;0;0;3;15;B01
201400041754;0;7;0;0;0;2;12;A01
201400041754;0;7;0;0;0;3;1;B01
201400041755;0;7;0;0;2;1;12;A01
201400041755;0;7;0;0;0;6;2;B01
201400041756;0;7;0;0;2;2;0;A01
201400041756;0;7;0;0;2;5;0;B01
201400041757;0;7;0;0;2;1;19;B01
201400041757;0;7;0;0;2;7;19;A01
201400041758;2;7;0;0;1;1;0;A01
201400041759;1;7;0;0;0;1;2;A01
201400041759;0;7;0;0;2;1;2;B01
201400041759;0;7;0;0;2;4;0;C01
201400041760;0;7;0;0;1;2;16;A01
201400041761;0;7;0;0;1;0;0;A01
201400041762;0;1;0;0;0;0;0;B01
201400041762;1;7;0;0;0;1;0;A01
201400041763;0;33;0;0;0;1;1;A01
201400041763;0;99;0;0;0;4;11;B01
201400041764;0;7;0;0;2;4;0;A01
201400041764;0;15;0;0;0;0;0;B01
201400041765;0;7;0;12;0;1;2;A01
201400041766;0;7;0;1;0;1;0;A01
201400041766;0;7;0;0;2;4;24;B01
201400041766;0;7;0;0;2;6;24;C01
201400041767;0;7;0;0;2;7;2;A01
201400041767;0;32;0;12;2;8;2;B01
201400041768;0;34;0;0;2;7;2;A01
201400041768;0;10;0;0;2;6;2;B01
201400041769;0;7;0;6;0;4;16;A01
201400041769;0;10;0;0;2;1;2;B01
201400041770;0;7;0;14;2;1;2;A01
201400041770;0;7;0;0;0;4;2;B01
201400041770;0;7;0;14;2;1;2;C01
201400041771;0;10;0;11;0;1;19;A01
201400041772;0;7;0;0;2;5;15;A01
201400041772;0;34;0;0;2;3;1;B01
201400041773;0;10;0;0;2;1;2;A01
201400041773;0;7;0;0;0;6;2;B01
201400041774;0;7;0;0;0;2;20;A01
201400041774;0;1;0;0;2;1;0;Y01
201400041775;0;15;0;0;0;7;12;A01
201400041775;0;30;0;0;0;8;1;B01
201400041776;0;7;0;8;1;1;0;A01
201400041777;0;7;0;0;9;4;0;A01
201400041777;0;30;0;0;2;1;0;B01
201400041778;0;30;0;0;1;1;1;A01
201400041779;0;7;0;0;1;2;2;A01
201400041780;1;7;0;0;1;0;0;A01
201400041781;1;7;0;0;1;2;0;A01
201400041782;0;7;0;9;9;3;2;A01
201400041783;0;7;0;8;2;3;0;A01
201400041783;1;7;0;0;2;0;0;Z01
201400041784;0;7;0;0;2;2;20;A01
201400041784;0;7;0;0;2;3;1;B01
201400041785;0;7;0;0;2;6;9;A01
201400041785;0;32;0;0;2;1;1;B01
201400041786;0;7;0;0;1;3;0;A01
201400041787;0;7;0;0;2;2;2;A01
201400041787;0;7;0;0;0;6;2;B01
201400041788;0;7;0;0;1;3;15;A01
201400041789;0;7;0;0;1;1;1;A01
201400041790;0;15;0;0;1;6;1;A01
201400041791;0;7;0;0;1;2;0;A01
201400041792;0;7;0;0;2;1;2;A01
201400041792;0;7;0;0;2;4;2;B01
201400041792;0;7;0;0;2;4;2;C01
201400041793;0;30;0;0;0;7;0;A01
201400041794;0;7;0;0;0;3;9;A01
201400041794;0;7;0;0;0;2;9;B01
201400041795;0;7;0;0;2;1;11;A01
201400041795;0;20;0;0;2;1;8;B01
201400041796;0;7;0;0;0;4;0;A01
201400041796;0;7;0;0;0;0;0;B01
201400041797;0;7;0;0;2;1;2;A01
201400041797;0;7;0;0;0;4;2;B01
201400041798;0;30;0;0;0;8;10;A01
201400041799;0;3;0;0;2;3;1;B01
201400041799;0;14;0;0;2;7;16;A01
201400041800;0;7;0;0;2;8;9;A01
201400041800;0;37;5;0;2;7;12;B01
201400041801;0;7;0;0;2;3;13;A01
201400041801;0;7;0;0;2;8;2;B01
201400041802;0;7;0;0;2;1;1;A01
201400041802;0;7;0;0;0;2;1;B01
201400041803;0;7;0;0;1;1;17;A01
201400041804;1;7;0;0;9;1;2;A01
201400041804;0;1;0;0;0;4;1;B01
201400041805;0;7;0;14;0;1;2;A01
201400041805;0;7;0;0;0;4;2;B01
201400041805;0;7;0;14;0;4;2;C01
201400041806;0;7;0;9;2;7;16;A01
201400041806;0;7;0;9;2;1;21;B01
201400041807;0;7;0;0;2;3;2;A01
201400041807;0;7;0;0;0;5;2;B01
201400041808;0;7;0;0;0;7;20;A01
201400041808;0;33;0;0;2;3;18;B01
201400041809;0;33;0;1;0;1;1;A01
201400041809;0;7;0;0;2;7;24;B01
201400041810;0;7;0;0;2;1;1;A01
201400041810;1;7;0;0;2;7;0;B01
201400041811;0;33;0;0;2;1;1;A01
201400041811;0;7;0;0;2;2;15;B01
201400041812;0;7;0;0;1;2;0;A01
201400041813;0;7;0;0;1;3;1;A01
201400041814;0;7;0;0;1;6;4;A01
201400041815;1;7;0;0;1;1;2;Z01
201400041816;0;7;0;0;2;3;2;A01
201400041816;0;34;0;0;2;2;15;B01
201400041817;0;7;0;15;2;5;16;A01
201400041817;0;7;0;0;2;1;16;B01
201400041818;0;7;0;0;2;2;0;A01
201400041818;0;7;0;0;2;3;0;B01
201400041819;0;7;0;0;2;1;15;A01
201400041819;0;30;0;0;2;5;3;B01
201400041820;0;7;0;0;1;3;1;A01
201400041821;0;7;0;14;2;1;0;A01
201400041821;0;7;0;0;0;1;1;B01
201400041822;0;7;0;0;2;8;15;A01
201400041822;0;30;0;0;2;8;1;B01
201400041823;0;30;0;0;2;1;15;A01
201400041823;1;99;0;0;2;3;1;Z01
201400041824;0;7;0;0;0;4;0;A01
201400041824;0;7;0;0;2;1;2;B01
201400041825;0;7;0;0;2;1;1;A01
201400041825;0;7;0;0;2;4;1;B01
201400041825;0;7;0;0;0;4;1;C01
201400041826;0;7;0;0;2;1;2;A01
201400041826;0;7;0;0;2;4;2;B01
201400041827;0;7;0;0;0;2;0;A01
201400041828;0;7;0;0;1;1;0;A01
201400041829;0;7;0;0;1;1;0;A01
201400041830;0;7;0;0;1;1;1;A01
201400041831;0;7;0;0;1;2;1;A01
201400041832;0;10;0;0;2;8;15;A01
201400041832;0;33;0;0;2;7;15;B01
201400041833;0;7;0;1;0;1;0;A01
201400041833;0;7;0;0;0;0;0;B01
201400041834;2;7;0;0;1;1;1;A01
201400041835;0;7;0;0;2;5;0;A01
201400041835;1;3;0;0;0;0;0;B01
201400041836;0;7;0;0;1;4;4;A01
201400041837;0;7;0;0;1;2;1;A01
201400041838;0;7;0;0;1;1;9;A01
201400041839;0;7;0;0;2;7;12;A01
201400041839;0;33;0;0;2;1;2;B01
201400041840;0;7;0;0;1;0;0;A01
201400041841;0;7;0;12;5;9;0;A01
201400041842;0;7;0;0;1;0;0;A01
201400041843;0;7;0;0;0;1;1;A01
201400041843;0;7;0;0;0;6;1;B01
201400041844;0;7;0;0;0;0;0;A01
201400041844;0;7;0;0;0;0;0;B01
201400041845;0;7;0;0;2;1;9;A01
201400041845;0;7;0;0;2;1;1;B01
201400041846;0;7;0;0;2;6;1;A01
201400041846;0;30;0;0;2;1;11;B01
201400041847;0;7;0;0;2;1;15;A01
201400041847;0;30;0;0;0;0;0;B01
201400041848;0;7;0;0;2;3;10;A01
201400041848;0;7;0;0;0;1;1;B01
201400041849;0;30;0;0;1;3;1;A01
201400041850;0;7;0;0;2;3;1;A01
201400041850;0;7;0;0;0;0;1;C01
201400041851;0;7;0;0;2;1;2;A01
201400041851;0;7;0;0;0;4;0;B01
201400041852;0;7;0;0;1;7;0;A01
201400041853;0;7;0;0;1;1;0;A01
201400041854;0;7;0;0;2;1;0;A01
201400041854;0;7;0;0;0;5;15;B01
201400041855;0;7;0;0;0;1;0;A01
201400041855;0;7;0;0;0;8;0;B01