num_acc;senc;catv;occutc;obs;obsm;choc;manv;num_veh
201400041856;0;14;0;0;2;7;1;A01
201400041856;0;33;0;0;2;8;3;B01
201400041856;0;7;0;0;2;0;13;C01
201400041857;0;7;0;0;0;1;15;A01
201400041857;0;30;0;0;0;1;2;B01
201400041858;0;7;0;0;0;9;0;A01
201400041858;0;7;0;0;0;1;0;B01
201400041859;0;7;0;0;1;5;1;A01
201400041860;0;30;0;0;2;3;17;A01
201400041860;0;7;0;0;2;6;15;B01
201400041861;0;7;0;1;1;2;2;A01
201400041862;0;7;0;0;0;8;0;A01
201400041862;0;2;0;0;0;1;0;B01
201400041863;0;7;0;0;1;2;2;A01
201400041864;0;7;0;0;2;3;11;A01
201400041864;0;7;0;0;2;3;2;B01
201400041865;1;7;0;0;1;4;4;A01
201400041866;0;7;0;0;0;3;13;A01
201400041866;0;7;0;0;2;5;23;B01
201400041867;0;7;0;0;2;1;2;A01
201400041867;0;7;0;0;2;1;0;B01
201400041868;0;7;0;0;1;2;1;A01
201400041869;0;33;0;0;0;0;0;A01
201400041869;0;7;0;0;0;0;0;B01
201400041870;0;7;0;0;9;5;2;A01
201400041870;0;30;0;0;2;1;2;B01
201400041871;0;10;0;0;0;1;1;A01
201400041871;0;7;0;0;0;4;1;B01
201400041871;0;7;0;0;0;4;1;C01
201400041871;0;7;0;0;0;4;1;D01
201400041872;0;7;0;0;1;1;0;A01
201400041873;0;34;0;0;1;1;0;A01
201400041874;0;2;0;0;1;1;1;A01
201400041875;0;7;0;0;1;0;0;A01
201400041876;0;10;0;0;1;2;1;A01
201400041876;0;7;0;0;1;2;1;B01
201400041877;0;37;0;0;1;7;1;A01
201400041878;0;7;0;0;1;3;0;A01
201400041879;0;7;0;0;1;6;0;A01
201400041880;0;7;0;0;2;4;1;D01
201400041880;0;7;0;0;2;4;1;B01
201400041880;0;7;0;0;2;1;1;A01
201400041880;0;7;0;0;2;4;1;C01
201400041881;0;7;0;0;2;1;10;A01
201400041881;0;31;0;0;2;8;1;B01
201400041882;0;7;0;0;2;1;1;A01
201400041882;0;7;0;0;2;3;1;B01
201400041883;0;7;0;0;2;1;2;A01
201400041883;0;7;0;0;2;4;2;B01
201400041883;0;7;0;0;2;4;2;C01
201400041883;0;7;0;0;2;4;2;D01
201400041884;0;10;0;0;0;2;2;A01
201400041884;0;32;0;0;0;4;2;B01
201400041885;0;7;0;0;2;2;12;A01
201400041885;0;34;0;0;2;1;1;B01
201400041886;0;7;0;0;2;3;7;A01
201400041886;0;10;0;0;2;2;1;B01
201400041887;0;31;0;0;2;7;1;B01
201400041887;0;7;0;0;2;1;11;A01
201400041888;0;34;0;0;2;2;15;A01
201400041888;0;7;0;0;2;6;11;B01
201400041889;0;10;0;1;1;3;0;B01
201400041889;0;20;0;1;0;3;10;A01
201400041890;0;2;0;0;2;1;0;A01
201400041890;0;7;0;0;2;3;0;B01
201400041891;0;7;0;0;2;1;1;A01
201400041891;0;7;0;0;0;8;9;B01
201400041892;0;7;0;0;0;7;1;A01
201400041892;0;30;0;0;2;8;18;B01
201400041893;0;7;0;0;2;2;5;A01
201400041893;0;33;0;0;2;1;2;B01
201400041894;0;7;0;0;0;3;15;A01
201400041894;0;32;0;0;0;1;0;B01
201400041895;0;7;0;0;1;0;0;A01
201400041896;0;7;0;0;1;3;0;A01
201400041897;0;7;0;0;1;3;1;A01
201400041898;0;7;0;0;2;4;2;B01
201400041898;0;7;0;0;2;1;2;A01
201400041899;0;3;0;0;2;3;11;A01
201400041899;0;3;0;0;2;5;0;B01
201400041900;0;7;0;14;1;2;0;A01
201400041901;0;7;0;0;9;3;9;A01
201400041901;0;30;0;0;2;2;1;B01
201400041902;0;7;0;0;2;3;0;A01
201400041902;0;32;0;0;2;7;2;B01
201400041903;0;37;1;0;1;2;1;A01
201400041904;0;2;0;0;2;8;0;B01
201400041904;1;7;0;0;2;2;0;A01
201400041905;0;10;0;0;9;1;17;A01
201400041905;0;37;2;0;2;8;15;B01
201400041906;0;7;0;0;2;5;12;A01
201400041906;0;7;0;0;0;3;2;B01
201400041907;0;7;0;0;1;1;1;A01
201400041908;0;7;0;0;2;3;9;A01
201400041909;0;7;0;0;1;1;10;A01
201400041910;0;7;0;0;2;1;0;A01
201400041910;0;32;0;0;2;4;0;B01
201400041911;0;30;0;0;2;7;1;A01
201400041911;0;7;0;0;2;2;2;B01
201400041912;0;7;0;0;1;1;0;A01
201400041913;0;7;0;0;1;3;1;A01
201400041914;0;7;0;0;1;1;2;A01
201400041915;0;7;0;0;1;0;0;A01
201400041916;0;7;0;0;2;3;15;B01
201400041916;0;7;0;0;2;1;2;A01
201400041917;0;7;0;0;0;3;15;A01
201400041917;0;30;0;0;2;8;17;B01
201400041918;0;7;0;0;2;2;16;A01
201400041918;0;31;0;0;2;3;2;B01
201400041919;0;7;0;0;2;7;0;A01
201400041919;0;7;0;0;2;3;0;B01
201400041920;0;7;0;9;2;7;19;A01
201400041920;0;7;0;6;2;1;19;B01
201400041921;1;99;0;0;1;0;0;A01
201400041922;0;7;0;0;2;3;1;A01
201400041922;1;7;0;0;2;1;0;Y01
201400041923;0;7;0;0;2;1;19;B01
201400041923;0;7;0;0;2;6;19;A01
201400041924;0;99;0;0;2;2;17;A01
201400041924;0;99;0;0;0;3;15;B01
201400041925;0;99;0;0;1;1;16;A01
201400041926;0;7;0;8;2;2;13;A01
201400041926;0;7;0;1;0;3;0;B01
201400041927;0;2;0;0;2;1;17;A01
201400041927;0;3;0;0;2;8;13;B01
201400041928;0;7;0;6;2;2;0;A01
201400041928;0;7;0;0;2;2;13;B01
201400041929;0;33;0;1;0;1;0;A01
201400041930;0;7;0;0;2;7;1;B01
201400041930;0;7;0;0;2;1;9;A01
201400041931;0;7;0;0;2;4;2;A01
201400041931;0;33;0;0;2;1;6;B01
201400041932;0;7;0;0;1;1;15;A01
201400041933;0;7;0;0;0;3;1;B01
201400041933;0;7;0;0;0;2;1;A01
201400041934;0;7;0;0;0;3;0;A01
201400041934;0;33;0;0;0;1;0;B01
201400041935;0;7;0;0;2;1;1;A01
201400041935;0;7;0;0;2;4;2;B01
201400041936;0;36;0;0;2;5;17;A01
201400041936;0;7;0;0;2;2;0;B01
201400041937;0;7;0;0;2;7;0;A01
201400041937;0;7;0;9;2;3;0;B01
201400041938;0;7;0;0;1;2;1;A01
201400041939;0;7;0;0;1;3;1;A01
201400041940;0;7;0;0;0;1;0;A01
201400041940;0;7;0;0;0;4;1;B01
201400041941;1;7;0;0;0;0;0;A01
201400041941;0;7;0;0;0;3;15;B01
201400041942;0;7;0;0;1;3;0;A01
201400041943;0;7;0;0;2;8;22;A01
201400041943;0;7;0;1;0;2;1;B01
201400041944;0;7;0;0;2;1;0;B01
201400041944;0;7;0;0;2;3;10;A01
201400041945;0;32;0;0;2;8;1;A01
201400041945;0;7;0;0;2;5;15;B01
201400041945;0;7;0;0;2;3;24;C01
201400041946;0;7;0;0;1;3;2;A01
201400041947;0;7;0;0;2;2;15;A01
201400041947;0;32;0;0;2;0;1;B01
201400041948;0;7;0;0;2;2;9;A01
201400041948;1;7;0;0;0;0;0;B01
201400041949;0;7;0;16;0;1;1;A01
201400041950;0;7;0;0;2;2;20;A01
201400041950;0;7;0;0;2;6;1;B01
201400041951;0;7;0;0;2;7;1;B01
201400041951;0;7;0;0;2;1;1;A01
201400041952;0;7;0;0;2;3;1;A01
201400041952;1;30;0;0;2;0;3;B01
201400041953;0;7;0;0;2;3;0;A01
201400041953;0;7;0;8;2;8;2;B01
201400041954;0;33;0;0;2;1;0;A01
201400041954;0;7;0;0;0;5;1;B01
201400041955;0;30;0;0;2;3;1;A01
201400041955;0;7;0;0;2;2;1;B01
201400041956;0;7;0;0;1;3;2;A01
201400041957;0;30;0;0;2;1;17;A01
201400041957;0;2;0;0;2;1;0;B01
201400041958;0;3;0;0;0;5;4;A01
201400041958;0;32;0;0;2;7;12;B01
201400041959;0;1;0;0;0;0;0;B01
201400041959;1;7;0;0;0;0;0;A01
201400041960;0;7;0;0;2;1;1;B01
201400041960;0;7;0;0;0;2;1;A01
201400041961;1;7;0;0;1;1;1;A01
201400041962;0;2;0;0;5;1;1;A01
201400041963;0;34;0;0;1;1;2;A01
201400041964;0;7;0;12;0;1;1;A01
201400041965;0;7;0;0;1;1;2;A01
201400041966;0;33;0;0;2;1;21;A01
201400041966;0;7;0;0;2;3;16;B01
201400041967;0;7;0;0;0;2;0;A01
201400041967;0;2;0;0;2;9;13;B01
201400041968;0;33;0;0;0;1;1;A01
201400041968;0;7;0;0;0;3;2;B01
201400041969;0;7;0;0;2;1;2;A01
201400041969;0;7;0;0;2;4;2;B01
201400041969;0;7;0;0;0;4;2;C01
201400041970;0;1;0;0;2;1;19;B01
201400041970;0;7;0;0;9;1;1;A01
201400041971;0;7;0;0;0;1;2;A01
201400041971;0;7;0;0;0;8;0;B01
201400041972;0;7;0;0;1;1;1;A01
201400041973;0;7;0;0;0;1;16;A01
201400041973;0;7;0;0;0;3;1;B01
201400041974;1;7;0;0;9;8;2;A01
201400041974;0;1;0;0;0;8;2;B01
201400041975;0;7;0;0;2;1;15;A01
201400041975;0;1;0;0;2;1;1;B01
201400041976;0;7;0;0;1;2;1;A01
201400041977;0;7;0;0;2;6;1;B01
201400041977;0;10;0;0;2;2;1;A01
201400041978;0;33;0;0;2;8;21;B01
201400041978;0;7;0;0;2;5;19;A01
201400041979;0;7;0;0;2;5;0;B01
201400041979;0;7;0;0;2;1;0;A01
201400041980;0;7;0;0;1;1;19;A01
201400041981;0;7;0;0;0;1;0;A01
201400041981;0;7;0;0;0;8;0;B01
201400041982;0;7;0;0;2;7;15;A01
201400041982;0;7;0;0;2;1;2;B01
201400041983;0;7;0;0;2;2;2;A01
201400041983;0;7;0;0;0;6;2;B01
201400041984;0;7;0;6;0;1;1;A01
201400041985;0;7;0;0;2;1;5;A01
201400041985;0;7;0;0;2;3;1;B01
201400041986;0;7;0;6;0;3;2;A01
201400041987;0;34;0;0;2;7;1;A01
201400041987;0;7;0;0;2;7;15;B01
201400041988;0;7;0;0;2;1;17;A01
201400041988;0;37;8;0;2;1;1;B01
201400041989;0;7;0;0;0;1;2;A01
201400041990;0;7;0;0;1;1;1;A01
201400041991;0;7;0;6;0;1;1;A01
201400041992;0;7;0;0;1;1;1;A01
201400041993;0;7;0;0;2;1;13;A01
201400041993;0;7;0;0;2;1;0;B01
201400041994;0;32;0;0;0;8;1;A01
201400041995;0;7;0;0;2;3;2;A01
201400041995;0;7;0;0;2;4;0;B01
201400041996;0;7;0;2;2;6;17;A01
201400041996;0;7;0;0;2;1;1;B01
201400041997;0;7;0;0;2;1;1;A01
201400041997;0;7;0;0;0;4;0;B01
201400041998;0;2;0;0;2;1;1;B01
201400041998;0;7;0;0;2;3;9;A01
201400041999;0;7;0;8;2;1;3;A01
201400041999;0;31;0;0;2;3;1;B01
201400041999;0;7;0;1;2;6;1;C01
201400041999;0;7;0;0;2;3;0;D01
201400042000;0;7;0;0;2;1;19;A01
201400042000;0;7;0;0;2;2;9;B01
201400042001;1;7;0;0;2;1;17;A01
201400042001;0;7;0;1;2;3;11;B01
201400042002;2;7;0;0;2;1;0;A01
201400042002;0;7;0;0;2;8;19;B01
201400042003;0;2;0;0;2;0;0;A01
201400042003;0;7;0;0;2;3;0;B01
201400042004;0;2;0;15;2;2;15;A01
201400042004;0;7;0;0;2;2;1;B01
201400042005;0;2;0;0;2;1;2;A01
201400042005;0;10;0;0;0;4;2;B01
201400042006;0;7;0;1;0;1;0;A01
201400042007;0;7;0;0;2;3;10;A01
201400042007;0;2;0;0;2;1;1;B01
201400042008;0;7;0;0;2;1;2;A01
201400042008;0;7;0;0;0;4;2;B01
201400042009;0;7;0;0;2;1;11;B01
201400042009;1;7;0;0;2;2;5;Z01
201400042010;0;7;0;0;0;6;15;A01
201400042010;0;2;0;0;2;1;0;B01
201400042011;0;7;0;0;0;7;0;B01
201400042011;0;7;0;0;0;8;0;C01
201400042011;0;2;0;0;2;0;0;A01
201400042012;0;7;0;0;2;3;2;A01
201400042012;0;10;0;0;0;4;2;B01
201400042013;0;7;0;0;2;7;9;A01
201400042013;0;2;0;0;2;1;1;B01
201400042014;0;7;0;0;1;1;0;A01
201400042015;0;7;0;1;2;1;1;A01
201400042015;0;7;0;1;0;1;1;B01
201400042016;0;7;0;0;2;5;15;A01
201400042016;0;7;0;0;2;1;1;B01
201400042016;0;7;0;0;2;1;23;C01
201400042017;0;7;0;0;1;7;2;A01
201400042018;0;10;0;0;1;1;2;A01
201400042019;0;7;0;0;1;2;1;A01
201400042020;0;7;0;0;1;3;1;A01
201400042021;0;7;0;0;2;1;1;A01
201400042021;0;7;0;0;0;8;1;B01
201400042022;0;7;0;0;1;6;1;A01
201400042023;2;7;0;6;0;0;0;A01
201400042024;0;7;0;0;1;1;0;A01
201400042025;0;7;0;0;0;1;10;A01
201400042025;0;34;0;0;0;8;1;B01
201400042026;0;7;0;0;2;1;9;A01
201400042026;0;7;0;0;2;2;1;B01
201400042027;0;7;0;0;2;6;9;A01
201400042027;0;34;0;0;2;1;2;B01
201400042028;0;7;0;0;0;4;0;B01
201400042028;0;7;0;0;2;1;1;A01
201400042029;0;7;0;0;2;8;2;A01
201400042029;0;32;0;0;2;1;2;B01
201400042030;0;2;0;0;2;1;2;A01
201400042030;0;34;0;0;2;2;14;B01
201400042031;0;7;0;0;2;2;1;A01
201400042031;0;7;0;0;2;8;2;B01
201400042032;0;7;0;0;2;1;2;B01
201400042032;0;7;0;0;0;4;2;C01
201400042032;1;7;0;0;2;1;2;A01
201400042033;0;7;0;0;1;1;1;A01
201400042034;1;7;0;0;1;7;16;A01
201400042035;0;7;0;0;1;2;0;A01
201400042036;0;7;0;0;2;1;2;A01
201400042036;0;7;0;0;2;4;16;B01
201400042037;0;10;0;0;0;1;2;A01
201400042037;0;7;0;0;0;4;2;B01
201400042038;0;7;0;0;0;8;11;A01
201400042038;0;32;0;0;0;7;1;B01
201400042039;0;7;0;12;2;1;1;A01
201400042039;0;7;0;0;2;1;1;B01
201400042040;0;15;0;0;1;3;0;A01
201400042041;0;7;0;0;0;5;16;A01
201400042041;0;33;0;0;2;1;1;B01
201400042042;0;7;0;0;1;1;17;A01
201400042043;0;7;0;0;1;1;11;A01
201400042044;0;7;0;0;1;1;2;A01
201400042045;0;7;0;0;2;1;2;A01
201400042045;0;7;0;0;2;4;2;B01
201400042046;0;30;0;0;2;1;1;A01
201400042046;0;7;0;0;2;3;6;B01
201400042047;0;7;0;1;0;7;2;A01
201400042048;1;30;0;0;1;2;2;A01
201400042049;2;30;0;0;2;1;1;A01
201400042049;0;7;0;0;2;1;1;B01
201400042050;0;7;0;1;0;1;0;A01
201400042051;1;7;0;0;2;8;0;A01
201400042051;0;7;0;0;2;8;9;B01
201400042052;1;99;0;0;2;0;0;B01
201400042052;1;7;0;0;2;0;0;A01
201400042053;0;7;0;0;2;1;17;A01
201400042053;0;7;0;0;2;6;1;B01
201400042054;0;7;0;0;0;7;10;A01
201400042054;0;7;0;0;0;1;1;B01
201400042055;0;7;0;1;0;1;2;A01
201400042056;0;7;0;0;2;2;15;A01
201400042056;0;7;0;0;2;1;1;B01
201400042057;0;7;0;0;9;5;1;A01
201400042057;0;1;0;0;2;1;19;B01
201400042058;0;7;0;0;9;1;15;A01
201400042058;0;1;0;0;2;8;0;B01
201400042059;0;7;0;12;2;2;1;A01
201400042059;0;7;0;0;2;6;1;B01
201400042059;0;10;0;0;0;4;1;C01
201400042060;0;7;0;0;2;8;11;A01
201400042060;0;33;0;0;2;2;1;B01
201400042061;0;7;0;0;1;1;0;A01
201400042062;1;7;0;0;2;2;1;A01
201400042062;0;1;0;0;2;6;19;B01
201400042063;0;34;0;0;2;2;2;A01
201400042063;0;7;0;0;2;2;15;B01
201400042064;0;7;0;0;1;1;2;A01
201400042065;0;2;0;0;2;1;1;A01
201400042065;0;7;0;0;2;8;1;B01
201400042066;0;33;0;0;2;7;2;B01
201400042066;0;7;0;0;2;1;15;A01
201400042067;2;7;0;3;0;1;0;A01
201400042068;0;31;0;0;1;1;1;A01
201400042069;0;7;0;0;2;1;1;B01
201400042069;0;7;0;0;2;1;15;A01
201400042070;0;7;0;0;0;1;2;B01
201400042070;0;7;0;0;0;5;1;A01
201400042071;0;7;0;0;1;2;1;A01
201400042072;0;7;0;0;0;1;2;A01
201400042072;0;7;0;0;0;5;2;B01
201400042072;0;7;0;0;0;4;2;C01
201400042073;0;7;0;0;2;2;0;A01
201400042073;0;30;0;0;2;6;7;B01
201400042074;0;7;0;0;2;1;1;A01
201400042074;0;7;0;0;2;2;1;B01
201400042075;0;7;0;0;1;1;0;A01
201400042076;0;7;0;0;2;1;1;A01
201400042076;0;7;0;0;2;8;1;B01
201400042077;0;33;0;9;0;1;0;A01
201400042078;1;10;0;0;2;2;1;A01
201400042078;0;7;0;0;2;8;9;B01
201400042079;0;7;0;0;2;1;2;A01
201400042079;0;2;0;0;2;8;2;B01
201400042080;0;10;0;2;0;3;2;A01
201400042081;0;10;0;0;2;3;11;A01
201400042081;0;7;0;8;2;2;2;B01
201400042082;0;7;0;0;2;1;2;A01
201400042082;0;7;0;0;2;4;2;B01
201400042082;0;7;0;0;2;4;2;C01
201400042083;0;3;0;0;2;2;9;B01
201400042083;1;7;0;0;2;0;16;A01
201400042084;0;7;0;0;1;5;1;A01
201400042085;0;7;0;0;2;3;10;A01
201400042085;0;30;0;0;2;1;17;B01
201400042086;0;7;0;15;0;1;2;A01
201400042087;1;7;0;0;2;1;0;A01
201400042087;0;34;0;0;0;4;0;B01
201400042088;0;30;0;4;0;3;9;A01
201400042089;0;7;0;0;1;3;1;A01
201400042090;0;37;20;0;0;0;0;A01
201400042091;1;7;0;0;1;5;4;Z01
201400042092;0;7;0;0;2;2;5;A01
201400042092;0;30;0;0;2;1;3;B01
201400042093;0;7;0;0;1;1;0;A01
201400042094;0;7;0;0;1;1;1;A01
201400042095;0;7;0;0;1;2;0;A01
201400042096;0;7;0;0;2;1;2;B01
201400042096;0;7;0;0;2;7;1;C01
201400042096;0;7;0;0;2;2;2;A01
201400042097;0;7;0;0;1;3;0;A01
201400042098;0;30;0;0;0;0;1;A01
201400042099;0;7;0;0;2;1;2;A01
201400042099;0;7;0;0;2;4;2;B01
201400042100;0;34;0;0;0;7;17;A01
201400042100;0;7;0;0;0;3;15;B01
201400042101;1;7;0;0;2;0;0;A01
201400042101;0;1;0;0;2;1;0;B01
201400042102;0;13;0;0;1;8;1;A01
201400042103;0;2;0;0;2;3;1;A01
201400042103;0;7;0;0;2;2;15;B01
201400042104;0;7;0;0;1;4;4;A01
201400042105;0;40;0;0;1;3;1;A01
201400042106;0;10;0;0;2;4;4;A01
201400042106;0;34;0;0;2;1;23;B01
201400042107;0;7;0;0;1;3;1;A01
201400042108;0;10;0;0;1;2;1;A01
201400042109;1;7;0;0;1;3;0;Z01
201400042110;0;10;0;0;0;6;23;A01
201400042110;0;7;0;1;1;2;2;B01
201400042111;0;7;0;0;0;2;16;A01
201400042111;0;33;0;0;0;8;16;B01
201400042112;0;7;0;0;2;1;1;A01
201400042112;0;7;0;0;2;3;1;B01
201400042113;0;7;0;8;0;1;15;A01
201400042114;0;7;0;0;1;8;1;A01
201400042115;0;2;0;0;0;0;0;A01
201400042116;2;7;0;4;0;3;1;A01
201400042117;0;7;0;0;1;1;0;A01
201400042118;0;34;0;0;1;1;1;A01
201400042119;0;7;0;0;1;3;1;A01
201400042120;1;7;0;0;1;1;16;A01
201400042121;1;7;0;0;0;0;0;A01
201400042121;0;7;0;0;0;4;1;B01
201400042121;0;7;0;0;2;1;1;C01
201400042121;0;7;0;0;2;1;1;D01
201400042121;0;7;0;0;2;1;1;E01
201400042122;0;7;0;0;1;5;4;A01
201400042123;0;7;0;0;1;1;0;A01
201400042124;0;7;0;0;2;3;0;A01
201400042124;0;7;0;0;2;3;1;B01
201400042125;0;7;0;8;2;7;1;A01
201400042125;0;7;0;0;2;1;9;B01
201400042126;0;7;0;0;0;1;13;A01
201400042126;0;7;0;0;0;8;1;B01
201400042126;0;7;0;0;0;4;1;C01
201400042127;0;7;0;11;0;3;1;A01
201400042128;0;7;0;0;2;4;4;A01
201400042128;0;7;0;0;2;1;1;B01
201400042129;0;7;0;0;1;3;1;A01
201400042130;0;7;0;0;2;8;1;B01
201400042130;0;7;0;0;2;1;1;A01
201400042131;0;7;0;0;1;3;2;A01
201400042132;0;30;0;0;2;3;1;A01
201400042132;0;10;0;0;2;3;5;B01
201400042133;0;7;0;0;1;2;1;A01
201400042134;0;30;0;0;2;4;2;A01
201400042134;0;7;0;0;0;4;2;B01
201400042135;0;7;0;0;2;3;6;A01
201400042135;0;31;0;0;2;1;1;B01
201400042136;0;7;0;0;1;1;1;A01
201400042137;0;7;0;0;2;4;1;A01
201400042137;1;7;0;0;2;1;2;Z01
201400042138;0;34;0;0;2;1;17;A01
201400042138;0;14;0;0;0;8;15;B01
201400042139;1;7;0;0;1;1;0;A01
201400042140;0;33;0;0;2;1;1;B01
201400042140;0;7;0;0;2;3;10;A01
201400042141;0;34;0;0;2;1;1;A01
201400042141;0;7;0;0;2;2;16;B01
201400042142;0;34;0;0;2;1;1;A01
201400042142;0;7;0;0;0;2;1;B01
201400042143;0;10;0;0;1;1;1;A01
201400042144;0;7;0;8;2;3;2;B01
201400042144;0;7;0;0;2;6;10;A01
201400042145;0;33;0;1;0;1;0;A01
201400042146;0;33;0;1;0;7;1;A01
201400042147;0;7;0;0;2;3;11;A01
201400042147;0;30;0;0;2;3;21;B01
201400042148;0;34;0;0;2;3;1;B01
201400042148;0;7;0;0;2;3;9;A01
201400042149;0;7;0;0;1;8;1;A01
201400042150;0;7;0;0;1;1;0;A01
201400042151;0;7;0;0;2;1;0;B01
201400042151;0;7;0;0;2;8;0;A01
201400042152;0;7;0;0;2;6;10;A01
201400042152;0;32;0;0;2;1;1;B01
201400042153;0;7;0;0;2;1;2;A01
201400042153;0;7;0;0;0;4;2;B01
201400042154;0;7;0;0;0;2;10;A01
201400042154;0;33;0;0;0;3;2;B01
201400042155;0;7;0;0;2;1;1;A01
201400042155;0;1;0;0;0;4;1;B01
201400042156;0;7;0;0;2;2;1;A01
201400042156;0;7;0;0;2;6;1;B01
201400042157;1;7;0;0;1;2;1;Z01
201400042158;0;33;0;0;2;1;2;B01
201400042158;0;10;0;0;2;3;9;A01
201400042159;0;7;0;0;2;7;15;A01
201400042159;0;33;0;0;2;1;2;B01
201400042160;0;31;0;0;2;1;1;A01
201400042160;0;7;0;0;2;1;17;B01
201400042161;0;7;0;0;0;2;10;A01
201400042161;0;30;0;0;2;3;2;B01
201400042162;0;7;0;1;0;2;0;A01
201400042163;0;7;0;0;2;3;2;A01
201400042163;0;2;0;0;2;3;9;B01
201400042164;0;1;0;1;2;2;19;A01
201400042164;0;7;0;1;2;3;1;B01
201400042165;0;7;0;0;1;1;1;A01
201400042166;0;10;0;0;2;3;0;A01
201400042166;0;7;0;0;2;7;15;B01
201400042167;0;7;0;0;1;2;0;A01
201400042168;0;3;0;0;2;3;20;A01
201400042168;0;33;0;0;2;2;2;B01
201400042169;0;7;0;0;2;1;1;A01
201400042169;0;7;0;0;2;3;2;B01
201400042170;0;7;0;0;1;3;0;A01
201400042171;0;10;0;0;0;6;1;A01
201400042172;0;7;0;0;2;8;1;A01
201400042172;0;7;0;0;2;1;1;B01
201400042173;0;10;0;0;0;4;23;A01
201400042173;0;7;0;0;2;1;16;B01
201400042174;0;7;0;0;2;1;1;A01
201400042174;0;7;0;0;2;4;1;B01
201400042175;0;14;0;0;0;1;23;A01
201400042175;0;1;0;0;2;8;19;B01
201400042176;0;33;0;0;2;3;1;A01
201400042176;0;7;0;0;0;3;15;B01
201400042177;0;7;0;0;1;1;13;A01
201400042178;0;7;0;0;1;8;0;A01
201400042179;0;7;0;0;2;3;1;B01
201400042179;0;7;0;0;2;2;1;A01
201400042180;0;7;0;0;1;5;20;A01
201400042181;0;7;0;0;2;1;0;A01
201400042181;0;7;0;0;2;8;15;B01
201400042182;0;7;0;0;1;6;1;A01
201400042183;0;7;0;0;1;3;0;A01
201400042184;0;10;0;0;2;6;2;A01
201400042184;0;2;0;0;2;1;2;B01
201400042185;0;14;0;4;0;2;0;A01
201400042186;0;7;0;15;2;1;1;A01
201400042186;0;7;0;15;2;2;2;B01
201400042187;0;2;0;12;0;5;0;A01
201400042187;0;7;0;0;0;3;1;B01
201400042188;0;30;0;0;2;1;0;A01
201400042188;1;7;0;0;2;1;0;Z01
201400042189;0;7;0;0;2;1;2;B01
201400042189;0;7;0;0;2;8;9;A01
201400042190;0;7;0;0;1;3;15;A01
201400042191;0;7;0;0;2;1;0;A01
201400042191;0;7;0;0;2;7;0;B01
201400042192;0;7;0;0;1;1;0;A01
201400042193;0;7;0;0;2;4;0;A01
201400042193;1;7;0;0;0;0;0;Z01
201400042194;0;7;0;0;2;2;9;A01
201400042194;0;33;0;0;0;4;1;B01
201400042195;0;7;0;0;0;3;1;A01
201400042195;0;37;0;0;0;3;1;B01
201400042196;0;7;0;0;1;2;2;A01
201400042197;0;3;0;0;2;8;0;B01
201400042197;0;3;0;0;2;1;1;A01
201400042198;0;33;0;0;1;0;0;A01
201400042198;0;7;0;0;0;6;0;B01
201400042199;0;7;0;8;0;1;0;A01
201400042200;0;7;0;0;1;1;17;A01
201400042201;0;10;0;0;0;1;2;A01
201400042201;0;7;0;12;0;8;16;B01
201400042202;0;3;0;0;1;2;1;A01
201400042203;0;7;0;0;1;0;1;A01
201400042204;0;7;0;0;1;1;16;A01
201400042205;0;7;0;0;1;4;2;A01
201400042206;0;7;0;0;2;3;15;A01
201400042206;0;33;0;0;2;7;2;B01
201400042207;0;7;0;0;2;2;10;A01
201400042207;0;33;0;0;2;1;1;B01
201400042208;0;7;0;0;1;1;0;A01
201400042209;0;30;0;0;2;1;1;A01
201400042209;0;7;0;0;2;4;1;B01
201400042210;0;30;0;0;0;4;23;A01
201400042210;0;7;0;14;0;1;1;B01
201400042211;0;1;0;0;2;8;1;A01
201400042211;0;7;0;0;9;1;15;B01
201400042212;0;7;0;0;2;1;1;A01
201400042212;0;7;0;0;2;3;1;B01
201400042213;0;31;0;0;2;8;2;A01
201400042214;0;7;0;0;2;3;1;B01
201400042214;0;7;0;0;2;2;15;A01
201400042215;0;7;0;0;2;1;2;A01
201400042215;0;7;0;0;2;4;23;B01
201400042215;0;7;0;0;2;4;23;C01
201400042216;0;34;0;0;2;7;1;A01
201400042216;0;7;0;0;2;1;15;B01
201400042217;0;10;0;0;0;2;2;A01
201400042217;0;3;0;0;0;4;2;B01
201400042218;0;7;0;0;1;1;1;A01
201400042219;0;7;0;0;2;1;2;B01
201400042219;0;7;0;0;2;5;1;A01
201400042220;0;33;0;0;2;1;1;A01
201400042220;0;7;0;0;2;1;9;B01
201400042221;0;33;0;0;2;1;2;A01
201400042221;0;7;0;0;2;3;15;B01
201400042222;0;7;0;0;1;2;1;A01
201400042223;0;33;0;1;0;1;0;A01
201400042223;0;7;0;0;0;4;1;B01
201400042224;0;7;0;0;2;1;1;B01
201400042224;0;7;0;0;0;7;9;A01
201400042225;0;3;0;0;9;3;15;A01
201400042225;0;32;0;0;2;1;1;B01
201400042226;0;7;0;0;2;7;1;A01
201400042226;0;30;0;0;2;8;11;B01
201400042227;0;7;0;1;1;3;1;A01
201400042228;0;7;0;0;2;7;1;B01
201400042228;0;7;0;0;2;1;1;A01
201400042229;0;33;0;0;2;1;1;A01
201400042229;0;10;0;0;2;3;16;B01
201400042230;0;7;0;0;1;7;11;A01
201400042231;0;33;0;0;1;1;1;A01
201400042232;0;10;0;0;2;8;11;A01
201400042232;0;33;0;0;2;8;1;B01
201400042233;0;7;0;0;1;1;0;A01