num_acc;senc;catv;occutc;obs;obsm;choc;manv;num_veh
201400042234;0;7;0;0;2;4;2;A01
201400042234;1;7;0;0;2;1;2;B01
201400042235;0;7;0;0;1;8;1;A01
201400042236;0;7;0;0;2;1;1;A01
201400042236;0;1;0;0;2;4;15;B01
201400042237;1;7;0;0;1;2;1;Z01
201400042238;0;7;0;0;9;2;1;A01
201400042238;0;1;0;0;2;3;3;B01
201400042239;0;1;0;0;2;0;17;B01
201400042240;0;7;0;0;1;2;1;A01
201400042241;0;7;0;0;1;3;15;A01
201400042242;0;10;0;0;1;2;1;A01
201400042243;0;7;0;0;2;3;0;A01
201400042243;0;30;0;0;2;1;0;B01
201400042244;0;32;0;0;2;1;1;B01
201400042244;0;10;0;0;2;7;15;A01
201400042245;0;7;0;0;2;2;1;A01
201400042245;0;7;0;0;2;6;10;B01
201400042246;0;7;0;0;1;3;1;A01
201400042247;0;7;0;0;2;1;1;A01
201400042247;0;7;0;0;2;5;11;B01
201400042248;0;3;0;0;0;1;15;A01
201400042248;0;3;0;0;0;8;1;B01
201400042249;0;7;0;0;1;0;0;A01
201400042250;0;7;0;0;1;1;1;A01
201400042251;0;7;0;0;2;2;9;A01
201400042251;0;33;0;0;2;3;1;B01
201400042252;0;33;0;0;0;8;0;A01
201400042253;0;7;0;0;0;3;15;A01
201400042253;0;30;0;0;2;3;1;B01
201400042254;0;3;0;4;2;3;2;A01
201400042255;0;7;0;8;0;7;1;A01
201400042256;0;7;0;0;1;1;1;A01
201400042257;0;33;0;0;2;1;2;A01
201400042257;0;7;0;0;2;4;2;B01
201400042258;0;33;0;0;0;7;11;A01
201400042258;1;7;0;0;0;0;0;Z01
201400042259;0;34;0;0;2;1;17;A01
201400042259;0;7;0;0;0;6;12;B01
201400042260;0;37;0;0;0;3;5;A01
201400042260;0;33;0;0;0;1;5;B01
201400042261;1;2;0;0;1;0;0;Z01
201400042262;0;7;0;0;1;1;0;A01
201400042263;0;7;0;0;2;8;0;A01
201400042263;0;32;0;0;2;7;2;B01
201400042264;1;7;0;0;1;0;16;Z01
201400042265;0;7;0;8;2;5;0;A01
201400042265;0;7;0;0;2;2;18;B01
201400042266;0;7;0;0;2;3;0;A01
201400042266;0;7;0;0;2;2;1;B01
201400042267;0;36;0;0;2;8;1;A01
201400042267;0;7;0;0;2;2;19;B01
201400042268;0;3;0;0;1;2;1;A01
201400042269;0;7;0;0;2;3;10;A01
201400042269;0;7;0;0;2;2;1;B01
201400042270;0;7;0;0;2;1;1;A01
201400042270;0;7;0;4;0;4;1;B01
201400042271;0;7;0;0;2;2;1;A01
201400042271;0;7;0;0;2;3;1;B01
201400042272;1;99;0;0;1;1;1;A01
201400042273;0;7;0;0;0;1;2;A01
201400042273;0;3;0;0;0;4;1;B01
201400042274;0;7;0;9;0;1;1;A01
201400042275;0;3;0;0;0;3;9;B01
201400042275;0;3;0;0;0;1;9;A01
201400042276;0;7;0;0;2;8;2;A01
201400042276;0;7;0;0;2;8;1;B01
201400042277;0;10;0;0;2;1;2;A01
201400042277;0;10;0;0;2;1;0;B01
201400042278;0;37;2;0;2;8;1;A01
201400042278;0;37;1;0;2;6;1;B01
201400042278;0;30;0;0;2;1;17;C01
201400042279;0;1;0;0;2;0;0;B01
201400042279;0;7;0;0;2;1;1;A01
201400042280;0;7;0;0;2;1;11;A01
201400042280;0;7;0;0;2;3;1;B01
201400042281;0;7;0;0;1;8;1;A01
201400042282;0;7;0;0;2;1;3;A01
201400042282;0;14;0;0;0;3;11;B01
201400042283;0;7;0;0;2;4;1;A01
201400042283;2;7;0;0;2;1;2;Z01
201400042284;0;7;0;0;2;1;1;A01
201400042284;0;7;0;0;2;2;1;B01
201400042284;0;7;0;0;2;6;1;C01
201400042285;0;7;0;0;2;2;1;B01
201400042285;0;7;0;0;2;1;15;A01
201400042286;0;7;0;0;2;2;15;A01
201400042286;0;33;0;0;2;1;1;B01
201400042287;0;37;0;0;1;7;2;A01
201400042288;0;34;0;0;0;3;1;A01
201400042288;0;7;0;0;2;2;9;B01
201400042289;0;7;0;0;1;3;1;A01
201400042290;0;30;0;0;2;1;1;B01
201400042290;0;7;0;0;2;2;17;A01
201400042291;1;2;0;0;1;1;0;A01
201400042292;0;7;0;0;2;2;2;A01
201400042292;0;33;0;0;2;4;16;B01
201400042293;0;34;0;0;2;1;17;A01
201400042293;0;7;0;0;0;8;15;B01
201400042294;0;10;0;0;2;1;1;A01
201400042294;0;7;0;0;2;4;2;B01
201400042295;1;99;0;0;1;0;0;Z01
201400042296;0;33;0;0;2;1;0;A01
201400042296;0;7;0;0;2;1;15;B01
201400042297;0;7;0;0;2;2;1;B01
201400042297;2;32;0;0;2;1;5;A01
201400042298;0;33;0;0;2;1;1;B01
201400042298;0;7;0;0;2;3;1;A01
201400042299;0;7;0;0;2;0;15;A01
201400042299;0;30;0;0;2;1;1;B01
201400042300;0;7;0;0;2;1;15;A01
201400042300;0;30;0;0;2;8;1;B01
201400042301;0;7;0;0;0;1;5;A01
201400042301;0;7;0;0;0;1;0;B01
201400042301;0;7;0;0;0;1;0;C01
201400042302;0;7;0;0;1;1;15;A01
201400042303;0;1;0;0;1;8;19;A01
201400042304;0;7;0;0;0;8;2;A01
201400042304;0;33;0;0;0;7;2;B01
201400042305;0;15;0;0;2;3;1;A01
201400042305;0;7;0;0;2;8;15;B01
201400042306;0;3;0;0;0;2;15;A01
201400042306;0;2;0;0;0;1;1;B01
201400042307;0;7;0;8;0;1;16;A01
201400042308;0;7;0;0;1;2;2;A01
201400042309;0;7;0;0;1;1;1;A01
201400042310;0;7;0;0;0;1;1;A01
201400042310;0;2;0;0;0;1;1;B01
201400042311;0;7;0;0;2;1;15;A01
201400042311;0;33;0;0;2;1;1;B01
201400042312;0;7;0;0;1;4;4;A01
201400042313;0;7;0;0;1;1;1;A01
201400042314;0;7;0;0;1;3;0;A01
201400042315;0;7;0;0;1;1;15;A01
201400042316;0;7;0;0;1;3;16;A01
201400042317;0;7;0;0;2;7;15;A01
201400042317;0;33;0;0;2;1;1;B01
201400042318;0;7;0;0;2;7;15;B01
201400042318;1;7;0;0;2;1;1;Z01
201400042319;0;31;0;0;1;0;1;A01
201400042320;0;3;0;0;2;3;9;A01
201400042320;0;7;0;0;2;2;0;B01
201400042321;0;7;0;0;1;0;0;A01
201400042322;0;7;0;0;2;1;2;A01
201400042322;0;7;0;0;2;4;0;B01
201400042323;1;7;0;0;1;7;1;A01
201400042324;0;7;0;0;0;5;23;A01
201400042324;0;2;0;0;0;1;2;B01
201400042325;0;7;0;0;1;1;1;A01
201400042326;0;7;0;0;9;2;9;A01
201400042326;0;33;0;1;2;1;1;B01
201400042327;0;7;0;0;2;6;10;A01
201400042327;0;7;0;0;2;3;0;B01
201400042328;0;33;0;0;1;1;1;A01
201400042329;0;33;0;0;1;3;3;A01
201400042330;0;10;0;0;0;0;0;A01
201400042330;0;7;0;0;0;3;0;B01
201400042331;0;1;0;0;0;0;0;A01
201400042331;0;7;0;0;0;0;0;B01
201400042332;0;7;0;0;2;7;15;A01
201400042332;0;7;0;0;2;1;1;B01
201400042333;1;7;0;0;1;1;0;A01
201400042334;0;7;0;6;0;1;2;A01
201400042335;0;7;0;0;1;2;2;A01
201400042336;0;7;0;0;1;2;2;A01
201400042337;0;34;0;0;2;2;5;A01
201400042337;0;10;0;0;2;6;15;B01
201400042338;0;30;0;0;0;1;1;A01
201400042338;0;7;0;0;2;5;12;B01
201400042339;0;7;0;0;2;1;2;A01
201400042339;0;30;0;0;2;4;2;B01
201400042340;0;7;0;0;2;1;0;B01
201400042340;0;7;0;0;2;2;1;A01
201400042341;0;7;0;0;1;1;1;A01
201400042342;0;33;0;0;2;7;1;A01
201400042342;0;7;0;0;2;7;15;B01
201400042343;0;7;0;0;0;3;11;A01
201400042343;0;34;0;0;0;0;15;B01
201400042344;0;7;0;1;0;3;1;A01
201400042345;1;7;0;0;2;0;0;A01
201400042345;0;13;0;0;2;1;15;B01
201400042346;0;7;0;0;0;0;2;A01
201400042346;0;33;0;0;2;9;3;B01
201400042346;0;7;0;0;2;1;1;C01
201400042347;0;30;0;0;2;5;18;A01
201400042347;0;99;0;0;0;5;15;B01
201400042348;0;7;0;0;2;1;2;A01
201400042348;0;33;0;0;2;4;23;B01
201400042349;0;30;0;0;0;0;17;A01
201400042350;0;2;0;0;2;1;1;B01
201400042350;0;7;0;0;2;3;1;A01
201400042351;0;10;0;1;0;8;13;A01
201400042352;0;7;0;0;2;5;13;A01
201400042352;0;7;0;0;0;5;23;B01
201400042353;0;7;0;0;1;3;15;A01
201400042354;0;32;0;0;2;5;17;A01
201400042354;0;7;0;0;2;6;23;B01
201400042354;0;7;0;0;2;0;1;C01
201400042355;0;30;0;0;0;1;2;A01
201400042355;0;99;0;0;0;4;23;B01
201400042356;1;7;0;0;1;1;0;A01
201400042357;0;7;0;0;2;2;0;A01
201400042357;0;7;0;0;2;3;0;B01
201400042358;0;2;0;0;2;7;1;B01
201400042358;0;33;0;0;2;1;1;A01
201400042359;0;10;0;0;1;2;1;A01
201400042360;0;2;0;0;2;7;2;A01
201400042360;0;7;0;0;2;6;2;B01
201400042361;0;33;0;0;0;8;0;A01
201400042362;0;7;0;0;1;3;1;A01
201400042363;1;7;0;0;1;1;5;A01
201400042364;0;7;0;0;2;3;15;A01
201400042364;0;33;0;0;2;8;1;B01
201400042365;0;31;0;0;2;7;17;A01
201400042365;0;7;0;0;2;2;15;B01
201400042366;0;7;0;0;0;8;4;A01
201400042366;0;34;0;0;2;1;1;B01
201400042367;0;7;0;0;2;3;11;A01
201400042367;0;34;0;0;2;7;3;B01
201400042368;0;7;0;0;2;1;5;A01
201400042368;0;7;0;0;0;8;10;B01
201400042369;0;20;0;8;0;1;1;A01
201400042370;0;10;0;0;1;1;1;A01
201400042371;0;7;0;0;1;1;1;A01
201400042372;0;7;0;0;1;2;1;A01
201400042373;0;7;0;0;0;3;15;A01
201400042373;0;30;0;0;2;3;1;B01
201400042374;0;7;0;0;2;2;2;A01
201400042374;0;30;0;0;2;6;2;B01
201400042375;0;7;0;0;2;2;20;A01
201400042375;0;34;0;0;0;0;0;B01
201400042376;0;2;0;0;2;1;1;A01
201400042376;0;7;0;0;2;8;15;B01
201400042377;0;33;0;0;0;8;21;A01
201400042378;0;7;0;0;1;2;2;A01
201400042379;0;7;0;0;2;2;5;A01
201400042379;0;32;0;0;2;1;5;B01
201400042380;0;7;0;0;0;0;0;A01
201400042381;0;7;0;0;0;8;15;A01
201400042381;0;34;0;0;0;3;1;B01
201400042382;0;7;0;0;2;2;2;A01
201400042382;0;30;0;0;2;1;2;B01
201400042383;0;7;0;0;1;1;2;A01
201400042384;0;7;0;0;2;2;11;A01
201400042384;0;2;0;0;2;1;2;B01
201400042384;0;7;0;0;2;2;1;C01
201400042385;0;7;0;0;1;1;2;A01
201400042386;0;34;0;0;2;1;2;A01
201400042386;0;7;0;0;2;4;2;B01
201400042387;0;7;0;0;2;1;0;A01
201400042387;0;7;0;0;0;0;0;B01
201400042387;0;7;0;0;0;0;0;C01
201400042388;0;32;0;0;1;1;1;A01
201400042389;0;34;0;0;0;1;1;A01
201400042389;0;7;0;0;0;3;15;B01
201400042390;0;33;0;9;2;7;21;A01
201400042391;0;34;0;0;0;0;0;B01
201400042392;0;7;0;0;2;6;13;A01
201400042392;0;30;0;0;2;1;2;B01
201400042393;0;7;0;0;1;0;0;A01
201400042394;0;7;0;0;2;4;4;A01
201400042394;0;34;0;0;2;1;0;B01
201400042395;0;2;0;0;2;1;2;A01
201400042395;1;7;0;0;0;0;0;B01
201400042396;0;7;0;0;1;1;15;A01
201400042397;0;7;0;0;0;1;1;B01
201400042397;0;32;0;0;2;8;1;A01
201400042398;0;7;0;0;2;2;10;A01
201400042398;0;32;0;0;2;1;2;B01
201400042399;0;7;0;0;9;3;15;B01
201400042400;0;33;0;0;2;6;9;A01
201400042400;0;33;0;0;2;1;1;B01
201400042401;0;7;0;9;2;2;14;A01
201400042402;0;7;0;0;1;1;5;A01
201400042403;0;33;0;0;2;8;1;B01
201400042403;0;7;0;0;2;1;1;A01
201400042404;0;7;0;12;0;5;1;A01
201400042405;0;2;0;0;2;1;1;A01
201400042405;0;7;0;0;0;5;1;B01
201400042406;0;30;0;0;2;2;1;A01
201400042406;0;7;0;0;2;6;23;B01
201400042406;0;7;0;0;2;3;1;C01
201400042407;0;2;0;0;0;0;1;A01
201400042408;0;7;0;0;1;1;1;A01
201400042409;1;7;0;0;1;0;0;A01
201400042410;0;7;0;15;0;1;1;A01
201400042411;0;30;0;0;2;7;0;A01
201400042411;0;7;0;0;2;1;1;B01
201400042412;0;7;0;9;0;3;21;A01
201400042412;0;10;0;0;0;0;13;B01
201400042413;0;7;0;0;1;0;0;A01
201400042414;0;7;0;0;0;3;15;A01
201400042414;0;33;0;0;2;2;17;B01
201400042415;0;7;0;0;2;8;1;B01
201400042415;0;7;0;0;2;1;15;A01
201400042416;0;34;0;0;1;1;0;A01
201400042417;0;33;0;0;2;8;18;A01
201400042417;0;7;0;0;2;2;2;B01
201400042418;0;7;0;0;2;3;12;A01
201400042418;0;33;0;0;2;7;11;B01
201400042419;0;7;0;0;2;5;1;B01
201400042419;0;7;0;0;2;1;0;A01
201400042420;0;7;0;0;1;1;2;A01
201400042421;1;7;0;0;0;8;12;A01
201400042421;0;1;0;0;9;1;1;Y01
201400042422;0;7;0;0;0;3;15;A01
201400042422;0;1;0;0;2;1;1;B01
201400042423;0;7;0;0;0;3;15;A01
201400042423;0;33;0;0;0;3;1;B01
201400042424;0;30;0;0;2;1;1;B01
201400042424;0;7;0;0;0;2;1;A01
201400042425;0;7;0;0;2;1;2;A01
201400042425;0;7;0;0;0;4;2;B01
201400042426;0;7;0;0;1;4;4;A01
201400042427;0;7;0;1;1;3;1;A01
201400042428;0;7;0;0;1;2;12;A01
201400042429;0;32;0;0;1;2;0;A01
201400042430;0;10;0;0;2;2;23;C01
201400042430;0;10;0;0;2;3;12;A01
201400042430;0;32;0;0;2;8;1;B01
201400042431;0;7;0;0;0;3;15;A01
201400042431;0;30;0;0;0;2;17;B01
201400042432;0;7;0;0;1;2;0;A01
201400042433;0;31;0;0;2;0;16;A01
201400042434;0;32;0;0;2;6;2;A01
201400042434;0;7;0;0;2;6;2;B01
201400042435;0;31;0;0;1;1;0;A01
201400042436;0;7;0;0;2;7;17;A01
201400042436;0;33;0;8;2;8;2;B01
201400042437;0;2;0;0;0;3;0;B01
201400042437;0;3;0;0;0;2;0;A01
201400042438;0;10;0;0;1;7;2;B01
201400042438;0;10;0;0;0;1;19;A01
201400042439;0;30;0;0;0;7;1;A01
201400042439;0;30;0;0;0;0;1;B01
201400042440;1;10;0;0;1;8;22;A01
201400042440;0;1;0;0;0;0;0;B01
201400042441;0;7;0;0;0;2;1;A01
201400042441;0;99;0;0;0;3;1;B01
201400042442;0;30;0;0;0;8;1;A01
201400042443;0;7;0;0;2;3;15;A01
201400042443;0;7;0;0;2;6;1;B01
201400042444;0;3;0;0;0;0;0;A01
201400042444;0;7;0;0;0;4;15;B01
201400042445;1;7;0;0;1;1;1;A01
201400042446;0;34;0;0;2;2;17;A01
201400042446;0;10;0;0;2;3;17;B01
201400042447;0;33;0;0;0;0;0;A01
201400042447;0;7;0;0;0;0;0;B01
201400042448;1;7;0;0;0;0;10;A01
201400042448;0;34;0;0;0;2;1;B01
201400042449;0;7;0;0;1;1;1;A01
201400042450;0;7;0;0;2;3;1;B01
201400042450;0;32;0;0;2;8;15;A01
201400042451;0;10;0;0;2;4;4;A01
201400042451;0;1;0;0;2;1;1;B01
201400042452;0;7;0;0;0;0;0;A01
201400042452;0;30;0;0;0;0;0;B01
201400042453;0;10;0;0;2;3;16;A01
201400042453;0;30;0;0;2;3;1;B01
201400042454;1;32;0;0;1;0;0;A01
201400042455;0;7;0;0;2;8;17;A01
201400042455;0;2;0;0;2;8;1;B01
201400042456;0;7;0;0;0;3;0;A01
201400042456;0;30;0;0;0;0;0;B01
201400042457;0;7;0;0;2;1;17;A01
201400042457;0;30;0;0;2;1;15;B01
201400042458;0;30;0;0;0;1;0;A01
201400042459;0;7;0;0;2;2;0;B01
201400042459;0;2;0;0;2;1;0;A01
201400042460;0;2;0;8;0;1;2;A01
201400042461;0;7;0;0;0;0;15;A01
201400042461;0;30;0;0;2;1;13;B01
201400042462;0;7;0;0;2;3;0;A01
201400042462;0;32;0;0;2;2;0;B01
201400042463;0;30;0;0;1;1;1;A01
201400042464;0;7;0;0;0;7;1;A01
201400042464;0;31;0;0;0;0;0;B01
201400042465;0;2;0;0;1;1;1;A01
201400042466;0;7;0;0;2;7;2;A01
201400042466;0;32;0;0;2;8;2;B01
201400042467;0;7;0;0;2;6;23;A01
201400042467;0;30;0;0;2;1;1;B01
201400042468;0;7;0;0;0;0;0;A01
201400042468;0;32;0;0;0;0;0;B01
201400042469;0;2;0;0;2;3;2;A01
201400042469;2;2;0;0;0;0;0;B01
201400042470;0;7;0;0;0;0;0;A01
201400042470;0;33;0;0;0;0;0;B01
201400042471;0;7;0;0;1;6;20;A01
201400042472;0;7;0;0;2;1;1;A01
201400042472;0;7;0;0;2;1;1;B01
201400042472;0;7;0;0;0;4;1;C01
201400042473;0;7;0;0;2;3;19;B01
201400042473;0;7;0;9;2;2;2;A01
201400042474;0;7;0;0;0;0;0;A01
201400042474;0;7;0;0;0;0;0;B01
201400042475;1;13;0;0;2;1;0;A01
201400042475;0;7;0;0;2;4;2;B01
201400042476;0;7;0;0;1;1;1;A01
201400042477;0;7;0;0;2;5;12;A01
201400042477;0;34;0;0;2;3;2;T01
201400042478;1;30;0;0;1;1;3;A01
201400042479;0;7;0;0;1;3;11;A01
201400042480;0;3;0;8;0;3;2;A01
201400042481;0;32;0;0;2;2;1;A01
201400042481;0;7;0;0;2;3;1;B01
201400042482;1;99;0;0;1;2;0;A01
201400042483;0;7;0;0;2;6;1;B01
201400042483;2;7;0;14;2;1;2;A01
201400042484;0;7;0;6;0;1;0;A01
201400042485;0;33;0;0;2;1;0;A01
201400042485;0;7;0;0;0;5;11;B01
201400042486;0;7;0;0;0;1;1;A01
201400042486;0;7;0;0;0;2;1;B01
201400042487;0;2;0;0;2;1;2;A01
201400042487;0;7;0;0;2;8;23;B01
201400042488;0;7;0;0;1;1;2;A01
201400042489;0;10;0;0;2;3;15;A01
201400042489;0;33;0;0;2;1;2;B01
201400042490;1;7;0;0;2;0;0;A01
201400042490;0;30;0;0;0;0;0;B01
201400042491;0;34;0;0;1;1;0;A01
201400042492;1;7;0;0;2;0;16;A01
201400042492;0;32;0;0;2;0;1;B01
201400042493;1;7;0;0;2;1;1;A01
201400042493;0;7;0;0;2;4;1;B01
201400042493;0;7;0;0;2;4;23;C01
201400042493;0;7;0;0;2;4;23;D01
201400042494;0;7;0;0;2;1;0;A01
201400042495;0;7;0;0;2;1;1;A01
201400042495;0;3;0;0;2;3;15;B01
201400042496;0;10;0;0;1;3;0;A01
201400042497;0;1;0;0;2;3;15;A01
201400042497;0;7;0;0;9;7;1;B01
201400042498;0;33;0;0;2;7;0;A01
201400042498;0;7;0;0;0;0;0;B01
201400042499;2;3;0;4;2;7;17;A01
201400042499;0;99;0;15;2;8;2;B01
201400042500;0;7;0;0;2;1;6;A01
201400042500;0;7;0;0;2;1;1;B01
201400042500;0;37;1;0;2;6;1;C01
201400042501;0;7;0;0;2;1;15;A01
201400042501;0;7;0;0;2;1;1;B01
201400042502;0;7;0;3;0;1;0;A01
201400042503;0;7;0;0;2;4;4;A01
201400042503;0;7;0;0;2;2;1;B01
201400042504;0;7;0;0;1;2;2;A01
201400042505;0;31;0;0;2;0;3;A01
201400042506;0;7;0;8;0;1;1;A01
201400042507;0;7;0;1;0;2;0;A01
201400042508;0;7;0;0;2;3;9;A01
201400042508;0;33;0;0;2;1;21;B01
201400042509;0;10;0;0;2;2;10;A01
201400042509;0;10;0;0;2;1;2;B01
201400042510;0;7;0;0;0;3;0;A01
201400042510;0;7;0;0;0;8;0;B01
201400042511;0;7;0;0;1;2;1;A01
201400042512;0;7;0;0;1;1;2;A01
201400042513;0;7;0;0;1;7;1;A01
201400042514;0;33;0;0;2;1;17;A01
201400042514;0;7;0;0;2;3;15;B01
201400042515;1;7;0;0;1;1;0;Z01
201400042516;0;7;0;0;0;1;15;A01
201400042516;0;33;0;0;0;0;1;B01
201400042517;0;7;0;0;2;1;17;A01
201400042517;0;7;0;0;2;6;15;B01
201400042518;0;7;0;0;2;1;0;A01
201400042518;0;3;0;4;2;4;0;B01
201400042519;0;7;0;0;1;2;1;A01
201400042520;0;7;0;0;1;1;1;A01
201400042521;0;7;0;0;0;4;2;A01
201400042521;0;7;0;0;2;1;2;B01
201400042522;0;37;1;0;2;1;2;A01
201400042522;0;10;0;0;2;4;2;B01
201400042523;0;3;0;0;2;2;10;A01
201400042523;0;30;0;0;0;3;1;B01
201400042524;0;7;0;0;2;1;2;A01
201400042524;0;7;0;0;0;4;2;B01
201400042525;0;7;0;0;2;1;1;A01
201400042525;0;7;0;0;2;4;0;B01
201400042526;2;7;0;3;2;1;1;A01
201400042526;0;7;0;0;2;8;2;B01
201400042527;0;34;0;0;2;1;0;A01
201400042527;0;7;0;0;2;6;15;B01
201400042528;2;7;0;0;2;1;1;A01
201400042528;0;7;0;0;0;4;1;B01
201400042529;0;7;0;0;2;1;1;A01
201400042529;0;7;0;0;2;8;4;B01
201400042530;0;7;0;14;2;1;2;A01
201400042530;0;37;6;0;0;4;2;B01
201400042531;0;7;0;0;0;4;24;A01
201400042531;0;30;0;1;0;1;2;B01
201400042532;1;7;0;0;1;0;0;Z01
201400042533;0;1;0;15;2;8;2;B01
201400042533;1;7;0;0;9;1;0;Z01
201400042534;0;7;0;0;1;2;0;A01
201400042535;0;30;0;0;2;1;1;A01
201400042535;1;7;0;0;2;0;0;Z01
201400042536;0;7;0;1;0;2;1;A01
201400042537;1;7;0;0;1;0;0;Z01
201400042538;0;3;0;0;2;4;0;A01
201400042538;0;10;0;14;2;1;0;B01
201400042539;1;7;0;0;9;1;15;Z01
201400042539;0;1;0;0;2;1;1;A01
201400042540;0;33;0;0;1;8;3;A01
201400042540;0;7;0;0;0;4;0;B01
201400042541;0;7;0;13;0;2;1;A01
201400042542;0;2;0;0;2;1;5;A01
201400042542;0;7;0;0;2;3;15;B01
201400042543;0;7;0;0;1;2;9;A01
201400042544;0;7;0;0;0;2;1;B01
201400042544;0;7;0;0;0;2;15;A01
201400042545;0;7;0;0;2;1;1;A01
201400042545;1;7;0;0;2;0;0;Z01
201400042546;1;7;0;0;2;1;1;A01
201400042546;0;7;0;0;2;5;14;B01
201400042547;0;7;0;0;2;3;0;B01
201400042547;0;7;0;0;2;2;0;A01
201400042548;0;7;0;0;1;3;16;A01
201400042549;0;7;0;0;2;2;1;B01
201400042549;0;30;0;0;2;1;9;A01
201400042550;0;7;0;0;2;1;1;A01
201400042550;0;7;0;0;2;3;1;B01
201400042551;0;7;0;0;1;0;1;A01
201400042552;0;7;0;1;0;4;2;A01
201400042553;0;3;0;9;0;1;0;A01
201400042554;0;7;0;0;2;3;0;B01
201400042554;0;7;0;0;2;1;0;A01
201400042555;0;7;0;9;1;1;10;A01
201400042556;0;7;0;0;2;7;15;A01
201400042556;0;30;0;0;2;1;1;B01
201400042557;0;10;0;0;0;7;15;A01
201400042557;0;31;0;0;2;1;1;B01
201400042558;0;7;0;0;2;2;15;A01
201400042558;0;31;0;0;2;1;1;B01
201400042559;0;7;0;0;2;1;1;A01
201400042559;0;7;0;0;2;1;1;B01
201400042560;0;30;0;16;0;0;1;A01
201400042561;0;7;0;0;2;7;1;B01
201400042561;0;7;0;0;2;1;1;A01
201400042562;0;7;0;0;0;2;11;A01
201400042562;0;33;0;0;0;1;1;B01
201400042563;0;7;0;9;0;1;2;A01
201400042564;0;30;0;0;2;2;0;B01
201400042564;0;7;0;0;2;3;1;A01
201400042565;0;32;0;0;2;1;1;A01
201400042565;0;7;0;0;2;8;0;B01
201400042566;0;7;0;1;0;1;0;A01
201400042567;0;7;0;0;2;2;0;A01
201400042567;0;7;0;0;2;3;0;B01
201400042568;0;7;0;0;0;4;13;A01
201400042568;0;33;0;0;2;1;1;B01
201400042569;0;10;0;0;2;1;1;A01
201400042569;0;10;0;0;2;1;15;B01
201400042570;0;37;1;0;1;2;12;A01
201400042571;0;30;0;0;2;1;17;A01
201400042571;0;7;0;0;0;6;15;B01
201400042572;0;7;0;15;2;2;1;A01
201400042572;0;7;0;0;2;3;9;B01
201400042573;1;13;0;0;2;0;11;A01
201400042573;0;7;0;0;2;7;0;B01
201400042574;0;10;0;0;2;4;1;B01
201400042574;0;30;0;0;2;1;0;A01
201400042575;0;1;0;0;2;0;1;B01
201400042575;0;7;0;0;2;0;9;A01
201400042576;0;7;0;0;1;3;1;A01
201400042577;0;7;0;0;0;8;10;A01
201400042577;0;7;0;0;2;1;1;B01
201400042578;0;7;0;0;2;4;23;B01
201400042578;0;7;0;14;2;1;1;A01
201400042579;0;7;0;0;1;2;1;A01
201400042580;0;7;0;0;2;6;11;B01
201400042580;2;7;0;0;2;1;1;Z01
201400042581;0;10;0;0;2;3;15;A01
201400042581;0;7;0;0;2;1;2;B01
201400042582;0;7;0;0;2;2;1;B01
201400042582;0;7;0;0;2;3;9;A01
201400042583;0;7;0;0;2;3;1;B01
201400042583;0;30;0;0;2;1;16;A01
201400042584;1;34;0;0;1;0;0;Z01
201400042585;0;7;0;0;2;1;1;A01
201400042585;0;7;0;0;2;3;15;B01
201400042586;0;7;0;5;0;2;1;A01
201400042587;0;7;0;5;0;3;1;A01
201400042588;0;3;0;0;2;1;1;A01
201400042588;0;13;0;0;2;7;1;B01
201400042589;1;7;0;0;1;2;0;A01
201400042590;0;10;0;0;1;3;1;A01
201400042591;0;33;0;0;2;5;11;B01
201400042591;2;7;0;0;0;2;11;A01
201400042592;0;7;0;0;2;3;1;B01
201400042592;0;30;0;0;2;2;1;A01
201400042593;0;7;0;3;0;1;21;A01
201400042594;0;10;0;0;9;8;9;B01
201400042594;0;1;0;0;2;1;9;A01
201400042595;0;7;0;0;2;4;1;A01
201400042595;0;10;0;0;2;1;1;B01
201400042596;0;99;0;0;1;7;16;A01
201400042597;0;7;0;0;1;1;1;A01
201400042598;0;7;0;15;2;1;1;A01
201400042598;0;7;0;12;2;6;1;B01
201400042599;0;7;0;0;2;3;1;B01
201400042599;0;30;0;0;2;1;1;A01
201400042600;0;10;0;0;2;1;9;A01
201400042600;0;7;0;0;2;6;1;B01
201400042600;0;10;0;0;2;1;1;C01
201400042601;0;7;0;1;2;1;3;A01
201400042601;0;7;0;0;0;4;2;B01
201400042601;0;7;0;0;2;3;2;C01
201400042602;0;40;0;0;2;1;1;A01
201400042602;2;7;0;0;0;7;19;B01
201400042603;0;7;0;0;0;0;0;A01
201400042604;0;34;0;0;2;1;1;A01
201400042604;0;7;0;4;0;3;1;B01
201400042605;0;30;0;0;2;1;17;A01
201400042605;0;7;0;0;2;3;15;B01
201400042606;0;30;0;0;1;1;0;A01
201400042607;0;10;0;0;1;1;15;A01
201400042608;0;7;0;0;2;7;15;A01
201400042608;0;7;0;0;2;2;2;B01
201400042609;0;7;0;0;2;1;0;A01
201400042609;0;7;0;0;2;3;0;B01
201400042610;0;10;0;0;0;4;0;A01
201400042610;0;10;0;0;2;1;1;B01
201400042611;0;7;0;0;2;1;1;B01
201400042611;2;7;0;0;2;1;6;A01
201400042612;0;7;0;0;2;1;1;A01
201400042612;0;7;0;0;0;4;23;B01
201400042613;0;7;0;0;1;7;0;A01
201400042614;0;10;0;0;2;3;1;A01
201400042614;0;7;0;0;2;1;1;B01
201400042615;0;7;0;1;2;2;21;A01