num_acc;senc;catv;occutc;obs;obsm;choc;manv;num_veh
201400042615;0;7;0;0;2;8;23;B01
201400042615;0;7;0;0;2;5;1;C01
201400042615;0;7;0;0;2;8;1;D01
201400042616;0;7;0;0;0;1;10;A01
201400042616;0;1;0;0;2;7;2;B01
201400042617;0;7;0;0;1;1;1;A01
201400042618;0;7;0;0;2;3;2;B01
201400042618;0;7;0;0;2;1;9;A01
201400042619;0;30;0;0;2;1;1;A01
201400042619;0;10;0;0;2;3;1;B01
201400042620;0;33;0;0;2;1;1;A01
201400042620;0;7;0;0;2;5;10;B01
201400042621;0;32;0;0;1;1;1;A01
201400042622;0;7;0;0;2;1;1;A01
201400042622;0;7;0;0;0;4;1;B01
201400042623;0;34;0;0;1;1;1;A01
201400042624;0;7;0;0;2;3;16;A01
201400042624;0;30;0;0;2;1;0;B01
201400042625;1;99;0;0;0;4;0;A01
201400042625;0;30;0;0;2;1;2;B01
201400042626;0;7;0;0;1;1;1;A01
201400042627;0;33;0;0;2;3;1;A01
201400042627;0;10;0;0;2;3;15;B01
201400042628;0;7;0;0;2;4;1;A01
201400042628;0;10;0;0;2;1;0;B01
201400042629;0;32;0;0;1;1;3;A01
201400042630;0;7;0;0;1;0;0;A01
201400042631;0;32;0;0;1;8;18;A01
201400042632;0;10;0;0;9;2;15;A01
201400042632;0;1;0;0;2;3;16;B01
201400042633;1;7;0;0;1;0;0;A01
201400042634;0;10;0;9;2;1;0;A01
201400042634;0;7;0;0;2;3;0;B01
201400042635;0;7;0;0;1;1;17;A01
201400042636;0;7;0;0;1;2;1;A01
201400042637;0;7;0;0;2;2;2;B01
201400042637;0;10;0;0;2;3;2;A01
201400042638;0;2;0;8;0;1;15;A01
201400042639;0;7;0;0;0;7;23;A01
201400042639;0;1;0;0;0;8;18;B01
201400042640;0;7;0;0;0;8;15;A01
201400042640;0;2;0;0;2;2;15;B01
201400042641;0;10;0;0;1;3;15;A01
201400042642;0;7;0;0;0;6;15;A01
201400042642;0;13;0;0;2;1;1;B01
201400042643;0;32;0;0;2;1;1;A01
201400042643;0;7;0;0;2;4;0;B01
201400042643;1;7;0;0;0;0;17;C01
201400042644;0;34;0;0;2;1;17;A01
201400042644;0;7;0;0;2;1;1;B01
201400042645;0;1;0;0;1;1;1;A01
201400042646;0;7;0;0;2;2;1;A01
201400042646;0;7;0;0;2;4;1;B01
201400042647;0;3;0;0;1;0;0;A01
201400042648;0;7;0;0;1;8;20;A01
201400042649;0;33;0;0;2;1;2;A01
201400042649;0;3;0;0;0;0;2;B01
201400042650;0;7;0;0;0;6;15;A01
201400042650;0;34;0;0;0;3;19;B01
201400042651;0;7;0;0;2;3;15;A01
201400042651;0;33;0;0;2;0;1;B01
201400042652;0;7;0;0;2;2;13;A01
201400042652;0;31;0;0;2;3;1;B01
201400042652;1;7;0;0;0;0;2;C01
201400042653;0;7;0;0;1;2;0;A01
201400042654;0;10;0;0;9;4;4;A01
201400042654;0;32;0;0;2;0;1;B01
201400042655;0;7;0;14;2;1;6;A01
201400042656;0;7;0;0;2;1;15;A01
201400042656;0;32;0;0;2;1;1;B01
201400042657;0;7;0;0;1;2;1;A01
201400042658;0;7;0;1;0;1;1;A01
201400042659;0;7;0;0;2;2;15;A01
201400042659;0;30;0;0;2;1;1;B01
201400042660;0;1;0;1;2;1;2;A01
201400042660;0;7;0;0;2;3;22;B01
201400042661;0;7;0;0;2;3;1;B01
201400042661;0;7;0;0;2;1;1;A01
201400042662;0;7;0;0;1;1;1;A01
201400042663;0;7;0;0;2;7;1;B01
201400042663;0;7;0;0;2;1;1;A01
201400042664;0;7;0;0;1;2;1;A01
201400042665;1;7;0;0;2;0;15;A01
201400042665;0;30;0;0;2;4;1;B01
201400042666;0;7;0;0;9;3;2;A01
201400042666;0;1;0;0;2;3;1;B01
201400042667;0;7;0;0;1;1;1;A01
201400042668;0;7;0;0;1;2;0;A01
201400042669;0;7;0;0;2;5;10;A01
201400042669;0;33;0;0;2;1;21;B01
201400042670;0;7;0;0;2;3;1;B01
201400042670;0;7;0;0;2;1;9;A01
201400042671;0;7;0;0;2;1;2;B01
201400042671;0;7;0;0;2;7;2;A01
201400042672;0;31;0;0;2;1;2;A01
201400042672;0;7;0;0;2;5;1;B01
201400042673;0;7;0;1;0;8;0;A01
201400042673;0;1;0;14;0;1;0;B01
201400042674;0;7;0;0;2;1;2;A01
201400042674;0;7;0;0;0;4;2;B01
201400042675;0;7;0;0;9;1;15;A01
201400042675;0;1;0;0;2;1;23;B01
201400042676;0;2;0;0;1;1;1;A01
201400042677;0;10;0;0;1;8;1;A01
201400042678;0;1;0;0;2;1;7;B01
201400042678;0;7;0;0;2;3;0;A01
201400042679;0;33;0;1;2;1;17;A01
201400042679;0;7;0;0;0;8;2;B01
201400042680;0;7;0;0;2;3;22;A01
201400042680;0;1;0;0;0;2;1;B01
201400042681;0;7;0;0;1;2;1;A01
201400042682;0;7;0;0;2;6;4;A01
201400042682;0;37;1;0;2;2;1;B01
201400042683;0;10;0;0;2;1;2;A01
201400042683;0;7;0;0;2;4;2;B01
201400042684;0;10;0;0;1;3;15;A01
201400042685;0;7;0;0;1;2;1;A01
201400042686;0;7;0;0;2;5;15;A01
201400042686;0;32;0;0;2;1;1;B01
201400042687;0;14;0;0;1;5;0;A01
201400042688;2;7;0;0;1;3;1;A01
201400042689;2;7;0;0;2;1;2;A01
201400042689;0;7;0;0;2;7;2;B01
201400042690;0;10;0;0;2;1;2;A01
201400042690;0;2;0;0;2;8;19;B01
201400042691;0;15;0;14;0;4;4;A01
201400042691;0;33;0;0;2;1;23;B01
201400042692;1;7;0;0;9;5;4;A01
201400042692;0;1;0;0;0;0;19;B01
201400042693;0;7;0;6;0;1;1;A01
201400042694;0;32;0;1;0;1;1;A01
201400042695;0;7;0;0;1;1;0;A01
201400042696;0;7;0;0;1;8;2;A01
201400042697;0;10;0;0;2;5;17;A01
201400042697;0;31;0;0;2;1;0;B01
201400042698;0;7;0;0;2;8;1;B01
201400042698;0;7;0;0;2;2;19;A01
201400042699;0;30;0;0;2;8;1;A01
201400042699;0;7;0;0;0;3;0;B01
201400042700;0;7;0;0;1;1;0;A01
201400042701;0;7;0;0;1;8;1;A01
201400042702;0;7;0;0;1;3;1;A01
201400042703;0;7;0;0;1;4;4;A01
201400042704;0;7;0;0;2;3;1;B01
201400042704;0;7;0;0;2;1;1;A01
201400042705;0;7;0;0;9;2;1;A01
201400042705;0;1;0;0;2;4;13;B01
201400042706;0;7;0;0;1;2;16;A01
201400042707;0;31;0;0;0;2;17;A01
201400042707;0;7;0;0;2;3;17;B01
201400042708;0;7;0;0;2;1;0;A01
201400042708;0;7;0;0;2;3;9;B01
201400042709;0;2;0;0;2;1;1;A01
201400042709;0;7;0;0;2;8;1;B01
201400042710;0;7;0;0;9;1;2;A01
201400042710;0;1;0;0;0;7;2;B01
201400042711;0;7;0;0;2;3;15;A01
201400042711;0;34;0;0;2;1;17;B01
201400042712;0;7;0;1;0;1;2;A01
201400042713;0;7;0;0;1;3;1;A01
201400042714;0;7;0;0;2;2;15;A01
201400042714;0;32;0;0;2;1;2;B01
201400042715;0;7;0;0;2;3;1;B01
201400042715;0;31;0;0;2;2;1;A01
201400042716;0;7;0;0;1;1;2;A01
201400042717;0;7;0;2;0;1;1;A01
201400042718;0;7;0;0;1;3;2;A01
201400042719;0;33;0;0;2;8;1;A01
201400042719;0;7;0;0;2;1;11;B01
201400042720;0;7;0;0;0;3;1;B01
201400042720;0;7;0;0;2;2;0;A01
201400042721;0;7;0;6;0;1;0;A01
201400042722;0;7;0;2;0;1;15;A01
201400042723;0;7;0;0;1;1;1;A01
201400042724;0;7;0;0;1;2;2;A01
201400042725;0;7;0;0;1;1;2;A01
201400042726;0;1;0;0;1;0;2;A01
201400042727;0;7;0;12;0;6;0;A01
201400042728;0;7;0;0;2;6;9;B01
201400042728;1;7;0;0;2;1;0;Z01
201400042729;0;7;0;0;1;5;1;A01
201400042730;0;7;0;0;2;2;0;A01
201400042730;0;34;0;0;2;1;1;B01
201400042731;0;34;0;0;2;1;1;B01
201400042731;0;7;0;0;2;7;1;A01
201400042732;0;7;0;0;0;2;1;B01
201400042732;0;7;0;6;2;1;1;A01
201400042733;0;7;0;0;0;6;16;A01
201400042733;0;2;0;0;2;1;1;B01
201400042734;0;7;0;0;2;3;20;A01
201400042734;0;33;0;0;2;1;1;B01
201400042735;0;7;0;1;0;5;14;A01
201400042736;0;7;0;0;1;1;1;A01
201400042737;0;7;0;0;2;1;1;B01
201400042737;2;7;0;0;2;5;1;A01
201400042738;0;7;0;8;0;1;1;A01
201400042739;0;7;0;0;2;1;1;A01
201400042739;0;7;0;6;2;1;2;B01
201400042740;0;7;0;0;2;1;16;A01
201400042740;0;7;0;0;2;3;9;B01
201400042741;0;31;0;0;2;1;2;A01
201400042741;0;7;0;0;0;4;2;B01
201400042742;0;7;0;0;1;4;4;A01
201400042743;0;32;0;0;2;3;2;A01
201400042743;0;7;0;0;0;5;2;B01
201400042744;0;33;0;0;2;1;1;B01
201400042744;0;7;0;0;2;2;11;A01
201400042745;0;2;0;0;2;2;1;A01
201400042745;0;7;0;0;0;2;1;B01
201400042746;0;7;0;1;0;1;1;A01
201400042747;0;2;0;5;0;8;7;A01
201400042748;0;7;0;0;2;1;15;A01
201400042748;0;33;0;0;2;3;1;B01
201400042749;0;33;0;0;2;1;2;A01
201400042749;0;10;0;0;0;6;15;B01
201400042750;0;10;0;0;2;3;1;A01
201400042750;0;33;0;0;2;2;1;B01
201400042751;0;33;0;0;2;9;1;A01
201400042751;0;3;0;0;0;2;15;B01
201400042752;0;34;0;0;1;1;1;A01
201400042753;1;7;0;0;2;3;15;B01
201400042753;0;30;0;0;2;7;0;A01
201400042754;0;7;0;0;0;4;2;B01
201400042754;2;7;0;0;2;1;2;Z01
201400042755;0;7;0;0;1;1;1;A01
201400042756;0;7;0;0;2;6;18;A01
201400042756;0;7;0;9;2;2;15;B01
201400042757;0;33;0;0;2;1;2;A01
201400042757;0;1;0;0;0;1;5;B01
201400042758;0;7;0;0;9;2;16;A01
201400042758;0;1;0;0;2;1;1;B01
201400042759;0;7;0;0;1;3;1;A01
201400042760;0;10;0;1;0;2;1;A01
201400042761;0;1;0;0;2;7;2;A01
201400042761;0;7;0;0;2;3;15;B01
201400042762;0;32;0;0;0;7;1;A01
201400042762;0;10;0;0;0;8;1;B01
201400042763;0;7;0;0;2;6;23;B01
201400042763;0;7;0;0;2;2;1;A01
201400042763;0;7;0;0;2;5;23;C01
201400042764;0;7;0;16;9;8;4;A01
201400042764;0;1;0;0;2;8;0;B01
201400042765;0;7;0;12;0;3;13;A01
201400042766;0;7;0;0;1;2;1;A01
201400042767;0;7;0;0;2;1;1;A01
201400042767;0;7;0;0;2;5;15;B01
201400042768;1;2;0;0;0;8;1;A01
201400042769;0;7;0;8;1;2;0;A01
201400042770;0;7;0;8;0;1;2;A01
201400042771;0;7;0;6;0;1;21;A01
201400042772;0;7;0;0;2;1;2;A01
201400042772;0;7;0;0;0;4;1;B01
201400042773;0;10;0;0;1;2;1;A01
201400042774;0;7;0;0;2;1;2;A01
201400042774;0;7;0;0;0;4;23;B01
201400042774;0;7;0;0;0;8;23;C01
201400042775;0;99;0;0;2;1;1;A01
201400042775;0;7;0;0;2;1;1;B01
201400042776;0;7;0;0;0;1;1;A01
201400042776;0;1;0;0;2;8;19;B01
201400042777;0;7;0;0;1;3;1;A01
201400042778;0;7;0;0;2;2;1;B01
201400042778;0;7;0;0;2;1;1;A01
201400042779;0;37;1;0;2;5;1;C01
201400042779;0;7;0;0;2;1;1;A01
201400042779;0;7;0;0;1;0;1;B01
201400042780;0;33;0;0;2;1;1;A01
201400042780;0;7;0;0;2;2;15;B01
201400042781;0;7;0;0;2;2;5;A01
201400042781;0;7;0;0;2;3;15;B01
201400042782;0;31;0;0;0;7;1;A01
201400042783;0;33;0;0;2;6;1;A01
201400042783;0;10;0;0;0;6;24;B01
201400042784;0;7;0;0;2;5;1;A01
201400042784;0;33;0;0;2;1;1;B01
201400042785;0;3;0;0;2;4;0;B01
201400042785;0;2;0;0;2;1;0;A01
201400042786;0;7;0;0;2;1;1;A01
201400042786;0;7;0;0;0;4;1;B01
201400042787;0;7;0;0;2;2;16;A01
201400042787;0;37;1;0;0;3;7;B01
201400042788;0;7;0;0;2;1;1;A01
201400042788;0;7;0;0;2;1;1;B01
201400042789;0;38;1;0;1;2;15;A01
201400042790;0;7;0;14;0;3;1;A01
201400042791;0;7;0;0;1;1;1;A01
201400042792;0;7;0;0;2;1;2;A01
201400042792;0;7;0;0;0;4;2;B01
201400042793;0;7;0;0;1;1;15;A01
201400042794;0;2;0;0;1;1;1;A01
201400042795;1;7;0;0;1;4;20;A01
201400042796;0;7;0;0;1;1;1;A01
201400042797;0;7;0;0;2;1;13;A01
201400042797;0;2;0;0;2;1;1;B01
201400042798;0;34;0;0;2;1;2;A01
201400042798;0;7;0;0;0;7;2;B01
201400042799;0;1;0;0;2;2;1;B01
201400042799;1;7;0;0;2;3;1;Z01
201400042800;0;33;0;0;2;1;5;A01
201400042800;0;7;0;0;0;1;9;B01
201400042801;0;7;0;0;1;3;19;A01
201400042802;0;7;0;0;1;1;0;A01
201400042803;0;7;0;0;2;1;1;A01
201400042803;0;7;0;0;0;4;0;B01
201400042804;0;7;0;0;1;1;1;A01
201400042805;0;7;0;0;0;9;1;A01
201400042806;0;7;0;12;0;3;1;A01
201400042807;0;7;0;0;2;6;1;A01
201400042807;0;31;0;1;2;7;1;B01
201400042807;0;7;0;0;2;4;1;C01
201400042808;0;7;0;0;2;1;1;A01
201400042808;0;7;0;0;0;6;12;B01
201400042809;0;7;0;0;2;3;1;B01
201400042809;0;7;0;0;2;1;1;A01
201400042810;0;7;0;12;0;3;2;A01
201400042811;0;3;0;0;0;9;1;A01
201400042812;0;7;0;0;2;2;1;A01
201400042812;0;7;0;0;2;6;1;B01
201400042812;0;7;0;0;9;4;1;C01
201400042812;0;7;0;0;0;0;1;D01
201400042813;0;7;0;0;2;1;9;A01
201400042813;0;7;0;0;0;4;2;B01
201400042814;0;7;0;0;1;3;17;A01
201400042815;0;31;0;0;2;1;1;B01
201400042815;0;7;0;0;2;3;15;A01
201400042816;0;2;0;0;2;2;17;A01
201400042816;0;7;0;0;2;3;15;B01
201400042817;0;1;0;0;2;1;13;A01
201400042817;0;1;0;0;2;1;2;B01
201400042818;0;7;0;0;2;1;1;A01
201400042818;0;7;0;1;2;8;23;B01
201400042819;0;30;0;0;2;3;1;A01
201400042819;0;3;0;0;0;3;15;B01
201400042820;0;7;0;0;1;3;1;A01
201400042821;0;7;0;0;2;1;1;A01
201400042821;0;7;0;0;2;4;2;B01
201400042822;0;7;0;0;2;1;0;A01
201400042822;0;7;0;0;2;1;0;B01
201400042823;0;7;0;1;0;2;1;A01
201400042824;2;2;0;0;1;1;1;A01
201400042825;0;10;0;0;2;2;0;A01
201400042825;0;7;0;0;0;6;0;B01
201400042826;0;7;0;0;2;1;21;A01
201400042826;0;7;0;0;2;1;1;B01
201400042826;0;7;0;0;0;0;9;C01
201400042827;0;7;0;0;0;3;19;A01
201400042827;0;33;0;0;2;8;21;B01
201400042828;0;7;0;0;1;1;1;A01
201400042829;0;7;0;0;2;3;11;A01
201400042829;0;33;0;0;2;2;0;B01
201400042830;0;7;0;0;2;1;1;A01
201400042830;0;7;0;0;2;4;1;B01
201400042830;0;7;0;0;2;4;1;C01
201400042831;0;7;0;0;1;0;2;A01
201400042832;0;7;0;0;0;1;1;A01
201400042832;0;7;0;0;0;4;0;B01
201400042833;0;7;0;0;1;8;1;A01
201400042834;0;33;0;0;1;2;19;A01
201400042835;0;7;0;0;2;1;1;A01
201400042835;0;2;0;0;2;3;16;B01
201400042836;0;30;0;0;0;1;1;A01
201400042836;0;7;0;0;0;3;15;B01
201400042837;0;7;0;0;2;1;5;A01
201400042837;0;7;0;0;0;3;2;B01
201400042838;0;2;0;0;2;1;1;A01
201400042838;0;3;0;0;0;3;1;B01
201400042839;0;37;50;0;1;2;0;A01
201400042840;0;7;0;0;0;3;23;A01
201400042840;0;7;0;0;2;5;0;B01
201400042841;0;7;0;0;2;1;2;A01
201400042841;0;7;0;0;2;4;2;B01
201400042841;0;7;0;0;2;4;2;C01
201400042842;0;30;0;0;1;1;18;A01
201400042843;1;7;0;0;1;2;2;A01
201400042844;0;7;0;0;1;1;9;A01
201400042845;0;7;0;0;1;1;1;A01
201400042846;0;7;0;0;1;3;1;A01
201400042847;0;31;0;0;2;5;17;A01
201400042847;0;7;0;0;9;8;15;B01
201400042848;0;10;0;0;2;1;2;A01
201400042848;0;7;0;1;0;4;2;B01
201400042849;0;7;0;1;0;2;1;A01
201400042850;0;7;0;0;2;1;2;A01
201400042850;0;7;0;0;2;4;2;B01
201400042851;0;7;0;0;2;2;12;A01
201400042851;0;7;0;0;2;3;16;B01
201400042852;0;7;0;0;1;2;1;A01
201400042853;0;7;0;1;0;1;5;A01
201400042854;0;10;0;0;2;2;14;A01
201400042854;0;33;0;0;0;3;1;B01
201400042855;0;33;0;0;2;1;1;B01
201400042855;0;10;0;0;2;2;15;A01
201400042856;0;7;0;0;0;2;2;A01
201400042857;0;32;0;0;0;3;10;A01
201400042858;0;7;0;14;0;1;1;A01
201400042859;0;7;0;0;9;1;9;A01
201400042859;0;1;0;0;2;0;16;B01
201400042860;0;7;0;0;2;1;15;A01
201400042860;0;7;0;0;2;1;1;B01
201400042861;0;2;0;8;2;3;17;A01
201400042861;0;7;0;0;2;3;15;B01
201400042862;0;7;0;0;2;3;5;A01
201400042862;0;31;0;0;2;1;1;B01
201400042863;0;30;0;12;2;1;1;A01
201400042863;0;7;0;0;2;7;1;B01
201400042864;0;34;0;0;1;1;0;A01
201400042865;0;7;0;8;0;1;21;A01
201400042866;0;7;0;0;2;1;1;A01
201400042866;0;7;0;0;0;4;1;B01
201400042867;0;31;0;0;2;7;1;B01
201400042867;0;7;0;0;0;3;1;A01
201400042868;0;7;0;0;2;1;1;A01
201400042868;0;37;1;0;2;2;1;B01
201400042869;0;3;0;0;1;1;1;A01
201400042870;0;7;0;0;2;2;10;A01
201400042870;0;10;0;0;2;1;2;B01
201400042871;0;7;0;0;2;1;1;A01
201400042871;0;30;0;0;2;4;1;B01
201400042872;0;7;0;0;0;3;15;A01
201400042872;0;33;0;0;0;1;2;B01
201400042873;0;7;0;0;2;0;9;A01
201400042873;0;31;0;0;2;0;21;B01
201400042874;0;7;0;0;1;3;1;A01
201400042875;0;34;0;8;0;2;0;A01
201400042876;0;30;0;1;0;1;0;A01
201400042877;1;7;0;0;9;0;0;A01
201400042877;0;32;0;0;2;3;2;B01
201400042878;0;33;0;0;2;5;1;A01
201400042878;0;20;0;0;2;5;9;B01
201400042879;0;10;0;0;2;1;15;A01
201400042879;0;33;0;0;2;1;1;B01
201400042880;0;10;0;0;1;3;1;A01
201400042881;0;33;0;1;0;0;0;A01
201400042881;0;7;0;0;0;7;0;B01
201400042882;0;7;0;0;1;1;1;A01
201400042883;0;7;0;15;2;7;1;A01
201400042883;0;7;0;12;2;1;9;B01
201400042884;0;1;0;0;0;1;14;A01
201400042884;0;7;0;0;0;6;23;B01
201400042885;0;7;0;0;2;2;1;A01
201400042885;0;32;0;0;2;3;9;B01
201400042886;1;7;0;0;1;6;4;A01
201400042887;0;33;0;0;2;1;1;B01
201400042887;1;7;0;0;2;1;10;Z01
201400042888;0;7;0;0;1;3;2;A01
201400042889;0;7;0;2;0;1;1;A01
201400042890;0;7;0;0;1;3;1;A01
201400042891;0;7;0;11;0;1;0;A01
201400042892;0;7;0;0;2;1;13;A01
201400042892;0;7;0;0;2;3;1;B01
201400042892;0;7;0;0;2;1;2;C01
201400042893;0;7;0;0;1;1;0;A01
201400042894;0;7;0;0;1;3;0;A01
201400042895;0;7;0;3;0;1;6;A01
201400042896;0;7;0;0;2;2;21;B01
201400042896;0;7;0;0;2;5;15;A01
201400042897;2;7;0;8;0;1;0;A01
201400042898;0;10;0;0;2;1;2;B01
201400042898;0;7;0;0;0;4;23;A01
201400042899;0;32;0;0;2;1;5;A01
201400042899;0;7;0;0;2;1;9;B01
201400042900;0;7;0;0;2;3;1;A01
201400042900;0;7;0;0;2;2;5;B01
201400042901;1;7;0;0;1;1;15;A01
201400042902;0;2;0;0;2;7;1;B01
201400042902;0;7;0;0;2;5;15;A01
201400042903;0;7;0;0;2;7;21;A01
201400042903;0;7;0;0;2;1;21;B01
201400042904;2;7;0;0;2;3;10;A01
201400042904;0;33;0;0;2;1;1;B01
201400042904;0;7;0;0;0;4;24;C01
201400042905;0;7;0;0;2;1;1;A01
201400042905;0;7;0;0;2;2;19;B01
201400042906;0;33;0;12;0;0;2;A01
201400042907;0;33;0;0;2;1;1;B01
201400042907;0;7;0;0;2;2;15;A01
201400042908;0;30;0;0;2;1;1;B01
201400042909;0;10;0;0;2;8;15;A01
201400042909;0;33;0;0;2;1;1;B01
201400042910;0;7;0;0;1;4;4;A01
201400042911;0;7;0;0;2;1;2;A01
201400042911;0;7;0;0;0;4;23;B01
201400042912;0;7;0;0;1;1;0;A01
201400042913;0;7;0;1;2;2;1;A01
201400042913;0;38;1;1;0;0;24;C01
201400042914;2;7;0;0;1;2;3;A01
201400042914;2;7;0;0;0;3;7;B01
201400042915;0;7;0;0;1;1;1;A01
201400042916;0;37;0;0;1;7;0;A01
201400042917;0;33;0;0;2;3;18;B01
201400042917;0;7;0;0;2;7;22;A01
201400042918;0;34;0;0;2;2;11;A01
201400042918;0;7;0;0;2;6;1;B01
201400042919;0;7;0;16;1;5;4;A01
201400042920;0;7;0;0;1;1;2;A01
201400042921;1;99;0;0;0;0;0;Z01
201400042921;0;33;0;12;2;4;2;B01
201400042922;0;7;0;0;2;3;0;A01
201400042922;0;7;0;0;2;5;0;B01
201400042923;0;7;0;1;0;3;24;A01
201400042923;0;1;0;0;0;0;0;B01
201400042924;0;7;0;0;0;5;19;A01
201400042924;0;7;0;0;2;1;2;B01
201400042925;0;7;0;0;0;4;23;C01
201400042925;0;7;0;0;2;1;2;A01
201400042925;0;7;0;0;2;4;23;B01
201400042926;0;2;0;0;2;1;2;A01
201400042926;0;7;0;0;0;4;2;B01
201400042927;2;7;0;0;2;7;14;A01
201400042927;0;7;0;0;2;9;2;B01
201400042928;0;7;0;0;2;1;1;A01
201400042928;0;7;0;0;2;9;1;B01
201400042928;0;7;0;0;2;4;1;C01
201400042929;0;7;0;0;2;1;2;A01
201400042929;0;7;0;0;2;4;2;B01
201400042930;0;7;0;0;0;6;15;A01
201400042930;0;33;0;0;2;1;2;B01
201400042931;2;7;0;0;2;2;0;A01
201400042931;0;7;0;0;2;3;0;B01
201400042932;0;7;0;1;2;8;1;B01
201400042932;0;7;0;0;2;2;15;A01
201400042933;0;7;0;0;2;3;15;B01
201400042933;0;2;0;0;2;2;11;A01
201400042934;0;7;0;0;1;1;1;A01
201400042935;0;7;0;0;9;2;2;A01
201400042935;0;7;0;0;0;6;24;B01
201400042936;0;1;0;0;0;2;15;A01
201400042936;0;7;0;0;0;2;11;B01
201400042937;0;7;0;0;0;0;0;A01
201400042937;0;32;0;0;0;0;0;B01
201400042938;0;3;0;0;2;7;15;A01
201400042938;0;2;0;0;2;3;1;B01
201400042939;0;32;0;0;0;7;3;A01
201400042939;0;7;0;0;0;8;23;B01
201400042940;1;7;0;0;1;1;15;Z01
201400042941;0;7;0;0;1;1;0;A01
201400042942;0;7;0;0;0;4;1;B01
201400042942;1;7;0;0;2;1;2;Z01
201400042943;0;32;0;0;2;7;17;A01
201400042943;0;7;0;0;2;3;1;B01
201400042944;1;7;0;0;0;1;0;Z01
201400042945;0;32;0;0;2;1;17;A01
201400042945;0;32;0;0;2;4;9;B01
201400042946;0;7;0;0;1;4;4;A01
201400042947;1;7;0;0;1;1;1;Z01
201400042948;0;3;0;0;2;1;19;A01
201400042948;0;7;0;0;2;8;19;B01
201400042949;0;7;0;0;2;1;0;A01
201400042949;0;2;0;0;0;4;0;B01
201400042950;0;7;0;0;2;1;1;A01
201400042950;0;7;0;0;2;2;15;B01
201400042951;0;7;0;0;2;1;1;B01
201400042951;1;7;0;0;2;1;5;Z01
201400042952;0;10;0;6;0;1;1;A01
201400042953;0;10;0;0;2;7;12;A01
201400042953;0;2;0;0;2;3;13;B01
201400042954;0;2;0;0;2;8;1;A01
201400042954;1;7;0;0;2;0;9;B01
201400042955;0;10;0;0;1;4;4;A01
201400042956;0;7;0;0;2;1;2;A01
201400042956;0;33;0;0;0;4;23;B01
201400042957;0;7;0;6;0;1;0;A01
201400042958;0;7;0;0;1;2;2;A01
201400042959;0;7;0;4;0;3;2;A01
201400042960;0;30;0;7;0;1;2;A01
201400042961;0;7;0;1;2;2;1;A01
201400042961;0;1;0;0;0;8;1;B01
201400042962;0;7;0;0;1;8;1;A01
201400042963;0;7;0;0;2;3;9;A01
201400042963;0;31;0;0;2;7;2;B01
201400042964;0;33;0;0;1;7;21;A01
201400042965;0;13;0;0;2;3;15;A01
201400042965;0;34;0;0;2;1;13;B01
201400042966;0;7;0;0;1;7;1;A01
201400042967;0;7;0;1;0;2;21;A01
201400042968;0;7;0;0;1;3;1;A01
201400042969;0;7;0;0;1;2;0;A01
201400042970;1;7;0;0;2;0;0;Z01
201400042970;0;1;0;0;2;8;9;B01
201400042971;0;7;0;0;1;2;1;A01
201400042972;0;2;0;0;2;1;0;B01
201400042972;1;7;0;0;2;1;0;Z01
201400042973;0;7;0;8;0;3;1;A01
201400042974;0;7;0;12;0;1;14;A01
201400042975;0;7;0;0;1;4;4;A01
201400042976;0;32;0;0;2;2;13;A01
201400042976;0;37;6;0;2;3;1;B01
201400042977;0;7;0;0;2;3;0;A01
201400042977;0;7;0;0;2;8;1;B01
201400042978;1;2;0;0;2;0;3;A01
201400042978;0;1;0;0;2;0;2;B01
201400042979;0;32;0;0;2;0;0;A01
201400042980;0;30;0;0;0;4;23;A01
201400042980;0;7;0;0;2;1;1;B01
201400042981;0;7;0;0;2;1;2;A01
201400042981;0;7;0;0;0;4;2;B01
201400042982;0;2;0;0;0;0;1;A01
201400042983;0;32;0;0;1;1;1;A01
201400042984;0;7;0;0;1;0;1;A01
201400042985;0;7;0;1;0;5;4;A01
201400042986;0;7;0;0;1;1;0;A01
201400042987;0;37;3;0;1;2;2;A01
201400042988;0;33;0;0;0;0;18;A01
201400042988;0;7;0;1;0;0;1;B01
201400042989;0;7;0;0;1;0;13;A01
201400042990;0;7;0;0;1;2;0;A01
201400042991;0;3;0;1;0;1;0;A01
201400042992;0;34;0;1;0;1;1;A01
201400042992;0;7;0;0;0;0;0;B01
201400042992;0;7;0;0;0;2;24;C01
201400042993;0;7;0;0;2;3;13;A01
201400042993;0;32;0;0;2;7;17;B01
201400042994;0;33;0;0;0;3;3;A01
201400042994;0;7;0;0;0;5;1;B01
201400042995;0;10;0;0;2;7;1;B01
201400042995;0;7;0;0;0;8;0;A01
201400042996;0;7;0;0;1;3;1;A01
201400042997;0;1;0;0;2;7;1;A01
201400042997;1;30;0;0;0;0;0;B01
201400042998;0;7;0;0;0;8;11;A01
201400042998;0;30;0;0;0;7;1;B01
201400042999;0;7;0;1;0;2;1;A01
201400042999;0;7;0;0;2;2;24;B01
201400043000;0;7;0;0;2;3;15;A01
201400043000;0;7;0;0;2;8;19;B01
201400043001;0;7;0;0;1;2;2;A01
201400043002;0;7;0;0;2;6;10;A01
201400043002;0;34;0;0;2;2;2;B01
201400043003;0;2;0;0;2;6;5;A01
201400043003;0;7;0;0;0;6;15;B01
201400043003;0;7;0;0;2;1;1;C01
201400043004;0;7;0;0;2;1;1;A01
201400043004;0;2;0;0;0;4;19;B01