num_acc;senc;catv;occutc;obs;obsm;choc;manv;num_veh
201400043005;0;34;0;0;1;2;0;A01
201400043006;0;2;0;0;1;1;0;A01
201400043007;0;7;0;0;1;2;1;A01
201400043008;0;7;0;6;0;2;2;A01
201400043009;0;34;0;0;1;1;2;A01
201400043010;0;32;0;0;1;1;1;A01
201400043011;0;7;0;0;1;2;1;A01
201400043012;1;7;0;0;1;1;1;Z01
201400043013;0;7;0;0;2;3;15;A01
201400043013;0;34;0;0;2;1;1;B01
201400043014;2;7;0;0;2;1;9;A01
201400043014;0;32;0;0;2;8;1;B01
201400043015;0;7;0;0;2;1;1;A01
201400043015;0;30;0;0;2;1;1;B01
201400043016;0;30;0;0;1;3;2;A01
201400043016;1;99;0;0;2;3;0;Y01
201400043017;0;31;0;0;2;7;1;A01
201400043017;0;7;0;0;2;1;1;B01
201400043018;0;7;0;0;2;3;1;B01
201400043018;0;33;0;0;2;1;1;A01
201400043019;0;7;0;0;1;2;15;A01
201400043020;0;7;0;0;2;2;15;A01
201400043020;0;33;0;0;2;8;1;B01
201400043021;0;31;0;0;2;2;17;A01
201400043021;0;7;0;0;2;3;15;B01
201400043022;0;7;0;0;1;1;1;A01
201400043023;0;30;0;15;0;0;2;A01
201400043024;0;7;0;0;2;3;1;B01
201400043024;0;7;0;0;0;2;9;A01
201400043025;0;33;0;0;2;1;1;A01
201400043025;0;7;0;0;2;3;15;B01
201400043026;0;10;0;0;1;2;1;A01
201400043027;0;7;0;0;1;1;1;A01
201400043028;0;7;0;8;2;8;1;B01
201400043028;0;7;0;0;2;3;1;A01
201400043029;0;2;0;0;2;1;1;A01
201400043029;0;7;0;0;2;4;20;B01
201400043030;0;10;0;0;2;1;9;A01
201400043030;0;33;0;0;2;2;1;B01
201400043031;1;7;0;0;1;1;1;Z01
201400043032;0;33;0;0;2;8;9;A01
201400043032;0;7;0;0;2;7;1;B01
201400043033;0;7;0;2;1;1;14;A01
201400043034;0;10;0;6;2;2;1;B01
201400043034;0;7;0;6;2;3;1;A01
201400043035;0;7;0;0;1;1;1;A01
201400043036;0;7;0;0;2;2;1;A01
201400043036;0;7;0;0;2;1;1;B01
201400043037;0;33;0;0;2;7;2;B01
201400043037;0;7;0;0;2;3;1;A01
201400043038;0;7;0;0;1;2;15;A01
201400043039;0;7;0;0;2;3;1;B01
201400043039;0;7;0;0;2;1;1;A01
201400043040;0;7;0;0;2;1;1;A01
201400043040;0;32;0;0;2;7;1;B01
201400043041;0;7;0;0;2;4;2;B01
201400043041;0;7;0;0;2;1;2;A01
201400043042;0;7;0;0;9;3;23;B01
201400043042;0;1;0;0;2;1;16;A01
201400043043;0;7;0;6;2;1;1;B01
201400043043;0;7;0;0;2;1;1;A01
201400043044;0;34;0;0;2;2;17;A01
201400043044;0;7;0;0;2;3;15;B01
201400043045;0;32;0;0;2;1;17;A01
201400043045;0;7;0;0;2;3;15;B01
201400043046;0;30;0;0;2;1;2;A01
201400043046;0;7;0;0;2;6;23;B01
201400043047;0;33;0;0;2;2;17;A01
201400043047;0;3;0;0;2;8;15;B01
201400043048;0;7;0;0;2;3;15;A01
201400043048;0;32;0;0;2;2;1;B01
201400043049;0;7;0;0;2;8;1;B01
201400043049;0;7;0;0;2;1;1;A01
201400043050;0;7;0;0;2;1;5;A01
201400043050;0;33;0;0;2;1;2;B01
201400043051;0;7;0;16;2;7;1;A01
201400043051;0;7;0;6;2;1;1;B01
201400043052;0;7;0;0;2;4;15;A01
201400043052;1;33;0;1;2;1;1;B01
201400043053;0;7;0;0;0;1;1;A01
201400043053;0;7;0;0;0;4;1;B01
201400043054;0;7;0;0;0;0;10;A01
201400043054;0;2;0;0;2;0;1;B01
201400043055;2;7;0;9;0;1;1;A01
201400043055;0;7;0;0;9;3;1;B01
201400043056;0;7;0;0;2;1;2;A01
201400043056;0;7;0;0;2;4;23;B01
201400043057;1;7;0;0;1;1;1;Z01
201400043058;0;7;0;15;2;2;1;B01
201400043058;0;7;0;0;2;1;15;A01
201400043059;0;30;0;0;2;7;5;A01
201400043059;0;7;0;0;2;1;2;B01
201400043060;0;33;0;0;2;1;18;B01
201400043060;0;7;0;0;2;5;1;A01
201400043061;0;33;0;0;2;1;17;A01
201400043061;0;7;0;0;2;6;15;B01
201400043062;0;7;0;0;2;1;1;A01
201400043062;0;7;0;0;2;7;1;B01
201400043063;0;1;0;0;1;0;5;A01
201400043064;0;30;0;0;0;1;2;A01
201400043064;0;10;0;0;0;4;2;B01
201400043065;0;7;0;0;1;1;2;A01
201400043066;0;7;0;0;1;1;1;A01
201400043067;0;1;0;0;1;1;1;A01
201400043068;0;3;0;12;0;2;2;A01
201400043069;0;31;0;0;2;1;17;A01
201400043069;0;7;0;0;2;6;15;B01
201400043070;0;7;0;0;2;4;2;A01
201400043070;0;7;0;0;2;4;23;B01
201400043070;1;7;0;0;2;1;2;Z01
201400043071;0;7;0;0;1;8;1;A01
201400043072;2;2;0;1;0;1;1;Z01
201400043073;1;7;0;0;1;1;1;A01
201400043074;0;34;0;0;2;1;1;A01
201400043074;0;7;0;0;2;3;20;B01
201400043075;0;3;0;0;2;3;1;B01
201400043075;0;3;0;0;2;2;1;A01
201400043076;0;33;0;0;2;1;1;A01
201400043076;0;3;0;0;0;4;15;B01
201400043077;0;20;0;0;1;2;1;A01
201400043078;0;31;0;9;0;0;1;A01
201400043079;0;7;0;0;2;2;12;A01
201400043079;0;7;0;15;2;3;1;B01
201400043080;0;32;0;0;2;1;2;A01
201400043080;0;7;0;0;2;5;2;B01
201400043081;0;7;0;0;1;2;17;A01
201400043082;0;7;0;0;2;1;1;B01
201400043082;0;7;0;0;2;8;1;A01
201400043083;0;7;0;0;2;8;1;A01
201400043083;0;2;0;0;2;1;1;B01
201400043084;0;31;0;0;0;8;23;A01
201400043084;1;7;0;0;0;0;0;Z01
201400043085;0;7;0;12;0;1;1;A01
201400043086;0;7;0;0;2;3;15;A01
201400043086;0;32;0;0;2;7;17;B01
201400043087;0;37;1;0;1;2;1;A01
201400043088;0;7;0;0;2;1;2;A01
201400043088;0;7;0;0;2;1;2;B01
201400043088;0;7;0;0;0;4;2;C01
201400043089;1;7;0;0;1;2;1;Z01
201400043090;0;7;0;0;2;3;1;A01
201400043090;0;7;0;0;2;2;1;B01
201400043091;0;1;0;0;2;1;1;A01
201400043091;1;7;0;0;2;2;15;Z01
201400043092;0;33;0;0;1;1;1;A01
201400043093;0;30;0;0;2;1;1;A01
201400043093;0;7;0;0;2;2;1;B01
201400043094;0;31;0;0;0;2;1;A01
201400043095;0;7;0;0;2;3;1;B01
201400043095;0;7;0;0;2;1;1;A01
201400043096;1;7;0;0;2;2;1;Z01
201400043096;0;7;0;0;2;8;1;A01
201400043097;0;33;0;0;2;1;13;A01
201400043097;0;7;0;0;2;3;15;B01
201400043098;0;7;0;15;0;1;0;A01
201400043099;0;7;0;0;2;4;2;A01
201400043099;1;7;0;0;2;1;2;Z01
201400043100;0;10;0;0;1;1;9;A01
201400043101;0;7;0;0;2;1;15;A01
201400043101;0;7;0;0;2;1;1;B01
201400043102;0;7;0;0;2;2;15;A01
201400043102;0;33;0;0;2;1;1;B01
201400043103;0;99;0;1;0;1;1;A01
201400043104;0;2;0;0;0;7;1;A01
201400043105;0;7;0;0;0;1;10;A01
201400043105;0;7;0;0;0;3;1;B01
201400043106;0;32;0;0;1;1;1;A01
201400043107;0;31;0;0;1;1;1;A01
201400043108;0;30;0;0;1;1;1;A01
201400043109;0;7;0;0;2;2;1;A01
201400043109;0;7;0;0;2;8;16;B01
201400043110;0;37;1;0;1;2;16;A01
201400043111;0;30;0;0;1;1;0;A01
201400043112;0;7;0;0;2;3;11;A01
201400043112;0;34;0;0;2;1;17;B01
201400043113;0;2;0;0;2;1;17;A01
201400043113;0;7;0;0;2;8;15;B01
201400043114;0;34;0;9;0;1;1;A01
201400043115;0;7;0;0;2;1;1;A01
201400043115;0;7;0;0;2;3;1;B01
201400043116;0;2;0;0;2;1;1;B01
201400043116;0;10;0;0;2;2;1;A01
201400043117;0;7;0;0;0;0;16;A01
201400043117;0;13;0;0;2;4;16;B01
201400043117;1;99;0;0;2;0;0;C01
201400043118;0;7;0;0;0;2;0;A01
201400043118;0;33;0;0;0;8;0;B01
201400043119;0;37;2;0;1;2;13;A01
201400043120;0;7;0;0;2;2;10;A01
201400043120;0;33;0;0;2;8;2;B01
201400043121;0;7;0;0;0;3;5;A01
201400043121;0;33;0;0;0;1;1;B01
201400043122;0;7;0;0;1;3;15;A01
201400043123;1;30;0;0;1;1;1;A01
201400043124;0;7;0;0;1;2;21;A01
201400043125;0;7;0;0;2;1;2;B01
201400043125;0;7;0;0;2;1;12;A01
201400043126;0;33;0;0;2;1;1;A01
201400043126;0;7;0;0;0;5;15;B01
201400043127;0;33;0;0;0;7;2;A01
201400043127;0;10;0;0;0;8;15;B01
201400043128;1;7;0;0;1;3;16;Z01
201400043129;0;7;0;5;0;3;1;A01
201400043130;0;7;0;0;0;1;15;A01
201400043130;0;1;0;0;0;8;1;B01
201400043131;0;10;0;0;0;5;23;A01
201400043131;1;99;0;1;0;1;1;B01
201400043132;0;7;0;1;1;4;24;A01
201400043132;0;7;0;0;0;1;2;B01
201400043133;0;7;0;0;1;1;0;A01
201400043134;1;37;0;0;1;7;2;B01
201400043135;1;99;0;1;0;0;0;Z02
201400043136;0;7;0;0;2;1;19;A01
201400043136;0;13;0;0;2;7;19;B01
201400043137;0;7;0;1;0;1;2;A01
201400043138;0;3;0;0;1;1;2;A01
201400043139;0;10;0;0;1;1;2;A01
201400043140;0;7;0;0;0;6;11;A01
201400043140;0;33;0;0;2;1;0;B01
201400043141;0;7;0;1;1;1;16;A01
201400043142;0;30;0;0;2;2;5;A01
201400043142;0;7;0;0;2;1;0;B01
201400043143;0;7;0;0;0;1;2;B01
201400043143;0;7;0;0;2;7;9;A01
201400043144;0;3;0;0;0;4;23;A01
201400043144;0;3;0;0;0;4;23;B01
201400043144;0;3;0;0;0;1;1;C01
201400043145;0;7;0;0;0;1;0;B01
201400043145;0;7;0;0;0;4;2;A01
201400043146;0;7;0;0;1;3;0;A01
201400043147;2;7;0;0;2;1;2;A01
201400043147;0;7;0;0;0;4;2;B01
201400043148;0;7;0;0;2;1;2;A01
201400043148;0;7;0;0;2;2;2;B01
201400043149;0;10;0;0;0;4;23;A01
201400043149;0;7;0;0;0;8;22;B01
201400043149;0;7;0;0;0;1;2;C01
201400043149;0;31;0;0;0;1;3;D01
201400043150;0;1;0;0;2;1;5;A01
201400043150;0;7;0;0;2;1;1;B01
201400043151;2;7;0;15;2;2;21;A01
201400043151;0;10;0;0;2;2;15;B01
201400043152;0;7;0;0;0;6;20;A01
201400043152;0;32;0;0;2;1;2;B01
201400043153;0;7;0;0;2;3;11;A01
201400043153;0;2;0;0;2;2;2;B01
201400043154;0;3;0;9;0;1;0;A01
201400043155;1;7;0;2;0;1;0;A01
201400043156;0;7;0;0;2;7;15;A01
201400043156;0;33;0;0;2;1;2;B01
201400043157;0;7;0;0;2;3;2;A01
201400043157;0;33;0;0;2;5;2;B01
201400043158;1;7;0;0;1;4;0;A01
201400043159;0;7;0;0;0;8;1;A01
201400043159;0;33;0;0;0;1;17;B01
201400043160;0;33;0;0;1;2;1;A01
201400043161;0;7;0;0;0;4;2;A01
201400043161;0;30;0;0;0;4;2;B01
201400043161;0;7;0;0;2;1;2;C01
201400043162;1;7;0;0;2;1;1;A01
201400043162;0;1;0;0;2;4;9;B01
201400043163;0;34;0;0;2;1;23;A01
201400043163;0;7;0;0;2;3;15;B01
201400043164;2;3;0;0;2;1;2;A01
201400043164;2;7;0;0;2;3;2;B01
201400043165;0;7;0;0;1;2;1;A01
201400043166;0;3;0;0;1;1;1;A01
201400043167;0;7;0;0;0;8;15;A01
201400043167;0;33;0;0;0;7;17;B01
201400043168;0;7;0;0;0;1;1;A01
201400043168;0;7;0;0;0;5;1;B01
201400043169;0;34;0;0;2;7;1;A01
201400043169;0;7;0;0;2;1;16;B01
201400043170;0;7;0;0;1;8;2;A01
201400043171;0;7;0;0;2;1;15;A01
201400043171;0;33;0;0;2;1;1;B01
201400043172;0;7;0;0;1;8;1;A01
201400043173;0;7;0;0;1;3;15;A01
201400043174;0;7;0;0;0;1;15;A01
201400043174;0;34;0;0;0;1;1;B01
201400043175;0;7;0;6;0;1;0;A01
201400043176;0;7;0;2;0;1;1;A01
201400043177;0;7;0;0;1;1;15;A01
201400043178;0;7;0;0;2;1;2;A01
201400043178;0;7;0;0;0;4;2;B01
201400043179;0;7;0;0;4;8;10;A01
201400043179;0;40;0;0;2;3;1;B01
201400043180;0;30;0;0;0;3;1;A01
201400043180;0;7;0;0;0;7;14;B01
201400043181;0;7;0;0;1;0;1;A01
201400043182;1;7;0;0;1;1;2;Z01
201400043183;0;7;0;0;1;2;16;A01
201400043184;1;7;0;0;2;3;0;A01
201400043184;0;33;0;0;2;1;1;B01
201400043185;1;7;0;0;1;0;0;Z01
201400043186;0;7;0;0;1;7;1;A01
201400043187;0;33;0;0;2;1;3;A01
201400043187;0;13;0;0;2;0;0;B01
201400043188;0;2;0;0;0;1;1;A01
201400043188;0;7;0;0;2;8;0;B01
201400043189;0;7;0;0;2;3;1;A01
201400043189;0;7;0;0;0;2;1;B01
201400043190;0;7;0;1;0;2;3;A01
201400043190;0;7;0;0;2;3;1;B01
201400043190;0;7;0;0;2;2;1;C01
201400043191;0;7;0;0;2;1;2;A01
201400043191;0;7;0;0;2;3;15;B01
201400043192;0;13;0;0;2;3;9;A01
201400043192;0;3;0;0;2;2;1;B01
201400043193;0;7;0;0;0;8;9;A01
201400043193;0;10;0;0;0;1;1;B01
201400043194;0;7;0;0;1;2;0;A01
201400043195;0;7;0;0;2;2;1;A01
201400043195;0;7;0;0;2;1;0;B01
201400043196;0;34;0;0;1;2;1;A01
201400043197;0;7;0;0;1;1;2;A01
201400043198;0;7;0;0;1;1;1;A01
201400043199;0;32;0;0;2;8;17;A01
201400043199;0;7;0;0;2;8;10;B01
201400043200;0;10;0;0;1;7;4;A01
201400043201;0;7;0;0;2;7;15;A01
201400043201;0;34;0;0;2;1;1;B01
201400043202;0;1;0;0;0;8;19;A01
201400043202;1;7;0;0;0;0;0;Z01
201400043203;2;7;0;0;2;1;15;A01
201400043203;0;7;0;0;0;3;2;B01
201400043204;0;7;0;0;0;4;23;E01
201400043204;0;7;0;0;0;4;23;F02
201400043204;0;7;0;0;2;1;2;A01
201400043204;0;7;0;0;0;4;23;D01
201400043204;0;7;0;0;2;4;23;C01
201400043204;0;7;0;0;2;4;23;B01
201400043205;0;7;0;8;0;1;0;A01
201400043206;0;7;0;0;2;3;2;A01
201400043206;0;7;0;0;2;2;2;B01
201400043207;0;7;0;0;0;2;9;A01
201400043207;0;7;0;0;2;6;1;B01
201400043208;0;32;0;0;2;8;2;B01
201400043208;1;7;0;0;2;7;16;Z01
201400043209;0;32;0;0;1;1;17;A01
201400043210;0;7;0;0;0;0;0;B01
201400043210;0;7;0;0;0;0;0;A01
201400043211;0;7;0;0;2;1;2;A01
201400043211;0;7;0;0;0;4;14;B01
201400043212;1;7;0;0;1;4;20;A01
201400043213;0;10;0;0;2;2;1;A01
201400043213;1;20;0;0;2;3;0;Z01
201400043214;0;7;0;0;2;4;2;A01
201400043214;0;7;0;0;2;1;2;B01
201400043215;0;7;0;1;2;4;2;A01
201400043215;0;1;0;1;2;1;2;B01
201400043216;0;7;0;0;1;3;1;A01
201400043217;0;7;0;0;2;7;16;A01
201400043217;0;10;0;0;2;3;1;B01
201400043218;0;7;0;0;2;1;6;A01
201400043218;0;7;0;0;2;6;1;B01
201400043218;0;7;0;0;2;1;1;C01
201400043219;0;37;1;0;1;2;2;A01
201400043220;0;13;0;0;2;2;16;A01
201400043220;0;34;0;0;2;3;1;B01
201400043221;0;7;0;0;0;0;0;A01
201400043221;0;7;0;0;0;0;0;B01
201400043222;0;7;0;0;2;1;2;A01
201400043222;0;7;0;0;2;4;2;B01
201400043223;2;7;0;8;0;0;15;A01
201400043224;0;33;0;0;2;7;1;A01
201400043224;0;7;0;0;2;3;0;B01
201400043225;0;7;0;0;1;1;0;A01
201400043226;0;7;0;0;1;1;16;A01
201400043227;0;33;0;0;2;1;0;A01
201400043227;0;7;0;0;0;3;4;B01
201400043228;0;14;0;0;1;2;16;A01
201400043229;0;7;0;0;1;1;2;A01
201400043230;0;7;0;0;2;6;11;A01
201400043230;0;33;0;0;2;1;3;B01
201400043231;0;7;0;0;1;1;1;A01
201400043232;0;7;0;0;1;0;19;A01
201400043233;0;10;0;0;2;1;2;A01
201400043233;0;7;0;8;0;8;2;B01
201400043234;0;10;0;0;1;2;1;A01
201400043235;0;7;0;0;1;2;1;A01
201400043236;0;7;0;0;1;1;2;A01
201400043237;0;7;0;0;2;1;2;A01
201400043237;0;7;0;0;0;4;2;B01
201400043238;0;7;0;0;2;0;0;A01
201400043238;0;32;0;0;2;0;0;B01
201400043239;1;7;0;0;1;0;0;Z01
201400043240;0;7;0;0;2;4;1;A01
201400043240;0;7;0;0;2;1;1;B01
201400043241;0;7;0;0;1;3;15;A01
201400043242;0;7;0;0;2;8;10;A01
201400043242;0;7;0;0;2;1;2;B01
201400043243;0;34;0;0;0;3;0;A01
201400043243;0;7;0;0;0;2;0;B01
201400043244;0;10;0;0;2;7;16;A01
201400043244;0;31;0;0;2;1;1;B01
201400043245;0;7;0;0;1;2;1;A01
201400043246;0;2;0;0;2;1;1;B01
201400043246;1;7;0;0;0;0;0;Z01
201400043247;0;7;0;0;2;1;2;A01
201400043247;0;7;0;0;9;4;2;B01
201400043248;0;10;0;0;1;4;4;A01
201400043249;0;7;0;0;2;3;10;A01
201400043249;0;7;0;0;2;1;13;B01
201400043250;0;7;0;0;2;2;2;A01
201400043250;0;7;0;15;2;6;2;B01
201400043251;0;7;0;0;1;2;4;A01
201400043252;0;7;0;0;0;6;9;A01
201400043252;0;32;0;0;2;1;2;B01
201400043253;0;7;0;0;0;6;12;A01
201400043253;0;32;0;0;2;1;3;B01
201400043254;0;7;0;0;1;0;0;A01
201400043255;0;7;0;14;9;1;1;A01
201400043256;0;7;0;0;1;2;0;A01
201400043257;0;3;0;0;2;1;2;A01
201400043257;0;7;0;0;2;4;15;B01
201400043258;0;7;0;0;2;3;19;A01
201400043258;0;7;0;0;2;2;1;B01
201400043259;0;7;0;0;2;2;0;B01
201400043259;0;33;0;0;2;2;0;A01
201400043260;0;37;1;0;1;2;16;A01
201400043261;1;33;0;0;1;0;1;Z01
201400043262;0;7;0;0;0;4;2;B01
201400043262;1;7;0;0;2;0;0;Z01
201400043263;1;2;0;0;2;0;0;A01
201400043263;0;7;0;0;2;1;1;B01
201400043264;0;7;0;0;1;1;1;A01
201400043265;0;30;0;0;2;1;3;A01
201400043265;0;7;0;0;2;3;11;B01
201400043266;0;7;0;0;1;1;0;A01
201400043267;0;33;0;0;2;1;13;A01
201400043267;0;7;0;0;2;3;1;B01
201400043268;0;33;0;0;2;1;21;A01
201400043268;0;7;0;0;2;2;0;B01
201400043268;1;7;0;0;0;0;22;Z01
201400043269;0;13;0;0;2;5;4;A01
201400043269;0;7;0;0;2;5;10;B01
201400043270;0;7;0;0;2;1;1;A01
201400043270;0;7;0;0;2;7;1;B01
201400043271;0;7;0;0;2;1;1;B01
201400043271;0;7;0;0;2;8;1;A01
201400043272;0;7;0;0;2;1;0;A01
201400043272;0;7;0;0;0;0;0;B01
201400043272;0;7;0;0;0;0;0;C01
201400043273;2;7;0;15;2;1;0;Z01
201400043273;0;7;0;0;2;1;0;B01
201400043274;0;7;0;0;0;1;0;A01
201400043275;0;33;0;0;2;1;17;A01
201400043275;0;7;0;0;2;6;23;B01
201400043276;0;7;0;0;1;1;0;A01
201400043277;0;7;0;0;2;5;2;A01
201400043277;0;2;0;0;2;1;2;B01
201400043278;2;7;0;1;2;1;1;A01
201400043278;0;7;0;0;2;1;16;B01
201400043279;0;7;0;0;1;1;1;A01
201400043280;0;7;0;0;2;3;11;A01
201400043280;0;7;0;0;2;1;2;B01
201400043281;0;2;0;0;0;0;0;A01
201400043282;0;7;0;0;9;1;1;A01
201400043283;0;15;0;0;2;2;14;A01
201400043283;0;7;0;0;2;3;0;B01
201400043284;0;32;0;0;2;2;9;A01
201400043284;0;15;0;0;2;3;2;B01
201400043285;0;7;0;0;4;1;1;A01
201400043285;0;7;0;0;0;0;1;B01
201400043286;1;34;0;0;2;1;1;A01
201400043286;0;7;0;0;2;2;1;B01
201400043287;1;7;0;0;1;1;1;A01
201400043288;0;7;0;0;0;7;15;B01
201400043288;0;33;0;0;2;1;1;A01
201400043289;0;7;0;1;0;9;5;A01
201400043290;0;7;0;0;1;1;1;A01
201400043291;0;34;0;0;2;1;5;A01
201400043291;0;7;0;0;2;1;0;B01
201400043292;0;7;0;0;2;1;0;A01
201400043292;0;1;0;0;2;1;0;B01
201400043293;0;7;0;0;2;1;15;A01
201400043293;0;33;0;0;0;8;1;B01
201400043294;0;10;0;0;1;1;15;A01
201400043295;0;7;0;1;2;8;0;B01
201400043295;0;7;0;0;2;2;9;A01
201400043296;0;7;0;0;2;3;13;A01
201400043296;0;33;0;0;2;7;17;B01
201400043297;0;7;0;0;2;3;10;A01
201400043297;0;32;0;0;2;0;2;B01
201400043297;0;7;0;1;2;6;0;C01
201400043298;0;7;0;0;1;2;12;A01
201400043299;1;30;0;0;0;0;0;A01
201400043299;0;7;0;0;0;0;0;B01
201400043300;0;7;0;0;0;6;23;A01
201400043300;1;30;0;0;2;1;17;B01
201400043301;0;7;0;0;1;2;1;A01
201400043302;1;7;0;0;2;0;0;A01
201400043302;0;33;0;0;2;1;2;B01
201400043303;0;15;0;12;1;5;2;A01
201400043304;0;7;0;0;2;2;10;A01
201400043304;0;33;0;0;2;1;1;B01
201400043305;0;7;0;0;0;7;15;A01
201400043305;0;34;0;0;2;1;1;B01
201400043306;0;30;0;0;0;6;3;A01
201400043306;0;30;0;0;2;1;1;B01
201400043307;0;32;0;0;0;1;1;B01
201400043307;1;7;0;0;0;0;1;Z01
201400043308;0;7;0;0;1;1;1;A01
201400043309;0;7;0;1;0;1;13;A01
201400043310;2;1;0;0;1;1;1;Z01
201400043310;0;7;0;0;1;7;1;A01
201400043311;0;7;0;8;0;1;15;A01
201400043312;0;7;0;0;0;4;1;A01
201400043312;0;7;0;0;2;0;2;B01
201400043313;0;7;0;0;2;2;1;A01
201400043313;0;32;0;0;2;1;1;B01
201400043314;0;7;0;0;1;3;2;A01
201400043315;2;7;0;4;0;0;0;A01
201400043316;0;1;0;0;1;4;2;A01
201400043317;0;7;0;0;2;8;0;A01
201400043317;0;33;0;1;0;1;2;B01
201400043318;0;7;0;0;1;2;0;A01
201400043319;1;7;0;0;0;2;0;A01
201400043319;0;33;0;0;0;4;0;B01
201400043320;0;7;0;0;2;7;9;B01
201400043320;0;7;0;0;2;1;1;A01
201400043321;0;7;0;1;0;1;1;A01
201400043321;0;7;0;0;0;6;0;B01
201400043322;1;30;0;0;1;1;2;Z01
201400043323;1;7;0;0;0;0;0;W01
201400043323;1;7;0;0;0;0;0;X01
201400043323;1;30;0;0;0;0;0;Z01
201400043324;0;7;0;0;1;2;1;A01
201400043325;0;7;0;0;2;1;1;A01
201400043325;0;7;0;0;0;4;23;B01
201400043326;0;7;0;0;1;3;1;A01
201400043327;0;7;0;15;0;1;14;A01
201400043328;0;7;0;0;0;2;1;A01
201400043328;0;7;0;1;2;3;1;B01
201400043329;0;13;0;0;2;1;2;A01
201400043329;0;7;0;0;0;4;2;B01
201400043330;0;7;0;0;9;1;10;A01
201400043330;0;1;0;0;0;0;0;Y01
201400043331;0;7;0;0;0;3;15;A01
201400043331;0;2;0;0;2;1;17;B01
201400043332;0;7;0;0;1;2;1;A01
201400043333;0;7;0;0;2;2;1;A01
201400043333;0;7;0;0;2;6;23;B01
201400043333;0;33;0;0;2;3;3;C01
201400043334;0;7;0;0;2;1;13;A01
201400043334;0;34;0;0;2;1;1;B01
201400043335;0;7;0;1;1;5;1;A01
201400043336;0;10;0;0;1;0;1;A01
201400043337;0;7;0;0;2;7;1;B01
201400043337;2;30;0;0;2;7;19;Z01
201400043338;1;7;0;0;2;8;11;A01
201400043338;0;33;0;0;2;7;0;B01
201400043339;0;7;0;0;2;1;15;A01
201400043339;0;33;0;0;0;1;1;B01
201400043340;0;7;0;14;0;3;1;A01
201400043341;0;7;0;0;2;2;0;B01
201400043341;2;7;0;0;2;3;0;Z01
201400043342;0;37;1;0;1;2;0;A01
201400043343;1;7;0;0;0;0;0;Z01
201400043343;0;7;0;0;2;1;1;A01
201400043344;0;7;0;0;2;3;11;A01
201400043344;0;31;0;0;2;2;2;B01
201400043345;1;34;0;0;1;0;0;Z01
201400043346;0;33;0;0;2;3;21;A01
201400043346;0;7;0;0;0;7;1;B01
201400043346;1;7;0;0;0;0;1;Z01
201400043347;0;7;0;0;2;4;0;A01
201400043347;0;7;0;0;2;4;0;B01
201400043347;0;99;0;0;2;1;0;C01
201400043347;0;7;0;0;2;1;0;D01
201400043348;0;15;0;0;0;0;1;A01
201400043348;0;34;0;12;0;0;0;B01
201400043349;1;7;0;0;1;0;0;Z01
201400043350;0;7;0;0;2;1;1;A01
201400043350;0;7;0;0;2;4;1;B01
201400043351;0;37;20;0;2;2;1;B01
201400043351;0;7;0;0;2;3;9;A01
201400043352;0;13;0;0;2;8;10;A01
201400043352;0;7;0;0;2;7;1;B01
201400043353;0;7;0;0;2;1;1;A01
201400043353;0;7;0;0;0;4;1;B01
201400043354;0;99;0;0;2;3;1;A01
201400043354;0;32;0;0;2;1;1;B01
201400043355;0;7;0;14;0;1;2;A01
201400043355;0;7;0;0;0;4;1;B01
201400043356;0;10;0;0;1;1;1;A01
201400043357;0;33;0;0;0;3;1;B01
201400043357;0;7;0;0;0;2;9;A01
201400043358;0;7;0;9;0;1;13;A01
201400043359;0;7;0;0;2;7;2;B01
201400043359;0;7;0;8;2;1;2;A01
201400043360;0;34;0;0;0;1;3;A01
201400043360;0;7;0;0;0;1;3;B01
201400043361;0;10;0;0;2;5;15;A01
201400043361;0;30;0;0;2;1;21;B01
201400043362;0;10;0;0;1;4;4;A01
201400043363;0;33;0;14;2;7;2;A01
201400043363;1;7;0;0;2;8;2;Z01
201400043364;0;7;0;9;1;1;1;A01
201400043365;0;7;0;0;2;2;10;A01
201400043365;0;33;0;0;2;1;19;B01
201400043366;0;7;0;0;1;1;1;A01
201400043367;0;7;0;0;2;3;16;A01
201400043367;0;7;0;0;2;5;2;B01
201400043368;0;7;0;0;2;3;11;A01
201400043368;0;33;0;0;2;1;1;B01
201400043369;0;32;0;0;1;7;0;A01
201400043370;0;7;0;0;2;7;15;A01
201400043370;0;32;0;0;2;1;1;B01
201400043371;0;10;0;0;2;1;2;A01
201400043371;0;10;0;0;2;4;2;B01
201400043371;0;10;0;0;2;4;2;C01
201400043372;0;7;0;0;1;4;20;A01
201400043373;0;14;0;0;2;2;2;A01
201400043373;0;7;0;0;2;4;2;B01
201400043374;0;7;0;0;0;3;19;B01
201400043374;0;7;0;0;2;2;19;A01
201400043375;0;33;0;0;2;3;1;A01
201400043375;1;7;0;0;0;0;12;Z01
201400043376;1;32;0;0;1;1;0;A01
201400043376;0;13;0;0;0;3;1;B01
201400043377;0;7;0;0;2;8;20;A01
201400043377;0;31;0;0;2;1;1;B01
201400043378;0;7;0;0;2;2;15;A01
201400043378;0;10;0;0;2;3;1;B01
201400043379;0;37;20;0;1;0;7;A01
201400043380;0;7;0;0;2;1;2;A01
201400043380;0;7;0;14;2;1;2;B01
201400043380;0;7;0;0;0;4;23;C01
201400043381;0;33;0;0;2;7;1;A01
201400043381;0;7;0;0;0;3;10;B01
201400043382;0;15;0;0;0;1;1;A01