num_acc;senc;catv;occutc;obs;obsm;choc;manv;num_veh
201400043382;0;15;0;0;0;4;23;B01
201400043383;2;7;0;0;0;7;13;A01
201400043383;0;34;0;0;0;8;2;B01
201400043384;0;20;0;0;0;8;11;A01
201400043384;0;30;0;0;2;1;1;B01
201400043385;0;33;0;0;2;1;1;A01
201400043385;0;7;0;0;2;5;15;B01
201400043386;0;7;0;0;2;6;11;A01
201400043386;0;10;0;1;2;1;1;B01
201400043387;0;7;0;0;9;7;10;A01
201400043387;0;32;0;0;2;1;0;B01
201400043388;0;7;0;0;1;1;2;A01
201400043389;0;20;0;0;2;3;2;A01
201400043389;0;3;0;0;0;5;9;B01
201400043390;0;7;0;0;2;0;0;A01
201400043390;0;7;0;0;0;6;0;B01
201400043391;0;7;0;0;2;2;13;A01
201400043391;0;33;0;0;2;1;1;B01
201400043392;0;7;0;0;2;1;10;A01
201400043392;0;30;0;0;2;8;1;B01
201400043393;0;7;0;0;2;3;1;A01
201400043393;0;7;0;0;2;5;1;B01
201400043394;1;33;0;0;1;0;0;A01
201400043395;0;7;0;0;1;2;2;A01
201400043396;0;7;0;0;0;8;22;A01
201400043396;0;1;0;1;0;7;1;B01
201400043397;0;7;0;0;2;1;0;A01
201400043397;0;7;0;0;2;3;0;B01
201400043398;0;7;0;0;1;4;4;A01
201400043399;0;7;0;0;2;1;2;A01
201400043399;0;7;0;0;0;0;2;C01
201400043399;0;7;0;0;2;4;2;B01
201400043400;0;7;0;0;2;1;0;A01
201400043400;0;7;0;0;0;4;0;B01
201400043401;0;7;0;0;2;2;9;A01
201400043401;0;7;0;0;2;3;0;B01
201400043402;0;30;0;0;1;3;0;A01
201400043403;2;7;0;8;2;2;2;A01
201400043403;2;7;0;0;2;3;1;Z01
201400043404;0;7;0;0;2;2;15;A01
201400043404;0;32;0;0;2;1;2;B01
201400043405;0;3;0;0;1;2;15;A01
201400043406;0;10;0;0;1;0;0;A01
201400043407;0;7;0;0;2;3;9;A01
201400043407;0;30;0;0;2;0;2;B01
201400043408;0;10;0;0;1;3;1;A01
201400043409;0;7;0;0;0;2;9;A01
201400043409;0;7;0;0;0;2;9;B01
201400043410;0;7;0;0;1;3;2;A01
201400043411;0;7;0;9;2;2;2;B01
201400043411;0;7;0;9;2;6;0;A01
201400043412;0;7;0;0;1;0;0;A01
201400043413;0;7;0;0;1;8;1;A01
201400043414;0;7;0;8;0;2;0;A01
201400043415;0;13;0;0;2;2;2;A01
201400043415;0;7;0;0;2;6;1;B01
201400043416;0;34;0;0;2;2;17;A01
201400043416;0;7;0;0;2;3;15;B01
201400043417;0;2;0;0;2;1;1;A01
201400043417;0;7;0;0;2;4;16;B01
201400043418;0;33;0;0;2;2;2;A01
201400043418;0;1;0;0;2;3;11;B01
201400043419;0;7;0;0;0;5;15;A01
201400043419;0;34;0;0;2;3;1;B01
201400043420;0;7;0;0;1;2;2;A01
201400043421;0;7;0;0;0;2;10;A01
201400043421;0;33;0;0;0;8;1;B01
201400043422;0;7;0;0;2;8;9;A01
201400043422;0;14;0;0;2;0;2;B01
201400043423;0;2;0;0;2;1;18;A01
201400043423;0;7;0;0;2;2;16;B01
201400043424;0;7;0;0;1;3;1;A01
201400043425;0;34;0;0;2;1;10;A01
201400043425;0;34;0;0;2;1;1;B01
201400043425;0;7;0;0;2;3;1;C01
201400043426;0;7;0;0;9;7;1;A01
201400043426;0;1;0;0;2;8;1;B01
201400043427;0;10;0;0;2;3;11;A01
201400043427;0;32;0;0;0;0;0;B01
201400043428;0;37;1;0;1;1;1;A01
201400043429;0;7;0;0;0;3;10;A01
201400043429;0;34;0;0;2;1;1;B01
201400043430;0;7;0;0;2;7;15;A01
201400043430;0;34;0;0;2;1;2;B01
201400043431;0;10;0;0;2;2;10;A01
201400043431;0;33;0;0;2;1;2;B01
201400043432;0;33;0;0;2;1;1;A01
201400043432;0;7;0;0;2;3;1;B01
201400043433;0;7;0;0;2;4;1;A01
201400043433;0;7;0;0;2;1;1;B01
201400043434;0;7;0;0;2;3;10;A01
201400043434;0;32;0;0;2;1;1;B01
201400043435;0;7;0;0;1;3;1;A01
201400043436;0;7;0;0;2;3;10;A01
201400043436;0;33;0;0;2;7;17;B01
201400043437;0;34;0;9;1;1;1;A01
201400043438;0;10;0;0;0;3;1;B01
201400043438;0;7;0;1;0;2;15;A01
201400043439;0;99;0;0;2;1;1;A01
201400043439;0;7;0;0;2;7;16;B01
201400043440;1;14;0;14;1;7;1;Z01
201400043441;0;7;0;1;0;2;21;A01
201400043442;0;33;0;0;2;1;1;A01
201400043442;0;7;0;0;2;3;17;B01
201400043442;0;7;0;0;0;1;23;C01
201400043443;0;7;0;0;2;3;11;A01
201400043443;0;31;0;0;2;2;2;B01
201400043444;0;34;0;0;2;3;1;B01
201400043444;0;7;0;0;2;5;9;A01
201400043445;0;17;0;0;2;1;1;A01
201400043445;0;1;0;0;2;8;19;B01
201400043446;0;33;0;0;1;1;21;A01
201400043447;0;10;0;0;0;3;0;A01
201400043447;0;34;0;0;0;2;17;B01
201400043448;0;7;0;0;2;3;5;A01
201400043448;0;10;0;0;2;3;1;B01
201400043449;1;7;0;0;1;1;1;A01
201400043450;0;1;0;0;2;1;1;A01
201400043450;0;7;0;0;2;5;2;B01
201400043451;0;10;0;0;0;3;15;A01
201400043451;0;7;0;0;0;1;1;B01
201400043452;0;7;0;0;0;8;10;A01
201400043452;0;33;0;0;2;1;2;B01
201400043453;0;34;0;0;2;2;12;A01
201400043453;0;7;0;0;2;3;1;B01
201400043454;0;7;0;0;1;2;0;A01
201400043455;0;7;0;0;2;3;11;A01
201400043455;0;32;0;0;2;1;2;B01
201400043456;0;7;0;0;1;1;1;A01
201400043457;0;3;0;9;0;4;2;A01
201400043457;1;7;0;0;2;1;2;Z01
201400043458;0;3;0;0;0;8;10;A01
201400043458;0;32;0;0;0;1;1;B01
201400043459;0;7;0;0;2;4;2;B01
201400043459;0;31;0;0;2;3;2;A01
201400043460;0;7;0;0;0;6;2;A01
201400043460;1;30;0;0;2;1;2;B01
201400043461;0;33;0;0;2;7;1;B01
201400043461;0;7;0;0;2;8;0;C01
201400043461;0;7;0;0;2;3;0;A01
201400043462;0;10;0;0;2;3;0;A01
201400043462;0;33;0;0;2;2;0;B01
201400043463;0;7;0;0;0;3;10;A01
201400043463;0;34;0;0;2;1;2;B01
201400043464;0;10;0;0;1;0;0;A01
201400043465;0;7;0;0;1;3;16;A01
201400043466;0;7;0;4;2;8;1;B01
201400043466;0;7;0;0;2;2;15;A01
201400043467;0;2;0;0;2;1;1;A01
201400043467;0;7;0;0;2;3;1;B01
201400043468;0;7;0;0;2;3;10;A01
201400043468;0;1;0;0;2;1;1;B01
201400043469;0;7;0;1;1;1;0;A01
201400043470;0;33;0;1;2;1;2;A01
201400043470;0;7;0;0;2;5;2;B01
201400043471;0;30;0;0;1;1;1;A01
201400043472;1;7;0;1;0;0;0;A01
201400043472;0;7;0;0;0;0;0;B01
201400043473;0;1;0;0;2;0;2;B01
201400043473;0;32;0;0;2;0;2;A01
201400043474;0;1;0;0;0;8;19;B01
201400043474;0;7;0;0;2;3;15;A01
201400043475;0;7;0;0;2;1;1;A01
201400043475;0;32;0;0;2;1;0;B01
201400043476;0;30;0;0;2;7;19;A01
201400043476;0;7;0;0;2;1;1;B01
201400043477;0;7;0;0;1;4;4;A01
201400043478;0;7;0;0;0;8;0;A01
201400043478;0;1;0;0;0;1;1;B01
201400043479;0;7;0;0;2;1;1;A01
201400043479;0;33;0;0;2;7;0;B01
201400043480;0;7;0;0;0;1;19;A01
201400043480;0;7;0;0;0;1;1;B01
201400043481;0;37;0;0;2;3;1;B01
201400043481;0;7;0;0;2;2;1;A01
201400043482;0;7;0;0;1;1;9;A01
201400043483;0;10;0;0;0;2;15;A01
201400043483;0;34;0;0;0;6;1;B01
201400043484;0;7;0;0;2;4;1;A01
201400043484;0;34;0;0;0;4;1;B01
201400043485;0;7;0;0;1;8;1;A01
201400043486;0;30;0;0;2;1;13;A01
201400043486;0;7;0;0;2;3;13;B01
201400043486;0;7;0;0;0;3;0;C01
201400043486;0;7;0;0;0;3;0;D01
201400043487;0;32;0;0;2;1;0;A01
201400043487;0;10;0;0;2;3;13;B01
201400043487;0;7;0;0;2;2;13;C01
201400043488;0;34;0;0;2;1;21;A01
201400043488;0;34;0;0;2;5;0;B01
201400043488;0;7;0;0;2;3;0;C01
201400043489;0;32;0;0;2;1;5;A01
201400043489;0;32;0;0;2;1;1;B01
201400043490;0;34;0;0;2;1;1;A01
201400043490;0;7;0;0;2;3;1;B01
201400043491;0;33;0;1;0;1;5;A01
201400043491;0;7;0;1;0;1;9;B01
201400043492;0;7;0;1;0;3;20;A01
201400043492;0;32;0;0;2;2;1;B01
201400043493;0;7;0;0;1;7;1;A01
201400043494;0;34;0;0;2;1;17;B01
201400043494;2;7;0;0;2;3;6;A01
201400043495;0;7;0;11;0;1;2;A01
201400043496;0;7;0;0;2;4;11;A01
201400043496;0;7;0;0;2;6;2;B01
201400043496;0;7;0;0;2;1;1;C01
201400043497;0;7;0;0;1;1;1;A01
201400043498;0;7;0;0;2;3;0;A01
201400043498;0;32;0;0;2;2;0;B01
201400043499;0;7;0;0;2;2;1;A01
201400043499;0;7;0;0;2;7;19;B01
201400043500;0;7;0;0;2;2;2;A01
201400043500;0;7;0;0;2;3;2;B01
201400043501;0;7;0;0;2;0;15;A01
201400043501;0;33;0;0;2;1;2;B01
201400043502;0;7;0;0;2;1;0;A01
201400043502;0;32;0;0;2;8;0;B01
201400043503;0;7;0;0;1;1;1;A01
201400043504;0;7;0;0;1;3;0;A01
201400043505;0;7;0;0;0;2;11;A01
201400043505;0;31;0;0;2;3;1;B01
201400043506;1;2;0;1;0;1;1;B01
201400043506;0;7;0;0;0;6;0;A01
201400043507;1;7;0;0;2;0;0;A01
201400043507;0;2;0;0;2;2;20;B01
201400043508;0;7;0;0;1;2;1;A01
201400043509;0;7;0;0;0;1;2;A01
201400043509;0;7;0;0;0;4;23;B01
201400043510;0;7;0;0;2;2;1;A01
201400043510;0;1;0;0;2;5;1;B01
201400043511;1;33;0;0;1;0;0;A01
201400043512;0;7;0;0;2;1;0;A01
201400043512;0;7;0;0;2;2;19;B01
201400043513;0;31;0;0;1;2;11;A01
201400043514;0;7;0;0;2;1;1;A01
201400043514;0;7;0;0;2;7;11;B01
201400043515;1;99;0;0;1;0;0;A01
201400043516;0;7;0;0;1;7;1;A01
201400043517;0;7;0;0;1;3;0;A01
201400043518;0;7;0;3;0;7;9;A01
201400043518;0;7;0;0;0;1;0;B01
201400043519;0;32;0;1;0;0;0;A01
201400043519;0;7;0;0;2;0;0;B01
201400043520;0;7;0;0;2;1;2;A01
201400043520;0;7;0;0;2;4;2;B01
201400043520;0;7;0;0;0;4;2;C01
201400043521;0;7;0;0;0;3;1;A01
201400043521;0;2;0;0;2;1;2;B01
201400043522;0;7;0;0;2;1;2;A01
201400043522;0;7;0;0;0;0;0;B01
201400043523;0;7;0;0;1;1;1;A01
201400043524;0;7;0;0;2;1;2;A01
201400043524;0;7;0;0;0;4;2;B01
201400043525;0;30;0;0;2;1;1;A01
201400043525;0;7;0;0;2;7;15;B01
201400043526;0;7;0;0;2;1;1;A01
201400043526;0;7;0;0;2;2;1;B01
201400043527;0;10;0;0;1;1;1;A01
201400043528;0;7;0;0;2;1;12;A01
201400043528;0;1;0;0;2;7;1;B01
201400043529;0;37;10;0;1;0;0;A01
201400043530;0;7;0;0;1;1;2;A01
201400043531;0;7;0;0;2;2;1;B01
201400043531;0;7;0;0;2;6;1;C01
201400043531;0;20;0;2;2;1;1;A01
201400043532;0;7;0;0;1;1;0;A01
201400043533;0;7;0;8;0;2;2;A01
201400043534;0;7;0;0;2;0;15;A01
201400043534;0;7;0;8;2;1;1;B01
201400043535;0;7;0;0;2;8;1;A01
201400043535;0;7;0;0;2;3;15;B01
201400043536;0;7;0;0;1;2;0;A01
201400043537;0;7;0;0;2;1;1;A01
201400043537;0;30;0;0;2;4;1;B01
201400043538;0;7;0;0;1;3;0;A01
201400043539;0;7;0;0;2;3;2;A01
201400043539;0;7;0;0;0;6;10;B01
201400043540;0;7;0;0;1;3;1;A01
201400043541;0;7;0;0;2;3;10;A01
201400043541;0;33;0;0;2;2;13;B01
201400043541;0;7;0;0;0;8;1;C01
201400043542;0;33;0;0;2;3;1;A01
201400043542;0;7;0;0;2;5;12;B01
201400043543;0;7;0;0;2;2;17;A01
201400043543;0;7;0;0;0;8;10;B01
201400043544;0;7;0;0;1;1;1;A01
201400043545;0;7;0;0;2;2;1;A01
201400043545;0;7;0;0;2;3;1;B01
201400043546;0;34;0;0;2;1;17;A01
201400043546;0;7;0;0;0;6;10;B01
201400043547;0;7;0;0;1;1;0;A01
201400043548;0;30;0;0;2;8;5;A01
201400043548;0;7;0;0;2;1;1;B01
201400043549;0;7;0;0;2;1;15;A01
201400043549;0;7;0;0;2;1;1;B01
201400043550;0;99;0;0;1;2;1;A01
201400043551;0;32;0;0;2;1;1;A01
201400043551;0;7;0;0;2;3;15;B01
201400043552;0;7;0;0;1;3;1;A01
201400043553;0;7;0;0;0;2;12;A01
201400043553;0;33;0;0;2;3;0;B01
201400043554;0;7;0;0;2;1;10;A01
201400043554;0;33;0;0;2;8;1;B01
201400043555;0;7;0;0;1;7;13;A01
201400043556;1;7;0;0;1;3;16;Z01
201400043557;0;7;0;0;1;1;1;A01
201400043557;0;7;0;0;1;0;1;B01
201400043558;0;7;0;1;0;2;1;A01
201400043559;2;7;0;0;2;1;1;A01
201400043559;0;7;0;0;0;4;1;B01
201400043560;0;7;0;0;1;3;1;A01
201400043561;2;7;0;4;1;1;0;A01
201400043562;0;7;0;0;0;4;23;A01
201400043562;0;7;0;0;2;1;1;B01
201400043563;1;7;0;0;2;1;2;A01
201400043563;0;7;0;0;2;4;2;B01
201400043563;1;7;0;0;0;4;0;C01
201400043564;0;15;0;0;1;6;1;A01
201400043565;0;7;0;0;0;0;0;B01
201400043565;0;30;0;0;0;0;0;A01
201400043566;0;7;0;0;1;5;4;A01
201400043567;0;7;0;0;1;7;1;A01
201400043568;0;7;0;0;1;1;1;A01
201400043569;0;37;1;0;2;8;13;A01
201400043569;0;33;0;0;2;7;1;B01
201400043570;0;7;0;0;2;7;2;A01
201400043570;0;32;0;0;2;8;2;B01
201400043571;0;34;0;0;1;1;2;A01
201400043572;0;7;0;0;1;4;4;A01
201400043573;0;7;0;0;2;7;9;A01
201400043573;0;32;0;0;2;8;7;B01
201400043574;0;7;0;0;2;3;5;A01
201400043574;0;7;0;0;2;3;5;B01
201400043575;0;33;0;0;2;3;12;A01
201400043575;0;10;0;0;2;2;16;B01
201400043576;0;13;0;0;2;0;17;A01
201400043576;0;34;0;0;2;0;17;B01
201400043577;0;10;0;0;0;4;23;A01
201400043577;0;7;0;0;2;4;23;B01
201400043577;0;7;0;0;2;1;2;C01
201400043577;0;7;0;0;2;1;2;D01
201400043578;2;7;0;9;2;1;2;A01
201400043578;0;7;0;15;2;5;2;B01
201400043579;0;7;0;0;1;2;16;A01
201400043580;0;7;0;0;1;1;1;A01
201400043581;0;7;0;0;2;1;0;A01
201400043581;0;7;0;0;2;7;10;B01
201400043582;1;7;0;0;2;1;0;B01
201400043582;0;7;0;0;2;1;21;A01
201400043583;0;33;0;0;2;7;17;A01
201400043583;0;7;0;0;2;3;15;B01
201400043584;0;7;0;0;2;8;1;A01
201400043584;0;7;0;0;2;1;1;B01
201400043585;0;7;0;2;1;1;1;A01
201400043586;0;2;0;0;0;1;2;B01
201400043586;0;7;0;0;0;6;2;A01
201400043587;0;7;0;0;2;3;13;A01
201400043587;0;7;0;0;2;3;1;B01
201400043588;0;7;0;0;2;1;0;A01
201400043588;0;7;0;0;2;1;0;B01
201400043589;1;2;0;0;2;3;14;A01
201400043589;0;7;0;0;2;1;1;B01
201400043590;0;7;0;0;0;1;1;A01
201400043590;0;7;0;0;0;4;0;B01
201400043591;0;7;0;0;0;2;2;A01
201400043591;0;7;0;0;0;6;11;B01
201400043592;0;7;0;0;2;1;1;A01
201400043592;0;7;0;0;2;7;11;B01
201400043593;0;2;0;0;0;4;2;B01
201400043593;1;7;0;0;0;1;2;Z01
201400043594;0;7;0;0;2;1;0;A01
201400043594;0;7;0;0;0;4;2;B01
201400043595;0;7;0;0;2;8;5;A01
201400043595;0;7;0;0;2;1;9;B01
201400043596;0;7;0;1;0;1;0;A01
201400043596;0;7;0;0;2;4;0;B01
201400043596;0;7;0;0;2;2;0;C01
201400043597;0;7;0;0;1;6;4;A01
201400043598;0;7;0;2;9;7;5;A01
201400043599;0;7;0;0;2;7;9;A01
201400043599;0;30;0;0;2;1;1;B01
201400043600;0;7;0;0;1;2;1;A01
201400043601;0;33;0;0;0;7;1;A01
201400043602;0;7;0;0;2;1;0;A01
201400043602;0;7;0;0;2;2;0;B01
201400043603;0;7;0;0;0;1;1;A01
201400043603;0;7;0;0;0;8;1;B01
201400043604;0;33;0;0;2;8;2;A01
201400043604;0;7;0;0;2;7;2;B01
201400043605;0;7;0;0;1;1;1;A01
201400043606;0;7;0;0;2;2;1;A01
201400043606;0;7;0;0;2;1;15;B01
201400043606;0;7;0;0;2;3;23;C01
201400043607;0;7;0;0;1;1;1;A01
201400043608;0;7;0;0;0;4;2;B01
201400043608;0;10;0;0;2;1;2;A01
201400043609;0;33;0;0;2;1;0;B01
201400043609;0;7;0;0;2;1;15;A01
201400043610;0;7;0;0;2;1;0;A01
201400043610;0;7;0;0;2;4;0;B01
201400043611;0;7;0;0;2;1;2;A01
201400043611;0;7;0;0;0;6;2;B01
201400043612;0;34;0;0;2;1;19;A01
201400043612;0;7;0;0;2;5;19;B01
201400043613;0;34;0;0;2;1;13;A01
201400043613;0;7;0;0;0;1;0;B01
201400043614;0;7;0;0;0;4;0;A01
201400043614;0;7;0;0;0;0;0;B01
201400043615;0;7;0;0;2;3;9;A01
201400043615;1;99;0;0;2;0;1;B01
201400043616;0;7;0;0;2;1;2;A01
201400043616;0;10;0;0;2;4;1;B01
201400043617;0;7;0;15;0;1;16;B01
201400043618;0;7;0;0;1;2;1;A01
201400043619;0;7;0;0;0;1;9;A01
201400043619;0;7;0;0;2;1;1;B01
201400043620;0;10;0;0;1;2;4;A01
201400043621;0;7;0;0;2;2;0;A01
201400043621;0;33;0;0;2;8;0;B01
201400043622;0;7;0;0;0;1;5;A01
201400043622;0;7;0;0;2;1;1;B01
201400043623;0;7;0;1;0;3;1;A01
201400043624;0;7;0;0;0;2;14;A01
201400043624;0;7;0;0;0;2;0;B01
201400043625;1;10;0;0;1;0;0;A01
201400043626;0;7;0;0;2;2;1;A01
201400043626;0;7;0;0;0;8;10;B01
201400043627;0;7;0;0;2;8;2;A01
201400043627;0;7;0;0;2;1;0;B01
201400043628;0;7;0;2;0;2;0;A01
201400043629;0;7;0;0;1;1;15;A01
201400043630;0;10;0;0;1;1;1;A01
201400043631;0;7;0;0;0;1;0;A01
201400043631;0;7;0;0;0;1;0;B01
201400043632;0;7;0;0;0;3;5;A01
201400043632;0;7;0;0;0;0;1;B01
201400043633;0;7;0;0;0;0;0;B01
201400043633;0;7;0;0;0;0;1;A01
201400043634;0;7;0;0;2;2;1;A01
201400043634;0;34;0;0;2;1;1;B01
201400043635;0;7;0;0;1;2;1;A01
201400043636;0;1;0;0;2;1;1;A01
201400043636;0;7;0;0;9;3;0;B01
201400043637;0;10;0;0;2;5;0;A01
201400043637;0;10;0;0;2;1;1;B01
201400043638;0;7;0;0;2;1;2;A01
201400043638;0;7;0;0;2;4;2;B01
201400043639;0;7;0;0;2;1;2;A01
201400043639;0;3;0;0;0;4;2;B01
201400043640;0;1;0;0;0;1;0;A01
201400043640;0;7;0;0;9;1;2;B01
201400043641;0;7;0;0;1;3;1;A01
201400043642;0;7;0;0;2;1;1;A01
201400043642;0;7;0;0;0;4;1;B01
201400043643;0;33;0;0;2;1;0;B01
201400043643;0;7;0;0;0;8;0;A01
201400043644;0;7;0;0;1;1;0;A01
201400043645;0;7;0;8;0;1;0;A01
201400043646;0;32;0;0;2;1;2;A01
201400043646;0;7;0;0;0;4;2;B01
201400043647;0;10;0;0;2;1;2;A01
201400043647;0;7;0;0;0;4;2;B01
201400043648;0;7;0;0;2;7;0;A01
201400043648;0;7;0;0;2;1;0;B01
201400043649;0;33;0;0;0;9;2;B01
201400043649;0;7;0;0;0;3;9;A01
201400043650;1;7;0;0;2;1;2;A01
201400043650;0;7;0;0;2;4;23;B01
201400043651;0;7;0;0;0;1;2;A01
201400043651;0;7;0;0;0;4;2;B01
201400043652;0;7;0;0;0;2;9;A01
201400043652;0;1;0;0;2;6;0;B01
201400043653;0;7;0;0;2;1;2;A01
201400043653;0;7;0;0;2;4;2;B01
201400043653;0;7;0;0;2;4;2;C01
201400043654;0;7;0;0;2;3;0;B01
201400043654;0;7;0;0;2;3;9;A01
201400043655;0;7;0;0;0;1;1;A01
201400043655;0;7;0;0;0;9;2;B01
201400043655;0;7;0;0;0;6;2;C01
201400043656;0;7;0;0;2;2;1;A01
201400043656;0;7;0;0;2;1;15;B01
201400043656;0;7;0;0;2;1;15;C01
201400043657;0;7;0;0;2;1;2;A01
201400043657;0;7;0;0;2;4;2;B01
201400043658;0;37;0;0;1;2;1;A01
201400043659;0;7;0;0;2;1;0;A01
201400043659;0;7;0;0;2;1;0;B01
201400043660;0;10;0;0;2;3;15;A01
201400043660;0;34;0;0;2;1;1;B01
201400043661;0;10;0;3;0;2;2;A01
201400043662;0;7;0;0;2;6;1;B01
201400043663;0;7;0;0;0;6;0;A01
201400043663;0;7;0;0;2;3;2;B01
201400043664;0;7;0;0;1;1;9;A01
201400043665;0;7;0;0;1;7;1;A01
201400043666;0;7;0;0;1;0;2;A01
201400043667;0;34;0;0;2;1;1;B01
201400043667;0;7;0;1;2;7;14;A01
201400043668;0;7;0;0;2;4;2;B01
201400043668;0;2;0;0;2;1;1;A01
201400043669;0;7;0;0;2;1;1;A01
201400043669;0;7;0;0;2;4;1;B01
201400043670;0;7;0;1;9;8;22;A01
201400043670;0;1;0;1;9;1;2;B01
201400043671;0;7;0;0;2;2;15;A01
201400043671;0;32;0;0;2;1;1;B01
201400043672;1;7;0;0;1;4;4;Z01
201400043673;0;32;0;0;2;1;1;B01
201400043673;1;7;0;0;2;2;15;A01
201400043674;0;2;0;0;2;1;17;A01
201400043674;0;7;0;0;2;3;15;B01
201400043675;0;34;0;0;2;1;1;A01
201400043675;0;7;0;0;2;3;1;B01
201400043676;0;10;0;0;2;3;17;A01
201400043676;0;30;0;0;2;1;1;B01
201400043677;0;7;0;0;2;6;15;B01
201400043677;0;33;0;0;2;1;21;A01
201400043678;0;7;0;0;2;1;1;B01
201400043678;0;7;0;0;2;7;1;A01
201400043679;0;34;0;1;2;1;6;A01
201400043679;0;7;0;0;2;3;5;B01
201400043680;0;7;0;0;2;4;23;B01
201400043680;0;7;0;0;2;1;2;A01
201400043681;0;7;0;0;1;1;1;A01
201400043682;0;30;0;0;2;4;1;B01
201400043682;0;30;0;0;2;1;2;A01
201400043683;0;33;0;0;2;1;17;A01
201400043683;0;7;0;0;2;6;9;B01
201400043684;0;7;0;0;2;7;1;B01
201400043684;0;10;0;0;2;5;2;A01
201400043685;0;7;0;0;2;2;1;A01
201400043685;0;7;0;0;2;3;16;B01
201400043686;0;32;0;0;2;4;11;B01
201400043686;0;7;0;0;2;1;1;A01
201400043687;0;10;0;0;2;1;2;A01
201400043687;0;10;0;0;2;4;1;B01
201400043688;0;7;0;0;2;8;1;B01
201400043688;0;7;0;0;2;1;1;A01
201400043689;0;7;0;0;2;7;22;A01
201400043689;0;1;0;1;2;3;1;B01
201400043690;0;2;0;0;2;8;15;A01
201400043690;0;7;0;0;2;1;1;B01
201400043691;0;7;0;0;2;1;1;A01
201400043691;0;10;0;0;2;6;1;B01
201400043692;0;7;0;0;1;1;15;A01
201400043693;0;7;0;0;2;1;1;B01
201400043693;0;10;0;1;2;1;5;A01
201400043694;0;7;0;0;1;2;17;A01
201400043695;0;31;0;0;1;1;0;A01
201400043696;0;7;0;0;0;1;1;A01
201400043697;0;7;0;15;0;1;2;A01
201400043698;0;7;0;0;1;1;1;A01
201400043699;0;30;0;0;2;1;1;A01
201400043699;0;7;0;0;2;3;15;B01
201400043700;0;32;0;0;0;1;1;A01
201400043700;0;7;0;0;0;3;15;B01
201400043701;0;7;0;1;1;1;1;A01
201400043702;0;31;0;0;0;1;0;A01
201400043702;1;7;0;0;0;4;0;B01
201400043703;0;10;0;0;0;4;15;A01
201400043703;0;32;0;0;2;1;1;B01
201400043704;0;7;0;0;1;1;2;A01
201400043705;0;7;0;0;2;1;9;A01
201400043705;0;33;0;0;2;2;1;B01
201400043706;0;7;0;0;1;0;0;A01
201400043707;0;7;0;0;1;1;1;A01
201400043708;0;7;0;0;1;2;16;A01
201400043709;0;7;0;0;1;2;1;A01
201400043710;0;7;0;0;2;4;23;B01
201400043710;0;7;0;0;2;1;2;A01
201400043710;0;7;0;0;2;3;1;C01
201400043711;0;30;0;0;1;1;1;A01
201400043712;0;7;0;0;2;2;9;A01
201400043712;0;7;0;0;2;3;1;B01
201400043713;0;32;0;0;2;1;1;A01
201400043713;0;7;0;0;2;3;1;B01
201400043714;0;7;0;8;0;1;1;A01
201400043715;0;7;0;4;0;1;1;A01
201400043716;0;7;0;0;2;1;2;A01
201400043716;0;7;0;0;2;9;2;B01
201400043716;0;7;0;0;2;4;23;C01
201400043717;0;7;0;0;2;1;1;A01
201400043717;0;7;0;0;2;4;1;B01
201400043718;0;33;0;0;0;1;1;A01
201400043718;0;7;0;0;0;8;16;B01
201400043719;0;33;0;0;2;1;15;B01
201400043719;0;7;0;0;2;3;1;A01
201400043720;0;7;0;8;0;2;1;A01
201400043721;0;33;0;0;2;1;17;A01
201400043721;0;33;0;0;2;1;1;B01
201400043722;0;7;0;0;2;4;2;A01
201400043722;0;7;0;0;1;7;1;B01
201400043723;0;7;0;0;2;1;2;A01
201400043723;0;3;0;0;0;6;15;B01
201400043724;0;32;0;0;0;8;14;A01
201400043725;0;7;0;0;2;8;13;A01
201400043725;0;33;0;0;2;7;17;B01
201400043726;0;7;0;12;0;9;1;A01
201400043727;0;7;0;0;1;2;1;A01
201400043728;0;7;0;0;1;2;16;A01
201400043729;0;7;0;11;0;2;1;A01
201400043730;0;7;0;0;2;1;15;A01
201400043730;0;31;0;0;2;7;1;B01
201400043731;0;2;0;0;2;1;13;A01
201400043731;0;7;0;0;2;3;1;B01
201400043732;0;7;0;0;1;1;1;A01
201400043733;0;7;0;0;1;4;4;A01
201400043734;0;7;0;0;2;3;1;B01
201400043734;2;10;0;0;2;3;1;A01
201400043735;0;30;0;0;0;2;1;A01
201400043736;0;14;0;2;0;1;1;A01
201400043737;0;7;0;0;9;2;20;A01
201400043737;0;1;0;0;2;8;1;B01
201400043738;0;7;0;0;2;5;15;A01
201400043738;0;33;0;0;2;2;1;B01
201400043739;0;7;0;0;1;1;9;A01
201400043740;0;10;0;0;0;1;1;A01
201400043740;0;7;0;0;0;9;23;B01
201400043740;0;7;0;0;0;4;23;C01
201400043741;0;37;40;0;2;1;1;B01
201400043741;0;7;0;0;2;3;15;A01
201400043742;1;7;0;0;1;7;1;Z01
201400043743;0;7;0;0;2;3;2;A01
201400043743;0;7;0;0;2;5;1;B01
201400043744;0;7;0;0;1;2;2;A01
201400043745;0;30;0;0;0;7;16;A01
201400043746;0;7;0;0;1;2;1;A01
201400043747;0;7;0;0;2;1;1;A01
201400043747;0;7;0;9;2;7;1;B01
201400043748;0;7;0;0;1;3;15;A01
201400043749;0;7;0;0;2;5;11;A01
201400043749;0;7;0;0;2;1;1;B01
201400043750;0;7;0;0;2;8;9;B01