num_acc;senc;catv;occutc;obs;obsm;choc;manv;num_veh
201400043750;0;33;0;0;2;1;1;A01
201400043751;0;7;0;0;2;8;16;A01
201400043751;0;2;0;0;2;1;1;B01
201400043751;0;7;0;0;2;1;23;C01
201400043752;0;7;0;0;2;1;15;A01
201400043752;0;7;0;0;2;3;1;B01
201400043753;0;7;0;8;0;3;1;A01
201400043754;0;7;0;0;1;3;1;A01
201400043755;0;7;0;0;1;3;1;A01
201400043756;0;7;0;0;2;2;1;B01
201400043756;0;7;0;0;2;3;1;A01
201400043757;0;7;0;0;2;4;1;B01
201400043757;0;34;0;0;2;1;2;A01
201400043758;0;7;0;0;0;1;1;A01
201400043759;0;7;0;0;1;4;4;A01
201400043760;0;7;0;8;0;1;2;A01
201400043761;0;7;0;0;1;1;15;A01
201400043762;0;37;10;0;2;3;15;A01
201400043762;0;7;0;0;2;3;1;B01
201400043763;0;1;0;0;0;0;1;A01
201400043764;0;7;0;0;2;3;1;A01
201400043764;0;7;0;0;2;3;15;B01
201400043765;0;7;0;14;2;3;13;A01
201400043765;0;7;0;0;2;2;1;B01
201400043766;0;7;0;0;2;2;12;A01
201400043766;0;33;0;0;2;8;3;B01
201400043767;0;7;0;0;1;1;1;A01
201400043768;0;31;0;16;0;8;1;A01
201400043769;0;7;0;0;1;1;1;A01
201400043770;0;7;0;0;2;4;23;C01
201400043770;0;7;0;0;2;1;2;A01
201400043770;0;7;0;0;2;4;2;B01
201400043771;0;7;0;0;1;2;17;A01
201400043772;0;34;0;14;0;9;1;A01
201400043773;0;33;0;0;2;1;1;B01
201400043773;0;7;0;0;2;6;9;A01
201400043774;0;7;0;0;2;1;1;B01
201400043774;0;7;0;0;2;8;19;A01
201400043775;0;30;0;0;2;5;1;A01
201400043775;0;7;0;0;2;2;15;B01
201400043776;0;7;0;0;1;3;1;A01
201400043777;0;34;0;0;2;1;0;A01
201400043777;0;7;0;0;2;1;15;B01
201400043778;0;7;0;0;2;9;23;B01
201400043778;0;7;0;0;2;9;23;C01
201400043778;0;7;0;0;2;4;23;D01
201400043778;0;7;0;0;2;1;2;A01
201400043779;0;33;0;16;0;1;1;A01
201400043780;0;7;0;0;2;1;15;A01
201400043780;0;32;0;0;2;7;1;B01
201400043781;0;34;0;0;2;1;2;A01
201400043781;0;7;0;0;2;6;16;B01
201400043782;0;30;0;0;2;1;1;A01
201400043782;0;7;0;0;2;8;15;B01
201400043783;0;2;0;0;0;7;1;A01
201400043784;0;10;0;0;2;1;15;A01
201400043784;0;33;0;0;2;1;1;B01
201400043785;0;1;0;0;2;3;1;B01
201400043785;0;7;0;0;9;7;1;A01
201400043786;0;7;0;0;1;3;16;A01
201400043787;0;7;0;11;0;1;6;A01
201400043788;0;7;0;2;0;1;14;A01
201400043789;0;34;0;0;0;8;1;A01
201400043790;0;7;0;0;1;1;1;A01
201400043791;0;2;0;0;2;1;2;A01
201400043791;0;7;0;0;2;4;2;B01
201400043792;0;7;0;0;1;2;14;A01
201400043793;0;34;0;0;2;7;17;B01
201400043793;0;7;0;0;2;3;9;A01
201400043794;0;7;0;0;2;2;1;A01
201400043794;0;7;0;0;2;6;20;B01
201400043795;0;32;0;0;0;4;1;B01
201400043795;0;2;0;0;2;1;1;A01
201400043796;0;7;0;0;2;3;20;A01
201400043796;0;7;0;0;2;2;1;B01
201400043797;0;1;0;0;2;3;19;A01
201400043797;0;37;1;0;2;1;1;B01
201400043798;0;7;0;0;2;6;23;B01
201400043798;0;7;0;0;2;2;2;A01
201400043799;0;7;0;0;2;1;2;A01
201400043799;0;7;0;0;2;6;9;B01
201400043800;0;7;0;0;2;4;1;B01
201400043800;0;7;0;0;2;1;2;A01
201400043801;0;14;0;0;2;4;9;A01
201400043801;0;31;0;0;2;1;1;B01
201400043802;1;7;0;0;1;1;1;A01
201400043803;0;34;0;11;0;1;1;A01
201400043804;0;7;0;0;2;1;1;B01
201400043804;1;30;0;0;2;8;1;A01
201400043805;0;2;0;0;2;1;1;B01
201400043805;0;7;0;0;2;5;15;A01
201400043806;0;7;0;9;0;1;1;A01
201400043807;0;2;0;12;0;1;5;A01
201400043808;0;7;0;0;2;4;23;C01
201400043808;0;7;0;0;2;1;2;A01
201400043808;0;31;0;0;2;9;23;B01
201400043809;0;7;0;0;2;4;23;C01
201400043809;0;7;0;0;2;1;2;A01
201400043809;0;7;0;14;2;9;2;B01
201400043810;0;33;0;14;0;1;21;B01
201400043811;0;7;0;14;0;9;1;A01
201400043812;0;7;0;4;0;9;1;A01
201400043813;0;7;0;0;2;4;20;B01
201400043813;0;37;60;0;2;1;2;A01
201400043814;0;33;0;0;2;1;1;B01
201400043814;0;7;0;0;2;1;15;A01
201400043815;0;10;0;0;2;1;1;A01
201400043815;0;7;0;0;2;4;23;B01
201400043816;0;7;0;0;2;3;20;A01
201400043816;0;32;0;0;2;1;2;B01
201400043817;0;7;0;1;0;2;13;A01
201400043818;0;7;0;0;1;3;1;A01
201400043819;0;7;0;2;0;1;1;A01
201400043820;0;7;0;0;2;2;1;A01
201400043820;0;7;0;0;2;1;5;B01
201400043821;0;7;0;0;2;1;2;C01
201400043821;0;7;0;0;2;9;23;B01
201400043821;0;7;0;0;2;4;23;A01
201400043822;0;7;0;0;2;2;1;A01
201400043822;0;33;0;0;2;3;15;B01
201400043823;0;33;0;0;1;2;1;A01
201400043824;0;7;0;0;1;2;1;A01
201400043825;0;34;0;0;0;7;1;A01
201400043826;0;32;0;14;0;1;1;A01
201400043827;0;7;0;0;1;3;1;A01
201400043828;0;7;0;0;1;3;1;A01
201400043829;0;7;0;0;2;7;15;A01
201400043829;0;7;0;0;2;1;1;B01
201400043830;0;7;0;0;2;8;2;B01
201400043830;0;2;0;0;2;1;1;A01
201400043831;0;7;0;0;2;2;3;A01
201400043831;0;7;0;0;2;6;15;B01
201400043832;0;7;0;0;2;1;2;A01
201400043832;0;7;0;0;2;4;4;B01
201400043833;0;32;0;12;0;7;1;A01
201400043834;0;7;0;0;2;1;11;A01
201400043834;0;7;0;0;2;4;23;B01
201400043835;0;33;0;0;2;1;2;A01
201400043835;0;10;0;0;2;4;2;B01
201400043836;0;7;0;0;2;3;2;A01
201400043836;0;7;0;0;2;5;23;B01
201400043837;0;1;0;0;2;1;1;B01
201400043837;0;7;0;0;2;2;1;A01
201400043838;0;7;0;0;0;4;1;B01
201400043838;0;37;0;0;2;1;1;A01
201400043839;0;7;0;14;2;4;1;B01
201400043839;0;33;0;0;2;1;21;A01
201400043840;0;7;0;0;2;2;1;B01
201400043840;0;10;0;0;2;1;1;A01
201400043841;0;1;0;0;2;7;1;B01
201400043841;0;7;0;0;2;2;9;A01
201400043842;0;10;0;0;2;1;2;A01
201400043842;0;7;0;0;2;4;23;D01
201400043842;0;7;0;0;2;9;23;B01
201400043842;0;7;0;0;2;9;23;C01
201400043843;0;30;0;0;2;1;1;B01
201400043843;0;7;0;0;2;3;9;A01
201400043844;0;7;0;0;1;1;1;A01
201400043845;0;7;0;0;1;1;15;A01
201400043846;0;7;0;0;2;1;15;A01
201400043846;0;1;0;0;2;1;1;B01
201400043847;0;7;0;0;1;3;1;A01
201400043848;0;7;0;0;2;4;2;C01
201400043848;0;7;0;0;2;4;2;B01
201400043848;0;7;0;0;2;1;2;A01
201400043849;0;10;0;0;2;4;23;B01
201400043849;0;10;0;0;2;1;2;A01
201400043850;0;7;0;0;1;4;20;A01
201400043851;0;7;0;0;2;1;5;A01
201400043851;0;7;0;0;2;1;1;B01
201400043852;1;7;0;0;2;7;10;A01
201400043852;0;30;0;0;2;1;1;B01
201400043853;0;7;0;0;2;4;1;D01
201400043853;0;7;0;0;2;9;2;C01
201400043853;0;7;0;0;2;1;2;A01
201400043853;0;7;0;0;2;9;2;B01
201400043854;0;10;0;0;1;1;1;A01
201400043855;0;10;0;0;1;2;1;A01
201400043856;0;2;0;0;2;1;1;B01
201400043856;0;7;0;0;2;4;1;A01
201400043857;0;30;0;0;2;1;1;A01
201400043857;0;10;0;0;2;3;1;B01
201400043858;0;7;0;0;2;1;1;B01
201400043858;0;7;0;0;2;1;1;A01
201400043859;0;7;0;0;2;3;1;B01
201400043859;0;2;0;0;2;1;1;A01
201400043860;0;7;0;0;1;1;1;A01
201400043861;0;7;0;0;2;2;15;A01
201400043861;0;33;0;0;2;3;1;B01
201400043862;0;7;0;0;1;1;1;A01
201400043863;0;7;0;0;2;8;16;B01
201400043863;0;7;0;0;2;1;1;A01
201400043864;0;7;0;0;1;2;1;A01
201400043865;0;7;0;0;2;6;1;B01
201400043865;0;33;0;0;2;2;2;A01
201400043866;0;7;0;0;1;2;1;A01
201400043867;0;34;0;1;0;1;1;A01
201400043868;0;7;0;12;2;1;1;A01
201400043868;0;7;0;0;2;3;1;B01
201400043869;0;7;0;0;1;1;1;A01
201400043870;0;7;0;0;1;4;20;A01
201400043871;2;30;0;0;1;2;1;A01
201400043872;0;7;0;0;1;1;1;A01
201400043873;1;10;0;0;2;2;17;Z01
201400043873;0;1;0;0;2;4;1;B01
201400043873;0;1;0;0;2;4;1;A01
201400043874;0;1;0;0;2;1;1;A01
201400043874;0;10;0;0;2;8;9;B01
201400043875;0;33;0;0;0;9;21;A01
201400043876;0;7;0;0;1;2;1;A01
201400043877;0;7;0;0;1;1;1;A01
201400043878;0;7;0;0;2;4;23;C01
201400043878;0;7;0;0;2;1;2;A01
201400043878;0;7;0;0;2;4;1;B01
201400043879;0;7;0;0;2;7;12;A01
201400043879;0;33;0;0;2;8;1;B01
201400043880;0;33;0;0;2;7;1;A01
201400043880;2;10;0;0;2;8;20;B01
201400043881;0;7;0;0;2;2;10;A01
201400043881;0;34;0;0;2;1;1;B01
201400043882;0;7;0;0;2;3;9;A01
201400043882;0;7;0;0;2;1;1;B01
201400043883;0;37;2;0;1;7;1;A01
201400043884;0;7;0;0;2;1;1;A01
201400043884;0;32;0;0;2;7;1;B01
201400043885;0;2;0;0;2;1;1;A01
201400043885;0;7;0;0;2;8;1;B01
201400043886;0;7;0;0;2;4;2;B01
201400043886;0;7;0;0;2;1;2;A01
201400043887;0;31;0;0;2;2;1;B01
201400043887;0;7;0;0;2;3;9;A01
201400043888;0;7;0;0;1;3;1;A01
201400043889;0;33;0;0;2;8;1;A01
201400043889;0;14;0;0;2;3;1;B01
201400043890;0;7;0;0;2;1;1;B01
201400043890;0;7;0;0;2;7;5;A01
201400043891;0;7;0;0;2;8;15;B01
201400043891;0;2;0;0;2;2;17;A01
201400043892;0;10;0;0;1;8;9;A01
201400043893;0;10;0;0;2;3;1;B01
201400043893;0;7;0;0;2;7;15;A01
201400043894;0;7;0;0;2;8;15;A01
201400043894;0;33;0;0;2;1;1;B01
201400043895;0;1;0;0;2;1;19;A01
201400043895;0;31;0;0;2;7;1;B01
201400043896;0;10;0;0;1;7;1;A01
201400043897;0;30;0;0;2;2;1;B01
201400043897;0;7;0;0;2;6;11;A01
201400043898;0;7;0;0;2;4;23;B01
201400043898;0;7;0;0;2;4;23;C01
201400043898;0;7;0;0;2;1;2;A01
201400043899;0;30;0;0;2;1;1;B01
201400043899;0;7;0;0;2;3;1;A01
201400043900;0;33;0;0;2;1;1;B01
201400043900;0;7;0;0;2;2;15;A01
201400043901;0;7;0;0;2;4;23;B01
201400043901;0;7;0;0;2;1;2;A01
201400043902;0;7;0;0;2;4;23;B01
201400043902;0;33;0;0;2;1;2;A01
201400043903;0;7;0;0;1;4;1;B01
201400043903;0;7;0;0;2;1;1;A01
201400043904;0;7;0;0;1;7;1;A01
201400043905;0;7;0;0;1;1;1;A01
201400043906;0;7;0;0;2;8;1;B01
201400043906;0;2;0;0;2;1;1;A01
201400043907;0;33;0;0;2;1;17;A01
201400043907;0;10;0;0;2;2;19;B01
201400043908;0;7;0;0;2;1;1;A01
201400043908;0;7;0;0;2;3;1;B01
201400043909;0;7;0;0;1;1;1;A01
201400043910;0;7;0;0;1;4;4;A01
201400043911;0;2;0;0;2;1;1;B01
201400043911;0;7;0;0;2;2;15;A01
201400043912;0;7;0;0;2;1;1;A01
201400043912;0;7;0;0;2;4;23;B01
201400043912;0;7;0;0;2;4;23;C01
201400043913;1;30;0;0;1;1;1;Z01
201400043914;0;2;0;0;2;1;1;A01
201400043914;0;7;0;0;2;8;15;B01
201400043915;0;7;0;0;2;1;1;A01
201400043915;0;7;0;0;2;3;1;B01
201400043916;0;31;0;0;2;1;18;B01
201400043916;0;33;0;0;2;7;14;A01
201400043917;0;7;0;0;1;2;1;A01
201400043918;0;33;0;0;1;1;1;A01
201400043919;0;2;0;1;2;1;1;A01
201400043919;0;7;0;0;2;6;24;B01
201400043920;0;1;0;0;2;1;1;A01
201400043920;0;7;0;0;2;1;1;B01
201400043921;0;7;0;0;2;4;1;A01
201400043921;0;33;0;0;2;1;2;B01
201400043922;0;7;0;0;2;3;15;A01
201400043922;0;30;0;0;2;1;17;B01
201400043923;0;7;0;0;2;4;2;B01
201400043923;0;7;0;0;2;1;1;A01
201400043924;0;7;0;0;2;1;2;A01
201400043924;0;7;0;0;2;4;23;C01
201400043924;0;7;0;0;2;9;23;B01
201400043925;0;7;0;0;1;1;16;A01
201400043926;0;7;0;0;2;8;1;B01
201400043926;0;7;0;0;2;1;1;A01
201400043927;0;7;0;0;2;8;15;A01
201400043927;0;34;0;0;2;7;23;B01
201400043928;0;7;0;0;2;7;16;B01
201400043928;0;33;0;0;2;3;1;A01
201400043929;0;34;0;0;2;7;1;B01
201400043929;0;7;0;0;2;4;15;A01
201400043930;0;7;0;0;1;7;1;A01
201400043931;0;7;0;0;2;4;1;B01
201400043931;0;7;0;0;2;1;1;A01
201400043931;0;7;0;0;2;4;2;C01
201400043932;0;33;0;11;2;1;1;A01
201400043932;0;7;0;0;2;1;1;B01
201400043933;0;10;0;0;2;1;1;C01
201400043933;0;2;0;0;2;8;1;A01
201400043933;0;7;0;0;2;8;13;B01
201400043934;0;7;0;0;2;3;23;A01
201400043934;0;31;0;0;2;1;1;B01
201400043935;0;1;0;0;0;0;0;B01
201400043935;0;7;0;0;0;0;0;A01
201400043936;0;7;0;0;2;8;0;B01
201400043936;0;7;0;0;2;1;0;A01
201400043937;0;7;0;0;1;3;1;A01
201400043938;0;34;0;0;2;5;1;B01
201400043938;0;7;0;0;2;3;9;A01
201400043939;0;7;0;0;1;2;0;A01
201400043940;0;7;0;0;1;2;0;A01
201400043941;0;7;0;0;2;8;1;B01
201400043941;0;7;0;0;2;1;1;A01
201400043942;0;7;0;0;0;0;0;A01
201400043942;0;7;0;0;0;0;0;B01
201400043943;0;33;0;0;2;1;17;A01
201400043943;0;7;0;0;2;3;15;B01
201400043944;0;7;0;0;0;0;0;C01
201400043944;0;7;0;0;0;0;0;B01
201400043944;0;7;0;0;0;0;0;A01
201400043945;0;7;0;0;0;0;0;A01
201400043945;0;33;0;0;0;0;0;B01
201400043946;0;7;0;0;1;1;1;A01
201400043947;0;7;0;0;1;3;17;A01
201400043948;0;7;0;0;2;4;1;B01
201400043948;0;31;0;0;2;1;1;A01
201400043949;0;7;0;0;1;0;0;A01
201400043950;0;7;0;6;2;2;1;B01
201400043950;0;7;0;0;2;1;1;A01
201400043951;0;7;0;1;0;2;1;A01
201400043952;0;34;0;0;1;0;0;A01
201400043953;0;7;0;0;1;3;1;A01
201400043954;0;7;0;0;2;8;1;B01
201400043954;0;10;0;0;2;1;1;A01
201400043955;0;7;0;0;1;1;1;A01
201400043956;0;33;0;0;2;6;1;B01
201400043956;0;7;0;0;2;3;15;A01
201400043957;0;7;0;0;2;3;1;B01
201400043957;1;30;0;0;2;0;19;A01
201400043958;0;7;0;0;1;0;0;A01
201400043959;0;7;0;0;2;6;1;A01
201400043959;0;14;0;0;2;2;1;B01
201400043960;0;33;0;0;2;1;5;A01
201400043960;0;7;0;0;2;1;1;B01
201400043961;0;30;0;0;0;7;15;A01
201400043962;0;7;0;0;2;6;4;A01
201400043962;0;30;0;0;2;1;0;B01
201400043963;0;32;0;0;2;1;1;A01
201400043963;0;7;0;0;2;3;15;B01
201400043964;0;10;0;0;2;8;1;A01
201400043964;0;7;0;0;2;7;15;B01
201400043965;0;31;0;0;0;3;21;A01
201400043966;0;7;0;0;2;3;15;A01
201400043966;0;34;0;0;2;6;17;B01
201400043967;0;7;0;0;2;6;9;A01
201400043967;0;32;0;0;2;1;1;B01
201400043968;0;32;0;0;2;1;1;A01
201400043968;0;7;0;0;2;3;9;B01
201400043969;0;7;0;0;2;3;9;A01
201400043969;0;1;0;14;2;4;21;B01
201400043970;0;7;0;0;2;8;10;A01
201400043970;0;2;0;0;2;1;1;B01
201400043971;0;7;0;0;2;3;10;A01
201400043971;0;7;0;0;2;7;23;B01
201400043972;0;7;0;0;2;8;15;A01
201400043972;0;33;0;0;2;1;1;B01
201400043973;0;7;0;0;2;8;22;A01
201400043973;0;1;0;1;2;1;1;B01
201400043974;0;7;0;0;2;1;10;A01
201400043974;0;33;0;0;2;7;17;B01
201400043975;0;7;0;0;2;1;15;A01
201400043975;0;7;0;0;2;1;1;B01
201400043976;0;7;0;14;2;1;2;A01
201400043976;0;7;0;0;2;4;23;B01
201400043977;0;7;0;12;0;7;1;A01
201400043978;0;30;0;0;2;1;2;B01
201400043978;0;10;0;0;2;5;23;A01
201400043979;0;32;0;0;2;2;1;B01
201400043979;0;7;0;0;2;6;9;A01
201400043980;0;7;0;0;1;1;1;A01
201400043981;0;7;0;0;1;1;1;A01
201400043982;0;32;0;0;2;4;15;B01
201400043982;0;7;0;0;2;1;16;A01
201400043983;0;32;0;0;2;1;3;A01
201400043983;0;7;0;0;2;4;23;B01
201400043984;1;34;0;0;1;4;1;A01
201400043985;0;7;0;0;1;1;1;A01
201400043986;0;37;1;0;2;4;23;B01
201400043986;0;7;0;0;2;1;2;A01
201400043987;0;34;0;0;1;8;21;A01
201400043988;0;34;0;11;0;8;12;A01
201400043989;0;7;0;0;2;2;16;A01
201400043989;0;30;0;0;2;3;18;B01
201400043990;0;10;0;0;1;4;1;A01
201400043991;0;7;0;1;0;1;1;A01
201400043992;0;38;1;0;1;5;1;A01
201400043993;1;7;0;0;0;0;16;A01
201400043993;0;1;0;0;2;1;1;B01
201400043994;0;7;0;0;2;3;10;A01
201400043994;0;2;0;0;2;1;1;B01
201400043995;0;7;0;0;2;6;19;B01
201400043995;0;7;0;0;2;6;15;A01
201400043996;0;7;0;0;2;6;13;B01
201400043996;0;7;0;0;0;0;0;C01
201400043996;0;31;0;0;0;2;1;A01
201400043997;0;7;0;0;2;3;1;B01
201400043997;0;7;0;1;2;3;13;A01
201400043997;0;7;0;0;0;3;24;C01
201400043998;0;7;0;1;0;8;22;A01
201400043998;0;1;0;1;0;1;17;B01
201400043999;0;33;0;0;2;7;1;B01
201400043999;0;7;0;0;2;3;15;A01
201400044000;0;7;0;0;2;3;10;A01
201400044000;0;33;0;0;2;8;17;B01
201400044001;0;7;0;0;2;1;17;A01
201400044001;0;7;0;0;0;4;2;B01
201400044002;0;33;0;0;1;0;1;A01
201400044003;0;7;0;14;0;3;13;A01
201400044004;0;7;0;14;0;1;2;A01
201400044004;0;7;0;0;0;4;23;B01
201400044005;0;7;0;0;2;2;0;A01
201400044005;0;33;0;0;2;2;1;B01
201400044006;0;32;0;0;0;0;1;A01
201400044007;0;37;20;0;2;3;1;B01
201400044007;2;7;0;0;2;7;15;A01
201400044008;0;7;0;0;2;2;11;A01
201400044008;0;33;0;0;2;1;1;B01
201400044009;0;7;0;0;2;5;1;B01
201400044009;2;7;0;0;0;1;1;A01
201400044010;0;10;0;0;1;2;15;A01
201400044011;0;7;0;0;2;3;11;A01
201400044011;0;7;0;1;2;1;0;B01
201400044012;0;7;0;0;1;1;2;A01
201400044013;0;2;0;0;2;1;1;A01
201400044013;0;7;0;0;0;8;9;B01
201400044014;0;32;0;0;1;1;1;A01
201400044015;0;1;0;0;1;4;1;B01
201400044015;0;7;0;0;2;1;6;A01
201400044016;0;7;0;0;2;1;1;B01
201400044016;0;7;0;0;2;3;15;A01
201400044017;0;7;0;0;2;1;1;A01
201400044017;0;7;0;4;2;2;1;B01
201400044018;0;7;0;11;2;2;15;A01
201400044018;0;30;0;0;2;1;1;B01
201400044019;0;7;0;0;1;1;1;A01
201400044020;0;7;0;0;2;3;15;A01
201400044020;0;30;0;0;2;1;17;B01
201400044021;0;7;0;0;1;2;1;A01
201400044022;0;2;0;0;2;1;1;A01
201400044022;0;7;0;0;2;3;15;B01
201400044023;0;7;0;0;1;1;1;A01
201400044024;0;7;0;0;1;1;6;A01
201400044025;0;7;0;0;1;1;1;A01
201400044026;0;7;0;0;2;4;15;B01
201400044026;0;10;0;0;2;1;1;A01
201400044027;0;7;0;0;2;1;1;A01
201400044027;0;7;0;0;2;8;15;B01
201400044028;0;7;0;0;2;8;9;A01
201400044028;0;1;0;0;2;1;15;B01
201400044029;0;10;0;0;2;1;1;B01
201400044029;0;7;0;0;2;1;15;A01
201400044030;0;7;0;0;2;1;15;A01
201400044030;0;30;0;0;2;1;1;B01
201400044031;0;7;0;0;2;1;1;A01
201400044031;0;7;0;0;2;6;2;B01
201400044032;0;7;0;0;2;1;23;B01
201400044032;0;7;0;0;2;1;1;A01
201400044033;0;7;0;0;2;5;4;A01
201400044033;0;7;0;0;2;5;23;B01
201400044034;0;7;0;0;2;2;2;A01
201400044034;0;7;0;0;2;4;2;B01
201400044035;0;7;0;0;2;8;10;A01
201400044035;0;33;0;0;2;9;17;B01
201400044036;0;7;0;0;1;1;1;A01
201400044037;0;7;0;0;1;1;15;A01
201400044038;0;7;0;0;1;1;9;A01
201400044039;0;33;0;0;2;1;1;B01
201400044039;0;7;0;0;2;3;9;A01
201400044040;0;7;0;0;2;1;15;A01
201400044040;0;10;0;6;2;3;1;B01
201400044041;0;7;0;0;2;1;1;B01
201400044041;0;30;0;0;2;1;1;A01
201400044042;2;7;0;0;2;1;1;A01
201400044042;0;7;0;0;2;2;1;B01
201400044043;0;10;0;0;2;1;9;A01
201400044043;0;1;0;0;2;7;1;B01
201400044044;0;10;0;0;1;1;15;A01
201400044045;0;7;0;0;2;3;9;A01
201400044045;0;33;0;0;2;1;1;B01
201400044046;0;2;0;0;2;2;17;A01
201400044046;0;7;0;0;2;8;15;B01
201400044047;0;7;0;0;2;8;1;B01
201400044047;0;33;0;0;2;1;17;A01
201400044048;0;7;0;0;2;1;1;B01
201400044048;0;7;0;0;2;8;1;C01
201400044048;0;33;0;0;2;1;17;A01
201400044049;0;7;0;0;2;9;23;B01
201400044049;0;7;0;0;2;4;23;C01
201400044049;0;7;0;0;2;2;13;A01
201400044050;0;7;0;0;2;1;1;A01
201400044050;0;7;0;0;2;7;1;B01
201400044051;0;3;0;0;2;2;15;A01
201400044051;0;33;0;0;2;1;1;B01
201400044052;0;7;0;0;2;1;2;A01
201400044052;0;7;0;0;2;4;23;D01
201400044052;0;7;0;0;2;7;23;B01
201400044052;0;30;0;0;2;9;23;C01
201400044053;0;7;0;0;2;3;15;A01
201400044053;0;33;0;0;2;7;1;B01
201400044054;0;10;0;0;2;1;2;A01
201400044054;0;7;0;0;2;4;23;B01
201400044055;0;37;2;0;2;4;23;C01
201400044055;0;15;0;0;2;4;2;B01
201400044055;0;15;0;0;2;1;2;A01
201400044056;0;7;0;0;1;3;4;A01
201400044057;0;33;0;0;2;8;1;B01
201400044057;0;7;0;0;2;3;1;A01
201400044058;0;7;0;0;2;8;15;B01
201400044058;0;33;0;0;2;7;17;A01
201400044059;0;10;0;0;1;2;1;A01
201400044060;0;31;0;0;2;1;17;A01
201400044060;0;7;0;0;2;3;15;B01
201400044061;0;7;0;1;2;1;1;A01
201400044061;0;33;0;0;2;1;1;B01
201400044062;0;1;0;0;2;1;2;A01
201400044062;0;7;0;0;2;7;1;B01
201400044063;0;1;0;0;2;1;1;A01
201400044063;0;7;0;0;9;1;1;B01
201400044064;0;7;0;0;2;6;1;B01
201400044064;0;32;0;0;2;1;1;A01
201400044065;0;7;0;0;2;3;15;B01
201400044065;0;7;0;0;2;3;16;A01
201400044066;0;7;0;0;2;1;1;B01
201400044066;0;7;0;0;2;1;1;A01
201400044067;0;7;0;0;2;3;1;A01
201400044067;0;7;0;0;2;3;1;B01
201400044068;0;7;0;0;1;3;1;A01
201400044069;0;7;0;0;2;1;15;A01
201400044069;0;33;0;0;2;1;1;B01
201400044070;0;7;0;9;0;1;1;A01
201400044071;0;10;0;0;2;1;1;A01
201400044071;0;7;0;0;2;1;16;B01
201400044072;1;7;0;0;2;1;9;A01
201400044072;0;7;0;0;2;4;21;B01
201400044072;0;33;0;0;2;1;2;C01
201400044073;0;2;0;0;2;1;1;A01
201400044073;0;7;0;0;2;3;15;B01
201400044074;0;7;0;0;2;4;1;B01
201400044074;0;7;0;0;2;1;1;A01
201400044075;0;10;0;0;1;5;1;A01
201400044076;0;7;0;0;2;3;9;A01
201400044076;0;7;0;0;2;1;1;B01
201400044077;0;7;0;6;0;2;1;A01
201400044078;0;1;0;0;2;1;1;A01
201400044078;0;7;0;0;2;8;1;B01
201400044079;0;7;0;0;2;4;1;C01
201400044079;0;7;0;0;2;1;1;D01
201400044079;0;7;0;0;2;1;1;B01
201400044079;0;7;0;0;2;1;13;A01
201400044080;0;7;0;0;2;1;1;A01
201400044080;0;33;0;0;2;6;15;B01
201400044081;0;7;0;0;1;2;1;A01
201400044082;0;7;0;0;2;8;15;B01
201400044082;0;31;0;0;2;1;17;A01
201400044083;0;33;0;14;2;7;17;A01
201400044083;0;7;0;0;2;8;1;B01
201400044084;0;7;0;0;2;7;15;A01
201400044084;0;2;0;0;2;1;1;B01
201400044085;0;7;0;0;2;1;1;B01
201400044085;0;7;0;0;2;1;1;A01
201400044086;0;30;0;0;2;1;13;A01
201400044086;0;1;0;0;2;8;1;B01
201400044087;0;37;1;0;2;1;1;B01
201400044087;0;7;0;0;2;1;6;A01
201400044088;0;1;0;0;2;1;2;B01
201400044088;0;7;0;0;2;1;1;A01
201400044089;0;7;0;0;1;5;4;A01
201400044090;0;34;0;0;2;9;0;B01
201400044090;0;7;0;0;2;2;1;A01
201400044091;0;7;0;0;1;1;15;A01
201400044092;0;7;0;0;1;1;11;A01
201400044093;0;7;0;0;1;1;1;A01
201400044094;0;7;0;0;2;1;1;B01
201400044094;0;7;0;0;2;1;15;A01
201400044095;0;7;0;14;2;1;16;A01
201400044095;0;7;0;0;2;3;1;B01
201400044096;0;7;0;0;1;1;15;A01
201400044097;0;7;0;0;2;1;1;A01
201400044097;0;7;0;0;0;4;2;B01
201400044098;0;7;0;3;0;8;1;A01
201400044099;0;10;0;0;1;4;0;A01
201400044100;0;33;0;0;2;1;2;A01
201400044100;0;2;0;0;0;0;2;B01
201400044101;0;7;0;0;2;1;1;A01
201400044101;0;7;0;0;2;8;19;B01
201400044102;0;33;0;0;2;1;1;B01
201400044102;0;7;0;0;2;3;15;A01
201400044103;0;7;0;0;1;1;2;A01
201400044104;0;2;0;0;2;1;1;B01
201400044104;0;7;0;0;2;1;9;A01
201400044105;0;7;0;0;1;2;17;A01
201400044106;0;7;0;0;2;1;2;A01
201400044106;0;30;0;0;0;7;2;B01
201400044107;0;7;0;0;1;1;1;A01
201400044108;0;1;0;0;2;1;1;A01
201400044108;0;7;0;0;2;3;2;B01
201400044109;0;7;0;1;2;9;1;A01
201400044109;0;7;0;0;2;1;1;B01
201400044110;0;10;0;0;2;3;15;B01
201400044110;0;33;0;0;2;7;17;A01
201400044111;0;7;0;0;1;1;0;A01
201400044112;0;7;0;0;1;4;4;A01
201400044113;0;7;0;0;1;1;1;A01
201400044114;0;7;0;1;2;1;2;B01
201400044114;0;7;0;0;2;3;16;A01
201400044115;0;7;0;0;1;1;15;A01