num_acc;senc;catv;occutc;obs;obsm;choc;manv;num_veh
201400044116;0;7;0;0;1;1;0;A01
201400044117;0;7;0;0;2;1;1;A01
201400044117;0;7;0;0;2;1;1;B01
201400044118;0;10;0;0;1;2;1;A01
201400044119;0;7;0;0;2;2;1;C01
201400044119;0;7;0;0;2;1;13;A01
201400044119;0;7;0;0;2;8;1;B01
201400044120;0;7;0;0;2;4;1;B01
201400044120;0;7;0;0;2;1;1;A01
201400044121;0;7;0;0;1;1;15;A01
201400044122;0;7;0;1;2;9;1;A01
201400044122;0;7;0;0;2;1;23;D01
201400044122;0;7;0;0;2;1;1;B01
201400044123;0;7;0;4;0;3;1;A01
201400044124;0;15;0;0;2;1;1;A01
201400044124;0;7;0;0;2;6;2;B01
201400044125;0;7;0;0;2;7;15;A01
201400044125;0;32;0;0;2;1;1;B01
201400044126;0;7;0;6;2;2;2;A01
201400044126;0;7;0;0;2;2;9;B01
201400044127;0;7;0;0;1;2;1;A01
201400044128;0;7;0;15;0;3;1;A01
201400044128;1;10;0;0;0;0;1;B01
201400044129;0;7;0;0;1;2;1;A01
201400044130;0;7;0;0;2;1;1;B01
201400044130;0;7;0;0;2;8;9;A01
201400044131;1;7;0;0;1;1;1;A01
201400044132;1;7;0;0;1;1;0;A01
201400044133;0;7;0;0;2;3;2;A01
201400044133;0;1;0;0;0;4;2;B01
201400044134;0;7;0;0;2;4;2;C01
201400044134;0;7;0;1;0;4;2;B01
201400044134;0;7;0;1;0;1;2;A01
201400044135;0;37;0;0;1;2;1;A01
201400044136;0;7;0;0;2;7;15;A01
201400044136;0;32;0;0;2;1;1;B01
201400044137;0;7;0;0;2;2;15;A01
201400044137;0;37;2;0;2;1;1;B01
201400044138;0;7;0;0;1;6;1;A01
201400044139;0;7;0;0;2;5;1;A01
201400044139;0;31;0;0;2;1;2;B01
201400044140;0;7;0;0;1;3;17;A01
201400044141;0;7;0;0;2;3;0;B01
201400044141;1;10;0;0;2;2;12;A01
201400044142;0;7;0;0;1;2;1;A01
201400044143;0;33;0;0;1;1;1;A01
201400044144;0;33;0;0;2;1;1;A01
201400044144;0;10;0;0;2;8;15;B01
201400044145;0;7;0;0;1;3;1;A01
201400044146;0;99;0;0;2;1;1;A01
201400044146;0;7;0;9;2;7;1;B01
201400044147;0;7;0;14;0;1;1;A01
201400044148;0;37;15;0;1;2;1;A01
201400044149;0;13;0;0;0;2;15;B01
201400044149;0;7;0;0;0;3;16;A01
201400044150;0;33;0;0;2;1;21;B01
201400044150;0;7;0;0;2;1;1;A01
201400044151;0;7;0;0;1;1;15;A01
201400044152;0;14;0;0;2;1;10;A01
201400044152;0;7;0;0;2;4;0;B01
201400044153;0;7;0;0;1;3;1;A01
201400044154;0;15;0;0;1;1;1;A01
201400044155;0;7;0;12;0;2;21;A01
201400044156;0;37;1;0;1;1;1;A01
201400044157;0;7;0;0;2;3;9;B01
201400044157;0;7;0;0;2;1;9;A01
201400044158;1;7;0;0;1;4;10;A01
201400044159;0;7;0;0;2;1;1;B01
201400044159;1;7;0;0;2;1;1;A01
201400044160;0;2;0;0;0;3;13;A01
201400044160;0;7;0;0;0;2;0;B01
201400044161;0;7;0;0;2;7;15;A01
201400044161;0;7;0;0;2;1;1;B01
201400044162;0;7;0;0;2;1;2;A01
201400044162;0;7;0;0;2;4;23;B01
201400044163;0;32;0;8;2;3;5;A01
201400044163;0;7;0;0;2;3;1;B01
201400044164;0;7;0;0;1;2;1;A01
201400044165;0;33;0;0;2;8;1;B01
201400044165;0;7;0;0;2;3;15;A01
201400044166;0;10;0;1;1;2;1;A01
201400044167;0;3;0;0;2;5;17;A01
201400044167;0;37;20;0;2;3;9;B01
201400044168;0;7;0;0;1;1;1;A01
201400044169;0;37;1;0;1;2;1;A01
201400044170;0;7;0;0;2;3;22;A01
201400044170;0;17;0;0;2;5;1;B01
201400044171;0;7;0;0;2;6;10;A01
201400044171;0;7;0;0;2;2;1;B01
201400044172;0;7;0;0;1;5;4;A01
201400044173;0;7;0;0;2;5;9;A01
201400044173;0;10;0;0;2;2;1;B01
201400044174;0;7;0;0;0;4;23;C01
201400044174;1;7;0;0;2;1;2;A01
201400044174;1;7;0;0;2;1;2;B01
201400044175;0;7;0;0;2;3;2;B01
201400044175;0;2;0;0;2;1;2;A01
201400044176;0;7;0;0;2;1;2;A01
201400044176;0;3;0;0;2;4;1;B01
201400044177;0;37;20;0;1;7;1;A01
201400044178;0;7;0;0;1;2;1;A01
201400044179;0;7;0;0;2;3;9;A01
201400044179;0;7;0;0;2;1;0;B01
201400044179;0;7;0;0;2;1;0;C01
201400044180;0;7;0;0;2;1;2;A01
201400044180;0;7;0;0;2;4;23;B01
201400044181;0;38;1;0;2;1;2;A01
201400044181;0;10;0;0;2;4;23;B01
201400044182;1;7;0;0;2;0;0;A01
201400044182;0;1;0;0;2;1;1;B01
201400044183;0;37;15;0;1;2;1;A01
201400044184;0;2;0;0;2;3;15;A01
201400044184;0;7;0;0;2;2;2;B01
201400044185;0;7;0;0;2;3;1;B01
201400044185;0;37;0;0;2;1;15;A01
201400044186;0;7;0;0;1;7;1;A01
201400044187;0;7;0;0;2;2;1;A01
201400044187;0;7;0;6;2;3;1;B01
201400044188;0;7;0;0;2;2;15;A01
201400044188;0;7;0;0;2;6;1;B01
201400044189;0;33;0;;;7;0;A01
201400044190;0;7;0;0;1;1;1;A01
201400044191;0;7;0;0;2;8;15;A01
201400044191;0;30;0;0;2;1;1;B01
201400044192;0;33;0;0;2;7;21;B01
201400044192;1;7;0;0;2;7;9;A01
201400044193;0;1;0;0;2;1;19;B01
201400044193;0;7;0;0;2;8;1;C01
201400044194;0;7;0;0;2;1;1;A01
201400044194;0;7;0;0;2;8;9;B01
201400044195;0;7;0;0;1;3;15;A01
201400044196;1;7;0;0;2;3;20;A01
201400044196;0;33;0;9;2;2;1;B01
201400044197;0;2;0;0;2;1;1;A01
201400044197;0;7;0;0;2;2;15;B01
201400044198;0;7;0;0;1;8;1;A01
201400044199;0;13;0;0;1;6;23;B01
201400044199;0;10;0;0;2;8;18;A01
201400044200;0;31;0;0;2;1;1;B01
201400044200;0;7;0;0;2;5;15;A01
201400044201;0;7;0;0;2;8;11;A01
201400044201;0;31;0;0;2;7;1;B01
201400044202;0;7;0;0;2;6;9;A01
201400044202;0;7;0;0;2;7;1;B01
201400044203;0;30;0;0;2;0;0;B01
201400044203;0;13;0;0;2;1;2;A01
201400044204;0;10;0;0;0;3;6;A01
201400044204;0;7;0;0;0;8;0;B01
201400044205;0;7;0;0;2;3;11;A01
201400044205;0;31;0;0;2;8;1;B01
201400044206;0;33;0;0;2;1;2;A01
201400044206;0;7;0;0;2;8;15;B01
201400044207;0;7;0;0;1;1;0;A01
201400044208;0;7;0;0;1;2;1;A01
201400044209;0;7;0;0;2;6;1;B01
201400044209;0;10;0;0;2;2;2;A01
201400044210;1;7;0;0;1;1;1;A01
201400044211;0;1;0;0;2;1;1;B01
201400044211;0;7;0;0;2;2;1;A01
201400044212;0;7;0;0;1;1;16;A01
201400044213;0;7;0;0;1;1;14;A01
201400044214;0;7;0;0;2;7;15;A01
201400044214;0;30;0;0;2;1;1;B01
201400044215;0;1;0;0;2;4;1;B01
201400044215;1;7;0;0;2;1;2;Z01
201400044216;0;7;0;0;2;9;1;B01
201400044216;0;15;0;1;2;8;11;A01
201400044217;0;7;0;0;1;1;2;A01
201400044218;0;7;0;0;2;2;1;B01
201400044218;0;7;0;0;2;3;1;A01
201400044219;0;7;0;0;2;1;2;A01
201400044219;0;7;0;0;2;4;23;B01
201400044219;0;7;0;0;2;4;23;C01
201400044220;0;7;0;12;0;9;21;A01
201400044221;0;7;0;0;2;4;1;B01
201400044221;0;32;0;0;2;1;1;A01
201400044222;0;7;0;0;1;1;15;A01
201400044223;0;7;0;0;1;1;1;A01
201400044224;0;7;0;0;1;1;1;A01
201400044225;0;30;0;0;0;9;1;A01
201400044226;0;7;0;0;1;1;15;A01
201400044227;0;7;0;0;2;5;1;B01
201400044227;0;13;0;0;2;1;9;A01
201400044228;0;7;0;0;2;1;1;B01
201400044228;0;7;0;0;2;1;15;A01
201400044229;0;7;0;0;2;1;2;A01
201400044229;0;7;0;0;2;4;2;B01
201400044230;0;7;0;0;2;1;2;A01
201400044230;0;7;0;0;2;4;1;B01
201400044231;0;7;0;0;1;3;1;A01
201400044232;0;7;0;0;2;1;1;A01
201400044232;0;7;0;0;2;8;20;B01
201400044233;0;7;0;0;2;2;15;A01
201400044233;0;33;0;0;2;1;1;B01
201400044234;0;7;0;0;2;1;2;A01
201400044234;0;7;0;0;2;4;2;B01
201400044235;0;7;0;0;2;1;1;A01
201400044235;0;7;0;0;2;3;1;C01
201400044235;0;7;0;0;2;3;2;B01
201400044236;0;7;0;0;2;2;12;A01
201400044236;0;32;0;0;2;1;2;B01
201400044237;0;33;0;0;2;1;2;B01
201400044237;0;7;0;0;2;5;4;A01
201400044238;0;7;0;0;1;2;1;A01
201400044239;0;7;0;0;1;1;1;A01
201400044240;0;2;0;0;2;1;1;A01
201400044240;0;7;0;0;2;3;1;B01
201400044241;0;7;0;0;2;2;12;A01
201400044241;0;2;0;0;2;8;18;B01
201400044242;0;7;0;11;0;1;1;A01
201400044243;0;7;0;0;2;7;12;A01
201400044243;0;37;2;0;2;3;1;B01
201400044244;0;7;0;0;2;8;19;A01
201400044244;0;37;2;0;2;1;1;B01
201400044245;0;14;0;0;0;1;2;A01
201400044245;0;7;0;0;0;4;2;B01
201400044246;0;7;0;0;2;1;1;A01
201400044246;0;7;0;0;2;8;1;B01
201400044247;0;7;0;0;2;1;1;A01
201400044247;0;7;0;0;2;4;1;B01
201400044248;0;2;0;16;0;9;9;A01
201400044249;0;7;0;0;2;3;1;B01
201400044249;0;7;0;0;2;7;13;A01
201400044250;0;33;0;0;1;1;1;A01
201400044251;0;7;0;0;1;1;1;A01
201400044252;0;7;0;0;1;4;4;A01
201400044253;0;7;0;0;2;2;15;A01
201400044253;0;31;0;0;2;2;1;B01
201400044254;0;37;2;0;1;2;1;A01
201400044255;0;7;0;0;2;8;1;A01
201400044255;0;7;0;0;2;1;1;B01
201400044256;0;7;0;0;1;1;2;A01
201400044257;0;7;0;0;2;6;15;B01
201400044257;0;33;0;0;2;2;2;A01
201400044258;0;7;0;0;1;4;4;A01
201400044259;0;7;0;0;2;1;2;A01
201400044259;0;7;0;0;2;4;23;C01
201400044259;0;7;0;0;2;1;23;B01
201400044260;0;7;0;9;0;1;15;A01
201400044261;0;1;0;0;2;1;9;A01
201400044261;0;7;0;0;2;1;1;B01
201400044262;0;30;0;0;1;1;2;A01
201400044263;0;7;0;8;0;1;1;A01
201400044264;0;7;0;0;2;1;1;A01
201400044264;0;7;0;0;2;4;1;B01
201400044265;0;7;0;0;1;1;1;A01
201400044266;0;7;0;0;2;7;1;C01
201400044266;0;7;0;0;2;1;2;A01
201400044266;0;7;0;0;2;4;1;B01
201400044267;0;7;0;0;2;1;2;A01
201400044267;0;7;0;0;2;4;23;B01
201400044268;0;7;0;0;2;1;2;A01
201400044268;0;30;0;0;2;4;23;B01
201400044269;2;2;0;0;1;1;1;Z01
201400044270;0;33;0;0;1;1;1;A01
201400044271;0;7;0;0;2;4;1;A01
201400044271;1;10;0;0;2;1;2;Z01
201400044272;0;1;0;0;2;7;1;B01
201400044272;0;7;0;0;2;1;9;A01
201400044273;0;7;0;0;2;7;17;A01
201400044273;0;37;1;0;2;8;9;B01
201400044274;0;34;0;14;0;1;17;A01
201400044275;0;7;0;0;2;4;1;B01
201400044275;0;7;0;0;2;1;2;A01
201400044276;0;7;0;0;2;2;1;A01
201400044276;0;31;0;0;2;4;23;B01
201400044277;0;7;0;0;1;1;1;A01
201400044278;0;33;0;0;2;1;2;A01
201400044278;0;10;0;0;2;4;1;B01
201400044279;0;7;0;0;2;3;15;A01
201400044279;0;37;5;0;2;2;1;B01
201400044280;0;7;0;0;2;1;1;A01
201400044280;0;7;0;0;2;3;1;B01
201400044281;0;7;0;1;1;3;1;A01
201400044282;0;7;0;0;1;7;1;A01
201400044283;0;7;0;0;2;6;1;B01
201400044283;0;33;0;0;2;7;1;A01
201400044284;0;1;0;0;2;1;2;A01
201400044284;0;7;0;0;2;4;23;B01
201400044285;0;7;0;0;2;4;23;A01
201400044285;1;10;0;0;2;1;1;Z01
201400044286;0;7;0;0;1;8;1;A01
201400044287;0;7;0;0;2;1;2;A01
201400044287;0;7;0;0;2;4;23;B01
201400044288;0;33;0;0;2;5;1;A01
201400044288;1;7;0;0;2;1;2;Z01
201400044289;0;7;0;0;2;9;2;B01
201400044289;0;7;0;0;2;4;1;C01
201400044289;0;7;0;0;2;1;2;A01
201400044290;0;7;0;0;2;4;2;B01
201400044290;0;30;0;1;2;1;2;A01
201400044291;0;7;0;0;1;1;1;A01
201400044292;0;7;0;0;2;1;1;A01
201400044292;0;7;0;0;2;8;1;B01
201400044293;0;14;0;0;2;3;1;B02
201400044293;0;14;0;0;2;7;9;A01
201400044294;0;7;0;0;2;8;15;A01
201400044294;0;7;0;0;2;1;1;B01
201400044295;2;7;0;0;2;2;17;A01
201400044295;0;7;0;0;2;8;1;B01
201400044296;0;1;0;0;2;1;5;B01
201400044296;0;7;0;0;2;2;9;A01
201400044297;1;10;0;0;1;1;1;A01
201400044298;0;7;0;0;2;1;1;A01
201400044298;0;7;0;0;2;4;1;B01
201400044299;0;7;0;0;2;1;1;A01
201400044299;0;7;0;0;2;4;1;B01
201400044300;0;37;1;0;2;8;1;C01
201400044300;0;7;0;0;2;1;5;A01
201400044300;0;7;0;0;2;5;1;B01
201400044301;0;7;0;0;2;1;15;A01
201400044301;0;2;0;0;2;9;2;B01
201400044302;0;7;0;0;2;1;2;B01
201400044302;0;31;0;0;2;4;1;A01
201400044303;0;7;0;0;1;1;1;A01
201400044304;0;7;0;0;2;2;1;A01
201400044304;0;13;0;0;2;3;1;B01
201400044305;0;2;0;1;0;9;1;A01
201400044306;0;7;0;14;0;1;1;A01
201400044307;0;10;0;4;0;1;1;A01
201400044308;0;7;0;11;0;8;1;A01
201400044309;0;30;0;0;2;1;1;A01
201400044309;0;7;0;0;2;1;1;B01
201400044310;0;7;0;0;2;2;2;A01
201400044310;0;7;0;0;2;1;2;B01
201400044311;0;7;0;0;2;1;2;A01
201400044311;0;7;0;0;2;9;2;B01
201400044311;0;7;0;0;2;4;1;C01
201400044312;1;99;0;0;1;1;1;A01
201400044313;0;7;0;0;1;2;1;A01
201400044314;1;7;0;0;1;1;1;Z01
201400044315;2;7;0;0;2;1;2;A01
201400044315;0;7;0;0;2;4;23;B01
201400044316;0;37;2;0;2;3;1;B01
201400044316;0;7;0;0;2;7;15;A01
201400044317;0;7;0;0;2;5;1;A01
201400044317;0;30;0;0;2;1;5;B02
201400044318;0;1;0;0;1;1;7;A01
201400044319;0;30;0;0;2;4;23;B01
201400044319;0;10;0;0;2;1;12;A01
201400044320;0;7;0;0;1;2;1;A01
201400044321;0;7;0;0;1;1;1;A01
201400044322;0;33;0;0;2;1;2;A01
201400044322;0;7;0;0;0;4;2;B01
201400044323;0;7;0;0;1;1;0;A01
201400044324;0;7;0;0;1;1;0;A01
201400044325;0;33;0;0;0;8;0;A01
201400044326;0;7;0;0;1;1;1;A01
201400044327;0;7;0;0;1;1;16;A01
201400044328;0;7;0;0;2;2;15;A01
201400044328;0;7;0;0;2;3;2;B01
201400044329;0;7;0;0;1;4;0;A01
201400044330;0;7;0;0;2;1;1;A01
201400044330;0;7;0;2;2;1;1;B01
201400044331;0;7;0;0;1;1;0;A01
201400044332;0;7;0;0;1;1;1;A01
201400044333;0;1;0;0;2;1;1;B01
201400044333;0;7;0;0;2;2;15;A01
201400044334;0;7;0;0;1;1;0;A01
201400044335;0;7;0;0;1;1;1;A01
201400044336;0;30;0;0;2;3;1;B01
201400044336;0;7;0;0;2;2;15;A01
201400044337;0;7;0;1;0;9;0;A01
201400044338;0;7;0;0;1;1;10;A01
201400044339;0;7;0;0;2;1;1;B01
201400044339;0;7;0;0;1;2;1;A01
201400044340;0;7;0;0;2;4;16;B01
201400044340;0;2;0;0;2;1;1;A01
201400044341;0;33;0;0;2;8;16;B01
201400044341;0;7;0;0;2;1;1;A01
201400044342;0;7;0;15;0;3;1;A01
201400044343;0;7;0;0;1;1;1;A01
201400044344;0;7;0;0;2;1;2;A01
201400044344;0;7;0;0;0;4;1;B01
201400044345;0;7;0;0;1;3;20;A01
201400044346;0;7;0;0;2;1;1;B01
201400044346;0;31;0;0;2;1;15;A01
201400044347;0;7;0;0;2;1;1;A01
201400044347;0;7;0;0;2;3;9;B01
201400044348;0;7;0;0;2;1;1;C01
201400044348;0;7;0;0;2;4;1;A01
201400044348;0;7;0;0;2;1;1;B01
201400044349;0;7;0;9;0;1;2;A01
201400044350;0;7;0;0;1;3;1;A01
201400044351;0;7;0;0;2;9;2;B01
201400044351;0;10;0;0;2;1;2;A01
201400044351;0;7;0;0;2;9;2;C01
201400044351;0;7;0;0;2;4;1;D01
201400044352;0;7;0;0;0;1;1;A01
201400044353;0;7;0;0;2;4;23;B01
201400044353;0;7;0;0;2;1;2;A01
201400044354;0;2;0;0;0;4;2;B01
201400044354;1;7;0;0;2;1;11;Z01
201400044355;0;2;0;1;0;1;1;A01
201400044356;0;7;0;6;2;7;16;B01
201400044356;0;7;0;0;2;3;9;A01
201400044357;1;30;0;0;2;0;0;A01
201400044357;0;7;0;0;2;3;0;B01
201400044358;0;7;0;0;1;1;15;A01
201400044359;0;30;0;0;2;4;23;B01
201400044359;1;10;0;0;2;1;2;A01
201400044360;0;7;0;0;2;3;15;A01
201400044360;0;2;0;0;2;1;1;B01
201400044361;0;7;0;0;2;1;15;A01
201400044361;0;30;0;0;2;1;1;B01
201400044362;0;33;0;0;2;1;17;A01
201400044362;0;7;0;0;2;6;2;B01
201400044363;0;7;0;1;0;2;1;A01
201400044364;0;7;0;0;2;7;15;A01
201400044364;0;33;0;0;2;1;1;B01
201400044365;0;7;0;0;1;1;13;A01
201400044366;0;7;0;0;1;2;1;A01
201400044367;0;32;0;0;2;1;15;A01
201400044367;0;7;0;0;2;2;1;B01
201400044368;0;34;0;0;2;2;21;B01
201400044368;0;7;0;0;2;3;20;A01
201400044369;0;7;0;0;2;1;9;A01
201400044369;0;33;0;0;2;7;1;B01
201400044370;0;33;0;0;1;1;1;A01
201400044371;0;7;0;1;1;2;1;A01
201400044372;0;10;0;0;2;2;15;A01
201400044372;0;32;0;8;2;1;2;B01
201400044373;0;34;0;14;0;3;1;A01
201400044374;0;33;0;0;2;1;1;B01
201400044374;0;7;0;0;2;1;15;A01
201400044375;0;7;0;0;1;1;1;A01
201400044376;0;7;0;0;2;1;1;B01
201400044376;0;7;0;0;2;1;15;A01
201400044377;0;2;0;0;0;1;1;A01
201400044378;0;7;0;0;2;1;1;A01
201400044378;0;7;0;0;2;3;15;B01
201400044379;0;7;0;0;2;4;1;C01
201400044379;0;7;0;0;2;1;2;A01
201400044379;0;34;0;0;2;4;2;B01
201400044380;0;1;0;0;2;7;15;B01
201400044380;0;7;0;0;2;2;1;A01
201400044381;0;3;0;0;0;9;1;A01
201400044382;0;7;0;0;1;1;1;A01
201400044383;0;10;0;0;2;6;4;A01
201400044383;0;33;0;0;2;8;15;B01
201400044384;0;7;0;0;1;2;1;A01
201400044385;0;7;0;0;2;1;2;A01
201400044385;0;7;0;0;2;4;23;B01
201400044386;0;1;0;0;2;8;1;A01
201400044386;0;7;0;0;2;1;1;B01
201400044387;0;2;0;0;2;2;1;A01
201400044387;0;7;0;0;2;1;15;B01
201400044388;0;7;0;0;2;1;2;A01
201400044388;0;7;0;0;2;4;23;B01
201400044389;0;7;0;0;1;4;4;A01
201400044390;0;7;0;6;0;1;1;A01
201400044391;0;7;0;7;0;1;16;A01
201400044392;0;31;0;0;0;7;1;A01
201400044393;0;31;0;0;0;7;1;A01
201400044394;0;33;0;1;0;5;1;A01
201400044395;0;7;0;0;1;7;16;A01
201400044396;0;7;0;0;2;1;2;A01
201400044396;0;7;0;0;1;9;15;B01
201400044397;0;33;0;0;2;1;1;B01
201400044397;0;7;0;0;2;6;10;A01
201400044398;0;7;0;0;2;4;4;A01
201400044398;0;31;0;0;2;1;1;B01
201400044399;0;32;0;0;2;8;2;B01
201400044399;1;7;0;0;2;1;15;Z01
201400044400;0;7;0;0;1;1;15;A01
201400044401;0;1;0;0;0;0;0;A01
201400044402;0;7;0;4;0;2;1;A01
201400044403;0;7;0;0;0;2;1;A01
201400044403;0;1;0;0;2;1;1;B01
201400044404;1;14;0;0;2;4;0;C01
201400044404;0;7;0;0;2;4;0;B01
201400044404;1;7;0;0;2;1;1;Z01
201400044405;0;34;0;14;0;0;2;A01
201400044406;0;7;0;0;1;8;2;A01
201400044407;0;7;0;0;1;2;0;A01
201400044408;0;33;0;0;0;7;2;A01
201400044409;0;34;0;0;1;1;3;A01
201400044410;0;34;0;0;1;3;1;A01
201400044411;0;7;0;0;1;3;0;A01
201400044412;0;7;0;0;9;8;22;A01
201400044412;0;1;0;1;0;1;1;B01
201400044413;0;7;0;0;0;3;15;A01
201400044413;0;33;0;0;0;2;0;B01
201400044414;0;7;0;0;1;2;0;A01
201400044415;0;2;0;0;0;7;0;A01
201400044416;0;7;0;0;2;8;16;B01
201400044416;0;33;0;0;2;7;16;A01
201400044417;0;7;0;0;2;4;2;B01
201400044417;0;7;0;0;2;1;2;C01
201400044417;0;7;0;0;2;4;2;A01
201400044418;0;7;0;1;0;4;1;A01
201400044419;0;10;0;0;2;3;11;A01
201400044419;0;33;0;4;2;2;1;B01
201400044420;0;7;0;0;2;2;1;A01
201400044420;0;7;0;0;2;3;14;B01
201400044421;0;7;0;0;2;3;1;A01
201400044421;0;1;0;0;2;7;1;B01
201400044422;0;2;0;0;0;7;1;A01
201400044423;1;30;0;0;1;1;1;Z01
201400044424;0;7;0;0;2;1;1;B01
201400044424;0;7;0;0;2;1;1;A01
201400044425;0;7;0;0;1;7;16;A01
201400044426;0;7;0;0;1;1;1;A01
201400044427;0;2;0;0;2;1;3;B01
201400044427;0;7;0;0;2;6;1;A01
201400044428;0;7;0;0;2;1;16;A01
201400044428;0;2;0;0;2;3;1;B01
201400044429;0;1;0;0;2;1;1;B01
201400044429;0;10;0;0;2;3;1;A01
201400044430;0;7;0;0;1;4;4;A01
201400044431;0;31;0;4;0;1;1;A01
201400044432;0;1;0;0;0;7;1;A01
201400044433;0;33;0;3;0;1;1;A01
201400044434;0;7;0;0;2;3;5;B01
201400044434;0;33;0;0;2;1;1;A01
201400044435;1;7;0;0;1;1;1;Z01
201400044436;0;10;0;0;1;8;1;A01
201400044437;0;2;0;0;2;1;1;B01
201400044437;0;15;0;0;2;2;15;A01
201400044438;0;7;0;8;0;1;1;A01
201400044439;0;7;0;0;2;2;16;A01
201400044439;0;1;0;0;2;2;1;B01
201400044440;1;30;0;0;1;1;5;A01
201400044441;0;7;0;0;2;2;10;A01
201400044441;0;32;0;0;2;3;1;B01
201400044442;0;2;0;0;0;9;15;A01
201400044443;0;32;0;0;2;1;17;B01
201400044443;0;7;0;0;2;3;9;A01
201400044444;0;7;0;0;1;1;1;A01
201400044445;0;34;0;0;2;1;1;A01
201400044445;0;7;0;0;2;1;15;B01
201400044446;0;7;0;0;2;2;1;A01
201400044446;0;32;0;0;2;1;1;B01
201400044447;0;10;0;0;1;1;1;A01
201400044448;0;7;0;12;0;2;1;A01
201400044449;0;10;0;8;0;1;1;A01
201400044450;0;1;0;0;2;3;1;B01
201400044450;0;7;0;0;2;2;15;A01
201400044451;0;7;0;0;2;4;1;B01
201400044451;0;7;0;0;2;1;2;A01
201400044452;0;10;0;0;2;2;10;A01
201400044452;0;32;0;0;2;2;1;B01
201400044453;0;7;0;0;2;4;1;B01
201400044453;0;7;0;0;2;1;1;A01
201400044454;1;1;0;0;1;1;1;Z01
201400044455;0;7;0;0;1;1;1;A01
201400044456;0;2;0;0;2;8;1;B01
201400044456;0;7;0;0;2;3;15;A01
201400044457;0;1;0;0;1;1;1;A01
201400044458;0;7;0;0;1;5;4;A01
201400044459;0;33;0;0;0;8;2;A01
201400044460;0;32;0;0;2;2;3;A01
201400044460;0;7;0;0;2;3;13;B01
201400044461;0;1;0;0;2;7;16;B01
201400044461;0;2;0;0;2;1;7;A01
201400044462;0;7;0;0;1;3;2;A01
201400044463;0;7;0;0;2;2;5;A01
201400044463;0;7;0;0;2;3;10;B01
201400044464;0;1;0;0;2;1;1;B01
201400044464;0;10;0;0;2;1;1;A01
201400044465;0;7;0;0;2;1;2;A01
201400044465;0;10;0;9;2;4;23;B01
201400044466;0;7;0;0;1;2;1;A01
201400044467;0;7;0;2;0;3;1;A01
201400044468;0;2;0;0;2;1;17;A01
201400044468;0;7;0;0;2;8;15;B01
201400044469;0;7;0;0;2;2;15;A01
201400044469;0;34;0;0;2;1;1;B01
201400044470;0;7;0;0;2;1;5;A01
201400044470;0;32;0;0;2;1;1;B01
201400044471;0;7;0;0;2;5;15;B01
201400044471;0;99;0;0;2;1;5;A01
201400044472;0;7;0;0;2;8;15;B01
201400044472;0;33;0;0;2;1;3;A01
201400044473;1;33;0;0;2;4;11;Z01
201400044473;0;32;0;0;2;7;1;A01
201400044474;0;37;20;0;1;2;1;A01
201400044475;0;30;0;1;0;2;1;A01
201400044476;0;37;15;0;2;3;2;B01
201400044476;0;7;0;0;2;2;1;A01
201400044477;0;7;0;0;2;1;2;A01
201400044477;0;3;0;0;2;4;1;B01
201400044478;0;1;0;0;2;2;19;B01
201400044478;0;7;0;0;2;3;1;A01
201400044479;1;7;0;0;1;1;1;Z01
201400044480;0;7;0;0;1;3;1;A01
201400044481;0;34;0;4;0;8;21;A01
201400044482;0;7;0;0;2;2;10;A01
201400044482;0;34;0;0;2;1;2;B01
201400044483;0;7;0;0;1;2;16;A01
201400044484;0;7;0;0;2;2;15;B01
201400044484;0;31;0;0;2;1;1;A01
201400044485;0;7;0;15;1;1;1;A01
201400044486;1;30;0;0;1;1;5;Z01
201400044487;1;7;0;0;1;2;4;Z01
201400044488;0;33;0;0;2;7;13;B01
201400044488;0;7;0;0;2;8;13;A01
201400044489;0;34;0;0;2;3;15;A01
201400044489;0;7;0;0;2;3;15;B01
201400044490;0;7;0;0;2;2;1;A01
201400044490;0;31;0;0;2;1;1;B01
201400044491;0;7;0;0;2;2;1;A01
201400044491;0;33;0;0;2;1;15;B01
201400044492;0;7;0;0;2;7;1;A01
201400044492;0;30;0;0;2;8;3;B01
201400044493;0;33;0;0;2;1;1;B01
201400044493;0;7;0;0;2;1;15;A01
201400044494;0;32;0;0;1;1;21;A01
201400044495;0;31;0;0;2;8;2;B01
201400044495;0;7;0;0;2;5;12;A01
201400044496;1;7;0;0;1;4;4;Z01
201400044497;0;7;0;0;2;4;20;B01
201400044497;0;1;0;0;2;1;2;A01
201400044498;0;7;0;0;2;5;16;A01
201400044498;0;1;0;0;2;1;2;B01
201400044499;0;2;0;0;2;1;2;B01
201400044499;0;7;0;0;2;1;15;A01
201400044500;0;7;0;0;2;6;1;A01
201400044500;0;32;0;0;2;2;2;B01
201400044501;0;33;0;0;2;2;1;A01
201400044501;1;7;0;0;2;3;9;Z01
201400044502;0;30;0;0;2;7;2;A01
201400044502;0;7;0;0;2;8;1;B01
201400044503;0;7;0;0;1;1;20;A01
201400044504;0;33;0;0;1;3;1;A01
201400044505;0;7;0;0;2;1;20;A01
201400044505;0;33;0;0;2;1;1;B01
201400044506;0;7;0;0;2;7;16;A01
201400044506;0;32;0;0;2;1;1;B01
201400044507;0;7;0;0;2;1;1;A01
201400044507;0;7;0;0;2;4;1;B01
201400044508;0;2;0;0;2;1;1;B01
201400044508;0;7;0;0;2;2;1;A01