num_acc;senc;catv;occutc;obs;obsm;choc;manv;num_veh
201400044509;0;31;0;0;2;4;2;B01
201400044509;0;10;0;0;2;1;2;A01
201400044510;0;33;0;0;2;6;15;B01
201400044510;0;7;0;0;2;2;15;A01
201400044511;0;7;0;0;2;8;15;B01
201400044511;1;7;0;0;2;1;1;Z01
201400044512;0;10;0;0;1;1;1;A01
201400044513;0;7;0;0;1;2;1;A01
201400044514;0;33;0;0;0;8;1;A01
201400044514;0;10;0;0;0;0;20;B01
201400044515;1;7;0;0;1;1;1;Z01
201400044516;0;7;0;0;2;1;15;A01
201400044516;0;32;0;0;2;3;1;B01
201400044517;0;7;0;0;2;7;1;B01
201400044517;0;2;0;0;2;1;1;A01
201400044518;0;32;0;0;2;7;1;B01
201400044518;0;7;0;0;2;8;20;A01
201400044519;0;15;0;0;1;3;1;A01
201400044520;0;34;0;0;2;2;11;B01
201400044520;0;7;0;0;2;3;11;A01
201400044521;0;7;0;0;2;6;24;B01
201400044521;0;7;0;1;2;1;1;A01
201400044522;0;7;0;12;0;1;1;A01
201400044523;0;7;0;0;2;1;16;A01
201400044523;0;33;0;0;2;8;1;B01
201400044524;0;7;0;0;2;2;9;B01
201400044524;0;1;0;0;2;1;5;A01
201400044525;0;7;0;0;2;3;2;A01
201400044525;0;30;0;0;2;1;1;B01
201400044526;0;7;0;0;2;9;23;B01
201400044526;0;30;0;0;2;4;23;C01
201400044526;0;7;0;0;2;1;2;A01
201400044527;0;31;0;0;2;1;1;A01
201400044527;0;7;0;0;2;3;1;B01
201400044528;0;1;0;0;1;1;1;A01
201400044529;0;1;0;0;2;1;1;A01
201400044529;0;7;0;0;2;1;1;B01
201400044530;1;7;0;0;2;1;1;Z01
201400044530;0;32;0;0;2;1;16;B01
201400044531;0;7;0;1;0;1;1;A01
201400044532;0;7;0;0;2;7;1;B01
201400044532;0;30;0;0;2;1;1;A01
201400044533;0;2;0;14;0;2;1;A01
201400044534;0;7;0;0;1;1;1;A01
201400044535;0;33;0;0;2;8;16;B01
201400044535;0;7;0;0;2;2;16;A01
201400044536;0;7;0;1;0;1;1;A01
201400044537;0;7;0;0;2;3;9;A01
201400044537;0;30;0;0;2;7;2;B01
201400044538;0;7;0;0;2;4;23;A01
201400044538;0;7;0;1;2;1;2;B01
201400044539;0;31;0;0;2;3;3;A01
201400044539;0;7;0;0;2;3;14;B01
201400044540;0;7;0;0;2;6;2;A01
201400044540;0;32;0;0;2;2;7;B01
201400044541;0;7;0;0;2;3;2;A01
201400044541;0;7;0;15;2;7;2;B01
201400044542;1;7;0;0;1;7;1;Z01
201400044543;0;32;0;0;2;3;1;B01
201400044543;0;7;0;0;2;1;15;A01
201400044544;0;7;0;0;1;2;1;A01
201400044545;2;7;0;0;2;3;10;Z01
201400044545;0;32;0;0;2;1;2;B01
201400044546;0;32;0;0;2;0;21;B01
201400044546;0;34;0;0;0;0;9;A01
201400044547;0;7;0;8;0;1;2;A01
201400044548;0;7;0;0;2;1;2;A01
201400044548;0;7;0;0;2;4;2;B01
201400044549;0;30;0;0;0;8;17;B01
201400044549;0;7;0;0;0;3;15;A01
201400044550;0;7;0;0;1;4;4;A01
201400044551;0;1;0;0;0;8;0;B01
201400044551;0;2;0;0;2;1;15;A01
201400044552;0;30;0;0;1;1;5;A01
201400044553;2;30;0;0;1;7;1;Z01
201400044554;0;14;0;0;0;6;5;B01
201400044554;0;32;0;0;0;0;19;A01
201400044555;0;7;0;0;1;2;9;A01
201400044556;0;33;0;0;2;1;1;B01
201400044556;0;7;0;0;2;3;9;A01
201400044557;0;31;0;0;2;1;2;A01
201400044557;0;7;0;0;2;3;2;B01
201400044558;0;33;0;0;1;1;1;A01
201400044559;0;7;0;0;2;1;1;B01
201400044559;0;7;0;0;1;3;17;A01
201400044560;0;7;0;0;1;8;0;A01
201400044561;0;7;0;0;2;5;10;A01
201400044561;0;33;0;0;2;1;2;B01
201400044562;0;37;0;0;2;8;1;B01
201400044562;1;30;0;0;2;1;15;Z01
201400044563;0;7;0;0;2;8;20;A01
201400044563;2;33;0;0;2;1;21;B01
201400044564;0;7;0;0;2;3;1;B01
201400044564;0;32;0;0;2;1;1;A01
201400044565;1;30;0;0;1;1;2;Z01
201400044566;0;7;0;0;2;1;15;A01
201400044566;0;34;0;0;2;1;0;B01
201400044567;0;7;0;0;1;4;4;A01
201400044568;0;30;0;0;1;7;0;A01
201400044569;0;1;0;0;2;1;2;B01
201400044569;0;7;0;0;2;3;2;A01
201400044570;0;34;0;0;2;2;1;B01
201400044570;0;7;0;0;2;5;1;A01
201400044571;0;7;0;0;1;2;16;A01
201400044572;0;33;0;0;1;2;0;A01
201400044573;0;7;0;0;2;3;20;A01
201400044573;0;7;0;0;2;2;2;B01
201400044574;0;7;0;0;2;1;23;A01
201400044574;0;7;0;0;2;4;2;B01
201400044575;0;7;0;0;1;1;13;A01
201400044576;0;7;0;0;1;1;1;A01
201400044577;0;7;0;0;2;9;1;B01
201400044577;0;7;0;0;2;1;1;D01
201400044577;0;7;0;0;2;4;0;A01
201400044577;0;7;0;0;2;9;1;C01
201400044578;0;7;0;0;2;1;1;A01
201400044578;0;7;0;0;2;3;1;B01
201400044579;0;7;0;0;2;5;16;A01
201400044579;0;31;0;0;2;1;1;B01
201400044580;0;32;0;0;2;1;17;A01
201400044580;0;7;0;0;2;8;15;B01
201400044581;0;7;0;0;2;1;16;B01
201400044581;0;7;0;0;2;3;1;A01
201400044582;0;14;0;0;1;3;1;A01
201400044583;0;7;0;0;2;3;1;B01
201400044583;0;30;0;0;2;1;0;A01
201400044584;0;30;0;0;2;1;1;B01
201400044584;0;99;0;0;2;2;15;A01
201400044585;0;7;0;0;0;2;0;A01
201400044585;0;34;0;0;0;3;0;B01
201400044586;0;7;0;0;1;7;1;A01
201400044587;0;7;0;0;1;2;1;A01
201400044588;0;7;0;0;2;2;1;B01
201400044588;0;7;0;0;0;4;20;A01
201400044589;0;10;0;0;0;6;15;A01
201400044589;0;32;0;0;0;1;2;B01
201400044590;0;7;0;0;2;1;1;B01
201400044590;0;7;0;0;2;1;13;A01
201400044591;1;7;0;0;0;7;15;Z01
201400044591;0;33;0;0;0;7;1;B01
201400044592;0;7;0;6;0;1;1;A01
201400044593;1;7;0;0;2;1;2;Z01
201400044593;0;7;0;0;0;4;2;B01
201400044594;0;7;0;0;2;8;0;A01
201400044594;0;34;0;0;2;9;1;B01
201400044595;0;7;0;0;1;1;1;A01
201400044596;0;7;0;0;0;8;11;A01
201400044596;0;33;0;0;2;1;1;B01
201400044597;0;34;0;0;2;0;21;A01
201400044597;0;7;0;0;2;1;9;B01
201400044598;0;33;0;0;1;1;1;A01
201400044599;0;7;0;0;2;2;17;A01
201400044599;0;7;0;0;2;6;10;B01
201400044600;0;10;0;0;2;1;2;A01
201400044600;0;7;0;0;2;4;2;B01
201400044601;0;7;0;0;1;1;1;A01
201400044602;0;31;0;0;2;8;1;B01
201400044602;0;7;0;0;2;1;17;A01
201400044603;0;7;0;0;2;1;2;B01
201400044603;0;7;0;0;2;8;15;A01
201400044604;0;7;0;0;1;1;15;A01
201400044605;0;7;0;0;2;3;1;A01
201400044605;0;7;0;0;2;7;1;B01
201400044606;0;7;0;4;0;3;1;A01
201400044607;0;7;0;6;0;2;1;A01
201400044608;0;7;0;0;2;5;1;A01
201400044608;0;31;0;0;2;1;1;B01
201400044609;0;10;0;0;2;1;23;B01
201400044609;1;14;0;0;2;4;4;A01
201400044610;0;7;0;0;2;8;1;B01
201400044610;0;7;0;0;2;1;15;A01
201400044611;0;7;0;0;2;4;23;B01
201400044611;1;7;0;0;2;1;2;Z01
201400044612;0;7;0;0;1;1;1;A01
201400044613;0;7;0;0;2;6;2;B01
201400044613;0;7;0;0;2;1;21;A01
201400044614;0;10;0;0;2;1;15;A01
201400044614;0;10;0;0;2;6;2;B01
201400044615;0;7;0;0;2;1;2;A01
201400044615;0;7;0;0;2;4;21;B01
201400044616;0;7;0;0;1;3;15;A01
201400044617;0;1;0;0;2;7;1;B01
201400044617;0;7;0;0;2;1;1;A01
201400044618;0;7;0;0;1;1;15;A01
201400044619;0;7;0;0;2;1;5;A01
201400044619;0;1;0;0;2;7;19;B01
201400044620;0;7;0;0;2;7;1;A01
201400044620;0;7;0;0;2;1;19;B01
201400044621;0;7;0;15;0;1;1;A01
201400044622;0;7;0;0;2;1;2;A01
201400044622;0;7;0;0;2;4;2;B01
201400044623;0;30;0;0;2;8;18;A01
201400044623;0;7;0;0;2;7;16;B01
201400044624;0;7;0;4;0;1;1;A01
201400044625;0;7;0;0;2;2;1;B01
201400044625;0;7;0;0;2;1;9;A01
201400044626;0;37;10;0;2;2;15;B01
201400044626;1;7;0;0;2;1;1;A01
201400044627;0;7;0;0;2;4;4;A01
201400044627;0;7;0;0;2;1;23;B01
201400044628;0;33;0;14;0;8;1;A01
201400044629;0;7;0;0;2;6;9;B01
201400044629;0;31;0;0;2;6;1;A01
201400044630;0;7;0;9;0;1;1;A01
201400044631;0;34;0;0;0;8;1;A01
201400044632;0;7;0;0;1;2;15;A01
201400044633;0;7;0;1;0;1;1;A01
201400044634;0;7;0;0;1;2;16;A01
201400044635;1;7;0;0;1;1;1;Z01
201400044636;0;7;0;0;2;1;9;A01
201400044636;0;1;0;0;2;7;1;B01
201400044637;0;33;0;0;2;1;2;A01
201400044637;0;33;0;0;2;6;2;B01
201400044638;0;10;0;1;0;1;13;A01
201400044639;0;31;0;14;2;1;17;A01
201400044639;0;7;0;0;2;6;1;B01
201400044640;0;7;0;4;0;9;13;B01
201400044640;0;7;0;0;0;0;13;A01
201400044640;1;15;0;0;0;0;11;Z01
201400044641;0;7;0;0;2;3;20;A01
201400044641;0;32;0;0;2;7;1;B01
201400044642;0;7;0;0;2;8;1;B01
201400044642;0;10;0;0;2;1;16;A01
201400044643;0;10;0;0;2;5;1;B01
201400044643;0;1;0;0;2;1;2;A01
201400044644;0;7;0;10;0;3;1;A01
201400044645;0;7;0;0;2;3;18;B01
201400044645;0;7;0;0;2;5;12;A01
201400044646;0;33;0;0;1;1;1;A01
201400044647;0;33;0;0;2;8;15;B01
201400044647;0;34;0;0;2;1;17;A01
201400044648;0;7;0;0;1;1;1;A01
201400044649;0;7;0;1;2;2;17;A01
201400044649;0;7;0;0;2;6;1;B01
201400044650;0;2;0;0;2;6;11;A01
201400044650;0;7;0;0;2;2;2;B01
201400044651;0;10;0;0;1;3;15;A01
201400044652;0;30;0;0;2;1;5;A01
201400044652;0;15;0;0;2;3;1;B01
201400044653;1;7;0;0;1;1;1;A01
201400044654;1;7;0;0;1;1;5;A01
201400044655;0;3;0;0;1;2;2;A01
201400044656;0;7;0;0;2;4;1;B01
201400044656;0;7;0;0;2;1;2;A01
201400044657;2;7;0;0;1;3;1;A01
201400044658;0;7;0;0;2;3;9;A01
201400044658;0;1;0;0;2;4;15;B01
201400044659;0;7;0;0;2;3;9;A01
201400044659;0;31;0;0;2;1;1;B01
201400044660;0;7;0;0;2;8;16;B01
201400044660;0;1;0;0;2;1;1;A01
201400044661;0;7;0;0;2;1;1;A01
201400044661;0;7;0;0;2;2;1;B01
201400044662;0;7;0;0;2;7;1;B01
201400044662;0;7;0;0;2;1;1;A01
201400044663;0;10;0;0;2;1;2;A01
201400044663;0;7;0;0;2;4;1;B01
201400044664;0;1;0;0;2;1;1;B01
201400044664;0;7;0;0;2;3;15;A01
201400044665;0;7;0;0;2;7;15;A01
201400044665;0;30;0;0;2;1;2;B01
201400044666;0;33;0;0;0;1;1;A01
201400044667;0;7;0;0;2;3;10;A01
201400044667;0;37;1;0;2;2;1;B01
201400044668;0;7;0;0;2;1;2;A01
201400044668;0;1;0;0;2;4;2;B01
201400044669;0;32;0;0;2;1;1;A01
201400044669;0;7;0;0;2;3;9;B01
201400044670;0;7;0;0;2;7;1;B01
201400044670;0;7;0;0;2;1;1;A01
201400044671;0;7;0;0;2;1;1;A01
201400044671;0;10;0;0;2;7;1;B01
201400044672;0;31;0;0;2;1;1;B01
201400044672;0;7;0;0;2;2;10;A01
201400044673;0;7;0;0;2;1;10;A01
201400044673;0;33;0;0;2;8;1;B01
201400044674;0;7;0;0;2;1;2;A01
201400044674;0;7;0;0;2;4;1;B01
201400044675;0;17;0;0;2;2;1;B01
201400044675;0;7;0;0;2;8;9;A01
201400044676;0;7;0;0;1;2;1;A01
201400044677;0;10;0;0;2;3;15;A01
201400044677;0;2;0;0;2;7;1;B01
201400044678;0;7;0;0;2;3;1;B01
201400044678;0;7;0;0;2;2;1;A01
201400044679;0;7;0;0;1;1;1;A01
201400044680;0;7;0;0;2;1;2;A01
201400044680;0;7;0;0;2;4;2;B01
201400044681;0;7;0;0;2;1;13;A01
201400044681;0;7;0;0;2;1;1;B01
201400044682;0;30;0;0;2;7;17;A01
201400044682;0;7;0;0;2;3;15;B01
201400044683;0;7;0;0;2;4;23;B01
201400044683;0;7;0;0;2;1;2;A01
201400044684;0;33;0;0;2;1;1;A01
201400044684;0;7;0;0;2;6;9;B01
201400044685;0;7;0;0;2;3;9;A01
201400044685;0;2;0;0;2;1;3;B01
201400044686;0;7;0;0;1;1;1;A01
201400044687;0;7;0;0;2;4;23;B01
201400044687;0;7;0;0;2;1;2;A01
201400044688;0;14;0;0;2;2;12;A01
201400044688;0;7;0;0;2;3;1;B01
201400044689;0;7;0;9;0;1;16;A01
201400044690;1;32;0;0;1;2;13;A01
201400044691;0;37;40;0;2;1;1;B01
201400044691;0;7;0;0;2;8;9;A01
201400044692;0;34;0;0;0;8;16;A01
201400044693;0;7;0;0;2;1;1;B01
201400044693;0;7;0;0;2;8;1;A01
201400044694;0;7;0;0;2;6;5;C01
201400044694;0;7;0;0;2;6;5;B01
201400044694;0;7;0;15;2;1;1;A01
201400044695;0;7;0;0;1;3;1;A01
201400044696;0;7;0;0;1;3;1;A01
201400044697;0;32;0;0;2;8;1;A01
201400044697;0;7;0;0;2;2;20;B01
201400044698;0;10;0;0;2;8;1;B01
201400044698;0;38;3;0;2;1;6;A01
201400044699;0;10;0;4;0;1;13;A01
201400044700;0;33;0;0;1;2;2;A01
201400044701;0;7;0;0;2;1;2;A01
201400044701;0;1;0;0;2;4;1;B01
201400044702;0;33;0;0;2;1;1;A01
201400044702;0;10;0;0;2;3;15;B01
201400044703;0;7;0;9;2;8;17;A01
201400044703;0;7;0;0;2;1;9;B01
201400044704;0;7;0;0;2;8;11;A01
201400044704;0;33;0;0;2;1;3;B01
201400044705;0;7;0;0;2;9;1;B01
201400044705;0;7;0;0;2;9;9;A01
201400044705;0;7;0;0;2;1;1;C01
201400044706;0;7;0;12;0;1;1;A01
201400044707;0;7;0;0;1;1;1;A01
201400044708;0;7;0;4;0;1;1;A01
201400044709;0;7;0;0;2;4;1;B01
201400044709;0;7;0;0;2;1;1;A01
201400044710;0;33;0;0;0;8;1;A01
201400044711;0;2;0;0;2;1;9;A01
201400044711;0;7;0;0;2;2;2;B01
201400044712;0;7;0;0;2;8;2;B01
201400044712;0;2;0;0;2;1;17;A01
201400044713;0;7;0;0;2;1;1;B01
201400044713;0;7;0;0;2;1;9;A01
201400044714;0;10;0;0;2;1;9;A01
201400044714;0;10;0;0;2;7;2;B01
201400044715;0;10;0;0;2;7;1;A01
201400044715;0;7;0;0;2;1;1;B01
201400044716;0;7;0;0;2;1;1;A01
201400044716;0;2;0;0;2;7;19;B01
201400044717;0;7;0;0;2;1;2;A01
201400044717;0;7;0;0;2;4;1;B01
201400044718;0;7;0;0;2;1;2;B01
201400044718;0;1;0;0;2;7;2;A01
201400044719;0;37;10;0;0;0;21;B01
201400044719;0;7;0;2;0;1;1;A01
201400044720;1;7;0;0;2;1;1;A01
201400044720;0;34;0;12;2;8;1;B01
201400044721;0;10;0;0;2;1;15;A01
201400044721;0;33;0;0;2;1;1;B01
201400044722;0;7;0;4;0;1;1;A01
201400044723;0;7;0;0;2;3;16;B01
201400044723;0;33;0;0;2;1;2;A01
201400044724;0;37;2;0;2;8;9;A01
201400044724;0;1;0;0;2;6;1;B01
201400044725;0;7;0;0;2;3;9;A01
201400044725;0;33;0;0;2;7;1;B01
201400044726;0;7;0;9;0;1;1;A01
201400044727;0;7;0;13;0;1;1;A01
201400044728;0;7;0;0;1;2;1;A01
201400044729;0;7;0;0;1;2;2;A01
201400044730;0;7;0;0;2;4;2;C01
201400044730;0;7;0;0;2;4;2;B01
201400044730;2;7;0;0;2;1;2;A01
201400044731;0;7;0;0;2;6;2;B01
201400044731;0;2;0;0;2;1;2;A01
201400044732;0;34;0;0;2;4;23;B01
201400044732;0;7;0;0;2;1;2;A01
201400044733;0;7;0;0;2;2;15;A01
201400044733;1;7;0;0;2;8;1;B01
201400044734;0;33;0;0;0;7;1;B01
201400044734;1;7;0;0;0;0;17;A01
201400044735;0;7;0;0;2;7;1;A01
201400044735;0;7;0;0;2;1;1;B01
201400044736;0;40;0;0;1;1;2;A01
201400044737;0;7;0;10;0;1;1;A01
201400044738;0;10;0;0;2;3;11;A01
201400044738;0;2;0;0;2;2;1;B01
201400044739;0;33;0;0;2;8;1;B01
201400044739;1;7;0;0;2;7;12;A01
201400044740;0;2;0;1;0;7;1;A01
201400044741;0;10;0;0;2;8;23;B01
201400044741;0;33;0;12;2;3;2;A01
201400044742;0;7;0;0;2;2;1;A01
201400044742;0;32;0;0;2;5;1;B01
201400044743;0;37;2;0;2;6;1;B01
201400044743;0;1;0;0;2;1;1;A01
201400044744;0;7;0;0;2;2;1;A01
201400044744;0;30;0;0;2;3;15;B01
201400044745;0;33;0;0;2;2;1;B01
201400044745;0;7;0;0;2;6;11;A01
201400044746;0;14;0;0;2;2;15;A01
201400044746;0;2;0;0;2;8;1;B01
201400044747;0;7;0;11;0;3;1;A01
201400044748;0;7;0;0;2;4;16;C01
201400044748;0;7;0;0;2;6;13;B01
201400044748;0;10;0;0;2;2;2;A01
201400044749;0;1;0;1;2;4;11;A01
201400044749;0;7;0;0;2;7;11;B01
201400044750;0;2;0;0;1;3;1;A01
201400044751;0;7;0;0;1;2;1;A01
201400044752;0;7;0;0;2;6;2;B01
201400044752;0;33;0;0;2;1;2;A01
201400044753;0;2;0;0;0;8;1;A01
201400044754;0;1;0;0;0;2;2;B01
201400044754;0;1;0;0;0;6;2;A01
201400044755;0;13;0;0;2;2;2;B01
201400044755;0;7;0;0;0;3;15;A01
201400044756;0;32;0;0;2;3;1;B01
201400044756;0;7;0;0;2;2;14;A01
201400044757;0;7;0;0;2;3;2;A01
201400044757;0;7;0;0;2;1;2;B01
201400044758;0;7;0;0;1;2;1;A01
201400044759;0;7;0;0;1;1;1;A01
201400044760;0;20;0;0;2;4;4;B01
201400044760;0;15;0;0;2;7;5;A01
201400044761;0;1;0;0;0;4;2;B01
201400044761;1;7;0;0;2;1;1;A01
201400044762;0;1;0;0;0;0;1;B01
201400044762;0;7;0;1;0;8;0;A01
201400044763;0;7;0;0;2;8;15;B01
201400044763;0;30;0;0;2;1;17;A01
201400044764;0;7;0;0;1;1;1;A01
201400044765;0;34;0;0;0;7;1;A01
201400044766;0;7;0;0;0;8;10;A01
201400044766;0;7;0;0;2;1;1;B01
201400044767;0;31;0;0;1;1;1;A01
201400044768;0;7;0;0;1;1;1;A01
201400044769;0;10;0;0;0;2;9;A01
201400044769;0;7;0;0;0;0;1;B01
201400044770;0;33;0;0;0;0;1;A01
201400044771;0;34;0;0;1;1;16;A01
201400044772;0;7;0;0;2;8;1;B01
201400044772;0;34;0;0;2;1;12;A01
201400044773;0;7;0;0;1;3;1;A01
201400044774;0;7;0;0;0;0;15;B01
201400044774;0;33;0;0;2;1;13;A01
201400044774;0;7;0;0;2;1;0;C01
201400044775;0;7;0;0;1;4;4;A01
201400044776;1;7;0;0;2;3;13;A01
201400044776;0;33;0;0;2;2;17;B01
201400044777;0;33;0;0;1;1;1;A01
201400044778;0;7;0;4;0;1;2;A01
201400044779;0;10;0;6;0;1;1;A01
201400044780;0;14;0;0;2;1;2;A01
201400044780;0;7;0;0;0;4;2;B01
201400044781;0;7;0;0;2;2;1;A01
201400044781;0;7;0;0;2;3;1;B01
201400044782;0;7;0;0;2;1;19;A01
201400044782;0;7;0;0;2;1;1;B01
201400044783;0;7;0;4;0;9;1;A01
201400044784;0;7;0;0;1;1;0;A01
201400044785;0;7;0;3;0;1;0;A01
201400044786;0;7;0;0;2;3;15;B01
201400044786;0;33;0;0;2;2;3;A01
201400044787;0;7;0;15;2;6;1;A01
201400044787;1;7;0;0;2;0;0;Z01
201400044788;0;7;0;0;2;1;2;A01
201400044788;0;7;0;0;;4;2;B01
201400044789;0;7;0;0;2;1;0;B01
201400044789;0;7;0;0;2;3;0;A01
201400044790;1;7;0;0;1;2;0;A01
201400044791;0;7;0;0;0;6;2;B01
201400044791;0;7;0;0;2;2;2;A01
201400044792;0;32;0;0;0;7;12;B01
201400044792;0;7;0;0;2;3;9;A01
201400044793;0;7;0;0;0;8;0;B01
201400044793;0;7;0;0;0;1;0;A01
201400044794;0;7;0;0;0;6;0;B01
201400044794;0;7;0;1;0;2;2;A01
201400044795;0;7;0;0;2;4;2;B01
201400044795;0;7;0;0;2;1;2;A01
201400044795;0;7;0;0;0;4;23;C01
201400044796;0;7;0;0;2;3;5;A01
201400044796;0;7;0;0;2;1;1;B01
201400044797;0;30;0;0;2;1;1;A01
201400044797;0;7;0;0;2;2;1;B01
201400044798;0;7;0;0;1;1;0;A01
201400044799;0;7;0;0;2;3;15;A01
201400044799;0;32;0;0;2;8;1;B01
201400044800;0;34;0;0;2;1;13;A01
201400044800;0;7;0;0;2;3;16;B01
201400044801;0;32;0;0;0;8;1;A01
201400044802;1;7;0;0;0;0;1;Z01
201400044802;0;33;0;0;0;2;16;A01
201400044803;0;1;0;0;1;1;8;A01
201400044804;0;33;0;0;0;3;21;A01
201400044805;0;7;0;0;2;6;15;B01
201400044805;0;30;0;0;2;1;2;A01
201400044806;0;34;0;0;2;1;1;A01
201400044806;0;7;0;0;2;7;15;B01
201400044807;0;7;0;0;2;1;1;A01
201400044807;0;7;0;6;2;5;1;B01
201400044808;0;34;0;0;2;5;15;B01
201400044808;0;7;0;0;2;2;1;A01
201400044809;0;7;0;0;1;3;1;A01
201400044810;0;7;0;0;2;3;1;B01
201400044810;0;7;0;8;2;2;1;A01
201400044811;0;10;0;0;1;2;15;A01
201400044812;0;7;0;0;2;8;1;B01
201400044812;0;7;0;0;2;2;1;A01
201400044813;0;33;0;0;1;1;1;A01
201400044814;0;10;0;0;2;2;2;A01
201400044814;0;10;0;0;2;6;23;B01
201400044815;0;33;0;0;2;3;1;B01
201400044815;0;7;0;0;2;2;14;A01
201400044816;0;31;0;0;2;1;21;A01
201400044816;0;7;0;0;2;5;9;B01
201400044817;0;7;0;0;2;1;1;A01
201400044817;0;7;0;0;2;2;1;B01
201400044818;0;7;0;0;2;7;5;A01
201400044818;0;33;0;0;2;1;1;B02
201400044819;0;7;0;0;2;8;2;B01
201400044819;0;2;0;0;2;7;2;A01
201400044820;0;7;0;0;2;1;2;A01
201400044820;0;7;0;0;2;6;20;B01
201400044821;0;1;0;0;2;8;13;A01
201400044821;0;10;0;0;2;3;1;B01
201400044822;0;7;0;0;1;1;15;A01
201400044823;0;31;0;10;0;1;1;B01
201400044823;0;10;0;0;0;6;15;A01
201400044824;0;7;0;0;1;0;1;A01
201400044825;0;31;0;0;0;1;0;A01
201400044825;0;7;0;0;0;4;0;B01
201400044826;0;7;0;0;2;1;0;A01
201400044826;0;32;0;0;2;1;0;B01
201400044827;0;7;0;0;2;1;1;A01
201400044827;0;1;0;0;2;8;2;B01
201400044828;0;30;0;0;2;4;23;B01
201400044828;0;14;0;0;2;1;2;A01
201400044829;0;30;0;0;2;1;1;A01
201400044829;0;3;0;0;2;3;1;B01
201400044830;0;7;0;0;1;1;2;A01
201400044831;0;7;0;0;2;2;16;B01
201400044831;0;33;0;0;2;1;18;A01
201400044832;0;7;0;0;2;2;1;A01
201400044832;0;7;0;0;2;5;1;B01
201400044833;2;10;0;0;2;1;2;A01
201400044833;0;7;0;9;2;2;2;B01
201400044834;0;7;0;0;1;3;2;A01
201400044835;0;7;0;0;2;5;10;A01
201400044835;0;33;0;0;2;1;1;B01
201400044836;0;32;0;0;2;1;1;A01
201400044836;0;30;0;0;2;6;1;B01
201400044837;0;33;0;0;1;1;1;A01
201400044838;0;7;0;0;1;2;1;A01
201400044839;0;7;0;0;2;8;1;B01
201400044839;0;7;0;1;2;9;1;A01
201400044840;0;33;0;14;0;7;1;A01
201400044841;0;31;0;0;0;2;1;A01
201400044842;0;7;0;0;1;2;15;A01
201400044843;0;7;0;0;2;6;15;A01
201400044843;0;7;0;0;2;1;1;B01
201400044844;0;17;0;0;2;7;1;B01
201400044844;0;34;0;0;2;8;18;A01
201400044845;0;7;0;0;2;4;2;B01
201400044845;0;7;0;0;2;1;2;A01
201400044846;0;32;0;0;2;1;1;B01
201400044846;0;7;0;0;2;2;1;A01
201400044847;0;10;0;0;1;2;1;A01
201400044848;0;33;0;0;0;8;15;A01
201400044849;0;32;0;0;2;1;7;A01
201400044849;0;1;0;0;2;3;15;B01
201400044850;0;7;0;1;2;7;1;A01
201400044850;0;7;0;0;2;1;1;B01
201400044851;0;10;0;0;2;8;15;B01
201400044851;0;33;0;0;2;1;5;A01
201400044852;0;7;0;0;1;5;1;A01
201400044853;0;1;0;0;2;8;19;A01
201400044853;0;7;0;0;2;1;1;B01
201400044854;1;7;0;0;2;3;15;Z01
201400044854;0;1;0;0;2;1;8;B01
201400044855;1;2;0;8;0;1;6;Z01
201400044856;0;33;0;0;1;7;21;A01
201400044857;0;7;0;0;2;1;1;B01
201400044857;0;33;0;0;2;1;1;A01
201400044858;0;7;0;0;2;4;1;B01
201400044858;0;32;0;0;2;1;1;A01
201400044859;0;7;0;0;2;6;1;B01
201400044859;0;2;0;0;2;1;1;A01
201400044860;0;7;0;0;2;1;1;A01
201400044860;0;33;0;0;2;2;1;B01
201400044861;0;7;0;0;1;4;4;A01
201400044862;0;1;0;1;0;1;17;B01
201400044862;0;7;0;0;9;8;22;A01
201400044863;0;14;0;0;1;1;1;A01
201400044864;0;7;0;0;1;0;1;A01
201400044865;0;33;0;14;0;1;1;A01
201400044866;0;33;0;0;2;1;8;A01
201400044866;0;7;0;0;2;8;15;B01
201400044867;0;32;0;0;2;3;5;A01
201400044867;0;7;0;0;2;1;1;B01
201400044868;0;7;0;0;0;4;20;A01
201400044868;0;7;0;0;0;1;1;B01
201400044869;0;7;0;0;2;6;15;A01
201400044869;0;37;4;0;2;1;1;B01
201400044870;0;34;0;0;2;2;17;A01
201400044870;0;10;0;0;2;8;15;B01
201400044871;0;10;0;0;1;6;20;A01
201400044872;0;38;1;0;1;1;1;A01
201400044873;0;7;0;0;1;2;1;A01
201400044874;0;2;0;0;1;1;3;A01
201400044875;0;32;0;12;0;3;16;A01
201400044876;0;33;0;0;2;1;2;A01
201400044876;0;32;0;0;0;4;17;B01
201400044877;0;7;0;0;1;1;1;A01
201400044878;0;7;0;0;2;7;1;B01
201400044878;1;2;0;0;2;8;13;Z01
201400044879;0;7;0;0;2;3;1;B01
201400044879;0;2;0;0;2;1;15;A01
201400044880;0;33;0;0;2;7;1;B01
201400044880;0;7;0;0;2;8;15;A01
201400044881;0;7;0;0;2;3;1;B01
201400044881;0;10;0;0;2;3;13;A01
201400044882;0;32;0;0;2;2;3;B01
201400044882;0;7;0;0;2;6;17;A01
201400044883;0;7;0;0;2;2;15;A01
201400044883;0;33;0;0;2;1;1;B01
201400044884;0;33;0;0;2;0;0;B01
201400044884;0;10;0;0;2;0;2;A01
201400044885;0;7;0;0;9;1;15;B01
201400044885;0;1;0;0;2;1;5;A01