num_acc;senc;catv;occutc;obs;obsm;choc;manv;num_veh
201400044886;0;7;0;0;1;3;2;A01
201400044887;0;7;0;0;1;6;2;A01
201400044888;0;37;0;0;1;1;1;A01
201400044889;0;7;0;0;2;3;16;B01
201400044889;0;32;0;0;2;2;16;A01
201400044890;0;2;0;1;0;1;1;A01
201400044891;0;7;0;0;0;1;1;A01
201400044891;0;7;0;0;0;4;2;B01
201400044892;0;7;0;0;0;1;0;A01
201400044892;0;7;0;0;0;8;0;B01
201400044893;0;7;0;0;1;1;1;A01
201400044894;0;7;0;0;0;7;11;A01
201400044894;0;7;0;0;0;0;23;C01
201400044894;0;7;0;0;0;8;23;B01
201400044895;0;10;0;0;0;7;0;B01
201400044895;0;32;0;0;0;8;0;A01
201400044896;0;37;1;0;1;2;1;A01
201400044897;0;7;0;0;1;1;1;A01
201400044898;0;7;0;0;1;2;20;A01
201400044899;0;7;0;15;0;9;1;A01
201400044900;0;33;0;0;0;8;2;B01
201400044900;0;30;0;0;0;7;1;A01
201400044900;0;7;0;0;0;6;24;D01
201400044900;0;7;0;0;0;6;24;C01
201400044901;0;7;0;0;0;6;24;B01
201400044901;0;7;0;0;0;2;2;A01
201400044902;0;7;0;0;2;1;0;B01
201400044902;0;7;0;0;2;4;10;A01
201400044903;0;1;0;0;2;8;16;B01
201400044903;1;10;0;0;2;7;16;Z01
201400044904;0;7;0;0;2;4;1;B01
201400044904;2;7;0;0;2;1;2;A01
201400044905;0;30;0;0;2;1;18;A01
201400044905;0;7;0;0;2;7;16;B01
201400044906;0;7;0;0;2;1;1;A01
201400044906;0;32;0;0;2;8;1;B01
201400044907;0;7;0;0;2;2;1;A01
201400044907;0;34;0;0;2;8;1;B01
201400044908;0;33;0;0;2;1;1;B01
201400044908;0;10;0;0;2;2;15;A01
201400044909;0;7;0;0;2;3;15;A01
201400044909;0;2;0;0;2;1;1;B01
201400044910;0;7;0;0;2;1;1;A01
201400044910;0;10;0;3;2;2;1;B01
201400044911;0;30;0;0;2;1;2;A01
201400044911;0;7;0;0;2;5;23;B01
201400044912;0;7;0;0;2;4;23;B01
201400044912;0;10;0;0;2;1;2;A01
201400044913;0;10;0;0;2;4;15;B01
201400044913;0;2;0;0;2;1;2;A01
201400044914;0;7;0;9;2;7;1;A01
201400044914;0;10;0;0;2;1;1;B01
201400044915;1;31;0;0;1;7;1;Z01
201400044916;0;10;0;0;2;8;10;A01
201400044916;0;30;0;0;2;1;1;B01
201400044917;0;7;0;0;1;2;1;A01
201400044918;0;7;0;0;2;2;19;A01
201400044918;0;34;0;0;2;1;1;B01
201400044919;0;7;0;0;2;6;15;A01
201400044919;0;32;0;0;2;1;17;B01
201400044920;0;33;0;0;2;8;1;B01
201400044920;0;7;0;0;2;7;1;A01
201400044921;0;30;0;0;2;8;15;B01
201400044921;1;7;0;0;2;7;17;Z01
201400044922;0;7;0;0;1;1;1;A01
201400044923;0;33;0;0;2;8;1;B01
201400044923;0;7;0;0;2;3;15;A01
201400044924;0;10;0;0;1;4;1;A01
201400044925;0;7;0;0;2;1;1;A01
201400044925;0;1;0;0;2;8;19;B01
201400044926;0;7;0;0;1;1;1;A01
201400044927;0;7;0;0;2;1;9;A01
201400044927;0;7;0;0;2;1;1;B01
201400044928;0;1;0;0;2;4;15;B01
201400044928;0;7;0;0;2;1;15;A01
201400044929;0;7;0;0;2;1;1;A01
201400044929;0;7;0;0;2;7;1;B01
201400044930;0;7;0;0;2;4;1;B01
201400044930;0;1;0;0;2;1;1;A01
201400044931;0;7;0;0;2;1;1;A01
201400044931;0;7;0;0;2;8;15;B01
201400044932;0;32;0;0;2;1;1;B01
201400044932;0;7;0;0;2;3;15;A01
201400044933;0;7;0;0;1;1;1;A01
201400044934;0;7;0;0;2;3;15;A01
201400044934;0;33;0;0;2;1;19;B01
201400044935;0;7;0;0;2;7;1;A01
201400044935;0;31;0;0;2;1;1;B01
201400044936;0;7;0;0;1;1;1;A01
201400044937;0;7;0;0;2;1;1;A01
201400044937;0;7;0;0;2;2;1;B01
201400044938;0;7;0;0;2;4;1;B01
201400044938;0;7;0;0;2;1;1;A01
201400044939;0;7;0;0;1;4;4;A01
201400044940;0;7;0;0;2;8;1;B01
201400044940;0;7;0;0;2;1;1;A01
201400044941;0;7;0;1;2;1;1;A01
201400044941;0;7;0;0;2;4;1;B01
201400044942;0;7;0;0;2;1;15;A01
201400044942;0;1;0;0;2;8;19;B01
201400044943;0;7;0;0;2;2;16;A01
201400044943;0;1;0;0;2;1;1;B01
201400044944;1;30;0;0;1;1;1;Z01
201400044945;0;7;0;0;1;4;4;A01
201400044946;0;34;0;0;2;3;1;A01
201400044946;0;7;0;0;2;4;23;B01
201400044947;0;7;0;1;0;1;1;A01
201400044948;0;30;0;0;2;7;1;B01
201400044948;0;10;0;0;2;1;15;A01
201400044949;0;7;0;0;2;8;10;A01
201400044949;0;34;0;0;2;1;1;B01
201400044950;0;10;0;0;1;1;15;A01
201400044951;0;7;0;0;1;1;15;A01
201400044952;0;7;0;0;2;2;1;B01
201400044952;0;7;0;0;2;1;1;A01
201400044953;0;7;0;0;2;1;1;A01
201400044953;0;33;0;0;2;8;1;B01
201400044954;0;33;0;0;2;1;1;B01
201400044954;0;7;0;0;2;5;15;A01
201400044955;0;7;0;0;1;1;15;A01
201400044956;0;7;0;0;2;1;1;A01
201400044956;0;7;0;0;2;1;15;B01
201400044957;0;10;0;0;1;4;4;A01
201400044958;1;7;0;0;1;0;0;Z01
201400044959;0;33;0;0;2;7;1;B01
201400044959;0;7;0;0;2;1;10;A01
201400044960;0;1;0;0;2;1;1;B01
201400044960;1;33;0;0;2;1;5;Z01
201400044961;0;7;0;0;2;4;23;A01
201400044961;0;7;0;1;0;1;0;B01
201400044962;0;7;0;0;2;2;1;A01
201400044962;0;32;0;0;2;8;15;B01
201400044963;0;7;0;0;2;4;23;C01
201400044963;0;7;0;0;2;4;23;B01
201400044963;0;7;0;0;2;1;0;A01
201400044964;0;2;0;0;0;1;1;A01
201400044965;0;7;0;0;1;1;1;A01
201400044966;0;7;0;0;2;5;15;A01
201400044966;0;32;0;0;2;1;1;B01
201400044967;0;30;0;0;1;1;0;A01
201400044968;0;7;0;0;1;2;1;A01
201400044969;0;7;0;0;2;2;10;A01
201400044969;0;33;0;0;2;1;1;B01
201400044970;0;7;0;0;9;4;1;B01
201400044970;0;15;0;0;2;2;17;A01
201400044971;0;7;0;0;2;6;10;A01
201400044971;0;33;0;0;2;1;2;B01
201400044972;0;7;0;0;2;1;1;B01
201400044972;0;7;0;0;2;5;1;A01
201400044973;0;7;0;0;2;1;1;A01
201400044973;0;7;0;0;2;8;1;B01
201400044974;0;7;0;0;2;3;15;A01
201400044974;0;2;0;0;2;2;1;B01
201400044975;0;7;0;0;1;3;1;A01
201400044976;0;7;0;0;1;3;16;A01
201400044977;0;7;0;0;1;4;20;A01
201400044978;0;7;0;0;2;1;15;A01
201400044978;0;7;0;0;2;1;1;B01
201400044979;0;7;0;11;0;8;0;A01
201400044980;0;30;0;0;2;7;1;A01
201400044980;0;7;0;0;2;3;13;B01
201400044981;0;7;0;0;2;1;18;A01
201400044981;0;7;0;0;2;4;23;B01
201400044982;0;7;0;0;2;1;9;A01
201400044982;0;7;0;0;2;1;1;B01
201400044983;0;2;0;0;2;7;1;A01
201400044983;0;7;0;0;2;4;20;B01
201400044984;0;7;0;0;1;1;1;A01
201400044985;0;10;0;0;1;3;1;A01
201400044986;0;30;0;0;2;1;1;B01
201400044986;0;7;0;0;2;4;1;A01
201400044987;0;7;0;0;1;4;20;A01
201400044988;0;7;0;0;2;4;0;A01
201400044988;0;7;0;0;2;2;0;B01
201400044989;0;1;0;0;2;1;1;B01
201400044989;0;7;0;0;2;2;1;A01
201400044990;0;33;0;0;2;8;1;B01
201400044990;0;7;0;0;2;7;2;A01
201400044991;0;37;1;0;1;4;4;A01
201400044992;0;7;0;0;2;2;15;A01
201400044992;0;32;0;0;2;1;1;B01
201400044993;0;34;0;0;1;1;1;A01
201400044994;0;7;0;0;2;1;1;B01
201400044994;0;30;0;0;2;1;19;A01
201400044995;0;3;0;8;0;1;1;A01
201400044996;0;7;0;0;2;5;12;A01
201400044996;0;30;0;0;2;3;1;B01
201400044997;0;30;0;0;2;1;2;A01
201400044997;0;7;0;0;2;4;2;B01
201400044998;0;32;0;0;2;1;1;B01
201400044998;0;33;0;0;2;5;15;A01
201400044999;0;10;0;0;1;4;4;A01
201400045000;0;31;0;0;2;1;10;B01
201400045000;0;7;0;0;2;2;1;A01
201400045001;0;7;0;0;2;0;15;B01
201400045001;0;30;0;0;2;8;17;A01
201400045002;0;33;0;0;2;4;1;B01
201400045002;0;7;0;0;2;1;2;A01
201400045003;0;7;0;0;2;1;2;B01
201400045003;0;7;0;0;2;4;23;A01
201400045004;0;7;0;4;0;9;18;A01
201400045005;0;10;0;0;1;4;4;A01
201400045006;0;7;0;1;0;2;1;A01
201400045006;0;7;0;0;0;6;24;B01
201400045007;0;30;0;0;0;0;0;B01
201400045007;0;30;0;0;0;3;0;A01
201400045008;0;34;0;0;0;0;2;A01
201400045009;0;34;0;0;2;1;1;B01
201400045009;0;7;0;0;2;5;15;A01
201400045010;0;7;0;1;0;1;13;A01
201400045011;0;7;0;0;1;3;1;A01
201400045012;0;7;0;0;1;1;1;A01
201400045013;0;31;0;0;2;1;2;A01
201400045013;0;34;0;0;2;5;16;B01
201400045014;0;7;0;0;1;3;1;A01
201400045015;0;30;0;0;2;8;1;B01
201400045015;0;7;0;0;2;2;1;A01
201400045016;0;7;0;0;1;5;1;A01
201400045017;0;7;0;0;2;3;7;A01
201400045017;0;7;0;0;2;7;1;B01
201400045018;1;34;0;0;2;1;1;Z01
201400045018;0;30;0;0;2;4;1;A01
201400045019;0;7;0;0;1;2;2;A01
201400045020;0;7;0;0;1;1;0;A01
201400045021;0;34;0;0;2;1;14;B01
201400045021;0;7;0;0;2;2;15;A01
201400045022;0;2;0;0;2;1;18;A01
201400045022;0;10;0;0;2;2;16;B01
201400045023;0;7;0;0;2;9;23;A01
201400045023;1;7;0;0;2;1;1;Z02
201400045023;1;7;0;0;2;4;23;B02
201400045024;0;33;0;0;2;8;16;A01
201400045024;0;7;0;0;2;2;16;B01
201400045025;0;2;0;0;2;1;2;A01
201400045025;0;10;0;0;2;6;10;B01
201400045026;0;7;0;0;2;3;15;B01
201400045026;0;2;0;0;2;8;3;A01
201400045027;0;10;0;0;2;2;1;A01
201400045027;0;7;0;0;2;1;1;B01
201400045028;0;7;0;0;1;3;15;A01
201400045029;0;1;0;0;1;1;5;A01
201400045030;0;30;0;0;2;3;1;B01
201400045030;0;7;0;0;2;2;15;A01
201400045031;0;7;0;0;2;3;1;B01
201400045031;0;10;0;0;2;3;15;A01
201400045032;0;7;0;0;1;2;1;A01
201400045033;0;7;0;0;1;1;15;A01
201400045034;0;7;0;0;0;1;1;A01
201400045034;0;33;0;0;0;1;1;B01
201400045035;0;7;0;0;1;3;1;A01
201400045036;0;7;0;0;2;1;2;A01
201400045036;0;1;0;0;2;4;15;B01
201400045037;0;37;2;0;1;2;2;A01
201400045038;0;7;0;0;1;1;15;A01
201400045039;0;7;0;0;2;1;1;A01
201400045039;0;34;0;0;2;4;15;B01
201400045040;0;7;0;0;2;3;15;A01
201400045040;0;34;0;0;2;7;1;B01
201400045041;0;1;0;0;2;1;1;B01
201400045041;0;7;0;0;2;2;9;A01
201400045042;0;7;0;0;2;6;1;B01
201400045042;0;33;0;0;2;1;2;A01
201400045043;0;7;0;0;1;1;15;A01
201400045044;0;33;0;0;2;1;1;A01
201400045044;0;7;0;0;2;6;15;B01
201400045045;0;7;0;0;2;2;15;A01
201400045045;0;2;0;0;2;8;1;B01
201400045046;0;7;0;0;1;1;16;A01
201400045047;0;33;0;0;2;7;1;B01
201400045047;0;7;0;0;2;1;2;A01
201400045048;0;30;0;0;1;1;1;A01
201400045049;0;7;0;0;1;4;4;A01
201400045050;0;32;0;0;2;1;1;B01
201400045050;0;7;0;0;2;3;9;A01
201400045051;0;7;0;0;2;1;1;A01
201400045051;0;1;0;0;2;4;1;B01
201400045052;0;7;0;0;1;1;1;A01
201400045053;0;7;0;0;2;3;15;A01
201400045053;0;30;0;15;2;6;1;B01
201400045054;0;32;0;0;2;1;1;B01
201400045054;0;7;0;0;2;2;15;A01
201400045055;0;1;0;0;2;3;5;A01
201400045055;0;7;0;0;2;2;16;B01
201400045056;0;7;0;0;1;2;1;A01
201400045057;0;7;0;0;2;1;2;A01
201400045057;0;7;0;0;2;4;23;B01
201400045058;0;33;0;0;2;1;18;A01
201400045058;0;7;0;0;2;2;16;B01
201400045059;0;33;0;0;2;1;2;A01
201400045059;0;7;0;0;2;4;23;B01
201400045060;0;7;0;0;1;2;1;A01
201400045061;0;7;0;0;2;1;2;A01
201400045061;0;7;0;0;2;4;2;C01
201400045061;0;7;0;0;2;4;2;B01
201400045062;0;7;0;0;2;1;15;A01
201400045062;0;30;0;0;2;1;1;B01
201400045063;0;30;0;8;0;1;10;A01
201400045064;0;7;0;0;2;8;15;B01
201400045064;0;32;0;0;2;3;2;A01
201400045065;0;7;0;0;1;3;1;A01
201400045066;0;33;0;0;2;8;1;B01
201400045066;0;7;0;0;2;1;9;A01
201400045067;0;2;0;0;2;8;11;A01
201400045067;0;7;0;0;2;5;1;B01
201400045068;0;7;0;0;1;1;2;A01
201400045069;0;7;0;0;2;8;1;A01
201400045069;0;7;0;0;2;1;1;B01
201400045070;0;7;0;0;2;8;24;A01
201400045070;0;1;0;0;2;1;1;B01
201400045071;0;10;0;0;2;5;1;C01
201400045071;0;7;0;0;2;1;15;A01
201400045071;0;7;0;0;2;8;1;B01
201400045072;0;33;0;0;2;1;13;A01
201400045072;0;7;0;0;2;3;15;B01
201400045073;1;7;0;0;2;2;1;A01
201400045073;0;2;0;0;2;8;23;B01
201400045074;0;34;0;12;2;1;17;B01
201400045074;0;7;0;0;2;0;15;A01
201400045075;0;7;0;0;2;1;2;A01
201400045075;0;30;0;0;2;4;23;B01
201400045076;0;1;0;0;2;1;1;B01
201400045076;0;7;0;0;2;3;15;A01
201400045077;0;30;0;0;2;2;17;A01
201400045077;0;32;0;0;2;3;15;B01
201400045078;0;33;0;0;2;1;17;B01
201400045078;0;7;0;0;2;6;10;A01
201400045079;0;7;0;0;1;1;1;A01
201400045080;0;33;0;0;1;1;3;A01
201400045081;0;10;0;0;1;3;15;A01
201400045082;0;31;0;0;1;1;1;A01
201400045083;0;7;0;0;2;1;1;B01
201400045083;0;2;0;0;2;7;19;A01
201400045084;0;7;0;0;2;2;3;A01
201400045084;0;7;0;0;2;6;23;B01
201400045085;0;7;0;0;2;5;1;A01
201400045085;0;7;0;0;2;1;1;B01
201400045086;0;7;0;0;2;3;2;B01
201400045086;2;7;0;1;2;7;2;A01
201400045087;0;7;0;0;2;1;1;B01
201400045087;0;7;0;1;2;7;1;A01
201400045088;0;7;0;0;2;2;15;B01
201400045088;0;33;0;0;2;1;1;A01
201400045089;0;31;0;0;1;2;18;A01
201400045090;0;7;0;0;1;5;20;A01
201400045091;0;7;0;0;2;8;16;A01
201400045091;0;1;0;0;2;1;1;B01
201400045092;0;7;0;14;0;8;15;A01
201400045092;0;32;0;14;2;3;5;B01
201400045093;0;2;0;0;2;1;1;A01
201400045093;0;7;0;0;2;3;10;B01
201400045094;0;30;0;0;2;1;17;A01
201400045095;0;7;0;0;2;7;9;A01
201400045095;0;33;0;0;2;1;1;B01
201400045096;0;7;0;0;2;3;15;A01
201400045096;0;30;0;0;2;1;17;B01
201400045097;0;10;0;0;2;1;2;A01
201400045097;0;7;0;0;2;4;1;B01
201400045098;0;7;0;0;2;6;13;B02
201400045098;0;30;0;0;2;1;1;A01
201400045099;0;7;0;0;2;3;16;A01
201400045099;0;7;0;15;0;5;16;B01
201400045100;0;33;0;0;1;2;1;A01
201400045101;0;7;0;0;1;2;15;A01
201400045102;0;31;0;0;2;2;17;A01
201400045102;0;7;0;0;2;8;15;B01
201400045103;0;7;0;0;2;2;15;A01
201400045103;0;33;0;0;2;8;1;B01
201400045104;0;7;0;0;1;3;9;A01
201400045105;0;7;0;0;2;8;15;A01
201400045105;0;30;0;0;2;1;17;B01
201400045106;0;1;0;0;2;0;2;A01
201400045106;0;7;0;0;2;5;2;B01
201400045107;0;1;0;0;2;1;1;B01
201400045107;0;7;0;0;2;1;19;A01
201400045108;0;30;0;0;2;4;23;C03
201400045108;0;7;0;0;2;9;23;B02
201400045108;0;7;0;0;2;1;2;A01
201400045109;0;7;0;0;2;2;15;A01
201400045109;0;7;0;0;2;1;1;B01
201400045110;0;7;0;0;2;6;23;B01
201400045110;0;7;0;0;2;3;15;A01
201400045111;0;7;0;0;1;2;15;A01
201400045112;0;7;0;1;1;2;0;A01
201400045113;0;7;0;0;2;3;15;B01
201400045113;0;34;0;0;2;8;17;A01
201400045114;0;7;0;0;0;3;9;A01
201400045114;0;2;0;0;2;1;1;B01
201400045115;0;32;0;0;2;1;1;B01
201400045115;0;7;0;0;2;6;10;A01
201400045116;0;7;0;0;2;1;14;A01
201400045116;0;33;0;0;2;4;1;B01
201400045117;0;7;0;0;2;4;2;B01
201400045117;0;7;0;0;2;1;2;A01
201400045117;0;7;0;0;2;5;1;C01
201400045118;0;7;0;0;2;1;2;A01
201400045118;0;7;0;0;2;4;23;B01
201400045119;0;33;0;0;2;1;1;B01
201400045119;0;7;0;0;2;2;11;A01
201400045120;0;7;0;14;2;3;12;A01
201400045120;0;7;0;0;2;3;1;B01
201400045121;0;7;0;0;1;1;1;A01
201400045122;0;7;0;0;2;1;1;B01
201400045122;0;34;0;0;2;7;1;A01
201400045123;0;33;0;0;1;3;1;A01
201400045124;0;7;0;0;2;1;2;A01
201400045124;0;7;0;0;2;4;23;C01
201400045124;0;7;0;0;2;9;23;B01
201400045125;0;7;0;0;1;3;15;A01
201400045126;0;37;1;0;2;1;1;A01
201400045126;0;7;0;0;2;8;1;B01
201400045127;0;2;0;0;2;8;1;B01
201400045127;0;7;0;0;2;4;10;A01
201400045128;0;7;0;0;2;8;10;B01
201400045128;0;2;0;0;2;1;2;A01
201400045129;0;34;0;0;2;1;1;A01
201400045129;0;7;0;0;2;3;1;B01
201400045130;0;7;0;0;2;6;2;B01
201400045130;0;7;0;0;2;1;2;A01
201400045131;0;32;0;0;2;1;17;A01
201400045131;0;7;0;0;2;3;15;B01
201400045132;0;7;0;0;2;1;1;D01
201400045132;0;7;0;0;2;8;1;B01
201400045132;0;7;0;0;2;8;1;C01
201400045132;0;7;0;0;2;3;1;A01
201400045133;0;7;0;0;1;7;1;A01
201400045134;0;7;0;0;1;1;1;A01
201400045135;0;30;0;0;2;7;1;A01
201400045135;0;7;0;0;2;3;1;B01
201400045136;0;7;0;0;1;1;1;A01
201400045137;0;7;0;0;2;7;1;A01
201400045137;0;7;0;0;2;1;1;B01
201400045138;0;2;0;0;2;1;1;B01
201400045138;0;7;0;0;2;7;15;A01
201400045139;0;37;1;0;1;2;1;A01
201400045140;0;33;0;0;2;2;2;A01
201400045140;0;7;0;0;2;7;1;B01
201400045141;0;7;0;0;2;3;15;A01
201400045141;0;2;0;0;2;7;17;B01
201400045142;0;7;0;0;2;4;1;B01
201400045142;0;7;0;0;2;1;1;A01
201400045143;0;2;0;0;2;1;17;A01
201400045143;0;7;0;0;2;3;9;B01
201400045144;0;7;0;0;2;3;15;A01
201400045144;0;33;0;0;2;7;17;B01
201400045145;0;7;0;0;2;5;4;A01
201400045145;0;1;0;0;2;4;1;B01
201400045146;0;7;0;0;2;1;15;A01
201400045146;0;1;0;0;2;7;5;B01
201400045147;0;10;0;0;2;3;1;A01
201400045147;0;7;0;0;2;8;15;B01
201400045148;0;33;0;0;2;1;1;B01
201400045148;0;10;0;0;2;8;15;A01
201400045149;0;30;0;0;2;1;17;A01
201400045149;0;7;0;0;2;3;15;B01
201400045150;0;1;0;0;2;1;1;B01
201400045150;0;7;0;0;2;8;22;A01
201400045151;0;7;0;0;1;2;1;A01
201400045152;0;7;0;0;2;1;15;A01
201400045152;0;7;0;0;2;3;1;B01
201400045153;0;7;0;2;0;1;1;A01
201400045154;0;7;0;0;1;1;1;A01
201400045155;0;7;0;0;2;1;1;B01
201400045155;0;7;0;0;2;7;1;A01
201400045156;0;7;0;0;2;3;15;A01
201400045156;0;30;0;0;2;7;17;B01
201400045157;0;7;0;0;1;2;1;A01
201400045158;0;7;0;0;2;3;1;B01
201400045158;0;7;0;0;2;1;1;A01
201400045159;0;7;0;0;2;3;2;A01
201400045159;0;30;0;0;2;4;23;B01
201400045160;0;7;0;0;2;8;15;B01
201400045160;0;31;0;0;2;1;17;A01
201400045161;0;7;0;0;2;1;1;B01
201400045161;0;7;0;0;2;1;1;A01
201400045162;0;31;0;0;2;1;1;B01
201400045162;0;7;0;0;2;7;15;A01
201400045163;0;31;0;0;2;1;1;B01
201400045163;0;7;0;0;2;3;10;A01
201400045164;0;33;0;0;2;1;17;A01
201400045164;0;7;0;0;2;4;23;B01
201400045165;0;30;0;0;1;1;1;A01
201400045166;0;1;0;0;2;8;9;B01
201400045166;0;10;0;0;2;2;1;A01
201400045167;0;10;0;0;1;1;1;A01
201400045168;0;7;0;0;1;2;1;A01
201400045169;0;10;0;0;2;2;17;A01
201400045169;0;7;0;0;2;4;1;B01
201400045170;0;30;0;0;2;1;1;A01
201400045170;0;7;0;0;2;6;15;B01
201400045171;0;7;0;0;2;1;1;A01
201400045171;0;7;0;0;2;3;1;B01
201400045172;0;10;0;6;2;4;1;A01
201400045172;0;7;0;0;2;1;1;B01
201400045173;0;33;0;0;2;1;1;B01
201400045173;0;7;0;0;2;3;20;A01
201400045174;0;1;0;0;2;4;15;B01
201400045174;0;7;0;0;2;3;15;A01
201400045175;0;2;0;0;2;1;1;B01
201400045175;0;7;0;0;2;5;1;A01
201400045176;0;7;0;0;2;3;13;A01
201400045176;0;31;0;0;2;7;17;B01
201400045177;0;7;0;0;2;7;1;A01
201400045177;0;2;0;0;2;1;1;B01
201400045178;0;10;0;0;2;7;1;A01
201400045178;0;7;0;0;2;3;1;B01
201400045179;0;7;0;0;2;1;1;A01
201400045179;0;7;0;0;2;8;1;B01
201400045180;0;7;0;1;0;1;1;A01
201400045181;0;31;0;0;2;1;1;A01
201400045181;0;7;0;0;2;3;1;B01
201400045182;0;10;0;0;2;2;1;A01
201400045182;0;7;0;0;2;3;1;B01
201400045183;0;10;0;0;1;4;4;A01
201400045184;0;7;0;8;2;2;1;A01
201400045184;0;7;0;8;2;3;1;B01
201400045185;0;10;0;0;2;2;16;A01
201400045185;0;7;0;0;2;3;15;B01
201400045186;0;1;0;0;2;1;11;A01
201400045186;0;7;0;0;2;5;1;B01
201400045187;0;7;0;0;9;1;1;B01
201400045187;0;30;0;0;2;7;1;A01
201400045188;0;1;0;0;2;4;1;B01
201400045188;0;7;0;0;2;8;16;A01
201400045189;0;7;0;0;2;8;1;B01
201400045189;0;2;0;0;2;7;1;A01
201400045190;0;7;0;0;1;1;1;A01
201400045191;0;37;2;0;2;2;1;A01
201400045191;0;7;0;0;2;1;1;B01
201400045192;0;7;0;0;2;2;15;A01
201400045192;0;1;0;0;2;1;1;B01
201400045193;0;34;0;0;2;1;1;C01
201400045193;0;7;0;0;2;3;22;A01
201400045193;0;7;0;0;2;2;21;B01
201400045194;0;7;0;0;2;5;16;A01
201400045194;0;1;0;0;2;1;2;B01
201400045195;0;7;0;0;2;2;1;A01
201400045195;0;7;0;0;2;8;1;B01
201400045196;0;7;0;1;0;2;1;A01
201400045197;0;7;0;0;2;3;15;B01
201400045197;0;2;0;0;2;1;17;A01
201400045198;0;2;0;2;0;1;1;A01
201400045199;0;7;0;1;0;1;1;A01
201400045200;0;30;0;0;2;1;15;A01
201400045200;0;7;0;0;2;1;1;B01
201400045201;0;1;0;0;2;1;1;A01
201400045201;0;7;0;0;9;3;1;B01
201400045202;0;7;0;8;2;6;1;B01
201400045202;0;7;0;0;2;1;1;A01
201400045203;0;7;0;0;2;1;1;B01
201400045203;0;7;0;8;2;7;1;A01
201400045204;0;7;0;0;2;6;1;A01
201400045204;0;7;0;6;2;6;1;B01
201400045205;0;7;0;0;2;2;1;B01
201400045205;0;7;0;0;2;2;15;A01
201400045206;0;7;0;0;2;3;1;B01
201400045206;0;7;0;0;2;2;1;A01
201400045207;0;7;0;0;2;0;21;A01
201400045207;0;7;0;0;0;6;0;B01
201400045208;0;7;0;0;1;4;4;A01
201400045209;0;7;0;0;2;6;15;B01
201400045209;0;33;0;0;2;3;1;A01
201400045210;0;7;0;0;2;4;2;B01
201400045210;0;7;0;0;2;1;2;C01
201400045210;0;7;0;0;2;4;2;A01
201400045211;0;10;0;0;1;0;15;A01
201400045212;0;7;0;0;2;1;1;B01
201400045212;0;33;0;0;2;5;1;A01
201400045213;0;31;0;0;2;7;1;A01
201400045213;0;7;0;0;2;0;1;B01
201400045214;0;7;0;0;1;1;1;A01
201400045215;0;7;0;0;1;1;1;A01
201400045216;0;99;0;0;2;3;10;A01
201400045216;0;33;0;0;2;2;1;B01
201400045217;0;34;0;0;2;1;1;B01
201400045217;0;7;0;0;2;2;1;A01
201400045218;0;7;0;0;2;2;1;A01
201400045218;0;32;0;0;2;7;1;B01
201400045219;0;33;0;8;2;6;1;B01
201400045219;0;7;0;0;2;1;1;A01
201400045220;0;7;0;0;2;1;2;A01
201400045220;0;7;0;0;0;6;23;C01
201400045220;0;7;0;0;2;0;0;B01
201400045221;0;7;0;8;2;1;1;A01
201400045221;0;7;0;1;2;8;9;B01
201400045222;0;7;0;0;2;2;15;A01
201400045222;0;34;0;0;2;1;1;B01
201400045223;0;3;0;0;1;1;1;A01
201400045224;0;7;0;0;2;8;1;B01
201400045224;0;7;0;0;2;0;1;A01
201400045225;0;7;0;0;1;1;15;A01
201400045226;0;7;0;0;1;2;1;A01
201400045227;0;7;0;0;2;3;1;B01
201400045227;0;7;0;0;2;2;1;A01
201400045228;0;7;0;0;1;0;1;A01
201400045229;0;2;0;0;2;8;0;B01
201400045229;0;7;0;0;2;2;12;A01
201400045230;0;30;0;0;1;1;1;A01
201400045231;0;7;0;8;2;1;1;B01
201400045231;0;7;0;0;2;6;1;C01
201400045231;0;7;0;0;2;1;1;A01
201400045232;0;33;0;0;2;3;1;B01
201400045232;0;7;0;0;2;1;15;A01
201400045233;0;7;0;0;2;2;15;A01
201400045233;0;2;0;0;2;1;1;B01
201400045234;0;34;0;0;2;1;1;A01
201400045234;0;7;0;0;2;3;19;B01
201400045235;0;7;0;0;2;1;0;A01
201400045235;0;7;0;0;2;1;0;B01
201400045236;0;37;2;0;2;6;23;C01
201400045236;0;32;0;0;2;1;1;A01
201400045236;0;7;0;0;2;4;1;B01
201400045237;0;7;0;0;2;1;1;A01
201400045237;0;7;0;0;2;8;1;B01
201400045238;2;7;0;1;2;1;1;A01
201400045238;0;7;0;0;2;8;15;B01
201400045239;2;7;0;0;2;1;1;B01
201400045239;0;7;0;0;2;1;15;A01
201400045240;0;7;0;8;2;5;1;B01
201400045240;0;7;0;0;2;1;1;A01
201400045241;1;30;0;0;2;1;1;A01
201400045241;0;7;0;0;2;4;4;B01
201400045242;0;7;0;0;2;3;1;B01
201400045242;1;7;0;0;2;5;9;A01
201400045243;0;7;0;0;2;8;22;A01
201400045243;0;1;0;0;2;1;1;B01
201400045244;1;7;0;0;1;1;15;A01
201400045245;0;1;0;0;2;3;1;B01
201400045245;0;15;0;0;2;7;17;A01
201400045246;0;31;0;0;2;1;12;B01
201400045246;0;33;0;0;2;1;17;A01
201400045247;2;33;0;1;0;1;1;A01
201400045248;0;7;0;0;2;8;15;C01