num_acc;senc;catv;occutc;obs;obsm;choc;manv;num_veh
201400045248;0;7;0;0;2;3;2;B01
201400045248;0;33;0;1;2;9;1;A01
201400045249;0;7;0;0;2;1;1;B01
201400045249;0;33;0;0;2;5;15;A01
201400045250;0;7;0;1;0;1;1;A01
201400045251;0;7;0;1;0;2;2;A01
201400045252;0;7;0;14;0;1;1;A01
201400045253;0;7;0;9;1;1;12;A01
201400045254;0;31;0;0;2;1;1;A01
201400045254;0;33;0;0;2;4;1;B01
201400045255;0;38;0;0;1;1;1;A01
201400045256;1;7;0;0;1;0;1;Z01
201400045257;1;7;0;0;1;1;1;A01
201400045258;0;7;0;0;2;1;1;A01
201400045258;0;7;0;0;2;8;0;B01
201400045259;0;7;0;0;2;3;0;B01
201400045259;0;7;0;0;2;1;1;A01
201400045260;1;7;0;0;1;0;1;Z01
201400045261;1;7;0;0;2;1;1;Z01
201400045261;0;7;0;0;2;6;15;A01
201400045262;0;7;0;0;2;2;1;B01
201400045262;0;7;0;0;2;1;1;A01
201400045263;0;7;0;0;2;3;0;B01
201400045263;0;7;0;0;2;1;0;A01
201400045264;0;2;0;0;0;7;1;A01
201400045265;0;33;0;0;0;8;1;A01
201400045266;0;32;0;0;2;2;1;B01
201400045266;0;7;0;0;2;2;15;A01
201400045267;1;30;0;0;1;0;0;Z01
201400045268;0;7;0;0;2;1;1;A01
201400045268;0;7;0;2;2;4;1;B01
201400045269;0;7;0;15;0;1;1;A01
201400045270;0;7;0;0;2;3;15;B01
201400045270;0;34;0;0;2;1;2;A01
201400045271;0;7;0;0;1;3;1;A01
201400045272;0;7;0;0;1;1;1;A01
201400045273;0;7;0;0;2;4;23;C01
201400045273;0;7;0;0;2;1;2;A01
201400045273;0;7;0;0;2;9;2;B01
201400045274;0;7;0;1;0;1;1;A01
201400045275;0;7;0;0;2;5;1;B01
201400045275;0;32;0;0;2;2;2;A01
201400045276;0;7;0;0;2;1;1;A01
201400045276;0;7;0;0;2;3;15;B01
201400045277;1;7;0;0;2;1;1;Z01
201400045277;0;7;0;0;2;7;1;C01
201400045277;0;7;0;0;2;3;16;B01
201400045278;0;7;0;0;2;7;1;A01
201400045278;0;7;0;0;2;1;1;B01
201400045279;0;7;0;0;2;1;2;A01
201400045279;0;7;0;0;2;4;1;B01
201400045280;0;30;0;0;0;1;1;A01
201400045281;0;7;0;8;0;1;1;A01
201400045282;0;7;0;0;1;1;15;A01
201400045283;0;20;0;0;2;3;15;B01
201400045283;0;30;0;0;2;1;17;A01
201400045284;0;34;0;0;2;3;1;A01
201400045284;0;7;0;0;2;1;1;B01
201400045285;0;7;0;0;2;1;13;A01
201400045285;0;7;0;0;2;1;1;B01
201400045286;0;7;0;0;2;3;17;A01
201400045286;0;7;0;0;2;3;1;C01
201400045286;0;7;0;0;2;4;1;B01
201400045287;0;33;0;1;0;2;1;A01
201400045288;0;7;0;0;2;1;5;C01
201400045288;0;7;0;0;2;4;2;B01
201400045288;0;7;0;0;2;1;1;A01
201400045289;0;7;0;1;0;2;14;A01
201400045290;0;7;0;0;1;1;1;A01
201400045291;0;10;0;0;1;3;5;A01
201400045292;0;7;0;0;2;1;1;B01
201400045292;0;7;0;0;2;8;15;A01
201400045293;0;7;0;0;2;3;2;A01
201400045293;0;33;0;0;2;5;23;B01
201400045294;0;7;0;0;1;3;1;A01
201400045295;0;33;0;11;0;1;1;A01
201400045296;2;7;0;0;2;1;17;A01
201400045296;0;7;0;0;2;1;1;B01
201400045297;0;7;0;0;1;2;1;A01
201400045298;1;7;0;0;1;1;17;Z01
201400045299;0;1;0;0;2;1;1;A01
201400045299;0;10;0;0;2;3;15;B01
201400045300;0;31;0;0;0;8;1;A01
201400045300;1;7;0;0;0;0;12;Z01
201400045301;2;7;0;0;2;1;2;A01
201400045301;0;7;0;0;2;9;23;B01
201400045301;0;7;0;0;2;4;23;C01
201400045302;0;7;0;0;2;4;1;B01
201400045302;0;7;0;0;2;1;1;A01
201400045303;0;7;0;0;2;1;2;A01
201400045303;0;30;0;0;2;4;2;B01
201400045304;0;7;0;0;1;3;1;A01
201400045305;0;7;0;0;2;9;2;B01
201400045305;0;7;0;0;2;1;2;A01
201400045305;0;7;0;0;2;4;2;C01
201400045306;1;7;0;0;1;1;1;Z01
201400045307;1;7;0;0;1;7;1;Z01
201400045308;0;31;0;0;2;1;2;A01
201400045308;0;7;0;0;2;6;20;B01
201400045309;0;7;0;0;2;1;1;A01
201400045309;0;7;0;0;2;4;1;B01
201400045310;0;13;0;0;2;2;2;A01
201400045310;0;33;0;0;2;4;1;B01
201400045311;0;30;0;0;2;1;15;A01
201400045311;0;7;0;0;2;3;1;B01
201400045312;0;7;0;9;0;1;1;A01
201400045313;0;7;0;12;0;9;1;A01
201400045314;0;7;0;0;2;3;1;A01
201400045314;0;7;0;0;2;3;15;B01
201400045315;0;7;0;1;2;4;1;B01
201400045315;0;7;0;0;2;1;2;A01
201400045316;0;7;0;0;2;1;1;B01
201400045316;2;7;0;0;2;1;13;A01
201400045317;0;33;0;0;2;2;2;A01
201400045317;0;7;0;0;2;5;1;B01
201400045318;0;7;0;0;2;3;1;A01
201400045318;0;7;0;0;2;1;1;B01
201400045319;0;33;0;0;2;8;21;A01
201400045320;0;37;50;0;2;7;1;B01
201400045320;1;10;0;0;2;4;4;Z01
201400045321;1;7;0;0;1;1;13;Z01
201400045322;0;7;0;0;2;1;2;B01
201400045322;0;7;0;0;2;4;4;A01
201400045323;0;7;0;0;2;1;2;A01
201400045323;0;7;0;0;2;4;2;B01
201400045323;0;10;0;0;2;7;23;C01
201400045324;0;10;0;0;2;1;2;A01
201400045324;0;7;0;0;2;4;1;B01
201400045325;0;33;0;0;1;1;1;A01
201400045326;0;7;0;0;1;4;4;A01
201400045327;0;7;0;14;2;1;2;A01
201400045327;0;14;0;0;2;4;23;B01
201400045328;1;7;0;0;2;1;2;Z01
201400045328;0;7;0;0;2;4;23;A01
201400045329;0;7;0;0;2;1;2;A01
201400045329;0;7;0;0;2;4;23;B01
201400045330;0;7;0;0;1;5;4;A01
201400045331;0;32;0;12;0;7;1;A01
201400045332;0;7;0;0;2;4;1;B01
201400045332;1;7;0;0;2;1;2;Z01
201400045333;0;7;0;0;2;2;15;A01
201400045333;0;7;0;0;2;3;1;B02
201400045334;0;7;0;0;2;1;2;A01
201400045334;0;7;0;0;2;4;23;B01
201400045334;0;7;0;0;2;3;23;C01
201400045335;0;10;0;0;1;1;20;A01
201400045336;0;7;0;0;2;1;2;A01
201400045336;0;7;0;0;2;4;1;B01
201400045337;0;30;0;12;0;1;1;A01
201400045338;0;7;0;0;2;4;2;B01
201400045338;0;7;0;0;2;1;2;A01
201400045339;0;30;0;0;0;1;18;A01
201400045340;0;7;0;0;2;1;2;A01
201400045340;0;7;0;0;2;4;23;B02
201400045341;0;7;0;0;2;5;4;A01
201400045341;0;7;0;0;2;1;1;B01
201400045342;0;7;0;0;1;7;1;A01
201400045343;2;7;0;1;2;3;21;A01
201400045343;0;7;0;0;2;3;1;B01
201400045344;0;33;0;0;2;1;1;A01
201400045344;0;7;0;0;2;3;15;B01
201400045345;0;7;0;0;2;4;23;A01
201400045345;0;7;0;0;2;1;2;B01
201400045346;0;7;0;0;1;1;15;A01
201400045347;0;31;0;0;0;8;1;A01
201400045348;0;7;0;0;2;1;2;A01
201400045348;0;7;0;0;2;4;1;B01
201400045349;0;7;0;0;2;6;23;C01
201400045349;0;33;0;0;2;9;21;B01
201400045349;0;7;0;0;2;7;22;A01
201400045350;0;7;0;0;2;6;2;B01
201400045350;0;30;0;0;2;1;2;A01
201400045351;0;10;0;0;2;2;2;A01
201400045351;0;7;0;8;2;4;1;B01
201400045352;0;1;0;0;2;1;19;A01
201400045352;0;7;0;0;2;1;1;B01
201400045353;0;7;0;0;2;4;23;B01
201400045353;0;7;0;0;2;1;2;A01
201400045354;0;7;0;0;2;4;4;A01
201400045354;0;1;0;0;2;1;1;B02
201400045355;0;7;0;0;2;4;23;D01
201400045355;0;7;0;0;2;9;2;B01
201400045355;0;10;0;0;2;1;2;A01
201400045355;0;10;0;0;2;9;23;C01
201400045356;1;7;0;0;2;1;1;A01
201400045356;0;7;0;0;2;6;1;B01
201400045357;0;7;0;8;2;8;15;A01
201400045357;0;33;0;0;2;2;1;B01
201400045358;0;7;0;0;2;9;23;B01
201400045358;0;7;0;0;2;4;23;C01
201400045358;0;7;0;0;2;1;2;A01
201400045359;0;7;0;0;2;2;1;A01
201400045359;0;7;0;0;2;8;1;B01
201400045360;0;7;0;0;2;1;1;A01
201400045360;0;10;0;0;2;4;23;B01
201400045361;0;7;0;0;1;8;1;A01
201400045362;0;31;0;0;2;1;1;A01
201400045362;0;7;0;0;2;1;1;B01
201400045363;0;7;0;0;2;1;2;B01
201400045363;0;7;0;0;2;4;1;A01
201400045364;0;10;0;0;1;4;4;A01
201400045365;0;7;0;0;2;7;10;A01
201400045365;0;33;0;0;2;1;1;B01
201400045366;0;7;0;0;2;4;23;A01
201400045366;1;7;0;0;2;1;2;Z01
201400045367;0;2;0;0;2;7;16;A01
201400045367;0;33;0;0;2;8;1;B01
201400045368;0;7;0;0;1;0;0;A01
201400045369;0;7;0;9;0;2;0;A01
201400045370;0;34;0;0;1;1;1;A01
201400045371;0;7;0;0;0;0;0;B01
201400045371;0;7;0;0;0;0;0;A01
201400045372;0;7;0;0;1;2;1;A01
201400045373;0;7;0;0;2;1;1;A01
201400045373;0;7;0;0;2;1;1;B01
201400045374;0;33;0;0;2;7;3;A01
201400045374;0;7;0;0;2;1;9;B01
201400045375;1;10;0;0;2;1;13;Z01
201400045375;0;10;0;0;2;8;1;B01
201400045376;0;7;0;0;2;5;23;B01
201400045376;0;10;0;0;2;1;2;A01
201400045377;0;31;0;12;0;1;1;A01
201400045378;0;7;0;0;2;9;23;C01
201400045378;0;7;0;0;2;4;23;D01
201400045378;0;7;0;0;2;9;23;B01
201400045378;0;13;0;0;2;1;2;A01
201400045379;0;7;0;0;2;6;1;B01
201400045379;0;7;0;0;2;3;1;C01
201400045379;0;7;0;0;2;1;1;A01
201400045380;0;7;0;14;0;1;1;A01
201400045381;0;7;0;0;2;1;1;A01
201400045381;0;7;0;0;2;3;9;B01
201400045382;0;7;0;0;9;6;1;B01
201400045382;0;1;0;0;2;2;15;A01
201400045383;0;7;0;14;0;3;1;A01
201400045384;0;33;0;0;1;1;1;A01
201400045385;0;10;0;0;0;7;0;A01
201400045385;0;37;0;0;2;1;0;B01
201400045386;0;7;0;0;1;1;0;A01
201400045387;0;7;0;0;0;8;0;B01
201400045387;0;7;0;0;0;2;10;A01
201400045388;0;7;0;0;2;2;2;A01
201400045388;0;1;0;0;0;4;2;B01
201400045389;0;33;0;0;2;1;1;A01
201400045389;0;7;0;0;2;3;10;B01
201400045390;0;30;0;0;2;1;1;A01
201400045390;0;7;0;0;9;3;1;B01
201400045391;0;15;0;0;2;6;23;B01
201400045391;0;7;0;0;2;1;2;A01
201400045392;0;2;0;0;2;1;15;A01
201400045392;0;7;0;0;2;3;15;B01
201400045393;0;10;0;0;0;1;2;A01
201400045394;0;7;0;0;1;0;0;A01
201400045395;0;7;0;0;1;2;16;A01
201400045396;0;33;0;0;1;8;3;A01
201400045397;0;10;0;0;2;4;23;B01
201400045397;0;14;0;0;2;1;2;A01
201400045398;0;7;0;0;2;9;19;A01
201400045398;0;7;0;0;2;1;2;D01
201400045398;0;37;1;0;2;3;23;B01
201400045398;0;7;0;0;2;9;1;C01
201400045399;0;7;0;0;1;2;1;A01
201400045400;0;3;0;0;0;1;0;A01
201400045400;0;37;0;0;0;8;1;B01
201400045401;0;7;0;1;2;2;10;A01
201400045401;0;33;0;0;2;8;1;B01
201400045402;0;7;0;0;2;3;2;A01
201400045402;0;7;0;0;2;5;2;B01
201400045403;0;7;0;0;2;2;1;A01
201400045403;0;7;0;0;2;3;1;B01
201400045404;0;7;0;0;1;3;15;A01
201400045405;0;2;0;0;2;1;18;A01
201400045405;0;7;0;0;2;4;20;B01
201400045406;0;32;0;0;2;5;3;B01
201400045406;1;10;0;0;2;2;12;A01
201400045407;0;1;0;0;2;1;21;B01
201400045407;0;7;0;0;2;3;20;A01
201400045408;0;7;0;0;1;2;1;A01
201400045409;0;7;0;0;2;7;22;A01
201400045409;0;1;0;1;2;1;1;B01
201400045410;0;37;2;0;1;1;1;A01
201400045411;0;13;0;0;2;3;1;B01
201400045411;0;30;0;0;2;6;19;A01
201400045412;0;1;0;0;1;1;1;A01
201400045413;0;7;0;0;1;4;4;A01
201400045414;0;33;0;0;2;1;2;A01
201400045414;0;30;0;0;2;4;2;B01
201400045415;0;7;0;0;2;1;2;A01
201400045415;0;7;0;0;2;4;1;B01
201400045416;0;7;0;0;1;6;20;A01
201400045417;0;14;0;0;2;2;16;A01
201400045417;0;33;0;0;2;1;18;B01
201400045418;0;10;0;0;1;5;2;A01
201400045419;0;30;0;0;2;7;1;A01
201400045419;0;20;0;0;2;1;1;B01
201400045420;0;30;0;0;2;3;1;A01
201400045420;0;7;0;0;2;7;16;B01
201400045421;0;30;0;0;1;2;1;A01
201400045422;0;7;0;0;2;2;1;A01
201400045422;0;34;0;0;2;4;23;B01
201400045423;0;1;0;0;2;8;19;B02
201400045423;0;7;0;0;2;1;1;A01
201400045424;0;30;0;1;0;2;1;A01
201400045425;0;7;0;0;2;1;2;A01
201400045425;0;7;0;0;2;4;2;B01
201400045425;0;7;0;0;2;4;23;C01
201400045426;0;7;0;1;0;1;1;A01
201400045427;2;7;0;0;2;1;2;A01
201400045427;0;7;0;0;2;4;1;B01
201400045428;0;7;0;0;2;2;16;A01
201400045428;0;30;0;0;2;1;18;B01
201400045429;0;7;0;0;1;2;1;A01
201400045430;0;7;0;0;2;6;23;B01
201400045430;0;33;0;0;2;2;2;A01
201400045431;0;1;0;0;2;1;9;A01
201400045431;0;7;0;0;2;1;1;B01
201400045432;0;7;0;0;2;7;15;A01
201400045432;0;2;0;0;2;1;1;B01
201400045433;0;32;0;0;2;1;13;A01
201400045433;0;1;0;0;2;1;1;B01
201400045434;0;7;0;0;1;1;1;A01
201400045435;1;7;0;0;1;1;1;A01
201400045436;0;7;0;0;2;8;22;A01
201400045436;0;1;0;1;2;1;1;B01
201400045437;0;1;0;0;2;1;1;B01
201400045437;0;7;0;0;2;8;22;A01
201400045438;1;7;0;0;1;2;1;Z01
201400045439;0;32;0;0;2;7;21;B01
201400045439;0;34;0;0;2;3;10;A01
201400045440;0;32;0;9;0;1;1;A01
201400045440;0;7;0;0;0;0;1;B01
201400045441;0;30;0;14;0;8;17;A01
201400045442;0;7;0;0;2;7;16;B01
201400045442;0;10;0;0;2;3;9;A01
201400045443;0;32;0;0;2;1;1;B01
201400045443;0;7;0;0;2;2;2;A01
201400045444;0;7;0;0;2;2;14;A01
201400045444;0;32;0;0;2;8;1;B01
201400045445;0;7;0;0;2;3;10;A01
201400045445;0;1;0;0;2;7;1;B01
201400045446;0;2;0;0;2;1;1;A01
201400045446;0;10;0;0;2;2;1;B01
201400045447;0;32;0;0;2;1;1;B02
201400045447;0;7;0;0;2;8;15;A01
201400045448;1;7;0;0;1;1;16;A01
201400045449;0;34;0;0;2;1;1;B01
201400045449;0;33;0;1;2;1;21;A01
201400045450;0;7;0;0;2;7;16;A01
201400045450;0;1;0;0;2;8;19;B01
201400045451;0;7;0;0;2;2;20;B01
201400045451;0;33;0;0;2;1;1;A01
201400045452;0;30;0;0;2;8;1;B01
201400045452;1;7;0;0;2;2;2;Z01
201400045453;0;7;0;0;1;2;1;A01
201400045454;0;34;0;0;2;3;18;B01
201400045454;0;7;0;0;2;5;1;A01
201400045455;0;7;0;0;2;1;13;A01
201400045455;0;7;0;0;2;1;1;B01
201400045456;0;1;0;0;2;3;18;B01
201400045456;0;7;0;0;9;2;22;A01
201400045457;0;2;0;0;1;7;2;A01
201400045458;0;7;0;0;2;4;15;B01
201400045458;0;31;0;0;2;1;1;A01
201400045459;0;2;0;0;1;1;1;A01
201400045460;0;10;0;1;0;2;1;A01
201400045461;0;7;0;0;2;3;23;C01
201400045461;0;7;0;0;2;3;1;B01
201400045461;0;33;0;0;2;3;3;A01
201400045462;0;7;0;0;1;4;4;A01
201400045463;1;10;0;0;2;3;5;A01
201400045463;0;30;0;0;2;1;1;B01
201400045464;0;1;0;0;2;1;1;B01
201400045464;0;7;0;0;9;2;15;A01
201400045465;0;2;0;0;2;2;17;B01
201400045465;0;34;0;0;2;6;17;A01
201400045466;0;7;0;0;1;2;1;A01
201400045467;0;7;0;0;1;3;0;A01
201400045468;0;7;0;0;0;7;12;A01
201400045468;0;30;0;0;0;1;18;B01
201400045469;0;33;0;0;2;2;11;A01
201400045469;0;7;0;0;2;1;1;B01
201400045470;0;14;0;0;1;1;1;A01
201400045471;0;30;0;0;2;1;5;A01
201400045471;0;7;0;0;2;2;21;B01
201400045472;0;34;0;0;2;8;22;A01
201400045472;0;1;0;1;0;1;1;B01
201400045473;0;7;0;0;0;0;10;A01
201400045473;0;32;0;0;2;1;21;B01
201400045474;0;10;0;0;1;5;4;A01
201400045475;0;7;0;1;0;2;1;A01
201400045476;0;31;0;0;0;8;1;A01
201400045477;0;7;0;0;0;6;1;B01
201400045477;0;30;0;1;0;1;11;A01
201400045478;0;10;0;0;1;4;4;A01
201400045479;0;7;0;0;1;2;1;A01
201400045480;0;32;0;0;2;1;1;A01
201400045480;0;34;0;0;2;6;1;B01
201400045481;0;7;0;0;1;1;15;A01
201400045482;0;7;0;0;0;8;15;B01
201400045482;0;31;0;0;2;1;1;A01
201400045483;0;7;0;0;1;3;2;A01
201400045484;1;7;0;0;1;5;1;Z01
201400045485;0;7;0;0;2;8;1;B01
201400045485;0;3;0;0;2;1;1;A01
201400045486;0;7;0;0;1;3;15;A01
201400045487;0;14;0;0;2;5;1;A01
201400045487;0;37;1;0;2;2;1;B01
201400045488;0;7;0;0;2;6;1;B01
201400045488;0;10;0;0;2;3;10;A01
201400045488;0;37;1;0;2;8;1;C01
201400045489;0;7;0;0;2;3;13;A01
201400045489;0;15;0;0;2;3;1;B01
201400045490;0;7;0;0;1;3;1;A01
201400045491;2;7;0;0;2;7;9;A01
201400045491;0;7;0;0;2;3;1;B01
201400045492;0;15;0;1;2;5;15;A01
201400045492;0;7;0;0;2;6;24;B01
201400045493;0;7;0;0;2;5;15;B01
201400045493;0;30;0;0;2;3;2;A01
201400045494;0;7;0;0;2;2;23;C01
201400045494;0;7;0;0;2;6;11;A01
201400045494;0;31;0;0;2;2;1;B01
201400045495;0;7;0;0;2;4;1;B01
201400045495;0;7;0;0;2;1;2;A01
201400045496;0;7;0;0;1;1;1;A01
201400045497;1;7;0;0;1;1;1;Z01
201400045498;0;7;0;0;2;1;1;A01
201400045498;0;7;0;0;2;3;1;B01
201400045499;0;7;0;0;1;3;19;A01
201400045500;0;7;0;1;2;3;1;B01
201400045500;0;7;0;1;2;2;15;A01
201400045501;0;7;0;0;2;3;1;B01
201400045501;0;2;0;0;2;8;1;A01
201400045502;0;37;2;0;2;3;1;B01
201400045502;0;30;0;0;2;5;16;A01
201400045503;0;10;0;0;2;5;1;A01
201400045503;0;13;0;0;2;1;1;B01
201400045504;0;7;0;0;1;1;1;A01
201400045505;0;33;0;0;2;1;1;B01
201400045505;0;7;0;0;2;8;1;A01
201400045506;0;7;0;0;2;3;1;B01
201400045506;0;7;0;0;2;1;15;A01
201400045507;0;7;0;4;0;9;1;A01
201400045508;0;7;0;15;2;1;1;B01
201400045508;0;7;0;12;2;3;16;A01
201400045509;0;7;0;0;1;2;1;A01
201400045510;0;31;0;0;2;2;1;A01
201400045510;0;30;0;0;2;8;1;B01
201400045511;0;7;0;0;1;2;23;A01
201400045512;0;7;0;0;1;6;20;A01
201400045513;1;7;0;0;1;2;1;Z01
201400045514;0;7;0;0;1;2;2;A01
201400045515;0;7;0;1;0;2;1;A01
201400045516;0;7;0;0;2;3;15;A01
201400045516;0;33;0;0;2;8;1;B01
201400045517;0;32;0;0;5;8;1;A01
201400045518;0;7;0;0;1;2;1;A01
201400045519;0;32;0;12;0;1;1;A01
201400045520;0;7;0;0;2;1;9;A01
201400045520;0;33;0;0;2;2;1;B01
201400045521;0;37;2;0;1;2;1;A01
201400045522;0;30;0;0;1;1;1;A01
201400045523;0;10;0;0;2;3;23;A01
201400045523;0;33;0;0;2;7;1;B01
201400045524;0;7;0;0;1;1;1;A01
201400045525;1;7;0;0;2;1;2;A01
201400045525;0;7;0;0;2;6;2;B01
201400045526;0;7;0;0;2;7;1;A01
201400045526;0;30;0;0;2;1;1;B01
201400045527;0;7;0;0;2;6;15;A01
201400045527;0;34;0;0;2;2;3;B01
201400045528;0;34;0;0;1;1;1;A01
201400045529;0;7;0;0;1;2;1;A01
201400045530;0;37;30;0;2;2;1;B01
201400045530;0;7;0;0;2;3;15;A01
201400045531;0;7;0;0;2;3;9;A01
201400045531;0;1;0;0;2;1;1;B01
201400045532;0;7;0;0;2;3;5;A01
201400045532;0;7;0;0;2;8;1;B01
201400045532;0;7;0;0;2;1;1;C01
201400045533;0;7;0;0;1;1;1;A01
201400045534;0;7;0;0;2;4;15;B01
201400045534;0;7;0;0;2;3;2;A01
201400045535;0;14;0;15;2;1;1;B01
201400045535;0;14;0;15;2;1;6;A01
201400045535;0;10;0;1;2;8;1;C01
201400045536;0;33;0;0;2;4;1;B01
201400045536;0;32;0;0;2;1;2;A01
201400045537;0;7;0;0;2;2;15;A01
201400045537;0;30;0;0;2;1;1;B01
201400045538;0;7;0;0;2;4;2;B01
201400045538;0;7;0;0;2;1;2;A01
201400045538;0;33;0;0;2;6;2;C01
201400045538;0;10;0;0;2;4;1;D01
201400045539;0;7;0;0;2;3;20;A01
201400045539;0;2;0;0;2;2;1;B01
201400045540;1;7;0;0;2;3;1;B01
201400045540;0;7;0;0;2;2;1;A01
201400045541;0;7;0;0;1;2;1;A01
201400045542;0;33;0;0;2;1;1;A01
201400045542;0;7;0;0;2;8;1;B01
201400045543;0;34;0;0;2;1;1;B01
201400045543;1;7;0;0;2;6;10;Z01
201400045544;0;7;0;0;1;2;1;A01
201400045545;0;10;0;0;2;1;2;A01
201400045545;0;7;0;0;2;4;23;C01
201400045545;0;7;0;0;2;9;23;B01
201400045546;0;7;0;4;2;4;23;C01
201400045546;0;7;0;4;2;3;2;A01
201400045546;0;7;0;4;2;5;23;B01
201400045547;0;7;0;0;2;3;15;A01
201400045547;0;33;0;0;2;3;0;B01
201400045548;0;7;0;0;2;1;1;B01
201400045548;0;7;0;0;2;8;1;A01
201400045549;0;13;0;0;2;2;7;B01
201400045549;0;7;0;15;2;1;15;A01
201400045550;0;7;0;0;1;2;4;A01
201400045551;0;7;0;0;2;2;1;A01
201400045551;0;7;0;0;2;3;1;B01
201400045552;0;7;0;0;1;1;1;A01
201400045553;0;1;0;0;2;2;1;B01
201400045553;0;7;0;0;2;1;15;A01
201400045554;0;7;0;0;2;4;2;B01
201400045554;0;7;0;0;2;1;2;A01
201400045555;0;7;0;0;2;6;1;B01
201400045555;0;7;0;0;2;1;15;A01
201400045556;0;7;0;0;1;4;4;A01
201400045557;0;7;0;0;1;1;1;A01
201400045558;0;7;0;0;2;7;12;A01
201400045558;0;33;0;0;2;8;2;B01
201400045559;0;7;0;0;2;1;1;D01
201400045559;0;30;0;0;2;2;16;A01
201400045559;1;30;0;0;2;9;18;B01
201400045560;0;7;0;0;2;6;23;C01
201400045560;0;7;0;0;2;1;2;A01
201400045560;0;7;0;0;2;9;23;B01
201400045561;0;7;0;0;2;2;15;A01
201400045561;0;7;0;0;2;1;1;B01
201400045562;0;30;0;0;0;3;5;A01
201400045563;0;7;0;0;1;3;1;A01
201400045564;0;37;2;0;2;2;1;B01
201400045564;0;7;0;0;2;3;10;A01
201400045565;0;30;0;0;2;1;3;A01
201400045565;0;7;0;0;2;5;23;B01
201400045566;1;7;0;0;2;7;12;A01
201400045566;0;30;0;0;2;8;2;B01
201400045567;0;7;0;0;2;4;23;C01
201400045567;0;7;0;0;2;9;2;B01
201400045567;0;7;0;0;2;1;2;A01
201400045568;0;37;2;0;2;3;1;B01
201400045568;0;7;0;0;2;5;1;A01
201400045569;0;2;0;15;0;7;1;A01
201400045570;0;7;0;0;2;1;1;B01
201400045570;0;7;0;0;2;7;1;A01
201400045571;0;7;0;0;2;1;2;A01
201400045571;0;2;0;0;2;8;2;B01
201400045572;0;1;0;0;2;3;1;B01
201400045572;0;7;0;0;2;1;1;A01
201400045573;0;13;0;0;2;3;10;A01
201400045573;0;2;0;0;2;7;17;B01
201400045574;0;30;0;0;1;1;1;A01
201400045575;0;7;0;0;2;1;1;A01
201400045575;0;7;0;0;2;8;1;B01
201400045576;0;7;0;0;2;4;23;C01
201400045576;0;7;0;0;2;1;1;A01
201400045576;0;7;0;0;2;4;23;B01
201400045577;0;7;0;0;2;1;1;A01
201400045577;0;7;0;0;2;1;5;B01
201400045578;0;7;0;0;1;4;4;A01
201400045579;0;1;0;0;1;1;1;A01
201400045580;0;7;0;0;2;2;11;A01
201400045580;0;7;0;0;2;2;1;B01
201400045581;0;3;0;0;1;1;1;A01
201400045582;0;30;0;0;2;1;2;A01
201400045582;0;7;0;0;2;3;2;B01
201400045583;0;7;0;0;2;7;15;A01
201400045583;0;33;0;0;2;1;1;B01
201400045584;0;7;0;0;2;2;1;A01
201400045584;0;7;0;0;2;1;1;B01
201400045585;0;7;0;12;0;0;14;A01
201400045586;0;2;0;0;2;1;2;A01
201400045586;0;33;0;0;2;8;2;B01
201400045587;0;32;0;0;2;3;18;A01
201400045587;0;10;0;0;2;2;16;B01
201400045588;0;7;0;0;2;1;1;B01
201400045588;0;7;0;0;2;7;15;A01
201400045589;0;7;0;0;2;3;16;B01
201400045589;0;7;0;0;2;3;17;A01
201400045589;0;37;4;0;2;3;1;C01
201400045590;0;7;0;0;0;1;2;B01
201400045590;0;7;0;0;0;2;19;A01
201400045591;0;7;0;0;2;7;12;A01
201400045591;0;31;0;0;2;8;2;B01
201400045592;0;30;0;12;0;8;0;A01
201400045593;0;7;0;0;2;5;15;A01
201400045593;0;7;0;0;2;1;16;B01
201400045594;0;7;0;14;0;3;2;A01
201400045595;0;7;0;0;2;6;15;A01
201400045595;0;33;0;0;2;2;17;B01
201400045596;0;7;0;0;1;2;2;A01
201400045597;0;7;0;0;2;1;1;B01
201400045597;0;10;0;0;2;5;23;C01
201400045597;0;7;0;0;2;9;2;A01
201400045598;0;7;0;0;2;7;15;A01
201400045598;0;7;0;0;2;1;2;B01
201400045599;0;7;0;12;0;1;1;A01
201400045600;0;7;0;0;2;4;2;B01
201400045600;0;37;0;0;2;0;2;A01
201400045600;0;7;0;0;0;4;2;C01
201400045601;0;36;0;9;0;2;21;A01
201400045602;0;7;0;0;2;2;9;A01
201400045602;0;7;0;0;2;2;1;B01
201400045603;0;7;0;0;2;1;2;A01
201400045603;0;7;0;0;0;4;2;B01
201400045604;0;7;0;0;2;4;2;C01
201400045604;0;7;0;0;2;1;2;B01
201400045604;0;7;0;0;2;1;2;A01
201400045605;0;7;0;0;1;6;4;A01
201400045606;0;7;0;0;2;3;11;A01
201400045606;0;7;0;0;2;1;1;B01
201400045607;0;10;0;0;2;6;2;A01
201400045607;0;32;0;0;2;1;2;B01
201400045608;0;2;0;0;2;0;0;A01
201400045608;0;7;0;0;0;0;9;B01
201400045609;1;3;0;0;1;1;2;A01
201400045610;0;7;0;0;1;1;15;A01
201400045611;0;32;0;0;1;1;1;A01
201400045612;2;7;0;0;2;1;1;A01
201400045612;0;7;0;0;2;7;1;B01
201400045613;0;7;0;0;2;2;1;B01
201400045614;0;7;0;0;2;1;2;A01
201400045614;0;7;0;0;2;4;1;B01