num_acc;senc;catv;occutc;obs;obsm;choc;manv;num_veh
201400045615;0;7;0;0;1;1;1;A01
201400045616;0;7;0;0;0;4;0;B01
201400045616;0;7;0;0;2;1;1;A01
201400045617;0;10;0;0;1;1;15;A01
201400045618;0;7;0;0;2;3;1;B01
201400045618;0;7;0;0;2;1;19;A01
201400045619;0;3;0;0;2;4;0;A01
201400045619;0;3;0;0;2;1;0;B01
201400045620;0;7;0;0;2;1;11;A01
201400045620;0;30;0;0;2;8;1;B01
201400045621;0;30;0;0;2;3;1;B01
201400045621;0;7;0;0;2;3;15;A01
201400045622;0;37;2;0;2;3;13;B01
201400045622;0;7;0;0;2;3;9;A01
201400045623;0;7;0;0;2;4;1;B01
201400045623;0;33;0;0;2;1;2;A01
201400045624;0;7;0;0;2;1;15;A01
201400045624;0;1;0;0;2;8;1;B01
201400045625;0;2;0;0;2;1;1;A01
201400045625;0;7;0;0;2;5;2;B01
201400045626;0;7;0;0;2;3;15;B01
201400045626;0;32;0;0;2;1;17;A01
201400045627;0;2;0;8;0;1;1;A01
201400045628;0;2;0;0;2;1;1;A01
201400045628;0;7;0;0;2;6;16;B01
201400045629;0;10;0;0;1;2;1;A01
201400045630;0;7;0;0;1;7;1;A01
201400045631;0;32;0;0;2;1;2;B01
201400045631;0;7;0;0;2;7;15;A01
201400045632;0;2;0;0;1;1;1;A01
201400045633;0;7;0;0;2;8;9;A01
201400045633;0;7;0;0;2;2;1;B01
201400045634;0;2;0;16;;1;1;A01
201400045635;0;7;0;0;2;6;11;A01
201400045635;0;33;0;0;2;1;17;B01
201400045636;0;10;0;0;2;1;1;A01
201400045636;0;7;0;0;2;3;15;B01
201400045637;0;30;0;16;0;9;1;A01
201400045638;0;7;0;0;2;1;1;A01
201400045638;2;7;0;0;2;7;3;Z01
201400045639;0;33;0;0;2;3;3;B01
201400045639;0;7;0;0;2;2;12;A01
201400045640;0;34;0;0;2;7;21;B01
201400045640;0;7;0;0;2;1;16;A01
201400045641;0;32;0;0;2;1;1;B01
201400045641;0;7;0;0;2;7;15;A01
201400045642;0;7;0;0;1;2;1;A01
201400045643;0;7;0;0;1;1;15;A01
201400045644;0;32;0;0;2;1;1;B01
201400045644;0;7;0;0;2;2;15;A01
201400045645;0;31;0;0;2;5;1;B01
201400045645;0;7;0;0;2;3;9;A01
201400045646;0;7;0;0;2;8;10;B01
201400045646;0;32;0;1;2;7;3;A01
201400045647;0;32;0;10;0;1;17;A01
201400045648;0;7;0;15;0;1;14;A01
201400045649;0;2;0;16;0;9;1;A01
201400045650;0;7;0;6;0;1;14;A01
201400045651;0;30;0;16;0;9;1;A01
201400045652;0;7;0;0;1;3;1;A01
201400045653;0;7;0;8;2;5;1;A01
201400045653;0;7;0;0;2;2;15;B01
201400045654;0;7;0;0;2;1;1;A01
201400045654;0;7;0;0;2;4;2;B01
201400045655;0;7;0;0;2;4;2;C01
201400045655;0;7;0;0;2;4;2;B01
201400045655;0;7;0;0;2;1;1;A01
201400045656;0;7;0;0;2;4;15;B01
201400045656;0;7;0;0;2;3;21;A01
201400045657;0;30;0;0;1;1;13;A01
201400045658;0;2;0;16;0;0;1;A01
201400045659;0;7;0;0;2;8;9;A01
201400045659;0;7;0;0;2;7;1;B01
201400045660;0;33;0;0;2;1;1;A01
201400045660;0;7;0;0;2;5;2;B01
201400045661;0;7;0;0;0;6;20;B01
201400045661;0;32;0;0;2;2;3;A01
201400045662;0;30;0;0;2;8;15;A01
201400045662;1;7;0;0;2;0;19;Z01
201400045663;2;7;0;0;2;2;10;Z01
201400045663;0;33;0;0;2;1;1;A01
201400045664;0;7;0;0;2;8;15;B01
201400045664;0;2;0;0;2;1;17;A01
201400045665;0;7;0;0;2;2;12;A01
201400045665;0;33;0;0;2;8;1;B01
201400045666;0;7;0;0;2;4;1;A01
201400045666;0;7;0;0;2;1;2;C01
201400045666;0;7;0;0;2;9;2;B01
201400045667;0;7;0;0;1;1;1;A01
201400045668;0;7;0;9;2;7;1;B01
201400045668;0;7;0;0;2;1;15;A01
201400045669;0;7;0;0;1;1;1;A01
201400045670;0;7;0;0;2;3;13;B01
201400045670;0;7;0;0;2;3;1;A01
201400045671;0;7;0;0;2;1;1;B01
201400045671;0;7;0;0;2;1;15;A01
201400045672;0;7;0;0;2;6;2;B01
201400045672;0;2;0;0;2;1;1;A01
201400045673;0;7;0;0;1;1;1;A01
201400045674;0;7;0;0;1;2;1;A01
201400045675;0;7;0;9;0;1;6;A01
201400045676;0;7;0;1;0;2;14;A01
201400045677;1;7;0;0;2;1;1;Z01
201400045677;0;1;0;0;2;4;19;A01
201400045678;0;7;0;0;2;3;1;A01
201400045678;0;7;0;0;2;3;1;B01
201400045679;0;7;0;0;2;4;23;C01
201400045679;0;7;0;0;2;4;23;D01
201400045679;0;7;0;0;2;4;23;B01
201400045679;0;7;0;0;2;1;1;A01
201400045680;0;1;0;0;2;1;1;B01
201400045680;0;7;0;0;2;6;10;A01
201400045681;0;7;0;0;2;1;1;A01
201400045681;0;33;0;0;2;7;1;B01
201400045682;0;7;0;0;2;4;4;A01
201400045682;0;7;0;0;2;4;4;B01
201400045683;0;7;0;0;1;2;15;A01
201400045684;0;7;0;0;1;2;1;A01
201400045685;0;7;0;16;1;1;11;A01
201400045686;0;2;0;16;0;8;12;A01
201400045687;0;7;0;0;1;4;4;A01
201400045688;0;7;0;0;2;1;21;A01
201400045688;0;7;0;0;2;5;19;B01
201400045689;0;7;0;0;1;1;13;A01
201400045690;0;7;0;15;1;6;4;A01
201400045691;0;33;0;16;0;7;16;A01
201400045692;0;7;0;1;0;6;1;A01
201400045693;0;7;0;14;2;1;1;A01
201400045693;0;7;0;1;0;4;23;B01
201400045693;0;7;0;1;0;4;23;C01
201400045693;0;7;0;1;0;4;23;D01
201400045694;0;30;0;8;0;1;14;A01
201400045695;0;7;0;0;2;3;1;B01
201400045695;0;1;0;0;2;1;1;A01
201400045696;0;30;0;0;2;3;15;B01
201400045696;0;7;0;0;2;2;1;A01
201400045697;0;7;0;0;2;2;9;C01
201400045697;0;7;0;0;2;3;1;B01
201400045697;0;2;0;0;2;1;1;A01
201400045698;0;7;0;0;1;4;20;A01
201400045699;0;7;0;0;2;3;15;B01
201400045699;0;2;0;0;2;1;3;A01
201400045700;0;7;0;15;2;8;15;B01
201400045700;0;33;0;0;2;7;2;A01
201400045701;0;15;0;0;0;2;16;A01
201400045701;0;1;0;0;0;3;18;B01
201400045702;0;7;0;0;1;3;15;A01
201400045703;0;7;0;0;1;1;17;A01
201400045704;0;2;0;0;2;1;21;B01
201400045704;0;7;0;4;2;5;10;A01
201400045705;0;7;0;0;1;6;1;A01
201400045706;1;7;0;0;1;1;1;Z01
201400045707;0;30;0;3;0;1;14;A01
201400045708;0;2;0;16;0;1;1;A01
201400045709;0;7;0;0;1;1;1;A01
201400045710;0;1;0;0;2;3;15;B01
201400045710;0;7;0;12;2;2;1;A01
201400045711;0;2;0;0;2;4;2;B01
201400045711;0;3;0;8;2;1;1;A01
201400045712;0;7;0;6;2;1;21;B01
201400045712;0;7;0;0;0;0;16;A01
201400045713;0;7;0;3;2;2;1;A01
201400045713;0;7;0;0;2;8;1;B01
201400045714;0;7;0;0;1;7;21;A01
201400045715;0;7;0;0;2;8;1;A01
201400045715;0;1;0;0;2;1;1;B01
201400045716;0;7;0;0;1;3;15;A01
201400045717;1;7;0;0;1;1;16;Z01
201400045718;1;3;0;0;1;0;0;Z01
201400045719;0;7;0;0;2;8;15;A01
201400045719;1;33;0;0;2;1;1;Z01
201400045720;0;2;0;16;0;1;1;A01
201400045721;0;7;0;1;2;2;14;A01
201400045721;0;7;0;1;2;6;24;B01
201400045722;0;7;0;0;2;2;20;B01
201400045722;0;33;0;0;2;1;1;A01
201400045723;0;7;0;1;1;3;1;A01
201400045724;0;10;0;0;2;6;2;B01
201400045724;0;33;0;0;2;1;1;A01
201400045725;0;10;0;0;2;1;1;C01
201400045725;0;7;0;0;2;8;1;B01
201400045725;0;7;0;0;2;3;5;A01
201400045726;0;7;0;0;2;4;2;B01
201400045726;0;33;0;0;2;1;1;A01
201400045727;0;7;0;8;0;2;14;A01
201400045728;0;2;0;0;2;2;14;A01
201400045728;0;1;0;0;2;8;1;B01
201400045729;0;7;0;;2;8;1;B01
201400045729;0;7;0;0;2;1;15;A01
201400045730;0;2;0;0;1;2;21;A01
201400045730;0;7;0;0;2;3;1;B01
201400045731;0;7;0;0;1;5;1;A01
201400045732;0;7;0;0;2;3;15;B01
201400045732;0;33;0;0;2;2;1;A01
201400045733;0;7;0;0;2;1;16;B01
201400045733;0;2;0;0;2;7;17;A01
201400045734;1;1;0;0;1;7;1;Z01
201400045735;0;7;0;0;2;8;15;B01
201400045735;0;7;0;1;1;1;17;A01
201400045736;0;7;0;0;1;1;1;A01
201400045737;0;33;0;0;1;1;1;A01
201400045738;1;7;0;1;1;1;11;Z01
201400045739;0;33;0;8;0;1;1;A01
201400045740;0;7;0;0;1;3;1;A01
201400045741;0;7;0;0;2;8;10;A01
201400045741;0;1;0;0;2;1;1;B01
201400045742;0;1;0;0;2;1;1;B01
201400045742;0;7;0;0;2;2;15;A01
201400045743;0;33;0;0;2;2;17;A01
201400045743;0;7;0;0;2;3;15;B01
201400045744;0;33;0;0;2;1;1;B01
201400045744;0;32;0;0;2;1;15;A01
201400045745;0;7;0;0;1;3;1;A01
201400045746;0;17;0;0;2;5;2;B01
201400045746;0;7;0;0;2;1;1;A01
201400045747;0;33;0;0;2;7;1;B01
201400045747;0;7;0;0;2;1;9;A01
201400045748;0;2;0;16;0;1;1;A01
201400045749;0;7;0;0;2;4;2;D01
201400045749;0;7;0;0;0;6;2;C01
201400045749;0;7;0;0;2;6;15;A01
201400045749;0;37;2;0;2;5;2;B01
201400045750;0;7;0;8;2;1;1;B01
201400045750;0;7;0;0;2;3;15;A01
201400045751;0;7;0;0;0;4;23;B01
201400045751;0;30;0;0;2;1;17;A01
201400045752;0;37;20;0;2;1;1;B01
201400045752;0;7;0;0;2;2;10;A01
201400045753;0;7;0;1;0;1;1;A01
201400045754;0;7;0;0;2;1;15;A01
201400045754;0;33;0;0;2;1;1;B01
201400045755;0;7;0;0;1;4;20;A01
201400045756;0;7;0;0;2;1;1;B01
201400045756;0;7;0;0;2;2;13;A01
201400045757;0;37;2;0;2;2;1;B01
201400045757;0;10;0;0;2;1;9;A01
201400045758;0;7;0;0;2;1;11;B01
201400045758;0;32;0;0;2;2;1;A01
201400045759;0;7;0;0;1;1;1;A01
201400045760;0;7;0;0;2;5;2;B01
201400045760;0;30;0;0;2;1;1;A01
201400045761;0;7;0;0;1;1;15;A01
201400045762;0;7;0;0;1;1;15;A01
201400045763;0;30;0;0;2;1;2;B01
201400045763;0;7;0;0;2;3;5;A01
201400045764;0;7;0;0;2;4;16;A01
201400045764;0;7;0;0;2;1;1;B01
201400045765;0;7;0;0;2;1;1;B01
201400045765;0;1;0;0;2;6;2;A01
201400045766;0;7;0;0;1;1;15;A01
201400045767;0;31;0;0;2;2;1;A01
201400045767;0;7;0;0;0;8;15;B01
201400045768;0;7;0;0;2;2;12;B01
201400045768;0;33;0;0;2;1;1;A01
201400045769;1;7;0;0;1;0;1;Z01
201400045770;1;7;0;0;1;4;4;Z01
201400045771;0;7;0;0;2;1;1;A01
201400045771;0;10;0;0;2;3;1;B01
201400045772;0;34;0;16;0;9;17;A01
201400045773;0;7;0;0;1;2;1;A01
201400045774;0;7;0;0;2;6;12;B01
201400045774;0;33;0;0;2;1;21;A01
201400045775;0;7;0;0;1;3;13;A01
201400045776;0;7;0;0;1;6;4;A01
201400045777;0;7;0;0;1;4;4;A01
201400045778;0;32;0;0;2;2;1;B01
201400045778;0;7;0;0;2;3;16;A01
201400045779;0;2;0;0;2;2;1;A01
201400045779;0;7;0;0;2;3;15;B01
201400045780;0;7;0;0;1;1;1;A01
201400045781;0;10;0;0;1;3;1;A01
201400045782;0;10;0;0;1;3;1;A01
201400045783;0;7;0;0;2;8;9;A01
201400045783;0;32;0;0;2;2;17;B01
201400045784;0;33;0;0;2;2;1;B01
201400045784;0;7;0;0;2;5;9;A01
201400045785;0;7;0;4;2;2;5;A01
201400045785;0;7;0;0;2;7;2;C01
201400045785;0;7;0;4;2;9;1;B01
201400045786;0;7;0;0;2;4;2;B01
201400045786;0;7;0;0;2;4;23;C01
201400045786;0;10;0;0;2;1;1;A01
201400045787;0;7;0;1;2;8;9;A01
201400045787;0;7;0;0;2;2;1;B01
201400045788;0;7;0;0;2;1;12;A01
201400045788;0;7;0;0;2;4;12;B01
201400045789;0;7;0;0;2;3;1;A01
201400045789;0;7;0;0;2;3;1;B01
201400045790;0;33;0;11;0;1;1;A01
201400045790;0;33;0;0;2;1;2;B01
201400045791;0;7;0;0;2;1;1;B01
201400045791;0;7;0;0;2;4;17;A01
201400045792;0;31;0;0;2;1;1;B01
201400045792;0;7;0;0;0;7;15;A01
201400045793;0;7;0;0;1;5;20;A01
201400045794;0;33;0;0;1;4;21;A01
201400045795;0;7;0;0;2;1;1;A01
201400045795;0;1;0;0;2;1;9;B01
201400045796;0;17;0;0;2;5;11;B01
201400045796;0;33;0;4;2;2;12;A01
201400045797;0;10;0;0;1;2;1;A01
201400045798;0;7;0;0;2;2;16;B01
201400045798;0;33;0;0;2;3;18;A01
201400045799;0;2;0;0;2;1;1;A01
201400045799;0;7;0;0;2;4;23;B01
201400045800;0;7;0;0;2;1;1;A01
201400045800;0;1;0;0;2;5;19;B01
201400045801;0;7;0;0;2;5;15;A01
201400045801;0;34;0;0;2;1;1;B01
201400045802;0;7;0;0;2;1;5;A01
201400045802;0;7;0;0;2;1;1;B01
201400045803;0;7;0;0;2;3;10;A01
201400045803;0;34;0;0;2;1;5;B01
201400045804;0;33;0;0;2;8;15;B01
201400045804;0;7;0;0;2;1;1;A01
201400045805;0;7;0;0;2;2;15;B01
201400045805;0;33;0;0;2;1;1;A01
201400045806;0;7;0;0;2;3;1;B01
201400045806;0;33;0;0;2;1;1;A01
201400045807;0;34;0;0;2;2;5;A01
201400045807;0;7;0;0;2;2;1;B01
201400045808;0;31;0;0;2;2;1;A01
201400045808;0;10;0;0;2;3;15;B01
201400045809;0;33;0;0;1;1;1;A01
201400045810;0;7;0;8;2;1;1;A01
201400045810;0;7;0;0;2;6;23;B01
201400045811;0;33;0;0;2;1;1;B01
201400045811;0;7;0;0;2;3;15;A01
201400045812;0;7;0;0;2;2;1;B01
201400045812;2;7;0;0;2;1;1;A01
201400045813;0;7;0;6;4;9;14;A01
201400045814;0;7;0;0;1;1;1;A01
201400045815;0;7;0;7;0;1;1;A01
201400045816;0;33;0;0;2;8;17;B01
201400045816;0;7;0;0;2;3;15;A01
201400045817;0;7;0;0;1;2;1;A01
201400045818;0;7;0;13;0;1;17;A01
201400045819;0;14;0;0;1;2;1;A01
201400045820;0;7;0;0;1;3;1;A01
201400045821;0;7;0;0;2;1;1;A01
201400045821;0;7;0;0;2;9;2;C01
201400045821;0;7;0;0;2;3;2;D01
201400045821;0;7;0;0;2;9;2;B01
201400045822;0;7;0;0;1;1;1;A01
201400045823;0;7;0;0;0;6;23;B01
201400045823;0;7;0;1;1;2;1;A01
201400045824;0;7;0;0;1;3;1;A01
201400045825;0;7;0;2;0;8;13;A01
201400045826;0;33;0;0;2;1;1;B01
201400045826;0;7;0;0;2;5;1;A01
201400045827;0;14;0;9;0;2;1;A01
201400045828;1;7;0;0;1;1;1;Z01
201400045829;0;33;0;0;2;1;1;B01
201400045829;0;7;0;0;2;1;13;A01
201400045830;0;10;0;0;2;3;1;A01
201400045830;0;1;0;0;2;7;9;B01
201400045831;0;7;0;1;0;9;13;A01
201400045832;0;7;0;12;0;1;1;A01
201400045833;0;2;0;0;2;1;1;A01
201400045833;0;7;0;0;2;2;9;B01
201400045834;0;7;0;0;2;1;13;A01
201400045834;0;1;0;0;2;1;1;B01
201400045835;0;2;0;0;2;1;1;A01
201400045835;0;7;0;0;2;4;23;B01
201400045836;0;33;0;0;2;3;17;A01
201400045836;0;10;0;0;2;3;1;B01
201400045837;0;7;0;0;2;3;15;A01
201400045837;0;2;0;0;2;1;1;B01
201400045838;0;7;0;14;0;1;1;A01
201400045839;0;1;0;0;2;4;2;A01
201400045839;0;7;0;0;2;1;1;B01
201400045840;0;2;0;0;2;1;1;A01
201400045840;0;7;0;0;2;4;2;B01
201400045841;0;7;0;0;2;1;1;B01
201400045841;0;10;0;0;2;3;1;A01
201400045842;0;1;0;11;0;1;1;A01
201400045843;0;33;0;0;2;0;3;B01
201400045843;0;7;0;0;2;6;11;A01
201400045844;0;7;0;0;1;1;1;A01
201400045845;0;7;0;0;1;1;1;A01
201400045846;1;7;0;0;2;0;1;Z01
201400045846;0;7;0;0;2;4;2;B01
201400045846;0;7;0;0;0;4;2;A01
201400045847;0;7;0;0;2;3;15;B01
201400045847;0;33;0;0;2;1;1;A01
201400045848;0;30;0;0;2;8;13;A01
201400045848;0;7;0;0;2;2;17;B01
201400045849;0;10;0;0;2;8;11;A01
201400045849;0;7;0;0;2;2;1;B01
201400045850;0;7;0;0;2;3;5;A01
201400045850;0;33;0;0;2;1;1;B01
201400045851;0;7;0;0;2;1;1;A01
201400045851;0;7;0;0;2;7;15;B01
201400045852;0;7;0;0;0;6;23;B01
201400045852;0;7;0;;2;2;9;A01
201400045853;0;7;0;12;0;2;14;A01
201400045854;0;7;0;0;2;1;1;C01
201400045854;0;7;0;0;2;4;23;A01
201400045854;0;7;0;0;2;1;1;B01
201400045855;1;7;0;8;1;1;1;Z01
201400045856;0;37;3;0;2;3;1;B01
201400045856;0;7;0;0;2;3;13;A01
201400045857;0;7;0;0;2;4;2;B01
201400045857;0;2;0;0;2;1;1;A01
201400045858;0;7;0;7;2;8;10;A01
201400045858;0;7;0;8;2;9;1;B01
201400045859;0;7;0;0;2;8;9;A01
201400045859;0;20;0;0;2;3;1;B01
201400045860;0;7;0;0;1;2;1;A01
201400045861;0;7;0;0;1;2;0;A01
201400045862;1;7;0;0;1;0;0;Z01
201400045863;0;2;0;0;2;1;1;B01
201400045863;0;7;0;0;2;3;15;A01
201400045864;0;7;0;0;1;3;13;A01
201400045865;0;7;0;0;1;1;1;A01
201400045866;0;10;0;9;0;1;1;A01
201400045867;0;7;0;0;2;7;1;B01
201400045867;0;7;0;0;2;3;1;A01
201400045868;1;7;0;0;1;0;0;Z01
201400045869;0;7;0;0;1;2;1;A01
201400045870;0;30;0;0;1;3;1;A01
201400045871;0;7;0;0;2;1;1;A01
201400045871;0;7;0;0;2;2;15;B01
201400045872;0;7;0;0;2;1;1;A01
201400045872;0;7;0;0;2;4;23;B01
201400045873;0;7;0;0;2;1;5;B01
201400045873;0;7;0;0;2;1;1;A01
201400045874;0;7;0;0;2;3;9;A01
201400045874;0;7;0;0;2;2;1;B01
201400045875;0;7;0;0;2;1;1;A01
201400045875;0;7;0;0;2;4;23;B01
201400045875;0;7;0;0;0;4;23;C01
201400045876;0;7;0;0;2;1;1;B01
201400045876;0;7;0;0;0;4;23;A01
201400045877;0;10;0;6;1;1;1;A01
201400045878;0;7;0;0;1;1;1;A01
201400045879;0;34;0;0;2;1;17;A01
201400045879;0;13;0;0;2;3;15;B01
201400045880;0;7;0;0;1;1;1;A01
201400045881;0;33;0;0;2;1;1;B01
201400045881;0;7;0;0;2;1;15;A01
201400045882;0;31;0;0;1;1;1;A01
201400045883;0;7;0;0;1;3;1;A01
201400045884;0;33;0;0;2;8;15;B01
201400045884;0;7;0;0;2;2;15;A01
201400045885;0;7;0;0;2;3;15;A01
201400045885;0;33;0;0;2;3;19;B01
201400045886;0;7;0;0;2;1;1;A01
201400045886;0;1;0;0;2;7;1;B01
201400045887;0;33;0;0;2;1;1;B01
201400045887;0;7;0;0;2;5;20;A01
201400045888;0;7;0;0;2;3;13;B01
201400045888;0;2;0;0;2;1;1;A01
201400045889;0;33;0;0;2;1;1;B01
201400045889;0;7;0;0;2;6;1;A01
201400045890;0;7;0;0;2;2;1;A01
201400045890;0;7;0;0;2;6;2;B01
201400045891;0;7;0;0;1;1;1;A01
201400045892;0;33;0;0;2;1;17;B01
201400045892;0;7;0;0;2;3;15;A01
201400045893;0;7;0;0;1;1;1;A01
201400045894;0;7;0;0;1;1;1;A01
201400045895;0;7;0;0;1;2;1;A01
201400045896;0;7;0;0;2;4;2;B01
201400045896;0;30;0;0;2;1;1;A01
201400045897;0;7;0;0;1;2;1;A01
201400045898;0;7;0;0;0;4;23;D01
201400045898;0;7;0;0;2;4;23;B01
201400045898;0;10;0;0;2;1;1;A01
201400045898;0;7;0;0;0;4;23;C01
201400045899;0;7;0;0;2;1;1;B01
201400045899;0;7;0;0;0;4;2;A01
201400045900;1;10;0;0;1;1;1;Z01
201400045901;0;7;0;0;2;3;13;A01
201400045901;0;32;0;0;2;2;1;B01
201400045902;0;10;0;0;1;2;1;A01
201400045903;0;7;0;0;1;2;15;A01
201400045904;0;10;0;0;1;1;1;A01
201400045905;2;7;0;0;2;2;1;A01
201400045905;0;30;0;0;2;8;16;B01
201400045906;0;31;0;0;2;1;1;B01
201400045906;0;7;0;0;2;4;2;A01
201400045907;0;30;0;0;2;7;1;B01
201400045907;0;7;0;0;2;1;9;A01
201400045908;0;7;0;1;0;1;1;A01
201400045909;0;7;0;0;1;1;1;A01
201400045910;0;33;0;0;2;1;1;B01
201400045910;0;7;0;0;2;3;9;A01
201400045911;0;7;0;0;2;1;15;A01
201400045911;0;34;0;0;2;8;1;B01
201400045912;0;32;0;0;2;1;1;B01
201400045912;0;7;0;0;2;4;4;A01
201400045913;0;10;0;0;2;3;1;B01
201400045913;0;33;0;0;2;1;1;A01
201400045914;0;7;0;0;1;7;16;A01
201400045915;0;7;0;0;2;5;10;A01
201400045915;0;33;0;0;2;1;1;B01
201400045916;0;7;0;0;1;2;1;A01
201400045917;0;30;0;0;2;1;1;A01
201400045917;0;7;0;0;2;5;2;B01
201400045918;0;7;0;0;1;1;1;A01
201400045919;0;32;0;0;2;7;1;A01
201400045919;0;7;0;0;2;3;15;B01
201400045920;0;10;0;0;2;3;1;A01
201400045920;0;15;0;0;2;6;2;B01
201400045921;0;7;0;0;2;3;1;B01
201400045921;2;7;0;0;2;2;5;A01
201400045922;0;34;0;0;2;1;1;B01
201400045922;0;7;0;0;2;2;15;A01
201400045923;0;33;0;2;0;1;18;A01
201400045924;0;7;0;0;1;1;1;A01
201400045925;0;30;0;16;0;8;1;A01
201400045926;0;7;0;0;2;6;2;B01
201400045926;0;7;0;0;2;2;1;A01
201400045927;0;7;0;0;1;1;16;A01
201400045928;0;7;0;0;1;6;4;A01
201400045929;0;33;0;0;2;1;1;B01
201400045929;0;7;0;0;2;5;9;A01
201400045930;0;7;0;0;2;2;1;A01
201400045930;0;7;0;0;2;2;15;B01
201400045931;0;7;0;0;2;1;19;A01
201400045931;0;7;0;0;2;7;1;B01
201400045932;0;1;0;0;2;2;1;B01
201400045932;0;7;0;8;1;2;16;A01
201400045933;0;33;0;0;2;3;1;B01
201400045933;0;7;0;0;2;2;15;A01
201400045934;0;7;0;9;1;1;20;A01
201400045935;0;7;0;0;2;1;1;B01
201400045935;0;7;0;0;2;1;13;A01
201400045936;0;7;0;0;1;3;1;A01
201400045937;0;7;0;0;2;1;1;A01
201400045937;0;7;0;0;2;4;2;B01
201400045938;1;99;0;0;1;1;0;A01
201400045939;0;1;0;0;2;4;1;B01
201400045939;0;7;0;0;2;3;1;A01
201400045940;0;7;0;0;2;1;1;A01
201400045940;0;1;0;0;0;4;2;B01
201400045941;0;7;0;0;1;2;16;A01
201400045942;0;7;0;0;1;2;11;A01
201400045943;0;2;0;0;1;1;1;A01
201400045944;0;7;0;0;1;1;1;A01
201400045945;0;33;0;0;2;1;1;B01
201400045945;0;7;0;4;2;2;1;A01
201400045946;0;37;1;0;2;1;1;A01
201400045946;0;7;0;8;2;7;1;B01
201400045947;0;7;0;0;2;3;15;B01
201400045947;0;1;0;0;2;1;1;A01
201400045948;0;7;0;0;1;0;1;A01
201400045949;0;7;0;0;2;4;23;B01
201400045949;0;7;0;0;2;1;1;A01
201400045950;0;7;0;0;2;3;1;B01
201400045950;0;7;0;0;2;7;15;A01
201400045951;0;7;0;0;1;2;15;A01
201400045952;0;7;0;0;2;2;15;A01
201400045952;0;7;0;0;2;3;1;B01
201400045953;1;7;0;0;1;0;0;Z01
201400045954;0;7;0;0;1;2;1;A01
201400045955;0;7;0;0;1;2;1;A01
201400045956;0;7;0;0;1;2;1;A01
201400045957;0;7;0;8;0;3;16;A01
201400045958;0;30;0;0;0;3;3;B01
201400045958;0;7;0;0;2;5;2;A01
201400045959;0;7;0;15;0;9;13;A01
201400045960;0;7;0;0;2;2;1;A01
201400045960;0;7;0;0;2;1;1;B01
201400045961;0;30;0;0;2;8;1;B01
201400045961;0;7;0;0;2;2;15;A01
201400045962;0;7;0;0;2;3;9;A01
201400045962;0;7;0;0;2;5;1;B01
201400045963;0;7;0;0;0;8;22;A01
201400045963;0;1;0;1;0;1;1;B01
201400045964;0;7;0;11;0;3;1;A01
201400045965;0;10;0;0;1;5;4;A01
201400045966;0;7;0;0;1;3;1;A01
201400045967;0;7;0;0;1;2;1;A01
201400045968;0;7;0;0;2;4;2;B01
201400045968;0;7;0;0;2;5;2;C01
201400045968;0;7;0;0;2;1;1;A01
201400045969;0;7;0;0;1;1;5;A01
201400045970;0;32;0;0;2;7;3;B01
201400045970;0;7;0;0;2;6;2;A01
201400045971;0;7;0;0;2;3;1;B01
201400045971;0;7;0;0;2;3;13;A01
201400045972;0;30;0;12;0;1;14;A01
201400045973;0;1;0;0;2;1;1;A01
201400045973;0;10;0;0;2;2;15;B01
201400045974;0;7;0;1;0;3;13;A01
201400045975;0;7;0;0;2;6;9;A01
201400045975;0;1;0;0;2;2;15;B01
201400045976;0;7;0;6;2;3;16;A01
201400045977;0;10;0;0;2;2;1;A01
201400045977;0;7;0;0;2;4;15;B01
201400045978;0;7;0;0;2;1;1;A01
201400045978;0;7;0;0;2;1;9;B01
201400045978;0;7;0;0;2;6;1;C01
201400045979;0;2;0;16;0;9;9;A01
201400045980;0;7;0;0;1;1;1;A01
201400045981;0;7;0;0;1;3;1;A01
201400045982;0;7;0;0;2;4;2;B01
201400045982;0;7;0;0;2;2;1;A01
201400045983;0;7;0;0;0;8;24;A01
201400045983;1;7;0;1;0;0;0;Z01
201400045984;0;7;0;0;2;1;1;B01
201400045984;0;7;0;0;0;4;2;A01
201400045985;0;7;0;0;2;7;15;A01
201400045985;0;7;0;0;2;8;1;B01
201400045986;0;7;0;15;0;1;14;A01
201400045987;0;7;0;0;2;1;1;A01
201400045987;0;1;0;0;2;8;19;B01
201400045988;0;7;0;0;1;7;1;A01
201400045989;0;7;0;0;1;3;1;A01
201400045990;0;10;0;0;1;7;1;A01
201400045991;0;7;0;0;2;2;1;A01
201400045991;0;1;0;0;2;1;19;B01
201400045992;0;7;0;0;1;2;1;A01
201400045993;0;7;0;0;2;9;11;B01
201400045993;0;7;0;0;2;1;1;A01
201400045994;0;7;0;0;1;2;1;A01
201400045995;0;7;0;0;2;1;1;A01
201400045995;0;7;0;0;2;4;1;B01
201400045996;0;7;0;1;0;2;14;A01
201400045997;0;1;0;0;2;8;15;B01
201400045997;0;10;0;0;2;2;1;A01
201400045998;0;7;0;0;2;3;1;B01
201400045998;0;7;0;0;2;2;1;A01
201400045999;0;7;0;0;2;3;1;B01
201400045999;0;7;0;0;2;3;13;A01
201400046000;0;7;0;0;2;3;1;B01
201400046000;0;34;0;0;2;3;13;A01
201400046001;0;7;0;0;2;3;15;A01
201400046001;0;7;0;0;2;1;1;B01
201400046002;0;7;0;0;1;2;15;A01