num_acc;senc;catv;occutc;obs;obsm;choc;manv;num_veh
201400046003;0;7;0;0;2;1;1;A01
201400046003;0;1;0;0;2;1;1;B01
201400046004;0;7;0;0;1;1;1;A01
201400046005;0;7;0;1;2;1;9;A01
201400046005;0;1;0;0;2;1;1;B01
201400046006;0;30;0;0;2;1;1;B01
201400046006;0;7;0;0;2;8;15;A01
201400046007;0;7;0;0;1;8;1;A01
201400046008;0;1;0;0;2;1;1;B01
201400046008;0;7;0;0;2;1;15;A01
201400046009;0;10;0;0;1;2;1;A01
201400046010;0;32;0;0;2;8;9;A01
201400046010;0;7;0;0;2;2;1;B01
201400046011;0;7;0;0;1;1;1;A01
201400046012;1;7;0;0;1;7;15;Z01
201400046013;0;37;4;0;2;3;1;B01
201400046013;0;7;0;0;2;2;9;A01
201400046014;0;7;0;1;0;2;1;A01
201400046015;0;1;0;0;2;1;1;A01
201400046015;1;7;0;0;0;0;20;Z01
201400046016;0;33;0;0;2;2;17;A01
201400046016;0;7;0;0;2;3;15;B01
201400046017;0;7;0;0;1;3;1;A01
201400046018;0;7;0;0;2;4;2;B01
201400046018;0;7;0;0;2;1;1;A01
201400046019;0;7;0;0;2;1;10;A01
201400046019;0;7;0;0;2;3;1;B01
201400046020;0;14;0;0;1;1;1;A01
201400046021;0;36;0;16;0;3;13;A01
201400046022;0;1;0;0;2;8;2;B01
201400046022;0;7;0;0;2;1;1;A01
201400046023;0;1;0;0;2;8;1;A01
201400046023;0;31;0;0;2;1;1;B01
201400046024;0;7;0;0;1;8;1;A01
201400046025;0;7;0;0;1;7;16;A01
201400046026;0;1;0;0;2;7;1;B01
201400046026;0;7;0;0;2;1;1;A01
201400046027;0;30;0;0;2;2;1;B01
201400046027;0;7;0;0;2;6;11;A01
201400046028;0;7;0;0;2;1;15;A01
201400046028;0;30;0;0;2;1;17;B01
201400046029;0;7;0;0;1;7;16;A01
201400046030;0;7;0;0;1;1;1;A01
201400046031;0;7;0;0;2;3;19;A01
201400046031;0;1;0;0;2;2;13;B01
201400046032;0;7;0;0;2;2;1;A01
201400046032;0;1;0;0;2;1;19;B01
201400046033;0;7;0;0;1;3;1;A01
201400046034;1;99;0;0;1;0;0;Z01
201400046035;0;7;0;1;0;1;14;A01
201400046036;0;7;0;16;0;3;1;A01
201400046037;0;30;0;0;2;4;10;A01
201400046037;0;10;0;0;2;1;1;C01
201400046037;0;10;0;0;2;3;15;B01
201400046038;0;7;0;0;1;2;1;A01
201400046039;0;7;0;0;2;1;1;B01
201400046039;0;7;0;0;2;7;1;A01
201400046040;0;7;0;0;2;3;1;B01
201400046040;0;34;0;0;2;1;1;A01
201400046041;0;1;0;0;2;7;1;B01
201400046041;0;7;0;0;2;7;11;A01
201400046042;0;7;0;0;2;2;15;A01
201400046042;0;1;0;0;2;1;1;B01
201400046043;0;7;0;0;1;3;15;A01
201400046044;0;7;0;15;0;2;14;A01
201400046045;0;2;0;0;2;1;1;A01
201400046045;0;7;0;0;2;8;15;B01
201400046046;0;1;0;0;2;4;19;B01
201400046046;0;7;0;0;2;2;1;A01
201400046047;0;33;0;0;1;2;1;A01
201400046048;0;7;0;0;2;5;2;A01
201400046048;0;1;0;0;2;1;1;B01
201400046049;0;7;0;0;1;3;1;A01
201400046050;1;7;0;0;1;1;1;Z01
201400046051;0;7;0;0;2;5;2;B01
201400046051;0;32;0;0;2;1;1;A01
201400046052;0;7;0;0;2;1;1;A01
201400046052;0;7;0;0;2;8;19;B01
201400046053;0;7;0;0;0;6;1;A01
201400046053;1;7;0;0;;;0;Z01
201400046054;0;1;0;0;2;7;1;B01
201400046054;0;7;0;0;2;3;9;A01
201400046055;0;37;2;0;1;2;1;A01
201400046056;2;31;0;0;2;1;1;A01
201400046056;0;7;0;0;2;8;15;B01
201400046057;0;7;0;0;1;7;1;A01
201400046058;0;37;20;14;2;1;1;A01
201400046058;0;10;0;0;2;4;2;B01
201400046059;0;7;0;0;2;1;9;A01
201400046059;1;33;0;0;2;1;9;Z01
201400046060;0;7;0;0;2;1;1;A01
201400046060;1;7;0;0;2;1;13;Z01
201400046061;0;7;0;0;2;4;2;B01
201400046061;0;33;0;0;2;1;1;A01
201400046062;0;7;0;0;2;4;1;B01
201400046062;0;33;0;0;2;1;1;A01
201400046063;0;7;0;0;1;1;1;A01
201400046064;1;7;0;0;1;0;1;Z01
201400046065;1;7;0;0;1;1;1;Z01
201400046066;2;7;0;0;1;1;1;A01
201400046067;0;7;0;0;2;7;1;A01
201400046067;0;7;0;0;2;1;1;B01
201400046068;1;7;0;0;2;0;1;Z01
201400046068;0;7;0;0;2;8;1;A01
201400046069;0;7;0;0;2;3;15;A01
201400046069;0;33;0;0;2;1;1;B01
201400046070;0;2;0;0;2;7;14;A01
201400046070;0;7;0;0;2;8;1;B01
201400046071;0;32;0;0;2;7;17;A01
201400046071;0;7;0;0;2;3;15;B01
201400046072;0;7;0;0;2;2;15;A01
201400046072;0;33;0;0;2;1;1;B01
201400046073;0;7;0;0;1;3;2;A01
201400046074;1;7;0;0;1;1;15;Z01
201400046075;0;33;0;0;2;1;1;B01
201400046075;0;7;0;0;2;6;11;A01
201400046076;0;14;0;0;2;1;2;B01
201400046076;0;7;0;0;2;7;15;A01
201400046077;0;31;0;0;2;1;17;A01
201400046077;0;7;0;0;2;6;15;B01
201400046078;0;7;0;0;2;3;1;B01
201400046078;0;7;0;0;2;3;13;A01
201400046079;0;7;0;0;2;1;9;B01
201400046079;0;7;0;0;2;5;2;A01
201400046080;0;7;0;0;2;7;15;B01
201400046080;0;7;0;0;2;1;1;A01
201400046081;0;3;0;0;1;6;4;A01
201400046082;0;7;0;0;1;3;1;A01
201400046083;0;30;0;0;2;4;2;B01
201400046083;0;7;0;0;2;3;1;A01
201400046084;0;7;0;0;2;4;2;A01
201400046084;0;10;0;0;2;1;1;B01
201400046085;0;7;0;0;2;2;2;D01
201400046085;0;7;0;0;2;1;1;B01
201400046085;0;7;0;1;2;1;5;A01
201400046085;0;7;0;0;2;3;2;C01
201400046086;0;7;0;0;1;2;1;A01
201400046087;0;31;0;0;2;7;1;B01
201400046087;0;7;0;0;2;1;9;A01
201400046088;0;7;0;0;2;3;5;B01
201400046088;0;10;0;0;2;1;1;A01
201400046089;0;30;0;16;0;3;1;B01
201400046090;0;7;0;0;2;8;13;A01
201400046090;0;7;0;0;2;8;1;B01
201400046091;0;7;0;0;2;4;2;C01
201400046091;0;7;0;0;2;1;1;B01
201400046091;0;7;0;0;2;4;2;A01
201400046092;0;7;0;8;0;1;14;A01
201400046093;0;7;0;0;1;1;1;A01
201400046094;1;7;0;0;0;0;0;Z01
201400046094;0;7;0;0;2;3;1;A01
201400046095;0;7;0;0;2;7;1;A01
201400046095;0;1;0;0;2;8;13;B01
201400046096;0;15;0;0;2;1;1;A01
201400046096;0;7;0;0;2;6;2;B01
201400046097;1;7;0;;1;0;0;Z01
201400046098;0;7;0;0;1;2;15;A01
201400046099;0;7;0;0;2;1;1;A01
201400046099;0;7;0;0;2;1;9;B01
201400046100;0;7;0;0;1;2;1;A01
201400046101;0;7;0;0;1;3;0;A01
201400046102;0;7;0;0;2;2;15;A01
201400046102;0;7;0;0;2;2;1;B01
201400046103;0;7;0;0;2;2;14;A01
201400046103;0;7;0;0;2;2;14;B01
201400046104;1;7;0;0;1;2;1;Z01
201400046105;0;7;0;0;2;2;1;A01
201400046105;0;7;0;0;2;3;9;B01
201400046106;0;7;0;0;1;3;1;A01
201400046107;0;7;0;0;1;3;15;A01
201400046108;0;7;0;0;2;3;1;B01
201400046108;0;7;0;0;2;8;9;A01
201400046109;0;7;0;14;2;3;9;B01
201400046109;0;32;0;0;2;1;3;A01
201400046110;0;7;0;0;1;1;1;A01
201400046111;0;7;0;0;2;3;21;A01
201400046111;1;7;0;0;2;0;0;Z01
201400046112;0;7;0;0;2;3;15;A01
201400046112;2;7;0;0;2;2;17;Z01
201400046113;0;7;0;0;1;1;16;A01
201400046114;0;7;0;0;2;4;2;A01
201400046114;0;7;0;0;2;1;1;B01
201400046115;0;7;0;0;1;3;1;A01
201400046116;0;7;0;0;2;4;2;A01
201400046116;0;7;0;0;2;1;1;B01
201400046117;0;7;0;15;1;5;4;A01
201400046118;0;33;0;16;0;9;1;A01
201400046119;0;7;0;0;1;1;1;A01
201400046120;0;7;0;0;1;4;2;A01
201400046120;0;7;0;0;2;1;2;B01
201400046121;0;7;0;0;2;3;1;B01
201400046121;0;7;0;9;2;1;1;A01
201400046122;0;7;0;0;2;4;2;B01
201400046122;0;10;0;14;0;1;1;A01
201400046123;0;7;0;0;2;1;1;B01
201400046123;0;7;0;0;2;8;1;A01
201400046124;0;7;0;0;1;3;1;A01
201400046125;0;7;0;0;2;1;1;B01
201400046125;0;7;0;0;2;1;5;A01
201400046126;0;7;0;4;0;2;14;A01
201400046127;0;7;0;0;2;1;5;A01
201400046127;0;7;0;0;2;3;1;B01
201400046128;0;7;0;0;1;1;1;A01
201400046129;0;7;0;0;1;1;1;A01
201400046130;0;7;0;0;1;1;1;A01
201400046131;0;7;0;0;2;4;2;B01
201400046131;0;7;0;0;2;1;1;A01
201400046132;2;30;0;0;1;1;1;Z01
201400046133;0;7;0;0;1;1;1;A01
201400046134;0;7;0;0;2;1;1;A01
201400046134;0;7;0;0;2;4;23;B01
201400046135;0;7;0;0;2;3;9;A01
201400046135;0;33;0;0;2;1;13;B01
201400046136;0;7;0;0;2;1;9;A01
201400046136;0;7;0;6;2;3;15;B01
201400046137;0;33;0;0;2;1;1;A01
201400046137;0;7;0;0;2;4;2;B01
201400046138;0;7;0;0;1;2;1;A01
201400046139;0;7;0;0;1;3;1;A01
201400046140;0;33;0;0;1;1;17;A01
201400046141;0;7;0;0;1;1;9;A01
201400046142;0;7;0;8;0;3;16;A01
201400046143;0;7;0;0;2;3;15;B01
201400046143;0;30;0;0;2;1;17;A01
201400046144;0;7;0;0;2;1;1;B01
201400046144;0;7;0;0;2;6;10;A01
201400046145;1;7;0;0;2;1;0;Z01
201400046145;0;7;0;0;2;8;1;A01
201400046146;0;7;0;0;1;1;11;A01
201400046147;0;30;0;0;2;1;13;A01
201400046147;0;7;0;0;2;3;1;B01
201400046148;0;7;0;0;2;1;1;B01
201400046148;0;7;0;0;2;3;15;A01
201400046149;0;7;0;0;1;2;1;A01
201400046150;0;7;0;0;1;3;1;A01
201400046151;0;7;0;0;2;1;1;B01
201400046151;0;7;0;0;2;1;5;A01
201400046152;0;30;0;0;2;1;1;B01
201400046152;0;7;0;0;2;3;15;A01
201400046153;0;7;0;0;2;3;15;B01
201400046153;0;7;0;0;2;3;1;C01
201400046153;0;33;0;0;2;1;17;A01
201400046154;0;7;0;0;2;8;13;A01
201400046154;0;7;0;0;2;8;1;B01
201400046155;0;7;0;0;0;3;0;B01
201400046155;0;7;0;0;0;2;0;A01
201400046156;0;33;0;11;0;1;1;A01
201400046157;0;7;0;0;0;4;23;A01
201400046157;0;7;0;0;2;1;2;B01
201400046158;0;7;0;4;0;3;15;A01
201400046159;0;7;0;2;0;8;1;A01
201400046160;0;7;0;0;2;2;2;B01
201400046160;0;7;0;14;2;4;21;A01
201400046161;0;10;0;3;0;3;1;A01
201400046162;0;7;0;0;0;5;0;B01
201400046162;0;7;0;0;2;1;19;A01
201400046163;0;7;0;6;0;1;17;A01
201400046164;0;7;0;6;0;1;0;A01
201400046165;0;31;0;16;0;8;1;A01
201400046166;0;7;0;0;2;1;2;C01
201400046166;0;7;0;0;2;1;1;B01
201400046166;0;7;0;0;2;4;2;A01
201400046167;0;7;0;1;0;8;24;A01
201400046167;0;7;0;1;0;6;20;B01
201400046168;0;7;0;0;2;1;1;A01
201400046168;0;7;0;0;2;4;2;B01
201400046169;0;7;0;0;2;1;0;B01
201400046169;0;7;0;0;2;8;23;A01
201400046170;0;32;0;12;0;5;16;A01
201400046171;0;7;0;3;0;1;1;A01
201400046172;0;7;0;6;0;8;1;A01
201400046173;0;7;0;3;0;2;2;A01
201400046174;0;7;0;13;0;2;1;A01
201400046175;0;33;0;0;0;0;1;A01
201400046175;0;7;0;0;0;3;1;B01
201400046176;0;37;5;2;0;1;6;A01
201400046177;0;7;0;0;0;8;10;A01
201400046177;0;7;0;0;0;1;0;B01
201400046178;0;7;0;9;2;6;1;A01
201400046178;0;7;0;1;2;3;15;B01
201400046179;0;7;0;0;0;7;17;B01
201400046179;0;38;0;0;2;2;13;A01
201400046180;0;7;0;3;0;1;14;A01
201400046181;0;7;0;0;2;1;1;A01
201400046181;0;7;0;0;2;4;2;B01
201400046182;0;33;0;0;0;0;15;A01
201400046183;0;14;0;14;0;1;11;A01
201400046183;0;30;0;0;0;0;11;B01
201400046184;0;7;0;9;2;5;1;A01
201400046184;0;7;0;0;2;1;15;B01
201400046185;0;33;0;0;2;3;11;A01
201400046185;0;7;0;0;2;7;1;B01
201400046186;0;7;0;0;2;1;2;C01
201400046186;0;7;0;0;2;1;1;B01
201400046186;0;7;0;0;2;4;2;A01
201400046187;0;7;0;0;1;3;11;A01
201400046188;0;7;0;0;1;1;9;A01
201400046189;0;33;0;0;2;3;1;B01
201400046189;0;7;0;0;2;2;12;A01
201400046190;0;33;0;0;2;1;1;A01
201400046190;0;7;0;0;2;4;2;B01
201400046191;0;14;0;0;1;2;11;A01
201400046192;0;13;0;0;2;1;11;A01
201400046192;0;7;0;0;0;4;13;B01
201400046193;0;7;0;0;1;3;1;A01
201400046194;0;7;0;6;0;0;0;A01
201400046195;0;7;0;0;1;1;0;A01
201400046196;0;7;0;0;2;1;0;A01
201400046196;0;7;0;0;2;7;0;B01
201400046197;0;7;0;0;2;4;23;B01
201400046197;0;7;0;0;2;1;9;A01
201400046198;0;10;0;0;0;1;0;A01
201400046198;0;10;0;0;0;0;0;B01
201400046199;0;7;0;14;0;3;6;A01
201400046200;0;7;0;0;2;1;1;A01
201400046200;0;7;0;0;2;4;2;B01
201400046201;0;30;0;15;0;1;13;A01
201400046202;0;99;0;0;0;1;2;B01
201400046202;0;7;0;0;0;4;2;A01
201400046203;0;7;0;0;2;6;15;A01
201400046203;0;33;0;0;2;2;16;B01
201400046204;0;14;0;0;2;4;15;B01
201400046204;0;33;0;0;2;3;21;A01
201400046205;0;7;0;0;1;2;1;A01
201400046206;0;7;0;0;2;2;1;A01
201400046206;0;7;0;0;2;3;9;B01
201400046207;0;7;0;0;0;4;2;D01
201400046207;0;7;0;0;2;4;2;C01
201400046207;0;7;0;0;2;4;2;B01
201400046207;0;7;0;0;2;1;2;A01
201400046208;0;7;0;0;0;0;0;A01
201400046209;0;7;0;0;2;7;1;A01
201400046209;0;38;2;0;2;3;2;B01
201400046210;0;7;0;13;0;1;14;A01
201400046211;0;7;0;6;0;0;13;A01
201400046212;0;7;0;0;2;4;2;A01
201400046212;0;7;0;0;2;1;2;B01
201400046213;0;7;0;0;2;4;2;B01
201400046213;0;7;0;0;2;1;1;A01
201400046214;0;33;0;0;2;1;1;B01
201400046214;0;7;0;0;2;3;15;A01
201400046215;0;7;0;0;2;2;6;A01
201400046215;0;7;0;0;2;3;1;B01
201400046216;0;33;0;0;2;4;23;B01
201400046216;0;7;0;0;2;1;1;A01
201400046217;2;32;0;0;2;2;5;B01
201400046217;0;37;1;0;2;1;1;A01
201400046218;0;7;0;0;2;5;1;B01
201400046218;0;7;0;0;2;3;15;A01
201400046219;0;7;0;0;1;1;1;A01
201400046220;0;37;2;0;2;3;1;A01
201400046220;0;7;0;0;2;7;17;B01
201400046221;0;7;0;0;2;3;15;A01
201400046221;0;7;0;8;2;3;1;B01
201400046222;0;7;0;11;1;2;20;A01
201400046223;0;7;0;0;1;3;1;A01
201400046224;0;7;0;0;2;1;2;B01
201400046224;0;7;0;0;2;3;15;A01
201400046225;0;7;0;0;1;4;20;A01
201400046226;0;2;0;0;2;5;16;B01
201400046226;0;7;0;0;2;8;16;A01
201400046227;0;7;0;0;1;1;1;A01
201400046228;0;2;0;0;2;1;1;B01
201400046228;0;7;0;0;2;7;10;A01
201400046229;0;34;0;0;2;3;15;A01
201400046229;0;7;0;0;2;3;10;B01
201400046230;0;7;0;1;0;1;1;B01
201400046230;0;7;0;3;0;4;23;A01
201400046230;0;7;0;3;2;1;1;C01
201400046231;0;7;0;0;2;7;15;A01
201400046231;0;30;0;0;2;1;1;B01
201400046232;1;7;0;0;1;0;1;Z01
201400046233;1;7;0;0;2;3;9;Z01
201400046233;0;7;0;0;2;3;9;A01
201400046234;0;7;0;0;1;7;1;A01
201400046235;0;7;0;0;2;5;17;A01
201400046235;0;2;0;0;2;8;2;B01
201400046236;0;30;0;0;2;1;1;A01
201400046236;0;7;0;0;2;3;10;B01
201400046237;0;7;0;0;1;1;1;A01
201400046238;0;7;0;0;1;1;1;A01
201400046239;0;7;0;0;1;3;1;A01
201400046240;0;7;0;0;1;2;15;A01
201400046241;0;7;0;1;0;2;14;A01
201400046242;0;7;0;9;1;2;1;A01
201400046243;0;7;0;6;0;1;14;A01
201400046244;0;10;0;0;2;6;2;C01
201400046244;0;7;0;0;2;7;23;B01
201400046244;0;7;0;9;2;1;1;A01
201400046245;0;30;0;0;2;7;17;A01
201400046245;0;7;0;0;2;3;15;B01
201400046246;0;32;0;1;2;3;18;A01
201400046246;0;7;0;0;2;5;20;B01
201400046247;0;2;0;0;2;3;1;A01
201400046247;0;7;0;0;2;2;1;B01
201400046248;0;1;0;0;2;7;1;A01
201400046248;0;7;0;0;2;1;15;B01
201400046249;0;7;0;0;2;3;24;C01
201400046249;0;7;0;0;2;2;1;B01
201400046249;0;7;0;1;2;1;13;A01
201400046250;0;7;0;0;2;3;11;B01
201400046250;0;32;0;0;2;7;1;A01
201400046251;0;1;0;0;2;3;16;A01
201400046251;0;1;0;15;2;3;15;B01
201400046252;0;7;0;0;2;2;15;A01
201400046252;0;33;0;0;2;1;1;B01
201400046253;0;30;0;0;2;7;12;A01
201400046253;0;7;0;0;2;8;1;B01
201400046254;0;7;0;0;2;2;15;A01
201400046254;0;31;0;0;2;1;1;B01
201400046255;0;7;0;0;2;2;1;B01
201400046255;0;2;0;0;2;1;1;A01
201400046256;0;31;0;0;2;7;1;A01
201400046256;1;7;0;0;0;1;9;Z01
201400046257;0;7;0;14;2;1;1;A01
201400046257;0;7;0;0;2;4;2;B01
201400046258;0;33;0;0;2;1;1;B01
201400046258;0;7;0;0;2;8;15;A01
201400046259;0;7;0;0;2;2;15;A01
201400046259;0;2;0;0;2;1;1;B01
201400046260;0;31;0;16;0;8;14;A01
201400046261;0;7;0;0;1;2;1;A01
201400046262;0;2;0;0;2;7;1;C01
201400046262;0;7;0;0;2;2;1;B01
201400046262;0;7;0;0;2;2;5;A01
201400046263;0;7;0;0;1;1;1;A01
201400046264;1;7;0;0;1;0;1;Z01
201400046265;0;7;0;0;2;3;15;A01
201400046265;0;31;0;0;2;1;1;B01
201400046266;0;33;0;1;2;2;1;A01
201400046266;0;7;0;0;2;3;15;B01
201400046267;0;1;0;9;2;1;5;A01
201400046267;0;7;0;0;2;3;1;B01
201400046268;0;33;0;0;2;1;1;A01
201400046268;0;7;0;0;2;7;15;B01
201400046269;0;7;0;0;2;1;1;A01
201400046269;0;7;0;0;2;4;2;B01
201400046269;1;10;0;0;2;0;0;Z01
201400046270;0;7;0;0;1;2;1;A01
201400046271;0;7;0;0;2;3;15;A01
201400046271;0;33;0;0;2;3;1;B01
201400046272;0;7;0;0;2;2;1;B01
201400046272;0;7;0;0;2;8;10;A01
201400046273;0;10;0;0;1;1;1;A01
201400046274;0;33;0;0;1;2;1;A01
201400046275;0;7;0;0;1;3;1;A01
201400046276;0;7;0;0;0;3;1;A01
201400046277;0;7;0;0;2;1;2;A01
201400046277;0;7;0;0;2;4;23;B01
201400046277;0;7;0;0;2;4;23;C01
201400046278;0;7;0;6;0;1;0;A01
201400046279;0;7;0;0;2;1;2;A01
201400046279;0;7;0;0;2;4;1;B01
201400046280;0;7;0;0;1;3;1;A01
201400046281;0;7;0;3;2;1;13;A01
201400046281;0;7;0;0;2;1;1;B01
201400046282;0;7;0;0;2;4;1;A01
201400046282;0;2;0;0;2;1;1;B01
201400046283;0;7;0;0;2;3;15;A01
201400046283;0;31;0;0;2;1;1;B01
201400046284;1;32;0;0;1;1;1;Z01
201400046285;0;7;0;0;2;8;15;A01
201400046285;0;33;0;1;2;1;17;B01
201400046286;0;7;0;0;1;2;1;A01
201400046287;0;7;0;0;2;5;12;A01
201400046287;0;3;0;0;2;3;1;B01
201400046288;0;7;0;0;1;3;1;A01
201400046289;0;32;0;0;2;3;1;B01
201400046289;0;7;0;0;2;3;13;A01
201400046290;0;31;0;0;0;8;1;A01
201400046291;0;7;0;6;2;2;13;A01
201400046291;0;7;0;0;2;1;1;B01
201400046292;0;7;0;0;2;4;4;A01
201400046292;0;31;0;0;2;1;1;B01
201400046293;0;30;0;0;2;1;17;A01
201400046293;0;30;0;0;2;8;15;B01
201400046294;0;7;0;10;2;9;1;A01
201400046294;0;7;0;0;2;7;1;B01
201400046295;0;7;0;0;2;7;15;A01
201400046295;0;34;0;0;2;2;1;B01
201400046296;0;31;0;0;2;7;17;A01
201400046296;0;7;0;0;2;2;9;B01
201400046297;0;33;0;0;2;1;17;A01
201400046297;0;7;0;0;2;5;15;B01
201400046298;0;7;0;0;2;5;15;A01
201400046298;0;33;0;0;2;1;1;B01
201400046299;0;33;0;0;2;0;17;A01
201400046299;0;33;0;0;2;6;15;B01
201400046300;0;7;0;1;0;1;1;A01
201400046301;0;7;0;0;1;5;1;A01
201400046302;0;30;0;11;0;2;1;A01
201400046303;0;2;0;0;2;1;17;A01
201400046303;0;33;0;0;2;1;17;B01
201400046303;0;2;0;0;2;1;1;C01
201400046304;0;2;0;0;0;0;1;A01
201400046305;0;33;0;0;1;2;0;A01
201400046306;0;7;0;0;2;3;15;A01
201400046306;0;31;0;0;2;3;1;B01
201400046307;0;31;0;0;2;1;1;A01
201400046307;0;7;0;0;2;5;16;B01
201400046308;0;32;0;1;0;1;1;A01
201400046309;0;2;0;0;2;1;0;A01
201400046309;0;7;0;0;2;8;15;B01
201400046310;0;7;0;0;2;3;17;A01
201400046310;0;33;0;0;2;3;1;B01
201400046311;1;99;0;0;1;0;0;Z01
201400046312;0;7;0;1;2;2;9;B01
201400046312;1;7;0;0;2;4;0;Z01
201400046313;0;7;0;0;2;6;10;A01
201400046313;0;31;0;0;2;2;1;B01
201400046314;0;7;0;2;0;1;16;A01
201400046315;0;7;0;0;0;1;1;A01
201400046316;0;31;0;0;2;1;17;A01
201400046316;0;31;0;0;2;1;1;B01
201400046316;0;7;0;0;2;1;1;C01
201400046317;0;7;0;0;2;6;17;A01
201400046317;0;33;0;0;2;1;17;B01
201400046318;0;7;0;0;2;1;1;B01
201400046318;0;33;0;0;2;1;1;A01
201400046319;0;7;0;0;2;8;1;B01
201400046319;1;7;0;0;2;8;13;Z01
201400046320;0;7;0;0;2;8;15;A01
201400046320;0;34;0;0;2;1;17;B01
201400046321;1;7;0;;;;;A01
201400046321;0;7;0;0;2;3;1;B01
201400046322;0;7;0;0;2;2;9;A01
201400046322;0;33;0;0;2;1;1;B01
201400046323;0;7;0;8;0;1;1;A01
201400046324;0;7;0;0;1;1;1;A01
201400046325;0;30;0;0;2;1;5;A01
201400046325;0;7;0;0;2;3;1;B01
201400046326;0;2;0;0;0;1;1;A01
201400046327;0;7;0;0;1;1;1;A01
201400046328;0;7;0;0;2;3;9;A01
201400046328;0;31;0;0;2;1;1;B01
201400046329;0;7;0;0;2;1;15;A01
201400046329;0;31;0;0;2;1;1;B01
201400046330;0;7;0;0;2;2;15;A01
201400046330;0;7;0;0;4;3;1;B01
201400046331;0;2;0;0;1;1;1;A01
201400046332;0;7;0;1;1;1;15;A01
201400046333;0;7;0;0;2;1;13;A01
201400046333;0;7;0;0;2;1;1;B01
201400046334;0;31;0;0;5;0;1;A01
201400046335;0;7;0;0;2;1;1;A01
201400046335;0;7;0;0;2;4;23;B01
201400046336;0;7;0;1;0;2;1;A01
201400046337;0;7;0;0;2;1;2;A01
201400046337;0;7;0;3;2;4;2;B01
201400046338;0;33;0;0;2;1;1;B01
201400046338;0;7;0;0;2;8;9;A01
201400046339;0;7;0;0;1;1;1;A01
201400046340;0;30;0;0;1;1;1;A01
201400046341;0;33;0;15;0;8;1;A01
201400046342;0;32;0;0;2;1;1;A01
201400046343;0;7;0;0;2;3;1;B01
201400046343;0;7;0;0;2;3;13;A01
201400046344;0;7;0;0;2;1;2;A01
201400046344;0;30;0;0;2;5;23;B01
201400046345;0;7;0;2;0;1;13;A01
201400046346;0;7;0;0;0;3;1;A01
201400046346;0;30;0;0;2;2;1;B01
201400046347;0;2;0;0;1;1;1;A01
201400046348;0;1;0;0;1;0;0;A01
201400046349;0;7;0;0;2;1;1;B01
201400046349;0;31;0;0;2;8;2;A01
201400046349;0;31;0;0;2;8;1;C01
201400046350;0;7;0;0;1;4;4;A01
201400046351;0;30;0;7;0;1;1;A01
201400046352;0;7;0;2;2;2;2;A01
201400046352;0;33;0;2;2;3;2;B01
201400046353;0;33;0;0;2;1;1;B01
201400046353;0;10;0;0;2;3;13;A01
201400046354;0;1;0;0;1;1;1;A01
201400046355;0;7;0;0;2;1;15;A01
201400046355;0;1;0;0;2;2;1;B01
201400046356;0;7;0;0;1;1;1;A01
201400046357;0;1;0;0;2;1;1;A01
201400046357;0;37;1;0;2;6;1;B01
201400046358;0;30;0;1;0;2;14;A01
201400046359;0;7;0;0;2;2;15;A01
201400046359;0;33;0;0;2;6;1;B01
201400046360;0;30;0;0;2;3;9;B01
201400046360;0;10;0;0;2;5;1;A01
201400046361;0;30;0;0;2;1;13;A01
201400046361;0;34;0;0;2;1;7;B01
201400046362;0;1;0;0;0;0;0;B01
201400046362;0;7;0;1;0;8;22;A01
201400046363;1;7;0;0;1;1;1;Z01
201400046364;0;7;0;0;1;1;2;A01
201400046365;0;7;0;0;1;1;1;A01
201400046366;0;7;0;8;0;1;13;A01
201400046367;0;30;0;0;2;1;5;A01
201400046367;0;7;0;0;2;1;1;B01
201400046368;0;1;0;0;2;7;15;A01
201400046368;0;33;0;0;9;1;1;B01
201400046369;0;7;0;12;2;1;3;A01
201400046369;0;7;0;9;2;4;1;C01
201400046369;0;7;0;8;2;3;1;B01
201400046370;0;7;0;0;1;8;1;A01
201400046371;0;33;0;0;2;4;1;A01
201400046371;1;7;0;0;2;2;2;Z01
201400046371;0;10;0;0;2;1;2;B01
201400046372;0;31;0;0;2;8;21;B01
201400046372;0;7;0;0;2;5;1;A01
201400046373;0;7;0;0;2;4;1;A01
201400046373;0;7;0;0;2;9;2;C01
201400046373;0;7;0;0;2;1;2;D01
201400046373;0;7;0;0;2;9;2;B01
201400046374;0;7;0;0;2;1;0;A01
201400046375;0;33;0;0;2;1;1;C01
201400046375;0;13;0;0;2;2;18;A01
201400046375;0;7;0;0;2;8;1;B01
201400046376;0;7;0;0;0;8;1;B01
201400046376;0;7;0;0;2;7;17;A01
201400046377;2;7;0;0;0;1;2;C01
201400046377;0;7;0;0;0;4;2;B01
201400046377;0;7;0;0;0;4;1;A01
201400046378;0;7;0;4;0;3;21;A01
201400046379;0;7;0;0;2;1;11;B01
201400046379;0;7;0;0;0;2;2;A01
201400046380;0;17;0;0;2;0;0;C01
201400046380;0;7;0;0;2;0;0;B01
201400046380;0;7;0;0;2;0;0;A01
201400046381;0;7;0;0;2;1;2;B01
201400046381;0;7;0;0;2;4;1;A01
201400046382;0;7;0;0;2;4;11;A01
201400046382;2;7;0;0;2;1;0;B01
201400046383;0;7;0;0;2;4;2;C01
201400046383;0;7;0;0;2;4;2;B01
201400046383;0;7;0;0;2;1;2;A01
201400046384;0;15;0;0;2;1;2;D01
201400046384;0;7;0;0;2;9;2;B01