num_acc;senc;catv;occutc;obs;obsm;choc;manv;num_veh
201400046384;0;7;0;0;2;9;2;C01
201400046384;0;7;0;0;2;4;1;A01
201400046385;0;7;0;0;2;1;2;B01
201400046385;0;10;0;0;2;1;2;E01
201400046385;0;7;0;0;2;4;2;C01
201400046385;0;7;0;0;0;4;2;A01
201400046385;0;7;0;0;2;1;2;D01
201400046386;0;7;0;4;0;1;1;A01
201400046387;0;7;0;4;0;1;14;A01
201400046388;0;7;0;0;2;1;2;B01
201400046388;0;7;0;0;2;4;23;A01
201400046389;0;7;0;4;0;1;0;A01
201400046390;0;7;0;4;0;1;1;A01
201400046391;0;33;0;0;2;3;13;A01
201400046391;0;15;0;0;2;2;1;B01
201400046392;0;10;0;0;2;7;0;A01
201400046392;0;33;0;0;2;8;3;B01
201400046393;0;7;0;0;2;3;11;A01
201400046393;0;34;0;0;2;1;2;B01
201400046394;0;7;0;0;2;7;12;A01
201400046394;0;33;0;0;2;8;3;B01
201400046395;0;7;0;9;0;7;0;A01
201400046396;0;33;0;0;2;7;1;B01
201400046396;0;7;0;0;2;8;11;A01
201400046396;0;32;0;0;2;2;1;C01
201400046397;0;33;0;3;0;1;1;A01
201400046398;0;7;0;0;2;6;1;B01
201400046398;0;15;0;0;2;2;12;A01
201400046399;0;10;0;0;2;2;1;B01
201400046399;0;7;0;3;2;8;11;A01
201400046400;0;32;0;0;0;1;2;B01
201400046400;0;7;0;0;2;4;1;A01
201400046401;0;7;0;0;0;4;2;A01
201400046401;0;7;0;0;0;4;2;D02
201400046401;0;10;0;0;0;1;2;F01
201400046401;0;7;0;0;0;4;2;C01
201400046401;0;7;0;0;0;4;2;B01
201400046401;0;10;0;0;0;4;2;E01
201400046402;0;7;0;0;2;1;2;C01
201400046402;0;7;0;0;2;1;2;B01
201400046402;0;7;0;0;2;4;2;A01
201400046403;0;33;0;0;0;6;0;B01
201400046403;0;7;0;0;0;7;12;A01
201400046404;0;7;0;0;0;1;2;B01
201400046404;0;7;0;0;0;5;2;A01
201400046405;0;7;0;0;0;3;2;A01
201400046405;1;7;0;0;0;0;2;Z01
201400046405;0;33;0;0;2;6;3;B01
201400046406;0;7;0;16;0;1;1;A01
201400046407;0;32;0;0;2;1;1;A01
201400046407;1;7;0;0;2;6;11;Z01
201400046408;0;7;0;0;2;7;17;A01
201400046408;0;7;0;4;2;8;13;B01
201400046409;0;7;0;0;2;1;2;A01
201400046409;0;7;0;0;2;9;23;C01
201400046409;0;7;0;0;2;4;23;E01
201400046409;0;7;0;0;2;9;23;B01
201400046409;0;7;0;0;2;9;23;D01
201400046410;0;10;0;0;2;1;2;B01
201400046410;0;7;0;0;2;4;1;A01
201400046411;0;7;0;0;2;2;21;A01
201400046411;0;7;0;0;2;6;1;B01
201400046412;0;7;0;0;2;4;23;A01
201400046412;0;7;0;0;2;1;2;D01
201400046412;0;7;0;0;2;9;23;B01
201400046412;0;7;0;0;2;9;23;C01
201400046413;0;7;0;3;0;9;0;A01
201400046414;0;7;0;0;2;1;2;B01
201400046414;0;7;0;0;0;4;2;A01
201400046415;0;10;0;0;2;3;11;A01
201400046415;0;33;0;0;2;2;3;B01
201400046416;0;7;0;0;2;3;11;C01
201400046416;0;7;0;0;2;1;2;A01
201400046416;0;7;0;3;2;5;2;B01
201400046417;0;7;0;0;2;1;1;B01
201400046417;0;7;0;0;2;4;2;A01
201400046418;0;10;0;0;0;1;2;B01
201400046418;0;7;0;0;2;4;2;A01
201400046419;0;7;0;0;0;1;1;B01
201400046419;0;7;0;0;0;4;1;A01
201400046420;0;31;0;0;2;3;3;A01
201400046420;0;7;0;0;2;5;12;B01
201400046421;0;7;0;0;2;3;1;B01
201400046421;0;7;0;0;2;3;21;C01
201400046421;0;7;0;4;2;9;17;A01
201400046422;0;10;0;0;2;2;1;C01
201400046422;0;7;0;0;2;7;1;A01
201400046422;0;17;0;0;2;2;12;B01
201400046423;0;33;0;0;2;1;2;B01
201400046423;0;7;0;0;2;6;1;A01
201400046424;0;7;0;0;2;8;1;A01
201400046424;0;17;0;0;2;2;12;B01
201400046425;0;10;0;0;2;5;12;A01
201400046425;0;33;0;0;2;1;21;B01
201400046426;0;31;0;14;0;1;1;A01
201400046427;0;7;0;4;0;3;2;A01
201400046428;0;7;0;0;2;2;12;A01
201400046428;0;30;0;0;2;1;3;B01
201400046429;0;7;0;0;0;4;2;A01
201400046429;0;33;0;0;2;1;2;B01
201400046430;0;7;0;0;2;1;2;A01
201400046430;0;7;0;0;2;4;2;C01
201400046430;0;7;0;0;2;4;2;B01
201400046431;0;33;0;0;2;7;1;A01
201400046431;0;7;0;0;2;8;11;B01
201400046432;0;7;0;0;2;8;11;B01
201400046432;0;33;0;0;2;7;1;A01
201400046433;0;7;0;0;2;4;1;A01
201400046433;2;7;0;0;2;1;2;Z01
201400046434;0;7;0;0;2;8;1;C01
201400046434;0;7;0;0;2;2;14;B01
201400046434;0;33;0;0;2;3;3;A01
201400046435;0;7;0;0;0;1;11;B01
201400046435;0;7;0;0;0;5;1;A01
201400046436;0;7;0;0;2;4;4;B01
201400046436;0;10;0;0;2;1;17;A01
201400046437;0;34;0;0;0;8;1;A01
201400046438;0;7;0;13;0;1;13;A01
201400046439;0;7;0;0;2;4;23;B01
201400046439;0;7;0;0;2;1;0;A01
201400046440;0;7;0;4;0;1;1;A01
201400046441;0;7;0;3;0;7;14;A01
201400046442;0;7;0;0;2;1;2;A01
201400046442;0;7;0;3;2;4;2;B01
201400046443;0;7;0;0;0;4;1;A01
201400046443;0;7;0;14;2;1;1;D01
201400046443;0;7;0;14;2;1;1;C01
201400046443;0;7;0;14;2;1;1;B01
201400046443;0;7;0;14;2;1;1;E01
201400046444;0;31;0;0;0;7;21;A01
201400046445;0;7;0;4;0;1;0;A01
201400046446;0;33;0;4;0;3;1;A01
201400046447;0;7;0;3;0;7;1;A01
201400046448;0;7;0;6;0;9;21;A01
201400046449;0;32;0;0;0;0;1;A01
201400046450;0;15;0;0;2;2;12;B01
201400046450;0;7;0;0;0;8;1;A01
201400046451;0;33;0;0;2;1;2;C01
201400046451;0;7;0;0;0;1;2;B01
201400046451;0;10;0;0;0;4;2;A01
201400046452;0;10;0;0;2;8;13;A01
201400046452;0;32;0;0;2;7;3;B01
201400046453;0;7;0;0;2;7;12;A01
201400046453;0;31;0;0;2;8;3;B01
201400046454;0;17;0;0;2;4;1;A01
201400046454;0;14;0;0;2;1;2;B01
201400046455;0;15;0;0;2;1;0;A01
201400046455;0;7;0;0;2;8;3;B01
201400046456;0;7;0;0;2;6;11;A01
201400046456;0;31;0;0;2;1;3;B01
201400046457;0;33;0;0;2;8;1;A01
201400046457;0;7;0;0;2;3;11;B01
201400046458;0;33;0;0;2;2;21;A01
201400046458;0;7;0;0;2;3;1;B01
201400046458;0;7;0;0;0;0;9;C01
201400046459;0;7;0;0;2;4;1;A01
201400046459;0;7;0;0;2;9;2;B01
201400046459;0;31;0;0;2;9;2;C01
201400046459;0;7;0;0;2;9;2;D01
201400046459;0;7;0;0;2;1;2;E01
201400046460;0;7;0;0;2;4;1;A01
201400046460;0;33;0;0;2;1;2;B01
201400046461;0;7;0;4;0;3;13;A01
201400046461;0;7;0;1;0;3;21;B01
201400046461;0;7;0;3;0;7;21;C01
201400046461;0;7;0;0;2;4;2;D01
201400046461;0;7;0;3;1;3;21;F01
201400046461;0;10;0;0;2;3;1;G01
201400046462;0;7;0;15;0;1;14;A01
201400046463;0;7;0;0;2;4;23;A01
201400046463;0;7;0;0;2;9;23;B01
201400046463;0;7;0;0;2;1;2;C01
201400046464;0;7;0;0;2;1;2;A01
201400046464;0;7;0;0;2;4;2;B01
201400046464;0;7;0;0;0;4;2;C01
201400046465;0;7;0;0;2;8;2;B01
201400046465;0;15;0;0;2;1;12;A01
201400046465;0;7;0;0;2;1;2;C01
201400046466;0;7;0;0;2;1;2;A01
201400046466;0;7;0;0;2;9;23;B01
201400046466;0;7;0;0;2;4;23;C01
201400046467;0;7;0;0;2;9;12;A01
201400046467;0;33;0;0;2;1;3;B01
201400046467;0;33;0;0;2;1;1;C01
201400046468;0;7;0;0;2;8;1;A01
201400046468;0;7;0;0;2;7;1;B01
201400046468;0;33;0;0;2;9;3;C01
201400046468;0;7;0;0;2;7;1;D01
201400046469;0;7;0;0;2;4;23;A01
201400046469;0;7;0;0;2;1;2;B01
201400046470;0;7;0;0;0;6;1;A01
201400046470;0;14;0;0;2;2;12;B01
201400046471;0;33;0;0;2;1;3;B01
201400046471;0;7;0;0;2;4;12;A01
201400046472;0;10;0;4;0;1;1;A01
201400046473;0;33;0;12;0;8;17;A01
201400046474;0;7;0;0;2;4;2;B01
201400046474;0;10;0;0;2;4;2;A01
201400046474;0;15;0;0;2;1;2;C01
201400046475;0;7;0;0;2;4;1;A01
201400046475;0;7;0;0;2;1;2;B01
201400046476;0;10;0;0;2;4;1;A01
201400046476;0;10;0;0;2;1;2;B01
201400046477;0;7;0;3;2;1;0;A01
201400046477;0;7;0;3;2;7;9;B01
201400046478;0;7;0;0;2;4;1;A01
201400046478;0;7;0;0;2;9;2;B01
201400046478;0;7;0;0;2;9;2;C01
201400046478;0;7;0;0;2;1;2;D01
201400046479;0;10;0;0;2;9;2;A01
201400046479;0;10;0;0;2;4;23;B01
201400046479;0;10;0;0;2;9;23;C01
201400046479;0;10;0;0;2;9;23;D01
201400046479;0;7;0;0;2;4;23;E01
201400046480;0;7;0;0;2;4;1;A01
201400046480;0;7;0;0;2;1;2;B01
201400046481;0;7;0;0;2;4;17;A01
201400046481;0;33;0;0;2;1;1;B01
201400046482;0;7;0;0;2;8;11;A01
201400046482;0;33;0;0;2;7;3;B01
201400046483;0;33;0;0;2;8;3;A01
201400046483;0;7;0;0;2;2;12;B01
201400046484;0;7;0;6;2;2;2;A01
201400046484;0;10;0;0;2;4;1;B01
201400046485;0;7;0;0;2;4;1;A01
201400046485;0;7;0;0;2;1;2;B01
201400046486;0;33;0;14;2;1;12;A01
201400046486;0;14;0;0;2;5;1;B01
201400046487;0;7;0;0;0;2;0;A01
201400046488;0;7;0;0;2;6;1;A01
201400046488;0;33;0;0;2;1;2;B01
201400046489;0;7;0;0;2;4;1;A01
201400046489;0;7;0;0;2;1;2;B01
201400046490;0;14;0;0;1;2;1;A01
201400046491;0;7;0;3;0;0;1;A01
201400046492;0;7;0;0;0;2;12;A01
201400046492;0;33;0;0;0;8;1;B01
201400046493;0;33;0;0;2;1;2;B01
201400046493;0;33;0;0;2;1;2;C01
201400046493;0;7;0;0;2;4;11;A01
201400046494;0;33;0;0;2;1;3;B01
201400046494;0;10;0;0;2;8;11;A01
201400046495;0;7;0;0;2;1;2;C01
201400046495;0;31;0;0;2;1;2;B01
201400046495;0;7;0;0;0;4;2;A01
201400046496;0;10;0;13;0;2;14;A01
201400046497;0;7;0;0;2;5;3;A01
201400046497;0;33;0;0;2;2;3;B01
201400046498;0;33;0;0;2;1;3;A01
201400046498;0;7;0;0;2;4;11;B01
201400046499;0;33;0;0;2;7;3;A01
201400046499;0;31;0;0;2;8;13;B01
201400046500;0;7;0;0;0;9;1;A01
201400046501;0;33;0;0;1;3;21;A01
201400046502;0;7;0;0;2;5;12;A01
201400046502;0;32;0;0;2;3;3;B01
201400046503;0;33;0;6;0;8;1;A01
201400046504;0;7;0;0;2;7;12;A01
201400046504;0;33;0;0;2;3;3;B01
201400046505;0;7;0;0;2;4;23;A01
201400046505;0;10;0;0;2;9;23;B01
201400046505;0;15;0;0;2;1;2;C01
201400046506;0;15;0;0;2;7;12;A01
201400046506;0;7;0;3;2;9;1;B01
201400046507;0;7;0;0;2;4;23;A01
201400046507;0;7;0;0;2;4;23;C01
201400046507;0;7;0;0;2;4;23;B01
201400046507;0;7;0;0;2;1;2;D01
201400046508;0;7;0;0;2;3;1;B01
201400046508;0;15;0;0;2;2;12;C01
201400046508;0;7;0;0;2;8;9;A01
201400046509;0;7;0;0;2;2;12;A01
201400046509;0;33;0;0;2;3;2;B01
201400046510;0;7;0;0;2;1;2;A01
201400046510;0;7;0;0;2;6;1;C01
201400046510;0;7;0;0;2;5;1;B01
201400046511;0;33;0;0;2;3;3;B01
201400046511;0;7;0;0;2;4;12;A01
201400046512;0;7;0;0;2;1;12;B01
201400046512;0;7;0;0;2;4;2;A01
201400046513;0;33;0;0;0;1;21;A01
201400046514;0;7;0;0;2;4;1;A01
201400046514;0;7;0;0;2;1;2;B01
201400046514;0;7;0;0;2;9;2;C01
201400046515;0;7;0;0;1;1;1;A01
201400046516;1;15;0;0;2;6;1;Z01
201400046516;0;33;0;0;2;2;3;A01
201400046517;0;33;0;0;0;0;1;A01
201400046518;0;7;0;0;2;1;2;C01
201400046518;0;7;0;0;2;4;2;B01
201400046518;0;7;0;0;0;4;2;A01
201400046519;0;7;0;4;0;3;1;A01
201400046520;0;7;0;0;0;1;0;A01
201400046521;0;33;0;0;2;1;2;A01
201400046521;0;7;0;0;2;6;2;C01
201400046521;0;7;0;0;2;8;1;B01
201400046522;0;7;0;0;0;9;21;A01
201400046523;0;10;0;4;0;1;1;A01
201400046524;0;14;0;0;2;2;2;A01
201400046524;0;10;0;0;2;9;23;B01
201400046524;0;15;0;0;2;4;23;C01
201400046525;0;15;0;0;2;3;1;B01
201400046525;0;7;0;0;2;2;12;A01
201400046525;0;33;0;0;2;7;1;C01
201400046526;0;33;0;0;0;7;1;A01
201400046527;0;7;0;1;0;2;1;B01
201400046527;0;7;0;0;0;6;23;A01
201400046528;0;7;0;3;0;2;21;A01
201400046529;0;7;0;0;2;0;21;A01
201400046530;0;15;0;0;2;1;2;B01
201400046530;0;15;0;0;2;4;2;A01
201400046530;0;7;0;0;2;4;9;C01
201400046531;0;7;0;3;0;1;2;A01
201400046532;0;7;0;0;0;4;2;A01
201400046532;0;7;0;0;2;4;2;B01
201400046532;0;7;0;0;2;1;2;C01
201400046533;0;33;0;0;2;1;11;B01
201400046533;0;7;0;0;2;6;2;A01
201400046534;0;33;0;0;2;1;21;A01
201400046534;0;33;0;0;2;4;1;B01
201400046535;0;7;0;4;2;1;19;A01
201400046535;0;7;0;0;2;7;1;B01
201400046535;0;7;0;6;2;4;1;C01
201400046535;0;7;0;0;2;5;1;D01
201400046535;0;10;0;0;2;6;1;E01
201400046535;0;7;0;0;2;9;1;F01
201400046535;0;10;0;0;2;4;2;G01
201400046536;0;10;0;0;2;6;11;A01
201400046536;0;33;0;0;2;1;13;B01
201400046537;0;7;0;0;2;2;5;A01
201400046537;0;7;0;0;2;9;2;C01
201400046537;0;7;0;0;2;2;2;B01
201400046538;0;7;0;2;0;1;0;A01
201400046539;0;7;0;0;2;6;12;A01
201400046539;0;33;0;0;2;1;3;B01
201400046539;0;7;0;0;2;6;1;C01
201400046540;0;7;0;14;2;1;12;A01
201400046540;0;7;0;6;2;4;1;B01
201400046541;0;10;0;0;2;1;2;A01
201400046541;0;10;0;0;2;4;2;C01
201400046541;0;7;0;0;2;4;2;B01
201400046542;0;7;0;0;9;0;2;B01
201400046542;1;7;0;0;0;9;0;A01
201400046543;0;32;0;0;0;7;1;A01
201400046544;0;10;0;4;0;2;1;A01
201400046545;0;7;0;0;0;4;2;D01
201400046545;0;7;0;0;0;4;2;C01
201400046545;0;7;0;0;0;4;1;A01
201400046545;0;7;0;0;0;4;2;B01
201400046545;0;7;0;0;0;1;2;E01
201400046546;0;7;0;0;0;5;2;B01
201400046546;0;33;0;2;2;1;11;A01
201400046547;0;7;0;0;2;4;12;A01
201400046547;0;33;0;0;2;1;3;B01
201400046548;0;7;0;16;0;9;0;A01
201400046549;0;34;0;0;2;2;0;A01
201400046549;0;15;0;0;2;3;1;B01
201400046550;0;7;0;0;2;1;14;B01
201400046550;0;33;0;0;2;2;14;A01
201400046550;0;7;0;0;0;5;2;C01
201400046551;0;10;0;0;2;6;11;A01
201400046551;0;10;0;0;2;2;13;B01
201400046551;0;32;0;0;2;7;3;C01
201400046552;0;33;0;0;2;7;1;A01
201400046552;0;7;0;0;2;8;11;B01
201400046552;0;7;0;0;2;4;1;C01
201400046553;0;13;0;0;2;1;2;A01
201400046553;0;7;0;0;0;4;1;B01
201400046554;0;7;0;0;2;1;12;A01
201400046554;0;7;0;0;2;4;1;B01
201400046555;0;7;0;0;2;1;2;C01
201400046555;0;7;0;0;2;4;2;A01
201400046555;0;7;0;0;2;4;2;B01
201400046556;0;7;0;0;2;6;2;B01
201400046556;0;7;0;0;2;4;2;A01
201400046557;0;7;0;0;2;8;11;A01
201400046557;0;33;0;0;2;1;3;B01
201400046557;0;7;0;0;2;4;1;C01
201400046558;0;15;0;0;2;2;12;A01
201400046558;0;7;0;0;2;6;1;B01
201400046559;0;34;0;0;2;2;3;A01
201400046559;0;7;0;0;2;3;11;B01
201400046559;0;7;0;0;2;7;1;C01
201400046560;0;7;0;0;2;4;1;A01
201400046560;0;7;0;0;2;1;9;B01
201400046561;0;7;0;0;2;2;12;A01
201400046561;0;31;0;0;2;3;21;B01
201400046562;0;33;0;0;2;3;3;B01
201400046562;0;10;0;0;2;8;12;A01
201400046563;0;7;0;13;0;1;0;A01
201400046564;0;7;0;4;0;8;1;A01
201400046565;0;14;0;0;2;1;2;C01
201400046565;0;14;0;0;0;4;2;A01
201400046565;0;7;0;0;2;4;2;B01
201400046566;0;7;0;0;0;2;2;A01
201400046566;0;15;0;0;0;0;2;B01
201400046567;0;13;0;0;2;1;2;A01
201400046567;0;7;0;0;2;6;11;B01
201400046568;0;7;0;0;2;3;1;A01
201400046568;0;7;0;0;2;7;17;B01
201400046569;0;7;0;0;0;0;14;A01
201400046569;0;33;0;4;0;9;21;B01
201400046570;0;7;0;0;2;5;12;A01
201400046570;0;33;0;0;2;1;3;B01
201400046571;0;7;0;3;0;9;9;A01
201400046572;0;7;0;4;2;2;1;A01
201400046572;0;15;0;0;2;8;1;B01
201400046573;0;10;0;0;2;5;1;A01
201400046573;0;33;0;0;2;1;12;B01
201400046574;0;33;0;0;2;8;0;B01
201400046574;0;7;0;0;2;7;12;A01
201400046575;0;7;0;0;2;1;12;A01
201400046575;0;33;0;0;2;1;3;B01
201400046576;0;7;0;0;2;1;2;A01
201400046576;0;7;0;0;2;9;23;B01
201400046576;0;7;0;0;2;9;23;C01
201400046576;0;7;0;0;2;4;23;D01
201400046577;0;7;0;0;2;4;23;A01
201400046577;0;7;0;0;2;9;23;B01
201400046577;0;7;0;0;2;9;23;C01
201400046577;0;7;0;0;2;1;2;D01
201400046578;0;7;0;0;2;6;1;A01
201400046578;0;17;0;0;2;1;2;B01
201400046579;0;32;0;0;9;0;3;A01
201400046579;0;7;0;0;2;6;23;B01
201400046580;0;15;0;4;0;3;1;A01
201400046581;0;7;0;0;2;1;2;A01
201400046581;0;10;0;0;2;4;2;B01
201400046582;0;10;0;0;2;7;12;A01
201400046582;0;31;0;0;2;8;3;B01
201400046583;0;33;0;0;2;7;1;B01
201400046583;0;7;0;0;2;6;1;A01
201400046584;0;7;0;0;2;6;11;A01
201400046584;0;33;0;0;2;1;3;B01
201400046585;0;7;0;4;0;7;1;A01
201400046586;0;7;0;3;0;1;1;A01
201400046587;0;15;0;0;2;2;12;B01
201400046587;0;7;0;0;0;8;1;A01
201400046588;0;7;0;0;0;4;23;A01
201400046588;0;10;0;0;2;1;2;B01
201400046589;0;7;0;3;0;1;13;A01
201400046590;0;7;0;0;2;6;1;A01
201400046590;0;32;0;0;2;1;12;B01
201400046591;0;7;0;3;0;8;1;A01
201400046592;0;7;0;4;0;7;1;A01
201400046593;0;7;0;0;2;2;12;A01
201400046593;0;33;0;0;2;9;3;B01
201400046593;0;7;0;0;2;4;1;C01
201400046594;0;7;0;0;2;2;12;A01
201400046594;0;33;0;0;2;9;3;B01
201400046594;0;10;0;0;2;6;1;C01
201400046595;0;34;0;0;2;1;18;A01
201400046595;0;10;0;0;2;6;23;B01
201400046596;0;33;0;0;0;7;3;A01
201400046597;0;7;0;4;0;1;1;A01
201400046598;0;7;0;0;2;2;12;A01
201400046598;0;31;0;0;2;9;3;B01
201400046598;0;33;0;0;2;1;1;C01
201400046599;0;7;0;0;0;4;2;A01
201400046599;0;7;0;0;2;1;2;B01
201400046600;0;33;0;0;2;1;3;B01
201400046600;0;33;0;0;0;4;3;A01
201400046601;0;7;0;0;2;8;1;A01
201400046601;1;17;0;0;2;2;12;Z01
201400046602;0;7;0;0;2;7;12;A01
201400046602;0;33;0;0;2;8;3;B01
201400046603;0;7;0;0;2;6;1;A01
201400046603;0;33;0;0;2;2;1;B01
201400046604;0;33;0;0;0;0;3;A01
201400046605;0;7;0;0;2;1;2;B01
201400046605;0;7;0;0;0;4;2;A01
201400046606;0;33;0;0;2;8;3;A01
201400046606;0;13;0;0;2;6;1;B01
201400046606;1;7;0;0;2;7;1;Z01
201400046607;0;33;0;0;2;1;1;A01
201400046607;1;7;0;0;2;6;11;Z01
201400046608;0;7;0;0;2;4;11;A01
201400046608;0;33;0;0;2;1;3;B01
201400046609;0;10;0;0;2;4;1;A01
201400046609;0;14;0;0;2;1;2;B01
201400046610;0;7;0;0;2;4;1;A01
201400046610;0;33;0;0;2;9;2;B01
201400046610;0;10;0;0;2;2;1;C01
201400046611;1;99;0;0;1;0;0;Z01
201400046612;0;33;0;3;0;1;1;A01
201400046613;0;7;0;0;2;4;1;A01
201400046613;0;7;0;0;2;1;2;B01
201400046614;0;7;0;6;0;1;14;A01
201400046615;0;7;0;13;0;2;0;A01
201400046616;0;15;0;0;2;6;11;B01
201400046616;0;33;0;0;2;1;1;A01
201400046617;0;7;0;0;2;5;12;A01
201400046617;0;33;0;0;2;1;1;B01
201400046618;0;33;0;0;2;0;3;A01
201400046618;0;7;0;0;0;8;1;C01
201400046618;0;7;0;0;0;7;12;B01
201400046619;0;33;0;0;2;1;3;A01
201400046619;0;33;0;0;2;4;1;B01
201400046620;0;34;0;0;2;2;3;A01
201400046620;0;7;0;0;2;8;11;B01
201400046621;0;7;0;0;2;6;11;A01
201400046621;0;32;0;0;2;2;11;B01
201400046622;0;7;0;0;2;4;23;A01
201400046622;0;7;0;0;2;9;23;B01
201400046622;0;7;0;0;2;9;23;C01
201400046622;0;7;0;0;2;9;23;D01
201400046622;0;7;0;0;2;9;23;E01
201400046622;0;38;1;0;2;1;2;F01
201400046623;0;7;0;3;0;3;2;A01
201400046624;0;38;34;0;2;1;2;B01
201400046624;0;15;0;0;2;4;2;A01
201400046625;0;7;0;0;0;0;0;A01
201400046626;0;10;0;4;0;3;0;A01
201400046627;0;7;0;0;2;4;1;A01
201400046627;0;7;0;0;2;9;2;B01
201400046627;0;7;0;0;2;1;2;C01
201400046628;0;15;0;0;0;0;13;A01
201400046628;0;32;0;0;2;3;3;B01
201400046628;0;7;0;0;2;5;1;C01
201400046629;0;17;0;0;2;4;2;C01
201400046629;0;17;0;0;0;4;1;A01
201400046629;0;10;0;0;2;4;2;B01
201400046629;0;17;0;0;2;1;2;D01
201400046630;0;7;0;0;2;3;1;B01
201400046630;0;10;0;0;2;7;1;A01
201400046630;0;14;0;0;2;2;14;C01
201400046631;0;7;0;0;2;4;2;B01
201400046631;0;7;0;0;2;1;2;A01
201400046631;0;7;0;0;2;4;2;C01
201400046632;0;7;0;0;2;4;23;A01
201400046632;0;7;0;0;2;9;2;B01
201400046632;0;34;0;0;2;1;2;C01
201400046633;0;31;0;0;2;3;3;A01
201400046633;0;7;0;0;2;5;12;B01
201400046634;0;10;0;0;0;1;2;C01
201400046634;0;7;0;0;0;4;2;A01
201400046634;0;7;0;0;0;4;2;B01
201400046635;0;15;0;0;2;2;1;B01
201400046635;0;7;0;0;2;8;17;C01
201400046635;0;7;0;0;2;6;9;A01
201400046635;0;10;0;0;2;1;17;D01
201400046636;0;7;0;5;0;1;1;A01
201400046637;0;17;0;0;0;0;1;A01
201400046637;0;7;0;4;0;0;1;B01
201400046638;0;7;0;0;2;6;11;A01
201400046638;0;31;0;0;2;1;3;B01
201400046639;0;7;0;4;0;1;1;A01
201400046640;0;17;0;3;2;8;1;A01
201400046640;0;10;0;0;2;8;1;C01
201400046640;0;10;0;0;2;8;1;B01
201400046641;0;7;0;0;2;1;14;A01
201400046641;0;7;0;0;2;8;1;B01
201400046642;1;15;0;0;2;8;2;Z01
201400046642;0;7;0;0;2;7;2;A01
201400046643;0;7;0;4;0;1;1;A01
201400046644;0;7;0;16;0;9;16;A01
201400046645;0;33;0;14;0;7;3;A01
201400046646;0;31;0;0;0;7;3;A01
201400046647;0;7;0;0;2;5;1;A01
201400046647;0;33;0;0;2;2;3;B01
201400046647;0;7;0;0;2;5;1;C01
201400046647;0;34;0;0;2;0;1;D01
201400046647;1;14;0;0;2;6;13;Z01
201400046648;0;7;0;4;2;3;21;A01
201400046648;0;10;0;0;2;1;1;B01
201400046649;0;7;0;0;2;7;12;A01
201400046649;0;31;0;0;2;8;3;B01
201400046650;0;7;0;0;2;4;1;A01
201400046650;0;7;0;0;2;9;2;B01
201400046650;0;38;10;0;2;1;2;C01
201400046651;2;7;0;4;0;8;1;A01
201400046652;0;7;0;0;2;3;1;A01
201400046652;0;7;0;0;2;2;1;B01
201400046652;1;7;0;0;2;8;18;Z01
201400046653;0;7;0;0;2;1;2;A01
201400046653;0;7;0;0;0;6;2;B01
201400046654;0;7;0;0;2;4;2;B01
201400046654;0;7;0;0;2;4;2;C01
201400046654;0;7;0;0;0;4;2;A01
201400046654;0;7;0;0;2;1;2;D01
201400046655;0;7;0;0;2;4;1;B01
201400046655;0;7;0;0;2;1;1;A01
201400046656;0;7;0;0;2;7;12;A01
201400046656;0;33;0;0;2;8;3;B01
201400046657;0;7;0;0;0;9;14;A01
201400046658;0;7;0;0;0;9;0;A01
201400046659;0;2;0;0;0;7;1;A01
201400046660;0;7;0;3;0;1;1;A01
201400046661;0;7;0;0;2;1;2;A01
201400046661;0;17;0;0;2;8;1;B01
201400046661;2;7;0;0;2;2;12;C01
201400046662;0;7;0;0;2;4;23;A01
201400046662;0;7;0;0;2;9;2;B01
201400046662;0;7;0;0;2;1;2;C01
201400046663;0;7;0;0;2;5;12;A01
201400046663;0;33;0;0;2;1;3;B01
201400046664;0;7;0;4;0;1;1;A01
201400046665;0;33;0;3;2;7;9;B01
201400046665;0;30;0;3;2;8;9;A01
201400046666;0;7;0;0;0;4;1;A01
201400046666;0;14;0;0;2;1;0;D01
201400046666;0;10;0;0;2;4;1;C01
201400046666;0;10;0;0;2;1;2;B01
201400046667;0;31;0;0;5;1;1;A01
201400046668;0;7;0;0;2;8;11;A01
201400046668;0;33;0;0;2;2;3;B01
201400046669;0;31;0;0;2;3;9;A01
201400046669;0;17;0;0;2;2;1;B01
201400046670;0;15;0;0;2;7;12;A01
201400046670;0;7;0;0;2;8;1;B01
201400046671;0;7;0;4;2;5;12;A01
201400046671;0;10;0;0;2;3;1;B01
201400046671;0;7;0;0;2;7;1;C01
201400046672;0;7;0;4;0;3;1;A01
201400046673;0;7;0;0;2;2;12;A01
201400046673;0;33;0;0;2;8;1;B01
201400046674;0;7;0;0;2;8;12;A01
201400046674;0;33;0;0;2;7;1;B01
201400046675;0;33;0;0;0;0;1;A01
201400046676;0;7;0;0;2;4;1;A01
201400046676;0;7;0;0;2;1;2;B01
201400046677;0;33;0;0;6;1;2;A01
201400046678;0;31;0;0;2;2;3;A01
201400046678;0;7;0;0;2;0;12;B01
201400046678;0;7;0;0;2;3;1;C01
201400046679;0;7;0;0;2;4;23;A01
201400046679;0;32;0;0;2;1;2;B01
201400046680;0;10;0;0;2;4;1;A01
201400046680;0;7;0;0;2;9;2;B01
201400046680;0;7;0;0;2;1;2;C01