num_acc;senc;catv;occutc;obs;obsm;choc;manv;num_veh
201400046681;0;7;0;0;2;4;23;A01
201400046681;0;7;0;0;2;9;23;B01
201400046681;0;7;0;0;2;9;23;C01
201400046681;0;7;0;0;2;9;23;D01
201400046681;0;7;0;0;2;9;23;E01
201400046681;0;7;0;0;2;1;2;F01
201400046682;0;31;0;0;2;1;2;A01
201400046682;0;7;0;0;2;9;2;B01
201400046682;0;7;0;0;2;4;1;C01
201400046683;0;7;0;4;0;1;1;A01
201400046684;0;7;0;0;2;1;2;A01
201400046684;0;7;0;0;2;4;1;B01
201400046685;0;7;0;4;2;4;1;A01
201400046685;0;7;0;0;2;1;2;B01
201400046686;0;10;0;0;2;0;1;A01
201400046686;0;17;0;0;2;5;2;B01
201400046687;0;33;0;0;2;1;3;A01
201400046687;0;7;0;0;2;4;0;B01
201400046688;0;7;0;0;2;7;16;A01
201400046688;0;32;0;0;2;8;18;B01
201400046689;0;7;0;0;0;2;0;A01
201400046690;0;7;0;0;2;2;1;A01
201400046690;0;32;0;0;2;3;3;B01
201400046691;0;33;0;0;0;8;1;A01
201400046692;0;7;0;0;2;7;12;A01
201400046692;0;14;0;0;2;6;11;B01
201400046692;0;15;0;0;2;5;1;C01
201400046693;0;33;0;0;0;8;21;A01
201400046694;0;7;0;0;2;8;1;A01
201400046694;0;17;0;0;2;2;12;B01
201400046695;0;7;0;0;0;3;0;A01
201400046696;0;7;0;4;2;1;2;A01
201400046696;0;7;0;0;2;4;1;B01
201400046696;0;7;0;12;2;6;21;C01
201400046697;0;34;0;0;2;8;1;A01
201400046697;0;7;0;0;2;7;12;B01
201400046698;0;7;0;0;2;7;12;A01
201400046698;0;33;0;0;2;1;3;B01
201400046699;0;7;0;0;2;1;2;B01
201400046699;0;7;0;0;0;4;1;A01
201400046700;0;7;0;4;0;3;1;A01
201400046701;0;7;0;0;0;0;0;D01
201400046701;0;7;0;0;0;0;0;C01
201400046701;0;7;0;0;0;0;0;B01
201400046701;0;33;0;0;0;0;0;A01
201400046702;0;7;0;0;0;4;2;A01
201400046702;0;7;0;0;2;1;2;C01
201400046702;0;7;0;0;2;1;2;B01
201400046703;0;7;0;0;2;3;11;A01
201400046703;0;31;0;0;2;5;3;B01
201400046704;0;33;0;0;0;2;1;A01
201400046705;0;7;0;0;0;4;1;A02
201400046705;0;7;0;0;2;1;2;F01
201400046705;0;7;0;0;0;4;2;B01
201400046705;0;7;0;0;2;6;2;E01
201400046705;0;7;0;0;0;4;2;D01
201400046705;0;7;0;0;0;4;2;C01
201400046706;0;7;0;0;2;3;1;B01
201400046706;0;17;0;0;2;2;12;A01
201400046707;0;14;0;0;2;6;11;B01
201400046707;0;33;0;0;2;2;1;A01
201400046708;0;7;0;0;2;2;0;A01
201400046708;0;7;0;0;2;6;2;B01
201400046709;0;7;0;1;0;1;1;A01
201400046709;0;15;0;0;0;0;24;B01
201400046710;0;7;0;0;2;8;11;B01
201400046710;0;34;0;0;2;1;3;A01
201400046710;0;10;0;0;2;8;1;C01
201400046711;0;7;0;0;1;1;2;C01
201400046711;0;7;0;0;0;0;1;A01
201400046711;0;7;0;0;1;1;2;B01
201400046712;0;7;0;0;2;7;1;C01
201400046712;0;7;0;0;2;4;1;A01
201400046712;0;7;0;0;2;1;2;B01
201400046713;0;33;0;0;2;7;1;A01
201400046713;0;7;0;0;2;3;13;B01
201400046714;0;7;0;0;2;1;9;B01
201400046714;0;7;0;0;2;6;2;A01
201400046715;0;33;0;0;2;2;3;B01
201400046715;0;7;0;0;2;8;11;A01
201400046716;0;7;0;11;0;3;1;A01
201400046717;0;33;0;0;0;7;1;A01
201400046718;0;33;0;0;0;1;17;A01
201400046719;0;7;0;0;2;1;2;A01
201400046719;0;7;0;0;2;4;23;B01
201400046720;0;7;0;0;2;1;2;A01
201400046720;0;10;0;0;2;4;23;B01
201400046721;0;7;0;4;0;1;1;A01
201400046722;0;7;0;0;2;1;11;B01
201400046722;0;34;0;0;2;6;3;A01
201400046723;0;7;0;0;2;7;12;A01
201400046723;0;32;0;0;2;8;3;B01
201400046724;0;34;0;0;2;8;3;A01
201400046724;1;7;0;0;2;7;12;Z01
201400046725;0;7;0;0;2;1;2;A01
201400046725;0;34;0;0;2;4;1;B01
201400046726;0;7;0;0;2;9;13;A01
201400046726;0;7;0;4;2;9;1;C01
201400046726;0;7;0;0;2;5;1;D01
201400046726;0;7;0;0;2;2;1;B01
201400046727;0;7;0;3;0;1;1;A01
201400046728;0;7;0;0;2;4;23;C01
201400046728;0;33;0;0;2;1;3;A01
201400046728;0;7;0;0;2;2;12;B01
201400046729;0;33;0;0;2;1;0;B01
201400046729;0;10;0;0;2;5;12;A01
201400046730;0;7;0;0;2;9;13;A01
201400046730;0;17;0;0;2;8;13;C01
201400046730;0;7;0;0;2;2;13;B01
201400046731;0;10;0;0;2;9;23;B01
201400046731;0;7;0;0;2;1;2;A01
201400046731;0;7;0;0;2;4;23;C01
201400046732;0;7;0;3;2;4;2;A01
201400046732;0;7;0;1;0;1;2;B01
201400046733;0;7;0;0;2;3;1;C01
201400046733;0;33;0;0;2;9;3;A01
201400046733;0;7;0;0;2;5;12;B01
201400046734;0;7;0;0;2;2;12;A01
201400046734;0;31;0;0;2;3;3;B01
201400046735;0;7;0;0;2;7;12;A01
201400046735;0;31;0;0;2;8;1;B01
201400046736;0;14;0;0;2;1;2;C01
201400046736;0;15;0;0;2;4;2;A01
201400046736;0;14;0;0;2;4;2;B01
201400046737;0;7;0;0;0;4;2;A01
201400046737;0;7;0;0;2;1;2;C01
201400046737;0;7;0;0;2;4;2;B01
201400046738;0;10;0;0;0;0;12;B01
201400046738;0;33;0;4;0;3;21;A01
201400046739;0;33;0;0;2;8;1;B01
201400046739;0;7;0;0;2;7;12;A01
201400046740;0;7;0;0;2;1;1;B01
201400046740;0;7;0;0;2;4;1;A01
201400046740;2;7;0;0;2;1;1;C01
201400046741;0;33;0;0;2;7;3;A01
201400046741;0;7;0;0;2;8;11;B01
201400046742;0;7;0;0;0;1;2;A01
201400046742;0;7;0;0;0;4;2;D01
201400046742;0;7;0;0;0;4;2;B01
201400046742;0;7;0;0;0;4;2;C01
201400046743;0;7;0;0;2;4;2;B01
201400046743;0;7;0;0;2;1;2;A01
201400046744;0;33;0;0;2;1;2;B01
201400046744;0;7;0;0;2;4;23;A01
201400046745;0;10;0;0;2;4;1;A01
201400046745;0;10;0;0;2;9;2;B01
201400046745;0;10;0;0;2;9;2;C01
201400046745;0;10;0;0;2;1;2;D01
201400046746;0;33;0;0;2;2;17;B01
201400046746;0;7;0;0;2;6;1;A01
201400046747;0;10;0;0;0;4;1;B01
201400046747;0;7;0;1;0;1;1;A01
201400046748;0;33;0;0;2;2;3;B01
201400046748;0;7;0;0;2;3;2;A01
201400046749;0;7;0;0;2;1;2;B01
201400046749;0;7;0;0;2;4;1;A01
201400046750;0;7;0;0;2;4;2;A01
201400046750;0;7;0;0;2;4;2;B01
201400046750;0;7;0;0;2;1;2;C01
201400046751;0;33;0;0;0;7;1;A01
201400046752;0;33;0;0;2;7;3;A01
201400046752;0;7;0;0;2;3;21;B01
201400046753;0;31;0;0;0;7;1;A01
201400046754;0;33;0;0;0;7;21;A01
201400046755;0;7;0;0;2;1;2;B01
201400046755;0;7;0;0;0;4;2;A01
201400046756;0;7;0;0;2;7;12;A01
201400046756;0;34;0;0;2;8;3;B01
201400046757;0;17;0;0;2;2;1;A01
201400046757;0;7;0;0;2;8;1;B01
201400046758;0;7;0;0;2;4;12;B01
201400046758;0;33;0;0;2;1;3;A01
201400046759;0;33;0;0;0;1;12;A01
201400046760;0;32;0;0;0;8;1;A01
201400046761;0;7;0;0;2;4;1;A01
201400046761;0;7;0;0;2;1;2;B01
201400046762;0;7;0;0;0;4;2;C01
201400046762;0;7;0;0;2;4;2;B01
201400046762;0;7;0;0;2;1;2;A01
201400046763;0;7;0;0;2;4;1;A01
201400046763;0;7;0;0;2;1;1;B01
201400046763;0;7;0;0;2;7;1;C01
201400046764;1;7;0;0;2;8;13;Z01
201400046764;0;31;0;0;2;7;3;A01
201400046765;0;7;0;4;0;1;13;A01
201400046766;0;33;0;0;2;8;1;B01
201400046766;0;7;0;0;2;7;12;A01
201400046767;0;33;0;0;0;7;1;A01
201400046768;0;7;0;0;0;4;2;B01
201400046768;2;7;0;0;2;1;2;A01
201400046769;0;33;0;4;0;3;1;A01
201400046770;0;10;0;0;2;1;2;E01
201400046770;0;7;0;0;2;1;2;C01
201400046770;0;7;0;0;2;1;1;B01
201400046770;0;7;0;0;2;1;2;D01
201400046770;0;7;0;0;2;8;13;A01
201400046771;0;7;0;4;2;2;14;B01
201400046771;0;7;0;4;0;4;1;A01
201400046772;0;15;0;0;2;1;2;B01
201400046772;0;7;0;0;0;4;2;A01
201400046773;1;7;0;0;2;8;11;Z01
201400046773;0;33;0;0;2;2;3;A01
201400046773;0;7;0;0;2;2;1;B01
201400046774;0;7;0;0;2;4;2;B01
201400046774;0;7;0;0;2;4;1;A01
201400046774;0;7;0;0;2;1;2;C01
201400046775;0;33;0;0;2;8;3;B01
201400046775;0;7;0;0;2;7;12;A01
201400046775;0;7;0;0;2;6;1;C01
201400046776;0;7;0;4;0;1;1;A01
201400046777;0;10;0;0;2;1;2;A01
201400046777;0;7;0;0;2;4;2;C01
201400046777;0;7;0;0;2;4;2;B01
201400046778;0;7;0;4;0;3;1;A01
201400046779;0;31;0;0;2;7;3;A01
201400046779;0;10;0;0;2;2;11;B01
201400046780;0;33;0;0;2;3;2;B01
201400046780;0;7;0;0;0;8;2;A01
201400046781;0;33;0;0;2;9;3;C01
201400046781;0;7;0;0;2;8;23;A01
201400046781;0;7;0;0;2;5;11;B01
201400046782;0;10;0;0;2;1;2;B01
201400046782;0;7;0;0;2;4;1;A01
201400046783;0;7;0;0;2;6;11;A01
201400046783;0;33;0;0;2;1;3;B01
201400046784;0;33;0;0;2;1;1;B01
201400046784;0;7;0;0;2;5;12;A01
201400046785;0;7;0;0;2;4;1;A01
201400046785;1;7;0;0;2;1;2;Z01
201400046786;0;7;0;1;0;2;1;A01
201400046786;0;7;0;0;0;6;0;B01
201400046787;0;7;0;4;0;3;1;A01
201400046788;0;10;0;0;2;1;2;B01
201400046788;0;7;0;0;2;4;23;A01
201400046789;0;31;0;0;2;2;3;B01
201400046789;0;10;0;0;0;3;1;A01
201400046790;1;7;0;0;2;7;11;Z01
201400046790;0;32;0;0;2;8;1;A01
201400046791;0;7;0;0;0;8;23;A01
201400046791;0;7;0;0;0;8;2;B01
201400046792;0;10;0;0;0;9;2;A01
201400046793;0;7;0;0;2;1;2;B01
201400046793;0;7;0;0;2;4;2;A01
201400046794;1;7;0;0;2;6;1;A01
201400046795;0;10;0;0;2;7;1;B01
201400046795;0;33;0;0;2;3;3;A01
201400046796;0;33;0;0;0;8;21;A01
201400046797;0;7;0;3;0;1;1;A01
201400046798;0;7;0;0;2;4;1;A01
201400046798;1;7;0;0;2;1;2;Z01
201400046799;0;7;0;0;0;4;1;A01
201400046799;0;7;0;0;2;1;2;B01
201400046800;0;7;0;0;2;5;1;A01
201400046800;0;32;0;0;2;1;3;B01
201400046801;0;7;0;0;0;8;1;A01
201400046801;0;7;0;0;0;7;1;B01
201400046801;0;7;0;0;0;6;1;C01
201400046801;0;31;0;0;2;2;21;D01
201400046802;0;7;0;0;2;3;11;A01
201400046802;0;34;0;0;2;7;1;B01
201400046803;0;7;0;0;2;1;5;A01
201400046803;0;7;0;0;0;0;2;C01
201400046803;0;7;0;0;2;1;2;B01
201400046804;0;33;0;0;2;1;2;C01
201400046804;0;7;0;0;2;4;2;A01
201400046804;0;7;0;0;2;1;2;B01
201400046805;0;33;0;3;0;1;1;A01
201400046806;0;33;0;0;2;9;3;A01
201400046806;0;7;0;0;2;5;1;B01
201400046806;0;10;0;0;2;3;1;C01
201400046807;0;7;0;4;0;1;14;A01
201400046808;0;10;0;0;2;4;1;A01
201400046808;0;7;0;0;2;9;2;B01
201400046808;0;7;0;0;2;1;2;C01
201400046809;0;15;0;0;2;1;2;B01
201400046809;0;33;0;0;2;4;9;A01
201400046810;0;13;0;0;2;2;12;A01
201400046810;0;7;0;0;2;6;1;B01
201400046810;0;33;0;0;2;1;2;C01
201400046810;0;31;0;0;2;4;23;D01
201400046811;0;7;0;0;2;2;2;A01
201400046811;0;7;0;0;2;4;2;B01
201400046811;0;7;0;0;2;9;2;C01
201400046812;0;14;0;0;2;1;2;C01
201400046812;0;99;0;0;2;4;2;B01
201400046812;0;7;0;0;2;4;2;A01
201400046813;0;7;0;0;2;7;2;B01
201400046813;0;32;0;0;0;7;2;A01
201400046814;0;7;0;0;2;1;2;A01
201400046814;0;7;0;0;2;4;23;B01
201400046815;0;7;0;4;0;3;1;A01
201400046816;0;7;0;14;2;1;2;C01
201400046816;0;7;0;14;2;1;0;D01
201400046816;0;7;0;14;2;1;2;B01
201400046816;0;7;0;0;0;4;2;A01
201400046817;0;7;0;4;2;6;1;A01
201400046817;0;17;0;0;2;2;12;B01
201400046818;0;7;0;0;2;6;1;A01
201400046818;0;15;0;0;2;2;12;B01
201400046818;0;7;0;0;2;1;1;C01
201400046819;0;10;0;0;2;1;2;A01
201400046819;0;17;0;0;0;4;2;B01
201400046820;0;31;0;0;2;9;3;A01
201400046820;0;7;0;0;2;1;11;B01
201400046820;0;7;0;0;2;4;1;C01
201400046821;0;15;0;0;2;8;11;B01
201400046821;0;33;0;0;2;7;1;A01
201400046822;0;7;0;0;2;6;11;A01
201400046822;0;33;0;0;2;7;3;B01
201400046823;0;33;0;0;0;0;3;A01
201400046824;0;33;0;0;2;8;1;A01
201400046824;0;7;0;0;2;2;12;B01
201400046825;0;7;0;4;0;3;21;A01
201400046826;0;7;0;0;2;3;11;A01
201400046826;0;34;0;0;2;9;3;B01
201400046826;0;7;0;0;2;5;1;C01
201400046827;0;7;0;3;0;3;17;A01
201400046828;0;33;0;0;0;7;21;A01
201400046829;0;10;0;3;0;1;0;C01
201400046829;0;17;0;3;0;1;21;A01
201400046829;0;17;0;3;0;8;0;D01
201400046829;0;10;0;3;0;1;0;B01
201400046830;0;33;0;0;2;1;3;B01
201400046830;0;7;0;0;2;8;11;A01
201400046831;0;33;0;0;2;1;3;A01
201400046831;0;7;0;0;2;4;1;B01
201400046832;0;33;0;0;2;9;3;A01
201400046832;0;7;0;0;2;8;11;B01
201400046832;0;7;0;0;2;4;1;C01
201400046833;0;7;0;0;2;9;2;A01
201400046833;0;7;0;0;2;5;1;B01
201400046833;0;7;0;0;2;9;1;C01
201400046833;0;10;0;0;2;7;2;D01
201400046833;0;34;0;0;2;9;3;E01
201400046834;0;7;0;0;2;4;23;A01
201400046834;0;7;0;1;2;9;1;B01
201400046834;0;7;0;0;2;7;1;C01
201400046834;0;7;0;0;2;7;1;D01
201400046835;0;7;0;0;2;1;2;A01
201400046835;0;7;0;0;0;4;0;B01
201400046836;0;10;0;0;2;4;2;A01
201400046836;0;10;0;0;0;1;2;B01
201400046837;0;31;0;0;2;1;2;A01
201400046837;0;7;0;0;2;6;1;B01
201400046838;0;7;0;0;0;2;12;A01
201400046838;0;7;0;0;0;8;1;C01
201400046838;0;7;0;0;0;8;1;D01
201400046838;0;32;0;0;2;1;3;B01
201400046839;0;7;0;0;2;1;2;C01
201400046839;0;10;0;0;2;6;2;A01
201400046839;0;7;0;0;2;4;2;B01
201400046840;0;7;0;0;0;0;11;A01
201400046840;0;33;0;0;0;8;3;B01
201400046841;0;15;0;0;2;4;23;A01
201400046841;0;7;0;1;2;2;14;B01
201400046842;0;7;0;3;0;1;1;A01
201400046843;0;33;0;0;2;8;3;A01
201400046843;0;10;0;0;2;2;22;B01
201400046844;0;7;0;0;2;1;0;A01
201400046844;0;15;0;0;2;4;0;B01
201400046845;0;10;0;0;2;4;1;A01
201400046845;0;7;0;0;2;9;2;B01
201400046845;0;7;0;0;2;1;2;C01
201400046846;0;32;0;16;0;8;1;A01
201400046846;0;10;0;0;0;0;11;B01
201400046847;0;7;0;15;0;1;16;A01
201400046848;0;10;0;0;2;4;1;A01
201400046848;0;7;0;0;2;1;2;B01
201400046849;0;10;0;0;2;7;12;A01
201400046849;0;33;0;0;2;8;3;B01
201400046850;0;10;0;0;2;2;2;A01
201400046850;0;10;0;0;2;9;1;B01
201400046850;0;7;0;0;2;1;1;C01
201400046850;0;10;0;0;2;1;1;D01
201400046850;0;7;0;14;0;1;1;E01
201400046850;0;7;0;14;0;1;1;F01
201400046851;0;7;0;0;2;6;11;A01
201400046851;0;31;0;0;2;2;3;B01
201400046852;0;31;0;0;0;2;1;A01
201400046853;0;33;0;0;2;1;1;B01
201400046853;0;7;0;0;2;4;1;A01
201400046854;0;7;0;0;2;8;1;A01
201400046854;0;7;0;0;2;7;12;B01
201400046855;0;7;0;0;2;2;1;A01
201400046855;0;7;0;0;2;8;1;B01
201400046855;1;7;0;0;2;3;13;Z01
201400046856;0;7;0;0;0;2;2;B01
201400046856;0;7;0;0;0;6;2;A01
201400046857;0;34;0;0;0;7;1;A01
201400046858;0;7;0;0;2;4;2;B01
201400046858;0;7;0;0;2;1;2;A01
201400046859;0;7;0;0;2;4;1;A01
201400046859;0;7;0;0;2;1;2;B01
201400046860;0;7;0;0;0;1;1;A01
201400046861;0;33;0;0;2;7;21;A01
201400046861;0;10;0;0;2;8;23;B01
201400046861;0;7;0;0;2;8;23;C01
201400046861;0;33;0;0;2;8;21;D01
201400046862;0;32;0;0;0;8;3;A01
201400046863;0;7;0;0;2;2;14;A01
201400046863;0;33;0;0;2;3;18;B01
201400046864;0;33;0;0;2;6;1;A01
201400046864;0;7;0;0;2;8;1;B01
201400046864;2;7;0;0;2;7;14;C01
201400046864;0;34;0;0;2;8;1;D01
201400046865;0;33;0;0;2;1;3;A01
201400046865;0;7;0;0;2;4;11;B01
201400046866;0;7;0;0;2;7;5;A01
201400046866;0;7;0;0;2;3;14;B01
201400046866;0;7;0;0;2;3;14;C01
201400046866;0;7;0;0;2;3;14;D01
201400046866;0;7;0;0;2;2;13;E01
201400046867;0;7;0;0;2;1;2;A01
201400046867;0;7;0;0;2;9;23;B01
201400046867;0;7;0;0;2;4;23;C01
201400046868;0;7;0;0;2;1;17;A01
201400046868;0;7;0;0;2;4;1;B01
201400046869;0;33;0;0;9;0;2;A01
201400046870;0;7;0;0;2;8;11;A01
201400046870;0;33;0;0;2;7;3;B01
201400046871;0;7;0;3;2;4;23;A01
201400046871;0;7;0;0;2;4;23;B01
201400046871;0;10;0;0;2;1;2;C01
201400046872;0;33;0;0;0;1;1;A01
201400046873;0;7;0;0;2;4;2;C01
201400046873;0;7;0;0;2;1;2;D01
201400046873;0;7;0;0;0;4;2;A01
201400046873;0;7;0;0;2;1;2;B01
201400046874;0;7;0;15;0;1;14;A01
201400046875;0;10;0;4;0;1;1;A01
201400046876;0;7;0;0;2;7;1;A01
201400046877;0;7;0;13;0;9;11;A01
201400046878;0;33;0;0;0;3;21;A01
201400046879;0;7;0;0;2;4;1;A01
201400046879;0;15;0;0;2;1;2;B01
201400046880;0;33;0;0;2;1;2;B01
201400046880;0;7;0;0;0;1;2;C01
201400046880;0;7;0;0;0;1;2;A01
201400046880;1;7;0;0;0;0;2;Z01
201400046881;0;7;0;4;0;1;2;A01
201400046882;0;7;0;0;0;4;1;A01
201400046882;1;7;0;0;2;1;0;Z01
201400046883;0;7;0;0;2;4;21;B01
201400046883;0;7;0;0;2;1;14;A01
201400046884;0;7;0;4;0;9;11;A01
201400046885;0;7;0;3;0;1;0;A01
201400046886;0;7;0;0;2;1;17;A01
201400046886;0;7;0;0;2;4;1;B01
201400046887;0;7;0;4;0;1;14;A01
201400046888;0;7;0;3;0;1;1;A01
201400046889;0;7;0;0;2;1;1;A01
201400046889;0;7;0;0;2;4;2;B01
201400046890;0;7;0;4;2;1;2;A01
201400046890;0;7;0;0;2;7;2;B01
201400046891;0;7;0;4;0;1;14;A01
201400046892;1;99;0;0;0;;;Z01
201400046892;0;7;0;0;0;0;0;A01
201400046893;0;7;0;5;0;3;13;A01
201400046894;0;10;0;0;2;7;12;A01
201400046894;0;15;0;0;2;3;2;B01
201400046895;0;7;0;3;0;3;13;A01
201400046896;0;7;0;0;2;4;1;C01
201400046896;0;7;0;0;2;1;1;A01
201400046896;0;13;0;0;2;9;1;B01
201400046897;0;7;0;0;2;4;1;A01
201400046897;1;14;0;0;2;1;2;Z01
201400046898;0;7;0;4;0;1;0;A01
201400046899;0;32;0;0;0;3;1;A01
201400046900;0;7;0;4;0;3;13;A01
201400046901;0;7;0;0;0;2;11;B01
201400046901;0;15;0;0;0;8;11;A01
201400046902;0;10;0;0;2;2;2;B01
201400046902;0;7;0;0;2;1;1;A01
201400046903;0;7;0;4;0;9;2;A01
201400046904;0;33;0;0;2;0;2;A01
201400046904;0;31;0;0;2;8;2;B01
201400046905;0;7;0;0;2;4;2;B01
201400046905;0;7;0;0;2;1;1;C01
201400046905;0;7;0;0;2;4;2;A01
201400046906;0;7;0;15;0;3;13;A01
201400046907;0;33;0;0;2;1;2;B01
201400046907;0;7;0;0;0;4;2;A01
201400046908;0;7;0;4;0;3;1;A01
201400046909;0;7;0;4;0;2;14;A01
201400046910;0;10;0;4;0;1;1;A01
201400046911;0;7;0;4;0;2;14;A01
201400046912;0;7;0;4;0;3;13;A01
201400046913;0;7;0;0;2;4;2;D01
201400046913;0;7;0;0;2;4;2;C01
201400046913;0;10;0;0;2;4;2;B01
201400046913;0;7;0;0;2;1;1;A01
201400046914;0;10;0;0;2;1;0;A01
201400046914;0;7;0;0;2;4;0;B01
201400046915;0;10;0;0;2;8;1;A01
201400046915;0;33;0;0;2;7;13;B01
201400046916;0;7;0;0;2;1;0;C01
201400046916;0;7;0;0;2;4;0;B01
201400046916;0;7;0;0;0;4;0;A01
201400046917;0;7;0;0;2;7;1;A01
201400046917;0;7;0;4;0;9;1;B01
201400046918;0;7;0;0;0;0;0;A01
201400046919;0;7;0;0;2;1;2;A01
201400046919;0;7;0;0;2;4;2;B01
201400046920;0;7;0;1;0;1;1;A01
201400046920;0;7;0;0;0;4;23;B01
201400046921;0;7;0;0;2;1;1;A01
201400046921;0;7;0;0;2;4;12;B01
201400046922;0;7;0;0;2;4;0;B01
201400046922;0;7;0;0;2;4;0;D01
201400046922;0;7;0;0;2;1;0;A01
201400046922;1;7;0;0;2;1;0;Z01
201400046922;0;7;0;0;2;4;0;E02
201400046922;0;7;0;0;2;4;0;C01
201400046923;0;7;0;0;2;1;1;E01
201400046923;0;7;0;0;2;9;2;D01
201400046923;0;7;0;0;2;9;2;B01
201400046923;0;7;0;0;2;4;2;A01
201400046923;0;7;0;0;2;9;2;C01
201400046924;0;7;0;0;2;2;12;A01
201400046924;0;33;0;0;2;3;3;B01
201400046925;0;33;0;0;2;6;2;B01
201400046925;0;7;0;0;2;2;1;A01
201400046926;0;33;0;16;0;9;1;A01
201400046927;0;33;0;0;2;7;1;B01
201400046927;0;7;0;0;2;8;1;A01
201400046928;0;31;0;0;0;8;21;A01
201400046929;0;33;0;0;2;1;0;A01
201400046930;0;33;0;0;0;0;0;A01
201400046931;0;15;0;0;2;2;1;A01
201400046931;0;7;0;0;2;8;11;B01
201400046931;0;34;0;0;2;1;3;C01
201400046932;0;7;0;0;0;0;0;A01
201400046933;0;33;0;3;0;2;14;A01
201400046934;0;7;0;0;0;4;2;B01
201400046934;0;15;0;0;2;2;2;A01
201400046935;0;33;0;0;0;0;0;A01
201400046936;0;10;0;3;0;3;13;A01
201400046937;0;7;0;0;0;0;0;B01
201400046937;0;34;0;0;0;0;0;A01
201400046938;0;7;0;16;0;9;0;A01
201400046939;0;7;0;4;0;2;0;A01
201400046940;0;7;0;16;0;9;1;A01
201400046941;0;31;0;0;2;8;0;A01
201400046941;0;13;0;0;2;2;0;B01
201400046942;0;7;0;0;1;2;1;A01
201400046943;0;34;0;0;0;0;0;A01
201400046943;0;7;0;0;0;0;0;B01
201400046944;0;7;0;0;2;4;2;B01
201400046944;0;7;0;0;2;1;2;A01
201400046945;0;7;0;0;2;4;0;A01
201400046945;1;7;0;0;2;2;0;Z01
201400046945;0;10;0;0;2;4;0;B01
201400046946;0;7;0;14;2;0;0;A01
201400046946;0;33;0;14;2;4;0;B01
201400046947;0;7;0;0;2;1;1;A01
201400046947;0;7;0;0;0;4;23;B01
201400046948;0;7;0;4;0;3;15;A01
201400046949;0;7;0;4;0;2;14;A01
201400046950;0;7;0;0;0;1;15;A01
201400046951;0;7;0;0;0;3;12;A01
201400046951;0;7;0;0;0;1;1;B01
201400046952;0;7;0;3;2;7;2;A01
201400046952;0;7;0;3;2;8;2;B01
201400046952;0;7;0;3;2;8;2;C01
201400046953;0;7;0;0;2;1;0;C01
201400046953;0;7;0;0;2;4;0;A01
201400046953;0;7;0;0;2;1;0;B01
201400046954;0;7;0;0;2;2;1;A01
201400046954;0;7;0;0;2;6;11;B01
201400046955;0;7;0;0;2;1;1;B01
201400046955;0;7;0;0;2;1;0;A01
201400046956;0;7;0;5;0;1;0;A01
201400046957;0;15;0;0;0;0;0;A01
201400046957;0;7;0;0;0;0;0;B01
201400046958;0;7;0;4;0;3;19;A01
201400046959;0;15;0;0;2;4;2;B01
201400046959;0;7;0;0;0;1;1;A01
201400046960;0;7;0;0;0;0;0;B01
201400046960;0;34;0;0;0;0;0;A01
201400046961;0;10;0;3;0;2;14;A01
201400046962;0;7;0;4;0;3;13;A01
201400046963;0;10;0;0;0;4;1;C01
201400046963;0;10;0;0;2;1;1;A01
201400046963;0;10;0;0;2;4;1;B01
201400046964;0;7;0;13;0;2;14;A01
201400046965;0;7;0;0;2;4;2;D01
201400046965;0;7;0;0;2;1;2;A01
201400046965;0;7;0;0;2;0;2;C01
201400046965;0;7;0;0;2;0;2;B01
201400046966;0;7;0;0;2;1;2;A01
201400046966;0;7;0;0;2;4;2;B01
201400046967;0;15;0;0;2;2;12;A01
201400046967;0;7;0;4;2;8;2;B01
201400046968;0;7;0;0;2;1;1;B01
201400046968;0;7;0;0;2;4;1;A01
201400046969;0;7;0;0;2;0;0;E01
201400046969;0;7;0;0;2;0;0;F01
201400046969;0;7;0;0;2;0;0;C01
201400046969;0;10;0;0;2;0;0;A02
201400046969;0;7;0;0;2;0;0;B01
201400046969;0;7;0;0;2;0;0;D01
201400046970;0;10;0;0;0;1;0;A01
201400046971;0;7;0;5;0;1;13;A01
201400046972;0;7;0;4;0;1;13;A01
201400046973;0;33;0;0;0;8;0;A01
201400046974;0;33;0;0;2;0;0;A01
201400046974;0;33;0;0;0;0;0;B01
201400046975;0;30;0;14;0;1;0;A01
201400046976;0;7;0;5;0;1;13;A01
201400046977;0;7;0;4;0;3;13;A01
201400046978;0;7;0;0;2;8;11;A01
201400046978;0;10;0;0;2;2;1;B01
201400046979;0;7;0;0;2;4;2;B01
201400046979;0;33;0;0;2;1;1;A01
201400046980;0;7;0;0;2;4;2;C01
201400046980;0;10;0;0;2;4;2;B01
201400046980;0;10;0;0;2;1;1;A01
201400046981;0;10;0;0;2;6;2;D01
201400046981;0;7;0;0;2;4;2;C01
201400046981;0;7;0;0;2;1;1;A01
201400046981;0;15;0;0;2;4;2;B01
201400046982;0;7;0;0;2;4;2;B01
201400046982;0;7;0;0;2;1;1;A01
201400046983;0;7;0;0;2;9;9;A01
201400046984;0;13;0;3;0;2;14;A01
201400046985;0;7;0;0;0;1;0;A01
201400046986;0;7;0;0;1;3;1;A01
201400046987;0;7;0;0;0;1;0;A01
201400046987;0;7;0;0;0;4;0;B01
201400046988;0;7;0;3;0;1;13;A01
201400046989;0;7;0;0;0;2;2;A01
201400046990;0;7;0;3;0;2;14;A01