num_acc;senc;catv;occutc;obs;obsm;choc;manv;num_veh
201400046991;0;7;0;0;2;4;0;B01
201400046991;0;7;0;0;2;1;0;A01
201400046992;0;7;0;0;2;9;0;C01
201400046992;0;7;0;0;2;1;0;A01
201400046992;0;7;0;0;2;4;0;B01
201400046993;0;7;0;0;2;8;11;B01
201400046993;0;7;0;0;2;7;1;A01
201400046994;0;7;0;0;2;5;0;C01
201400046994;0;7;0;0;2;2;0;B01
201400046994;0;7;0;0;2;3;0;A01
201400046995;0;7;0;0;2;1;0;A01
201400046995;0;10;0;0;2;9;0;B01
201400046995;0;7;0;0;2;4;0;C01
201400046996;0;33;0;3;0;0;0;A01
201400046997;0;7;0;0;2;0;0;A01
201400046997;0;7;0;0;2;1;2;C01
201400046997;0;7;0;0;2;1;2;B01
201400046998;0;7;0;0;2;8;2;B01
201400046998;0;15;0;0;2;4;2;C01
201400046998;0;7;0;0;2;2;14;A01
201400046999;0;7;0;3;0;3;0;A01
201400047000;0;7;0;0;2;8;2;A01
201400047000;0;15;0;0;2;2;12;B01
201400047001;0;33;0;0;2;1;3;A01
201400047001;0;7;0;0;0;5;0;B01
201400047002;0;7;0;0;2;2;1;B01
201400047002;0;33;0;0;2;8;1;A01
201400047003;0;7;0;0;0;1;2;A01
201400047004;0;7;0;0;2;4;2;B01
201400047004;0;7;0;0;2;1;1;A01
201400047005;0;7;0;0;2;1;2;A01
201400047006;0;7;0;0;0;4;1;B01
201400047006;0;7;0;0;0;1;0;C01
201400047006;0;7;0;0;0;8;0;A01
201400047007;1;99;0;0;2;2;0;Z01
201400047007;0;10;0;0;2;4;0;A01
201400047008;0;7;0;0;2;4;0;A01
201400047008;0;7;0;0;2;1;0;C01
201400047008;0;7;0;0;2;1;0;B01
201400047009;0;33;0;14;2;1;0;B01
201400047009;0;7;0;0;0;4;1;A01
201400047010;0;15;0;0;2;2;0;A01
201400047010;0;7;0;0;2;3;0;B01
201400047011;0;7;0;0;2;4;2;D01
201400047011;0;7;0;3;2;4;2;B01
201400047011;0;17;0;0;2;1;2;A01
201400047011;0;7;0;0;2;4;2;C01
201400047012;0;7;0;0;2;1;0;A01
201400047012;0;7;0;0;2;4;0;B01
201400047013;0;7;0;0;0;4;2;A01
201400047013;0;33;0;0;0;1;2;B01
201400047014;0;7;0;16;0;9;0;A01
201400047015;0;7;0;3;0;1;0;A01
201400047016;0;7;0;0;2;8;9;A01
201400047016;0;34;0;0;2;1;1;B01
201400047017;0;7;0;16;0;9;0;A01
201400047018;0;7;0;0;0;9;0;A01
201400047019;0;31;0;0;2;1;0;A01
201400047019;0;7;0;0;2;4;0;B01
201400047020;0;7;0;0;0;1;0;A01
201400047021;0;15;0;0;2;4;2;A01
201400047021;0;10;0;0;2;1;2;B01
201400047022;0;33;0;0;2;2;3;B01
201400047022;0;10;0;0;2;3;1;A01
201400047023;0;33;0;0;2;1;0;B01
201400047023;0;7;0;0;2;2;0;A01
201400047024;0;7;0;0;2;2;1;B01
201400047024;0;7;0;0;2;6;2;A01
201400047025;0;7;0;3;0;1;13;A01
201400047026;0;7;0;0;2;2;14;A01
201400047027;0;7;0;3;0;1;17;A01
201400047028;0;7;0;0;2;2;2;A01
201400047028;0;7;0;0;2;4;2;C01
201400047028;0;7;0;3;0;3;13;B01
201400047029;0;7;0;0;2;8;11;A01
201400047029;0;15;0;0;2;2;1;B01
201400047030;0;7;0;0;2;4;0;A01
201400047030;0;33;0;0;2;1;0;B01
201400047031;0;7;0;4;2;3;13;A01
201400047032;0;7;0;0;2;6;11;A01
201400047032;0;14;0;0;2;7;1;B01
201400047033;0;7;0;0;2;4;11;A01
201400047033;0;34;0;0;2;1;3;B01
201400047034;0;7;0;;0;7;1;B01
201400047034;0;7;0;4;0;3;13;A01
201400047035;0;7;0;0;0;0;0;A01
201400047036;0;7;0;0;2;4;1;A01
201400047036;0;7;0;0;2;4;1;B01
201400047036;0;7;0;0;2;1;1;C01
201400047037;0;7;0;0;0;1;0;A01
201400047038;0;7;0;0;0;5;0;A01
201400047038;0;33;0;0;2;1;12;B01
201400047039;0;33;0;0;2;1;3;A01
201400047039;0;7;0;0;2;5;12;B01
201400047040;0;7;0;0;2;7;12;B01
201400047040;0;33;0;0;2;1;0;A01
201400047041;0;7;0;0;2;1;1;A01
201400047041;0;7;0;0;2;4;2;C01
201400047041;0;7;0;0;2;9;2;B01
201400047042;0;7;0;0;2;6;12;A01
201400047042;0;33;0;0;2;1;1;B01
201400047043;0;7;0;0;2;6;2;A01
201400047043;0;33;0;0;2;1;1;B01
201400047044;0;32;0;0;0;7;0;A01
201400047045;0;7;0;4;0;3;13;A01
201400047046;0;33;0;0;2;0;0;A01
201400047046;0;7;0;0;2;0;0;B01
201400047047;0;7;0;4;0;1;17;A01
201400047048;0;37;1;0;2;8;1;C01
201400047048;0;34;0;0;2;1;3;A01
201400047048;0;7;0;0;2;5;12;B01
201400047049;0;15;0;0;2;2;0;A01
201400047049;0;7;0;0;0;8;1;B01
201400047050;0;14;0;0;0;0;12;B01
201400047050;0;7;0;0;2;9;12;A01
201400047051;0;10;0;0;0;4;0;A01
201400047051;0;7;0;0;2;1;0;B01
201400047052;0;7;0;4;0;3;13;A01
201400047053;0;7;0;4;0;6;13;A01
201400047054;0;7;0;14;2;4;0;A01
201400047054;0;7;0;14;2;1;0;B01
201400047055;0;7;0;0;2;4;1;B01
201400047055;0;7;0;0;2;1;18;A01
201400047056;0;32;0;0;0;0;0;A01
201400047057;0;7;0;0;2;4;2;C01
201400047057;0;7;0;0;2;1;1;A01
201400047057;0;10;0;0;2;4;2;B01
201400047058;0;33;0;0;0;0;0;A01
201400047058;0;7;0;0;0;0;0;B01
201400047059;0;33;0;0;2;8;1;B01
201400047059;0;10;0;0;2;5;14;A01
201400047060;0;37;1;0;2;2;1;B01
201400047060;0;7;0;4;2;9;3;A01
201400047061;1;99;0;0;2;2;1;Z01
201400047061;0;7;0;0;2;4;2;A01
201400047062;0;15;0;0;2;2;12;A01
201400047062;0;7;0;0;2;8;0;B01
201400047063;0;7;0;0;0;6;1;B01
201400047063;0;33;0;0;2;1;3;A01
201400047064;0;33;0;16;0;9;1;A01
201400047065;0;33;0;0;9;1;1;A01
201400047066;0;10;0;0;2;1;2;A01
201400047066;0;7;0;0;2;4;2;C01
201400047066;0;7;0;0;2;4;2;B01
201400047067;0;17;0;0;0;6;23;B01
201400047067;0;7;0;1;0;2;1;A01
201400047068;0;14;0;1;0;2;1;A01
201400047068;0;14;0;0;0;6;24;B01
201400047069;0;7;0;4;0;3;1;A01
201400047070;0;10;0;1;2;1;1;A01
201400047070;0;7;0;0;2;4;23;B01
201400047071;0;10;0;0;0;0;2;A01
201400047071;0;33;0;0;2;0;3;B01
201400047072;0;7;0;0;0;0;0;B01
201400047072;0;15;0;0;0;0;0;A01
201400047073;0;7;0;0;0;0;0;C01
201400047073;0;7;0;0;0;4;0;B01
201400047073;0;7;0;0;2;1;2;A01
201400047074;0;13;0;0;2;2;1;A01
201400047074;0;7;0;0;2;8;9;B01
201400047075;0;7;0;0;2;7;3;D01
201400047075;0;7;0;0;2;0;0;B01
201400047075;0;7;0;0;2;8;0;C01
201400047075;0;33;0;0;2;0;3;A01
201400047076;0;33;0;0;2;1;3;A01
201400047076;0;7;0;0;2;4;0;B01
201400047077;0;7;0;0;2;1;1;A01
201400047077;0;7;0;0;0;4;2;B01
201400047077;0;7;0;0;2;4;2;C01
201400047078;0;34;0;0;0;0;0;A01
201400047079;0;7;0;14;2;4;2;B01
201400047079;0;7;0;14;2;9;1;A01
201400047080;0;99;0;4;0;0;2;A01
201400047081;0;7;0;5;0;3;0;A01
201400047082;0;34;0;0;2;1;0;G02
201400047082;1;7;0;0;2;0;0;Z01
201400047082;0;7;0;0;2;1;0;B01
201400047082;0;7;0;0;2;4;0;E02
201400047082;0;7;0;0;2;1;0;C02
201400047082;0;7;0;0;2;1;0;D01
201400047082;0;7;0;0;2;4;0;A01
201400047082;0;7;0;0;2;1;0;F01
201400047083;0;7;0;4;0;3;13;A01
201400047084;0;7;0;4;2;2;14;A01
201400047084;0;7;0;0;2;6;2;B01
201400047085;0;7;0;4;0;9;0;A01
201400047086;0;7;0;0;2;4;2;E01
201400047086;0;7;0;0;2;4;2;B01
201400047086;0;7;0;0;2;1;1;A01
201400047086;0;7;0;0;2;4;2;D01
201400047086;0;7;0;0;2;4;2;C01
201400047087;0;32;0;0;2;1;0;A01
201400047088;0;7;0;0;2;1;0;A01
201400047088;0;7;0;0;0;3;0;C01
201400047088;0;7;0;0;2;4;0;B01
201400047089;0;7;0;0;2;1;2;A01
201400047089;0;7;0;0;0;4;1;B01
201400047090;1;99;0;0;0;0;0;Z01
201400047090;0;7;0;0;2;9;1;A01
201400047091;0;33;0;0;0;0;2;A01
201400047092;0;7;0;14;2;1;0;A01
201400047092;0;99;0;14;2;4;0;B01
201400047093;0;7;0;0;2;4;2;B01
201400047093;0;7;0;0;2;1;1;A01
201400047094;0;7;0;4;0;3;11;A01
201400047095;0;7;0;4;0;1;1;A01
201400047096;0;17;0;0;0;0;0;C01
201400047096;0;7;0;0;2;2;11;A01
201400047096;0;7;0;0;0;7;1;B01
201400047097;0;33;0;0;2;8;1;A01
201400047097;1;7;0;0;0;0;0;Z01
201400047097;0;7;0;0;2;6;2;B01
201400047098;0;7;0;3;0;1;1;A01
201400047099;0;33;0;4;0;1;17;A01
201400047100;0;7;0;0;2;8;11;B01
201400047100;0;33;0;0;2;7;3;A01
201400047101;0;7;0;0;2;9;2;C01
201400047101;0;7;0;0;2;1;1;A01
201400047101;0;7;0;0;2;1;2;B01
201400047101;0;7;0;0;2;4;2;D01
201400047102;0;33;0;0;2;3;3;A01
201400047102;0;7;0;0;2;2;1;B01
201400047103;0;7;0;4;0;1;1;A01
201400047104;0;7;0;0;0;0;0;C01
201400047104;0;7;0;0;0;0;0;A01
201400047104;0;14;0;0;0;0;0;B01
201400047105;0;7;0;0;2;7;2;B01
201400047105;0;33;0;0;2;1;1;A01
201400047106;0;7;0;3;2;3;17;A01
201400047106;0;7;0;0;2;5;1;B01
201400047107;0;7;0;0;0;4;0;A01
201400047107;0;30;0;0;2;1;0;B01
201400047108;0;7;0;0;2;2;2;A01
201400047108;1;7;0;0;2;2;18;Z01
201400047109;0;7;0;4;0;1;1;A01
201400047110;0;7;0;0;2;2;12;A01
201400047110;0;34;0;0;2;8;3;B01
201400047111;0;33;0;4;2;1;16;A01
201400047111;0;15;0;0;2;2;1;B01
201400047112;0;7;0;4;0;0;0;A01
201400047113;0;34;0;0;2;2;0;A01
201400047113;0;17;0;0;2;2;0;C01
201400047113;0;17;0;0;2;0;0;B01
201400047114;0;7;0;0;0;4;2;B01
201400047114;0;7;0;0;0;1;2;A01
201400047115;0;7;0;4;0;3;13;A01
201400047116;0;31;0;4;0;3;13;A01
201400047116;0;7;0;14;2;2;14;B01
201400047117;0;7;0;0;0;1;0;B01
201400047117;0;7;0;0;0;4;11;A01
201400047118;0;10;0;0;2;4;2;A01
201400047118;0;10;0;0;2;1;2;B01
201400047118;0;7;0;0;2;1;2;C01
201400047119;0;10;0;0;2;1;2;B01
201400047119;0;7;0;0;2;4;2;A01
201400047120;0;7;0;0;2;1;11;A01
201400047120;0;33;0;0;2;1;3;B01
201400047120;0;10;0;0;2;7;2;C01
201400047121;0;7;0;0;0;0;0;A01
201400047121;1;13;0;0;2;2;0;Z01
201400047122;0;7;0;0;0;0;0;A01
201400047123;0;7;0;3;0;1;0;A01
201400047124;0;7;0;3;0;1;12;A01
201400047125;0;7;0;4;0;3;11;A01
201400047126;0;7;0;0;2;1;2;A01
201400047126;0;7;0;0;0;4;2;B01
201400047127;0;7;0;0;2;4;2;A01
201400047127;0;33;0;0;2;1;1;B01
201400047128;0;14;0;0;2;1;1;A01
201400047128;0;7;0;0;2;4;2;B01
201400047129;0;7;0;14;2;3;0;F01
201400047129;0;7;0;14;2;3;0;B02
201400047129;0;7;0;14;2;1;0;D01
201400047129;0;7;0;14;2;6;0;A02
201400047129;0;7;0;14;2;6;0;G01
201400047129;0;7;0;14;2;1;0;C01
201400047129;0;7;0;14;2;1;0;E01
201400047130;0;7;0;0;0;5;24;B01
201400047130;0;7;0;1;0;3;1;A01
201400047131;0;34;0;0;0;0;0;B01
201400047131;0;33;0;0;2;0;0;A01
201400047132;0;33;0;4;0;2;14;A01
201400047133;1;7;0;0;0;0;0;Z01
201400047133;0;10;0;0;2;4;2;A01
201400047133;0;33;0;0;2;9;2;B01
201400047134;0;7;0;0;2;4;0;A01
201400047134;0;33;0;0;2;0;0;B01
201400047135;0;7;0;0;2;8;11;A01
201400047135;0;15;0;0;2;5;1;B01
201400047136;1;99;0;0;2;2;0;B01
201400047136;1;99;0;0;2;2;0;C01
201400047136;0;7;0;0;2;9;2;A01
201400047137;0;7;0;0;2;6;2;B01
201400047137;0;10;0;0;2;2;1;A01
201400047138;0;3;0;0;2;6;4;A01
201400047138;0;13;0;0;2;2;1;B01
201400047139;0;32;0;0;2;2;0;A01
201400047139;0;7;0;0;2;3;1;B01
201400047140;0;7;0;0;2;1;2;B01
201400047140;0;7;0;0;2;4;0;A01
201400047141;0;7;0;3;0;1;0;A01
201400047142;0;7;0;0;2;4;2;B01
201400047142;0;7;0;3;2;1;13;A01
201400047143;0;7;0;0;0;3;11;A01
201400047143;0;7;0;14;0;1;2;B01
201400047144;0;34;0;0;2;1;3;B01
201400047144;0;7;0;0;2;6;12;A01
201400047145;0;7;0;4;0;9;13;A01
201400047146;0;7;0;0;2;1;12;A01
201400047147;0;7;0;0;0;0;0;B01
201400047147;0;33;0;0;0;0;0;A01
201400047148;0;7;0;4;2;1;1;A01
201400047148;1;7;0;0;2;3;0;Z01
201400047149;0;10;0;0;2;4;0;C01
201400047149;0;7;0;0;2;9;15;D01
201400047149;0;7;0;0;2;4;0;B01
201400047149;0;7;0;0;2;1;9;A01
201400047150;0;7;0;0;2;1;2;C01
201400047150;0;7;0;0;2;1;1;D01
201400047150;0;7;0;0;0;4;1;A01
201400047150;0;7;0;0;2;1;2;B01
201400047151;0;7;0;3;0;1;12;A01
201400047152;0;7;0;16;0;9;0;A01
201400047153;0;7;0;4;0;1;1;A01
201400047154;0;7;0;0;2;6;1;B01
201400047154;0;15;0;0;2;2;12;A01
201400047155;0;7;0;0;0;2;0;A01
201400047156;0;7;0;4;0;2;14;A01
201400047157;0;7;0;0;2;4;0;A01
201400047157;0;14;0;0;2;1;0;B01
201400047158;0;7;0;0;2;1;1;A01
201400047158;0;7;0;0;2;4;0;C01
201400047158;0;7;0;0;2;4;0;B01
201400047159;0;7;0;4;0;1;1;A01
201400047160;0;7;0;0;0;2;0;A01
201400047161;0;33;0;0;2;1;1;C01
201400047161;0;7;0;0;2;8;11;B01
201400047161;0;17;0;0;2;2;12;A01
201400047162;0;7;0;6;0;9;14;A01
201400047163;0;7;0;0;2;4;2;C01
201400047163;0;14;0;0;2;5;2;B01
201400047163;0;14;0;0;2;1;2;A01
201400047163;0;7;0;0;2;4;2;D01
201400047164;0;7;0;16;0;3;1;A01
201400047165;0;15;0;16;0;2;1;A01
201400047166;0;7;0;4;0;1;1;A01
201400047167;0;7;0;0;2;1;1;A01
201400047167;0;30;0;0;2;4;2;B01
201400047168;0;7;0;0;2;4;2;B01
201400047168;0;7;0;0;2;1;2;A01
201400047169;0;7;0;3;0;2;14;A01
201400047170;0;10;0;4;0;9;14;A01
201400047171;0;7;0;0;2;1;11;A01
201400047171;0;10;0;0;2;4;1;B01
201400047172;0;32;0;0;0;0;0;A01
201400047172;0;7;0;0;0;4;0;C01
201400047172;0;7;0;0;0;0;0;B01
201400047173;0;7;0;0;2;2;12;A01
201400047173;0;7;0;0;0;6;1;B01
201400047174;0;7;0;4;0;1;13;A01
201400047175;0;33;0;0;0;0;0;A01
201400047175;0;7;0;0;0;6;0;B01
201400047176;0;7;0;0;2;1;0;A01
201400047177;0;7;0;4;0;1;1;A01
201400047178;0;7;0;0;2;4;2;B01
201400047178;0;7;0;0;2;1;1;A01
201400047179;0;7;0;0;2;1;1;A01
201400047179;0;34;0;0;2;4;2;B01
201400047180;0;17;0;0;2;2;12;B01
201400047180;0;7;0;4;0;6;1;A01
201400047181;0;7;0;0;2;1;13;C01
201400047181;0;7;0;4;0;3;0;A01
201400047181;0;7;0;0;2;4;21;B01
201400047182;0;7;0;3;0;1;0;A01
201400047183;1;99;0;0;2;2;0;Z01
201400047183;0;7;0;0;0;6;21;A01
201400047183;0;33;0;0;2;7;21;B01
201400047184;0;33;0;16;0;9;1;A01
201400047185;0;7;0;0;2;9;0;C01
201400047185;0;14;0;0;2;1;0;E01
201400047185;0;17;0;0;2;1;0;D01
201400047185;0;7;0;0;2;3;0;A01
201400047185;0;7;0;0;2;4;0;B01
201400047186;0;7;0;3;0;1;21;A01
201400047187;0;7;0;0;2;1;2;E01
201400047187;0;7;0;0;2;9;2;D01
201400047187;0;7;0;0;0;4;2;A01
201400047187;0;7;0;0;2;9;2;C01
201400047187;0;7;0;0;2;9;2;B01
201400047188;0;7;0;0;0;0;0;A01
201400047189;1;99;0;0;2;2;0;Z01
201400047189;0;7;0;0;0;0;0;A01
201400047190;0;7;0;4;0;1;14;A01
201400047191;0;7;0;0;0;1;0;A01
201400047192;0;7;0;3;0;1;14;A01
201400047193;0;7;0;0;0;4;2;B01
201400047193;0;7;0;0;2;1;1;A01
201400047194;0;31;0;0;0;0;0;A01
201400047195;0;7;0;3;2;8;1;A01
201400047195;0;15;0;0;2;2;12;B01
201400047196;0;7;0;0;0;0;0;A01
201400047197;0;7;0;0;2;7;0;A01
201400047197;0;33;0;0;2;8;3;B01
201400047198;0;32;0;1;0;7;3;A01
201400047198;0;13;0;0;2;8;1;B01
201400047199;0;33;0;0;0;8;1;A01
201400047200;0;7;0;0;2;4;1;B01
201400047200;0;7;0;0;2;1;1;A01
201400047201;0;10;0;0;0;8;24;A01
201400047201;0;31;0;1;2;3;0;B01
201400047202;0;10;0;0;0;0;0;B01
201400047202;0;33;0;0;0;1;0;A01
201400047203;0;7;0;0;0;1;0;A01
201400047203;0;7;0;0;2;6;0;B01
201400047204;0;7;0;0;2;4;2;C01
201400047204;0;7;0;0;2;5;12;A01
201400047204;0;34;0;0;2;3;0;B01
201400047205;1;99;0;0;2;2;0;Z01
201400047205;0;33;0;0;2;3;0;A01
201400047206;0;7;0;0;2;1;9;B01
201400047206;0;7;0;0;2;4;2;A01
201400047207;0;7;0;0;2;5;1;A01
201400047207;0;33;0;0;2;1;3;B01
201400047208;0;33;0;0;0;1;1;A01
201400047208;0;7;0;0;0;5;11;B01
201400047209;0;7;0;0;2;1;0;B01
201400047209;0;7;0;0;2;1;0;A01
201400047210;0;7;0;0;0;1;1;A01
201400047210;0;7;0;0;0;6;0;B01
201400047211;0;7;0;0;0;5;1;C01
201400047211;0;33;0;0;2;8;3;B01
201400047212;0;7;0;0;2;5;0;B01
201400047212;0;7;0;0;2;1;21;A01
201400047213;0;31;0;4;0;8;13;A01
201400047214;0;7;0;4;0;8;13;A01
201400047215;0;31;0;0;2;1;3;A01
201400047215;0;7;0;0;2;6;2;B01
201400047216;0;7;0;0;0;1;0;A01
201400047217;0;7;0;0;2;4;0;A01
201400047217;0;7;0;0;2;1;0;B01
201400047217;0;7;0;0;2;4;0;C01
201400047217;0;7;0;0;2;4;0;D01
201400047218;0;7;0;0;2;1;0;A01
201400047218;0;7;0;0;2;4;0;B01
201400047219;0;7;0;0;0;1;0;A01
201400047220;0;7;0;4;0;3;13;A01
201400047221;0;7;0;0;2;1;0;A01
201400047221;0;7;0;0;2;9;0;B01
201400047221;0;7;0;0;2;4;0;C01
201400047222;0;7;0;0;0;0;0;B01
201400047222;0;33;0;0;0;1;0;A01
201400047223;0;33;0;0;2;1;2;A01
201400047223;0;33;0;0;2;4;21;B01
201400047224;0;7;0;0;0;8;0;B01
201400047224;0;17;0;0;0;2;0;A01
201400047225;0;7;0;4;0;1;2;A01
201400047226;0;17;0;0;0;0;0;A01
201400047226;0;7;0;0;0;0;0;B01
201400047227;0;7;0;0;2;4;2;B01
201400047227;0;7;0;0;2;9;1;A01
201400047228;0;31;0;0;2;2;3;A01
201400047228;1;7;0;0;2;8;11;Z01
201400047229;1;99;0;0;2;0;0;Z01
201400047229;0;14;0;0;2;2;17;B01
201400047229;0;7;0;4;2;8;13;A01
201400047230;0;7;0;0;0;4;2;A01
201400047230;0;7;0;1;2;1;2;B01
201400047230;0;7;0;1;2;1;2;C01
201400047231;0;33;0;0;0;7;3;A01
201400047232;0;10;0;3;0;9;1;A01
201400047233;0;33;0;0;2;1;0;A01
201400047233;0;7;0;0;2;4;0;B01
201400047234;1;7;0;0;2;4;0;Z01
201400047234;0;33;0;0;2;1;12;A01
201400047235;0;7;0;1;0;1;2;B01
201400047235;0;7;0;0;0;4;2;A01
201400047236;0;7;0;0;2;7;14;B01
201400047236;0;33;0;0;2;8;1;A01
201400047237;0;7;0;0;0;5;0;B01
201400047237;0;7;0;0;0;4;0;C01
201400047237;0;33;0;0;0;1;3;A01
201400047238;0;7;0;3;0;2;14;A01
201400047239;0;7;0;6;0;4;14;A01
201400047240;0;7;0;0;2;1;2;A01
201400047240;0;7;0;0;2;4;2;B01
201400047241;0;7;0;0;0;0;0;A01
201400047242;0;7;0;0;2;1;1;B01
201400047242;0;7;0;0;2;9;1;A01
201400047243;0;33;0;0;0;7;0;A01
201400047244;0;7;0;0;2;2;0;B01
201400047244;0;33;0;0;2;1;0;A01
201400047245;0;7;0;0;2;6;2;A01
201400047245;0;7;0;0;2;1;3;B01
201400047246;0;3;0;3;2;6;2;B01
201400047246;0;7;0;0;2;3;1;A01
201400047247;0;7;0;13;0;3;13;A01
201400047248;0;31;0;0;2;8;3;B01
201400047248;0;7;0;0;2;2;1;A01
201400047249;0;7;0;0;0;6;0;A01
201400047249;0;15;0;0;0;3;0;B01
201400047250;0;7;0;4;0;3;0;A01
201400047251;0;31;0;0;0;1;0;A01
201400047252;0;17;0;4;0;3;13;A01
201400047253;0;7;0;4;2;6;11;A01
201400047253;0;15;0;0;2;1;1;B01
201400047254;0;7;0;0;0;4;2;C01
201400047254;0;7;0;0;2;4;2;B01
201400047254;0;7;0;0;2;1;1;A01
201400047255;0;34;0;0;2;6;2;A01
201400047255;0;10;0;0;9;2;2;B01
201400047256;0;7;0;0;0;4;0;A01
201400047256;0;15;0;0;0;1;0;B01
201400047257;0;33;0;0;2;1;1;A01
201400047257;1;7;0;0;;0;0;Z01
201400047258;0;15;0;0;2;0;0;B01
201400047258;0;7;0;0;2;2;0;A01
201400047259;0;33;0;0;2;1;0;A01
201400047259;0;7;0;0;2;4;0;B01
201400047260;0;7;0;4;0;0;0;A01
201400047261;0;7;0;4;2;3;1;A01
201400047261;0;7;0;0;2;1;21;B01
201400047262;0;7;0;0;9;1;0;A01
201400047263;0;33;0;0;0;8;0;A01
201400047264;0;7;0;0;2;7;11;B01
201400047264;0;7;0;0;2;8;1;A01
201400047265;0;33;0;16;0;9;1;A01
201400047266;0;7;0;16;0;1;1;A01
201400047267;0;7;0;0;2;2;2;A01
201400047267;0;7;0;0;2;6;11;B01
201400047268;0;7;0;0;2;4;2;C01
201400047268;0;33;0;0;2;7;2;B01
201400047268;0;7;0;0;2;8;11;A01
201400047269;0;7;0;0;2;8;11;A01
201400047269;0;33;0;0;2;2;3;B01
201400047270;0;7;0;0;0;0;0;A01
201400047270;0;33;0;0;0;0;0;B01
201400047271;0;33;0;0;2;2;0;B01
201400047271;0;7;0;0;2;5;0;A01
201400047272;0;7;0;0;2;8;0;B01
201400047272;0;7;0;0;2;5;0;C01
201400047272;0;34;0;0;2;1;3;A01
201400047273;1;7;0;0;2;0;0;Z01
201400047273;0;33;0;4;2;7;1;A01
201400047274;0;7;0;0;2;5;12;A01
201400047274;0;34;0;0;2;1;18;B01
201400047275;0;7;0;0;0;9;0;C01
201400047275;0;7;0;0;2;9;0;B01
201400047275;0;7;0;0;0;2;0;A01
201400047276;0;7;0;0;2;3;1;D01
201400047276;0;7;0;0;2;6;1;G02
201400047276;0;7;0;0;2;8;1;H02
201400047276;0;7;0;0;2;4;1;J02
201400047276;0;7;0;0;2;6;1;B01
201400047276;0;7;0;0;2;4;1;F01
201400047276;0;7;0;0;2;5;1;C01
201400047276;0;7;0;0;2;1;11;A01
201400047276;0;7;0;0;2;4;1;I02
201400047276;0;7;0;0;2;8;1;E01
201400047277;0;7;0;4;0;2;2;A01
201400047278;0;7;0;0;0;6;1;B01
201400047278;0;7;0;0;2;7;0;A01
201400047279;0;7;0;0;2;2;11;B01
201400047279;0;10;0;0;2;8;1;A01
201400047280;0;33;0;0;2;8;0;A01
201400047280;0;7;0;0;2;5;0;B01
201400047281;0;7;0;0;0;1;11;A01
201400047281;0;7;0;0;0;4;2;B01
201400047282;0;7;0;0;0;0;1;B01
201400047282;0;7;0;0;0;4;1;A01
201400047283;0;7;0;0;0;4;2;C01
201400047283;0;7;0;0;0;0;1;B01
201400047283;0;7;0;0;0;0;0;A01
201400047284;0;7;0;4;0;6;1;A01
201400047285;0;7;0;10;0;1;13;A01
201400047286;0;33;0;0;2;1;0;A01
201400047287;0;7;0;3;2;1;2;A01
201400047287;0;7;0;0;2;2;2;B01
201400047288;0;7;0;0;0;4;1;C01
201400047288;0;7;0;0;2;4;1;B01
201400047288;0;7;0;0;2;1;0;A01
201400047289;0;7;0;0;0;4;0;B01
201400047289;0;7;0;0;2;1;0;A01
201400047290;0;13;0;4;0;3;13;A01
201400047291;0;34;0;0;0;0;0;A01
201400047292;0;33;0;0;2;1;0;A01
201400047292;0;7;0;0;2;4;0;B01
201400047293;0;33;0;0;0;0;0;A01
201400047294;0;7;0;0;0;0;0;B01
201400047294;0;33;0;0;0;0;0;A01
201400047295;0;7;0;0;2;1;1;A01
201400047295;0;7;0;0;2;4;1;B01
201400047296;0;7;0;0;0;4;12;B01
201400047296;0;33;0;0;0;1;3;A01
201400047297;0;33;0;0;2;8;1;A01
201400047297;0;7;0;0;2;2;17;B01
201400047298;0;33;0;16;0;9;1;A01
201400047299;0;7;0;0;0;1;0;A01
201400047299;0;7;0;0;0;4;0;B01
201400047300;0;7;0;3;0;1;14;A01
201400047301;0;7;0;0;2;3;21;B01
201400047301;0;7;0;0;2;5;0;A01
201400047302;0;7;0;0;2;6;11;A01
201400047302;0;33;0;0;2;1;1;B01
201400047303;0;34;0;0;0;0;0;A01
201400047304;0;7;0;0;2;7;12;A01
201400047304;0;34;0;0;2;8;1;B01
201400047305;0;33;0;0;2;3;3;B01
201400047305;0;7;0;0;2;2;12;A01
201400047306;0;7;0;0;2;4;2;B01
201400047306;0;7;0;0;2;1;2;D01
201400047306;0;7;0;0;2;4;1;A01
201400047306;0;7;0;0;2;1;2;C01
201400047307;0;7;0;0;0;4;1;B01
201400047307;0;7;0;0;2;1;11;A01
201400047308;0;7;0;0;2;4;1;E01
201400047308;0;7;0;0;2;4;2;B01
201400047308;0;14;0;0;2;3;2;A01
201400047308;0;10;0;0;2;4;1;D01
201400047308;0;7;0;0;2;4;1;C01
201400047309;0;7;0;3;0;7;14;A01
201400047310;0;7;0;3;0;2;14;A01
201400047311;0;7;0;0;2;2;1;A01
201400047311;0;15;0;0;0;6;1;B01
201400047312;0;33;0;0;2;1;3;A01
201400047312;0;7;0;0;0;4;11;B01
201400047313;0;7;0;0;2;3;1;B01
201400047313;0;7;0;0;2;2;12;A01
201400047314;0;10;0;0;0;4;2;C01
201400047314;0;17;0;0;2;1;2;A01
201400047314;0;7;0;0;2;4;2;B01
201400047315;0;7;0;0;0;4;1;A01
201400047315;0;7;0;0;0;1;1;B01
201400047315;0;7;0;0;0;1;1;C01
201400047316;0;7;0;0;2;4;2;B01