num_acc;senc;catv;occutc;obs;obsm;choc;manv;num_veh
201400047316;0;7;0;0;2;4;2;A01
201400047316;0;7;0;0;2;1;1;C01
201400047317;0;7;0;0;2;6;0;B01
201400047317;0;33;0;0;2;3;0;A01
201400047318;0;7;0;0;2;4;2;C01
201400047318;0;7;0;0;2;4;2;B01
201400047318;0;7;0;0;0;4;1;A01
201400047318;0;7;0;0;2;1;2;D01
201400047319;0;7;0;0;2;8;1;B01
201400047319;0;33;0;0;2;6;3;A01
201400047319;1;7;0;0;2;2;2;Z01
201400047320;0;7;0;4;2;8;11;A01
201400047320;0;7;0;0;2;2;1;B01
201400047320;0;7;0;0;2;4;1;C01
201400047321;0;31;0;4;0;8;13;A01
201400047322;0;7;0;0;2;1;0;B01
201400047322;0;33;0;0;2;3;0;A01
201400047323;0;14;0;0;0;0;11;A01
201400047323;0;33;0;0;0;3;1;B01
201400047324;0;7;0;0;2;4;2;B01
201400047324;0;31;0;0;2;1;21;A01
201400047325;0;15;0;0;2;2;1;A01
201400047325;0;7;0;0;2;8;11;B01
201400047325;0;7;0;0;2;1;0;C01
201400047326;0;33;0;0;2;1;3;A01
201400047326;0;7;0;0;0;5;1;B01
201400047327;0;7;0;0;2;1;1;C01
201400047327;0;7;0;0;2;4;1;B01
201400047327;0;7;0;0;2;4;2;A01
201400047328;0;10;0;0;2;7;0;B01
201400047328;0;34;0;0;2;3;0;A01
201400047329;0;7;0;0;0;0;2;C01
201400047329;0;7;0;0;2;4;2;B01
201400047329;0;7;0;0;2;1;2;A01
201400047330;0;34;0;4;0;1;0;A01
201400047331;0;33;0;0;2;1;0;A01
201400047332;0;7;0;0;2;4;2;B01
201400047332;0;33;0;0;2;1;1;A01
201400047333;0;33;0;4;2;0;0;B01
201400047333;1;15;0;0;0;2;0;Z01
201400047333;0;7;0;4;2;6;0;A01
201400047334;0;7;0;1;2;4;0;A01
201400047335;0;7;0;0;2;1;0;A01
201400047335;0;7;0;0;2;4;0;B01
201400047336;0;33;0;4;0;1;1;A01
201400047337;0;7;0;0;2;6;0;A01
201400047337;0;15;0;0;2;1;0;B01
201400047338;0;7;0;0;0;1;0;A01
201400047338;0;7;0;0;0;4;0;B01
201400047339;0;7;0;0;0;1;0;A01
201400047339;0;7;0;0;0;4;0;B01
201400047340;0;10;0;0;2;4;2;B01
201400047340;0;7;0;0;2;1;1;A01
201400047341;0;33;0;0;0;0;0;A01
201400047342;0;7;0;0;2;1;1;B01
201400047342;0;7;0;0;2;4;2;A01
201400047343;0;13;0;0;0;8;2;A01
201400047343;0;33;0;0;0;7;3;B01
201400047344;0;7;0;0;2;9;2;D01
201400047344;0;14;0;0;2;1;2;A01
201400047344;0;10;0;0;2;9;2;B01
201400047344;0;7;0;0;2;9;2;C01
201400047345;0;7;0;0;2;4;2;B01
201400047345;0;7;0;0;2;1;1;A01
201400047346;0;13;0;0;2;1;0;C01
201400047346;0;7;0;0;2;1;0;B01
201400047346;0;7;0;0;2;4;0;A01
201400047347;0;7;0;0;2;1;0;A01
201400047347;0;7;0;0;2;8;0;B01
201400047348;0;7;0;0;2;8;11;A01
201400047348;0;34;0;0;2;5;1;B01
201400047349;0;7;0;0;1;2;2;A01
201400047350;0;7;0;0;2;1;0;A01
201400047350;0;13;0;0;2;4;0;B01
201400047351;0;31;0;3;0;7;14;A01
201400047352;0;17;0;0;2;1;1;A01
201400047352;0;7;0;0;2;8;1;B01
201400047353;0;33;0;0;2;8;0;B01
201400047353;0;7;0;0;2;8;0;A01
201400047354;0;33;0;16;0;9;1;B01
201400047355;0;33;0;0;0;0;3;A01
201400047356;0;7;0;0;0;4;0;A01
201400047356;0;13;0;0;2;1;0;B01
201400047357;0;7;0;0;2;1;0;A01
201400047357;0;7;0;0;2;4;0;B01
201400047358;0;15;0;0;0;4;0;A01
201400047358;0;33;0;0;0;0;0;B01
201400047359;0;7;0;0;2;1;1;A01
201400047359;0;7;0;0;2;4;2;B01
201400047360;0;7;0;0;2;4;2;B01
201400047360;0;7;0;0;2;1;1;A01
201400047361;0;7;0;0;2;4;2;B01
201400047361;0;7;0;0;2;1;2;A01
201400047362;0;33;0;0;2;1;1;B01
201400047362;0;7;0;0;2;4;2;A01
201400047363;0;7;0;0;2;6;1;B01
201400047363;0;33;0;0;2;9;3;A01
201400047364;0;7;0;0;2;0;0;A01
201400047364;0;7;0;0;0;0;0;B01
201400047365;0;7;0;0;2;4;1;C01
201400047365;0;7;0;0;2;8;11;A01
201400047365;0;33;0;0;2;7;3;B01
201400047366;0;7;0;0;0;0;0;C01
201400047366;0;7;0;0;2;6;0;A01
201400047366;0;7;0;0;2;5;0;B01
201400047367;0;7;0;0;2;2;12;A01
201400047368;0;33;0;0;0;0;0;A01
201400047368;1;99;0;0;2;2;0;Z01
201400047369;0;7;0;0;2;4;2;B01
201400047369;0;7;0;0;2;1;1;A01
201400047370;0;7;0;0;0;0;0;A01
201400047371;0;7;0;16;0;9;1;A01
201400047372;0;7;0;4;0;1;2;A01
201400047373;0;7;0;4;0;3;13;A01
201400047374;0;7;0;0;2;4;23;A01
201400047374;1;7;0;0;2;2;0;Z01
201400047375;0;7;0;0;2;9;2;B01
201400047375;0;33;0;0;2;1;1;A01
201400047375;0;7;0;0;2;9;2;C01
201400047375;0;7;0;0;2;4;2;D01
201400047376;0;33;0;0;0;7;0;A01
201400047377;0;31;0;0;2;3;2;A01
201400047377;0;7;0;0;2;5;2;C01
201400047377;0;7;0;0;2;7;2;B01
201400047378;0;7;0;3;0;9;0;A01
201400047379;0;10;0;3;0;1;1;A01
201400047380;0;7;0;0;2;2;2;C01
201400047380;0;7;0;0;0;4;1;A01
201400047380;0;7;0;0;2;4;2;B01
201400047380;0;7;0;0;2;1;2;D01
201400047381;0;7;0;0;2;1;1;A01
201400047381;0;7;0;0;2;4;2;B01
201400047382;0;33;0;3;0;9;14;A01
201400047383;0;7;0;3;0;1;2;A01
201400047383;0;32;0;0;9;1;2;B01
201400047384;0;7;0;0;2;8;11;A01
201400047384;0;7;0;0;2;2;1;B01
201400047385;0;33;0;0;2;1;0;A01
201400047385;0;7;0;0;2;4;0;B01
201400047386;0;33;0;0;2;7;0;A01
201400047386;0;7;0;0;2;5;0;B01
201400047387;0;7;0;0;2;8;0;D01
201400047387;0;10;0;0;2;7;0;A01
201400047387;0;7;0;0;2;1;0;C01
201400047387;0;7;0;0;2;1;0;B01
201400047388;0;7;0;0;2;4;2;B01
201400047388;0;14;0;0;2;4;2;D01
201400047388;0;7;0;0;2;1;2;A01
201400047388;0;7;0;0;2;4;0;C01
201400047389;0;30;0;0;0;8;0;A01
201400047390;0;7;0;0;2;4;2;D01
201400047390;0;7;0;0;2;4;2;B01
201400047390;0;7;0;0;2;9;2;C01
201400047390;0;7;0;0;2;1;1;A01
201400047391;1;99;0;0;2;2;0;Z01
201400047391;0;7;0;3;2;6;0;A01
201400047392;0;7;0;3;0;1;15;A01
201400047393;0;7;0;0;2;2;12;B01
201400047393;0;33;0;0;2;1;3;A01
201400047394;0;7;0;0;0;0;0;A01
201400047394;0;7;0;0;0;0;0;D01
201400047394;0;7;0;0;0;0;0;C01
201400047394;0;7;0;0;0;0;0;B01
201400047395;0;7;0;0;2;2;12;A01
201400047395;0;34;0;0;2;3;1;B01
201400047396;0;10;0;4;0;2;1;A01
201400047397;0;10;0;0;2;6;2;B01
201400047397;0;15;0;0;2;2;9;A01
201400047398;0;7;0;3;0;9;13;A01
201400047399;0;7;0;0;0;0;0;B01
201400047399;0;7;0;0;0;0;0;A01
201400047400;0;7;0;0;2;2;12;A01
201400047400;0;7;0;0;2;8;1;B01
201400047401;0;10;0;4;0;0;0;A01
201400047402;0;7;0;13;0;1;1;A01
201400047403;0;34;0;16;0;7;1;A01
201400047404;0;7;0;4;0;1;0;A01
201400047405;0;7;0;13;0;2;0;A01
201400047406;0;7;0;0;2;0;0;C01
201400047406;0;15;0;0;2;3;0;A01
201400047406;0;7;0;0;2;5;0;B01
201400047407;0;7;0;0;2;5;1;C01
201400047407;0;10;0;0;0;4;1;B01
201400047407;0;15;0;1;2;2;21;A01
201400047408;0;7;0;0;0;1;0;A01
201400047408;0;7;0;0;0;0;1;B01
201400047408;0;7;0;0;0;1;1;C01
201400047408;0;7;0;0;0;0;0;D01
201400047409;0;33;0;0;2;7;0;A01
201400047409;0;33;0;0;2;8;0;B01
201400047410;0;7;0;4;0;3;13;A01
201400047411;0;15;0;0;2;1;1;C01
201400047411;0;7;0;0;2;1;1;D01
201400047411;0;7;0;0;2;8;5;A01
201400047411;0;7;0;0;2;1;1;E01
201400047411;0;7;0;0;2;3;1;B01
201400047412;0;7;0;4;0;1;0;A01
201400047413;0;7;0;0;2;6;11;A01
201400047413;0;7;0;0;2;2;1;B01
201400047414;0;7;0;0;0;4;2;A01
201400047414;0;7;0;0;0;1;2;B01
201400047415;0;7;0;16;0;1;14;A01
201400047416;0;7;0;0;2;1;0;A01
201400047416;0;7;0;0;2;4;0;B01
201400047417;0;7;0;4;0;4;21;A01
201400047418;0;7;0;0;2;6;2;A01
201400047418;0;7;0;0;2;2;12;B01
201400047419;0;7;0;0;2;4;2;B01
201400047419;0;7;0;0;2;1;1;A01
201400047420;0;32;0;0;0;2;0;A01
201400047421;0;7;0;3;0;2;14;A01
201400047422;0;7;0;0;0;6;2;B01
201400047422;0;34;0;0;2;8;1;A01
201400047422;1;7;0;0;0;0;11;Z01
201400047423;0;7;0;4;0;2;14;A01
201400047424;0;7;0;0;2;1;2;B01
201400047424;0;7;0;0;2;1;2;C01
201400047424;0;7;0;0;2;4;2;A01
201400047425;0;7;0;1;0;2;2;A01
201400047425;0;10;0;0;2;6;23;B01
201400047426;0;7;0;4;0;9;0;A01
201400047427;1;99;0;0;1;2;0;Z01
201400047428;0;7;0;3;0;1;0;A01
201400047429;0;7;0;0;0;4;2;A01
201400047429;0;7;0;0;2;1;2;B01
201400047430;0;7;0;4;0;1;13;A01
201400047431;0;7;0;4;0;1;14;A01
201400047432;0;7;0;4;0;1;13;A01
201400047433;0;33;0;4;0;1;0;A01
201400047434;0;7;0;3;9;1;1;A01
201400047435;0;33;0;14;2;4;0;B01
201400047435;0;99;0;14;2;1;0;A01
201400047436;0;31;0;0;0;0;2;A01
201400047436;1;10;0;0;0;0;11;Z01
201400047437;0;7;0;0;2;7;1;C01
201400047437;0;15;0;0;2;8;1;B01
201400047437;0;7;0;0;2;2;3;A01
201400047438;0;15;0;0;0;0;0;B01
201400047438;0;7;0;0;2;2;9;A01
201400047439;0;33;0;4;2;9;3;A01
201400047439;0;7;0;0;0;2;11;B01
201400047440;0;7;0;0;2;8;11;B01
201400047440;0;33;0;0;2;2;3;A01
201400047441;0;33;0;0;2;8;1;B01
201400047441;0;7;0;0;2;2;12;A01
201400047442;0;7;0;0;2;1;0;A01
201400047442;0;15;0;0;2;7;0;B01
201400047443;0;32;0;12;0;1;0;A01
201400047444;0;7;0;0;2;4;2;D01
201400047444;0;7;0;0;2;1;2;C01
201400047444;0;7;0;0;2;1;2;A01
201400047444;0;7;0;0;2;4;2;B01
201400047445;0;7;0;4;2;3;21;A01
201400047445;1;7;0;0;0;0;11;Z01
201400047446;0;7;0;4;0;9;1;A01
201400047447;0;7;0;3;2;7;12;A01
201400047447;0;7;0;0;2;1;1;B01
201400047448;0;7;0;0;2;2;0;A01
201400047448;0;7;0;0;2;6;0;B01
201400047449;0;7;0;0;2;1;0;A01
201400047449;0;7;0;0;2;4;0;B01
201400047450;0;7;0;4;0;9;0;A01
201400047451;0;33;0;3;0;2;14;A01
201400047452;0;7;0;4;0;1;0;A01
201400047453;0;7;0;0;2;2;0;B01
201400047453;0;33;0;0;2;3;0;A01
201400047454;0;7;0;0;2;8;1;C01
201400047454;0;33;0;0;2;7;3;A01
201400047454;0;7;0;0;2;8;1;B01
201400047455;0;7;0;13;0;2;14;A01
201400047456;0;7;0;0;2;3;11;A01
201400047456;0;31;0;0;2;7;1;B01
201400047457;0;31;0;0;2;1;1;A01
201400047457;0;7;0;1;0;4;2;B01
201400047458;0;7;0;0;2;7;2;B01
201400047458;0;7;0;0;2;8;13;A01
201400047459;0;7;0;0;0;0;0;C01
201400047459;0;10;0;0;2;1;2;A01
201400047459;0;7;0;0;2;4;2;B01
201400047460;0;7;0;1;2;4;2;C01
201400047460;0;7;0;0;2;1;2;A01
201400047460;0;7;0;0;2;4;2;B01
201400047461;0;7;0;0;2;1;1;B01
201400047461;0;7;0;0;2;4;2;A01
201400047462;0;7;0;0;0;7;1;B01
201400047462;0;7;0;0;2;3;11;A01
201400047463;0;7;0;0;2;3;11;A01
201400047463;0;33;0;3;2;2;1;B01
201400047464;0;7;0;0;2;8;2;B01
201400047464;0;7;0;0;2;6;4;A01
201400047465;0;17;0;0;2;1;1;A01
201400047465;0;17;0;0;2;4;2;B01
201400047466;0;7;0;0;2;1;1;E01
201400047466;0;14;0;0;0;0;0;B01
201400047466;0;7;0;0;0;0;0;A01
201400047466;0;7;0;0;0;4;1;C01
201400047466;0;7;0;0;2;4;1;D01
201400047467;0;7;0;3;0;3;13;A01
201400047468;0;7;0;4;0;1;13;A01
201400047469;0;7;0;0;2;1;0;A01
201400047469;0;7;0;0;2;4;0;B01
201400047470;0;15;0;0;2;1;1;A01
201400047470;0;7;0;0;2;4;2;B01
201400047471;0;7;0;0;0;0;12;A01
201400047471;0;7;0;4;2;1;21;B01
201400047472;0;7;0;0;2;1;1;B01
201400047472;0;7;0;0;2;4;2;A01
201400047473;0;7;0;0;2;7;0;C01
201400047473;0;7;0;0;2;1;0;D01
201400047473;0;7;0;0;2;4;0;A01
201400047473;0;33;0;0;2;1;0;B01
201400047474;0;7;0;0;0;5;1;A01
201400047474;0;15;0;0;2;1;9;B01
201400047475;0;15;0;0;2;3;1;A01
201400047475;0;7;0;0;2;5;2;B01
201400047476;0;7;0;0;2;5;1;B01
201400047476;2;7;0;4;2;3;18;A01
201400047477;0;7;0;0;2;3;2;F01
201400047477;0;7;0;;2;3;2;B01
201400047477;0;7;0;9;2;3;1;G02
201400047477;0;7;0;6;0;1;1;A02
201400047477;0;7;0;;2;3;2;E02
201400047477;0;7;0;0;2;3;2;C01
201400047477;0;7;0;;2;9;2;H01
201400047477;0;7;0;0;2;3;2;D01
201400047478;0;7;0;0;2;3;0;A01
201400047478;0;33;0;0;2;2;0;B01
201400047479;0;7;0;0;0;4;0;C01
201400047479;0;10;0;0;0;1;0;A01
201400047479;0;7;0;0;0;4;0;B01
201400047480;0;10;0;0;0;6;1;B01
201400047480;0;33;0;0;2;2;16;A01
201400047481;0;33;0;0;2;1;0;B01
201400047481;0;7;0;0;2;6;0;A01
201400047482;0;15;0;4;0;2;14;A01
201400047483;0;10;0;0;2;4;2;B01
201400047483;0;17;0;0;2;9;1;A01
201400047484;0;7;0;14;2;0;0;A01
201400047484;0;14;0;14;2;0;0;B01
201400047485;0;7;0;0;2;8;2;B01
201400047485;0;7;0;3;2;1;1;A01
201400047486;0;7;0;4;0;9;0;A01
201400047487;0;7;0;4;0;2;0;A01
201400047488;0;33;0;0;2;8;2;B01
201400047488;0;7;0;4;2;1;1;A01
201400047489;0;7;0;4;0;3;13;A01
201400047490;0;31;0;0;2;3;3;A01
201400047490;0;7;0;0;2;5;2;B01
201400047491;0;7;0;0;2;4;2;A01
201400047491;0;10;0;0;2;1;14;B01
201400047492;0;7;0;0;2;3;9;A01
201400047492;0;7;0;0;2;7;1;B01
201400047493;0;15;0;4;0;3;13;A01
201400047494;0;7;0;0;2;2;1;B01
201400047494;0;7;0;0;2;7;12;A01
201400047495;0;7;0;4;0;1;0;A01
201400047496;0;7;0;4;0;1;11;A01
201400047497;0;7;0;4;0;3;13;A01
201400047498;0;7;0;4;0;1;1;A01
201400047499;1;15;0;0;0;0;0;Z01
201400047499;0;7;0;0;2;9;12;A01
201400047500;0;7;0;4;0;8;13;A01
201400047501;0;34;0;0;2;7;3;B01
201400047501;0;7;0;0;2;3;1;A01
201400047502;0;7;0;4;0;3;13;A01
201400047503;0;33;0;0;2;3;0;A01
201400047503;0;7;0;0;0;5;0;B01
201400047504;0;7;0;3;0;5;14;A01
201400047505;0;32;0;0;0;7;2;A01
201400047506;0;7;0;3;0;1;0;A01
201400047507;0;7;0;4;0;3;13;A01
201400047508;0;7;0;0;0;9;12;A01
201400047508;0;10;0;0;0;4;1;B01
201400047509;0;7;0;4;0;1;14;A01
201400047510;0;7;0;0;2;4;2;C01
201400047510;0;7;0;0;2;9;14;A01
201400047510;0;10;0;0;2;1;2;B01
201400047511;0;7;0;6;0;7;14;A01
201400047512;0;7;0;0;2;1;0;A01
201400047512;0;7;0;0;2;4;0;B01
201400047513;0;7;0;0;2;4;2;C01
201400047513;0;7;0;0;2;1;1;A01
201400047513;0;7;0;0;2;4;2;B01
201400047514;0;7;0;0;2;4;2;B01
201400047514;0;7;0;0;2;1;0;A01
201400047515;0;7;0;0;2;4;0;B01
201400047515;0;7;0;0;2;1;0;A01
201400047516;0;7;0;6;0;3;13;A01
201400047517;0;33;0;0;2;1;1;C01
201400047517;0;15;0;0;2;7;12;A01
201400047517;0;7;0;0;2;8;2;B01
201400047518;0;7;0;4;0;2;14;A01
201400047519;0;7;0;4;0;2;14;A01
201400047520;0;15;0;3;0;1;1;A01
201400047521;0;7;0;4;0;9;0;A01
201400047522;0;33;0;14;0;0;2;A01
201400047523;0;33;0;0;2;7;1;A01
201400047523;0;7;0;0;2;8;11;B01
201400047524;0;7;0;0;2;2;1;A01
201400047524;0;7;0;0;2;9;2;B01
201400047525;0;7;0;4;0;1;14;A01
201400047526;0;7;0;4;0;3;13;A01
201400047527;0;33;0;0;0;0;0;A01
201400047528;0;7;0;0;2;9;2;C01
201400047528;0;7;0;0;2;9;2;B01
201400047528;0;7;0;0;2;4;2;D01
201400047528;0;7;0;0;2;1;1;A01
201400047529;0;7;0;0;0;1;0;A01
201400047530;0;7;0;0;0;1;0;A01
201400047531;0;7;0;0;2;4;0;C01
201400047531;0;7;0;0;2;1;0;D01
201400047531;0;7;0;0;2;4;0;B01
201400047531;0;7;0;0;2;4;0;A01
201400047532;0;7;0;0;2;5;2;C01
201400047532;0;10;0;0;2;2;1;B01
201400047532;0;7;0;0;2;3;9;A01
201400047532;0;7;0;0;2;4;2;D01
201400047533;0;7;0;0;2;6;11;A01
201400047533;0;31;0;0;2;7;0;B01
201400047534;0;7;0;1;0;1;1;A01
201400047534;0;33;0;0;0;0;0;B01
201400047534;0;33;0;0;0;0;0;C01
201400047534;0;33;0;0;0;0;0;D01
201400047535;0;7;0;0;0;0;2;A01
201400047536;0;7;0;4;2;1;2;C01
201400047536;0;7;0;0;2;1;2;B01
201400047536;0;10;0;0;2;7;12;A01
201400047537;0;7;0;3;0;1;13;A01
201400047538;0;7;0;16;0;9;1;A01
201400047539;0;33;0;0;0;0;1;A01
201400047540;1;99;0;0;0;0;0;Z01
201400047540;0;30;0;0;2;0;0;A01
201400047541;0;7;0;0;2;0;23;B01
201400047541;0;7;0;0;0;0;1;A01
201400047541;0;7;0;0;2;0;3;C01
201400047541;0;10;0;0;0;0;0;D01
201400047542;0;7;0;0;2;8;12;A01
201400047542;0;7;0;4;2;1;21;B01
201400047542;0;7;0;0;2;1;2;C01
201400047543;0;33;0;0;0;0;0;A01
201400047543;0;7;0;0;2;6;0;B01
201400047544;0;7;0;4;0;1;0;A01
201400047544;0;33;0;0;0;0;0;B01
201400047545;0;33;0;0;0;0;11;A01
201400047546;0;7;0;3;2;1;14;A01
201400047546;0;15;0;0;2;3;1;B01
201400047547;0;15;0;0;2;2;12;A01
201400047547;0;7;0;4;2;3;1;B01
201400047548;0;33;0;3;0;1;0;A01
201400047549;0;7;0;0;2;8;2;A01
201400047550;0;7;0;0;0;2;0;B01
201400047550;0;33;0;0;2;1;3;A01
201400047550;0;7;0;0;0;0;0;C01
201400047551;0;7;0;3;0;1;14;A01
201400047552;0;7;0;0;0;2;0;B01
201400047552;0;33;0;0;0;1;0;A01
201400047553;0;7;0;0;0;1;1;A01
201400047553;0;7;0;0;2;4;2;B01
201400047554;0;7;0;14;2;0;0;A01
201400047554;0;7;0;0;2;0;0;B01
201400047555;0;7;0;0;2;6;1;D01
201400047555;0;7;0;0;2;3;1;C01
201400047555;0;7;0;0;2;7;12;B01
201400047555;0;33;0;0;2;8;3;A01
201400047556;0;33;0;0;2;8;0;A01
201400047556;0;7;0;0;2;8;0;B01
201400047557;0;7;0;0;2;0;2;A01
201400047557;0;14;0;0;0;0;0;B01
201400047558;0;7;0;15;2;1;2;B01
201400047558;0;7;0;0;2;1;1;A01
201400047558;0;15;0;0;2;8;1;C01
201400047559;0;7;0;0;2;6;2;B01
201400047559;0;7;0;0;2;2;1;A01
201400047560;0;7;0;0;2;1;0;B01
201400047560;0;7;0;4;0;0;0;C01
201400047560;0;7;0;0;2;1;0;A01
201400047561;0;33;0;0;0;3;0;B01
201400047561;0;7;0;0;2;0;0;A01
201400047562;0;33;0;0;2;1;3;B01
201400047562;0;10;0;0;2;2;12;A01
201400047562;0;7;0;0;2;4;1;C01
201400047563;0;7;0;4;0;1;14;A01
201400047564;1;15;0;0;0;2;0;Z01
201400047564;0;7;0;0;2;2;0;B01
201400047564;0;7;0;0;2;5;0;A01
201400047565;0;7;0;0;2;2;0;A01
201400047565;0;7;0;0;2;6;11;B01
201400047566;0;7;0;4;0;2;12;A01
201400047567;0;7;0;3;0;2;12;A01
201400047568;0;10;0;0;2;1;2;A01
201400047568;0;7;0;0;0;4;2;B01
201400047569;0;33;0;0;0;3;1;A01
201400047570;0;31;0;16;0;1;1;A01
201400047571;0;31;0;0;2;9;3;A01
201400047571;0;7;0;0;0;3;2;B01
201400047571;0;10;0;0;0;2;1;C01
201400047572;0;33;0;0;0;1;0;A01
201400047573;0;7;0;0;2;5;1;C01
201400047573;0;10;0;3;2;1;1;A01
201400047573;0;7;0;0;2;4;1;B01
201400047573;0;7;0;0;2;3;0;D01
201400047574;0;33;0;0;2;1;0;A01
201400047574;1;7;0;0;2;4;0;Z01
201400047575;0;7;0;4;0;3;0;A01
201400047576;0;7;0;0;2;0;0;B01
201400047576;0;33;0;0;2;0;0;A01
201400047577;0;7;0;4;0;3;13;A01
201400047578;0;7;0;0;2;7;1;B01
201400047578;0;33;0;0;1;1;3;A01
201400047579;0;7;0;0;2;3;11;A01
201400047579;0;34;0;0;2;2;3;B01
201400047580;0;33;0;0;2;1;2;A01
201400047580;0;7;0;0;2;0;12;B01
201400047581;0;7;0;0;0;2;1;B01
201400047581;0;33;0;0;2;5;3;A01
201400047581;0;10;0;0;0;3;0;C01
201400047582;0;7;0;0;0;4;2;B01
201400047582;0;7;0;0;2;1;1;A01
201400047583;0;7;0;16;0;9;1;A01
201400047584;0;33;0;0;0;7;0;A01
201400047585;0;33;0;0;0;0;1;A01
201400047586;0;33;0;0;2;4;2;B01
201400047586;0;7;0;0;2;1;1;A01
201400047587;0;33;0;0;2;1;2;B01
201400047587;0;7;0;0;0;2;6;A01
201400047588;0;33;0;0;0;7;2;A01
201400047589;0;7;0;0;0;0;2;A01
201400047590;0;33;0;0;9;1;1;A01
201400047591;0;33;0;12;0;3;13;A01
201400047592;0;33;0;0;2;1;0;A01
201400047592;0;7;0;0;2;4;2;B01
201400047593;0;7;0;0;0;4;2;A01
201400047593;0;7;0;0;2;1;2;B01
201400047594;0;7;0;0;0;5;1;B01
201400047594;0;33;0;0;2;3;3;A01
201400047595;0;7;0;0;2;4;2;A01
201400047595;0;7;0;0;2;4;2;D01
201400047595;0;7;0;0;2;1;1;B01
201400047595;0;7;0;0;2;1;2;C01
201400047596;0;7;0;0;2;1;2;A01
201400047596;0;7;0;0;2;4;2;B01
201400047597;0;7;0;0;2;4;2;B01
201400047597;0;7;0;0;2;1;1;A01
201400047598;0;7;0;0;2;4;2;B01
201400047598;0;33;0;0;2;1;1;A01
201400047599;0;34;0;0;2;4;2;A01
201400047599;0;33;0;0;2;1;1;B01
201400047600;0;33;0;0;0;0;0;A01
201400047601;0;7;0;0;2;1;2;A01
201400047601;0;7;0;0;2;4;2;B01
201400047602;0;7;0;4;0;3;13;A01
201400047603;0;7;0;4;0;2;14;A01
201400047604;0;7;0;0;0;1;0;A01
201400047605;0;13;0;0;2;1;0;A01
201400047605;0;7;0;0;2;8;0;B01
201400047606;0;7;0;14;0;2;14;A01
201400047607;0;7;0;4;0;3;13;A01
201400047608;1;7;0;0;2;3;0;Z01
201400047608;0;7;0;0;2;4;2;D01
201400047608;0;7;0;0;2;4;2;B01
201400047608;0;7;0;0;2;5;0;A01
201400047608;0;7;0;0;2;4;2;C01
201400047609;0;7;0;0;2;4;1;B01
201400047609;0;33;0;0;2;1;3;A01
201400047610;0;7;0;5;0;1;14;A01
201400047611;0;7;0;4;0;6;14;A01
201400047612;0;7;0;0;2;4;2;B01
201400047612;0;7;0;0;2;1;2;A01
201400047613;0;7;0;4;0;3;0;A01
201400047614;0;33;0;0;2;1;3;A01
201400047614;0;7;0;0;2;4;1;B01
201400047615;0;7;0;0;0;0;0;B01
201400047615;0;33;0;0;0;0;0;A01
201400047616;0;7;0;0;2;2;17;A01
201400047616;0;33;0;0;2;8;1;B01
201400047617;0;7;0;0;2;7;14;A01
201400047617;0;33;0;0;2;3;1;B01
201400047618;0;7;0;0;2;4;23;C01
201400047618;0;33;0;0;2;2;12;B01
201400047618;0;33;0;0;2;1;3;A01
201400047619;1;7;0;0;0;0;0;Z01
201400047619;0;34;0;0;2;8;0;A01
201400047620;0;7;0;0;0;1;0;C01
201400047620;0;10;0;0;0;4;2;B01
201400047620;0;7;0;0;0;4;2;A01
201400047621;0;7;0;0;0;8;0;A01
201400047622;0;33;0;0;0;0;0;A01
201400047623;0;33;0;0;0;1;16;A01
201400047624;0;33;0;0;0;8;3;A01
201400047624;0;7;0;0;0;7;2;B01
201400047625;0;7;0;0;2;7;12;A01
201400047625;0;10;0;0;2;8;2;C01
201400047625;0;32;0;0;2;8;3;B01
201400047626;0;10;0;4;2;4;1;A01
201400047626;1;99;0;0;2;1;1;Z01
201400047627;0;7;0;0;2;4;2;A01
201400047627;1;15;0;0;2;0;0;Z01
201400047628;0;7;0;0;0;7;2;A01
201400047629;0;7;0;4;0;1;2;A01
201400047630;0;7;0;4;0;1;1;A01
201400047631;0;7;0;4;0;3;13;A01
201400047632;0;32;0;4;0;8;13;A01
201400047633;0;7;0;0;2;4;0;A01
201400047633;1;99;0;0;2;0;0;Z01
201400047634;0;7;0;0;2;1;1;B01
201400047634;0;7;0;0;0;4;1;A01
201400047635;0;7;0;0;2;1;14;A01
201400047635;0;7;0;0;2;8;2;B01
201400047635;0;7;0;0;2;8;2;C01
201400047636;0;7;0;0;2;1;1;A01
201400047636;0;7;0;0;2;4;2;B01
201400047637;0;7;0;4;0;1;1;A01
201400047638;0;7;0;5;0;3;13;A01
201400047639;0;33;0;0;2;8;3;A01
201400047639;0;7;0;0;2;1;2;B01
201400047640;0;15;0;0;0;3;0;B01
201400047640;0;7;0;0;2;8;0;A01
201400047641;1;7;0;0;0;0;0;Z01
201400047641;0;7;0;0;0;0;0;A01
201400047641;0;7;0;0;0;4;0;B01
201400047642;0;7;0;0;2;4;2;C01
201400047642;0;7;0;0;2;5;2;B01
201400047642;0;31;0;0;2;1;1;A01
201400047643;0;7;0;0;2;1;1;A01
201400047643;0;7;0;0;2;9;2;B01
201400047643;0;10;0;0;2;4;2;C01
201400047644;0;7;0;0;2;1;1;A01
201400047644;0;7;0;0;2;4;2;B01
201400047645;0;7;0;13;0;2;14;A01
201400047646;0;7;0;4;0;2;14;A01
201400047647;0;7;0;0;2;9;0;A01
201400047647;0;15;0;0;2;8;0;B01
201400047647;0;7;0;0;2;7;0;C01
201400047648;0;7;0;3;0;3;0;A01
201400047649;0;17;0;0;2;2;1;A01