num_acc;senc;catv;occutc;obs;obsm;choc;manv;num_veh
201400047649;0;7;0;0;2;3;9;B01
201400047650;1;99;0;0;0;4;0;Z01
201400047650;0;7;0;0;0;4;0;A01
201400047650;0;15;0;0;0;0;0;B01
201400047651;0;14;0;0;0;0;0;B01
201400047651;0;7;0;0;0;0;0;A01
201400047652;0;33;0;0;2;2;3;A01
201400047652;0;7;0;0;2;8;1;C01
201400047652;0;7;0;0;2;6;1;B01
201400047653;0;7;0;0;2;1;0;B01
201400047653;0;7;0;4;2;9;0;A01
201400047653;1;99;0;0;2;2;0;Z01
201400047654;0;7;0;4;0;1;2;A01
201400047655;0;33;0;0;0;8;3;A01
201400047656;0;7;0;0;2;1;0;A01
201400047656;0;7;0;0;2;7;0;B01
201400047657;0;7;0;0;0;8;2;D01
201400047657;0;7;0;0;0;8;2;C01
201400047657;0;7;0;4;0;3;1;A01
201400047657;0;33;0;14;0;8;21;B01
201400047658;0;31;0;5;0;0;0;A01
201400047659;0;34;0;4;0;2;14;A01
201400047660;0;7;0;16;0;1;1;A01
201400047661;0;7;0;0;2;4;23;A01
201400047661;0;7;0;14;0;4;2;B01
201400047661;0;7;0;0;2;1;1;C01
201400047662;0;31;0;16;0;9;1;A01
201400047663;0;7;0;0;2;1;1;A01
201400047663;0;7;0;0;0;4;2;C01
201400047663;0;7;0;0;2;4;2;B01
201400047664;0;7;0;0;9;1;1;A01
201400047665;0;7;0;0;2;6;11;B01
201400047665;0;33;0;0;2;1;21;A01
201400047666;0;10;0;0;0;1;1;A01
201400047666;0;10;0;0;0;4;1;B01
201400047667;0;33;0;16;0;7;21;A01
201400047668;0;7;0;0;2;1;2;B01
201400047668;0;7;0;0;0;4;2;A01
201400047669;0;7;0;0;2;1;1;A01
201400047669;0;31;0;0;2;4;2;C01
201400047669;0;7;0;0;2;9;2;B01
201400047670;0;7;0;0;0;4;2;B01
201400047670;0;7;0;0;2;1;2;A01
201400047671;0;7;0;3;2;3;21;A01
201400047671;1;7;0;0;2;2;0;Z01
201400047672;0;33;0;0;0;0;0;A01
201400047673;0;7;0;4;0;1;13;A01
201400047674;0;7;0;0;0;7;2;A01
201400047674;1;15;0;0;0;0;0;Z01
201400047675;0;99;0;0;0;3;13;A01
201400047676;0;7;0;4;0;3;1;A01
201400047677;0;7;0;0;2;8;9;A01
201400047677;0;33;0;0;2;7;12;B01
201400047678;1;15;0;0;0;0;14;Z01
201400047678;0;7;0;3;0;1;2;A01
201400047678;0;10;0;0;2;1;2;B01
201400047679;0;7;0;4;0;1;0;A01
201400047680;0;7;0;4;0;1;0;A01
201400047681;0;33;0;13;0;3;13;A01
201400047682;0;7;0;0;2;1;0;A01
201400047682;0;7;0;0;0;4;0;B01
201400047683;0;7;0;0;2;4;0;C01
201400047683;0;7;0;0;2;1;0;A01
201400047683;0;10;0;0;2;4;0;B01
201400047683;0;7;0;0;2;4;0;D01
201400047684;0;7;0;0;2;1;0;A01
201400047685;0;7;0;4;0;8;13;A01
201400047686;0;7;0;0;0;2;0;A01
201400047686;0;7;0;0;2;8;0;B01
201400047687;0;10;0;0;2;1;0;A01
201400047687;0;14;0;0;2;6;0;C01
201400047687;0;7;0;0;2;6;0;B01
201400047688;0;15;0;4;0;8;13;A01
201400047689;0;7;0;0;2;8;11;A01
201400047689;0;33;0;0;2;7;0;B01
201400047690;0;10;0;4;0;3;13;A01
201400047691;0;7;0;0;2;4;2;B01
201400047691;0;99;0;0;0;0;2;A01
201400047691;0;7;0;0;0;4;2;C01
201400047692;0;31;0;0;2;1;1;C01
201400047692;0;7;0;0;2;1;1;B01
201400047692;0;7;0;0;2;4;2;A01
201400047693;0;7;0;4;0;7;14;A01
201400047694;0;7;0;0;2;1;2;A01
201400047694;0;7;0;0;2;4;2;B01
201400047694;0;7;0;0;2;4;2;C01
201400047694;0;7;0;0;2;4;2;D01
201400047695;0;7;0;0;2;4;2;B01
201400047695;0;7;0;0;2;1;2;A01
201400047695;0;10;0;0;2;1;2;D01
201400047695;0;7;0;0;2;4;2;C01
201400047696;0;33;0;0;2;7;3;A01
201400047696;0;7;0;0;2;3;11;B01
201400047697;0;7;0;0;2;4;2;C01
201400047697;0;7;0;0;2;1;2;A01
201400047697;0;7;0;0;2;4;2;B01
201400047698;0;7;0;3;0;9;13;A01
201400047699;0;10;0;0;2;2;0;A01
201400047699;0;10;0;0;2;6;0;B01
201400047700;0;7;0;4;0;3;11;A01
201400047701;0;7;0;0;2;3;11;A01
201400047701;0;31;0;0;2;7;3;B01
201400047702;0;7;0;0;2;3;1;B01
201400047702;0;7;0;0;2;1;9;A01
201400047702;0;7;0;0;0;4;1;C01
201400047703;0;7;0;0;2;4;1;C01
201400047703;0;7;0;0;2;4;1;B01
201400047703;0;7;0;0;2;1;1;A01
201400047704;0;15;0;0;2;0;23;A01
201400047704;0;33;0;0;0;1;2;B01
201400047705;0;15;0;0;0;8;2;B01
201400047705;0;7;0;4;0;1;11;A01
201400047706;0;7;0;0;2;1;0;A01
201400047706;0;34;0;0;0;4;0;B01
201400047707;0;33;0;4;0;1;0;A01
201400047708;0;17;0;0;2;1;0;B01
201400047708;0;7;0;4;2;1;0;A01
201400047708;0;10;0;0;2;1;0;C01
201400047709;0;7;0;5;0;8;13;A01
201400047710;1;15;0;0;0;6;13;Z01
201400047710;0;33;0;0;2;2;2;A01
201400047710;0;7;0;0;0;4;1;B01
201400047711;0;7;0;0;2;3;0;B01
201400047711;0;10;0;0;2;0;1;A01
201400047711;0;7;0;0;2;5;1;D01
201400047711;0;7;0;0;2;1;1;C01
201400047712;0;7;0;0;2;1;2;C01
201400047712;0;7;0;2;2;1;2;B01
201400047712;0;7;0;0;0;4;2;A01
201400047713;0;7;0;0;0;4;2;A01
201400047713;0;7;0;0;2;9;2;B01
201400047713;0;7;0;0;0;1;1;C01
201400047714;0;33;0;0;2;9;0;D01
201400047714;0;7;0;0;2;8;0;A01
201400047714;0;7;0;0;2;5;21;B01
201400047714;0;33;0;0;2;4;0;C01
201400047714;0;33;0;0;2;1;0;E01
201400047715;0;2;0;0;2;1;0;A01
201400047715;0;7;0;0;0;6;0;B01
201400047716;0;7;0;0;2;4;1;C01
201400047716;0;33;0;0;2;8;3;A01
201400047716;0;7;0;0;2;7;12;B01
201400047717;0;7;0;0;2;1;1;B01
201400047717;0;7;0;0;2;9;2;D01
201400047717;0;7;0;0;2;5;12;A01
201400047717;0;7;0;0;2;2;2;C01
201400047718;0;7;0;13;0;1;14;A01
201400047719;0;7;0;4;0;3;13;A01
201400047720;0;33;0;0;2;7;3;A01
201400047721;1;99;0;0;2;2;0;Z01
201400047721;0;7;0;3;0;3;0;A01
201400047722;0;7;0;0;2;4;2;B01
201400047722;0;10;0;0;2;1;1;A01
201400047723;0;7;0;4;0;1;0;A01
201400047724;0;33;0;16;0;9;1;A01
201400047725;0;15;0;0;0;0;0;B01
201400047725;0;7;0;0;0;0;0;C01
201400047725;0;7;0;0;0;2;0;A01
201400047726;0;33;0;3;0;3;13;A01
201400047727;0;10;0;4;0;1;14;A01
201400047728;0;7;0;0;0;4;1;B01
201400047728;0;33;0;0;2;1;2;A01
201400047729;0;7;0;13;0;9;2;A01
201400047730;0;7;0;0;2;8;11;A01
201400047730;0;32;0;0;2;2;0;B01
201400047731;0;7;0;0;2;1;1;B01
201400047731;0;7;0;4;2;4;1;A01
201400047731;0;7;0;0;2;9;2;C01
201400047731;0;7;0;0;2;4;2;D01
201400047732;0;7;0;0;2;1;2;A01
201400047732;0;7;0;0;2;4;1;B01
201400047732;0;10;0;0;0;4;1;C01
201400047733;0;31;0;0;2;1;0;A01
201400047733;0;7;0;0;2;5;0;B01
201400047734;0;15;0;0;2;2;1;A01
201400047734;0;7;0;0;2;6;9;B01
201400047735;0;7;0;4;0;8;13;A01
201400047736;0;15;0;0;2;4;2;A01
201400047736;0;7;0;14;2;2;17;B01
201400047737;0;7;0;0;2;8;0;A01
201400047737;0;15;0;0;2;2;0;B01
201400047738;0;7;0;4;0;1;9;A01
201400047739;0;7;0;0;0;0;0;A01
201400047739;0;31;0;0;0;0;0;B01
201400047740;0;7;0;4;0;0;0;A01
201400047741;0;7;0;0;2;4;2;C01
201400047741;0;7;0;0;2;9;2;B01
201400047741;0;7;0;0;2;3;1;A01
201400047741;1;7;0;0;0;0;0;Z01
201400047742;0;7;0;6;0;1;0;A01
201400047743;0;7;0;0;0;4;2;A01
201400047743;0;7;0;0;0;4;2;B01
201400047743;0;7;0;0;2;1;2;C01
201400047744;0;10;0;0;2;4;0;A01
201400047744;0;32;0;0;2;1;0;B01
201400047745;0;7;0;0;2;4;23;A01
201400047745;0;7;0;0;2;1;1;B01
201400047746;0;7;0;0;2;9;2;B01
201400047746;0;7;0;0;2;9;2;C01
201400047746;0;15;0;0;2;4;2;A01
201400047747;0;34;0;0;2;0;0;B01
201400047747;0;7;0;0;2;7;0;A01
201400047748;0;7;0;0;2;4;2;A01
201400047748;0;34;0;0;2;1;2;B01
201400047749;0;33;0;0;2;0;0;C01
201400047749;0;7;0;0;2;3;1;B01
201400047749;0;7;0;0;2;0;0;D01
201400047749;0;14;0;0;2;1;12;A01
201400047750;0;33;0;0;0;7;0;A01
201400047751;0;31;0;16;0;7;3;A01
201400047752;0;1;0;0;2;8;18;B01
201400047752;0;15;0;0;2;7;16;A01
201400047753;0;7;0;0;2;4;24;B01
201400047753;0;7;0;1;0;1;14;A01
201400047754;0;7;0;0;2;4;2;B01
201400047754;0;10;0;0;2;1;1;A01
201400047755;0;7;0;1;0;1;1;A01
201400047755;0;10;0;0;2;6;1;B01
201400047756;0;34;0;0;2;1;3;A01
201400047756;0;34;0;0;0;4;3;B01
201400047757;0;37;12;4;0;1;1;A01
201400047758;0;7;0;0;2;5;1;A01
201400047758;1;7;0;0;2;0;0;Z01
201400047759;0;7;0;0;2;0;0;A01
201400047759;0;17;0;0;2;5;1;B01
201400047760;0;7;0;0;2;1;1;B01
201400047760;0;7;0;0;2;4;2;A01
201400047761;0;7;0;0;0;4;2;B01
201400047761;0;7;0;0;2;1;1;A01
201400047762;0;7;0;4;0;9;14;A01
201400047763;0;7;0;0;2;1;12;A01
201400047764;0;7;0;4;0;2;1;A01
201400047765;0;7;0;0;0;1;0;A01
201400047765;0;31;0;0;2;1;0;B01
201400047766;0;7;0;0;2;9;9;A01
201400047766;0;7;0;0;2;7;1;B01
201400047767;0;7;0;0;2;4;2;B01
201400047767;0;7;0;;2;1;1;A01
201400047767;0;7;0;0;2;5;2;C01
201400047768;0;7;0;4;0;1;1;A01
201400047769;0;33;0;0;0;0;1;A01
201400047770;0;7;0;0;0;7;17;B01
201400047770;0;7;0;0;2;1;13;A01
201400047771;0;7;0;0;2;8;0;A01
201400047771;0;7;0;0;2;1;0;B01
201400047771;0;7;0;0;0;4;0;C01
201400047772;0;7;0;0;2;4;2;B01
201400047772;0;7;0;0;2;1;1;A01
201400047773;0;31;0;0;0;0;0;A01
201400047774;0;7;0;0;2;4;2;B01
201400047774;0;7;0;0;2;1;1;A01
201400047775;0;7;0;4;0;1;12;A01
201400047776;0;7;0;3;0;1;13;A01
201400047777;1;99;0;0;2;2;0;Z01
201400047777;0;7;0;0;2;0;0;A01
201400047778;0;10;0;0;2;1;1;A01
201400047778;0;10;0;0;2;4;2;B01
201400047779;0;7;0;0;2;8;1;A01
201400047779;0;15;0;0;2;2;0;B01
201400047780;0;7;0;0;2;4;2;B01
201400047780;0;7;0;0;2;1;1;A01
201400047781;0;7;0;0;2;1;2;C01
201400047781;0;7;0;0;2;1;2;B01
201400047781;0;7;0;0;0;4;2;A01
201400047782;0;34;0;3;0;2;14;A01
201400047783;0;34;0;4;0;1;13;A01
201400047784;0;7;0;0;2;9;0;A01
201400047784;0;10;0;0;2;3;0;B01
201400047784;0;13;0;0;2;0;0;C01
201400047784;0;34;0;0;2;3;0;D01
201400047785;0;31;0;0;2;1;1;A01
201400047785;0;7;0;0;2;5;2;B01
201400047786;0;7;0;4;0;3;13;A01
201400047787;0;7;0;0;0;4;2;B01
201400047787;0;7;0;0;0;2;1;C01
201400047787;0;10;0;0;2;1;0;A01
201400047788;0;10;0;0;0;5;1;C01
201400047788;0;7;0;0;2;3;21;B01
201400047788;0;34;0;0;2;1;1;A01
201400047789;0;33;0;4;0;8;0;A01
201400047790;0;7;0;0;2;4;0;B01
201400047790;0;7;0;0;2;1;0;A01
201400047791;0;7;0;0;0;4;0;B01
201400047791;0;7;0;0;2;1;0;A01
201400047792;0;7;0;4;0;1;21;A01
201400047793;0;7;0;0;0;1;1;A01
201400047793;0;7;0;0;0;4;2;B01
201400047793;0;7;0;0;0;4;2;C01
201400047793;0;7;0;0;0;4;2;D01
201400047794;0;7;0;0;2;6;1;A01
201400047794;0;15;0;0;0;3;13;B01
201400047795;0;7;0;0;2;1;2;C01
201400047795;0;7;0;0;0;4;0;A01
201400047795;0;7;0;0;2;1;2;B01
201400047796;0;7;0;0;2;4;2;B01
201400047796;0;7;0;0;2;1;1;A01
201400047797;0;7;0;0;2;1;0;A01
201400047797;0;7;0;0;2;4;0;B01
201400047798;1;7;0;0;0;0;0;Z01
201400047798;0;32;0;0;2;4;1;A01
201400047799;0;7;0;3;0;2;14;A01
201400047800;0;7;0;0;2;1;0;A01
201400047800;0;7;0;0;2;4;0;B01
201400047801;0;7;0;0;2;1;1;B01
201400047801;0;7;0;0;6;1;1;A01
201400047802;0;7;0;0;2;4;0;C01
201400047802;0;7;0;4;2;1;0;A01
201400047802;0;7;0;0;2;6;0;B01
201400047803;0;7;0;16;0;9;13;A01
201400047804;0;10;0;0;2;8;1;B01
201400047804;0;33;0;0;2;7;3;A01
201400047805;0;7;0;0;0;4;2;C01
201400047805;0;7;0;0;2;1;2;A01
201400047805;0;7;0;0;2;5;2;B01
201400047806;0;7;0;0;2;1;1;C01
201400047806;0;7;0;0;2;4;1;B01
201400047806;0;7;0;0;2;4;1;A01
201400047807;0;7;0;0;2;3;11;B01
201400047807;0;32;0;0;2;7;0;A01
201400047808;0;7;0;0;2;1;0;A01
201400047808;0;7;0;0;0;4;0;B01
201400047809;0;33;0;0;0;0;3;A01
201400047810;0;31;0;15;2;1;1;A01
201400047810;0;7;0;;2;8;1;C01
201400047810;0;7;0;;2;6;1;B01
201400047811;1;7;0;0;2;0;0;Z01
201400047811;0;7;0;0;2;7;1;B01
201400047811;0;33;0;0;2;7;3;A01
201400047812;0;34;0;0;2;8;2;A01
201400047813;0;33;0;0;2;3;3;A01
201400047813;0;7;0;0;0;5;12;B01
201400047814;0;10;0;0;0;4;2;A01
201400047814;0;10;0;0;0;1;2;C01
201400047814;0;33;0;0;0;1;2;D01
201400047814;0;10;0;0;0;1;2;B01
201400047815;0;7;0;0;2;1;0;A01
201400047815;0;7;0;0;0;4;0;B01
201400047816;0;15;0;0;2;3;11;A01
201400047816;0;7;0;3;2;9;2;B01
201400047817;0;33;0;0;0;0;0;A01
201400047817;0;7;0;0;0;0;0;B01
201400047818;0;7;0;0;0;0;0;A01
201400047818;0;32;0;0;0;0;0;C01
201400047818;0;14;0;0;0;0;0;B01
201400047819;0;7;0;3;0;1;21;A01
201400047820;0;15;0;0;2;3;11;D01
201400047820;0;7;0;0;2;4;2;B01
201400047820;0;15;0;0;2;9;2;C01
201400047820;0;7;0;0;2;1;1;A01
201400047821;0;33;0;0;2;1;1;A01
201400047821;0;33;0;0;2;5;2;B01
201400047821;0;10;0;0;2;8;2;C01
201400047822;0;7;0;0;2;6;1;B01
201400047822;0;33;0;0;2;1;3;A01
201400047823;0;7;0;0;2;4;2;A01
201400047823;0;7;0;0;2;1;1;C01
201400047823;0;7;0;0;2;4;2;B01
201400047824;0;7;0;0;0;9;0;A01
201400047825;0;7;0;14;2;0;0;B01
201400047825;0;7;0;14;2;0;0;C01
201400047825;0;7;0;14;2;0;0;A01
201400047826;0;7;0;4;0;9;0;A01
201400047827;0;34;0;0;0;3;3;A01
201400047827;1;31;0;0;0;2;12;Z01
201400047828;0;7;0;0;0;1;9;A01
201400047829;0;7;0;4;0;3;1;A01
201400047830;0;10;0;13;0;2;1;A01
201400047831;0;7;0;0;0;4;1;B01
201400047831;0;7;0;0;0;1;1;A01
201400047832;0;7;0;0;0;5;1;B01
201400047832;0;33;0;0;0;3;3;A01
201400047833;0;7;0;3;0;3;13;A01
201400047834;0;7;0;4;0;1;21;A01
201400047835;0;7;0;16;0;1;1;A01
201400047836;0;7;0;0;2;1;2;B01
201400047836;0;7;0;0;2;4;2;A01
201400047837;0;7;0;4;0;9;0;A01
201400047838;0;7;0;0;2;2;0;A01
201400047838;0;32;0;0;2;6;0;B01
201400047839;0;7;0;4;0;2;14;A01
201400047840;0;7;0;0;2;8;1;A01
201400047840;0;7;0;0;2;1;17;B01
201400047841;0;7;0;0;2;1;1;A01
201400047841;0;10;0;0;2;4;2;B01
201400047842;0;15;0;0;2;1;0;A01
201400047842;0;7;0;0;0;4;1;C01
201400047842;0;7;0;0;2;4;0;B01
201400047843;0;31;0;0;2;1;21;B01
201400047843;0;7;0;0;2;5;1;A01
201400047844;0;10;0;1;0;1;2;A01
201400047844;0;7;0;0;0;4;24;B01
201400047845;0;7;0;4;0;1;13;A01
201400047846;0;17;0;0;0;2;12;A01
201400047846;0;7;0;0;0;6;2;B01
201400047847;0;7;0;0;6;1;1;A01
201400047848;0;7;0;4;0;3;13;A01
201400047848;0;32;0;0;2;8;2;B01
201400047849;0;15;0;4;0;3;13;A01
201400047850;0;7;0;4;0;1;2;A01
201400047851;0;7;0;4;0;9;2;A01
201400047852;0;7;0;3;0;1;0;A01
201400047853;0;7;0;4;0;2;14;A01
201400047854;0;7;0;13;0;1;1;A01
201400047855;0;7;0;4;0;9;1;A01
201400047856;0;7;0;0;2;4;0;C01
201400047856;0;7;0;0;2;4;0;B01
201400047856;0;7;0;0;2;1;0;A01
201400047857;0;7;0;0;2;4;2;F01
201400047857;0;7;0;0;2;4;2;B01
201400047857;0;7;0;0;2;4;2;E01
201400047857;0;7;0;0;2;1;1;A02
201400047857;0;7;0;0;2;4;2;C01
201400047857;0;7;0;0;2;4;2;D01
201400047858;0;7;0;0;2;1;0;B01
201400047858;0;7;0;0;2;1;0;C01
201400047858;0;7;0;0;2;1;0;D01
201400047858;0;7;0;4;2;1;0;A01
201400047859;0;7;0;0;0;1;0;A01
201400047860;0;34;0;0;2;1;3;A01
201400047860;0;7;0;0;2;8;1;B01
201400047861;0;7;0;3;0;1;1;A01
201400047862;0;7;0;11;0;0;1;A01
201400047863;0;7;0;0;2;3;0;A01
201400047863;0;15;0;0;2;2;0;B01
201400047864;0;7;0;0;2;1;11;B01
201400047864;0;7;0;0;2;4;2;A01
201400047865;0;99;0;0;0;5;1;B01
201400047865;0;7;0;0;2;1;18;A01
201400047866;0;7;0;0;2;8;0;A01
201400047866;0;33;0;4;2;1;0;B01
201400047867;0;13;0;0;0;4;1;B01
201400047867;0;7;0;0;2;1;1;A01
201400047868;0;7;0;0;2;4;2;B01
201400047868;0;33;0;0;2;1;1;A01
201400047869;0;7;0;0;2;4;0;B01
201400047869;0;7;0;0;2;2;0;A01
201400047870;0;7;0;4;0;9;1;A01
201400047871;0;7;0;0;0;4;2;A01
201400047871;0;7;0;0;0;4;2;B01
201400047872;0;7;0;0;0;0;0;A01
201400047873;0;15;0;4;0;6;13;A01
201400047874;0;7;0;0;2;1;1;A01
201400047874;0;7;0;0;2;4;2;B01
201400047875;0;7;0;0;2;5;1;B01
201400047875;0;33;0;0;2;1;1;A01
201400047876;0;7;0;4;0;3;1;A01
201400047877;0;7;0;4;0;2;2;A01
201400047878;0;7;0;0;0;4;2;B01
201400047878;0;7;0;1;2;1;2;A01
201400047879;0;7;0;4;0;2;14;A01
201400047880;0;33;0;0;0;0;0;B01
201400047880;0;7;0;0;0;0;0;A01
201400047881;1;7;0;14;0;1;1;Z01
201400047881;0;7;0;0;2;4;1;A01
201400047882;0;33;0;0;2;1;1;A01
201400047882;0;7;0;0;2;5;2;B01
201400047883;0;7;0;0;0;9;0;A01
201400047883;0;7;0;1;0;3;0;B01
201400047884;0;33;0;16;0;9;1;A01
201400047885;0;7;0;1;0;1;1;A01
201400047886;0;7;0;0;2;4;0;C01
201400047886;0;7;0;0;2;1;0;B01
201400047886;0;7;0;0;2;4;0;A01
201400047886;0;7;0;4;2;1;0;D01
201400047887;0;15;0;0;2;4;2;B01
201400047887;0;7;0;0;2;1;1;A01
201400047888;0;7;0;4;0;1;0;A01
201400047889;0;7;0;4;0;1;1;A01
201400047890;0;7;0;13;0;3;1;A01
201400047891;0;7;0;4;0;1;0;A01
201400047892;0;7;0;4;0;3;13;A01
201400047893;0;7;0;16;0;9;1;A01
201400047894;0;7;0;0;2;4;2;A01
201400047894;0;7;0;0;2;1;2;B01
201400047895;0;7;0;0;2;1;2;B01
201400047895;0;7;0;0;2;4;23;A01
201400047896;0;7;0;4;0;1;0;A01
201400047897;0;7;0;0;1;3;1;A01
201400047898;0;7;0;13;0;2;1;A01
201400047899;0;7;0;0;0;4;1;A01
201400047899;2;7;0;0;2;1;2;Z01
201400047900;0;33;0;0;2;1;2;A01
201400047900;0;7;0;0;0;4;2;B01
201400047901;0;33;0;0;2;8;0;B01
201400047901;0;10;0;0;2;7;0;A01
201400047902;0;7;0;4;0;2;14;A01
201400047903;0;7;0;0;2;4;2;A01
201400047903;0;7;0;0;2;1;1;B01
201400047904;0;7;0;0;2;3;1;B01
201400047904;0;7;0;0;2;1;21;C01
201400047904;0;7;0;0;2;1;1;A01
201400047904;0;7;0;0;2;4;11;D01
201400047905;0;7;0;3;0;1;14;A01
201400047906;0;7;0;3;0;2;16;A01
201400047907;0;10;0;3;0;1;0;A01
201400047908;0;7;0;0;2;6;2;A01
201400047908;0;7;0;0;2;2;2;B01
201400047909;0;7;0;3;0;2;0;A01
201400047910;0;7;0;0;0;6;2;B01
201400047910;2;7;0;0;0;2;0;Z01
201400047910;0;7;0;1;0;1;2;C01
201400047911;0;7;0;0;6;1;1;A01
201400047912;0;7;0;4;0;1;1;A01
201400047913;0;7;0;0;0;0;2;E01
201400047913;0;7;0;0;0;4;1;C01
201400047913;0;7;0;1;0;2;2;A01
201400047913;0;7;0;0;0;0;2;D01
201400047913;0;7;0;0;0;0;0;B01
201400047914;0;7;0;0;2;1;2;A01
201400047914;0;7;0;0;0;4;2;B01
201400047915;0;33;0;0;2;2;17;A01
201400047915;0;7;0;0;2;3;2;B01
201400047915;0;7;0;0;2;3;2;C01
201400047916;0;10;0;0;0;4;1;B01
201400047916;0;7;0;0;2;1;2;A01
201400047917;0;7;0;0;0;0;1;A01
201400047917;0;33;0;0;0;0;21;B01
201400047918;0;10;0;0;2;1;1;A01
201400047918;0;10;0;0;2;4;2;B01
201400047918;0;7;0;0;2;1;2;C01
201400047919;0;7;0;0;0;4;2;C01
201400047919;0;7;0;0;2;4;2;B01
201400047919;0;7;0;0;2;1;2;A01
201400047920;0;7;0;0;2;5;12;B01
201400047920;0;31;0;0;2;8;1;A01
201400047921;0;7;0;0;2;4;2;D01
201400047921;0;33;0;0;2;3;3;A01
201400047921;0;7;0;0;2;4;2;C01
201400047921;0;7;0;0;2;2;12;B01
201400047922;0;10;0;0;2;1;2;A01
201400047922;0;7;0;0;2;4;2;B01
201400047922;0;7;0;0;2;4;2;C01
201400047923;0;7;0;0;2;5;2;B01
201400047923;1;7;0;0;2;3;0;Z01
201400047924;0;7;0;0;2;4;24;B01
201400047924;0;7;0;15;0;1;14;A01
201400047925;0;7;0;0;2;2;11;A01
201400047925;0;7;0;0;0;6;2;B01
201400047926;0;7;0;0;2;5;1;C01
201400047926;1;10;0;0;2;8;11;Z01
201400047926;0;7;0;0;2;3;1;D01
201400047926;0;34;0;0;2;2;3;B01
201400047927;0;7;0;0;0;0;11;B01
201400047927;0;33;0;0;0;2;21;A01
201400047928;0;7;0;0;2;1;2;A01
201400047928;0;7;0;0;2;4;2;B01
201400047929;0;7;0;0;0;4;1;C01
201400047929;0;15;0;0;2;3;1;B01
201400047929;0;7;0;0;2;7;12;A01
201400047930;0;7;0;0;2;1;0;A01
201400047930;0;7;0;0;2;4;0;B01
201400047931;0;7;0;0;2;8;13;B01
201400047931;0;7;0;0;2;4;2;C01
201400047931;0;7;0;0;2;1;2;A01
201400047931;0;7;0;0;2;4;2;D01
201400047932;0;33;0;0;2;1;3;A01
201400047932;0;10;0;0;2;3;11;B01
201400047933;0;7;0;0;2;3;9;B01
201400047933;0;33;0;0;2;2;3;A01
201400047933;0;7;0;0;2;4;2;C01
201400047934;0;33;0;0;0;7;21;A01
201400047935;0;7;0;0;2;1;2;A01
201400047935;0;7;0;0;2;4;0;B01
201400047936;1;7;0;0;0;4;0;A01
201400047937;0;7;0;0;2;7;12;B01
201400047937;0;33;0;0;2;1;3;A01
201400047938;0;7;0;0;2;7;1;B01
201400047938;0;10;0;3;2;2;1;A01
201400047939;0;33;0;0;0;0;3;A01
201400047940;0;7;0;0;0;5;1;A01
201400047940;0;32;0;0;2;3;3;B01
201400047941;0;7;0;13;2;6;0;A01
201400047941;0;7;0;0;2;2;17;B01
201400047942;0;7;0;4;0;1;0;A01
201400047943;0;33;0;0;2;4;2;B01
201400047943;0;7;0;0;2;1;2;A01
201400047944;0;7;0;0;2;1;2;A01
201400047944;0;31;0;0;0;4;2;B01
201400047945;0;7;0;0;2;1;2;A01
201400047945;0;7;0;0;0;4;0;B01
201400047946;0;7;0;4;0;1;12;A01
201400047947;0;7;0;0;0;6;23;B01
201400047947;0;7;0;1;0;2;0;A01
201400047948;0;7;0;0;0;4;2;E01
201400047948;0;7;0;0;2;4;2;B01
201400047948;0;7;0;0;2;4;2;D01
201400047948;0;7;0;0;2;1;2;A01
201400047948;0;7;0;0;2;4;2;C01
201400047949;0;7;0;0;2;2;12;A01
201400047949;0;33;0;0;2;8;3;B01
201400047950;0;7;0;0;2;4;0;D01
201400047950;0;7;0;0;2;5;0;C01
201400047950;0;33;0;0;2;1;3;B01
201400047950;0;7;0;0;2;3;9;A01
201400047951;0;7;0;0;0;0;21;A01
201400047952;0;7;0;3;2;1;2;A01
201400047952;0;7;0;0;0;4;2;B01
201400047953;0;10;0;0;2;4;1;B01
201400047953;0;33;0;0;2;1;3;A01
201400047954;0;7;0;4;0;9;21;A01
201400047955;0;7;0;0;2;4;21;E02
201400047955;0;7;0;0;2;1;2;A01
201400047955;0;7;0;1;2;1;1;C01
201400047955;0;7;0;14;0;1;21;D01
201400047955;0;10;0;0;2;4;2;B01
201400047955;0;7;0;0;2;2;21;F01
201400047956;0;7;0;0;2;1;2;A01
201400047956;0;7;0;0;2;4;2;C01
201400047956;0;7;0;0;2;4;2;B01
201400047957;0;7;0;0;9;1;1;B01
201400047957;0;7;0;0;0;0;5;C01
201400047957;0;15;0;3;0;1;0;A01
201400047958;0;33;0;0;2;3;3;B01
201400047958;0;7;0;0;0;0;2;C01
201400047958;0;7;0;0;2;2;12;A01
201400047959;0;7;0;4;0;3;0;A01
201400047960;0;7;0;2;0;1;0;A01
201400047961;0;7;0;3;0;3;2;A01
201400047962;0;7;0;0;2;2;12;B01
201400047962;0;33;0;0;2;8;3;A01
201400047963;0;7;0;14;2;1;1;C01
201400047963;1;7;0;0;2;2;11;A01
201400047963;0;7;0;0;0;6;1;B02
201400047963;0;7;0;0;2;1;2;D01
201400047963;0;7;0;0;0;4;12;E01
201400047963;0;7;0;0;2;3;12;F01
201400047964;0;7;0;4;0;3;1;A01
201400047965;0;7;0;0;2;1;2;A01
201400047965;0;7;0;0;2;4;2;B01
201400047966;0;7;0;4;0;3;1;A01
201400047967;0;7;0;0;0;6;11;B01
201400047967;0;33;0;0;2;2;3;A01
201400047968;0;7;0;0;2;4;2;C01
201400047968;0;33;0;0;2;2;17;B01