num_acc;senc;catv;occutc;obs;obsm;choc;manv;num_veh
201400047968;0;7;0;0;2;8;11;A01
201400047969;0;10;0;4;0;2;1;A01
201400047970;0;33;0;3;0;1;3;A01
201400047971;0;7;0;0;2;2;12;A01
201400047971;0;33;0;0;2;6;1;B01
201400047972;0;7;0;0;2;8;11;A01
201400047972;0;33;0;0;2;7;1;B01
201400047973;0;7;0;4;0;3;11;A01
201400047974;0;33;0;0;0;3;21;A01
201400047975;0;7;0;0;2;2;23;B01
201400047975;0;7;0;0;2;6;23;C01
201400047975;0;2;0;0;2;3;3;A01
201400047976;0;7;0;0;2;1;2;A01
201400047976;0;7;0;0;2;4;2;B01
201400047976;0;7;0;0;2;4;2;C01
201400047977;0;7;0;0;0;4;2;C01
201400047977;0;7;0;0;2;1;2;A01
201400047977;0;7;0;0;2;4;2;B01
201400047978;0;32;0;0;2;3;2;B01
201400047978;0;7;0;0;2;7;12;A01
201400047979;0;7;0;0;2;4;2;C01
201400047979;0;7;0;0;2;1;2;A01
201400047979;0;7;0;0;2;4;2;B01
201400047980;0;33;0;0;2;2;3;A01
201400047980;0;7;0;0;2;5;0;B01
201400047981;0;7;0;4;0;2;0;A01
201400047982;0;33;0;0;9;0;12;A01
201400047983;0;7;0;0;2;4;2;B01
201400047983;0;10;0;0;2;1;2;A01
201400047984;0;7;0;0;2;1;2;A01
201400047984;0;7;0;0;0;4;2;B01
201400047985;0;7;0;0;2;6;1;B01
201400047985;0;15;0;0;2;2;12;A01
201400047986;0;7;0;0;2;4;2;D01
201400047986;0;10;0;0;2;4;2;B01
201400047986;0;7;0;0;2;4;2;C01
201400047986;0;17;0;0;2;1;2;A01
201400047987;0;7;0;0;0;4;2;D01
201400047987;0;7;0;0;2;1;2;C01
201400047987;0;7;0;0;2;1;2;B01
201400047987;0;7;0;0;2;1;2;A01
201400047988;0;2;0;0;0;7;1;A01
201400047989;0;7;0;0;2;3;21;A01
201400047989;0;7;0;0;0;5;1;B01
201400047990;0;33;0;0;2;7;21;A01
201400047990;0;7;0;0;2;8;2;B01
201400047990;1;33;0;0;2;2;0;Z01
201400047991;0;10;0;0;0;5;2;B01
201400047991;0;33;0;0;2;3;21;A01
201400047992;0;31;0;0;2;1;2;A01
201400047992;0;7;0;0;0;4;2;B01
201400047993;0;10;0;0;2;4;2;B01
201400047993;0;7;0;0;2;4;2;D01
201400047993;0;7;0;0;2;4;2;C01
201400047993;0;7;0;0;2;1;2;A01
201400047994;0;33;0;0;0;7;1;A01
201400047995;0;7;0;4;0;1;1;A01
201400047996;0;7;0;0;2;1;2;A01
201400047996;0;33;0;0;0;4;2;B01
201400047997;0;33;0;0;0;8;3;A01
201400047998;0;10;0;0;0;4;2;C01
201400047998;0;33;0;0;2;8;3;A01
201400047998;0;31;0;0;2;5;3;B01
201400047999;0;7;0;9;0;4;2;B01
201400047999;0;17;0;0;2;1;2;A01
201400048000;0;32;0;0;2;8;3;A01
201400048000;0;7;0;0;0;2;14;B01
201400048001;0;7;0;0;0;4;2;C01
201400048001;0;7;0;0;2;4;2;B01
201400048001;0;7;0;0;2;1;2;A01
201400048002;0;7;0;3;0;9;0;A01
201400048003;0;33;0;0;2;1;3;A01
201400048003;0;7;0;0;0;7;12;B01
201400048004;0;33;0;0;0;3;0;A01
201400048005;0;7;0;0;2;4;23;A01
201400048005;0;7;0;1;0;2;21;B01
201400048006;0;7;0;0;2;1;2;B01
201400048006;0;7;0;4;2;1;2;A01
201400048007;0;17;0;0;0;4;2;B01
201400048007;0;7;0;0;2;1;2;A01
201400048008;0;7;0;0;2;5;12;B01
201400048008;0;31;0;0;2;3;3;A01
201400048009;0;33;0;0;2;7;1;A01
201400048010;0;7;0;0;2;8;11;A01
201400048010;0;33;0;0;2;2;3;B01
201400048011;0;34;0;0;2;1;2;A01
201400048011;0;7;0;0;0;4;2;B01
201400048012;0;7;0;4;0;3;2;A01
201400048013;0;33;0;6;0;8;16;A01
201400048014;0;10;0;0;2;1;11;A01
201400048014;0;10;0;4;0;4;2;B01
201400048015;0;7;0;3;0;1;16;A01
201400048016;0;34;0;0;0;2;0;A01
201400048017;0;7;0;4;0;1;17;A01
201400048017;0;7;0;0;2;3;21;B01
201400048018;0;7;0;0;0;4;2;B01
201400048018;0;7;0;0;2;1;2;A01
201400048019;0;10;0;0;0;5;2;B01
201400048019;0;7;0;0;2;3;2;A01
201400048020;0;7;0;0;2;1;2;C01
201400048020;0;7;0;0;2;1;2;A01
201400048020;0;7;0;0;2;4;2;B01
201400048020;0;7;0;0;0;3;2;D01
201400048021;0;7;0;0;0;0;1;A01
201400048022;0;7;0;0;2;5;14;A01
201400048022;0;10;0;0;2;3;2;B01
201400048023;0;7;0;0;2;1;2;A01
201400048023;0;7;0;0;0;4;2;B01
201400048024;0;7;0;0;0;5;12;B01
201400048024;0;32;0;0;2;1;3;A01
201400048025;0;33;0;0;2;3;3;A01
201400048025;1;10;0;0;2;2;12;Z01
201400048026;0;7;0;0;0;6;2;B01
201400048026;0;31;0;0;2;2;2;A01
201400048027;0;7;0;0;2;4;2;B01
201400048027;0;10;0;0;2;1;2;A01
201400048027;1;99;0;0;0;4;2;Z01
201400048028;0;7;0;0;2;1;2;A01
201400048028;0;7;0;0;0;2;21;C01
201400048028;0;7;0;0;2;1;2;B01
201400048029;0;7;0;0;2;8;11;B01
201400048029;0;34;0;0;2;2;12;A01
201400048030;0;14;0;1;2;2;0;C01
201400048030;0;14;0;0;0;6;23;D01
201400048030;0;7;0;14;2;1;13;B01
201400048030;0;7;0;4;0;1;23;A01
201400048031;0;32;0;0;2;3;2;A01
201400048031;0;7;0;0;2;5;2;B01
201400048032;0;7;0;0;0;4;11;A01
201400048032;0;33;0;0;2;1;3;B01
201400048033;0;7;0;0;9;1;0;C01
201400048033;0;7;0;4;2;3;0;A01
201400048033;0;7;0;0;9;1;1;D01
201400048033;0;7;0;3;2;2;0;B01
201400048034;0;32;0;0;2;2;2;B01
201400048034;0;7;0;0;2;3;13;A01
201400048034;0;7;0;0;0;4;0;C01
201400048035;1;7;0;0;0;0;0;B01
201400048035;0;31;0;0;0;5;1;A01
201400048036;0;10;0;0;2;8;22;A01
201400048036;0;7;0;0;0;5;2;C01
201400048036;0;34;0;0;2;7;3;B01
201400048037;0;33;0;0;0;3;0;A01
201400048038;0;7;0;0;2;4;1;B01
201400048038;0;33;0;0;2;1;1;A01
201400048039;0;7;0;0;0;8;2;C01
201400048039;0;33;0;0;2;1;2;A01
201400048039;0;7;0;0;0;5;2;B01
201400048040;0;10;0;0;2;4;1;B01
201400048040;0;7;0;0;2;1;2;A01
201400048041;0;31;0;0;2;1;3;A01
201400048041;0;7;0;0;2;3;1;B01
201400048042;0;7;0;0;0;5;12;B01
201400048042;0;32;0;0;2;8;3;A01
201400048043;0;10;0;0;2;4;1;B01
201400048043;0;7;0;0;2;1;2;A01
201400048044;0;7;0;4;0;1;1;B01
201400048044;0;15;0;0;0;0;1;A01
201400048045;0;7;0;0;2;1;2;A02
201400048045;0;7;0;0;2;5;2;E01
201400048045;0;7;0;0;2;4;2;C01
201400048045;0;10;0;0;0;4;2;F01
201400048045;0;7;0;0;2;4;2;B01
201400048045;0;7;0;0;2;4;2;D01
201400048046;0;33;0;0;2;3;3;A01
201400048046;0;7;0;0;0;5;12;B01
201400048047;0;33;0;0;9;9;0;A01
201400048048;0;7;0;0;0;0;0;A01
201400048048;0;33;0;0;2;0;0;B01
201400048049;0;7;0;4;2;6;1;B01
201400048049;0;7;0;3;2;2;14;A01
201400048050;0;32;0;0;2;1;2;A01
201400048050;0;7;0;0;2;4;2;B01
201400048051;0;34;0;0;2;1;0;A01
201400048051;0;10;0;0;2;4;1;B01
201400048052;0;7;0;0;2;5;1;C01
201400048052;0;7;0;0;2;1;2;A01
201400048052;0;7;0;0;2;4;1;B01
201400048053;0;15;0;0;2;3;12;A01
201400048053;0;7;0;0;2;6;2;B01
201400048053;0;7;0;0;2;2;2;C01
201400048054;0;7;0;0;2;1;2;A01
201400048054;0;7;0;0;2;4;2;B01
201400048054;0;7;0;0;2;4;0;D01
201400048054;0;7;0;4;0;4;2;C01
201400048054;0;7;0;0;2;5;0;E01
201400048055;0;7;0;4;0;9;17;A01
201400048056;0;7;0;0;2;2;2;A01
201400048056;0;7;0;0;0;4;2;B01
201400048057;0;7;0;4;0;1;0;A01
201400048058;0;14;0;0;0;0;23;A01
201400048058;0;33;0;0;9;1;21;B01
201400048059;0;33;0;0;2;1;0;A01
201400048059;0;7;0;0;2;3;2;B01
201400048060;0;7;0;0;0;4;2;B01
201400048060;0;7;0;0;2;1;2;A01
201400048060;0;7;0;0;2;4;2;C01
201400048061;0;7;0;0;0;4;2;B01
201400048061;0;7;0;0;2;8;0;C01
201400048061;0;10;0;3;2;1;2;A01
201400048062;0;7;0;0;2;5;2;C01
201400048062;0;7;0;0;2;1;0;A01
201400048062;0;7;0;0;2;4;2;B01
201400048063;0;10;0;0;2;3;0;B01
201400048063;0;7;0;3;2;1;0;A01
201400048064;0;7;0;0;2;2;1;C01
201400048064;0;33;0;0;0;4;3;B01
201400048064;0;7;0;0;0;0;0;A01
201400048065;0;7;0;0;2;4;2;B01
201400048065;0;10;0;0;2;1;2;A01
201400048065;0;7;0;0;2;4;2;C01
201400048066;0;7;0;0;2;6;2;C01
201400048066;0;7;0;0;2;5;1;B01
201400048066;0;7;0;0;2;5;2;A01
201400048067;0;7;0;0;0;1;0;A01
201400048068;0;7;0;0;2;4;0;B01
201400048068;0;7;0;0;2;1;14;A01
201400048069;0;32;0;16;0;8;1;A01
201400048070;0;33;0;0;2;1;2;A01
201400048070;0;7;0;0;0;4;23;B01
201400048071;0;7;0;0;2;4;11;B01
201400048071;0;32;0;0;2;2;2;A01
201400048072;0;15;0;0;2;2;21;A01
201400048072;0;7;0;0;2;4;1;C01
201400048072;0;7;0;0;2;6;1;B01
201400048072;0;7;0;0;2;4;1;D01
201400048073;0;7;0;0;0;0;0;A01
201400048074;0;7;0;4;0;0;0;A01
201400048075;0;7;0;4;0;3;1;A01
201400048076;0;7;0;0;2;3;0;A01
201400048076;0;7;0;0;0;5;0;B01
201400048077;0;7;0;4;0;2;0;A01
201400048078;0;10;0;4;0;3;1;A01
201400048079;0;7;0;3;0;1;13;A01
201400048080;0;10;0;0;2;1;2;A01
201400048080;0;33;0;0;2;4;2;B01
201400048081;0;7;0;0;0;2;12;B01
201400048081;0;33;0;0;2;1;3;A01
201400048082;0;7;0;0;2;4;2;B01
201400048082;0;7;0;0;2;4;2;C01
201400048082;0;7;0;0;2;1;0;A01
201400048083;0;7;0;0;0;6;0;C01
201400048083;0;7;0;0;2;5;0;B01
201400048083;0;10;0;0;2;3;2;A01
201400048084;0;7;0;0;2;4;2;B01
201400048084;0;10;0;0;2;1;2;A01
201400048084;0;7;0;0;0;6;2;C01
201400048085;0;7;0;0;2;4;2;B01
201400048085;0;33;0;0;2;1;2;A01
201400048086;0;7;0;0;0;0;0;A01
201400048087;0;33;0;0;0;2;0;A01
201400048088;0;7;0;4;0;6;0;A01
201400048089;0;7;0;4;0;3;0;A01
201400048090;0;31;0;0;0;8;0;A01
201400048091;0;7;0;0;2;1;2;A01
201400048091;0;7;0;0;2;4;2;B01
201400048092;0;33;0;0;0;7;2;A01
201400048093;0;7;0;14;0;1;2;A01
201400048094;0;7;0;4;0;3;11;A01
201400048095;0;7;0;0;2;1;2;A01
201400048095;0;10;0;0;0;4;2;B01
201400048096;0;7;0;0;2;1;11;A01
201400048096;0;7;0;0;0;8;1;C01
201400048096;0;7;0;0;2;7;12;B01
201400048097;0;10;0;0;2;5;1;B01
201400048097;0;33;0;0;2;1;9;A01
201400048098;0;7;0;0;2;2;12;B01
201400048098;0;33;0;0;2;3;3;A01
201400048099;0;33;0;0;2;1;2;A01
201400048099;0;15;0;0;0;4;1;B01
201400048100;0;7;0;3;0;1;17;B01
201400048100;0;14;0;6;0;0;1;A01
201400048101;0;7;0;0;2;1;2;A01
201400048101;0;7;0;0;2;5;2;C01
201400048101;0;7;0;0;2;4;2;B01
201400048102;0;34;0;0;2;3;3;A01
201400048102;0;7;0;0;0;2;12;B01
201400048103;0;34;0;3;0;3;1;A01
201400048104;0;7;0;0;2;4;2;B01
201400048104;0;10;0;0;0;4;2;C01
201400048104;0;7;0;0;2;1;2;A01
201400048105;0;33;0;0;2;3;0;A01
201400048106;0;10;0;0;0;3;0;B01
201400048107;0;33;0;0;2;2;3;A01
201400048107;0;7;0;0;2;5;2;C01
201400048107;0;7;0;0;2;6;2;D01
201400048107;0;7;0;0;2;6;2;B01
201400048108;0;31;0;0;2;1;2;B01
201400048108;0;33;0;0;0;2;2;A01
201400048109;0;7;0;0;2;1;2;A01
201400048109;0;7;0;0;2;4;2;C01
201400048109;0;7;0;0;2;4;2;B01
201400048110;1;7;0;0;2;8;2;B01
201400048110;0;33;0;0;2;1;3;A01
201400048110;0;7;0;0;2;5;2;C01
201400048111;0;7;0;0;2;2;12;B01
201400048111;0;7;0;0;2;6;1;C01
201400048111;0;33;0;0;2;8;1;A01
201400048112;0;33;0;0;0;1;0;A01
201400048112;0;10;0;0;0;3;0;B01
201400048113;0;7;0;0;0;6;2;B01
201400048113;0;31;0;0;2;1;0;A01
201400048114;0;34;0;0;2;1;3;A01
201400048114;0;10;0;0;0;5;1;B01
201400048115;0;7;0;0;2;4;1;C01
201400048115;0;7;0;0;2;7;12;B01
201400048115;0;33;0;0;2;1;3;A01
201400048116;0;10;0;0;2;2;2;A01
201400048116;0;7;0;0;0;6;2;C01
201400048116;0;7;0;0;2;6;2;B01
201400048117;0;15;0;0;0;4;1;B01
201400048117;0;10;0;0;2;1;0;A01
201400048118;0;7;0;3;0;1;2;A01
201400048119;0;7;0;4;0;3;1;A01
201400048120;0;7;0;0;0;4;2;B01
201400048120;0;7;0;0;2;1;2;A01
201400048121;0;14;0;0;2;7;12;A01
201400048121;0;7;0;0;2;8;2;B01
201400048122;0;31;0;0;0;0;3;A01
201400048123;0;7;0;0;2;4;23;B01
201400048123;0;10;0;0;2;1;2;A01
201400048124;0;7;0;0;2;1;0;B01
201400048124;0;7;0;0;2;3;0;C01
201400048124;0;7;0;0;2;1;9;A01
201400048125;0;7;0;0;2;2;0;A01
201400048125;0;7;0;0;0;6;23;C01
201400048125;0;7;0;0;0;6;23;B01
201400048126;0;33;0;0;2;1;3;A01
201400048126;0;7;0;0;2;6;11;B01
201400048127;0;7;0;0;0;4;2;B01
201400048127;1;99;0;0;2;1;2;A01
201400048128;0;3;0;0;0;0;0;A01
201400048129;0;32;0;0;2;1;3;A01
201400048129;0;17;0;0;2;6;1;B01
201400048130;0;7;0;0;2;2;0;A01
201400048130;0;7;0;0;0;6;0;B01
201400048131;0;33;0;0;2;2;1;A01
201400048131;0;7;0;0;0;6;11;B01
201400048132;0;7;0;0;2;5;1;B01
201400048132;0;7;0;0;2;0;0;A01
201400048133;0;14;0;0;2;2;2;A01
201400048133;0;15;0;0;2;6;2;B01
201400048134;0;7;0;0;2;4;0;B01
201400048134;0;10;0;0;2;1;2;A01
201400048134;0;7;0;0;2;4;0;C01
201400048135;0;33;0;0;0;7;0;A01
201400048136;0;7;0;0;2;9;2;B01
201400048136;0;7;0;0;2;3;2;C01
201400048136;0;7;0;0;2;1;2;A01
201400048137;0;7;0;0;2;6;11;A01
201400048137;0;7;0;0;2;6;1;C01
201400048137;0;33;0;4;2;1;3;B01
201400048138;0;7;0;0;0;5;12;B01
201400048138;0;31;0;0;2;1;3;A01
201400048139;0;7;0;4;2;3;17;A01
201400048139;0;7;0;0;2;0;1;B01
201400048140;0;33;0;0;2;1;3;A01
201400048140;0;7;0;0;2;2;12;B01
201400048141;0;33;0;0;0;0;0;A01
201400048142;0;33;0;12;0;8;2;A01
201400048143;0;7;0;7;0;1;1;A01
201400048144;0;7;0;6;2;1;2;A01
201400048145;0;7;0;0;2;1;2;A01
201400048145;0;7;0;0;2;4;2;B01
201400048146;0;10;0;0;0;5;2;C01
201400048146;0;7;0;0;2;6;21;B01
201400048146;0;33;0;0;2;2;3;A01
201400048147;0;7;0;0;0;4;2;A01
201400048147;0;7;0;0;2;1;2;B01
201400048148;0;7;0;0;0;6;13;B01
201400048148;0;34;0;0;2;1;2;A01
201400048149;0;7;0;3;0;2;0;A01
201400048150;0;33;0;0;2;3;18;A01
201400048150;0;33;0;0;0;5;1;B01
201400048151;0;33;0;0;2;1;2;A01
201400048151;0;10;0;0;0;6;1;B01
201400048152;0;7;0;4;0;1;0;A01
201400048153;0;33;0;0;2;2;0;A01
201400048153;0;7;0;0;2;6;2;B01
201400048154;0;7;0;0;2;4;2;D01
201400048154;0;7;0;0;2;4;2;C01
201400048154;0;7;0;0;2;4;2;E01
201400048154;0;7;0;0;2;1;2;A01
201400048154;0;7;0;0;2;4;2;B01
201400048155;0;15;0;0;2;7;12;B01
201400048155;0;7;0;0;2;8;1;A01
201400048156;0;33;0;0;2;3;2;A01
201400048156;0;7;0;0;2;4;2;B01
201400048157;0;7;0;0;2;3;1;B01
201400048157;0;15;0;0;2;2;12;A01
201400048158;0;7;0;0;2;4;2;B01
201400048158;1;7;0;0;2;1;0;A01
201400048159;0;7;0;13;0;5;12;A01
201400048160;0;32;0;0;0;8;3;A01
201400048160;0;7;0;0;0;0;12;T01
201400048161;0;33;0;0;2;1;0;A01
201400048161;0;7;0;0;2;5;2;B01
201400048162;0;34;0;0;2;2;3;A01
201400048162;0;7;0;0;2;3;11;B01
201400048162;0;7;0;0;2;6;23;C01
201400048163;0;7;0;3;0;4;2;A01
201400048163;0;7;0;0;2;1;2;B01
201400048164;0;7;0;4;0;3;0;A01
201400048165;0;33;0;0;2;3;2;B01
201400048165;0;7;0;0;2;5;12;A01
201400048166;0;7;0;0;2;7;12;B01
201400048166;0;33;0;0;2;3;1;A01
201400048167;0;7;0;0;2;6;11;B01
201400048167;0;3;0;0;2;2;1;A01
201400048168;0;7;0;0;2;4;2;C01
201400048168;0;7;0;0;2;4;2;B01
201400048168;0;7;0;0;2;4;2;D01
201400048168;0;7;0;0;2;1;2;A01
201400048169;0;7;0;0;2;0;0;A01
201400048169;0;7;0;0;0;6;0;B01
201400048170;0;7;0;0;2;2;12;B01
201400048170;0;7;0;0;0;0;1;C01
201400048170;0;34;0;0;2;8;3;A01
201400048171;0;7;0;0;9;1;0;C01
201400048171;0;7;0;0;9;1;0;B01
201400048171;0;7;0;0;0;0;2;A01
201400048172;0;33;0;0;2;1;3;A01
201400048172;0;7;0;0;2;0;0;B01
201400048173;0;7;0;0;0;8;11;A01
201400048173;0;33;0;0;2;2;0;B01
201400048174;0;10;0;0;2;4;2;B01
201400048174;0;7;0;0;2;1;2;A01
201400048175;0;33;0;0;0;0;16;A01
201400048176;0;10;0;5;0;1;14;A01
201400048177;0;33;0;0;0;7;2;A01
201400048178;0;7;0;0;2;1;2;B01
201400048178;0;7;0;4;2;4;23;A01
201400048179;0;10;0;4;2;3;21;A01
201400048179;0;7;0;0;2;3;21;B01
201400048180;0;7;0;0;2;7;12;A01
201400048181;0;7;0;4;0;2;2;A01
201400048182;0;33;0;0;0;1;2;A01
201400048183;0;7;0;6;0;3;1;A01
201400048184;0;33;0;0;2;1;13;B01
201400048184;0;10;0;0;2;8;13;A01
201400048185;0;34;0;0;2;3;3;A01
201400048185;0;7;0;0;2;7;12;B01
201400048186;0;34;0;0;2;8;3;B01
201400048186;0;7;0;0;2;7;12;A01
201400048187;0;7;0;0;2;1;2;C01
201400048187;0;7;0;0;2;4;2;A01
201400048187;0;7;0;0;2;4;2;B01
201400048188;0;7;0;13;0;7;1;A01
201400048189;0;7;0;0;2;8;11;B01
201400048189;0;33;0;0;2;2;3;A01
201400048190;0;7;0;0;0;3;2;A01
201400048191;0;7;0;8;0;1;2;A01
201400048192;0;32;0;0;0;0;2;A01
201400048193;0;7;0;0;0;4;2;B01
201400048193;0;7;0;0;2;1;2;A01
201400048194;0;7;0;0;2;1;0;B01
201400048194;0;7;0;4;2;3;13;A01
201400048195;0;7;0;0;2;1;2;A01
201400048195;0;7;0;0;2;5;17;C01
201400048195;0;7;0;0;2;4;2;B01
201400048196;0;7;0;3;0;3;1;A01
201400048197;0;7;0;11;9;1;3;A01
201400048198;0;33;0;0;2;3;3;A01
201400048198;0;7;0;0;0;5;0;B01
201400048199;0;7;0;0;2;6;0;C01
201400048199;0;7;0;0;2;2;0;A01
201400048199;0;7;0;0;2;6;0;B01
201400048200;0;7;0;6;0;1;2;A01
201400048201;0;7;0;4;0;3;0;A01
201400048202;0;7;0;6;0;1;2;A01
201400048203;0;7;0;4;0;3;1;A01
201400048204;0;7;0;4;0;2;0;A01
201400048205;0;7;0;0;2;3;1;B01
201400048205;0;7;0;0;2;7;12;A01
201400048206;0;7;0;0;2;4;2;C01
201400048206;0;14;0;0;2;1;2;A01
201400048206;0;7;0;0;2;4;2;B01
201400048207;0;7;0;0;2;4;2;C01
201400048207;0;7;0;0;2;4;2;B01
201400048207;0;7;0;0;2;1;2;A01
201400048208;0;7;0;0;0;4;0;B01
201400048208;0;7;0;0;2;1;2;A01
201400048209;0;7;0;0;2;1;2;A01
201400048209;0;15;0;0;2;4;2;B01
201400048210;0;17;0;0;0;7;2;A01
201400048210;0;7;0;0;0;0;2;E01
201400048210;0;7;0;1;2;4;2;B01
201400048210;0;33;0;0;0;0;2;D01
201400048210;0;7;0;0;0;0;2;C01
201400048210;0;7;0;0;0;0;2;F02
201400048211;0;7;0;4;2;9;2;B01
201400048211;0;7;0;0;2;3;2;A01
201400048211;0;10;0;0;2;8;2;C01
201400048212;0;14;0;0;0;6;23;B01
201400048212;0;7;0;1;0;2;0;A01
201400048213;0;7;0;4;0;5;21;A01
201400048214;0;33;0;0;2;6;3;A01
201400048214;0;7;0;0;2;5;2;C01
201400048214;0;7;0;0;2;7;12;B01
201400048215;0;33;0;0;0;8;15;A01
201400048216;0;14;0;0;2;2;1;B01
201400048216;0;7;0;3;2;8;12;A01
201400048217;0;33;0;0;2;3;3;B01
201400048217;0;7;0;0;2;2;12;A01
201400048217;0;7;0;0;2;6;1;D01
201400048217;0;7;0;0;2;5;1;C01
201400048218;0;7;0;0;2;1;0;A01
201400048218;0;7;0;0;2;1;1;D01
201400048218;0;7;0;0;2;1;1;C01
201400048218;0;7;0;0;2;1;1;B01
201400048219;0;7;0;0;2;1;2;A01
201400048219;0;7;0;0;0;5;23;C01
201400048219;0;7;0;0;2;4;23;B01
201400048220;0;34;0;0;2;2;3;A01
201400048220;0;10;0;0;2;6;11;B01
201400048221;0;7;0;0;2;5;1;B01
201400048221;0;33;0;0;2;1;0;A01
201400048222;0;31;0;0;0;0;0;A01
201400048223;0;7;0;0;2;6;1;B01
201400048223;0;7;0;0;2;2;0;A01
201400048224;0;7;0;0;2;4;2;B01
201400048224;0;7;0;0;2;1;2;A01
201400048225;0;7;0;4;0;2;0;A01
201400048225;0;33;0;0;2;3;9;B01
201400048226;0;30;0;6;0;8;1;A01
201400048227;0;7;0;4;0;1;0;A01
201400048228;0;7;0;14;0;2;0;A01
201400048229;0;10;0;0;2;1;0;A01
201400048229;0;10;0;0;0;4;23;B01
201400048229;0;10;0;0;0;4;23;C01
201400048230;0;7;0;0;0;0;0;A01
201400048231;0;7;0;13;0;0;16;A01
201400048232;0;17;0;0;2;2;0;A01
201400048232;0;10;0;0;2;8;0;B01
201400048233;0;10;0;4;0;3;1;A01
201400048234;0;30;0;0;0;1;14;A01
201400048235;0;7;0;4;0;3;1;A01
201400048236;0;7;0;4;0;3;21;A01
201400048236;0;7;0;0;0;0;21;B01
201400048237;0;33;0;4;0;1;1;A01
201400048238;0;7;0;0;1;2;2;A01
201400048239;0;7;0;0;0;4;0;C01
201400048239;0;7;0;0;0;4;0;B01
201400048239;0;7;0;0;0;1;0;A01
201400048239;0;7;0;0;0;0;0;D01
201400048240;0;10;0;0;0;8;11;A01
201400048241;0;10;0;0;1;2;1;A01
201400048242;0;10;0;3;0;1;1;A01
201400048243;0;33;0;0;0;8;0;A01
201400048244;0;33;0;0;2;1;0;B01
201400048244;0;7;0;0;0;6;11;A01
201400048245;0;33;0;0;0;3;1;A01
201400048246;0;7;0;0;2;4;0;D01
201400048246;0;7;0;0;2;4;1;C01
201400048246;0;7;0;0;2;1;1;A01
201400048246;0;10;0;0;2;3;0;B01
201400048247;0;33;0;0;2;1;2;C01
201400048247;0;7;0;0;2;1;2;A01
201400048247;0;7;0;0;2;4;2;B01
201400048248;0;7;0;9;0;3;1;A01
201400048249;0;7;0;0;2;1;2;A01
201400048249;0;7;0;0;2;4;2;B01
201400048250;0;33;0;0;2;1;2;A01
201400048250;0;7;0;0;2;5;2;B01
201400048251;0;7;0;5;0;1;1;A01
201400048252;0;33;0;12;0;7;16;A01
201400048253;0;33;0;0;2;5;3;A01
201400048253;0;7;0;0;2;3;11;B01
201400048253;0;7;0;0;2;5;1;C01
201400048254;0;31;0;0;0;0;21;A01
201400048255;0;7;0;0;2;2;17;A01
201400048255;0;10;0;0;2;8;1;B01
201400048256;0;33;0;6;0;9;1;A01
201400048257;0;7;0;0;0;1;1;A01
201400048258;0;33;0;0;2;5;3;A01
201400048258;0;7;0;0;0;3;0;B01
201400048258;0;7;0;0;0;5;23;C01
201400048259;0;33;0;0;2;2;3;A01
201400048259;0;7;0;0;0;6;2;B01
201400048260;0;7;0;0;0;3;11;B01
201400048260;0;33;0;0;2;2;3;A01
201400048261;0;33;0;0;2;1;2;A01
201400048261;0;10;0;0;0;4;2;B01
201400048262;0;7;0;0;2;5;2;C01
201400048262;0;33;0;0;2;3;2;A01
201400048262;0;7;0;0;2;3;11;B01
201400048263;0;7;0;0;2;4;2;B01
201400048263;0;10;0;0;2;1;2;A01
201400048264;0;33;0;0;2;1;3;A01
201400048264;0;7;0;0;2;6;11;B01
201400048265;0;7;0;0;2;1;12;A01
201400048265;0;7;0;0;2;4;12;B01
201400048266;0;7;0;0;2;4;2;B01
201400048266;0;33;0;0;2;1;2;A01
201400048267;0;7;0;0;2;1;21;B01
201400048267;0;7;0;3;2;2;1;A01
201400048268;0;7;0;3;0;4;23;B01
201400048268;0;7;0;0;2;1;1;A01
201400048269;0;7;0;0;2;1;2;B01
201400048269;0;7;0;0;2;4;11;A01
201400048270;0;7;0;3;0;2;0;A01
201400048271;0;7;0;4;0;1;0;A01
201400048272;0;7;0;0;2;6;1;B01
201400048272;0;7;0;0;2;2;14;A01
201400048273;0;7;0;0;2;1;2;A01
201400048273;0;7;0;3;2;6;2;B01
201400048273;0;7;0;3;2;7;1;C01
201400048274;0;33;0;4;0;1;16;A01
201400048275;0;7;0;0;2;3;2;A01
201400048275;0;7;0;0;2;4;2;B01
201400048276;0;7;0;0;2;2;12;A01
201400048276;0;7;0;0;2;6;1;C01
201400048276;0;33;0;0;2;3;3;B01
201400048277;0;7;0;0;0;2;12;A01
201400048278;0;7;0;7;0;1;1;A01
201400048279;0;7;0;1;2;2;9;A01
201400048279;0;7;0;0;2;2;21;C01
201400048279;0;7;0;0;2;6;9;B01
201400048280;0;7;0;0;0;1;2;A01
201400048280;0;7;0;0;0;4;2;C01
201400048280;0;7;0;0;0;4;2;B01
201400048281;0;7;0;0;0;5;2;B01
201400048281;0;33;0;0;2;3;2;A01
201400048282;0;7;0;0;2;4;0;B01
201400048282;0;7;0;0;2;1;0;A01
201400048283;0;7;0;4;0;1;12;A01
201400048284;0;7;0;0;2;4;2;B01
201400048284;0;7;0;0;2;4;2;C01
201400048284;0;99;0;0;2;1;2;A01
201400048285;0;7;0;0;2;3;11;A01
201400048285;0;33;0;0;2;3;0;B01
201400048286;0;7;0;0;0;5;1;B01
201400048286;0;33;0;0;2;1;0;A01