num_acc;senc;catv;occutc;obs;obsm;choc;manv;num_veh
201400048287;0;7;0;0;2;4;2;C01
201400048287;0;7;0;0;2;4;2;B01
201400048287;0;10;0;0;2;1;0;A01
201400048288;0;7;0;0;2;6;1;B01
201400048288;0;33;0;0;2;1;21;A01
201400048289;1;3;0;0;2;3;0;Z01
201400048289;0;31;0;0;2;8;0;A01
201400048290;0;7;0;0;2;1;2;A01
201400048290;0;7;0;0;0;4;2;B01
201400048291;0;33;0;0;2;3;3;A01
201400048291;0;7;0;0;2;7;12;B01
201400048292;0;15;0;0;2;2;12;A01
201400048292;0;7;0;0;2;8;0;B01
201400048293;0;7;0;0;2;4;2;B01
201400048293;0;10;0;0;0;4;0;C01
201400048293;0;15;0;0;2;1;2;A01
201400048294;0;7;0;0;2;6;2;B01
201400048294;0;7;0;0;0;5;2;C01
201400048294;0;7;0;0;2;2;2;A01
201400048295;0;33;0;12;0;3;15;A01
201400048296;0;15;0;0;2;2;12;B01
201400048296;0;7;0;4;2;6;0;A01
201400048297;0;33;0;0;0;3;18;A01
201400048298;0;7;0;0;2;5;1;B01
201400048298;0;33;0;0;2;1;2;A01
201400048299;0;7;0;0;2;4;2;C01
201400048299;0;7;0;0;2;4;2;B01
201400048299;0;7;0;0;2;1;2;A01
201400048300;0;7;0;0;0;5;2;C01
201400048300;0;7;0;0;2;2;2;A01
201400048300;0;7;0;0;2;6;2;B01
201400048301;0;7;0;0;0;3;1;A01
201400048302;0;7;0;0;0;6;2;B01
201400048302;0;7;0;0;2;2;2;A01
201400048303;0;31;0;0;2;2;14;B01
201400048303;0;7;0;0;2;5;1;C01
201400048303;0;32;0;0;2;1;18;A01
201400048304;0;7;0;0;2;1;2;A01
201400048304;0;7;0;0;0;4;2;B01
201400048305;1;7;0;0;2;2;0;A01
201400048305;0;7;0;0;2;2;1;C01
201400048305;0;34;0;0;2;8;1;B01
201400048306;0;33;0;0;2;1;12;A01
201400048306;0;13;0;0;0;4;2;B01
201400048307;0;7;0;0;0;5;12;B01
201400048307;0;34;0;0;2;3;3;A01
201400048308;0;7;0;0;2;7;2;A01
201400048308;0;33;0;0;2;3;1;B01
201400048309;0;34;0;0;0;7;1;A01
201400048310;0;33;0;0;2;6;2;A01
201400048310;0;10;0;0;0;5;2;B01
201400048311;1;10;0;0;2;7;14;Z01
201400048311;0;33;0;3;2;8;2;B01
201400048312;0;7;0;0;0;2;2;C01
201400048312;0;34;0;0;2;8;3;A01
201400048312;0;10;0;0;0;5;9;B01
201400048313;0;7;0;0;2;4;2;B01
201400048313;0;7;0;0;2;1;2;A01
201400048313;0;7;0;0;0;4;2;C01
201400048314;0;7;0;0;0;5;12;B01
201400048314;0;33;0;0;2;1;3;A01
201400048315;0;32;0;0;0;7;0;A01
201400048316;0;7;0;0;0;6;11;B01
201400048316;0;31;0;0;2;1;3;A01
201400048317;0;33;0;0;0;8;21;A01
201400048318;0;7;0;0;0;9;0;A01
201400048319;0;33;0;0;2;7;3;A01
201400048319;0;7;0;0;2;8;11;B01
201400048320;0;33;0;12;0;3;1;A01
201400048321;0;33;0;0;2;8;21;A01
201400048321;0;32;0;0;2;7;21;B01
201400048322;0;7;0;0;0;7;2;A01
201400048323;0;7;0;4;0;2;11;A01
201400048324;0;10;0;3;0;1;1;A01
201400048325;0;31;0;0;0;1;2;A01
201400048326;0;7;0;4;0;2;0;A01
201400048327;0;7;0;0;2;3;11;A01
201400048327;0;33;0;0;0;4;3;B01
201400048328;0;34;0;0;2;1;2;A01
201400048328;0;7;0;0;0;5;2;B01
201400048329;0;34;0;0;0;7;1;A01
201400048330;0;7;0;0;2;3;11;A01
201400048330;0;7;0;0;0;5;2;B01
201400048331;0;33;0;0;0;7;0;A01
201400048332;0;7;0;0;0;4;2;B01
201400048332;0;7;0;0;2;1;2;A01
201400048333;0;7;0;0;0;6;0;B01
201400048333;0;32;0;0;2;2;3;A01
201400048334;0;7;0;0;2;4;2;C01
201400048334;0;7;0;0;2;1;2;A01
201400048334;0;7;0;0;2;4;0;B01
201400048335;0;10;0;0;2;7;14;B01
201400048335;0;32;0;0;2;3;3;A01
201400048336;0;7;0;0;2;7;12;A01
201400048336;0;33;0;0;2;8;1;B01
201400048337;0;7;0;3;2;1;21;B01
201400048337;0;7;0;4;0;9;21;A01
201400048338;0;33;0;0;9;1;2;D01
201400048338;0;33;0;0;2;7;2;B01
201400048338;0;2;0;0;2;7;2;A01
201400048338;0;33;0;0;2;1;2;E01
201400048338;0;33;0;3;2;1;2;C01
201400048339;0;33;0;0;0;0;2;B01
201400048339;0;7;0;0;2;2;12;A01
201400048340;0;7;0;0;0;4;0;B01
201400048340;0;34;0;0;2;1;12;A01
201400048341;0;33;0;0;2;2;2;A01
201400048341;0;7;0;0;2;3;11;B01
201400048342;0;7;0;0;0;4;2;B01
201400048342;0;15;0;0;2;1;2;A01
201400048343;0;31;0;0;0;0;1;A01
201400048344;0;7;0;0;0;9;0;A01
201400048345;0;31;0;0;2;1;21;A01
201400048346;0;7;0;0;2;4;2;B01
201400048346;0;7;0;0;2;1;2;A01
201400048347;0;15;0;4;0;3;0;A01
201400048348;0;7;0;0;0;4;1;C01
201400048348;0;7;0;0;2;4;11;B01
201400048348;0;10;0;0;2;1;0;A01
201400048349;0;7;0;0;2;4;2;B01
201400048349;0;30;0;0;2;1;2;A01
201400048350;0;33;0;4;0;0;0;A01
201400048351;0;33;0;4;0;7;12;A01
201400048352;0;7;0;0;2;4;2;B01
201400048352;0;7;0;0;2;1;2;A01
201400048353;0;7;0;4;9;1;0;A01
201400048354;0;7;0;0;2;1;2;A01
201400048354;0;7;0;0;0;4;2;B01
201400048355;0;7;0;4;0;1;2;A01
201400048356;0;7;0;0;2;2;2;A01
201400048356;0;7;0;0;2;4;23;B01
201400048356;0;7;0;0;0;4;23;C01
201400048357;0;7;0;0;0;4;2;B01
201400048357;0;7;0;0;2;1;2;A01
201400048358;0;31;0;0;0;0;0;A01
201400048359;0;7;0;6;0;1;13;A01
201400048360;0;7;0;0;2;1;2;A01
201400048360;0;7;0;0;0;4;23;C01
201400048360;0;7;0;0;2;4;1;B01
201400048361;0;17;0;0;2;2;1;B01
201400048361;0;7;0;3;2;3;9;A01
201400048362;0;7;0;0;2;5;1;D01
201400048362;0;7;0;0;2;6;1;C01
201400048362;0;7;0;0;2;2;12;B01
201400048362;0;33;0;0;2;1;3;A01
201400048363;0;7;0;0;0;6;2;C01
201400048363;0;31;0;0;2;3;2;A01
201400048363;0;10;0;0;0;5;2;B01
201400048364;0;7;0;0;2;2;1;B01
201400048364;0;7;0;3;2;3;11;A01
201400048365;0;7;0;0;2;1;2;A01
201400048365;0;7;0;0;2;3;2;C01
201400048365;0;7;0;0;2;4;2;B01
201400048366;0;33;0;0;0;2;9;A01
201400048367;0;7;0;0;2;5;0;B01
201400048367;0;7;0;0;2;1;20;A01
201400048367;0;7;0;0;0;5;0;C01
201400048368;2;7;0;3;2;7;0;A01
201400048368;0;7;0;3;2;8;0;B01
201400048369;0;7;0;0;2;1;2;A01
201400048369;0;7;0;0;2;4;2;C01
201400048369;0;7;0;0;2;4;2;B01
201400048370;0;7;0;0;2;1;2;A01
201400048370;0;15;0;0;0;4;2;B01
201400048371;0;15;0;0;2;2;5;A01
201400048371;0;7;0;4;2;1;1;B01
201400048372;0;7;0;13;0;9;1;A01
201400048373;0;10;0;12;0;3;13;A01
201400048374;0;7;0;0;2;4;2;B01
201400048374;0;7;0;0;2;1;1;A01
201400048375;0;7;0;0;0;2;1;C01
201400048375;0;7;0;0;0;2;12;B01
201400048375;0;33;0;0;2;3;3;A01
201400048376;0;33;0;0;0;3;3;A01
201400048377;0;33;0;0;2;2;17;A01
201400048377;0;33;0;0;2;3;2;B01
201400048378;0;7;0;0;0;4;0;B01
201400048378;0;7;0;0;2;2;0;A01
201400048379;0;31;0;4;0;8;0;A01
201400048380;0;7;0;0;0;6;2;B01
201400048380;0;33;0;0;2;3;2;A01
201400048381;0;7;0;0;2;8;1;B01
201400048381;0;33;0;0;2;7;3;A01
201400048382;0;7;0;0;2;5;12;A01
201400048382;0;34;0;0;2;8;1;B01
201400048383;0;33;0;0;2;7;1;B01
201400048383;1;10;0;0;2;8;11;Z01
201400048384;0;32;0;0;0;2;0;A01
201400048385;0;7;0;4;0;1;1;A01
201400048386;0;7;0;4;0;3;1;A01
201400048387;0;7;0;4;0;3;0;A01
201400048388;0;7;0;0;0;5;2;C01
201400048388;0;7;0;0;2;1;2;A01
201400048388;0;7;0;0;2;4;2;B01
201400048389;0;34;0;0;0;0;0;A01
201400048390;0;7;0;6;0;6;1;A01
201400048391;0;7;0;3;0;1;1;A01
201400048392;0;33;0;0;2;0;2;A01
201400048392;0;7;0;0;2;4;2;B01
201400048393;0;31;0;0;0;8;1;A01
201400048394;0;10;0;0;2;3;11;A01
201400048394;0;33;0;0;0;7;1;B01
201400048395;0;7;0;0;2;8;13;A01
201400048395;0;31;0;0;2;7;2;B01
201400048396;0;33;0;0;0;7;1;A01
201400048397;0;7;0;0;2;4;2;C01
201400048397;0;7;0;0;2;4;2;D01
201400048397;0;7;0;0;2;4;2;B01
201400048397;0;7;0;0;2;1;2;A01
201400048398;0;15;0;0;2;1;2;A01
201400048398;0;7;0;0;0;4;2;C01
201400048398;0;7;0;0;2;1;2;B01
201400048399;0;33;0;16;0;2;0;A01
201400048400;0;10;0;0;2;3;11;A01
201400048400;0;33;0;0;2;7;1;B01
201400048401;0;33;0;0;2;8;1;A01
201400048401;0;7;0;0;0;0;1;B01
201400048402;0;33;0;0;2;7;1;B01
201400048403;0;7;0;0;2;5;12;A01
201400048403;0;31;0;0;2;3;1;B01
201400048404;0;7;0;0;2;1;2;A01
201400048404;0;7;0;0;0;4;2;C01
201400048404;0;7;0;0;2;4;2;B01
201400048405;1;99;0;0;2;2;0;Z01
201400048405;0;34;0;0;2;1;2;B01
201400048406;0;33;0;0;0;3;11;A01
201400048407;0;7;0;0;2;1;1;A01
201400048407;0;7;0;4;0;4;1;B01
201400048408;1;7;0;0;0;2;0;A01
201400048409;0;7;0;0;2;6;11;B01
201400048409;0;33;0;0;2;7;3;A01
201400048410;1;10;0;0;2;4;2;Z01
201400048410;0;33;0;0;2;1;2;A01
201400048411;0;7;0;0;0;4;2;B01
201400048411;0;7;0;0;2;1;2;A01
201400048412;0;7;0;0;2;1;2;D01
201400048412;0;7;0;0;2;4;2;B01
201400048412;0;10;0;0;2;1;2;A01
201400048412;0;7;0;0;2;4;2;C01
201400048413;0;7;0;0;2;5;12;B01
201400048413;0;33;0;0;2;1;3;A01
201400048414;0;31;0;0;0;0;0;A01
201400048415;0;33;0;6;0;8;13;A01
201400048416;0;33;0;0;2;1;1;A01
201400048416;0;7;0;0;2;6;11;B01
201400048417;0;33;0;0;0;0;14;A01
201400048418;0;7;0;0;2;1;2;A01
201400048418;0;31;0;0;0;4;2;B01
201400048419;0;7;0;4;0;3;1;A01
201400048420;0;7;0;0;2;3;11;B01
201400048420;0;33;0;0;2;1;3;A01
201400048421;1;33;0;0;2;8;2;A01
201400048422;1;99;0;0;2;2;0;Z01
201400048422;0;33;0;0;2;8;1;A01
201400048423;0;7;0;0;2;6;11;B01
201400048423;0;33;0;0;2;2;3;A01
201400048424;0;7;0;0;0;4;23;A01
201400048424;1;7;0;0;2;1;2;Z01
201400048425;0;31;0;0;0;0;1;A01
201400048426;0;33;0;0;2;1;2;A01
201400048426;0;7;0;0;0;5;2;B01
201400048427;0;3;0;4;0;1;0;A01
201400048428;0;33;0;0;0;7;0;A01
201400048428;0;7;0;0;0;3;0;B01
201400048429;0;33;0;0;2;2;3;A01
201400048429;0;7;0;0;0;8;1;C01
201400048429;0;7;0;0;2;8;11;B01
201400048430;0;15;0;0;2;2;1;B01
201400048430;0;7;0;0;2;6;9;A01
201400048431;0;99;0;4;0;8;2;A01
201400048432;0;7;0;0;2;5;2;D01
201400048432;0;7;0;0;2;1;2;F02
201400048432;0;7;0;0;2;1;2;A01
201400048432;0;7;0;0;2;4;2;C01
201400048432;0;7;0;0;2;4;2;E01
201400048432;0;7;0;0;2;4;2;B01
201400048433;0;7;0;4;0;8;2;A01
201400048434;0;7;0;0;2;3;1;A01
201400048434;0;7;0;0;0;5;21;B01
201400048435;0;7;0;0;2;2;2;A01
201400048435;0;7;0;0;2;6;2;B01
201400048436;0;33;0;0;2;4;0;B01
201400048436;0;7;0;0;2;4;1;C01
201400048436;0;33;0;0;2;1;11;A01
201400048437;0;31;0;0;2;1;0;C01
201400048437;0;10;0;0;2;1;2;A01
201400048437;0;7;0;0;0;4;2;B01
201400048438;0;7;0;5;0;1;2;A01
201400048439;0;32;0;0;2;1;3;A01
201400048439;0;7;0;0;2;5;11;B01
201400048440;0;7;0;0;2;8;11;B01
201400048440;0;31;0;0;2;2;3;A01
201400048441;0;31;0;0;0;8;21;A01
201400048441;0;7;0;0;0;0;11;B01
201400048442;0;7;0;0;2;3;2;B01
201400048442;0;15;0;0;2;2;2;A01
201400048443;0;33;0;0;2;1;0;A01
201400048443;0;10;0;0;2;5;2;B01
201400048444;0;7;0;0;2;4;2;B01
201400048444;0;7;0;0;2;1;2;A01
201400048444;0;7;0;0;2;4;2;C01
201400048445;0;7;0;4;0;1;21;A01
201400048446;0;7;0;4;0;9;2;A01
201400048447;0;7;0;0;2;4;2;B01
201400048447;0;7;0;0;2;1;2;A01
201400048448;0;7;0;0;0;1;2;A01
201400048449;0;7;0;4;0;1;9;A01
201400048449;0;7;0;4;0;1;21;B01
201400048450;0;7;0;4;0;2;14;A01
201400048451;0;33;0;0;0;7;0;A01
201400048452;0;33;0;0;2;1;1;A01
201400048452;1;7;0;;0;2;;Z01
201400048453;0;7;0;0;2;7;1;C01
201400048453;0;7;0;0;2;1;1;B01
201400048453;0;7;0;3;2;1;1;A01
201400048454;0;7;0;0;2;5;11;B01
201400048454;0;33;0;0;2;1;3;A01
201400048455;0;10;0;0;0;2;0;A01
201400048456;0;33;0;0;0;8;1;A01
201400048457;0;33;0;0;0;3;0;A01
201400048458;0;7;0;0;2;4;2;B01
201400048458;0;7;0;0;2;1;2;A01
201400048459;0;33;0;0;0;0;0;A01
201400048460;0;3;0;4;0;8;13;A01
201400048461;0;10;0;0;2;1;2;A01
201400048461;0;7;0;0;2;4;2;B01
201400048461;0;7;0;0;2;6;2;C01
201400048462;0;7;0;4;0;3;21;A01
201400048463;0;7;0;4;0;1;0;A01
201400048464;0;10;0;0;0;5;1;B01
201400048464;0;7;0;0;2;3;1;A01
201400048465;0;7;0;6;2;7;1;A01
201400048465;0;7;0;0;2;8;13;B01
201400048466;0;7;0;0;2;2;12;B01
201400048466;0;33;0;0;2;1;3;A01
201400048467;0;33;0;0;2;1;3;A01
201400048467;0;7;0;0;2;5;0;B01
201400048467;0;7;0;0;2;6;0;C01
201400048468;0;7;0;0;2;6;1;C01
201400048468;0;33;0;0;2;2;3;A01
201400048468;0;7;0;0;2;7;12;B01
201400048469;0;7;0;0;2;1;1;A01
201400048469;0;7;0;0;0;4;1;B01
201400048470;0;7;0;0;2;1;18;A01
201400048470;0;7;0;0;2;4;2;C01
201400048470;0;7;0;0;2;2;2;B01
201400048471;0;7;0;3;0;2;2;A01
201400048472;0;7;0;0;2;1;0;A01
201400048472;0;7;0;0;0;4;0;B01
201400048473;0;31;0;0;2;1;2;A01
201400048473;0;7;0;0;0;4;2;B01
201400048474;0;13;0;0;2;1;2;B01
201400048474;0;7;0;0;2;1;2;A01
201400048475;0;10;0;0;2;1;2;A01
201400048475;0;7;0;0;2;4;2;B01
201400048476;0;7;0;4;0;1;14;A01
201400048477;0;7;0;4;0;1;1;A01
201400048478;0;14;0;0;2;3;12;A01
201400048478;0;7;0;0;2;8;1;B01
201400048479;0;7;0;4;0;0;1;A01
201400048480;0;7;0;0;0;9;0;A01
201400048481;0;7;0;2;0;9;18;A01
201400048482;0;7;0;3;0;0;1;A01
201400048483;0;7;0;4;0;0;1;A01
201400048484;0;37;1;0;2;2;1;B01
201400048484;0;7;0;0;2;6;11;A01
201400048485;0;33;0;0;2;1;3;A01
201400048485;0;15;0;0;2;6;1;C01
201400048485;0;7;0;0;2;4;1;B01
201400048486;0;7;0;0;2;8;11;B01
201400048486;0;7;0;0;2;7;1;A01
201400048487;0;7;0;0;2;1;1;A01
201400048487;0;7;0;0;2;4;2;B01
201400048487;0;7;0;0;2;4;2;C01
201400048488;0;7;0;0;2;7;1;B01
201400048488;0;7;0;0;2;0;11;A01
201400048488;0;7;0;0;2;1;1;D01
201400048488;0;14;0;0;2;2;1;C01
201400048489;0;7;0;0;2;4;2;B01
201400048489;0;34;0;0;2;1;1;A01
201400048490;0;10;0;0;2;7;12;A01
201400048490;0;33;0;0;2;8;12;B01
201400048491;0;33;0;0;2;5;2;B01
201400048491;0;33;0;0;2;8;1;A01
201400048492;0;34;0;15;0;2;1;A01
201400048493;0;7;0;0;2;1;2;C01
201400048493;0;7;0;0;2;1;2;B01
201400048493;0;7;0;0;2;1;2;D01
201400048493;0;7;0;0;2;4;1;A01
201400048494;0;7;0;4;2;1;6;A01
201400048494;0;7;0;0;2;8;1;B01
201400048495;0;7;0;0;2;4;1;A01
201400048495;0;7;0;0;2;2;2;C01
201400048495;0;7;0;0;2;4;2;B01
201400048496;0;7;0;0;2;9;0;A01
201400048497;0;7;0;0;2;9;2;B01
201400048497;0;7;0;0;2;4;1;C01
201400048497;0;31;0;0;2;1;2;A01
201400048498;0;7;0;0;2;1;1;A01
201400048498;0;7;0;0;2;4;2;C01
201400048498;0;7;0;0;2;4;2;B01
201400048498;0;7;0;0;2;4;2;D01
201400048499;0;7;0;0;2;7;1;E01
201400048499;0;7;0;0;2;1;1;G02
201400048499;0;7;0;0;2;7;1;D01
201400048499;0;7;0;0;2;6;1;B01
201400048499;0;7;0;0;2;1;1;H02
201400048499;0;7;0;0;2;7;1;C01
201400048499;0;7;0;0;2;6;1;F02
201400048499;0;7;0;0;2;1;3;A01
201400048500;0;7;0;0;2;4;2;B01
201400048500;0;14;0;0;2;1;1;A01
201400048501;0;14;0;0;2;4;1;A01
201400048501;0;7;0;0;2;1;2;B01
201400048502;0;7;0;0;2;8;1;A01
201400048502;0;14;0;0;2;2;12;B01
201400048503;0;7;0;0;2;2;2;B01
201400048503;0;7;0;0;2;6;1;A01
201400048504;0;7;0;0;2;1;1;B01
201400048504;0;7;0;0;2;4;9;A01
201400048505;0;31;0;0;0;7;1;A01
201400048506;0;33;0;0;0;0;0;A01
201400048507;0;14;0;4;0;3;1;A01
201400048508;0;7;0;0;2;8;1;A01
201400048508;0;33;0;0;2;7;12;B01
201400048509;0;33;0;0;0;0;21;A01
201400048510;0;7;0;0;2;7;12;A01
201400048510;0;33;0;0;2;3;3;B01
201400048511;0;34;0;0;2;1;3;B01
201400048511;0;7;0;0;2;5;12;A01
201400048512;0;7;0;0;2;1;17;C01
201400048512;0;7;0;3;2;1;1;A01
201400048512;0;7;0;5;2;1;2;B01
201400048513;0;10;0;0;2;7;1;A01
201400048513;0;7;0;0;2;8;1;B01
201400048514;0;7;0;0;2;0;0;A01
201400048515;0;7;0;3;2;3;23;A01
201400048515;0;7;0;0;2;8;1;B01
201400048516;0;7;0;0;0;9;0;A01
201400048517;0;33;0;0;0;7;0;A01
201400048518;0;7;0;0;0;1;0;A01
201400048519;0;7;0;0;2;1;2;A01
201400048519;0;7;0;0;2;4;1;B01
201400048520;0;7;0;0;0;0;0;A01
201400048521;0;33;0;0;2;2;3;B01
201400048521;0;7;0;0;2;6;1;A01
201400048522;0;7;0;0;2;4;23;A01
201400048522;0;7;0;0;2;1;2;B01
201400048523;0;7;0;0;0;1;1;A01
201400048524;0;15;0;0;2;2;1;C01
201400048524;0;7;0;0;2;1;2;D01
201400048524;1;7;0;0;2;1;2;Z01
201400048524;0;30;0;0;2;9;2;B01
201400048525;0;14;0;0;2;1;2;F02
201400048525;0;17;0;0;2;1;2;C01
201400048525;0;7;0;0;2;4;1;A01
201400048525;0;14;0;0;2;1;2;B01
201400048525;0;14;0;0;2;1;2;D01
201400048525;0;17;0;0;2;1;2;E01
201400048526;0;7;0;0;2;4;1;B01
201400048526;0;7;0;0;2;1;12;A01
201400048527;0;7;0;0;2;7;1;B01
201400048527;0;7;0;0;2;8;11;A01
201400048528;0;7;0;0;2;4;2;B01
201400048528;0;7;0;0;2;4;1;A01
201400048528;0;7;0;0;2;1;2;C01
201400048529;0;33;0;0;2;1;3;A01
201400048529;0;7;0;0;2;4;11;B01
201400048530;0;32;0;0;2;1;3;A01
201400048530;0;7;0;0;2;1;1;B01
201400048530;0;7;0;0;2;4;11;C01
201400048531;0;34;0;0;2;3;1;A01
201400048531;0;7;0;0;2;6;11;B01
201400048532;0;7;0;4;0;8;1;A01
201400048533;0;7;0;0;2;1;1;A01
201400048534;0;7;0;0;2;1;1;B01
201400048534;0;10;0;0;2;1;13;A01
201400048535;0;7;0;0;0;8;0;A01
201400048536;0;7;0;0;0;2;0;A01
201400048537;0;7;0;0;2;4;2;D01
201400048537;0;7;0;0;2;1;1;A01
201400048537;0;10;0;0;2;2;1;C01
201400048537;0;7;0;0;2;4;12;B01
201400048538;0;7;0;0;2;2;21;B01
201400048538;0;10;0;0;2;1;5;A01
201400048539;0;33;0;0;2;1;1;A01
201400048540;0;7;0;0;2;1;1;A01
201400048540;0;7;0;0;2;4;2;B01
201400048541;0;33;0;0;0;8;3;A01
201400048542;0;7;0;4;0;8;1;A01
201400048543;0;33;0;0;0;8;0;A01
201400048544;0;10;0;0;2;1;1;A01
201400048544;0;7;0;0;2;4;2;B01
201400048545;0;38;1;0;2;4;2;B01
201400048545;0;7;0;0;2;1;1;A01
201400048546;0;14;0;0;2;6;11;A01
201400048546;0;7;0;0;2;5;1;C01
201400048546;0;31;0;0;2;2;3;B01
201400048547;0;7;0;0;2;8;1;B01
201400048547;0;7;0;0;2;7;14;A01
201400048548;0;7;0;0;2;7;1;A01
201400048548;1;15;0;0;2;6;11;Z01
201400048549;0;7;0;0;6;1;1;A01
201400048550;0;7;0;0;2;9;2;B01
201400048550;0;7;0;0;2;1;2;C01
201400048550;0;7;0;0;2;4;1;A01
201400048551;0;7;0;3;0;1;1;A01
201400048552;0;7;0;0;2;1;2;D01
201400048552;0;7;0;0;2;4;2;C01
201400048552;0;7;0;0;2;3;11;A01
201400048552;0;17;0;0;2;1;2;B01
201400048553;0;7;0;0;2;4;1;A01
201400048553;0;10;0;0;2;1;2;C01
201400048553;0;7;0;0;2;4;2;B01
201400048554;0;7;0;4;0;4;1;A01
201400048555;0;7;0;4;0;1;1;A01
201400048556;0;7;0;0;2;1;1;A01
201400048556;0;7;0;0;2;1;2;C01
201400048556;0;7;0;0;2;4;2;B01
201400048556;0;31;0;0;2;1;2;D01
201400048557;0;7;0;0;2;4;1;A01
201400048557;0;7;0;0;2;1;2;C01
201400048557;0;7;0;0;2;4;2;B01
201400048558;0;33;0;0;0;8;1;A01
201400048559;0;7;0;0;2;4;2;B01
201400048559;0;10;0;0;2;4;2;D01
201400048559;0;10;0;0;2;4;1;A01
201400048559;0;7;0;0;2;4;2;C01
201400048559;0;7;0;0;2;1;2;E01
201400048560;0;7;0;0;2;7;14;A01
201400048560;0;7;0;0;2;8;1;B01
201400048561;0;7;0;0;2;4;1;A01
201400048561;0;7;0;0;2;4;2;B01
201400048561;0;7;0;0;2;1;2;C01
201400048562;0;7;0;0;2;1;14;A01
201400048562;0;14;0;0;2;8;2;B01
201400048563;0;10;0;0;2;4;2;B01
201400048563;0;7;0;0;2;1;2;D01
201400048563;0;7;0;0;2;4;1;A01
201400048563;0;7;0;0;2;1;2;C01
201400048564;0;7;0;0;2;1;21;A01
201400048565;0;7;0;3;0;1;1;A01
201400048566;0;10;0;0;0;9;1;A01
201400048567;0;7;0;0;2;4;2;C01
201400048567;0;7;0;0;2;4;2;B01
201400048567;0;7;0;0;2;4;2;D01
201400048567;0;7;0;0;2;1;1;A01
201400048568;0;33;0;0;0;0;1;A01
201400048569;0;7;0;4;0;9;1;A01
201400048570;0;7;0;0;0;9;1;A01
201400048571;0;33;0;0;0;7;1;A01
201400048572;0;15;0;0;0;7;14;A01
201400048573;0;7;0;3;0;2;18;A01
201400048574;0;7;0;4;0;1;1;A01
201400048575;0;7;0;0;2;1;2;C01
201400048575;0;7;0;0;2;1;2;D01
201400048575;0;7;0;0;2;4;1;A01
201400048575;0;7;0;0;2;1;2;B01
201400048576;0;10;0;0;2;4;1;C01
201400048576;0;7;0;0;2;1;21;A01
201400048576;0;7;0;0;2;7;1;B01
201400048577;0;7;0;0;2;1;1;A01
201400048578;0;7;0;0;2;7;1;A01
201400048578;2;7;0;0;2;3;11;B01
201400048578;0;7;0;4;2;2;1;C01
201400048579;0;7;0;0;2;3;13;A01
201400048579;0;7;0;0;2;2;1;B01
201400048580;0;31;0;0;0;1;1;A01
201400048581;0;7;0;0;2;1;2;C01
201400048581;0;10;0;0;2;4;2;A01
201400048581;0;7;0;0;2;4;2;B01
201400048582;0;7;0;0;2;1;12;A01
201400048582;0;31;0;0;2;8;3;B01
201400048582;0;7;0;0;2;4;1;C01
201400048583;0;31;0;0;2;7;3;A01
201400048583;0;7;0;0;2;8;11;B01
201400048584;0;7;0;0;2;4;1;B01
201400048584;1;7;0;0;0;0;0;Z01
201400048585;0;7;0;0;2;3;1;B01
201400048585;0;7;0;0;2;5;11;A01
201400048586;0;10;0;0;2;1;12;A01
201400048586;0;7;0;0;2;8;1;C01
201400048586;0;7;0;0;2;8;1;B01
201400048587;0;7;0;0;2;1;1;C01
201400048587;0;7;0;0;2;8;11;A01
201400048587;0;10;0;0;2;1;1;B01
201400048587;0;7;0;0;2;4;2;D01
201400048588;0;7;0;4;0;9;1;A01
201400048589;0;31;0;0;2;1;19;A01
201400048589;0;7;0;0;2;6;1;B01
201400048590;0;32;0;0;2;8;3;A01
201400048590;0;7;0;0;2;2;12;B01
201400048591;0;7;0;0;2;1;11;E01
201400048591;0;10;0;14;2;1;2;C01
201400048591;0;7;0;0;0;4;2;D01
201400048591;0;7;0;0;0;4;1;A01
201400048591;0;7;0;14;2;1;2;B01
201400048592;0;7;0;0;2;4;1;A01
201400048592;0;7;0;0;2;1;2;B01
201400048593;0;33;0;0;0;8;1;A01
201400048594;0;14;0;0;2;7;12;A01
201400048594;0;7;0;0;2;8;1;B01
201400048595;0;33;0;0;2;8;3;B01
201400048595;0;7;0;0;2;7;12;A01
201400048596;0;10;0;0;2;8;1;B01
201400048596;0;14;0;0;2;7;12;A01
201400048597;0;33;0;0;0;7;21;A01
201400048598;0;7;0;0;2;3;13;A01
201400048598;0;7;0;0;2;2;21;C01
201400048598;0;7;0;0;2;1;1;B01
201400048599;0;33;0;0;0;3;1;A01
201400048600;0;31;0;0;0;8;1;A01
201400048601;0;7;0;0;0;1;1;A01
201400048602;0;7;0;0;2;2;1;C01
201400048602;0;38;1;0;2;2;12;A01
201400048602;0;7;0;0;2;3;1;B01
201400048603;0;7;0;0;2;1;2;A01
201400048603;0;10;0;0;2;4;1;B01
201400048604;0;7;0;0;0;1;0;A01
201400048605;0;14;0;0;2;5;12;A01
201400048605;0;7;0;0;2;3;1;B01
201400048606;0;10;0;0;2;7;12;A01
201400048606;0;33;0;0;2;8;3;B01
201400048607;0;7;0;0;2;1;11;A01
201400048607;0;7;0;0;2;4;2;B01
201400048608;0;7;0;0;2;7;12;A01
201400048608;0;33;0;0;2;8;3;B01
201400048609;0;7;0;0;2;4;11;A01
201400048609;0;14;0;0;2;1;1;B01
201400048610;0;7;0;0;2;3;13;A01
201400048610;0;7;0;0;2;3;1;B01
201400048610;0;7;0;0;2;0;0;T01
201400048611;0;7;0;4;0;1;1;A01
201400048612;0;7;0;0;2;4;1;A01