num_acc;senc;catv;occutc;obs;obsm;choc;manv;num_veh
201400048612;0;10;0;0;2;1;2;D01
201400048612;0;7;0;0;2;4;2;C01
201400048612;0;7;0;0;2;1;2;B01
201400048612;0;10;0;0;2;1;2;E01
201400048613;0;7;0;0;2;4;2;B01
201400048613;0;7;0;0;2;4;2;C01
201400048613;0;7;0;0;2;1;21;D01
201400048613;0;7;0;0;2;1;1;A01
201400048614;0;7;0;13;0;0;1;A01
201400048615;0;7;0;0;2;2;2;B01
201400048615;0;7;0;0;2;2;1;A01
201400048616;0;7;0;0;2;3;12;B01
201400048616;0;33;0;0;2;2;3;A01
201400048616;0;7;0;0;2;8;1;C01
201400048617;0;7;0;0;2;3;1;A01
201400048617;0;10;0;0;2;3;1;B01
201400048618;0;33;0;13;0;8;15;A01
201400048619;0;17;0;0;2;2;1;B01
201400048619;0;7;0;0;2;7;9;A01
201400048620;0;7;0;0;2;4;2;D01
201400048620;0;7;0;0;2;4;2;C01
201400048620;0;7;0;0;2;4;2;B01
201400048620;0;7;0;0;2;1;1;A01
201400048621;0;33;0;0;2;6;2;A01
201400048621;0;15;0;0;2;6;2;B01
201400048622;0;7;0;0;2;6;12;A01
201400048622;0;33;0;0;2;1;3;B01
201400048623;0;7;0;3;0;7;1;A01
201400048624;0;7;0;0;2;8;1;A01
201400048624;0;7;0;0;2;9;1;B01
201400048625;0;31;0;0;2;1;2;B01
201400048625;0;7;0;0;2;4;1;A01
201400048626;0;14;0;0;2;1;1;A01
201400048626;0;7;0;0;2;4;2;B01
201400048627;0;15;0;0;2;8;1;A01
201400048627;0;7;0;0;2;5;1;B01
201400048627;0;7;0;0;2;7;1;C01
201400048627;0;7;0;0;2;7;1;D01
201400048627;0;33;0;0;2;8;3;E01
201400048628;0;7;0;0;2;4;2;B01
201400048628;0;7;0;0;2;4;2;D01
201400048628;0;7;0;0;2;4;2;E01
201400048628;0;7;0;0;2;4;2;C01
201400048628;0;15;0;0;2;1;1;A01
201400048629;1;7;0;0;2;8;0;Z01
201400048629;0;7;0;0;2;1;1;B01
201400048630;0;7;0;0;1;2;9;A01
201400048631;0;31;0;0;2;7;3;A01
201400048631;0;7;0;0;2;8;1;B01
201400048632;0;7;0;0;2;9;1;A01
201400048633;0;7;0;0;0;9;21;A01
201400048634;0;34;0;0;0;7;1;A01
201400048635;0;7;0;4;0;3;1;A01
201400048636;0;7;0;0;2;1;2;D01
201400048636;0;7;0;0;2;4;2;B01
201400048636;0;7;0;0;2;4;1;A01
201400048636;0;7;0;0;2;1;2;C01
201400048637;0;15;0;0;2;1;2;B01
201400048637;0;7;0;0;2;4;1;A01
201400048638;0;15;0;0;2;4;2;D01
201400048638;1;7;0;0;2;0;0;Z01
201400048638;1;7;0;0;2;3;1;C01
201400048638;0;7;0;0;2;2;12;A01
201400048638;0;33;0;0;2;3;3;B01
201400048639;0;33;0;0;0;8;1;A01
201400048640;0;33;0;0;0;1;1;A01
201400048641;0;13;0;0;2;4;2;B01
201400048641;0;33;0;0;2;1;12;A01
201400048642;0;33;0;0;2;1;2;C01
201400048642;0;7;0;0;2;4;1;A01
201400048642;0;7;0;0;2;1;2;B01
201400048643;0;7;0;0;2;4;2;B01
201400048643;0;31;0;0;2;1;1;A01
201400048644;0;33;0;4;0;7;1;A01
201400048645;0;7;0;4;0;1;1;A01
201400048646;0;15;0;0;0;8;1;A01
201400048647;0;10;0;0;2;3;1;B01
201400048647;0;33;0;0;2;2;3;A01
201400048648;1;14;0;0;2;4;2;Z01
201400048648;0;33;0;0;2;1;1;A01
201400048649;0;7;0;0;2;0;1;B01
201400048649;0;7;0;0;2;0;0;A01
201400048650;0;10;0;0;2;4;1;A01
201400048650;0;7;0;0;2;1;2;C01
201400048650;0;7;0;0;2;4;2;B01
201400048651;0;33;0;0;0;2;1;A01
201400048652;0;7;0;0;2;1;1;A01
201400048652;0;7;0;0;2;4;2;B01
201400048653;0;7;0;0;2;6;1;B01
201400048653;0;14;0;0;2;2;11;A01
201400048654;0;7;0;0;2;1;2;A01
201400048654;0;7;0;0;2;4;1;C01
201400048654;0;7;0;0;2;1;2;B01
201400048655;0;32;0;0;0;1;1;A01
201400048656;0;7;0;0;2;2;1;A01
201400048656;0;7;0;0;2;4;2;B01
201400048656;0;7;0;0;2;3;2;C01
201400048657;0;7;0;14;0;1;1;A01
201400048658;0;10;0;0;2;3;1;A01
201400048658;0;7;0;0;2;1;2;B01
201400048659;0;33;0;0;2;3;3;A01
201400048659;0;7;0;0;2;5;1;B01
201400048660;0;10;0;0;2;1;2;B01
201400048660;0;14;0;0;2;4;1;A01
201400048661;0;7;0;0;0;9;0;A01
201400048662;0;14;0;0;0;0;0;A01
201400048663;0;7;0;2;0;1;1;A01
201400048664;0;7;0;3;0;1;9;A01
201400048665;0;30;0;4;0;0;1;A01
201400048666;0;7;0;0;0;9;0;A01
201400048667;0;7;0;0;2;4;2;B01
201400048667;0;7;0;0;2;1;2;A01
201400048667;0;7;0;0;2;4;2;D01
201400048667;0;7;0;0;2;4;2;C01
201400048668;0;7;0;0;2;1;1;A01
201400048668;0;7;0;0;2;4;2;B01
201400048669;0;7;0;4;0;1;1;A01
201400048670;0;7;0;0;0;0;0;A01
201400048671;0;14;0;0;0;1;0;A01
201400048672;0;7;0;4;0;0;1;A01
201400048673;0;7;0;0;0;1;0;A01
201400048674;0;7;0;0;0;9;21;A01
201400048675;0;7;0;0;0;0;0;A01
201400048676;0;7;0;0;2;1;2;B01
201400048676;0;7;0;0;2;1;2;C01
201400048676;0;7;0;0;2;8;17;A01
201400048677;0;10;0;0;2;7;1;A01
201400048677;0;7;0;0;2;9;1;B01
201400048677;0;7;0;0;2;9;2;C01
201400048677;0;7;0;0;2;1;2;D01
201400048678;1;7;0;0;2;0;12;Z01
201400048678;0;7;0;4;2;1;21;A01
201400048679;0;7;0;0;2;1;2;A01
201400048679;0;7;0;0;2;9;1;B01
201400048679;0;34;0;0;2;1;1;C01
201400048680;0;33;0;6;0;1;1;A01
201400048680;0;33;0;0;0;0;1;B01
201400048681;0;7;0;0;2;4;4;A01
201400048681;0;7;0;0;2;6;4;B01
201400048681;0;7;0;0;2;2;1;C01
201400048682;0;14;0;0;2;3;12;B01
201400048682;0;7;0;0;2;7;1;A01
201400048683;0;7;0;0;2;4;2;C01
201400048683;0;7;0;0;2;1;1;A01
201400048683;0;7;0;0;2;4;2;B01
201400048684;0;10;0;0;2;4;2;B01
201400048684;0;7;0;0;2;1;1;A01
201400048685;0;10;0;0;2;1;2;A01
201400048685;0;10;0;0;2;9;2;B01
201400048685;0;10;0;0;2;4;1;C01
201400048686;0;7;0;0;0;1;0;A01
201400048687;0;7;0;0;2;1;1;A01
201400048687;0;7;0;0;2;4;2;B01
201400048688;0;7;0;0;2;7;14;B01
201400048688;0;7;0;0;2;8;1;A01
201400048689;0;33;0;0;2;8;12;A01
201400048689;0;33;0;0;2;8;1;B01
201400048690;0;14;0;0;2;7;12;A01
201400048690;0;10;0;0;2;8;1;B01
201400048691;0;10;0;0;2;2;1;A01
201400048691;0;10;0;0;2;4;2;B01
201400048692;0;7;0;0;2;4;2;B01
201400048692;0;7;0;0;2;1;1;A01
201400048693;0;10;0;0;2;4;2;B01
201400048693;0;7;0;0;2;1;1;A01
201400048694;0;7;0;0;2;4;1;A01
201400048694;0;7;0;0;2;1;2;B01
201400048695;0;14;0;0;2;7;12;A01
201400048695;0;7;0;0;2;8;1;B01
201400048696;0;7;0;0;2;4;1;C01
201400048696;0;33;0;0;2;8;3;A01
201400048696;0;7;0;0;2;7;12;B01
201400048697;0;33;0;0;0;0;0;A01
201400048698;0;7;0;0;2;7;12;B01
201400048698;0;33;0;0;2;8;3;A01
201400048699;0;7;0;0;2;1;2;C01
201400048699;0;14;0;0;2;3;11;A01
201400048699;0;7;0;0;2;8;1;B01
201400048700;0;7;0;0;2;7;12;A01
201400048700;0;33;0;0;2;8;1;B01
201400048701;0;33;0;13;0;7;1;A01
201400048702;0;7;0;0;2;4;2;C01
201400048702;0;7;0;0;2;1;1;A01
201400048702;0;7;0;0;2;4;2;B01
201400048703;0;7;0;0;2;4;2;B01
201400048703;0;7;0;0;2;1;1;A01
201400048704;0;7;0;0;0;1;1;A01
201400048705;0;7;0;0;2;1;2;A01
201400048705;0;7;0;0;2;9;2;B01
201400048705;0;7;0;0;2;9;2;C01
201400048705;0;7;0;0;2;4;1;D01
201400048706;0;2;0;0;2;1;2;A01
201400048706;0;17;0;0;2;5;1;B01
201400048707;0;33;0;0;2;1;2;A01
201400048707;0;7;0;0;2;5;1;B01
201400048708;0;7;0;0;2;4;2;B01
201400048708;0;33;0;0;2;1;1;A01
201400048709;0;7;0;0;2;4;1;A01
201400048709;0;7;0;0;2;4;2;B01
201400048709;0;7;0;0;2;4;2;C01
201400048709;0;7;0;0;2;4;2;D01
201400048709;0;7;0;0;2;4;2;E01
201400048709;0;7;0;0;2;4;2;F01
201400048709;0;7;0;0;2;1;2;G01
201400048710;0;7;0;0;2;1;2;A01
201400048710;0;10;0;0;2;1;2;B01
201400048710;0;7;0;0;2;4;1;C01
201400048711;0;34;0;0;2;4;2;B01
201400048711;0;10;0;0;2;1;1;A01
201400048712;0;7;0;0;2;6;1;A01
201400048712;0;7;0;0;2;2;9;B01
201400048713;0;7;0;4;0;2;1;A01
201400048714;0;7;0;0;2;5;1;C01
201400048714;0;7;0;0;2;4;1;A01
201400048714;0;7;0;0;2;7;14;D01
201400048714;0;7;0;0;2;8;1;B01
201400048715;0;33;0;0;2;7;1;B01
201400048715;0;10;0;0;2;7;12;A01
201400048716;0;7;0;0;2;9;1;A01
201400048717;0;33;0;0;0;7;1;A01
201400048718;0;33;0;0;0;7;1;A01
201400048719;0;10;0;0;2;1;2;A01
201400048719;0;10;0;0;2;4;2;C01
201400048719;0;7;0;0;2;4;2;B01
201400048720;0;7;0;3;0;3;13;A01
201400048721;0;7;0;0;2;4;2;C01
201400048721;0;7;0;0;2;4;2;B01
201400048721;0;16;0;0;2;1;1;A01
201400048722;0;33;0;0;2;1;2;A01
201400048722;0;7;0;0;2;6;1;B01
201400048723;0;33;0;0;0;7;1;A01
201400048724;0;7;0;0;2;1;1;A01
201400048724;0;7;0;0;2;4;2;B01
201400048725;0;14;0;0;2;2;1;A01
201400048725;0;7;0;0;2;4;2;B01
201400048726;0;7;0;0;2;4;2;B01
201400048726;0;33;0;0;2;1;2;A01
201400048727;0;7;0;0;0;1;1;A01
201400048728;0;33;0;0;2;1;3;B01
201400048728;0;7;0;0;2;4;12;A01
201400048729;0;33;0;0;0;8;1;A01
201400048730;0;32;0;0;2;1;3;A01
201400048730;0;7;0;0;2;7;1;B01
201400048730;0;7;0;0;2;4;1;C01
201400048731;0;7;0;0;2;1;14;A01
201400048731;0;7;0;0;2;8;1;B01
201400048732;0;7;0;0;2;1;2;C01
201400048732;0;7;0;0;2;4;1;A01
201400048732;0;7;0;0;2;4;2;B01
201400048733;0;7;0;0;2;4;2;B01
201400048733;0;7;0;0;2;1;2;A01
201400048734;0;7;0;0;2;4;2;B01
201400048734;0;7;0;0;2;4;2;C01
201400048734;0;7;0;0;2;1;1;A01
201400048735;0;7;0;0;2;7;12;B01
201400048735;0;33;0;0;2;1;1;A01
201400048736;0;7;0;0;2;0;12;B01
201400048736;0;33;0;0;2;8;1;A01
201400048736;0;7;0;0;2;5;1;C01
201400048737;0;7;0;3;0;1;1;A01
201400048738;0;7;0;4;0;1;1;A01
201400048739;0;7;0;4;0;1;1;A01
201400048740;0;7;0;0;2;2;1;B01
201400048740;0;10;0;0;2;3;11;A01
201400048741;0;7;0;1;0;1;1;B01
201400048741;0;7;0;4;0;1;1;A01
201400048742;0;7;0;0;2;4;2;C01
201400048742;0;7;0;0;2;4;2;B01
201400048742;0;7;0;0;2;1;1;A01
201400048743;0;7;0;0;2;8;1;A01
201400048743;1;99;0;0;2;2;0;Z01
201400048743;0;7;0;0;2;4;2;B01
201400048744;0;17;0;3;0;9;1;A01
201400048745;0;7;0;4;0;2;1;A01
201400048746;0;31;0;0;2;8;1;B01
201400048746;0;7;0;0;2;7;3;A01
201400048747;0;7;0;0;2;3;1;B01
201400048747;0;7;0;0;9;1;1;C01
201400048747;0;33;0;0;2;1;1;A01
201400048748;0;31;0;0;2;1;1;A01
201400048748;0;7;0;0;2;4;2;B01
201400048748;0;17;0;0;2;0;2;C01
201400048749;0;7;0;0;2;6;1;B01
201400048749;0;15;0;0;2;2;9;A01
201400048750;0;7;0;0;2;4;1;B01
201400048750;0;7;0;0;2;1;1;A01
201400048751;0;33;0;0;2;3;3;A01
201400048751;0;7;0;0;2;2;12;B01
201400048752;0;33;0;0;2;3;3;A01
201400048752;0;7;0;0;2;6;12;B01
201400048753;0;7;0;3;0;1;1;A01
201400048754;0;7;0;0;2;1;2;A01
201400048754;0;7;0;0;2;6;1;B01
201400048755;0;7;0;4;2;5;1;A01
201400048755;1;7;0;0;2;1;1;Z01
201400048756;2;7;0;0;0;4;2;Z01
201400048756;0;7;0;3;2;3;1;A01
201400048757;0;33;0;0;0;7;3;A01
201400048758;0;7;0;0;2;5;12;A01
201400048758;0;33;0;0;2;1;3;B01
201400048759;0;7;0;0;9;1;21;A01
201400048760;0;7;0;0;2;7;6;A01
201400048760;0;33;0;0;2;1;1;B01
201400048761;0;7;0;0;2;2;12;A01
201400048761;0;7;0;0;2;8;1;B01
201400048762;0;7;0;0;2;4;1;B01
201400048762;0;33;0;0;2;1;3;C01
201400048762;0;7;0;0;2;6;1;A01
201400048763;0;7;0;0;2;5;1;B01
201400048763;0;33;0;0;2;1;3;A01
201400048764;0;7;0;0;2;1;2;B01
201400048764;0;7;0;0;2;4;1;A01
201400048765;0;33;0;0;2;2;3;A01
201400048765;0;7;0;0;2;7;12;B01
201400048766;0;7;0;0;2;5;1;A01
201400048766;0;7;0;0;2;3;2;B01
201400048767;0;7;0;0;2;1;2;B01
201400048767;0;7;0;0;2;4;1;A01
201400048768;0;7;0;0;2;1;2;A01
201400048768;0;7;0;0;2;9;2;B01
201400048768;0;7;0;0;2;4;1;C01
201400048769;0;10;0;0;2;6;1;A01
201400048769;0;15;0;0;2;2;2;B01
201400048770;0;33;0;0;2;1;3;A01
201400048770;0;7;0;0;2;1;12;B01
201400048771;0;7;0;0;2;8;1;B01
201400048771;0;14;0;0;2;2;12;A01
201400048772;0;7;0;0;2;7;12;A01
201400048772;0;33;0;0;2;8;1;B01
201400048773;0;14;0;0;2;1;1;A01
201400048773;0;7;0;0;2;4;11;B01
201400048774;0;32;0;0;2;5;1;B01
201400048774;0;7;0;0;2;3;11;A01
201400048775;0;10;0;0;2;5;23;C01
201400048775;0;33;0;0;2;2;3;A01
201400048775;0;7;0;0;2;3;23;B01
201400048776;0;7;0;0;2;2;1;C01
201400048776;0;34;0;0;2;1;2;A01
201400048776;0;33;0;0;2;4;2;B01
201400048777;0;7;0;0;2;8;1;B01
201400048777;0;7;0;0;2;2;12;A01
201400048778;0;10;0;0;2;4;2;B01
201400048778;0;7;0;0;2;4;2;C01
201400048778;0;7;0;0;2;1;1;A01
201400048779;0;34;0;0;2;7;3;B01
201400048779;0;7;0;0;2;8;11;A01
201400048780;0;7;0;0;2;7;12;B01
201400048780;0;33;0;0;2;3;1;A01
201400048781;0;7;0;0;0;4;1;C01
201400048781;0;7;0;0;2;9;2;B01
201400048781;0;7;0;0;2;1;2;A01
201400048782;0;7;0;0;2;6;9;A01
201400048782;0;7;0;0;2;9;2;C01
201400048782;0;7;0;0;2;2;2;B01
201400048783;0;7;0;3;0;1;1;A01
201400048784;0;7;0;0;2;1;2;B01
201400048784;0;7;0;0;2;4;1;A01
201400048785;0;7;0;0;2;6;11;A01
201400048785;0;33;0;0;2;2;3;B01
201400048786;0;7;0;0;0;1;1;A01
201400048787;0;7;0;0;2;1;1;A01
201400048787;0;7;0;0;2;7;1;B01
201400048788;0;7;0;0;0;0;1;A01
201400048789;0;7;0;3;0;1;1;A01
201400048790;0;7;0;3;0;1;1;A01
201400048791;0;33;0;0;0;7;1;A01
201400048792;0;7;0;0;2;1;2;A01
201400048792;0;7;0;0;2;5;1;B01
201400048793;0;7;0;0;2;4;2;B01
201400048793;0;7;0;0;2;1;1;A01
201400048794;0;7;0;0;2;2;2;A01
201400048794;0;7;0;0;2;4;1;B01
201400048795;0;7;0;0;2;4;2;D01
201400048795;0;7;0;0;2;1;1;A01
201400048795;0;7;0;0;2;4;2;C01
201400048795;0;7;0;0;2;4;2;B01
201400048796;0;7;0;0;0;9;1;A01
201400048797;0;7;0;0;2;4;2;C01
201400048797;0;7;0;0;2;1;1;A01
201400048797;0;7;0;0;2;4;2;B01
201400048797;0;7;0;0;2;4;2;D01
201400048798;0;33;0;0;2;2;1;B01
201400048798;0;7;0;0;2;5;13;A01
201400048799;0;10;0;0;2;1;2;A01
201400048799;0;7;0;0;2;4;1;B01
201400048800;0;7;0;3;2;7;14;A01
201400048801;0;7;0;0;2;3;1;B01
201400048801;0;14;0;0;2;2;12;A01
201400048802;0;7;0;0;2;4;2;A01
201400048802;0;7;0;0;2;4;2;B01
201400048802;0;14;0;0;2;1;1;C01
201400048803;0;7;0;3;2;3;9;A01
201400048803;0;15;0;0;2;7;1;B01
201400048803;0;15;0;0;2;1;1;C01
201400048804;2;15;0;4;0;1;1;A01
201400048805;0;7;0;0;2;4;1;A01
201400048805;0;7;0;0;2;1;2;B01
201400048806;0;7;0;4;0;1;1;A01
201400048807;0;7;0;0;0;9;1;A01
201400048808;0;7;0;3;0;7;14;A01
201400048809;0;7;0;0;0;1;0;A01
201400048810;0;7;0;0;2;4;1;A01
201400048810;0;7;0;0;2;1;2;B01
201400048811;0;7;0;0;0;9;1;A01
201400048812;0;7;0;12;0;8;1;A01
201400048813;0;7;0;0;2;1;2;A01
201400048813;0;7;0;0;2;4;2;B01
201400048813;0;7;0;0;2;4;1;C01
201400048814;0;7;0;4;0;3;21;A01
201400048814;1;7;0;0;0;0;11;Z01
201400048815;0;7;0;0;2;1;2;A01
201400048815;0;7;0;0;2;9;2;B01
201400048815;0;7;0;0;2;4;1;C01
201400048816;0;33;0;0;0;0;0;A01
201400048817;0;38;50;0;2;1;1;B01
201400048817;0;10;0;0;2;4;23;A01
201400048818;0;33;0;0;0;8;1;A01
201400048819;0;7;0;3;0;1;1;A01
201400048820;0;7;0;3;0;9;1;A01
201400048821;0;7;0;0;2;4;1;A01
201400048821;0;10;0;0;2;4;2;B01
201400048821;0;7;0;0;2;1;2;C01
201400048822;0;33;0;0;2;7;1;A01
201400048822;1;7;0;0;2;2;0;Z01
201400048823;0;7;0;0;2;4;23;A01
201400048823;0;37;50;0;2;1;2;B01
201400048824;0;34;0;0;0;8;1;A01
201400048825;0;33;0;3;0;9;11;A01
201400048826;0;7;0;0;2;4;2;B01
201400048826;0;7;0;0;2;1;1;A01
201400048827;0;33;0;0;0;0;3;A01
201400048828;0;7;0;0;0;9;0;A01
201400048829;0;10;0;0;2;6;11;A01
201400048829;0;33;0;0;2;7;3;B01
201400048830;0;7;0;0;2;4;1;A01
201400048830;0;7;0;0;2;4;12;B01
201400048830;0;33;0;0;2;7;3;C01
201400048831;0;33;0;0;2;1;2;B01
201400048831;0;7;0;0;2;4;1;A01
201400048832;0;31;0;0;2;7;12;A01
201400048832;0;7;0;0;2;3;11;B01
201400048833;0;7;0;4;0;8;0;A01
201400048834;0;33;0;0;2;1;3;A01
201400048834;0;7;0;0;2;3;11;B01
201400048835;0;7;0;0;2;6;2;C01
201400048835;0;33;0;0;2;7;2;B01
201400048835;0;33;0;0;2;8;11;A01
201400048836;0;7;0;0;2;7;13;A01
201400048836;0;7;0;0;2;1;1;B01
201400048837;0;7;0;0;2;6;13;B01
201400048837;0;33;0;0;2;1;3;A01
201400048838;0;7;0;0;0;9;0;A01
201400048839;0;7;0;0;2;8;1;B01
201400048839;0;33;0;0;2;7;14;A01
201400048840;0;7;0;0;2;3;1;A01
201400048840;0;7;0;0;2;3;2;C01
201400048840;0;7;0;0;2;1;1;B01
201400048841;0;7;0;0;2;8;1;B01
201400048841;0;7;0;0;2;1;14;A01
201400048842;0;10;0;0;2;1;1;A01
201400048842;0;15;0;0;2;4;2;B01
201400048843;0;33;0;0;2;1;3;A01
201400048843;0;13;0;0;2;4;1;B01
201400048843;0;7;0;0;0;0;12;C01
201400048844;0;7;0;0;0;9;21;A01
201400048845;0;33;0;0;2;8;3;B01
201400048845;0;7;0;0;2;7;12;A01
201400048846;0;31;0;0;0;7;0;A01
201400048847;0;7;0;0;2;1;13;A01
201400048847;0;7;0;0;2;6;1;B01
201400048848;0;14;0;0;2;7;1;B01
201400048848;0;33;0;0;2;1;9;A01
201400048849;0;33;0;0;0;7;1;A01
201400048850;0;7;0;0;2;4;2;B01
201400048850;0;10;0;0;2;1;1;A01
201400048851;0;7;0;0;2;4;1;A01
201400048851;0;13;0;0;2;1;2;B01
201400048852;0;7;0;0;0;0;21;A01
201400048852;0;10;0;0;0;9;1;B01
201400048853;0;14;0;0;2;1;1;A01
201400048853;0;7;0;0;2;8;11;B01
201400048854;0;33;0;0;0;0;21;A01
201400048855;2;7;0;0;0;4;23;Z01
201400048855;0;13;0;1;1;1;1;A01
201400048855;0;10;0;4;2;6;24;B01
201400048856;0;7;0;0;2;4;2;B01
201400048856;0;7;0;0;2;1;1;A01
201400048856;0;7;0;0;2;4;2;C01
201400048857;0;7;0;0;0;9;21;A01
201400048858;0;7;0;11;0;1;1;A01
201400048859;0;7;0;0;2;5;17;A01
201400048859;0;7;0;0;2;8;1;B01
201400048860;0;10;0;13;0;9;0;A01
201400048861;0;7;0;0;2;1;1;A01
201400048861;0;7;0;0;2;4;1;D01
201400048861;0;7;0;0;2;4;2;C01
201400048861;0;7;0;0;2;4;2;B01
201400048862;0;7;0;0;2;1;2;A01
201400048862;0;7;0;0;0;4;2;B01
201400048863;0;7;0;0;2;1;2;A01
201400048863;0;7;0;0;2;4;2;B01
201400048864;0;34;0;0;2;1;2;A01
201400048864;0;7;0;0;2;4;1;B01
201400048865;0;7;0;0;2;4;15;B01
201400048865;0;34;0;0;2;1;1;A01
201400048866;0;7;0;13;0;1;21;A01
201400048867;0;33;0;0;6;1;1;A01
201400048868;0;7;0;0;2;3;21;B01
201400048868;0;7;0;0;2;6;1;A01
201400048869;0;7;0;13;0;1;1;A01
201400048870;0;7;0;0;2;1;1;A01
201400048870;0;7;0;0;2;4;2;B01
201400048871;0;7;0;0;2;1;1;A01
201400048871;0;10;0;0;2;4;2;B01
201400048871;0;7;0;0;2;4;2;C01
201400048872;0;7;0;0;2;1;2;A01
201400048872;0;7;0;0;2;4;2;B01
201400048872;0;14;0;0;2;1;2;C01
201400048872;0;7;0;0;2;4;2;D01
201400048872;0;7;0;0;2;4;2;E01
201400048873;0;7;0;0;0;4;2;C01
201400048873;0;10;0;0;2;1;2;A01
201400048873;0;7;0;0;0;4;2;B01
201400048874;0;7;0;4;1;8;23;A01
201400048874;1;7;0;4;1;2;0;Z01
201400048874;0;7;0;4;2;4;23;B01
201400048875;0;7;0;0;2;4;2;B01
201400048875;0;7;0;0;2;1;1;A01
201400048876;0;7;0;3;2;2;1;A01
201400048876;0;10;0;0;2;6;2;B01
201400048877;0;7;0;4;0;1;0;A01
201400048878;0;7;0;0;2;4;2;B01
201400048878;0;7;0;0;2;1;1;A01
201400048879;0;7;0;0;2;4;12;A01
201400048879;0;33;0;0;2;1;3;B01
201400048880;0;10;0;0;2;4;1;A01
201400048880;0;7;0;0;2;9;2;B01
201400048880;0;7;0;0;2;1;2;C01
201400048881;0;7;0;0;0;1;1;A01
201400048882;0;7;0;0;0;1;1;A01
201400048883;0;7;0;0;0;1;1;A01
201400048884;0;7;0;0;0;4;2;B01
201400048884;0;7;0;0;2;1;2;A01
201400048885;0;7;0;0;2;1;2;A01
201400048885;0;7;0;0;2;9;2;B01
201400048885;0;7;0;0;2;4;1;C01
201400048886;0;7;0;0;2;1;2;A01
201400048886;0;7;0;0;2;9;2;B01
201400048886;0;7;0;0;2;9;2;C01
201400048886;0;7;0;0;2;4;1;D01
201400048887;0;7;0;0;2;3;9;A01
201400048887;0;7;0;0;2;4;1;B01
201400048887;0;7;0;0;2;4;2;C01
201400048887;0;13;0;0;2;8;1;D01
201400048888;0;7;0;0;2;1;2;B01
201400048888;0;7;0;0;2;4;1;A01
201400048888;0;7;0;0;2;1;2;C01
201400048889;0;7;0;0;0;9;9;A01
201400048890;0;7;0;0;2;4;2;B01
201400048890;0;10;0;0;2;1;1;A01
201400048891;0;14;0;0;2;1;2;A01
201400048891;0;7;0;0;2;9;2;B01
201400048891;0;7;0;0;2;9;2;C01
201400048891;0;7;0;0;2;4;1;D01
201400048892;0;7;0;3;0;1;1;A01
201400048893;0;7;0;0;2;4;2;B01
201400048893;0;10;0;0;2;1;1;A01
201400048894;0;33;0;0;2;1;1;A01
201400048894;1;7;0;0;2;4;19;Z01
201400048895;0;7;0;3;0;1;1;A01
201400048896;0;33;0;0;0;7;1;A01
201400048897;0;7;0;0;2;7;1;B01
201400048897;0;7;0;4;2;3;3;A01
201400048898;0;7;0;0;2;1;2;A01
201400048898;0;10;0;0;2;4;1;B01
201400048899;0;7;0;0;2;1;1;A01
201400048899;0;7;0;0;2;8;1;B01
201400048899;0;7;0;0;2;8;1;C01
201400048900;0;31;0;0;2;7;1;A01
201400048900;0;7;0;0;2;4;11;B01
201400048901;0;7;0;0;2;1;1;A01
201400048901;0;7;0;0;2;4;2;B01
201400048902;0;7;0;0;2;1;1;A01
201400048902;0;7;0;0;2;4;2;D01
201400048902;0;7;0;0;2;4;2;C01
201400048902;0;7;0;0;2;4;2;B01
201400048903;0;7;0;0;2;1;2;B01
201400048903;0;7;0;0;2;4;1;A01
201400048904;0;33;0;0;0;1;1;A01
201400048905;1;99;0;;2;7;0;Z02
201400048905;0;33;0;0;2;8;12;A01
201400048906;0;14;0;0;2;4;1;B01
201400048906;0;7;0;0;2;2;11;A01
201400048907;0;7;0;0;2;1;21;A01
201400048907;0;7;0;0;2;7;1;B01
201400048908;0;31;0;0;2;1;3;A01
201400048908;0;7;0;0;2;4;1;B01
201400048909;0;33;0;0;2;2;1;A01
201400048909;0;7;0;0;2;5;2;B01
201400048910;0;7;0;0;0;4;2;B01
201400048910;0;7;0;0;2;1;2;A01
201400048911;0;7;0;0;2;1;2;B01
201400048911;0;7;0;0;2;4;1;A01
201400048912;0;7;0;0;2;1;1;A01
201400048912;0;33;0;0;2;4;1;B01
201400048913;0;14;0;0;2;1;1;A01
201400048913;0;7;0;0;2;1;2;D01
201400048913;0;7;0;0;2;4;2;C01
201400048913;0;7;0;0;2;4;2;E01
201400048913;0;14;0;0;2;1;2;B01
201400048914;0;7;0;0;2;4;2;B01
201400048914;0;7;0;0;2;1;1;A01
201400048914;0;7;0;0;2;4;2;D01
201400048914;0;7;0;0;2;4;2;C01
201400048915;0;31;0;0;2;1;1;A01
201400048915;0;31;0;0;2;4;2;B01
201400048916;0;7;0;0;2;8;11;A01
201400048916;0;33;0;0;2;1;1;B01
201400048917;0;7;0;0;2;3;1;A01
201400048917;0;33;0;0;2;4;1;B01
201400048918;0;7;0;0;2;3;13;A01
201400048918;0;7;0;0;2;6;1;C01
201400048918;0;34;0;0;2;3;3;B01
201400048919;0;7;0;0;2;4;2;B01
201400048919;0;7;0;0;2;1;1;A01
201400048920;0;7;0;0;2;1;2;B01
201400048920;0;7;0;0;0;4;2;A01
201400048921;0;7;0;0;2;5;2;B01
201400048921;0;7;0;14;0;2;1;A01
201400048921;0;7;0;0;2;8;14;C01
201400048922;0;7;0;0;2;1;1;A01
201400048922;0;7;0;0;2;7;2;B01
201400048923;0;7;0;0;2;1;2;B01
201400048923;0;7;0;0;2;4;1;A01
201400048923;0;7;0;0;2;1;2;C01