num_acc;senc;catv;occutc;obs;obsm;choc;manv;num_veh
201400048924;0;7;0;0;2;4;2;B01
201400048924;0;7;0;0;2;1;1;A01
201400048925;0;33;0;0;9;7;0;A01
201400048926;0;14;0;0;2;4;2;B01
201400048926;0;14;0;0;2;1;1;A01
201400048927;0;7;0;0;2;4;2;B01
201400048927;0;7;0;0;2;1;1;A01
201400048928;0;7;0;0;2;4;2;B01
201400048928;0;33;0;0;2;1;11;A01
201400048929;0;7;0;0;2;1;2;E01
201400048929;0;7;0;0;2;4;1;A01
201400048929;0;7;0;0;2;9;2;D01
201400048929;0;7;0;0;2;9;2;C01
201400048929;0;7;0;0;2;9;2;B01
201400048930;0;7;0;0;2;1;12;B01
201400048930;0;33;0;0;2;1;3;A01
201400048931;0;33;0;0;2;7;14;A01
201400048931;0;7;0;0;2;2;0;B01
201400048932;0;33;0;0;2;3;3;A01
201400048932;0;7;0;0;2;7;1;B01
201400048933;0;33;0;0;2;0;1;A01
201400048933;0;7;0;0;2;1;2;C01
201400048933;0;7;0;0;2;1;2;B01
201400048934;0;7;0;0;9;0;1;A01
201400048935;0;7;0;3;0;1;1;A01
201400048936;0;7;0;0;9;1;0;A01
201400048937;0;7;0;0;0;9;0;A01
201400048938;0;7;0;0;2;4;2;B01
201400048938;0;7;0;0;2;1;1;A01
201400048939;0;7;0;0;0;1;1;A01
201400048940;0;7;0;4;0;1;1;A01
201400048941;0;7;0;0;9;0;0;A01
201400048942;0;7;0;0;2;4;2;B01
201400048942;0;7;0;0;2;1;1;A01
201400048942;0;7;0;0;2;4;2;C01
201400048943;0;7;0;0;2;4;1;A01
201400048943;0;33;0;0;2;1;3;B01
201400048944;0;7;0;0;2;4;2;B01
201400048944;0;34;0;0;2;1;1;A01
201400048945;0;33;0;0;2;3;2;B01
201400048945;0;7;0;0;2;5;11;A01
201400048946;0;7;0;0;2;4;2;C01
201400048946;0;7;0;0;2;4;1;A01
201400048946;0;7;0;0;2;1;2;D01
201400048946;0;7;0;0;2;4;1;B01
201400048947;0;7;0;4;0;1;1;A01
201400048948;0;7;0;16;9;0;0;A01
201400048949;0;31;0;0;0;8;3;A01
201400048950;0;7;0;0;2;4;1;B01
201400048950;0;7;0;0;2;1;13;A01
201400048951;0;7;0;0;2;5;1;B01
201400048951;0;33;0;0;2;2;3;A01
201400048952;0;33;0;0;2;1;3;B01
201400048952;0;7;0;0;2;2;12;A01
201400048953;0;7;0;0;2;1;2;A01
201400048953;0;7;0;0;2;4;1;B01
201400048954;0;7;0;0;2;1;2;A01
201400048954;0;7;0;0;2;4;1;B01
201400048955;0;7;0;0;2;4;2;B01
201400048955;0;10;0;0;2;1;1;A01
201400048956;0;33;0;0;0;0;0;A01
201400048957;0;14;0;0;2;3;0;B01
201400048957;0;7;0;0;2;8;9;A01
201400048958;0;7;0;0;2;4;1;A01
201400048958;0;7;0;1;0;1;2;B01
201400048958;0;7;0;0;2;1;1;C01
201400048959;0;7;0;0;2;4;23;A01
201400048959;0;10;0;0;2;9;23;B01
201400048959;0;7;0;0;2;9;23;C01
201400048959;0;10;0;0;2;9;23;D01
201400048959;0;14;0;0;2;1;14;E01
201400048959;0;33;0;0;2;8;1;F01
201400048960;0;33;0;0;0;8;1;A01
201400048961;0;7;0;0;2;1;23;B01
201400048961;0;7;0;0;2;4;23;A01
201400048962;0;33;0;0;0;1;1;A01
201400048963;0;7;0;0;2;4;2;B01
201400048963;0;7;0;0;2;1;1;A01
201400048964;0;33;0;0;0;7;1;A01
201400048965;0;33;0;0;0;7;1;A01
201400048966;0;7;0;0;2;4;12;B01
201400048966;0;33;0;0;2;1;3;A01
201400048967;0;7;0;0;0;1;1;A01
201400048968;0;37;1;0;2;1;2;A01
201400048968;0;7;0;0;2;4;1;B01
201400048969;0;7;0;0;2;1;19;A01
201400048969;0;7;0;0;2;1;1;B01
201400048970;0;7;0;0;2;4;11;B01
201400048970;0;33;0;0;2;1;3;A01
201400048971;0;7;0;0;2;4;12;A01
201400048971;0;33;0;0;2;1;3;B01
201400048972;0;7;0;0;2;3;11;A01
201400048972;0;33;0;0;2;6;3;B01
201400048973;0;7;0;0;2;2;12;A01
201400048973;0;33;0;0;2;8;0;B01
201400048974;0;33;0;0;2;8;1;C01
201400048974;0;7;0;0;2;6;1;A01
201400048974;0;7;0;0;2;8;1;B01
201400048974;0;7;0;0;2;2;1;D01
201400048975;0;33;0;0;2;1;1;A01
201400048975;0;33;0;0;2;4;2;B01
201400048976;0;33;0;0;0;8;1;A01
201400048977;0;7;0;0;2;3;2;B01
201400048977;0;33;0;0;2;4;1;A01
201400048978;0;33;0;0;2;1;3;A01
201400048978;0;7;0;0;2;7;12;B01
201400048978;0;7;0;0;2;5;1;C01
201400048979;0;7;0;0;2;1;2;A01
201400048979;0;7;0;0;2;9;23;B01
201400048979;0;7;0;0;2;4;23;C01
201400048980;0;7;0;0;2;4;2;B01
201400048980;0;7;0;0;2;1;2;A01
201400048981;0;7;0;0;2;2;19;B01
201400048981;0;7;0;0;2;7;15;A01
201400048982;0;7;0;0;2;1;1;A01
201400048982;0;7;0;0;2;4;2;C01
201400048982;0;7;0;0;2;4;2;B01
201400048983;0;15;0;0;9;8;1;A01
201400048984;0;33;0;0;2;1;3;A01
201400048984;0;7;0;0;2;2;12;B01
201400048985;0;7;0;0;2;6;1;A01
201400048985;0;7;0;0;2;1;2;B01
201400048986;0;13;0;0;2;2;12;B01
201400048986;0;7;0;0;2;6;1;A01
201400048986;0;7;0;0;2;1;1;C01
201400048987;0;33;0;15;0;1;1;A01
201400048988;0;7;0;16;0;1;1;A01
201400048989;0;7;0;0;2;4;2;B01
201400048989;0;33;0;0;2;1;2;A01
201400048990;0;33;0;0;2;1;2;A01
201400048990;0;33;0;0;2;9;1;B01
201400048990;0;7;0;0;2;8;1;C01
201400048991;0;7;0;0;2;7;12;A01
201400048991;0;33;0;0;2;8;3;B01
201400048992;0;7;0;0;2;6;2;C01
201400048992;0;7;0;0;2;1;1;A01
201400048992;0;7;0;0;2;4;2;B01
201400048992;0;7;0;0;2;5;2;D01
201400048993;0;7;0;13;0;9;1;A01
201400048994;0;7;0;0;2;4;2;B01
201400048994;0;7;0;0;2;1;1;A01
201400048994;0;7;0;0;2;1;2;C01
201400048994;0;7;0;0;2;4;2;E01
201400048994;0;7;0;0;2;1;2;D01
201400048995;0;7;0;0;2;1;1;A01
201400048995;0;7;0;0;2;4;2;B01
201400048995;0;7;0;0;2;4;2;C01
201400048996;0;33;0;0;2;8;3;A01
201400048996;0;7;0;0;2;7;12;B01
201400048997;0;7;0;0;2;1;1;C01
201400048997;0;7;0;0;2;6;9;A01
201400048997;0;15;0;0;2;2;1;B01
201400048998;0;30;0;0;0;1;1;A01
201400048999;1;7;0;0;2;5;12;B01
201400048999;0;33;0;0;2;8;3;A01
201400049000;0;33;0;0;2;2;11;A01
201400049000;0;7;0;0;2;6;11;B01
201400049001;0;32;0;0;2;1;1;B01
201400049001;0;7;0;0;2;8;13;A01
201400049002;0;7;0;0;2;1;1;A01
201400049002;0;7;0;0;2;4;2;C01
201400049002;0;7;0;0;2;4;2;B01
201400049003;0;7;0;0;9;1;13;A01
201400049004;0;7;0;0;2;4;2;D01
201400049004;0;7;0;0;2;1;1;A01
201400049004;0;7;0;0;2;4;2;B01
201400049004;1;7;0;0;2;4;2;Z01
201400049005;0;7;0;3;0;1;1;A01
201400049006;0;7;0;0;2;4;2;B01
201400049006;0;7;0;0;2;1;1;A01
201400049007;0;7;0;0;2;4;2;B01
201400049007;0;7;0;0;2;1;1;A01
201400049008;0;7;0;0;2;8;11;B01
201400049008;0;33;0;0;2;1;3;A01
201400049008;0;7;0;0;2;4;1;C01
201400049009;0;13;0;0;2;1;1;A01
201400049009;0;7;0;0;2;4;2;C01
201400049009;0;7;0;0;2;4;2;B01
201400049010;1;7;0;0;2;8;11;Z01
201400049010;0;7;0;0;2;3;1;B01
201400049010;0;13;0;0;2;5;1;C01
201400049011;0;7;0;0;2;2;1;B01
201400049011;0;15;0;0;2;1;12;A01
201400049011;0;7;0;0;2;1;1;C01
201400049012;0;7;0;0;2;4;2;B01
201400049012;0;7;0;0;2;1;1;A01
201400049013;0;33;0;0;2;1;3;A01
201400049013;0;7;0;0;2;2;1;B01
201400049013;0;14;0;0;2;8;1;C01
201400049014;0;33;0;0;2;1;3;A01
201400049014;0;7;0;0;2;8;11;B01
201400049015;0;7;0;0;2;1;12;A01
201400049015;0;33;0;0;2;1;3;B01
201400049016;0;7;0;0;9;1;1;A01
201400049017;0;7;0;4;0;1;1;A01
201400049018;0;7;0;0;2;5;2;D01
201400049018;0;15;0;0;2;2;2;B01
201400049018;0;7;0;0;2;5;1;C01
201400049018;0;7;0;0;2;6;1;A01
201400049019;0;7;0;0;2;4;2;B01
201400049019;0;7;0;0;2;1;1;A01
201400049020;0;7;0;0;2;1;2;A01
201400049020;0;7;0;0;2;4;1;B01
201400049021;0;7;0;3;0;1;1;A01
201400049022;0;33;0;16;0;8;1;A01
201400049023;0;7;0;0;2;1;1;B01
201400049023;0;15;0;0;2;7;12;A01
201400049024;0;33;0;0;2;1;2;A01
201400049024;0;7;0;0;2;4;1;B01
201400049025;0;7;0;0;2;4;2;C01
201400049025;0;7;0;0;2;1;1;A01
201400049025;0;7;0;0;2;4;2;B01
201400049026;0;7;0;4;0;1;9;A01
201400049027;0;7;0;0;2;4;2;B01
201400049027;0;33;0;0;2;1;1;A01
201400049028;0;15;0;0;2;1;2;C01
201400049028;0;7;0;0;2;4;1;B01
201400049028;0;15;0;0;2;4;23;A01
201400049029;0;7;0;0;2;4;1;B01
201400049029;0;15;0;0;2;1;12;A01
201400049030;0;33;0;0;9;1;3;A01
201400049031;0;33;0;16;0;7;1;A01
201400049032;0;15;0;0;2;4;2;B01
201400049032;0;15;0;0;2;1;1;A01
201400049033;0;7;0;0;2;4;11;A01
201400049033;0;33;0;0;2;1;3;B01
201400049034;0;7;0;4;0;7;1;A01
201400049035;0;7;0;0;2;1;1;A01
201400049035;0;14;0;0;2;0;0;B01
201400049036;0;7;0;3;0;1;0;A01
201400049037;0;10;0;0;2;1;5;A01
201400049037;0;7;0;0;2;1;1;B01
201400049038;0;7;0;5;0;9;0;A01
201400049039;0;7;0;0;2;1;1;A01
201400049039;0;7;0;6;2;4;2;B01
201400049040;0;7;0;3;0;1;17;A01
201400049041;0;7;0;6;0;5;1;A01
201400049042;0;7;0;16;0;1;1;A01
201400049043;0;7;0;12;0;1;1;A01
201400049044;0;7;0;0;2;4;2;B01
201400049044;0;33;0;0;2;1;3;A01
201400049045;0;33;0;16;0;3;1;A01
201400049046;0;7;0;0;2;4;2;B01
201400049046;0;7;0;0;2;1;1;A01
201400049047;0;7;0;0;2;1;2;B01
201400049047;0;7;0;0;2;4;1;A01
201400049048;0;7;0;0;2;4;1;A01
201400049048;0;33;0;0;2;1;2;B01
201400049049;0;33;0;0;2;3;1;A01
201400049049;0;7;0;0;2;2;12;B01
201400049050;0;33;0;0;0;2;1;A01
201400049051;0;7;0;0;0;1;1;A01
201400049052;0;7;0;0;2;1;3;B01
201400049052;0;7;0;0;2;4;23;A01
201400049053;0;7;0;0;2;9;1;B01
201400049053;0;7;0;0;2;8;11;A01
201400049054;0;7;0;0;2;1;11;B01
201400049054;0;33;0;0;2;3;1;A01
201400049055;0;7;0;0;2;1;2;A01
201400049055;0;7;0;0;2;9;2;B01
201400049055;0;7;0;0;2;9;2;C01
201400049055;0;7;0;0;2;9;2;D01
201400049055;0;7;0;0;2;4;1;E01
201400049056;0;7;0;0;2;4;1;B01
201400049056;0;7;0;0;2;4;2;C01
201400049056;0;7;0;0;2;1;1;A01
201400049056;0;7;0;0;2;1;2;D01
201400049057;0;33;0;0;0;4;1;A01
201400049058;0;7;0;0;2;1;2;A01
201400049058;0;7;0;0;2;9;2;B01
201400049058;0;7;0;0;2;9;2;C01
201400049058;0;7;0;0;2;4;1;D01
201400049059;0;33;0;0;2;1;1;A01
201400049059;0;7;0;0;2;4;2;B01
201400049060;0;7;0;0;2;4;11;A01
201400049060;0;13;0;0;2;7;1;B01
201400049061;0;7;0;0;2;5;1;A01
201400049061;0;7;0;0;2;6;1;B01
201400049061;0;33;0;0;2;1;3;C01
201400049062;0;7;0;0;2;9;1;A01
201400049063;0;7;0;0;2;4;1;A01
201400049063;0;15;0;0;2;2;2;B01
201400049064;0;7;0;0;2;8;11;A01
201400049064;0;34;0;0;2;7;1;B01
201400049065;0;7;0;0;2;8;1;B01
201400049065;0;7;0;0;2;7;14;A01
201400049066;0;15;0;16;0;1;1;A01
201400049067;0;7;0;0;2;4;2;B01
201400049067;0;15;0;0;2;1;12;A01
201400049068;0;7;0;0;2;1;2;A01
201400049068;0;7;0;0;2;4;1;B01
201400049069;0;7;0;0;2;4;1;A01
201400049069;0;7;0;0;2;1;2;B01
201400049070;0;33;0;0;2;1;3;B01
201400049070;0;7;0;0;2;6;13;A01
201400049071;0;7;0;3;0;7;1;A01
201400049072;0;33;0;0;2;4;2;B01
201400049072;0;7;0;0;2;1;1;A01
201400049072;0;7;0;0;2;4;2;C01
201400049073;0;7;0;0;2;4;2;C01
201400049073;0;7;0;0;2;1;1;A01
201400049073;0;7;0;0;2;4;2;B01
201400049074;0;7;0;0;2;6;11;B01
201400049074;0;33;0;0;2;1;3;A01
201400049075;0;7;0;0;2;1;11;A01
201400049075;0;7;0;0;2;4;2;B01
201400049076;0;7;0;0;2;1;2;A01
201400049076;0;7;0;0;2;4;1;B01
201400049077;0;7;0;0;2;4;2;B01
201400049077;0;33;0;0;2;1;3;A01
201400049078;0;7;0;0;2;6;13;A01
201400049078;0;33;0;0;2;1;4;B01
201400049079;0;7;0;0;2;4;1;A01
201400049079;0;7;0;0;2;1;2;B01
201400049080;0;33;0;16;0;7;1;A01
201400049081;0;7;0;6;0;2;18;A01
201400049082;0;15;0;4;0;1;1;A01
201400049083;0;7;0;0;2;1;2;B01
201400049083;0;7;0;0;2;4;1;A01
201400049084;0;7;0;0;2;4;2;A01
201400049084;0;7;0;0;2;1;2;B01
201400049085;0;7;0;0;2;4;2;C01
201400049085;0;13;0;0;2;1;1;A01
201400049085;0;7;0;0;2;4;2;B01
201400049085;0;7;0;0;2;1;2;D01
201400049086;0;7;0;0;2;1;2;A01
201400049086;0;7;0;0;2;4;1;B01
201400049087;0;33;0;0;2;9;3;A01
201400049087;0;7;0;0;2;5;1;B01
201400049087;0;15;0;0;2;6;1;C01
201400049088;0;7;0;0;2;8;11;A01
201400049088;0;33;0;0;2;7;3;B01
201400049089;0;33;0;0;2;1;1;A01
201400049089;0;15;0;0;2;6;13;B01
201400049090;0;7;0;16;0;9;1;A01
201400049091;0;7;0;16;0;1;1;A01
201400049092;0;33;0;0;2;7;3;A01
201400049092;0;7;0;0;2;8;11;B01
201400049093;0;33;0;0;0;2;3;A01
201400049094;0;34;0;0;2;1;2;B01
201400049094;0;7;0;0;2;6;1;A01
201400049095;0;33;0;16;0;7;18;A01
201400049096;0;7;0;0;2;1;1;A01
201400049096;0;7;0;0;2;4;2;B01
201400049097;0;33;0;0;2;1;2;A01
201400049097;0;7;0;0;2;4;1;B01
201400049098;0;7;0;0;2;3;11;A01
201400049098;0;33;0;0;2;1;3;B01
201400049099;0;7;0;0;2;4;2;B01
201400049099;0;33;0;0;2;1;1;A01
201400049100;0;7;0;0;2;7;19;A01
201400049100;0;7;0;0;2;8;1;B01
201400049100;0;7;0;0;2;7;1;C01
201400049101;0;7;0;6;0;1;1;A01
201400049102;0;7;0;3;0;1;0;A01
201400049103;0;33;0;0;0;7;3;A01
201400049104;0;33;0;0;2;7;1;A01
201400049104;0;7;0;0;2;8;11;B01
201400049105;0;33;0;0;2;3;3;A01
201400049105;0;7;0;0;2;2;14;B01
201400049106;0;33;0;16;0;0;1;A01
201400049107;0;7;0;0;2;4;1;A01
201400049107;0;7;0;0;2;9;2;B01
201400049107;0;7;0;0;2;9;2;C01
201400049107;0;7;0;0;2;9;2;D01
201400049107;0;7;0;0;2;1;2;E01
201400049108;0;7;0;3;0;1;1;A01
201400049109;0;7;0;16;0;0;1;A01
201400049110;0;7;0;6;0;9;1;A01
201400049111;0;7;0;0;2;3;12;A01
201400049111;0;14;0;0;2;2;1;B01
201400049112;0;7;0;15;0;1;1;A01
201400049113;0;2;0;0;2;1;1;A01
201400049113;0;33;0;0;2;1;1;B01
201400049113;0;7;0;0;2;8;1;C01
201400049114;0;7;0;0;2;7;11;A01
201400049114;0;7;0;0;2;7;1;B01
201400049115;0;34;0;0;2;1;1;B01
201400049115;0;7;0;0;2;7;15;A01
201400049116;0;7;0;0;2;3;15;B01
201400049116;0;34;0;0;1;1;17;A01
201400049117;0;7;0;0;2;1;13;A01
201400049117;0;7;0;0;2;1;1;B01
201400049118;0;7;0;0;2;1;1;A01
201400049118;0;7;0;0;2;5;1;B01
201400049119;0;7;0;6;0;1;1;A01
201400049120;0;7;0;0;0;1;1;A01
201400049120;0;7;0;0;2;1;1;D01
201400049120;0;7;0;0;2;4;1;C01
201400049120;0;7;0;0;2;4;1;B01
201400049121;0;7;0;0;1;1;1;A01
201400049122;0;7;0;0;2;1;1;B01
201400049122;0;7;0;0;2;1;13;A01
201400049123;0;2;0;0;2;1;1;A01
201400049123;0;7;0;0;2;1;1;B01
201400049124;0;7;0;0;2;4;1;C01
201400049124;0;7;0;0;2;1;1;B01
201400049124;0;7;0;0;2;1;1;A01
201400049125;0;7;0;0;2;4;1;C01
201400049125;0;7;0;0;2;4;1;B01
201400049125;0;7;0;0;2;1;1;A01
201400049126;0;31;0;0;2;1;1;B01
201400049126;0;7;0;0;2;6;9;A01
201400049127;0;7;0;0;2;4;1;B01
201400049127;0;7;0;0;2;1;1;A01
201400049128;0;34;0;0;2;1;1;B01
201400049128;0;7;0;0;2;3;9;A01
201400049129;0;14;0;0;1;2;1;A01
201400049130;0;7;0;0;2;3;1;A01
201400049130;0;7;0;0;2;4;1;B01
201400049131;0;7;0;0;2;3;1;A01
201400049131;0;7;0;0;2;3;0;B01
201400049132;0;7;0;6;0;1;1;A01
201400049133;0;7;0;0;2;2;1;B01
201400049133;0;7;0;0;2;1;1;A01
201400049134;0;7;0;0;2;4;1;B01
201400049134;0;7;0;0;2;1;1;A01
201400049135;0;7;0;10;0;2;1;A01
201400049136;0;7;0;0;2;4;1;B01
201400049136;0;7;0;0;2;1;1;A01
201400049137;0;7;0;0;2;1;1;A01
201400049137;0;7;0;0;2;4;1;B01
201400049138;0;7;0;0;2;3;1;B01
201400049138;0;33;0;0;2;1;13;A01
201400049139;0;10;0;12;0;2;1;A01
201400049140;0;7;0;4;0;3;1;A01
201400049141;0;7;0;0;2;1;1;B01
201400049141;0;7;0;0;2;8;9;A01
201400049142;0;32;0;16;0;1;1;A01
201400049143;0;7;0;0;2;7;1;B01
201400049143;0;7;0;0;2;4;4;A01
201400049144;0;7;0;0;2;6;11;A01
201400049144;0;7;0;0;2;7;1;B01
201400049145;0;7;0;0;0;4;1;C01
201400049145;0;7;0;0;2;1;1;A01
201400049145;0;7;0;0;2;4;1;B01
201400049146;0;7;0;0;2;3;1;B01
201400049146;0;7;0;0;2;2;12;A01
201400049147;0;7;0;0;1;1;15;A01
201400049148;0;30;0;0;2;1;1;B01
201400049148;0;7;0;0;2;3;5;A01
201400049149;0;7;0;8;0;1;14;A01
201400049150;0;32;0;0;2;1;1;B01
201400049150;0;7;0;0;2;5;11;A01
201400049151;0;7;0;0;2;1;1;A01
201400049151;0;7;0;0;2;4;1;B01
201400049152;0;7;0;6;0;2;1;A01
201400049153;0;1;0;0;2;1;13;A01
201400049153;0;7;0;0;2;3;1;B01
201400049154;0;7;0;0;2;1;1;A01
201400049154;0;7;0;0;2;4;1;B01
201400049155;0;10;0;6;0;1;1;A01
201400049156;0;7;0;0;1;1;1;A01
201400049157;0;7;0;8;0;1;1;A01
201400049158;0;7;0;0;2;6;1;B01
201400049158;0;32;0;0;2;2;13;A01
201400049158;0;7;0;0;2;1;1;C01
201400049159;0;7;0;12;0;1;1;A01
201400049160;0;7;0;0;2;3;11;A01
201400049160;0;1;0;0;2;1;17;B01
201400049161;0;32;0;6;0;1;1;A01
201400049162;0;30;0;13;0;1;1;A01
201400049163;1;7;0;0;2;1;20;Z01
201400049163;0;7;0;0;2;1;1;B01
201400049164;0;7;0;0;2;3;9;A01
201400049164;0;3;0;0;2;1;1;B01
201400049165;0;10;0;13;0;9;4;A01
201400049166;0;7;0;0;2;1;1;A01
201400049166;0;7;0;0;2;4;1;B01
201400049166;0;7;0;0;2;4;1;D01
201400049166;0;7;0;0;2;4;1;C01
201400049167;0;32;0;1;0;1;14;A01
201400049168;0;7;0;0;2;1;1;A01
201400049168;0;7;0;0;2;3;1;B01
201400049169;0;7;0;0;1;1;1;A01
201400049170;0;7;0;0;1;1;1;A01
201400049171;0;7;0;0;2;2;15;A01
201400049171;0;7;0;0;2;6;15;B01
201400049172;0;7;0;13;0;2;14;A01
201400049173;0;7;0;0;2;1;1;A01
201400049173;0;7;0;0;2;4;1;B01
201400049174;0;7;0;0;2;1;1;A01
201400049174;0;7;0;0;2;4;1;B01
201400049175;0;7;0;8;0;2;14;A01
201400049176;0;7;0;0;2;2;1;B01
201400049176;0;33;0;0;2;1;9;A01
201400049177;0;7;0;0;2;1;1;B01
201400049177;0;33;0;8;2;1;1;A01
201400049178;0;32;0;13;0;1;1;A01
201400049179;0;33;0;0;2;3;13;A01
201400049180;0;31;0;0;2;1;1;B01
201400049180;0;7;0;0;2;1;9;A01
201400049181;0;13;0;0;2;2;1;B01
201400049181;0;7;0;0;2;7;1;C01
201400049181;0;7;0;0;2;3;9;A01
201400049182;0;7;0;0;1;1;1;A01
201400049183;0;7;0;0;2;8;9;A01
201400049183;0;33;0;0;2;1;1;B01
201400049184;0;33;0;11;0;1;1;A01
201400049185;0;7;0;0;2;4;1;E01
201400049185;0;7;0;0;2;4;1;C01
201400049185;0;7;0;0;2;4;1;B01
201400049185;0;7;0;0;2;1;1;A01
201400049185;0;7;0;0;2;4;1;D01
201400049186;0;30;0;0;2;2;1;A01
201400049186;0;7;0;0;2;1;1;B01
201400049187;0;7;0;0;2;4;1;B01
201400049187;0;13;0;0;2;1;1;A01
201400049187;0;7;0;0;2;4;1;C01
201400049187;0;7;0;0;0;4;1;D01
201400049188;0;7;0;11;0;2;14;A01
201400049189;0;7;0;0;2;2;1;B01
201400049189;0;7;0;0;2;3;15;A01
201400049190;0;33;0;0;2;7;1;B01
201400049190;0;7;0;0;2;1;9;A01
201400049191;0;7;0;0;2;3;1;A01
201400049191;0;7;0;0;2;8;1;B01
201400049192;0;7;0;0;2;8;10;A01
201400049192;0;1;0;0;2;1;1;B01
201400049193;0;7;0;0;2;4;1;B01
201400049193;0;7;0;0;2;1;1;A01
201400049194;0;7;0;8;0;5;1;A01
201400049195;0;7;0;0;2;4;1;C01
201400049195;0;7;0;0;2;4;1;B01
201400049195;0;7;0;0;2;1;1;A01
201400049196;0;7;0;0;2;1;15;B01
201400049196;0;7;0;0;2;3;15;A01
201400049197;0;7;0;0;2;3;11;A01
201400049197;0;33;0;0;2;1;1;B01
201400049198;0;10;0;8;0;1;13;A01
201400049199;0;7;0;0;2;1;1;A01
201400049199;0;7;0;0;2;4;1;B01
201400049200;0;2;0;0;2;1;1;A01
201400049200;0;10;0;0;2;4;10;B01
201400049201;0;7;0;13;0;9;1;A01
201400049202;0;7;0;0;2;1;9;A01
201400049202;0;1;0;0;2;7;1;B01
201400049203;0;7;0;0;2;7;1;B01
201400049203;0;7;0;0;2;3;9;A01
201400049204;0;31;0;12;0;1;1;A01
201400049205;0;7;0;0;1;3;1;A01
201400049206;0;2;0;0;1;1;1;A01
201400049207;0;30;0;0;2;6;13;A01
201400049207;0;7;0;0;2;1;1;B01
201400049208;0;2;0;12;0;1;1;A01
201400049209;0;30;0;14;0;8;1;A01
201400049210;0;30;0;0;1;1;1;A01
201400049210;0;7;0;0;2;7;1;B01
201400049211;0;30;0;0;2;1;1;B01
201400049211;0;7;0;0;2;3;9;A01
201400049212;0;7;0;0;2;7;16;A01
201400049212;0;2;0;0;2;3;1;B01
201400049213;0;7;0;0;2;2;17;A01
201400049213;0;7;0;0;2;3;16;B01
201400049214;0;7;0;0;2;2;12;A01
201400049214;0;31;0;0;2;1;1;B01
201400049215;0;30;0;12;0;8;1;A01
201400049216;0;7;0;0;2;7;1;A01
201400049216;0;7;0;0;2;2;1;B01
201400049217;0;33;0;0;0;8;1;A01
201400049218;0;7;0;0;2;1;1;A01
201400049218;0;7;0;0;2;4;1;B01
201400049219;0;7;0;0;2;0;1;B01
201400049219;0;33;0;0;2;1;1;A01
201400049220;0;7;0;0;1;8;1;A01
201400049221;0;7;0;0;2;1;15;B01
201400049221;0;7;0;0;2;8;13;C01
201400049221;0;7;0;0;2;1;17;A01
201400049222;0;7;0;0;2;1;1;A01
201400049222;0;7;0;0;2;4;1;C01
201400049222;0;7;0;0;2;4;1;B01
201400049223;0;7;0;0;2;1;11;A01
201400049223;0;7;0;0;2;1;1;B01
201400049224;0;33;0;0;2;1;1;B01
201400049224;0;7;0;0;2;7;11;A01
201400049225;0;1;0;0;2;1;1;B01
201400049225;0;7;0;0;2;5;20;A01
201400049226;0;7;0;6;0;1;1;A01
201400049227;0;2;0;1;0;1;1;A01
201400049227;0;7;0;0;2;4;20;B01
201400049228;0;7;0;0;2;4;1;B01
201400049228;0;7;0;0;2;1;1;A01
201400049229;0;7;0;0;1;2;1;A01
201400049230;0;7;0;0;2;1;1;A01
201400049230;0;7;0;0;2;4;1;B01
201400049231;0;7;0;0;2;1;1;B01
201400049231;0;7;0;0;2;1;5;A01
201400049232;0;7;0;0;2;1;24;B01
201400049232;0;7;0;1;0;2;1;A01
201400049233;0;7;0;0;2;8;1;B01
201400049233;0;7;0;0;2;1;1;A01
201400049234;0;33;0;0;2;1;1;A01
201400049234;0;7;0;0;2;4;1;B01
201400049235;0;33;0;0;2;1;1;B01
201400049235;0;7;0;0;2;3;1;A01
201400049236;0;7;0;0;2;1;1;A01
201400049236;0;7;0;0;2;4;0;B01
201400049237;0;7;0;0;2;1;1;B01
201400049237;0;7;0;0;2;1;1;A01
201400049238;0;7;0;7;0;9;1;A01
201400049239;0;7;0;0;2;1;1;A01
201400049239;0;7;0;0;2;4;1;B01
201400049239;0;7;0;0;2;4;1;C01
201400049240;0;7;0;6;0;1;1;A01
201400049241;0;2;0;0;1;1;1;A01
201400049242;1;3;0;0;0;0;0;Z01
201400049243;1;7;0;0;2;3;13;Z01
201400049243;0;7;0;0;2;8;1;B01
201400049244;0;7;0;0;2;6;1;B01
201400049244;0;7;0;0;2;2;1;A01
201400049245;0;7;0;6;0;1;16;A01
201400049246;0;7;0;0;1;1;1;A01
201400049247;0;7;0;0;2;5;1;B01
201400049247;0;10;0;0;2;3;9;A01
201400049248;0;7;0;13;0;2;1;A01
201400049249;0;10;0;0;2;1;1;A01
201400049249;0;7;0;0;2;4;1;B01
201400049250;0;7;0;0;2;4;1;B01
201400049250;0;7;0;0;2;1;1;A01
201400049251;0;7;0;0;1;4;20;A01
201400049252;0;30;0;0;2;1;17;B01
201400049252;0;7;0;0;2;0;0;A01
201400049253;0;30;0;0;2;1;1;B01
201400049253;0;7;0;0;2;3;15;A01
201400049254;0;7;0;0;2;1;1;C01
201400049254;0;7;0;0;2;1;1;A01
201400049254;0;7;0;0;2;6;1;B01
201400049255;0;7;0;0;1;1;1;A01
201400049256;0;7;0;1;0;1;1;A01
201400049256;0;7;0;0;0;4;20;B01
201400049257;0;33;0;0;0;1;1;A01
201400049258;0;33;0;0;2;7;1;B01
201400049258;0;7;0;0;2;1;1;A01
201400049259;0;7;0;0;1;2;1;A01
201400049260;0;7;0;0;2;4;1;B01