num_acc;senc;catv;occutc;obs;obsm;choc;manv;num_veh
201400049260;0;7;0;0;2;1;1;A01
201400049261;0;7;0;9;0;1;1;A01
201400049262;0;7;0;0;2;3;1;B01
201400049262;0;10;0;0;2;3;13;A01
201400049263;0;7;0;0;2;3;9;A01
201400049263;0;7;0;0;2;3;1;B01
201400049264;0;7;0;0;2;4;1;C01
201400049264;0;7;0;0;2;4;1;B01
201400049264;0;7;0;0;2;1;1;A01
201400049265;0;7;0;0;2;4;1;B01
201400049265;0;7;0;0;2;1;1;A01
201400049266;0;33;0;0;2;3;1;B01
201400049266;0;10;0;0;2;1;9;A01
201400049267;0;10;0;0;2;3;9;A01
201400049267;0;7;0;0;2;2;1;B01
201400049268;0;7;0;0;2;1;1;A01
201400049268;0;2;0;0;2;4;1;B01
201400049268;0;7;0;0;2;4;1;C01
201400049269;0;30;0;0;1;1;17;A01
201400049270;1;2;0;0;2;1;9;Z01
201400049270;0;7;0;0;2;7;1;A01
201400049271;0;7;0;0;2;2;1;B01
201400049271;0;7;0;0;2;3;9;A01
201400049272;0;7;0;9;0;2;1;A01
201400049273;0;30;0;1;2;1;17;A01
201400049273;0;7;0;0;2;4;24;C01
201400049273;0;7;0;0;2;8;15;B01
201400049274;0;7;0;1;2;2;1;B01
201400049274;0;7;0;3;2;9;1;A01
201400049274;0;7;0;1;2;1;2;C01
201400049275;0;7;0;0;2;1;2;A01
201400049275;0;7;0;0;4;2;1;B01
201400049276;0;7;0;0;1;2;1;A01
201400049277;0;7;0;0;2;3;9;A01
201400049277;0;30;0;0;2;2;1;B01
201400049278;0;34;0;0;2;1;9;A01
201400049278;0;7;0;0;2;4;1;B01
201400049279;0;7;0;0;2;3;13;A01
201400049279;0;7;0;0;2;8;1;B01
201400049280;0;7;0;0;2;2;13;A01
201400049280;0;7;0;0;2;1;1;B01
201400049281;0;7;0;4;0;2;14;A01
201400049282;0;7;0;16;0;1;1;A01
201400049283;0;7;0;12;0;7;1;A01
201400049284;0;7;0;9;0;1;1;A01
201400049285;1;7;0;0;2;2;1;Z01
201400049285;0;7;0;0;2;1;1;B01
201400049286;0;7;0;0;1;1;15;A01
201400049287;0;7;0;0;2;3;9;A01
201400049287;0;33;0;0;2;3;1;B01
201400049288;0;7;0;0;1;1;1;A01
201400049289;0;7;0;0;1;1;1;A01
201400049290;0;32;0;14;0;1;1;A01
201400049291;0;7;0;0;1;1;15;A01
201400049292;0;7;0;0;2;1;5;A01
201400049292;0;7;0;0;2;1;1;B01
201400049293;0;7;0;13;0;1;1;A01
201400049294;0;7;0;0;2;4;1;B01
201400049294;0;7;0;0;2;1;1;A01
201400049295;0;7;0;0;2;1;1;A01
201400049295;0;7;0;0;2;4;1;C01
201400049295;0;7;0;1;2;4;1;B01
201400049296;0;7;0;0;2;0;0;B01
201400049296;0;34;0;0;2;0;1;A01
201400049297;0;7;0;0;2;4;1;A01
201400049297;0;7;0;0;2;2;1;B01
201400049298;0;7;0;0;1;1;1;A01
201400049299;0;30;0;1;2;1;0;A01
201400049299;0;7;0;0;2;4;1;B01
201400049300;0;7;0;1;2;1;1;B01
201400049300;0;7;0;0;2;1;13;A01
201400049301;0;7;0;0;2;1;1;C01
201400049301;0;7;0;0;2;4;1;B01
201400049301;0;7;0;0;2;1;1;A01
201400049302;0;7;0;0;2;4;1;B01
201400049302;0;7;0;0;2;1;1;C01
201400049302;0;7;0;0;2;1;1;A01
201400049303;0;7;0;0;2;1;1;A01
201400049303;0;7;0;0;2;1;1;B01
201400049304;0;7;0;0;1;4;0;A01
201400049305;0;7;0;0;1;1;1;A01
201400049306;0;7;0;0;2;1;1;A01
201400049306;0;7;0;0;2;1;1;B01
201400049306;0;7;0;0;2;4;1;C01
201400049307;0;7;0;0;2;3;1;A01
201400049307;0;2;0;0;2;1;1;B01
201400049308;0;7;0;0;2;1;1;A01
201400049308;0;7;0;0;4;4;0;B01
201400049309;0;7;0;9;0;1;1;A01
201400049310;0;7;0;0;2;4;1;B01
201400049310;0;7;0;0;2;4;1;A01
201400049310;0;7;0;1;2;1;2;C01
201400049311;0;7;0;0;2;3;1;B01
201400049311;0;31;0;0;2;1;1;A01
201400049312;0;7;0;0;2;3;1;C01
201400049312;0;7;0;0;2;3;2;B01
201400049312;0;33;0;0;2;1;13;A01
201400049313;0;7;0;0;2;3;11;A01
201400049313;0;33;0;0;2;1;17;B01
201400049314;0;7;0;0;2;6;11;A01
201400049314;0;2;0;0;2;1;1;B01
201400049315;0;30;0;0;2;1;0;A01
201400049315;0;7;0;0;2;1;1;B01
201400049316;0;7;0;0;1;1;1;A01
201400049317;0;7;0;0;1;5;20;A01
201400049318;0;7;0;0;1;1;1;A01
201400049319;1;10;0;0;1;1;1;Z01
201400049320;0;1;0;0;2;4;14;B01
201400049320;0;7;0;0;9;1;2;A01
201400049321;0;1;0;1;2;1;1;B01
201400049321;0;7;0;0;9;0;22;A01
201400049322;0;1;0;0;1;0;2;A01
201400049323;0;7;0;0;2;4;1;B01
201400049323;0;32;0;0;2;1;2;A01
201400049324;0;7;0;0;2;7;1;B01
201400049324;0;7;0;0;2;1;1;A01
201400049325;0;7;0;0;2;2;12;A01
201400049325;0;7;0;0;2;3;1;B01
201400049326;1;99;0;0;1;2;0;Z01
201400049327;0;40;50;0;2;2;1;A01
201400049327;0;1;0;0;4;3;19;B01
201400049328;0;7;0;0;1;2;1;A01
201400049329;0;7;0;0;1;3;1;A01
201400049330;0;7;0;0;2;1;1;B01
201400049330;0;7;0;0;2;1;15;A01
201400049330;0;7;0;0;2;3;1;C01
201400049331;0;7;0;0;1;1;2;A01
201400049332;0;31;0;0;0;0;1;A01
201400049333;0;30;0;0;2;1;1;B01
201400049333;0;7;0;0;2;6;1;A01
201400049334;0;2;0;0;2;1;2;A01
201400049334;0;7;0;0;0;8;15;B01
201400049335;0;10;0;0;2;4;1;B01
201400049335;0;10;0;0;2;1;1;A01
201400049336;0;7;0;0;2;8;24;A01
201400049336;0;1;0;1;0;1;1;B01
201400049337;0;37;1;0;1;8;1;A01
201400049338;0;7;0;0;1;1;1;A01
201400049339;0;33;0;1;0;1;1;A01
201400049340;0;31;0;0;2;4;23;C01
201400049340;0;7;0;0;2;4;23;B01
201400049340;0;7;0;0;2;1;2;A01
201400049341;0;1;0;0;2;0;0;B01
201400049341;0;7;0;0;2;0;15;A01
201400049342;0;7;0;0;1;0;16;A01
201400049343;0;30;0;0;2;7;18;A01
201400049343;0;7;0;0;2;7;2;B01
201400049344;0;7;0;0;2;6;11;A01
201400049344;0;34;0;0;2;1;1;B01
201400049345;0;7;0;0;1;1;1;A01
201400049346;0;7;0;0;1;1;1;A01
201400049347;1;7;0;0;1;1;1;A01
201400049348;0;7;0;0;2;7;16;B01
201400049348;0;33;0;0;2;3;7;A01
201400049349;0;7;0;0;2;0;24;A01
201400049349;0;1;0;1;0;0;2;B01
201400049350;0;1;0;0;1;1;0;A01
201400049351;0;30;0;0;0;0;0;B01
201400049351;0;7;0;0;0;0;0;A01
201400049352;0;7;0;0;1;1;2;A01
201400049353;0;7;0;0;2;1;1;A01
201400049353;0;7;0;0;2;4;23;B01
201400049354;0;7;0;0;0;4;2;C01
201400049354;0;7;0;0;2;1;2;A01
201400049354;0;7;0;0;2;1;2;B01
201400049355;0;7;0;11;0;3;15;A01
201400049356;0;10;0;0;1;3;2;A01
201400049356;0;1;0;0;2;1;19;B01
201400049357;0;33;0;0;0;4;2;B01
201400049357;0;10;0;0;2;1;2;A01
201400049358;0;30;0;0;2;2;1;A01
201400049358;0;7;0;0;2;3;1;B01
201400049359;0;1;0;0;1;1;1;A01
201400049360;0;7;0;0;1;3;0;A01
201400049361;0;32;0;0;2;5;2;B01
201400049361;0;7;0;0;2;8;9;A01
201400049362;0;7;0;0;1;1;15;A01
201400049363;0;7;0;0;2;4;23;B01
201400049363;0;2;0;0;2;1;2;A01
201400049364;0;33;0;0;2;1;1;B01
201400049364;0;7;0;0;2;2;1;A01
201400049365;0;7;0;0;2;1;2;A01
201400049365;0;7;0;0;2;4;23;B01
201400049366;0;7;0;0;2;1;1;A01
201400049366;0;7;0;0;2;4;23;B01
201400049366;0;7;0;0;2;6;1;C01
201400049367;1;7;0;0;1;5;1;Z01
201400049368;0;10;0;0;4;3;15;A01
201400049368;0;40;40;0;2;2;1;B01
201400049369;0;7;0;0;2;4;2;B01
201400049369;0;7;0;0;2;1;1;A01
201400049370;0;2;0;8;2;7;19;A01
201400049370;0;7;0;0;2;1;1;B01
201400049371;0;1;0;0;2;1;1;B01
201400049371;0;7;0;0;2;8;24;A01
201400049372;0;10;0;0;2;1;1;A01
201400049372;0;7;0;0;2;7;1;B01
201400049373;0;7;0;0;0;0;15;A01
201400049374;0;33;0;0;2;4;1;B01
201400049374;0;7;0;0;2;4;1;C01
201400049374;0;7;0;0;2;1;1;A01
201400049375;0;7;0;12;2;3;1;A01
201400049375;0;7;0;0;2;2;1;B01
201400049376;0;7;0;0;2;2;1;A01
201400049376;0;30;0;0;2;4;1;B01
201400049377;0;7;0;0;1;8;21;A01
201400049378;0;7;0;0;2;6;15;A01
201400049378;0;33;0;0;2;1;1;B01
201400049379;0;7;0;0;9;1;1;B01
201400049379;0;1;0;0;2;3;19;A01
201400049380;0;2;0;0;1;1;0;A01
201400049381;0;7;0;0;1;1;2;A01
201400049382;1;7;0;0;1;1;1;Z01
201400049383;0;10;0;0;1;1;2;A01
201400049384;0;33;0;1;2;9;2;B01
201400049384;0;7;0;0;2;2;14;A01
201400049385;0;33;0;0;2;1;1;A01
201400049385;0;10;0;0;2;1;15;B01
201400049386;0;31;0;12;0;1;2;A01
201400049387;0;7;0;0;2;7;16;B01
201400049387;0;32;0;0;2;1;1;A01
201400049388;0;32;0;0;2;1;3;A01
201400049388;0;7;0;0;2;5;2;B01
201400049388;0;7;0;0;2;6;1;C01
201400049389;0;10;0;0;1;2;2;A01
201400049390;1;99;0;0;1;0;0;Z01
201400049391;0;1;0;0;2;4;17;B01
201400049391;1;7;0;0;2;1;2;Z01
201400049392;0;30;0;0;2;2;1;A01
201400049392;0;7;0;0;2;8;1;B01
201400049393;0;7;0;0;1;3;1;A01
201400049394;0;7;0;0;1;1;1;A01
201400049395;0;32;0;0;0;0;1;A01
201400049396;0;7;0;0;2;4;2;B01
201400049396;0;33;0;0;2;1;2;A01
201400049397;0;10;0;0;2;3;15;A01
201400049397;0;31;0;0;2;5;1;B01
201400049398;0;7;0;0;1;6;20;A01
201400049399;0;37;1;0;1;2;1;A01
201400049400;0;31;0;0;2;9;2;C01
201400049400;0;7;0;0;2;4;2;D01
201400049400;0;7;0;0;2;2;2;B01
201400049400;0;7;0;0;2;1;2;A01
201400049401;0;7;0;0;1;1;1;A01
201400049402;0;7;0;0;1;2;21;B01
201400049403;1;7;0;0;1;1;0;A01
201400049404;0;7;0;3;0;3;1;A01
201400049405;0;7;0;0;0;0;1;A01
201400049406;0;7;0;0;0;0;0;A01
201400049407;0;7;0;0;9;4;21;B01
201400049407;0;7;0;0;2;1;21;A01
201400049408;0;10;0;0;2;1;2;A01
201400049408;0;17;0;0;0;4;2;B01
201400049409;0;7;0;0;0;0;0;A01
201400049410;0;7;0;0;0;0;1;B01
201400049410;0;7;0;0;2;0;14;A01
201400049411;0;7;0;0;0;1;0;A01
201400049412;0;7;0;0;0;1;0;A01
201400049413;0;7;0;0;0;1;0;A01
201400049413;0;7;0;0;0;4;0;B01
201400049414;0;7;0;0;0;1;0;A01
201400049415;1;99;0;0;1;0;0;A01
201400049416;0;7;0;0;0;0;0;C01
201400049416;0;13;0;0;0;0;0;A01
201400049416;0;7;0;0;0;0;0;B01
201400049417;0;33;0;3;0;3;0;A01
201400049418;0;7;0;4;0;3;13;A01
201400049419;0;7;0;0;0;0;5;A01
201400049419;0;7;0;0;0;0;0;B01
201400049420;0;7;0;0;0;0;0;A01
201400049421;0;7;0;0;0;4;0;B01
201400049421;0;7;0;0;0;1;0;A01
201400049422;0;14;0;0;0;0;5;A01
201400049422;0;7;0;0;0;0;0;B01
201400049423;0;10;0;0;0;6;1;B01
201400049423;0;33;0;0;2;1;17;A01
201400049423;0;7;0;0;0;7;17;C01
201400049424;0;14;0;0;0;0;0;B01
201400049424;0;7;0;14;0;1;0;A01
201400049425;0;7;0;0;0;0;0;A01
201400049425;0;7;0;0;0;0;0;B01
201400049426;0;7;0;0;0;0;0;B01
201400049426;0;7;0;0;0;0;0;D01
201400049426;0;7;0;0;0;0;0;A01
201400049426;0;7;0;0;0;0;0;C01
201400049427;0;7;0;0;0;0;0;B01
201400049427;0;7;0;0;0;0;0;A01
201400049428;0;7;0;1;0;1;0;A01
201400049428;0;10;0;0;0;4;0;B01
201400049429;0;7;0;0;0;1;0;A01
201400049429;0;7;0;0;0;4;0;B01
201400049430;0;31;0;0;0;0;0;A01
201400049430;0;33;0;0;0;0;0;B01
201400049431;0;7;0;0;2;2;1;B01
201400049431;0;33;0;0;2;0;3;A01
201400049432;0;31;0;0;0;0;0;A01
201400049433;0;7;0;13;0;6;23;B01
201400049433;0;10;0;1;0;2;14;A01
201400049434;0;7;0;0;0;4;0;B01
201400049434;0;7;0;0;0;1;0;A01
201400049435;0;14;0;0;0;1;0;A01
201400049435;0;7;0;0;0;1;0;B01
201400049436;0;7;0;0;0;1;0;A01
201400049436;0;7;0;0;0;0;0;B01
201400049436;0;7;0;0;0;4;0;C01
201400049437;0;33;0;0;0;0;0;A01
201400049437;0;7;0;0;0;0;0;B01
201400049438;0;7;0;0;0;1;0;A01
201400049438;0;7;0;0;0;4;0;B01
201400049439;0;10;0;0;0;6;23;B01
201400049439;0;7;0;1;0;2;21;A01
201400049440;0;7;0;0;0;0;0;A01
201400049441;0;7;0;0;0;0;0;C01
201400049441;0;7;0;0;0;0;0;B01
201400049441;0;7;0;0;0;0;0;A01
201400049442;0;7;0;0;1;0;0;A01
201400049442;0;7;0;0;1;0;0;B01
201400049443;0;15;0;0;0;4;0;B01
201400049443;0;15;0;0;0;4;0;C01
201400049443;0;15;0;0;0;4;0;A01
201400049443;0;15;0;0;0;1;0;D01
201400049444;0;33;0;0;0;0;0;A01
201400049444;0;7;0;0;0;0;0;B01
201400049445;0;7;0;4;0;0;0;A01
201400049446;0;7;0;0;0;0;0;A01
201400049447;0;33;0;0;0;0;0;A01
201400049448;0;7;0;0;0;0;0;C01
201400049448;0;7;0;0;0;0;0;B01
201400049448;0;14;0;0;0;0;0;A01
201400049449;0;13;0;0;2;6;2;B01
201400049449;0;7;0;0;2;2;14;A01
201400049450;0;7;0;0;0;0;0;B01
201400049450;0;7;0;0;0;0;0;A01
201400049451;0;7;0;4;0;8;2;A01
201400049452;0;33;0;0;2;1;0;A01
201400049452;0;7;0;0;0;4;0;B01
201400049453;0;7;0;0;2;0;21;A01
201400049454;0;33;0;0;0;0;0;A01
201400049455;0;7;0;0;0;0;0;C01
201400049455;0;15;0;0;0;0;0;A01
201400049455;0;7;0;0;0;0;0;B01
201400049456;0;7;0;0;0;0;12;A01
201400049456;0;7;0;0;0;6;1;B01
201400049457;0;7;0;0;0;0;0;A01
201400049457;0;15;0;0;0;0;0;B01
201400049458;0;33;0;0;2;0;21;A01
201400049459;0;7;0;0;2;2;2;A01
201400049459;0;7;0;0;0;4;2;D01
201400049459;0;7;0;0;2;4;2;C01
201400049459;0;7;0;0;2;5;2;B01
201400049460;0;33;0;0;0;0;0;B01
201400049460;0;7;0;0;0;0;0;A01
201400049461;0;7;0;0;0;0;0;B01
201400049461;0;7;0;0;0;0;0;C01
201400049461;0;7;0;0;0;0;0;A01
201400049462;0;7;0;0;0;6;11;A01
201400049462;0;33;0;0;2;1;1;B01
201400049463;0;7;0;0;2;0;0;B01
201400049463;0;7;0;0;2;0;0;A01
201400049464;0;7;0;14;0;1;21;C01
201400049464;0;7;0;0;2;3;21;B01
201400049464;0;7;0;0;2;3;5;A01
201400049465;0;7;0;0;0;0;0;B01
201400049465;0;7;0;0;0;0;0;C01
201400049465;0;7;0;0;0;0;21;D01
201400049465;0;7;0;0;0;0;0;A01
201400049465;0;10;0;0;0;0;21;E01
201400049465;0;7;0;0;0;0;21;F02
201400049466;0;15;0;0;0;0;14;A01
201400049467;0;7;0;0;0;0;0;B01
201400049467;0;15;0;0;0;0;0;A01
201400049468;0;7;0;0;0;4;2;C01
201400049468;0;7;0;0;2;1;2;A01
201400049468;0;7;0;0;2;4;2;B01
201400049469;0;7;0;0;0;0;0;A01
201400049470;0;7;0;0;2;1;0;A01
201400049470;0;15;0;0;0;6;1;B01
201400049471;0;7;0;0;0;5;1;B01
201400049471;0;7;0;0;2;3;14;A01
201400049472;0;34;0;0;0;0;0;A01
201400049473;0;33;0;0;0;0;0;A01
201400049474;0;7;0;0;0;0;0;C01
201400049474;0;15;0;0;0;0;0;A01
201400049474;0;15;0;0;0;0;0;B01
201400049475;0;7;0;0;0;0;1;A01
201400049476;0;33;0;0;2;1;3;A01
201400049476;0;7;0;0;0;0;1;C01
201400049476;0;7;0;0;0;0;1;B01
201400049476;0;7;0;0;0;0;1;D01
201400049477;0;7;0;0;0;0;0;A01
201400049477;0;7;0;0;0;0;0;B01
201400049477;0;7;0;0;0;0;0;C01
201400049478;0;7;0;0;0;0;0;A01
201400049479;0;7;0;0;0;0;0;A01
201400049480;0;7;0;0;0;0;0;A01
201400049481;0;10;0;0;0;0;0;B01
201400049481;0;7;0;0;0;0;0;A01
201400049482;0;10;0;0;0;0;0;A01
201400049483;0;7;0;0;0;0;0;A01
201400049483;0;7;0;0;0;0;0;C01
201400049483;0;13;0;0;0;0;0;B01
201400049484;0;16;0;0;0;0;0;A01
201400049484;0;33;0;0;0;0;0;B01
201400049485;0;33;0;0;0;0;0;A01
201400049485;0;7;0;0;0;0;0;B01
201400049486;0;32;0;0;0;0;0;A01
201400049487;0;7;0;0;0;0;0;B01
201400049487;0;32;0;0;0;0;0;A01
201400049488;0;34;0;0;6;0;0;A01
201400049489;0;33;0;0;0;0;0;A01
201400049490;0;7;0;0;0;0;0;A01
201400049491;0;33;0;0;0;0;0;A01
201400049492;0;7;0;0;0;0;0;C01
201400049492;0;7;0;0;0;0;0;B01
201400049492;0;7;0;0;0;0;0;A01
201400049493;0;7;0;0;0;0;0;A01
201400049494;0;7;0;0;2;1;0;A01
201400049494;0;7;0;0;0;0;0;B01
201400049494;0;7;0;0;0;0;0;C01
201400049495;0;7;0;0;0;0;0;A01
201400049495;0;7;0;0;0;0;0;B01
201400049496;0;7;0;0;0;0;0;A01
201400049497;0;7;0;2;0;9;0;A01
201400049498;0;7;0;0;0;5;0;B01
201400049498;0;7;0;0;0;3;0;A01
201400049499;0;14;0;0;2;1;2;A01
201400049499;0;7;0;0;2;4;23;B01
201400049499;0;15;0;0;2;4;23;C01
201400049499;0;10;0;0;2;4;23;D01
201400049500;0;7;0;0;0;0;0;A01
201400049500;0;7;0;0;0;0;0;C01
201400049500;0;7;0;0;0;0;0;B01
201400049501;0;31;0;0;0;0;0;A01
201400049502;0;15;0;0;0;0;0;A01
201400049503;0;7;0;0;0;0;0;A01
201400049504;0;7;0;0;0;0;0;A01
201400049505;0;14;0;0;2;1;2;A01
201400049505;0;7;0;0;0;0;0;B01
201400049506;0;7;0;0;2;4;2;B01
201400049506;0;7;0;0;2;4;2;C01
201400049506;0;7;0;0;2;1;2;A01
201400049507;0;33;0;0;0;7;16;A01
201400049508;0;7;0;0;2;1;2;A01
201400049508;0;15;0;0;2;4;2;C01
201400049508;0;7;0;0;2;4;2;B01
201400049509;0;7;0;0;0;0;0;A01
201400049510;0;31;0;0;0;0;16;A01
201400049511;0;7;0;0;2;6;1;B01
201400049511;0;33;0;3;0;8;3;A01
201400049512;0;7;0;0;2;1;1;C01
201400049512;0;7;0;0;2;1;2;A01
201400049512;0;7;0;0;2;4;2;B01
201400049513;0;7;0;0;0;0;0;A01
201400049514;0;33;0;0;2;1;2;A01
201400049514;0;7;0;0;2;4;2;B01
201400049515;0;7;0;0;2;4;0;B01
201400049515;0;7;0;0;2;1;0;A01
201400049516;0;33;0;0;0;0;0;A01
201400049517;0;31;0;0;0;0;0;A01
201400049518;0;7;0;0;0;8;0;C01
201400049518;0;33;0;0;0;1;3;A01
201400049518;0;14;0;0;0;7;0;B01
201400049519;0;7;0;0;0;0;1;A01
201400049520;0;7;0;0;2;0;21;A01
201400049520;0;7;0;0;2;1;5;C01
201400049520;0;7;0;0;2;1;1;B01
201400049521;0;7;0;0;0;7;0;C01
201400049521;0;7;0;0;0;4;0;B01
201400049521;0;7;0;0;2;1;21;A01
201400049522;0;7;0;0;5;1;0;A01
201400049523;0;7;0;0;0;2;9;A01
201400049523;0;13;0;0;0;3;1;B01
201400049523;0;7;0;0;2;1;0;C01
201400049524;0;7;0;0;0;4;1;B01
201400049524;0;7;0;0;2;1;1;A01
201400049525;0;7;0;0;0;8;0;A01
201400049526;0;7;0;0;0;4;2;B01
201400049526;0;7;0;0;2;1;2;A01
201400049527;0;7;0;0;2;4;1;A01
201400049527;0;7;0;0;2;1;0;B01
201400049528;0;7;0;4;0;0;0;A01
201400049529;0;7;0;3;2;0;0;A01
201400049529;0;15;0;0;0;0;0;B01
201400049530;0;7;0;0;0;5;1;B01
201400049530;0;33;0;0;2;3;9;A01
201400049531;0;7;0;0;0;4;0;B01
201400049531;0;7;0;0;2;1;0;A01
201400049532;0;15;0;0;0;0;0;B01
201400049532;0;10;0;0;0;0;0;C01
201400049532;0;7;0;0;0;0;0;A01
201400049533;0;7;0;0;2;1;5;A01
201400049533;0;15;0;0;2;1;1;C01
201400049533;0;7;0;0;2;1;1;B01
201400049534;0;7;0;4;2;8;0;A01
201400049534;0;7;0;0;0;8;1;B01
201400049535;0;7;0;0;1;3;1;A01
201400049536;0;7;0;0;1;1;21;A01
201400049537;0;33;0;0;2;0;3;A01
201400049538;0;7;0;4;0;0;0;A01
201400049539;0;7;0;0;0;0;17;A01
201400049540;0;7;0;0;0;0;0;A01
201400049541;0;7;0;0;2;1;3;A01
201400049541;0;7;0;0;2;4;2;B01
201400049542;0;7;0;0;0;4;2;B01
201400049542;0;7;0;0;2;1;2;A01
201400049543;0;32;0;0;0;7;3;A01
201400049543;0;7;0;0;0;8;1;B01
201400049544;0;7;0;0;1;1;1;A01
201400049545;0;7;0;0;0;0;0;B01
201400049545;0;7;0;0;0;0;0;A01
201400049546;0;7;0;4;0;0;0;A01
201400049547;0;7;0;0;0;1;0;A01
201400049547;0;7;0;0;0;1;2;B01
201400049548;0;10;0;0;0;0;0;A01
201400049549;0;7;0;4;0;0;13;A01
201400049550;0;7;0;4;0;0;0;A01
201400049550;0;15;0;1;0;0;21;B01
201400049551;0;7;0;0;0;0;0;A01
201400049552;0;15;0;0;2;1;1;A01
201400049552;0;15;0;0;0;4;2;B01
201400049552;0;15;0;0;0;4;0;C01
201400049553;0;7;0;4;0;0;0;A01
201400049554;0;33;0;0;2;0;18;A01
201400049555;0;7;0;0;1;1;1;A01
201400049556;0;10;0;0;2;0;0;A01
201400049556;0;7;0;0;0;0;0;B01
201400049557;0;7;0;14;0;1;21;A01
201400049557;0;7;0;1;0;1;21;B01
201400049558;0;7;0;0;0;0;21;A01
201400049559;0;7;0;1;1;0;21;A01
201400049560;0;7;0;0;0;8;1;B01
201400049560;0;15;0;0;2;0;12;A01
201400049561;0;33;0;0;2;0;3;A01
201400049561;0;7;0;0;0;0;12;B01
201400049561;0;7;0;0;0;0;1;C01
201400049562;0;7;0;4;0;0;0;A01
201400049563;0;7;0;0;0;4;2;B01
201400049563;0;7;0;0;0;4;2;C01
201400049563;0;7;0;0;2;1;2;A01
201400049564;0;7;0;4;0;0;0;A01
201400049565;1;99;0;0;2;7;16;Z01
201400049565;0;30;0;0;2;8;16;B01
201400049566;0;7;0;0;1;1;15;A01
201400049567;0;7;0;0;2;0;15;B01
201400049567;0;30;0;0;2;1;7;A01
201400049568;0;7;0;0;9;3;9;A01
201400049568;0;1;0;0;2;7;1;B01
201400049569;0;31;0;0;2;0;1;A01
201400049569;1;7;0;0;2;0;12;Z01
201400049570;0;7;0;0;2;1;2;A01
201400049570;0;7;0;1;2;4;23;B01
201400049571;0;7;0;1;0;1;1;A01
201400049572;0;7;0;0;2;1;1;A01
201400049572;0;7;0;0;2;4;2;C01
201400049572;0;7;0;0;2;4;2;B01
201400049573;0;7;0;0;2;1;1;A01
201400049573;0;7;0;12;0;7;2;B01
201400049574;0;7;0;0;2;2;16;A01
201400049574;0;1;0;0;2;0;1;B01
201400049575;0;7;0;0;0;0;15;A01
201400049575;0;30;0;0;0;0;1;B01
201400049576;0;7;0;0;0;0;9;A01
201400049576;0;2;0;0;0;0;21;B01
201400049577;0;33;0;0;2;8;1;C01
201400049577;0;33;0;0;2;3;1;B01
201400049577;0;7;0;0;2;7;12;A01
201400049578;0;7;0;0;2;7;16;A01
201400049578;0;1;0;0;2;1;2;B01
201400049579;0;7;0;0;2;5;1;B01
201400049579;0;7;0;0;2;1;1;A01
201400049580;0;7;0;0;2;7;1;B01
201400049580;0;7;0;0;2;3;13;A01
201400049581;0;7;0;0;2;1;2;A01
201400049581;0;7;0;0;2;4;1;B01
201400049582;0;7;0;1;0;2;14;A01
201400049583;0;34;0;0;2;1;1;B01
201400049583;0;7;0;0;2;5;15;A01
201400049584;0;7;0;0;1;3;1;A01
201400049585;0;7;0;0;1;1;16;A01
201400049586;0;7;0;0;2;8;22;A01
201400049586;0;1;0;1;0;7;1;B01
201400049587;0;7;0;12;2;8;14;B01
201400049587;0;7;0;0;2;1;1;A01
201400049588;0;1;0;0;1;1;0;A01
201400049589;0;7;0;0;2;1;1;B01
201400049589;0;7;0;0;2;3;1;A01
201400049590;0;32;0;0;2;2;1;A01
201400049590;0;7;0;0;2;3;15;B01
201400049591;0;7;0;1;0;2;14;A01
201400049592;0;2;0;0;2;1;2;A01
201400049592;0;7;0;0;2;4;2;B01
201400049593;0;7;0;0;1;3;1;A01
201400049594;1;7;0;0;1;3;15;Z01
201400049595;0;7;0;0;2;2;1;A01
201400049595;0;7;0;0;2;1;16;B01
201400049596;0;1;0;0;2;8;1;B01
201400049596;0;7;0;0;2;1;16;A01
201400049597;0;7;0;0;2;2;23;B01
201400049597;0;1;0;0;2;1;11;A01
201400049598;0;7;0;0;9;2;2;A01
201400049598;0;1;0;0;2;4;2;B01
201400049599;0;7;0;0;2;3;1;B01
201400049599;0;7;0;0;2;2;1;A01
201400049600;0;32;0;0;2;1;1;B01
201400049600;0;7;0;0;2;2;15;A01
201400049601;0;7;0;0;2;1;1;A01
201400049601;0;7;0;0;2;8;1;B01
201400049602;0;7;0;2;0;0;1;A01
201400049603;0;7;0;0;2;4;2;B01
201400049603;0;7;0;0;2;1;1;A01
201400049604;0;33;0;0;2;8;13;A01
201400049604;0;7;0;0;2;2;1;B01
201400049605;0;7;0;0;2;4;2;B01
201400049605;0;30;0;0;2;1;2;A01
201400049606;0;33;0;0;2;7;2;A01
201400049606;0;7;0;0;2;8;15;B01
201400049607;1;7;0;0;2;1;16;A01
201400049607;0;7;0;0;2;7;1;B01
201400049608;0;7;0;0;2;7;1;B01
201400049608;1;7;0;0;2;1;16;A01
201400049609;0;37;35;0;2;5;17;B01
201400049609;0;1;0;0;2;8;13;A01
201400049610;0;7;0;0;2;7;1;B01
201400049610;0;30;0;0;2;2;1;A01
201400049611;0;7;0;0;2;7;1;B01
201400049611;0;30;0;0;2;1;19;A01
201400049612;0;7;0;0;2;2;1;A01
201400049612;0;7;0;0;2;1;1;B01
201400049613;0;7;0;0;2;2;1;A01
201400049613;0;33;0;0;2;1;1;B01
201400049614;0;7;0;0;2;8;24;A01
201400049614;0;1;0;1;0;1;7;B01
201400049615;0;7;0;0;2;6;23;B01
201400049615;0;7;0;0;2;2;2;A01
201400049616;0;1;0;0;2;8;1;B01