num_acc;senc;catv;occutc;obs;obsm;choc;manv;num_veh
201400049961;0;7;0;0;0;4;0;B01
201400049961;0;33;0;0;2;1;0;A01
201400049962;0;7;0;0;2;4;2;B01
201400049962;0;7;0;0;2;1;2;A01
201400049962;0;7;0;0;2;4;2;C01
201400049963;1;7;0;0;2;1;2;A01
201400049963;0;7;0;3;0;4;2;B01
201400049964;0;7;0;4;0;0;1;A01
201400049965;0;7;0;0;2;1;2;A01
201400049965;0;7;0;0;0;4;2;B01
201400049966;0;33;0;0;2;3;1;B01
201400049966;0;7;0;0;2;5;12;A01
201400049967;0;7;0;0;2;4;2;B01
201400049967;0;7;0;0;2;1;2;A01
201400049967;0;7;0;0;0;4;2;C01
201400049968;0;13;0;0;0;4;2;B01
201400049968;0;7;0;0;2;2;2;A01
201400049969;0;7;0;0;0;4;2;C01
201400049969;0;10;0;0;2;1;2;A01
201400049969;0;7;0;0;2;4;2;B01
201400049970;1;7;0;0;2;3;11;Z01
201400049970;0;31;0;0;2;7;1;A01
201400049971;0;33;0;0;0;7;0;A01
201400049972;0;33;0;0;2;1;1;B01
201400049972;1;7;0;0;2;6;11;A01
201400049973;0;33;0;0;0;8;0;A01
201400049974;0;7;0;0;0;4;0;B01
201400049974;0;7;0;0;2;1;0;A01
201400049975;0;7;0;0;2;1;0;A01
201400049975;0;7;0;0;2;4;0;B01
201400049975;0;10;0;0;0;4;0;C01
201400049976;0;7;0;0;2;1;0;C01
201400049976;0;7;0;0;2;1;0;A01
201400049976;0;7;0;0;2;1;0;B01
201400049976;0;7;0;0;2;4;0;E01
201400049976;0;7;0;3;2;4;0;D01
201400049977;0;10;0;0;0;4;0;B01
201400049977;0;7;0;0;2;1;0;A01
201400049978;0;7;0;0;2;1;0;A01
201400049978;0;13;0;0;2;1;0;B01
201400049979;0;7;0;3;0;2;1;A01
201400049980;0;7;0;4;0;1;1;A01
201400049981;0;7;0;4;0;2;2;A01
201400049982;0;7;0;3;0;1;2;A01
201400049983;0;7;0;14;0;1;1;A01
201400049984;0;7;0;4;0;1;1;A01
201400049985;0;7;0;4;0;5;11;A01
201400049986;0;33;0;5;0;1;0;A01
201400049987;0;7;0;0;0;4;17;B01
201400049987;0;7;0;0;2;1;11;A01
201400049988;0;7;0;0;2;3;9;A01
201400049988;0;15;0;0;0;2;1;B01
201400049989;0;7;0;0;2;1;0;A01
201400049989;0;7;0;0;2;4;0;B01
201400049989;0;7;0;0;2;1;0;C01
201400049989;0;7;0;0;2;1;0;D01
201400049990;0;7;0;4;0;2;0;A01
201400049991;0;17;0;0;2;1;0;A01
201400049991;0;7;0;0;0;4;0;B01
201400049992;0;7;0;2;0;4;2;A01
201400049993;0;7;0;3;2;1;0;A01
201400049993;0;7;0;3;0;4;0;B01
201400049994;0;17;0;0;2;1;0;A01
201400049994;0;10;0;0;2;1;0;B01
201400049994;0;15;0;0;0;4;0;D01
201400049994;0;7;0;0;2;1;0;C01
201400049995;0;7;0;3;0;3;0;C01
201400049995;0;7;0;0;2;6;0;B01
201400049995;0;17;0;0;2;1;0;A01
201400049996;0;15;0;0;2;1;0;A01
201400049996;0;15;0;0;0;4;0;B01
201400049997;0;7;0;0;2;4;0;C01
201400049997;0;7;0;0;2;1;0;B01
201400049997;0;10;0;3;2;2;0;A01
201400049998;0;15;0;0;2;3;0;A01
201400049998;0;7;0;0;0;7;0;B01
201400049999;0;10;0;0;2;3;0;A01
201400049999;0;33;0;0;2;7;0;B01
201400050000;0;7;0;0;0;4;0;B01
201400050000;0;7;0;0;2;1;0;A01
201400050001;0;7;0;0;2;1;0;B01
201400050001;0;15;0;0;2;0;1;C01
201400050001;0;7;0;4;2;7;0;A01
201400050002;0;7;0;0;0;4;0;B01
201400050002;0;7;0;0;2;1;0;A01
201400050003;0;33;0;3;0;1;0;A01
201400050004;0;7;0;0;2;0;1;C01
201400050004;0;15;0;0;2;2;12;A01
201400050004;0;7;0;0;2;2;1;B01
201400050005;0;7;0;0;2;2;0;A01
201400050005;0;34;0;0;0;1;0;B01
201400050006;0;7;0;0;2;1;0;B01
201400050006;0;10;0;0;0;4;0;C01
201400050006;0;15;0;0;2;1;0;A01
201400050007;0;32;0;0;2;8;0;B01
201400050007;0;7;0;0;2;5;0;A01
201400050008;0;7;0;0;0;3;0;B01
201400050008;0;30;0;0;2;1;0;A01
201400050009;0;7;0;3;0;1;0;A01
201400050010;0;15;0;0;2;2;0;B01
201400050010;0;10;0;0;2;1;0;C01
201400050010;0;7;0;4;2;1;0;A01
201400050011;0;15;0;0;2;1;0;A01
201400050011;0;7;0;0;2;4;0;B01
201400050011;0;7;0;0;2;1;0;C01
201400050011;0;7;0;0;0;4;0;D01
201400050012;0;10;0;0;0;5;1;B01
201400050012;0;33;0;0;2;1;0;A01
201400050013;0;14;0;0;2;1;0;A01
201400050013;0;15;0;0;0;4;0;C01
201400050013;0;7;0;0;2;4;0;B01
201400050014;0;7;0;0;0;4;2;B01
201400050014;0;7;0;0;2;1;2;A01
201400050015;0;7;0;0;0;4;0;B01
201400050015;0;33;0;0;2;1;0;A01
201400050016;0;7;0;0;2;8;11;B01
201400050016;0;33;0;0;2;0;1;A01
201400050017;0;7;0;0;2;1;12;A01
201400050017;0;7;0;0;0;4;0;D01
201400050017;0;7;0;1;2;1;0;C01
201400050017;0;7;0;0;2;1;0;B01
201400050018;0;10;0;0;2;6;0;A01
201400050018;0;31;0;0;2;7;0;B01
201400050019;0;7;0;0;0;5;0;C01
201400050019;0;7;0;0;2;3;0;A01
201400050019;0;33;0;0;2;1;0;B01
201400050020;0;7;0;0;2;1;2;A01
201400050020;0;31;0;0;2;4;2;B01
201400050021;0;7;0;0;0;0;0;B01
201400050021;0;7;0;0;2;3;0;A01
201400050022;0;31;0;0;0;2;0;A01
201400050023;0;15;0;0;2;2;0;B01
201400050023;0;7;0;4;0;6;0;A01
201400050024;0;7;0;0;0;4;2;B01
201400050024;0;7;0;0;2;1;2;A01
201400050025;0;17;0;0;0;3;0;B01
201400050025;0;7;0;0;2;0;0;A01
201400050026;0;15;0;0;2;2;0;A01
201400050026;0;7;0;0;2;5;0;B01
201400050027;0;7;0;0;0;4;2;B01
201400050027;0;10;0;0;2;1;2;A01
201400050028;0;7;0;0;0;6;2;B01
201400050028;0;7;0;0;2;2;14;A01
201400050029;0;7;0;0;0;6;2;B01
201400050029;0;7;0;3;0;0;2;A01
201400050030;0;10;0;0;2;1;2;B01
201400050030;0;7;0;3;0;3;5;A01
201400050031;0;32;0;0;2;1;0;A01
201400050031;0;7;0;0;2;4;1;B01
201400050032;0;7;0;0;2;1;0;A01
201400050032;0;7;0;0;0;4;1;C01
201400050032;0;7;0;0;2;4;0;B01
201400050033;0;7;0;0;0;4;0;B01
201400050033;0;7;0;0;2;1;0;A01
201400050034;0;10;0;0;2;4;0;C01
201400050034;0;7;0;0;2;7;0;B01
201400050034;0;7;0;0;2;1;0;E02
201400050034;0;10;0;1;2;6;0;H01
201400050034;0;17;0;0;2;2;0;A01
201400050034;0;7;0;0;2;6;0;F02
201400050034;0;7;0;0;2;4;0;D02
201400050034;0;7;0;0;2;4;0;G02
201400050034;0;7;0;0;0;6;0;I01
201400050035;0;15;0;0;2;7;12;A01
201400050035;0;7;0;4;0;8;1;B01
201400050036;0;7;0;0;2;2;0;A01
201400050036;1;7;0;0;0;4;23;Z01
201400050036;0;7;0;0;2;1;0;B01
201400050037;0;7;0;0;0;5;0;B01
201400050037;0;7;0;0;2;1;0;A01
201400050038;0;7;0;4;0;1;0;A01
201400050039;0;7;0;0;0;4;2;B01
201400050039;0;10;0;0;2;1;0;A01
201400050040;0;34;0;0;0;8;0;A01
201400050040;0;7;0;0;0;0;11;B01
201400050041;0;7;0;0;0;4;0;C01
201400050041;0;7;0;0;2;1;0;A01
201400050041;0;7;0;0;2;4;0;B01
201400050042;0;7;0;0;0;6;2;A01
201400050043;0;7;0;0;2;1;0;A01
201400050043;0;7;0;0;2;4;0;B01
201400050043;0;7;0;0;0;4;0;D01
201400050043;0;7;0;0;2;4;0;C01
201400050044;0;7;0;0;0;5;0;C01
201400050044;0;7;0;0;2;3;0;A01
201400050044;0;33;0;0;2;7;0;B01
201400050045;0;7;0;0;2;1;0;A01
201400050045;0;7;0;0;0;4;0;B01
201400050046;0;7;0;0;0;4;2;C01
201400050046;0;7;0;0;2;1;2;A01
201400050046;0;7;0;0;2;4;2;B01
201400050047;0;33;0;0;0;0;1;A01
201400050048;0;15;0;4;2;1;0;B01
201400050048;0;7;0;14;0;7;0;C01
201400050048;0;7;0;0;2;1;0;A01
201400050049;0;7;0;0;2;1;0;A01
201400050049;0;7;0;0;0;4;0;B01
201400050050;0;7;0;0;0;4;0;B01
201400050050;0;7;0;4;2;1;0;A01
201400050051;0;7;0;3;0;3;1;A01
201400050052;0;7;0;0;2;1;0;D01
201400050052;0;7;0;0;0;1;0;C01
201400050052;0;7;0;0;0;4;0;E01
201400050052;0;7;0;4;2;3;0;A01
201400050052;0;7;0;0;0;0;0;B01
201400050053;0;7;0;0;2;4;0;B01
201400050053;0;10;0;0;2;1;1;A01
201400050053;0;7;0;0;0;4;0;C01
201400050054;0;7;0;0;2;1;0;B01
201400050054;0;7;0;4;2;1;0;A01
201400050055;0;33;0;0;0;0;0;A01
201400050055;0;7;0;0;0;0;0;B01
201400050056;0;7;0;0;0;4;1;C01
201400050056;0;7;0;0;2;4;1;B01
201400050056;0;7;0;0;2;1;1;A01
201400050057;0;7;0;4;0;1;0;A01
201400050058;0;7;0;0;0;1;0;B01
201400050058;0;7;0;3;0;1;0;A01
201400050059;0;7;0;0;2;1;0;A01
201400050059;0;7;0;0;0;4;0;C01
201400050059;0;7;0;0;2;4;0;B01
201400050060;0;7;0;4;0;0;0;A01
201400050061;0;7;0;0;2;1;0;A01
201400050061;0;10;0;0;0;6;0;B01
201400050062;0;7;0;4;2;3;5;A01
201400050062;0;7;0;0;0;3;0;B01
201400050063;0;7;0;3;0;1;0;A01
201400050064;0;7;0;0;2;1;0;A01
201400050064;0;7;0;0;0;6;0;B01
201400050065;0;7;0;0;2;1;0;A01
201400050065;0;7;0;0;0;4;0;B01
201400050066;0;7;0;4;0;8;0;A01
201400050066;1;17;0;0;2;0;0;Z01
201400050067;0;33;0;0;2;2;0;A01
201400050067;0;7;0;0;0;6;0;B01
201400050068;0;7;0;0;0;4;0;B01
201400050068;0;7;0;0;2;1;0;A01
201400050069;0;7;0;0;0;4;0;B01
201400050069;0;7;0;0;0;1;0;A01
201400050069;1;99;0;0;0;0;0;Z01
201400050070;0;34;0;4;0;8;0;A01
201400050071;0;7;0;0;0;4;0;B01
201400050071;0;7;0;0;2;1;0;A01
201400050072;0;7;0;0;2;4;0;B01
201400050072;0;7;0;4;2;1;0;A01
201400050072;0;7;0;0;2;1;0;C01
201400050073;0;7;0;0;0;4;0;A01
201400050073;0;10;0;0;0;0;0;C01
201400050073;0;7;0;0;2;4;2;B01
201400050074;0;7;0;4;0;1;0;A01
201400050075;0;7;0;0;2;4;2;B01
201400050075;0;7;0;0;0;4;2;C01
201400050075;0;7;0;0;2;1;1;A01
201400050076;0;33;0;7;0;1;1;A01
201400050077;0;7;0;0;2;3;0;Z01
201400050077;0;10;0;2;0;6;0;B01
201400050078;0;7;0;0;2;1;0;A01
201400050078;0;7;0;0;2;0;2;C01
201400050078;0;7;0;0;0;4;0;B01
201400050079;0;7;0;0;0;9;1;A01
201400050080;0;7;0;7;0;1;0;A01
201400050081;0;15;0;0;0;6;2;B01
201400050081;0;7;0;0;2;1;1;A01
201400050082;0;7;0;0;9;9;2;B01
201400050082;0;14;0;0;0;0;2;A01
201400050083;0;7;0;10;0;2;21;A01
201400050084;0;7;0;0;1;0;0;A01
201400050085;0;7;0;13;0;1;0;A01
201400050086;1;99;0;0;2;0;0;Z01
201400050086;0;7;0;4;0;4;0;A01
201400050087;0;10;0;3;0;3;0;B01
201400050087;0;7;0;0;2;2;0;A01
201400050088;0;2;0;0;2;3;1;B01
201400050088;0;7;0;0;2;1;15;A01
201400050089;0;32;0;8;0;1;1;A01
201400050090;0;7;0;0;2;3;15;A01
201400050090;0;30;0;0;2;1;8;B01
201400050091;0;7;0;0;1;7;1;A01
201400050092;0;7;0;0;1;7;15;A01
201400050093;0;7;0;1;2;1;2;A01
201400050093;0;7;0;1;2;5;1;B01
201400050094;0;7;0;0;1;1;1;A01
201400050095;0;1;0;0;2;1;1;B01
201400050095;0;7;0;0;2;2;16;A01
201400050096;1;7;0;0;1;0;0;Z01
201400050097;0;37;1;0;1;5;1;A01
201400050098;0;7;0;0;2;7;15;A01
201400050098;0;33;0;0;2;1;1;B01
201400050099;0;7;0;0;1;8;1;A01
201400050100;0;33;0;0;2;7;2;A01
201400050100;0;7;0;0;2;8;2;B01
201400050101;0;7;0;0;1;2;1;A01
201400050102;0;7;0;0;2;3;15;A01
201400050102;0;33;0;0;2;1;1;B01
201400050103;0;7;0;0;1;7;1;A01
201400050104;0;7;0;8;0;1;1;A01
201400050105;0;7;0;0;1;8;15;A01
201400050106;0;7;0;0;2;0;5;A01
201400050106;0;31;0;0;2;0;0;B01
201400050107;0;37;1;0;1;2;20;A01
201400050108;0;30;0;12;0;0;1;A01
201400050109;0;7;0;0;1;7;2;A01
201400050110;0;31;0;0;2;0;2;A01
201400050111;0;10;0;0;0;0;0;A01
201400050111;0;7;0;0;0;0;0;B01
201400050112;0;7;0;0;9;8;9;A01
201400050112;0;1;0;0;2;1;9;B01
201400050113;0;7;0;0;0;4;2;B01
201400050113;0;7;0;0;2;1;2;A01
201400050114;0;32;0;0;0;8;1;A01
201400050115;0;1;0;0;0;0;1;A01
201400050116;0;7;0;0;1;1;1;A01
201400050117;0;30;0;0;0;1;1;B01
201400050117;0;7;0;0;2;7;15;A01
201400050118;0;33;0;9;0;1;5;A01
201400050119;0;7;0;0;2;4;1;B01
201400050119;0;1;0;0;2;4;1;A01
201400050120;0;1;0;2;0;0;1;A01
201400050121;0;7;0;0;2;1;1;A01
201400050121;0;30;0;0;2;4;1;B01
201400050122;0;7;0;0;1;1;1;A01
201400050123;0;7;0;0;2;1;1;B01
201400050123;0;7;0;0;2;1;5;A01
201400050124;0;7;0;0;1;3;20;A01
201400050125;0;7;0;0;2;7;22;A01
201400050125;0;1;0;0;2;1;1;B01
201400050126;0;2;0;0;2;5;1;B01
201400050126;0;7;0;0;2;3;15;A01
201400050127;0;32;0;0;9;0;1;A01
201400050128;0;7;0;0;2;7;1;B01
201400050128;0;7;0;0;2;1;1;A01
201400050129;0;7;0;0;2;1;14;A01
201400050129;0;7;0;0;2;5;1;B01
201400050130;0;7;0;9;1;2;7;A01
201400050131;0;7;0;0;1;1;1;A01
201400050132;0;7;0;0;1;2;1;A01
201400050133;0;7;0;0;1;1;1;A01
201400050134;0;10;0;0;1;1;1;A01
201400050135;0;7;0;0;2;2;15;A01
201400050135;0;30;0;0;2;2;1;B01
201400050136;0;31;0;0;2;3;1;B01
201400050136;0;7;0;0;2;2;15;A01
201400050137;0;30;0;0;1;2;1;A01
201400050138;0;30;0;0;2;7;1;B01
201400050138;0;7;0;0;2;8;15;A01
201400050139;0;7;0;15;0;1;1;A01
201400050140;0;30;0;0;1;1;17;A01
201400050141;0;7;0;0;1;2;1;A01
201400050142;0;7;0;0;0;4;23;A01
201400050142;0;7;0;0;2;4;23;B01
201400050142;0;7;0;0;2;4;23;C01
201400050142;0;7;0;0;2;1;12;D01
201400050143;0;7;0;0;0;4;2;A01
201400050143;0;33;0;0;2;1;2;B01
201400050144;0;17;0;0;2;2;12;A01
201400050144;0;7;0;3;0;6;1;B01
201400050145;0;10;0;6;0;5;1;A01
201400050145;0;7;0;0;2;6;1;B01
201400050145;0;7;0;0;2;2;12;C01
201400050146;0;10;0;4;0;2;14;A01
201400050147;0;7;0;0;2;8;1;A01
201400050147;0;17;0;0;2;2;12;B01
201400050147;0;7;0;0;0;7;1;C01
201400050147;0;7;0;0;0;0;1;T01
201400050148;0;7;0;0;2;6;11;A01
201400050148;0;7;0;0;2;8;12;B01
201400050149;0;32;0;4;0;2;0;A01
201400050150;0;10;0;3;0;7;1;A01
201400050150;0;7;0;3;2;1;16;B01
201400050151;0;7;0;3;0;2;1;A01
201400050152;0;7;0;0;1;1;1;A01
201400050153;0;38;35;0;0;4;1;A01
201400050153;0;7;0;0;2;5;2;B01
201400050153;0;14;0;0;2;3;2;C01
201400050154;0;7;0;3;0;6;1;A01
201400050154;0;17;0;0;2;2;12;B01
201400050155;0;7;0;0;2;2;1;A01
201400050155;1;15;0;0;2;2;0;Z01
201400050156;0;7;0;0;0;4;2;A01
201400050156;0;7;0;0;2;1;2;B01
201400050156;0;7;0;0;2;1;2;C01
201400050157;0;7;0;3;2;3;1;A01
201400050157;0;10;0;0;0;8;1;B01
201400050157;1;17;0;0;2;7;12;Z01
201400050158;0;7;0;0;1;8;21;B01
201400050159;0;7;0;0;0;6;1;A01
201400050159;0;14;0;0;2;2;12;B01
201400050159;0;7;0;0;2;1;1;C01
201400050159;0;33;0;0;0;8;21;D01
201400050160;0;7;0;6;0;1;0;A01
201400050161;0;7;0;0;2;4;2;A01
201400050161;0;10;0;0;2;1;2;B01
201400050161;0;10;0;0;2;6;2;C01
201400050161;0;10;0;0;2;4;2;D01
201400050161;0;7;0;0;2;2;2;E01
201400050162;1;7;0;0;2;1;2;A01
201400050162;0;7;0;0;0;4;1;B01
201400050163;0;10;0;0;2;2;2;D01
201400050163;0;7;0;0;2;4;2;B01
201400050163;0;7;0;0;0;4;23;C01
201400050163;0;7;0;0;2;1;2;A01
201400050164;0;7;0;0;9;0;17;C01
201400050164;0;7;0;3;2;1;2;A01
201400050164;0;7;0;0;0;4;2;B01
201400050165;0;33;0;3;0;4;16;A01
201400050165;0;7;0;0;2;3;21;B01
201400050166;0;7;0;0;0;4;2;B01
201400050166;0;14;0;0;2;1;2;A01
201400050167;0;7;0;3;0;2;0;A01
201400050167;1;10;0;0;0;0;17;Z01
201400050168;0;10;0;0;2;3;12;A01
201400050168;0;17;0;0;2;5;11;B01
201400050169;0;7;0;13;0;1;1;A01
201400050170;0;7;0;0;2;1;5;A01
201400050170;0;7;0;0;2;8;1;C01
201400050170;0;7;0;0;2;1;1;D01
201400050170;0;7;0;0;2;8;21;B01
201400050171;0;7;0;0;2;6;0;B01
201400050171;0;17;0;0;2;2;12;A01
201400050172;0;33;0;3;0;8;1;A01
201400050173;0;33;0;0;0;4;2;B01
201400050173;0;33;0;0;2;1;2;A01
201400050173;1;7;0;0;0;0;17;Z01
201400050174;0;7;0;0;2;1;1;A01
201400050174;0;7;0;0;2;4;2;C01
201400050174;0;7;0;0;2;4;2;B01
201400050175;0;14;0;3;0;2;1;A01
201400050176;0;13;0;0;2;2;12;A01
201400050176;0;10;0;13;2;3;1;B01
201400050177;0;33;0;3;2;1;1;A01
201400050177;0;7;0;0;2;6;0;B01
201400050178;0;7;0;0;2;4;2;B01
201400050178;0;7;0;0;2;1;2;A01
201400050179;0;7;0;0;2;4;2;C01
201400050179;0;7;0;0;2;4;2;B01
201400050179;0;7;0;0;2;1;1;A01
201400050180;0;7;0;0;2;1;1;A01
201400050180;0;7;0;0;2;4;2;B01
201400050181;0;17;0;0;2;3;2;B01
201400050181;0;7;0;0;2;3;2;A01
201400050182;0;15;0;0;1;2;2;A01
201400050182;2;7;0;3;0;2;2;B01
201400050183;0;14;0;6;0;1;1;A01
201400050184;0;7;0;0;0;8;1;B01
201400050184;1;15;0;0;2;5;12;A01
201400050185;0;33;0;3;0;1;1;A01
201400050186;0;7;0;0;2;1;11;B01
201400050186;0;7;0;0;2;1;5;A01
201400050187;0;7;0;3;0;7;1;A01
201400050188;0;7;0;0;2;1;0;D01
201400050188;0;7;0;0;2;1;0;B01
201400050188;0;7;0;0;2;1;5;A01
201400050188;0;7;0;0;2;1;0;C01
201400050189;0;14;0;0;0;5;23;B01
201400050189;0;7;0;1;0;3;13;A01
201400050190;0;7;0;4;2;2;14;A01
201400050190;0;7;0;3;0;6;1;B01
201400050191;0;7;0;4;0;1;1;A01
201400050192;0;15;0;0;0;7;1;B01
201400050192;0;33;0;0;2;8;3;A01
201400050193;0;33;0;0;2;3;3;B01
201400050193;0;7;0;0;2;2;12;A01
201400050194;0;33;0;4;0;3;1;A01
201400050195;0;7;0;0;0;4;2;B01
201400050195;0;7;0;13;2;1;2;A01
201400050196;0;33;0;0;0;4;2;B01
201400050196;0;33;0;0;2;1;2;A01
201400050197;0;7;0;0;2;1;2;A01
201400050197;0;99;0;0;0;4;2;B01
201400050198;0;7;0;3;2;2;17;A01
201400050198;0;7;0;3;0;6;1;B01
201400050199;0;7;0;4;0;9;13;A01
201400050200;0;33;0;0;0;8;17;A01
201400050201;0;7;0;0;2;7;12;B01
201400050201;0;33;0;0;2;8;14;A01
201400050201;0;10;0;0;0;4;1;C01
201400050202;0;7;0;0;2;1;2;A01
201400050202;0;7;0;3;0;4;2;B01
201400050203;0;33;0;0;2;1;2;A01
201400050203;0;7;0;0;0;4;2;B01
201400050204;0;15;0;0;2;3;1;B01
201400050204;0;7;0;4;2;1;1;A01
201400050205;1;14;0;0;1;1;1;A01
201400050206;0;7;0;0;0;6;23;B01
201400050206;0;33;0;0;2;6;2;A01
201400050207;0;7;0;0;2;1;2;A01
201400050207;0;7;0;0;2;4;23;E01
201400050207;0;7;0;0;2;4;23;D01
201400050207;0;7;0;0;2;4;23;B01
201400050207;0;7;0;0;2;4;23;C01
201400050208;0;15;0;4;0;1;1;A01
201400050209;0;7;0;0;9;8;1;C01
201400050209;0;15;0;4;2;2;0;A01
201400050209;0;7;0;4;2;7;1;B01
201400050210;0;7;0;0;2;1;2;A01
201400050210;0;7;0;0;2;4;2;C01
201400050210;0;7;0;0;2;4;2;B01
201400050210;0;7;0;0;0;4;2;D01
201400050211;0;7;0;3;0;2;1;A01
201400050211;0;7;0;14;2;2;1;C01
201400050211;0;10;0;3;0;2;1;B01
201400050212;0;7;0;0;0;4;23;B01
201400050212;0;7;0;0;2;1;2;A01
201400050213;0;7;0;0;1;3;15;A01
201400050214;0;7;0;0;4;8;15;A01
201400050214;0;40;35;0;2;2;1;B01
201400050215;0;7;0;0;1;2;1;A01
201400050216;0;7;0;0;2;2;15;A01
201400050216;0;7;0;0;2;2;1;B01
201400050217;0;7;0;0;2;2;1;A01
201400050217;0;30;0;0;2;7;1;B01
201400050218;0;7;0;0;4;8;15;A01
201400050218;0;40;50;0;2;2;1;B01
201400050219;0;7;0;0;2;7;1;B01
201400050219;0;7;0;0;2;1;1;A01
201400050220;0;37;45;0;1;2;1;A01
201400050221;0;7;0;0;2;3;1;B01
201400050221;0;7;0;0;2;3;15;A01
201400050222;0;7;0;0;2;0;19;A01
201400050222;0;1;0;0;2;0;1;B01
201400050223;0;7;0;0;1;3;2;A01
201400050224;0;7;0;0;1;3;15;A01
201400050225;0;1;0;0;2;8;19;B01
201400050225;0;32;0;0;2;1;21;A01
201400050226;0;7;0;0;2;3;13;A01
201400050226;0;31;0;0;2;1;1;B01
201400050227;1;7;0;0;1;4;4;Z01
201400050228;0;7;0;0;1;2;1;A01
201400050229;0;7;0;0;2;4;2;B01
201400050229;0;33;0;0;2;1;2;A01
201400050230;0;33;0;0;2;8;1;B01
201400050230;0;7;0;0;2;1;15;A01
201400050231;0;7;0;0;2;6;15;A01
201400050231;0;30;0;0;2;0;2;B01
201400050232;0;40;50;0;4;2;1;B01
201400050232;0;7;0;0;4;3;15;A01
201400050233;0;7;0;0;2;1;1;A01
201400050233;0;7;0;0;2;4;23;B01
201400050233;0;7;0;0;0;4;23;C01
201400050234;0;7;0;0;2;1;1;B01
201400050234;0;10;0;0;0;7;1;A01
201400050235;0;7;0;0;2;3;15;B01
201400050235;0;33;0;0;2;7;7;A01
201400050236;0;7;0;0;1;8;1;A01
201400050237;1;7;0;0;1;1;1;Z01
201400050238;0;30;0;0;1;1;2;A01
201400050239;0;7;0;0;1;1;19;A01
201400050239;0;7;0;0;0;0;0;B01
201400050240;0;7;0;0;2;0;15;A01
201400050240;0;32;0;0;2;7;1;B01
201400050241;0;7;0;0;2;5;4;A01
201400050241;0;33;0;0;2;1;1;B01
201400050242;0;7;0;0;1;0;23;A01
201400050243;0;7;0;0;2;7;8;B01
201400050243;0;7;0;0;2;1;5;A01
201400050244;0;7;0;0;2;6;4;A01
201400050244;0;7;0;0;2;2;1;B01
201400050245;0;7;0;0;2;7;1;A01
201400050245;0;7;0;0;2;1;1;B01
201400050246;0;7;0;0;2;3;1;B01
201400050246;0;32;0;0;0;2;1;A01
201400050247;0;7;0;0;1;1;12;A01
201400050248;0;34;0;0;2;4;2;B01
201400050248;0;7;0;0;2;1;2;A01
201400050249;0;1;0;0;1;1;15;A01
201400050250;0;7;0;0;2;1;1;B01
201400050250;1;31;0;0;2;1;5;Z01
201400050251;0;7;0;0;2;1;15;A01
201400050251;0;32;0;0;2;1;1;B01
201400050252;0;33;0;0;1;2;21;A01
201400050253;0;7;0;0;2;1;0;A01
201400050253;0;7;0;0;0;4;1;B01
201400050254;0;31;0;0;2;3;2;A01
201400050254;0;7;0;0;2;5;16;B01
201400050255;1;7;0;0;2;1;2;A01
201400050255;0;32;0;0;2;4;1;B01
201400050256;0;33;0;0;2;1;1;B01
201400050256;0;7;0;0;2;6;11;A01
201400050257;0;10;0;0;2;3;2;A01
201400050257;0;1;0;0;2;4;2;B01
201400050258;0;7;0;0;1;3;15;A01
201400050259;0;7;0;0;2;5;15;A01
201400050259;0;33;0;0;2;1;1;B01
201400050260;0;33;0;0;2;1;1;A01
201400050260;0;7;0;0;2;4;15;B01
201400050261;0;1;0;0;2;1;5;A01
201400050261;0;1;0;0;2;1;1;B01
201400050262;0;7;0;0;2;1;2;B01
201400050262;0;7;0;0;2;4;20;A01
201400050263;0;31;0;0;2;8;2;A01
201400050263;0;7;0;0;2;1;15;B01
201400050264;0;7;0;0;2;3;1;A01
201400050264;0;31;0;0;2;1;2;B01
201400050265;0;1;0;0;2;1;19;B01
201400050265;0;7;0;0;2;3;1;A01
201400050266;2;7;0;0;0;1;1;A01
201400050266;0;10;0;0;2;7;1;B01
201400050267;0;33;0;0;2;1;1;B01
201400050267;0;7;0;0;2;5;15;A01
201400050268;0;7;0;0;2;1;15;A01
201400050268;0;33;0;0;2;1;1;B01
201400050269;0;7;0;0;2;0;15;A01
201400050269;0;7;0;0;2;0;1;B01
201400050270;0;7;0;0;2;1;1;A01
201400050270;0;7;0;0;2;4;23;B01
201400050271;0;33;0;0;2;1;18;B01
201400050271;0;7;0;0;2;2;15;A01
201400050272;0;7;0;0;2;8;15;B01
201400050272;0;32;0;0;2;7;1;A01
201400050273;0;7;0;0;2;4;4;A01
201400050273;0;30;0;0;2;1;0;B01
201400050274;0;7;0;0;1;0;1;A01
201400050275;0;7;0;0;4;6;1;A01
201400050275;0;40;45;0;2;1;1;B01
201400050276;0;7;0;0;2;1;2;A01
201400050276;0;7;0;0;2;4;1;B01
201400050277;0;7;0;0;2;2;15;A01
201400050277;0;31;0;0;2;1;10;B01
201400050278;0;7;0;0;2;2;1;B01
201400050278;0;7;0;0;2;3;9;A01
201400050279;0;33;0;0;2;7;2;B01
201400050279;0;7;0;0;9;0;14;A01
201400050280;0;2;0;0;4;0;15;A01
201400050280;0;40;50;0;2;0;2;B01
201400050281;0;7;0;0;2;3;16;B01
201400050281;0;33;0;0;2;7;14;A01
201400050282;0;7;0;12;0;1;13;A01
201400050283;0;7;0;0;1;3;15;A01
201400050284;0;7;0;0;2;2;15;A01
201400050284;0;30;0;0;2;8;1;B01
201400050285;0;33;0;0;2;1;4;B01
201400050285;0;10;0;0;2;7;15;A01
201400050286;0;7;0;0;1;4;4;A01
201400050287;0;7;0;0;2;2;12;A01