num_acc;senc;catv;occutc;obs;obsm;choc;manv;num_veh
201400050287;0;7;0;0;2;3;1;B01
201400050288;0;33;0;0;2;0;1;B01
201400050288;0;7;0;0;2;8;11;A01
201400050289;1;10;0;0;1;1;15;Z01
201400050290;1;7;0;0;1;0;15;Z01
201400050291;0;7;0;0;2;4;0;B01
201400050291;0;7;0;0;2;4;0;C01
201400050291;0;7;0;1;0;0;0;A01
201400050292;1;7;0;0;1;1;1;Z01
201400050293;0;10;0;0;1;3;1;A01
201400050294;0;7;0;0;1;6;20;A01
201400050295;0;7;0;0;1;1;15;A01
201400050296;0;7;0;0;2;1;12;A01
201400050296;0;7;0;0;2;4;2;B01
201400050296;0;7;0;0;0;4;2;C01
201400050297;0;7;0;0;2;1;15;A01
201400050297;0;30;0;0;2;3;1;B01
201400050298;0;1;0;0;4;7;14;A01
201400050298;0;40;50;0;2;3;1;B01
201400050299;0;7;0;0;1;3;1;A01
201400050300;0;7;0;0;2;3;2;B01
201400050300;0;33;0;0;2;2;2;A01
201400050301;0;10;0;6;0;1;13;A01
201400050302;0;7;0;0;0;0;21;A01
201400050302;1;7;0;;0;0;1;Z01
201400050303;0;30;0;0;2;1;1;A01
201400050303;0;7;0;0;2;3;0;B01
201400050304;0;7;0;0;2;2;1;A01
201400050304;0;31;0;0;2;8;1;B01
201400050305;0;1;0;0;2;6;1;B01
201400050305;0;40;50;0;2;2;1;A01
201400050306;0;7;0;12;0;0;1;A01
201400050307;0;7;0;0;2;1;19;A01
201400050307;0;7;0;0;2;3;1;B01
201400050308;0;7;0;0;2;2;1;A01
201400050308;0;7;0;0;2;6;2;B01
201400050308;0;7;0;0;2;7;2;C01
201400050309;0;7;0;0;2;1;2;A01
201400050309;0;7;0;0;2;4;23;B01
201400050310;0;7;0;0;2;1;1;B01
201400050310;0;7;0;1;2;8;19;A01
201400050311;0;7;0;0;2;1;1;A01
201400050311;0;7;0;0;0;4;1;B01
201400050312;0;7;0;0;2;1;1;B01
201400050312;0;7;0;0;2;2;15;A01
201400050313;0;7;0;0;1;1;15;A01
201400050314;0;7;0;0;2;1;1;A01
201400050314;0;7;0;0;2;4;1;C01
201400050314;0;7;0;0;2;1;1;B01
201400050315;0;7;0;0;1;2;1;A01
201400050316;0;33;0;0;2;1;1;B01
201400050316;0;7;0;0;2;2;15;A01
201400050317;0;7;0;0;2;3;1;B01
201400050317;0;33;0;0;9;0;1;C01
201400050317;0;7;0;0;2;1;15;A01
201400050318;0;7;0;0;2;4;2;B01
201400050318;0;7;0;0;2;1;2;A01
201400050318;0;33;0;0;2;4;23;C01
201400050319;0;7;0;0;2;8;1;B01
201400050319;0;7;0;0;2;1;1;A01
201400050320;0;40;50;0;1;1;2;A01
201400050321;0;7;0;0;2;3;1;B01
201400050321;0;7;0;0;2;2;1;A01
201400050322;1;7;0;0;1;1;0;Z01
201400050323;0;30;0;0;2;4;2;B01
201400050323;1;10;0;0;2;1;2;Z01
201400050324;0;7;0;0;2;6;1;B01
201400050324;0;7;0;0;2;2;2;A01
201400050325;0;7;0;0;2;4;2;C01
201400050325;0;7;0;0;2;4;2;B01
201400050325;0;7;0;0;2;1;2;A01
201400050325;0;7;0;0;0;4;2;D01
201400050326;0;7;0;0;1;5;1;A01
201400050327;0;40;10;0;1;7;1;A01
201400050328;0;7;0;0;2;3;1;B01
201400050328;0;1;0;0;2;7;19;A01
201400050329;0;33;0;0;0;8;1;B01
201400050329;0;7;0;0;0;0;12;A01
201400050330;0;7;0;0;2;3;1;A01
201400050330;0;7;0;0;2;2;1;B01
201400050331;0;30;0;0;2;1;1;B01
201400050331;0;7;0;0;2;3;15;A01
201400050332;0;7;0;0;2;1;0;B01
201400050332;0;7;0;0;2;2;0;A01
201400050333;0;7;0;0;2;1;15;A01
201400050333;0;30;0;0;2;1;1;B01
201400050334;0;7;0;0;2;1;1;C01
201400050334;0;7;0;0;2;2;1;B01
201400050334;0;7;0;0;2;1;1;A01
201400050335;0;1;0;0;2;1;19;B01
201400050335;0;10;0;0;2;2;16;A01
201400050336;0;7;0;0;1;1;15;A01
201400050337;0;7;0;0;1;3;1;A01
201400050338;0;1;0;0;2;1;1;B01
201400050338;0;7;0;0;2;7;20;A01
201400050339;0;7;0;0;0;1;11;A01
201400050339;0;7;0;0;0;4;12;B01
201400050340;0;7;0;0;2;1;1;B01
201400050340;0;1;0;0;2;7;1;A01
201400050341;0;37;2;0;2;2;7;A01
201400050341;0;1;0;0;2;8;7;B01
201400050342;0;7;0;0;0;1;1;A01
201400050343;0;7;0;0;4;3;15;B01
201400050343;0;40;25;0;2;2;0;A01
201400050344;0;20;0;0;2;3;10;A01
201400050344;0;32;0;0;2;1;1;B01
201400050345;0;7;0;0;1;7;16;A01
201400050346;0;7;0;0;2;0;1;A01
201400050346;0;30;0;0;2;0;21;B01
201400050347;0;7;0;0;1;3;7;A01
201400050348;0;7;0;0;1;2;1;A01
201400050349;0;7;0;0;2;2;15;A01
201400050349;0;30;0;0;2;1;1;B01
201400050350;0;7;0;0;2;1;15;A01
201400050350;0;31;0;0;2;1;1;B01
201400050351;0;14;0;0;2;2;2;A01
201400050351;0;7;0;0;2;4;1;B01
201400050351;0;7;0;0;2;4;2;C01
201400050352;0;7;0;0;2;2;1;B01
201400050352;0;7;0;0;2;8;15;A01
201400050353;0;7;0;0;2;1;13;A01
201400050353;0;7;0;0;2;3;1;B01
201400050354;1;99;0;1;1;1;1;Z01
201400050355;0;7;0;0;1;1;16;A01
201400050356;0;7;0;0;2;3;24;A01
201400050356;0;1;0;1;0;1;1;B01
201400050357;0;30;0;1;2;7;1;B01
201400050357;1;99;0;0;2;1;1;Z01
201400050358;0;30;0;0;0;7;1;A01
201400050359;0;7;0;0;1;2;1;A01
201400050360;0;99;0;0;2;1;10;A01
201400050360;0;7;0;0;0;3;1;B01
201400050361;0;7;0;0;2;7;1;B01
201400050361;0;7;0;0;2;6;1;A01
201400050362;0;7;0;0;0;4;1;B01
201400050362;0;7;0;0;2;1;1;A01
201400050363;0;7;0;4;0;1;1;A01
201400050364;1;2;0;0;1;0;0;Z01
201400050365;0;7;0;0;2;7;1;A01
201400050365;0;7;0;0;2;1;16;B01
201400050366;0;7;0;0;1;3;1;A01
201400050367;0;7;0;0;4;7;19;A01
201400050367;0;40;52;0;2;1;1;B01
201400050368;0;10;0;0;1;4;4;A01
201400050369;0;30;0;0;2;1;18;A01
201400050369;0;7;0;0;2;3;16;B01
201400050370;1;7;0;0;1;1;1;Z01
201400050371;0;7;0;0;2;2;14;A01
201400050371;0;34;0;0;2;8;2;B01
201400050372;0;7;0;0;1;2;1;A01
201400050373;0;7;0;0;1;3;2;A01
201400050374;0;7;0;0;1;1;1;A01
201400050375;0;7;0;0;2;1;1;A01
201400050375;0;1;0;0;2;4;2;B01
201400050376;0;7;0;0;2;3;13;A01
201400050376;0;7;0;0;2;8;14;B01
201400050376;0;7;0;0;2;1;1;C01
201400050377;0;7;0;0;1;0;1;A01
201400050378;0;7;0;0;2;1;2;A01
201400050378;0;7;0;0;2;4;1;B01
201400050379;0;7;0;0;2;4;1;B01
201400050379;0;7;0;0;2;1;2;A01
201400050380;0;7;0;0;1;2;1;A01
201400050381;0;37;25;0;1;2;0;A01
201400050382;0;33;0;0;2;1;1;B01
201400050382;0;7;0;0;2;3;15;A01
201400050383;0;7;0;0;1;1;16;A01
201400050384;0;10;0;0;1;2;1;A01
201400050385;0;7;0;0;2;5;15;C01
201400050385;0;7;0;0;2;3;1;B01
201400050385;0;32;0;0;2;1;15;A01
201400050386;0;7;0;0;1;1;1;A01
201400050387;0;10;0;0;1;2;1;A01
201400050388;1;99;0;0;1;4;4;Z01
201400050389;0;7;0;0;2;8;15;B01
201400050389;0;30;0;0;2;1;17;A01
201400050390;0;7;0;9;0;3;2;A01
201400050391;0;1;0;0;2;8;19;A01
201400050391;0;7;0;0;2;8;4;B01
201400050392;0;7;0;0;1;8;1;A01
201400050393;0;7;0;0;1;2;1;A01
201400050394;1;7;0;0;0;0;15;Z01
201400050394;0;7;0;0;2;6;1;C01
201400050394;0;2;0;0;2;1;2;B01
201400050395;1;7;0;0;2;1;15;Z01
201400050395;0;7;0;0;2;3;1;B01
201400050396;0;1;0;0;2;3;13;A01
201400050396;1;7;0;0;2;1;2;X01
201400050396;1;7;0;0;0;0;23;Z01
201400050397;0;30;0;0;2;1;1;A01
201400050397;0;10;0;0;2;3;1;B01
201400050398;0;31;0;0;2;1;7;B01
201400050398;0;7;0;0;2;3;15;A01
201400050399;0;1;0;0;1;1;1;A01
201400050400;0;7;0;0;0;3;13;A01
201400050400;0;33;0;0;2;2;1;B01
201400050401;0;33;0;0;2;7;1;A01
201400050401;0;7;0;0;2;2;15;B01
201400050402;0;31;0;0;2;1;17;A01
201400050402;0;10;0;0;0;4;1;B01
201400050403;0;30;0;0;2;1;2;A01
201400050403;0;7;0;0;0;4;2;B01
201400050404;0;7;0;0;1;2;1;A01
201400050405;0;7;0;0;2;1;1;A01
201400050405;0;7;0;0;2;8;1;B01
201400050406;0;7;0;0;1;1;1;A01
201400050407;0;7;0;0;2;1;15;A01
201400050407;0;7;0;0;2;1;1;B01
201400050408;0;14;0;0;1;4;0;A01
201400050409;0;30;0;0;2;1;17;A01
201400050409;0;7;0;0;2;3;1;B01
201400050410;0;7;0;0;1;1;1;A01
201400050411;0;30;0;0;0;1;1;A01
201400050412;0;7;0;0;2;3;1;B01
201400050412;0;1;0;0;2;1;19;A01
201400050413;0;7;0;0;2;2;1;A01
201400050413;0;7;0;0;2;6;15;B01
201400050414;0;7;0;0;2;2;15;B01
201400050414;1;32;0;0;0;0;1;Z01
201400050415;0;7;0;0;2;8;1;A01
201400050415;1;7;0;0;2;3;9;Z01
201400050416;0;1;0;0;2;3;15;A01
201400050416;0;7;0;0;2;3;23;B01
201400050417;0;1;0;0;2;0;19;A01
201400050417;0;7;0;0;2;1;1;B01
201400050418;0;30;0;0;2;1;16;B01
201400050418;0;7;0;0;2;2;15;A01
201400050419;0;1;0;1;0;2;2;B01
201400050419;0;7;0;0;2;8;22;A01
201400050420;0;7;0;0;1;1;1;A01
201400050421;0;2;0;0;2;3;15;A01
201400050421;0;7;0;0;2;3;10;B01
201400050422;0;7;0;0;2;5;1;A01
201400050422;0;7;0;0;2;1;1;B01
201400050423;1;7;0;0;1;8;16;Z01
201400050424;0;7;0;0;2;4;2;B01
201400050424;0;7;0;0;2;2;2;A01
201400050425;0;7;0;1;2;3;15;A01
201400050425;0;7;0;9;2;1;1;B01
201400050426;0;7;0;0;2;1;1;B01
201400050426;0;7;0;0;2;7;1;A01
201400050427;0;7;0;0;1;2;1;A01
201400050428;0;1;0;0;2;8;1;B01
201400050428;0;2;0;0;2;1;1;A01
201400050429;0;7;0;0;2;1;1;A01
201400050429;0;7;0;0;2;2;15;B01
201400050430;0;7;0;0;2;1;2;A01
201400050430;0;7;0;0;2;6;10;B01
201400050431;0;33;0;0;2;8;1;B01
201400050431;0;7;0;0;2;2;15;A01
201400050432;0;1;0;0;2;3;1;B01
201400050432;0;33;0;0;2;1;1;A01
201400050433;0;7;0;0;2;7;1;A01
201400050433;0;7;0;0;2;1;1;B01
201400050434;0;7;0;0;2;3;16;A01
201400050434;0;1;0;0;2;0;1;B01
201400050435;0;7;0;0;2;0;15;A01
201400050435;0;1;0;0;2;1;1;B01
201400050436;0;7;0;1;0;3;23;B01
201400050436;0;7;0;0;2;1;2;A01
201400050437;0;7;0;0;2;1;1;A01
201400050437;0;7;0;0;2;8;1;B01
201400050438;0;7;0;1;1;3;1;A01
201400050439;0;7;0;0;2;3;15;B01
201400050439;0;30;0;0;2;1;5;A01
201400050440;0;7;0;0;2;3;20;A01
201400050440;0;10;0;0;2;2;1;B01
201400050441;0;7;0;0;2;1;1;B01
201400050441;0;30;0;0;2;8;1;A01
201400050442;0;7;0;0;2;1;2;A01
201400050442;0;7;0;0;2;4;2;B01
201400050443;0;40;50;0;2;1;1;B01
201400050443;0;1;0;0;0;8;19;A01
201400050444;0;14;0;0;2;7;17;A01
201400050444;0;1;0;0;2;8;2;B01
201400050445;0;7;0;0;2;1;1;B01
201400050445;0;7;0;0;2;6;19;A01
201400050446;1;7;0;0;2;6;10;Z01
201400050446;0;32;0;0;2;1;2;B01
201400050447;0;32;0;0;2;2;1;B01
201400050447;0;1;0;0;2;8;15;A01
201400050448;0;7;0;0;1;5;20;A01
201400050449;0;7;0;0;1;1;1;A01
201400050450;0;7;0;0;2;8;15;A01
201400050450;0;33;0;0;2;1;1;B01
201400050451;0;32;0;0;2;1;1;A01
201400050451;0;7;0;0;2;4;16;B01
201400050452;0;7;0;0;2;2;15;A01
201400050452;0;7;0;0;2;1;10;B01
201400050453;0;7;0;0;1;2;1;A01
201400050454;0;7;0;15;1;1;1;A01
201400050455;0;31;0;0;1;1;17;A01
201400050455;0;7;0;0;2;3;15;B01
201400050456;1;7;0;0;1;0;0;Z01
201400050457;0;7;0;0;2;2;9;A01
201400050457;0;33;0;0;2;1;1;B01
201400050458;0;7;0;0;1;4;16;B01
201400050458;0;7;0;0;2;4;15;A01
201400050459;0;1;0;0;2;1;1;A01
201400050459;0;7;0;0;2;5;16;B01
201400050460;0;7;0;0;2;2;15;A01
201400050460;0;1;0;0;2;8;2;B01
201400050461;0;7;0;0;2;6;1;C01
201400050461;0;7;0;0;2;5;1;B01
201400050461;0;14;0;0;2;1;2;A01
201400050462;0;7;0;0;2;1;23;C01
201400050462;0;7;0;0;2;7;15;B01
201400050462;0;7;0;0;2;1;13;A01
201400050463;0;7;0;0;2;3;19;A01
201400050463;0;7;0;0;2;2;2;B01
201400050464;0;10;0;0;1;3;15;A01
201400050465;0;7;0;0;2;3;15;B01
201400050465;0;30;0;0;2;1;15;A01
201400050466;0;7;0;0;2;6;15;B01
201400050466;0;33;0;1;2;7;17;A01
201400050467;0;7;0;0;2;8;0;B01
201400050467;0;7;0;0;2;2;0;A01
201400050468;0;7;0;0;2;1;0;A01
201400050469;0;7;0;0;2;1;19;B01
201400050469;0;7;0;0;2;2;1;A01
201400050470;0;33;0;0;2;1;0;A01
201400050470;0;7;0;0;2;0;0;B01
201400050471;0;7;0;0;2;1;1;A01
201400050471;0;7;0;0;2;4;23;B01
201400050472;0;7;0;7;2;1;2;A01
201400050472;0;7;0;0;0;4;2;B01
201400050473;0;7;0;0;2;3;15;A01
201400050473;0;33;0;0;2;0;1;B01
201400050474;1;7;0;0;1;0;0;Z01
201400050475;0;7;0;0;2;8;1;B01
201400050475;0;7;0;0;2;1;1;A01
201400050476;0;7;0;0;0;1;0;A01
201400050476;0;7;0;0;2;6;15;B01
201400050477;0;7;0;0;2;1;1;B01
201400050477;0;1;0;0;2;8;19;A01
201400050478;0;7;0;0;1;1;15;A01
201400050479;0;33;0;0;1;1;1;A01
201400050480;0;7;0;0;2;4;2;A01
201400050480;0;7;0;0;2;1;2;B01
201400050481;0;7;0;0;2;1;2;A01
201400050481;0;7;0;0;0;4;23;B01
201400050482;0;7;0;0;2;4;2;D01
201400050482;0;7;0;0;2;1;2;A01
201400050482;0;7;0;0;2;1;2;B01
201400050482;0;10;0;0;2;1;2;C01
201400050483;0;99;0;0;0;0;0;A01
201400050483;0;7;0;0;2;7;15;B01
201400050484;0;7;0;0;2;1;2;A01
201400050484;0;7;0;0;2;4;2;B01
201400050485;0;33;0;0;1;1;0;A01
201400050486;0;1;0;0;2;1;1;A01
201400050486;0;1;0;0;2;1;1;B01
201400050487;0;7;0;0;2;7;16;A01
201400050487;0;1;0;0;2;3;1;B01
201400050488;0;7;0;0;1;0;0;A01
201400050489;0;7;0;0;2;3;1;B01
201400050489;0;20;0;0;2;2;1;A01
201400050490;0;30;0;0;2;6;15;B01
201400050490;0;7;0;0;2;1;7;A01
201400050491;0;7;0;0;1;3;15;A01
201400050492;0;33;0;0;2;2;2;A01
201400050492;0;7;0;0;2;6;2;B01
201400050493;0;7;0;0;2;1;1;A01
201400050493;0;32;0;0;2;4;2;B01
201400050493;0;7;0;0;2;7;20;C01
201400050494;0;32;0;0;2;1;1;A01
201400050494;0;7;0;0;2;2;1;B01
201400050495;0;7;0;0;1;4;4;A01
201400050496;0;31;0;0;2;1;1;B01
201400050496;0;7;0;0;2;8;10;A01
201400050497;0;7;0;0;2;7;15;A01
201400050497;0;7;0;0;2;1;1;B01
201400050498;0;7;0;0;0;5;2;B01
201400050498;0;7;0;0;2;3;10;A01
201400050499;1;7;0;0;2;0;0;A01
201400050499;0;7;0;6;2;5;1;B01
201400050500;0;7;0;0;1;3;1;A01
201400050501;1;7;0;0;0;0;;D01
201400050501;0;14;0;0;0;1;1;A01
201400050501;0;7;0;0;0;4;2;B01
201400050501;0;7;0;0;0;4;2;C01
201400050502;0;17;0;0;2;7;2;B01
201400050502;0;7;0;4;2;9;17;A01
201400050503;0;7;0;4;2;7;12;A01
201400050503;0;15;0;2;2;8;1;B01
201400050504;0;7;0;0;2;8;13;A01
201400050504;0;7;0;4;2;8;17;B01
201400050505;0;7;0;14;2;2;1;B01
201400050505;0;7;0;0;2;3;11;A01
201400050506;0;7;0;2;0;3;17;A01
201400050507;0;7;0;4;0;3;1;A01
201400050507;1;7;0;0;2;2;12;Z01
201400050508;0;7;0;0;2;6;11;A01
201400050508;0;7;0;0;2;2;1;B01
201400050509;0;7;0;4;2;3;13;A01
201400050509;0;7;0;0;2;6;2;B01
201400050510;0;15;0;0;2;4;2;B01
201400050510;0;10;0;0;2;1;2;A01
201400050511;0;33;0;4;0;3;17;B01
201400050511;0;7;0;0;0;0;11;A01
201400050512;0;7;0;4;0;1;1;A01
201400050513;0;7;0;4;0;2;1;A01
201400050514;0;7;0;0;2;2;3;A01
201400050514;0;7;0;0;2;8;2;C01
201400050514;0;7;0;0;2;6;2;B01
201400050515;0;7;0;4;0;3;11;A01
201400050516;0;7;0;0;2;4;2;B01
201400050516;0;7;0;0;0;0;0;C01
201400050516;0;7;0;0;2;1;2;A01
201400050517;0;7;0;0;2;4;1;B01
201400050517;0;7;0;0;2;4;1;C01
201400050517;0;7;0;0;2;4;1;D01
201400050517;0;7;0;0;2;1;1;A01
201400050518;0;7;0;0;1;3;1;A01
201400050519;0;36;0;0;2;4;12;A01
201400050519;0;7;0;0;2;1;2;B01
201400050520;0;7;0;4;0;2;1;A01
201400050521;0;31;0;0;2;8;13;A01
201400050521;0;7;0;0;2;7;0;B01
201400050522;0;7;0;0;2;1;2;A01
201400050522;0;7;0;0;0;4;2;B01
201400050523;0;7;0;4;0;3;1;A01
201400050524;0;7;0;4;0;2;1;A01
201400050525;0;7;0;4;2;3;17;A01
201400050525;0;7;0;0;2;4;1;B01
201400050526;0;15;0;0;2;3;1;D01
201400050526;0;10;0;0;2;1;2;B01
201400050526;0;10;0;3;2;1;2;C01
201400050526;0;7;0;0;0;4;2;A01
201400050527;0;33;0;3;2;8;0;B01
201400050527;0;7;0;0;2;2;14;A01
201400050528;0;7;0;0;2;1;2;A01
201400050528;0;7;0;0;0;4;0;B01
201400050529;0;7;0;0;0;6;1;B01
201400050529;0;14;0;0;2;2;2;A01
201400050530;0;33;0;4;0;7;1;A01
201400050531;0;7;0;0;2;3;5;A01
201400050531;0;7;0;0;2;3;2;B01
201400050532;0;7;0;3;0;3;1;A01
201400050533;0;10;0;4;0;7;1;A01
201400050534;0;7;0;0;2;6;3;A01
201400050534;0;33;0;0;2;1;3;B01
201400050535;0;31;0;0;0;0;0;A01
201400050536;0;7;0;4;0;1;16;A01
201400050537;0;7;0;0;0;4;1;B01
201400050537;0;7;0;4;2;1;2;A01
201400050537;0;7;0;0;0;5;1;C01
201400050538;0;7;0;4;0;3;12;A01
201400050539;0;7;0;1;0;4;1;A01
201400050539;0;7;0;0;1;4;23;B01
201400050540;0;7;0;0;2;1;2;D01
201400050540;0;7;0;0;2;4;2;B01
201400050540;1;7;0;0;0;0;0;X02
201400050540;0;7;0;0;2;1;1;F02
201400050540;0;7;0;0;2;4;1;C01
201400050540;0;7;0;0;2;1;2;E01
201400050540;0;7;0;4;0;1;1;A01
201400050541;0;17;0;0;2;2;12;A01
201400050541;0;7;0;3;0;6;1;B01
201400050542;0;7;0;3;2;2;2;A01
201400050542;0;7;0;0;2;2;1;B01
201400050542;1;17;0;0;0;0;0;Z01
201400050543;0;7;0;0;2;1;0;A01
201400050543;0;7;0;0;0;4;1;B01
201400050544;0;7;0;0;2;3;2;A01
201400050544;0;10;0;0;0;4;2;B01
201400050545;0;10;0;4;0;2;1;A01
201400050546;0;7;0;4;0;3;1;A01
201400050547;0;15;0;16;0;6;2;B01
201400050547;0;7;0;0;2;2;17;A01
201400050548;0;7;0;4;0;3;2;A01
201400050549;0;15;0;0;2;2;12;A01
201400050549;0;7;0;4;2;5;2;B01
201400050550;0;7;0;4;0;3;1;A01
201400050551;0;7;0;0;2;1;2;B01
201400050551;0;7;0;3;0;5;2;A01
201400050552;0;7;0;0;2;4;2;C01
201400050552;0;10;0;1;0;1;1;A01
201400050552;0;13;0;1;2;4;2;B01
201400050553;0;7;0;4;2;3;17;A01
201400050553;0;7;0;4;0;3;1;B01
201400050554;0;7;0;4;2;8;1;B01
201400050554;0;7;0;0;0;0;0;A01
201400050555;0;7;0;4;0;9;0;A01
201400050556;0;10;0;4;0;1;16;A01
201400050557;0;7;0;4;0;1;1;A01
201400050558;0;7;0;4;0;8;1;A01
201400050559;0;7;0;4;0;1;16;A01
201400050560;0;7;0;4;0;1;2;A01
201400050561;0;10;0;0;2;4;23;B01
201400050561;0;7;0;3;2;4;12;A01
201400050562;0;7;0;3;0;1;11;A01
201400050563;0;7;0;4;0;3;12;A01
201400050564;0;33;0;0;2;1;2;A01
201400050564;0;10;0;0;0;3;2;B01
201400050565;1;10;0;0;0;0;17;Z01
201400050565;0;7;0;0;0;1;13;B01
201400050566;0;7;0;4;0;6;1;A01
201400050567;0;7;0;3;0;1;19;A01
201400050567;0;7;0;0;2;1;1;B01
201400050568;0;7;0;0;2;4;11;A01
201400050568;0;33;0;0;2;8;1;B01
201400050569;0;7;0;0;2;4;1;B01
201400050569;0;7;0;0;0;4;1;C01
201400050569;0;10;0;0;2;1;1;A01
201400050570;0;7;0;4;0;1;0;A01
201400050571;0;10;0;4;0;1;1;A01
201400050572;0;10;0;4;0;0;1;A01
201400050573;0;7;0;4;0;1;21;A01
201400050574;0;10;0;0;2;3;21;A01
201400050574;0;7;0;0;2;1;2;D01
201400050574;0;7;0;0;2;5;2;B01
201400050574;0;7;0;0;2;4;2;C01
201400050575;0;7;0;4;2;7;1;C01
201400050575;0;7;0;4;2;6;0;B01
201400050575;0;14;0;0;2;2;1;A01
201400050576;0;7;0;0;0;4;1;B01
201400050576;0;7;0;0;2;1;1;A01
201400050577;0;7;0;0;2;4;2;B01
201400050577;0;7;0;0;0;4;2;C01
201400050577;0;7;0;0;2;1;2;A01
201400050578;0;7;0;4;0;3;1;A01
201400050579;0;32;0;12;0;8;16;A01
201400050580;0;10;0;0;2;6;1;B01
201400050580;0;7;0;0;2;8;1;A01
201400050581;0;7;0;6;0;2;1;A01
201400050582;0;7;0;4;0;3;13;A01
201400050583;0;7;0;4;0;6;1;B01
201400050583;0;17;0;0;2;2;12;A01
201400050584;0;7;0;4;2;1;17;A01
201400050584;0;15;0;0;2;6;1;B01
201400050585;0;7;0;0;2;4;1;B01
201400050585;0;7;0;0;2;1;2;A01
201400050586;0;17;0;0;2;2;12;A01
201400050586;0;7;0;0;2;6;1;B01
201400050587;0;15;0;0;0;0;1;T01
201400050587;0;33;0;0;0;7;16;A01
201400050588;0;7;0;0;0;6;1;C01
201400050588;0;7;0;0;0;7;1;E01
201400050588;0;7;0;0;0;3;1;B01
201400050588;0;7;0;0;2;2;12;A01
201400050588;0;7;0;4;0;2;1;D01
201400050589;0;7;0;4;0;2;0;A01
201400050590;0;33;0;0;2;1;2;A01
201400050590;0;10;0;0;2;4;2;B01
201400050591;0;7;0;4;0;7;0;A01
201400050592;0;33;0;0;0;7;21;A01
201400050593;0;7;0;4;2;3;13;A01
201400050593;0;7;0;4;2;7;1;B01
201400050594;0;32;0;0;2;8;1;B01
201400050594;0;10;0;0;2;7;12;A01
201400050595;0;7;0;4;0;1;1;A01
201400050596;0;7;0;0;2;4;2;C01
201400050596;0;10;0;0;2;1;2;A01
201400050596;0;7;0;0;2;4;2;B01
201400050597;0;7;0;4;2;8;0;B01
201400050597;0;7;0;0;2;2;14;A01
201400050598;0;7;0;3;0;1;11;A01
201400050599;0;10;0;0;2;1;1;B01
201400050599;0;10;0;16;2;1;19;A01
201400050600;0;7;0;0;2;1;2;A01
201400050600;0;7;0;0;2;4;1;B01
201400050601;0;7;0;4;2;7;17;A01
201400050601;0;15;0;4;;8;1;B02
201400050602;0;7;0;0;2;4;2;B01
201400050602;0;33;0;0;2;9;2;A01
201400050603;0;7;0;4;0;3;0;A01
201400050604;0;7;0;0;2;1;2;A01
201400050604;0;7;0;0;2;4;1;B01
201400050604;0;7;0;0;0;4;1;C01
201400050605;0;15;0;0;2;7;12;A01
201400050605;0;7;0;4;2;8;1;B01
201400050606;0;7;0;0;2;1;2;A01
201400050606;0;7;0;0;0;4;2;B01
201400050607;0;7;0;0;0;0;23;T01
201400050607;0;7;0;0;2;1;1;Z01
201400050607;0;7;0;0;2;8;1;A01
201400050608;0;7;0;4;0;3;0;A01
201400050609;0;7;0;0;2;4;23;D01
201400050609;0;10;0;0;2;4;0;C01
201400050609;0;7;0;0;2;2;1;A01
201400050609;0;7;0;0;2;6;23;B01
201400050610;0;10;0;0;0;4;1;B01
201400050610;0;10;0;0;0;1;1;A01
201400050611;0;7;0;4;2;5;12;A01
201400050611;0;17;0;0;0;3;1;B01
201400050612;0;7;0;0;0;6;23;B01
201400050612;0;7;0;0;2;2;14;A01
201400050613;0;7;0;9;2;1;0;A01
201400050613;0;7;0;0;0;4;2;C01
201400050613;0;7;0;0;0;4;2;B01
201400050614;0;7;0;0;2;1;2;B01
201400050614;0;7;0;0;2;1;2;A01
201400050614;0;7;0;0;2;1;2;C01
201400050614;0;7;0;0;2;4;2;D01
201400050615;0;7;0;4;0;1;1;A01
201400050616;2;7;0;0;2;2;0;A01
201400050616;0;7;0;0;0;6;1;B01
201400050617;0;7;0;9;9;1;1;B01
201400050617;0;15;0;4;0;2;1;A01
201400050618;0;7;0;4;0;3;1;A01
201400050619;0;7;0;0;0;4;1;B01
201400050619;0;7;0;0;2;1;14;A01
201400050620;0;7;0;0;2;3;1;C01
201400050620;0;7;0;4;2;3;1;B01
201400050620;0;7;0;0;2;5;14;A01
201400050621;0;7;0;4;0;3;0;B01
201400050621;0;7;0;4;2;1;0;A01
201400050622;0;7;0;0;0;5;2;B01
201400050622;0;32;0;0;2;1;2;A01
201400050623;0;7;0;0;0;8;1;A01
201400050624;0;7;0;0;0;3;21;B01
201400050624;1;7;0;0;0;0;3;Z01
201400050625;0;17;0;0;2;1;21;B01
201400050625;0;7;0;0;2;2;5;A01
201400050626;0;7;0;4;0;2;0;A01
201400050627;0;7;0;0;2;5;15;A01
201400050627;0;15;0;0;2;3;2;B01
201400050628;0;7;0;0;2;1;2;B01
201400050628;0;7;0;0;2;4;2;A01
201400050628;0;7;0;0;2;3;14;C01
201400050629;0;7;0;0;2;5;1;C01
201400050629;0;14;0;0;2;2;12;A01
201400050629;0;7;0;0;2;6;1;B01
201400050630;0;10;0;0;0;4;11;B01
201400050630;0;10;0;0;0;4;2;C01
201400050630;0;15;0;0;2;1;1;A01
201400050631;0;7;0;0;2;4;2;B01
201400050631;0;7;0;0;0;4;2;C01
201400050631;0;14;0;0;2;1;2;A01
201400050632;0;7;0;0;0;4;2;B01
201400050632;0;7;0;0;0;1;2;A01
201400050633;0;15;0;0;0;7;1;A01