num_acc;senc;catv;occutc;obs;obsm;choc;manv;num_veh
201400050634;0;7;0;0;0;1;1;A01
201400050635;0;10;0;0;0;4;2;D01
201400050635;0;7;0;0;2;4;2;C01
201400050635;0;10;0;0;2;1;2;A01
201400050635;0;7;0;1;2;4;23;B01
201400050636;0;17;0;0;2;2;12;A01
201400050636;0;7;0;0;2;8;1;B01
201400050637;0;33;0;0;2;8;1;A01
201400050637;0;7;0;0;2;7;1;B01
201400050638;0;7;0;0;2;1;2;A01
201400050638;0;7;0;0;2;4;2;B01
201400050638;0;7;0;0;0;4;2;C01
201400050639;0;7;0;0;0;5;12;B01
201400050639;0;33;0;0;2;1;3;A01
201400050640;0;10;0;0;2;4;2;B01
201400050640;0;7;0;0;2;1;2;A01
201400050640;0;7;0;0;0;4;2;C01
201400050641;0;7;0;0;2;5;2;B01
201400050641;0;7;0;0;2;6;2;A01
201400050641;0;7;0;0;2;4;2;E01
201400050641;0;7;0;0;2;3;1;C01
201400050641;0;7;0;0;2;4;2;D01
201400050642;0;33;0;0;2;1;1;A01
201400050642;0;7;0;0;2;3;17;B01
201400050643;0;7;0;3;2;1;2;A01
201400050643;0;7;0;0;0;4;2;B01
201400050644;0;7;0;4;0;1;0;A01
201400050645;0;7;0;4;0;6;1;A01
201400050646;0;7;0;4;0;3;0;A01
201400050647;0;7;0;4;0;3;13;A01
201400050648;0;7;0;3;0;6;0;A01
201400050649;0;17;0;0;2;7;12;A01
201400050649;0;7;0;0;2;8;2;B01
201400050650;0;7;0;0;2;4;2;B01
201400050650;0;7;0;0;2;1;2;A01
201400050650;0;7;0;0;2;4;2;C01
201400050651;0;7;0;0;2;4;2;C01
201400050651;0;7;0;0;2;4;2;B01
201400050651;0;7;0;0;2;1;2;A01
201400050652;0;7;0;0;2;1;2;A01
201400050652;0;31;0;0;2;4;23;B01
201400050652;0;7;0;0;2;4;23;C01
201400050653;0;17;0;0;0;3;1;A01
201400050654;0;7;0;0;2;1;11;A01
201400050654;0;7;0;0;2;5;2;B01
201400050655;0;33;0;0;2;3;3;B01
201400050655;0;7;0;0;2;2;12;A01
201400050656;0;7;0;0;2;3;10;A01
201400050656;0;33;0;0;2;1;2;B01
201400050657;0;7;0;0;2;4;2;C01
201400050657;0;7;0;0;2;1;2;A01
201400050657;0;7;0;0;2;4;2;B01
201400050658;0;7;0;0;2;6;11;A01
201400050658;0;33;0;0;2;1;1;B01
201400050659;0;7;0;4;0;1;1;A01
201400050660;1;7;0;0;0;0;0;Z01
201400050660;0;7;0;4;2;8;1;A01
201400050661;0;33;0;4;0;1;1;A01
201400050662;0;7;0;0;2;1;2;A01
201400050662;0;7;0;0;0;4;2;B01
201400050663;0;7;0;4;0;1;0;A01
201400050664;0;7;0;4;0;3;1;A01
201400050665;0;7;0;0;2;1;2;A01
201400050665;0;7;0;0;2;4;2;B01
201400050666;0;7;0;0;2;3;14;A01
201400050666;0;17;0;0;0;5;1;B01
201400050667;0;15;0;0;2;2;2;A01
201400050667;0;7;0;4;2;6;2;B01
201400050668;0;7;0;4;0;2;1;A01
201400050669;0;10;0;0;2;2;1;B01
201400050669;0;7;0;4;2;1;21;A01
201400050670;0;7;0;0;2;1;2;A01
201400050670;0;7;0;0;2;4;2;B01
201400050671;0;33;0;0;2;7;2;B01
201400050671;0;7;0;0;2;8;11;A01
201400050671;0;7;0;0;2;5;2;C01
201400050672;0;15;0;0;2;2;12;A01
201400050672;0;7;0;0;2;8;1;B01
201400050673;0;7;0;0;0;5;23;B01
201400050673;0;33;0;0;2;3;2;A01
201400050674;0;7;0;4;2;1;;A01
201400050674;0;10;0;;2;4;1;B02
201400050674;0;10;0;;2;3;1;C03
201400050675;0;7;0;3;0;1;1;A01
201400050676;0;7;0;1;0;1;1;A01
201400050676;0;7;0;0;0;4;13;B01
201400050677;0;7;0;4;0;1;1;A01
201400050678;0;15;0;0;2;1;12;A01
201400050678;0;7;0;0;0;8;1;B01
201400050679;0;7;0;4;0;3;1;A01
201400050680;1;7;0;;;;;Z01
201400050680;0;7;0;;2;6;1;B02
201400050681;0;7;0;0;2;4;2;B01
201400050681;0;15;0;0;0;4;2;C01
201400050681;0;15;0;0;2;1;2;A01
201400050682;0;7;0;0;2;2;1;B01
201400050682;0;7;0;0;2;6;9;A01
201400050683;0;10;0;0;0;1;2;A01
201400050683;1;7;0;0;0;4;2;X01
201400050683;0;7;0;0;0;4;2;B01
201400050684;0;7;0;0;2;6;2;B01
201400050684;0;7;0;4;2;3;2;C01
201400050684;0;7;0;0;2;2;2;A01
201400050685;0;7;0;0;2;2;1;A01
201400050685;0;7;0;0;2;6;17;B01
201400050686;0;7;0;4;0;3;1;A01
201400050687;0;10;0;0;2;1;2;A01
201400050687;0;7;0;0;2;4;2;C01
201400050687;0;7;0;0;2;4;2;B01
201400050688;0;7;0;0;0;4;1;C01
201400050688;0;7;0;0;0;4;1;B01
201400050688;0;7;0;0;0;1;1;A01
201400050689;0;7;0;6;0;4;0;C01
201400050689;0;7;0;6;2;4;0;B01
201400050689;0;7;0;0;2;1;2;A01
201400050690;0;7;0;4;0;3;21;A01
201400050691;0;7;0;0;2;4;1;B02
201400050691;0;7;0;0;2;1;2;A01
201400050692;0;7;0;0;2;3;1;B01
201400050692;0;7;0;0;2;7;14;A01
201400050693;0;10;0;0;0;0;2;A01
201400050694;0;7;0;0;2;4;2;E01
201400050694;0;17;0;0;2;8;1;C01
201400050694;0;10;0;0;2;1;2;A01
201400050694;0;7;0;0;2;4;2;B01
201400050694;0;7;0;0;2;4;2;D01
201400050695;0;7;0;0;2;6;14;D01
201400050695;0;7;0;0;2;4;2;C01
201400050695;0;17;0;0;2;2;21;A01
201400050695;0;7;0;0;2;2;2;B01
201400050696;0;17;0;0;2;2;2;A01
201400050696;0;7;0;0;0;4;1;B01
201400050697;0;7;0;0;2;1;1;A01
201400050697;0;7;0;0;2;4;1;B01
201400050698;0;14;0;0;2;5;12;A01
201400050698;0;7;0;0;2;3;1;B01
201400050699;0;7;0;0;0;4;1;B01
201400050699;0;7;0;0;2;1;1;A01
201400050700;0;7;0;0;2;4;2;G02
201400050700;0;7;0;0;2;4;2;E01
201400050700;0;10;0;0;2;4;2;C01
201400050700;0;14;0;0;2;1;2;A01
201400050700;0;7;0;0;2;4;2;B01
201400050700;0;7;0;0;2;4;2;D01
201400050700;0;7;0;0;2;4;2;F02
201400050701;0;7;0;0;2;1;2;A01
201400050701;0;7;0;0;2;4;2;B01
201400050702;0;7;0;4;0;2;21;B01
201400050702;0;7;0;0;0;0;12;A01
201400050703;0;7;0;0;2;4;2;B01
201400050703;0;7;0;0;2;1;2;A01
201400050704;0;7;0;4;0;3;1;A01
201400050705;0;7;0;0;2;1;2;A01
201400050705;0;7;0;0;0;4;2;B01
201400050706;0;7;0;0;2;2;12;A01
201400050706;0;7;0;0;2;3;1;B01
201400050707;2;7;0;3;2;2;2;A01
201400050707;0;14;0;0;2;3;2;B01
201400050708;0;32;0;0;2;7;0;A01
201400050708;0;7;0;0;0;4;1;B01
201400050709;0;14;0;0;2;3;21;A01
201400050709;0;7;0;0;2;5;2;B01
201400050709;0;7;0;0;0;2;1;C01
201400050709;0;7;0;0;2;8;1;D01
201400050710;0;7;0;0;2;4;2;B01
201400050710;0;7;0;0;2;1;2;A01
201400050711;0;33;0;0;2;4;1;A01
201400050711;0;7;0;0;2;1;1;B01
201400050712;0;7;0;0;2;1;9;A01
201400050712;0;10;0;0;0;4;1;B01
201400050712;0;7;0;0;0;4;2;C01
201400050712;0;7;0;0;0;1;2;D01
201400050713;0;7;0;0;0;4;1;B01
201400050713;0;7;0;0;2;2;1;A01
201400050714;0;7;0;3;0;8;13;A01
201400050714;1;7;0;0;0;0;0;Z01
201400050715;0;33;0;0;0;1;3;A01
201400050715;0;7;0;0;0;5;1;B01
201400050716;0;1;0;0;2;1;12;A01
201400050716;0;10;0;0;0;5;1;B01
201400050717;0;7;0;4;0;1;12;A01
201400050718;0;33;0;0;2;1;2;A01
201400050718;0;10;0;0;2;4;2;B01
201400050719;0;33;0;0;0;7;14;A01
201400050720;0;7;0;0;2;2;0;A01
201400050720;0;17;0;0;0;6;1;B01
201400050720;0;15;0;0;0;4;0;C01
201400050720;0;15;0;0;2;1;2;D01
201400050721;0;7;0;0;2;1;2;A01
201400050721;0;10;0;0;2;4;2;B01
201400050722;0;7;0;0;2;4;1;A01
201400050722;1;13;0;0;2;0;2;Z01
201400050723;0;10;0;0;2;1;2;A01
201400050723;0;10;0;0;2;4;2;B01
201400050723;0;10;0;0;2;4;2;C01
201400050724;0;7;0;4;0;3;17;A01
201400050725;0;1;0;0;0;8;19;B01
201400050725;0;7;0;0;2;1;1;A01
201400050726;0;7;0;0;0;7;12;A01
201400050726;0;33;0;0;0;8;1;B01
201400050727;0;7;0;0;2;1;2;A01
201400050727;0;15;0;0;0;4;23;B01
201400050728;0;7;0;0;2;1;2;A01
201400050728;0;7;0;0;0;4;2;B01
201400050729;0;7;0;4;0;4;1;A01
201400050729;0;14;0;0;2;3;0;B01
201400050730;0;7;0;4;2;5;12;A01
201400050730;0;15;0;0;2;3;1;B01
201400050731;0;10;0;0;2;1;9;A01
201400050731;0;7;0;0;0;4;2;C01
201400050731;0;7;0;0;2;4;2;B01
201400050732;0;7;0;4;0;5;2;A01
201400050733;0;7;0;4;0;1;1;A01
201400050734;0;7;0;4;0;1;1;A01
201400050735;0;10;0;0;2;1;2;A01
201400050735;0;7;0;0;0;4;2;B01
201400050736;0;33;0;0;2;5;2;A01
201400050736;1;7;0;0;0;0;0;Z01
201400050737;0;10;0;4;0;8;1;A01
201400050738;0;33;0;0;2;5;1;B01
201400050738;0;10;0;0;2;8;0;A01
201400050739;0;7;0;0;9;1;2;A01
201400050739;0;10;0;0;2;6;2;B01
201400050739;0;7;0;0;2;1;1;C01
201400050740;0;7;0;0;2;1;1;A01
201400050740;0;15;0;0;2;8;1;B01
201400050741;0;7;0;4;0;1;16;A01
201400050742;0;7;0;0;2;4;23;B01
201400050742;0;7;0;0;2;4;2;C01
201400050742;0;7;0;0;2;1;2;A01
201400050742;0;7;0;0;0;0;0;D01
201400050742;0;7;0;0;2;4;2;E01
201400050743;0;10;0;0;2;1;2;A01
201400050743;0;7;0;0;2;4;2;B01
201400050743;0;7;0;0;2;4;2;C01
201400050744;0;7;0;0;2;1;17;A01
201400050744;0;7;0;0;0;4;1;B01
201400050745;0;7;0;0;0;1;1;A01
201400050746;0;7;0;0;2;1;1;A01
201400050746;0;7;0;0;0;4;0;B01
201400050747;0;7;0;3;0;1;12;A01
201400050747;0;7;0;3;0;4;1;B01
201400050748;0;7;0;0;2;1;2;A01
201400050748;0;10;0;0;2;4;2;B01
201400050749;0;7;0;4;0;2;1;A01
201400050750;0;10;0;6;0;9;1;A01
201400050751;0;7;0;4;0;8;1;B01
201400050751;0;7;0;4;2;1;19;A01
201400050752;0;33;0;0;0;0;0;A01
201400050753;0;10;0;0;2;4;2;B01
201400050753;0;10;0;0;2;1;2;A01
201400050754;0;15;0;0;2;8;1;B01
201400050754;0;7;0;4;2;3;13;A01
201400050755;0;33;0;0;0;4;1;B01
201400050755;0;1;0;0;0;0;0;T01
201400050755;0;7;0;0;0;4;1;C01
201400050755;0;7;0;0;0;2;3;A01
201400050756;0;17;0;0;0;8;2;B01
201400050756;0;10;0;0;2;2;2;A01
201400050757;0;7;0;7;0;9;1;A01
201400050758;0;7;0;4;0;8;1;A01
201400050759;0;10;0;0;0;4;2;B01
201400050759;0;10;0;0;2;1;2;A01
201400050760;0;7;0;4;0;3;13;A01
201400050761;1;15;0;0;0;0;0;Z01
201400050761;0;7;0;4;2;0;1;A01
201400050762;0;7;0;4;0;1;13;A01
201400050763;0;7;0;0;2;1;1;A01
201400050763;0;7;0;0;2;8;0;B01
201400050764;0;10;0;4;0;2;1;A01
201400050765;0;14;0;0;2;1;1;B01
201400050765;0;7;0;0;2;7;14;A01
201400050766;0;33;0;0;0;7;1;A01
201400050767;0;7;0;0;2;3;1;B01
201400050767;0;7;0;0;2;2;14;A01
201400050768;0;15;0;4;2;1;13;A01
201400050768;0;38;45;0;0;0;0;B01
201400050769;0;31;0;0;2;7;3;A01
201400050770;0;7;0;0;2;0;0;A01
201400050770;0;15;0;0;0;8;1;B01
201400050771;0;10;0;4;0;3;1;A01
201400050772;0;33;0;0;0;0;1;A01
201400050773;0;7;0;0;0;6;2;A01
201400050773;0;10;0;0;2;2;17;B01
201400050774;0;17;0;0;2;1;2;A01
201400050774;0;10;0;0;2;1;2;B01
201400050774;0;17;0;0;2;1;2;C01
201400050774;0;14;0;0;2;4;2;D01
201400050774;0;14;0;0;2;1;2;E01
201400050774;1;14;0;0;0;4;2;Z02
201400050775;0;7;0;0;2;8;11;A01
201400050775;0;7;0;0;2;7;1;B01
201400050776;0;7;0;0;2;1;1;A01
201400050776;0;7;0;0;0;0;0;B01
201400050777;0;7;0;0;2;7;12;A01
201400050777;0;31;0;0;2;3;1;B01
201400050778;0;7;0;4;0;1;1;A01
201400050779;0;7;0;13;0;1;15;A01
201400050780;0;10;0;0;2;1;1;C01
201400050780;0;10;0;0;2;5;1;B01
201400050780;0;10;0;0;2;3;12;A01
201400050781;0;7;0;0;0;8;11;A01
201400050781;0;17;0;0;0;2;1;B01
201400050782;0;7;0;0;0;4;0;E01
201400050782;0;10;0;0;0;4;1;C01
201400050782;0;7;0;4;0;5;1;F02
201400050782;0;7;0;0;2;8;3;A01
201400050782;0;10;0;0;2;1;1;D01
201400050782;0;7;0;0;0;2;1;B01
201400050783;0;7;0;0;0;0;0;T01
201400050783;0;7;0;0;2;1;21;A01
201400050783;0;7;0;0;2;8;1;B01
201400050784;0;7;0;4;0;1;16;A01
201400050785;0;7;0;0;0;6;3;A01
201400050785;0;14;0;0;0;2;1;B01
201400050785;0;17;0;0;0;2;1;C01
201400050786;0;7;0;0;2;1;0;A01
201400050786;0;7;0;0;0;4;2;B01
201400050787;0;7;0;3;0;2;1;A01
201400050788;0;7;0;0;0;0;0;A01
201400050789;0;7;0;0;0;9;1;A01
201400050790;0;7;0;0;0;6;3;A01
201400050790;0;7;0;0;0;9;11;B01
201400050791;0;7;0;4;0;1;12;A01
201400050792;0;7;0;6;0;7;1;A01
201400050793;0;7;0;0;0;4;2;C01
201400050793;0;7;0;0;0;4;2;B01
201400050793;0;7;0;0;0;1;2;A01
201400050794;0;7;0;0;2;1;1;A01
201400050794;0;7;0;0;0;4;1;B01
201400050795;0;7;0;0;2;7;1;B01
201400050795;0;7;0;0;2;8;1;C01
201400050795;0;7;0;4;2;3;11;A01
201400050796;0;7;0;0;0;0;2;T01
201400050796;0;7;0;0;2;1;1;A01
201400050796;0;7;0;0;2;4;2;C01
201400050796;0;7;0;0;2;4;2;B01
201400050797;0;7;0;13;0;2;14;A01
201400050798;0;15;0;4;2;8;1;C01
201400050798;0;7;0;4;2;7;14;A01
201400050798;0;15;0;4;2;8;1;B01
201400050799;0;7;0;0;0;1;1;A01
201400050800;0;7;0;0;2;1;2;A01
201400050800;0;7;0;0;2;4;2;B01
201400050801;0;7;0;0;0;0;0;B01
201400050801;0;30;0;0;0;1;2;A01
201400050802;0;10;0;3;0;2;14;A01
201400050803;0;7;0;0;2;4;2;B01
201400050803;0;7;0;0;2;1;2;A01
201400050803;0;7;0;0;2;4;2;C01
201400050804;0;7;0;0;0;0;0;B01
201400050804;1;7;0;0;2;1;2;A01
201400050804;0;7;0;0;2;4;0;C01
201400050804;0;7;0;0;0;0;0;D01
201400050805;0;15;0;0;2;2;1;B01
201400050805;0;7;0;4;2;4;11;A01
201400050806;0;7;0;4;0;2;15;A01
201400050807;0;7;0;0;2;1;1;A01
201400050807;0;7;0;0;0;4;23;B01
201400050808;0;10;0;0;0;1;21;A01
201400050809;0;7;0;0;2;4;2;C01
201400050809;0;10;0;0;2;1;2;A01
201400050809;0;7;0;0;2;4;2;B01
201400050810;0;7;0;0;0;8;1;B01
201400050810;0;14;0;0;0;5;12;A01
201400050811;0;7;0;4;2;6;0;A01
201400050811;0;7;0;0;2;5;0;B01
201400050811;0;7;0;0;0;4;0;C01
201400050812;0;7;0;4;0;3;17;A01
201400050813;0;7;0;0;0;0;0;T01
201400050813;0;7;0;4;2;3;12;A01
201400050813;0;10;0;0;2;8;0;B01
201400050814;0;7;0;3;0;6;17;A01
201400050815;0;7;0;0;2;2;14;A01
201400050815;0;14;0;0;0;6;1;B01
201400050816;0;7;0;0;2;2;19;A01
201400050816;0;33;0;0;2;1;1;B01
201400050817;0;7;0;0;2;6;1;B01
201400050817;0;17;0;0;2;2;12;A01
201400050818;0;7;0;0;0;0;0;B01
201400050818;0;15;0;0;2;2;12;A01
201400050819;0;7;0;3;0;3;1;A01
201400050820;0;33;0;14;2;4;1;A01
201400050820;0;33;0;14;2;1;1;B01
201400050821;0;7;0;0;2;4;2;B01
201400050821;0;7;0;0;2;1;1;A01
201400050821;0;7;0;0;0;0;0;C01
201400050822;0;7;0;0;2;4;2;B01
201400050822;0;10;0;0;2;1;2;A01
201400050822;0;7;0;0;2;4;2;C01
201400050823;0;33;0;0;2;3;18;A01
201400050823;0;10;0;0;2;2;2;B01
201400050824;0;7;0;0;0;5;1;B01
201400050824;0;7;0;0;2;3;0;A01
201400050824;0;7;0;0;0;7;1;C01
201400050825;0;13;0;0;0;8;11;A01
201400050825;0;10;0;0;0;7;1;B01
201400050826;0;15;0;0;2;2;1;B01
201400050826;0;7;0;0;2;3;9;A01
201400050827;1;1;0;0;0;0;1;Z01
201400050827;0;33;0;0;0;0;0;A01
201400050828;1;7;0;0;1;0;0;Z01
201400050829;0;7;0;0;2;1;1;D01
201400050829;0;7;0;0;2;1;1;A01
201400050829;0;7;0;0;2;4;1;H02
201400050829;0;7;0;0;2;4;1;G02
201400050829;0;7;0;0;0;0;0;C01
201400050829;0;7;0;0;2;1;1;E01
201400050829;0;7;0;0;2;1;1;B01
201400050829;0;7;0;0;2;3;12;F02
201400050829;0;10;0;0;0;4;1;I02
201400050830;0;7;0;;2;0;0;A01
201400050830;0;7;0;0;2;;0;B02
201400050830;0;7;0;;2;;;C02
201400050831;0;33;0;0;0;0;11;A01
201400050832;0;7;0;0;0;1;1;A01
201400050833;0;16;0;4;0;1;1;A01
201400050834;0;7;0;0;2;8;2;B01
201400050834;0;7;0;0;2;2;0;A01
201400050835;0;31;0;0;2;1;3;A01
201400050835;0;7;0;0;0;6;2;B01
201400050836;0;7;0;4;0;3;17;A01
201400050837;0;7;0;0;2;6;1;A01
201400050837;0;7;0;3;2;3;1;B01
201400050837;0;7;0;3;2;8;21;C01
201400050837;1;7;0;0;2;0;0;Z01
201400050838;0;10;0;0;0;6;1;A01
201400050838;0;10;0;0;0;3;1;B01
201400050839;0;7;0;0;2;1;2;A01
201400050839;0;7;0;0;0;0;1;B01
201400050839;0;7;0;0;2;4;2;C01
201400050839;0;7;0;0;2;4;2;D01
201400050840;0;33;0;0;2;7;3;A01
201400050840;0;7;0;0;2;8;1;B01
201400050841;0;7;0;0;2;5;24;B01
201400050841;0;7;0;1;0;3;14;A01
201400050842;0;7;0;0;2;1;2;A01
201400050842;0;7;0;0;2;4;2;B01
201400050843;0;7;0;4;0;8;1;A01
201400050844;0;14;0;0;2;1;2;A01
201400050844;0;15;0;0;0;0;0;B01
201400050844;0;10;0;0;2;1;2;C01
201400050845;0;10;0;0;2;1;1;A01
201400050845;0;7;0;0;2;4;23;B01
201400050845;0;10;0;0;2;4;23;C01
201400050845;0;10;0;0;2;8;23;D01
201400050845;0;10;0;0;2;4;23;E01
201400050846;0;13;0;0;0;2;9;A01
201400050846;0;7;0;0;0;6;0;B01
201400050847;0;10;0;0;2;1;2;A01
201400050847;0;7;0;0;2;4;2;B01
201400050847;0;7;0;0;2;4;2;C01
201400050848;0;7;0;0;2;3;21;A01
201400050848;0;7;0;0;0;7;1;C01
201400050848;0;7;0;0;2;4;2;B01
201400050848;0;10;0;0;0;4;2;D01
201400050849;0;7;0;0;2;1;2;A01
201400050849;0;7;0;0;2;9;2;B01
201400050849;0;7;0;0;2;4;23;C01
201400050850;0;33;0;0;2;1;2;A01
201400050850;0;7;0;0;0;6;2;B01
201400050850;0;7;0;0;0;0;0;T01
201400050851;0;7;0;0;2;1;2;B01
201400050851;0;7;0;0;2;1;2;C01
201400050851;0;7;0;0;2;4;2;A01
201400050851;0;7;0;0;2;1;2;D01
201400050852;0;30;0;0;2;0;19;A01
201400050852;0;7;0;0;2;0;1;B01
201400050853;0;7;0;14;0;1;2;A01
201400050853;0;7;0;1;0;5;2;B01
201400050853;0;7;0;0;2;4;1;C01
201400050854;0;7;0;0;0;8;10;A01
201400050854;0;7;0;0;2;4;1;B01
201400050854;0;7;0;0;2;1;2;C01
201400050855;0;7;0;0;0;9;1;A01
201400050856;0;7;0;4;0;3;0;A01
201400050857;0;7;0;0;2;3;17;A01
201400050857;0;7;0;0;2;7;0;B01
201400050857;0;10;0;0;2;4;0;C01
201400050858;0;7;0;0;2;3;11;A01
201400050858;0;33;0;0;2;1;1;B01
201400050859;0;7;0;0;0;4;2;B01
201400050859;0;17;0;0;0;1;2;A01
201400050860;0;7;0;0;2;4;2;F02
201400050860;0;7;0;0;2;6;2;B01
201400050860;0;7;0;0;2;3;2;D01
201400050860;0;7;0;0;2;4;2;E01
201400050860;0;15;0;0;2;1;2;A01
201400050860;0;7;0;0;2;4;1;C01
201400050861;0;10;0;0;2;6;1;B01
201400050861;0;10;0;0;2;2;14;A01
201400050862;0;7;0;0;2;4;2;B01
201400050862;0;7;0;0;2;1;2;A01
201400050863;0;7;0;4;0;3;13;A01
201400050864;0;7;0;0;2;1;14;A01
201400050864;0;7;0;0;2;1;1;B01
201400050865;0;7;0;4;0;2;2;A01
201400050866;0;7;0;4;0;2;14;A01
201400050867;0;7;0;6;0;0;17;A01
201400050868;0;10;0;0;0;4;2;B01
201400050868;0;10;0;0;0;4;2;C01
201400050868;0;10;0;0;0;4;2;D01
201400050868;0;10;0;0;0;1;2;A01
201400050869;0;7;0;0;0;0;0;A01
201400050870;0;99;0;0;0;2;21;A01
201400050870;0;17;0;0;0;6;1;B01
201400050871;0;7;0;3;0;4;1;A01
201400050872;0;33;0;0;2;3;3;A01
201400050872;0;7;0;0;2;2;12;B01
201400050872;0;7;0;0;2;6;1;C01
201400050873;0;7;0;3;0;1;14;A01
201400050874;0;7;0;0;2;4;1;B01
201400050874;0;7;0;0;2;1;1;A01
201400050874;0;7;0;0;0;4;1;C01
201400050875;0;33;0;0;2;0;0;A01
201400050876;0;33;0;3;0;8;0;A01
201400050877;0;7;0;0;2;1;2;A01
201400050877;0;14;0;0;0;6;23;B01
201400050878;0;17;0;0;2;2;21;A01
201400050878;0;7;0;0;0;4;0;B01
201400050879;0;7;0;0;2;4;2;B01
201400050879;0;7;0;0;2;1;2;A01
201400050879;0;7;0;0;0;4;0;C01
201400050880;0;7;0;0;2;1;23;B01
201400050880;0;7;0;0;2;1;2;A01
201400050880;0;10;0;0;2;4;23;C01
201400050880;0;17;0;0;0;4;23;D01
201400050881;0;99;0;0;2;4;2;B01
201400050881;0;10;0;0;2;1;12;A01
201400050881;0;7;0;0;0;4;2;D01
201400050881;0;7;0;0;2;4;2;C01
201400050882;0;10;0;0;2;1;2;A01
201400050882;0;7;0;0;0;6;1;B01
201400050883;0;7;0;0;2;4;1;B01
201400050883;0;7;0;0;0;4;1;C01
201400050883;0;7;0;0;2;1;1;D01
201400050883;0;7;0;0;2;1;1;A01
201400050884;0;7;0;0;2;4;2;C01
201400050884;0;10;0;0;2;3;0;A01
201400050884;0;7;0;0;2;5;2;B01
201400050885;0;7;0;0;2;1;1;A01
201400050885;0;7;0;0;2;4;0;C01
201400050885;0;7;0;0;2;4;0;B01
201400050886;0;7;0;0;2;4;2;B01
201400050886;0;7;0;0;2;1;2;A01
201400050887;0;7;0;0;1;1;1;A01
201400050888;0;13;0;4;2;9;13;A01
201400050888;0;14;0;0;2;2;2;B01
201400050889;0;15;0;0;2;1;2;A01
201400050889;0;7;0;0;2;1;2;C01
201400050889;0;7;0;0;2;4;2;B01
201400050890;0;14;0;0;2;2;12;A01
201400050890;0;7;0;0;0;3;1;B01
201400050891;0;15;0;0;2;4;0;B01
201400050891;0;15;0;0;2;1;1;A01
201400050892;0;7;0;4;0;1;1;A01
201400050893;0;7;0;4;0;1;15;A01
201400050894;0;7;0;0;2;5;1;B01
201400050894;0;7;0;0;2;3;13;A01
201400050895;0;7;0;4;0;2;1;A01
201400050895;1;7;0;0;0;0;12;Z01
201400050896;0;10;0;2;0;1;14;A01
201400050897;0;7;0;0;0;5;0;A01
201400050897;1;7;0;0;2;0;0;Z01
201400050898;0;10;0;0;0;1;2;A01
201400050898;0;7;0;0;0;4;2;C01
201400050898;0;7;0;0;0;4;2;B01
201400050899;0;7;0;0;0;0;0;B01
201400050899;0;15;0;0;0;0;0;A01
201400050900;0;7;0;4;0;1;0;A01
201400050900;1;7;0;0;0;0;0;Z01
201400050901;0;7;0;4;0;2;16;A01
201400050902;0;7;0;3;0;7;1;A01
201400050903;0;10;0;0;2;5;14;B01
201400050903;0;32;0;0;2;8;3;A01
201400050904;0;7;0;0;0;0;0;A01
201400050904;0;7;0;0;0;0;0;B01
201400050905;0;7;0;0;2;1;2;A01
201400050905;0;7;0;0;2;5;2;C01
201400050905;0;7;0;0;0;0;0;B01
201400050906;0;7;0;0;2;4;23;B01
201400050906;0;7;0;1;0;4;1;A01
201400050907;0;7;0;0;2;4;2;B01
201400050907;0;7;0;0;2;1;2;A01
201400050907;0;7;0;0;0;4;2;C01
201400050908;0;7;0;4;0;1;13;A01
201400050909;0;7;0;4;0;1;11;A01
201400050910;0;7;0;0;2;4;1;B01
201400050910;0;7;0;0;2;1;12;A01
201400050911;0;15;0;0;2;4;2;B01
201400050911;0;7;0;0;2;1;2;A01
201400050912;0;7;0;0;0;0;2;B01
201400050912;0;15;0;0;0;0;0;A01
201400050913;0;33;0;0;0;8;0;A01
201400050914;0;7;0;4;2;2;16;A01
201400050914;0;7;0;0;2;3;16;B01
201400050915;0;7;0;0;2;1;2;A01
201400050915;0;7;0;0;2;4;2;B01
201400050915;0;7;0;0;0;4;11;C01
201400050916;0;7;0;1;0;1;2;A01
201400050916;0;3;0;0;0;4;23;B01
201400050917;0;7;0;4;0;1;2;A01
201400050918;0;7;0;0;2;1;2;A01
201400050918;0;7;0;0;2;4;2;C01
201400050918;0;7;0;0;2;4;2;B01
201400050919;0;7;0;0;2;1;2;A01
201400050919;0;7;0;0;2;4;1;B01
201400050920;0;7;0;0;9;0;23;A01
201400050920;0;7;0;0;2;0;0;E01
201400050920;0;7;0;0;2;1;0;B01
201400050920;0;7;0;0;2;1;21;D01
201400050920;0;7;0;0;2;1;21;F02
201400050920;0;7;0;0;2;2;21;C01
201400050920;0;10;0;0;2;1;21;G02
201400050921;0;33;0;0;0;0;1;A01
201400050922;0;7;0;0;2;1;2;A01
201400050922;0;7;0;0;2;4;2;B01
201400050923;0;7;0;0;2;1;17;C01
201400050923;0;15;0;0;2;2;12;A01
201400050923;0;7;0;3;2;8;1;B01
201400050924;0;7;0;0;2;4;23;C01
201400050924;0;7;0;0;2;5;23;D01
201400050924;0;7;0;0;2;5;23;B01
201400050924;0;7;0;0;2;3;11;A01
201400050925;0;7;0;0;2;1;12;A01
201400050925;0;7;0;0;2;4;1;B01
201400050926;0;17;0;0;2;1;2;A01
201400050926;0;17;0;0;2;4;1;B01
201400050927;0;17;0;13;0;7;14;A01
201400050928;0;7;0;0;0;6;1;A01
201400050928;0;7;0;0;2;1;1;B01
201400050928;0;7;0;0;2;6;23;C01
201400050928;0;7;0;0;2;4;23;D01
201400050928;0;7;0;0;2;3;23;E01
201400050928;1;7;0;0;0;0;0;Z02