num_acc;senc;catv;occutc;obs;obsm;choc;manv;num_veh
201400050929;0;7;0;4;0;4;1;A01
201400050930;0;7;0;0;9;6;0;B01
201400050930;0;7;0;0;2;1;0;A01
201400050931;0;7;0;0;2;2;17;A01
201400050931;0;7;0;0;2;6;1;B01
201400050931;0;7;0;4;0;4;1;C01
201400050932;0;10;0;0;0;4;2;B01
201400050932;0;7;0;0;2;1;2;A01
201400050933;0;7;0;4;0;2;1;A01
201400050934;0;7;0;0;2;4;2;C01
201400050934;0;7;0;0;2;1;2;B01
201400050934;0;17;0;0;2;1;2;A01
201400050935;0;10;0;0;2;1;2;A01
201400050935;0;7;0;0;2;4;2;B01
201400050936;0;7;0;6;0;3;1;A01
201400050937;0;7;0;0;2;1;1;A01
201400050937;0;10;0;0;2;4;2;B01
201400050937;0;7;0;0;2;9;0;C01
201400050937;0;7;0;0;2;4;1;D01
201400050938;0;17;0;0;9;2;0;E01
201400050938;0;7;0;0;9;1;0;D01
201400050938;0;14;0;0;2;7;1;B01
201400050938;0;7;0;4;2;8;9;A01
201400050938;0;10;0;0;2;1;0;C01
201400050939;0;7;0;0;0;0;0;A01
201400050939;0;33;0;12;0;6;1;B01
201400050940;0;7;0;4;0;1;16;A01
201400050941;0;15;0;4;0;7;14;A01
201400050942;0;10;0;0;2;1;2;A01
201400050942;0;7;0;0;9;4;2;B01
201400050943;0;7;0;0;2;8;1;B01
201400050943;0;17;0;0;2;2;12;A01
201400050944;0;16;0;0;2;1;12;A01
201400050944;0;7;0;4;0;5;1;C01
201400050944;0;10;0;0;2;4;1;B01
201400050945;0;7;0;0;2;1;2;A01
201400050945;0;7;0;0;0;4;2;B01
201400050946;0;7;0;4;0;1;14;A01
201400050947;0;7;0;0;0;5;12;A01
201400050948;0;7;0;0;2;4;2;B01
201400050948;0;7;0;0;2;4;2;C01
201400050948;0;7;0;0;2;1;2;A01
201400050949;0;7;0;0;2;4;1;C01
201400050949;0;14;0;0;2;1;1;A01
201400050949;0;7;0;0;2;4;1;B01
201400050950;0;7;0;0;2;4;1;B01
201400050950;0;7;0;0;2;1;2;A01
201400050951;0;7;0;0;2;4;0;D01
201400050951;2;7;0;0;2;2;2;Z01
201400050951;0;7;0;0;2;6;1;C01
201400050951;0;7;0;0;2;8;12;B01
201400050952;0;7;0;0;2;2;14;A01
201400050952;0;7;0;0;2;3;1;B01
201400050952;0;7;0;0;0;5;1;C01
201400050953;0;7;0;0;2;1;2;A01
201400050953;0;7;0;0;0;4;23;B01
201400050954;0;7;0;0;0;4;2;B01
201400050954;0;7;0;0;0;1;2;A01
201400050955;0;7;0;0;2;5;2;A01
201400050955;0;7;0;4;0;6;2;B01
201400050956;0;7;0;4;0;6;1;A01
201400050956;1;7;0;0;2;2;18;Z01
201400050957;0;7;0;5;0;1;3;A01
201400050958;0;7;0;0;0;4;11;A01
201400050958;0;33;0;0;2;1;1;B01
201400050959;0;7;0;4;0;3;1;A01
201400050960;0;7;0;4;2;2;12;A01
201400050960;0;16;0;0;2;8;1;B01
201400050961;0;7;0;4;0;7;14;A01
201400050962;0;7;0;0;2;1;2;A01
201400050962;0;7;0;0;2;4;2;B01
201400050963;0;10;0;0;2;3;1;B01
201400050963;0;7;0;0;2;7;16;A01
201400050964;0;7;0;0;2;1;2;B01
201400050964;0;15;0;0;2;3;12;C01
201400050964;0;17;0;5;0;3;1;A01
201400050965;0;7;0;0;0;1;0;A01
201400050966;0;7;0;4;0;2;1;A01
201400050967;0;7;0;0;2;1;2;A01
201400050967;0;7;0;0;2;4;2;B01
201400050967;0;7;0;0;2;4;2;C01
201400050967;0;7;0;0;2;4;2;D01
201400050968;0;7;0;0;2;1;2;A01
201400050968;0;7;0;0;0;4;2;B01
201400050969;0;14;0;0;9;1;1;B01
201400050969;0;15;0;3;0;9;1;A01
201400050969;0;17;0;0;2;1;1;C01
201400050969;0;17;0;0;2;2;1;D01
201400050970;0;7;0;0;2;4;0;D01
201400050970;0;7;0;0;2;4;1;B01
201400050970;0;7;0;0;2;4;0;C01
201400050970;0;7;0;0;2;1;1;A01
201400050971;0;7;0;0;2;1;2;A01
201400050971;0;7;0;0;2;4;2;B01
201400050972;0;10;0;0;0;0;0;A01
201400050972;0;7;0;0;9;1;0;B01
201400050973;0;7;0;4;0;1;0;A01
201400050973;0;7;0;0;2;2;2;B01
201400050974;0;7;0;4;0;2;14;A01
201400050975;0;7;0;0;2;2;14;A01
201400050975;0;7;0;0;2;6;1;B01
201400050976;0;7;0;0;2;1;2;A01
201400050976;0;15;0;0;0;0;0;B01
201400050977;0;7;0;0;2;1;2;A01
201400050977;0;7;0;0;2;4;2;B01
201400050977;0;7;0;0;2;4;2;C01
201400050978;0;7;0;0;2;1;2;A01
201400050978;0;7;0;0;9;4;1;B01
201400050979;0;7;0;3;0;1;0;A01
201400050980;0;7;0;4;0;3;13;A01
201400050981;0;7;0;14;0;0;19;A01
201400050981;0;7;0;4;0;1;14;B01
201400050982;0;7;0;0;0;1;2;B01
201400050982;0;7;0;0;0;1;2;A01
201400050982;0;7;0;0;0;6;0;C01
201400050983;0;7;0;0;1;1;1;A01
201400050984;0;7;0;0;1;3;1;A01
201400050985;0;99;0;0;2;3;2;A01
201400050985;0;7;0;0;2;2;1;B01
201400050986;0;7;0;0;2;3;9;B01
201400050986;0;31;0;0;2;1;17;A01
201400050987;0;7;0;1;1;2;1;A01
201400050988;0;7;0;0;1;2;1;A01
201400050989;0;7;0;0;0;1;15;B01
201400050989;0;7;0;0;0;1;11;A01
201400050990;0;31;0;0;2;1;1;B01
201400050990;0;7;0;0;2;6;10;A01
201400050991;0;31;0;0;2;1;2;A01
201400050991;0;7;0;0;0;5;2;B01
201400050991;0;7;0;0;0;8;2;C01
201400050992;0;99;0;0;1;3;17;A01
201400050993;0;7;0;0;2;1;2;A01
201400050993;0;7;0;0;0;4;2;B01
201400050994;0;7;0;15;0;2;6;A01
201400050995;0;7;0;0;2;7;19;A01
201400050995;0;7;0;0;2;1;1;B01
201400050996;0;7;0;0;2;1;0;A01
201400050996;0;7;0;0;2;8;1;B01
201400050997;0;7;0;0;1;7;0;A01
201400050998;0;7;0;2;0;1;14;A01
201400050999;0;7;0;0;0;4;2;B01
201400050999;0;7;0;0;0;1;2;A01
201400051000;0;7;0;0;0;1;15;A01
201400051000;0;7;0;0;0;1;1;B01
201400051001;0;7;0;0;2;2;9;A01
201400051001;0;7;0;0;2;3;23;C01
201400051001;0;32;0;0;2;7;1;B01
201400051002;0;7;0;0;1;7;17;A01
201400051003;0;33;0;0;1;1;1;A01
201400051004;2;3;0;0;1;1;18;Z01
201400051005;0;7;0;0;0;3;2;A01
201400051005;0;7;0;0;0;1;2;B01
201400051006;0;33;0;1;0;2;17;A01
201400051006;0;7;0;0;2;3;15;B01
201400051007;0;30;0;0;2;6;15;A01
201400051007;0;2;0;0;2;5;1;B01
201400051008;0;7;0;0;2;1;2;B01
201400051008;0;7;0;0;2;1;2;A01
201400051008;0;7;0;0;2;4;2;C01
201400051009;0;7;0;0;2;0;15;B01
201400051009;0;20;0;0;2;1;1;A01
201400051010;0;7;0;0;2;6;1;B01
201400051010;0;7;0;0;2;1;1;A01
201400051011;0;1;0;0;2;1;1;A01
201400051011;0;7;0;0;2;3;1;B01
201400051012;0;33;0;0;1;6;1;A01
201400051013;0;34;0;14;2;1;1;A01
201400051013;0;7;0;0;0;4;23;B01
201400051014;0;7;0;0;1;1;1;A01
201400051015;0;7;0;0;1;4;15;A01
201400051016;0;7;0;1;0;1;1;A01
201400051017;0;7;0;0;1;4;4;A01
201400051018;0;1;0;0;0;0;0;A01
201400051019;0;7;0;0;0;6;2;B01
201400051019;0;31;0;0;0;2;2;A01
201400051020;0;7;0;0;2;1;1;A01
201400051020;0;2;0;0;2;4;23;B01
201400051021;0;30;0;0;2;7;1;A01
201400051021;0;7;0;0;2;1;1;B01
201400051022;0;31;0;0;0;1;2;B01
201400051022;0;7;0;0;0;5;2;A01
201400051023;0;31;0;0;0;4;2;B01
201400051023;0;7;0;0;0;1;2;A01
201400051024;0;7;0;0;1;1;1;A01
201400051025;0;7;0;1;0;3;1;B01
201400051025;0;1;0;1;0;1;1;A01
201400051026;0;31;0;0;2;1;1;B01
201400051026;0;7;0;0;9;3;15;A01
201400051027;0;7;0;6;9;1;2;A01
201400051028;0;7;0;0;2;7;20;A01
201400051028;0;31;0;0;2;3;2;B01
201400051029;0;7;0;0;1;1;15;A01
201400051030;0;7;0;8;0;1;1;A01
201400051031;0;7;0;0;2;3;10;A01
201400051031;0;33;0;0;2;7;2;B01
201400051032;0;32;0;12;0;2;15;A01
201400051033;0;7;0;0;1;8;1;A01
201400051034;0;7;0;0;1;1;15;A01
201400051035;0;1;0;0;2;2;1;B01
201400051035;1;31;0;0;2;1;9;Z01
201400051036;0;7;0;0;0;0;0;A01
201400051037;0;7;0;0;2;4;1;B01
201400051037;0;7;0;0;2;1;2;A01
201400051038;0;1;0;0;2;8;9;B01
201400051038;0;10;0;0;2;3;1;A01
201400051039;0;7;0;0;2;4;15;B01
201400051039;0;2;0;0;2;1;1;A01
201400051040;0;13;0;0;0;0;4;A01
201400051040;0;31;0;0;0;0;1;B01
201400051041;0;33;0;14;0;8;1;A01
201400051042;0;7;0;0;2;1;1;A01
201400051042;0;7;0;0;2;3;1;B01
201400051043;0;7;0;0;2;2;16;A01
201400051043;0;31;0;0;2;8;1;B01
201400051044;0;7;0;0;2;4;23;B01
201400051044;0;7;0;0;2;1;1;A01
201400051045;0;31;0;15;0;1;2;A01
201400051046;0;7;0;0;2;4;2;B01
201400051046;0;7;0;0;2;1;2;A01
201400051046;0;7;0;0;0;4;2;C01
201400051047;0;1;0;0;2;4;15;B01
201400051047;0;33;0;0;2;1;17;A01
201400051048;0;7;0;0;2;7;13;A01
201400051048;0;7;0;0;2;1;1;B01
201400051049;0;7;0;0;2;4;23;B01
201400051049;0;7;0;0;2;1;2;A01
201400051050;0;7;0;0;2;4;1;B01
201400051050;0;7;0;0;2;1;1;A01
201400051050;0;7;0;0;2;4;1;C01
201400051051;0;37;35;0;2;8;13;A01
201400051051;0;37;1;0;2;3;1;B01
201400051052;0;10;0;0;2;2;13;A01
201400051052;0;7;0;0;2;2;21;B01
201400051053;0;1;0;0;0;0;1;A01
201400051054;0;30;0;1;0;1;1;A01
201400051054;0;37;1;0;2;4;24;B01
201400051055;0;7;0;0;1;2;1;A01
201400051056;0;7;0;0;2;2;1;A01
201400051056;0;7;0;0;2;5;1;B01
201400051057;0;7;0;0;2;8;1;B01
201400051057;0;31;0;0;2;1;1;A01
201400051058;0;7;0;0;2;1;1;A01
201400051058;0;7;0;0;2;4;2;B01
201400051058;0;7;0;0;2;4;2;C01
201400051059;0;7;0;0;2;1;1;A01
201400051059;0;7;0;0;2;4;1;D01
201400051059;0;7;0;0;2;4;1;C01
201400051059;0;7;0;0;2;4;1;B01
201400051060;0;7;0;0;1;3;15;A01
201400051061;0;14;0;0;0;0;11;A01
201400051061;0;7;0;0;0;0;1;B01
201400051061;0;31;0;0;0;1;21;C01
201400051062;0;30;0;0;2;2;1;B01
201400051062;0;7;0;0;2;6;13;A01
201400051063;0;1;0;14;0;1;1;A01
201400051064;1;7;0;0;1;1;1;Z01
201400051065;0;37;5;0;1;4;2;A01
201400051066;0;7;0;15;1;1;0;Z01
201400051067;0;7;0;0;1;1;1;A01
201400051068;0;7;0;0;2;4;2;B01
201400051068;0;10;0;0;2;1;2;A01
201400051069;0;7;0;0;2;1;5;A01
201400051069;0;30;0;0;2;1;1;B01
201400051070;0;7;0;0;0;8;15;A01
201400051070;0;31;0;0;2;7;17;B01
201400051071;1;99;0;0;1;1;1;Z01
201400051072;0;31;0;0;1;0;17;A01
201400051073;0;7;0;1;0;2;2;A01
201400051074;0;37;1;0;1;1;21;A01
201400051075;0;7;0;1;0;3;1;A01
201400051076;0;10;0;0;2;7;21;B01
201400051076;0;33;0;0;2;8;7;A01
201400051077;0;34;0;0;2;0;1;A01
201400051077;0;7;0;0;2;0;16;B01
201400051078;0;7;0;0;2;7;0;B01
201400051078;0;1;0;0;2;8;5;A01
201400051079;0;33;0;0;0;7;1;B01
201400051079;0;10;0;0;0;0;1;A01
201400051080;0;7;0;0;2;2;9;A01
201400051080;0;7;0;0;2;6;2;B01
201400051080;0;7;0;0;2;3;2;C01
201400051081;0;7;0;0;1;1;1;A01
201400051082;0;7;0;14;0;2;1;A01
201400051083;0;7;0;0;2;3;17;A01
201400051083;0;7;0;0;2;3;1;B01
201400051084;0;7;0;0;2;2;15;B01
201400051084;0;10;0;0;2;3;8;A01
201400051085;0;7;0;0;2;8;15;B01
201400051085;0;30;0;0;2;7;17;A01
201400051086;0;7;0;0;2;2;2;A01
201400051086;0;7;0;0;2;6;2;B01
201400051087;0;7;0;0;2;3;15;A01
201400051087;0;7;0;0;2;3;1;B01
201400051088;0;7;0;1;0;9;17;A01
201400051089;0;7;0;0;2;2;15;A01
201400051089;0;32;0;0;2;1;1;B01
201400051090;0;34;0;11;0;1;1;A01
201400051091;0;7;0;0;0;4;1;B01
201400051091;0;7;0;0;2;1;12;A01
201400051091;0;7;0;0;2;1;21;C01
201400051091;0;33;0;0;2;1;21;D01
201400051092;2;7;0;3;2;2;17;A01
201400051092;0;7;0;3;0;8;12;B01
201400051093;0;7;0;0;2;4;23;C01
201400051093;0;38;41;0;2;1;2;A01
201400051093;0;10;0;0;0;4;23;D01
201400051093;0;10;0;0;2;4;23;B01
201400051094;0;7;0;0;2;1;2;A01
201400051094;0;7;0;0;0;4;1;B01
201400051095;0;7;0;4;0;1;13;A01
201400051096;0;7;0;0;2;1;2;A01
201400051096;0;7;0;0;0;4;23;B01
201400051097;0;33;0;5;0;1;1;A01
201400051098;0;7;0;0;0;8;11;B01
201400051098;0;33;0;0;2;1;3;A01
201400051099;0;7;0;0;2;4;23;C01
201400051099;0;7;0;0;2;4;23;B01
201400051099;0;7;0;0;2;1;2;A01
201400051099;0;7;0;0;0;4;23;D01
201400051100;0;33;0;0;0;7;1;A01
201400051101;0;7;0;0;2;1;1;C01
201400051101;0;7;0;0;2;1;1;D01
201400051101;0;7;0;0;0;4;11;B01
201400051101;0;7;0;0;2;1;1;A01
201400051102;0;7;0;0;2;1;2;A01
201400051102;0;7;0;0;0;4;2;B01
201400051103;0;10;0;0;0;4;23;B01
201400051103;0;10;0;0;2;1;2;A01
201400051104;0;7;0;0;2;1;2;A01
201400051104;0;7;0;0;2;4;23;B01
201400051104;0;7;0;0;0;4;23;C01
201400051105;0;7;0;0;2;1;2;A01
201400051105;0;7;0;0;2;4;23;B01
201400051105;0;10;0;0;2;4;23;C01
201400051105;0;10;0;0;0;4;23;D01
201400051106;0;7;0;0;2;1;2;A01
201400051106;0;7;0;0;2;4;2;B01
201400051106;0;7;0;0;2;4;2;C01
201400051106;0;7;0;0;0;4;2;D01
201400051107;0;7;0;0;2;1;2;A01
201400051107;0;7;0;0;2;4;2;B01
201400051107;0;7;0;0;2;4;2;C01
201400051107;0;7;0;0;0;4;2;D01
201400051108;1;7;0;0;2;1;2;A01
201400051108;0;7;0;0;0;4;23;B01
201400051109;0;7;0;4;0;7;14;A01
201400051110;0;7;0;14;0;1;21;A01
201400051111;0;7;0;0;2;7;12;A01
201400051111;0;14;0;0;0;8;1;B01
201400051112;0;33;0;0;0;0;13;A01
201400051113;0;7;0;0;2;4;2;B01
201400051113;0;7;0;0;2;1;1;A01
201400051114;0;7;0;0;2;4;23;B01
201400051114;0;7;0;0;0;4;23;C01
201400051114;0;7;0;0;2;1;2;A01
201400051115;0;7;0;0;0;4;2;C01
201400051115;0;10;0;0;2;4;2;B01
201400051115;0;7;0;0;2;1;2;A01
201400051116;0;7;0;0;0;7;1;B01
201400051116;0;33;0;0;2;8;13;A01
201400051117;0;7;0;4;2;2;14;A01
201400051117;0;7;0;4;2;1;1;B01
201400051117;0;7;0;0;0;8;1;C01
201400051118;1;7;0;0;2;7;12;Z01
201400051118;0;7;0;4;0;3;1;A01
201400051119;0;7;0;0;2;4;2;B01
201400051119;0;7;0;0;0;4;2;C01
201400051119;0;7;0;0;2;1;2;A01
201400051120;0;7;0;0;0;2;1;B01
201400051120;0;7;0;0;2;8;11;A01
201400051121;0;7;0;0;0;4;1;B01
201400051121;0;7;0;0;2;1;2;A01
201400051122;0;7;0;4;0;3;13;A01
201400051123;0;7;0;3;0;2;14;A01
201400051124;0;7;0;4;0;9;1;C01
201400051124;0;7;0;0;2;1;13;A01
201400051124;0;7;0;0;2;4;2;B01
201400051125;0;33;0;0;2;1;2;A01
201400051125;0;10;0;0;0;4;23;B01
201400051126;0;7;0;3;2;2;13;A01
201400051126;0;7;0;0;0;8;1;B01
201400051127;2;7;0;0;2;1;3;A01
201400051127;0;38;1;0;0;8;1;B01
201400051127;0;7;0;0;0;4;1;D01
201400051127;0;10;0;0;0;4;1;C01
201400051128;0;7;0;0;0;4;2;B01
201400051128;0;7;0;0;2;3;1;A01
201400051129;0;33;0;0;0;8;1;B01
201400051129;0;10;0;0;2;7;12;A01
201400051130;0;7;0;15;0;1;14;A01
201400051131;0;7;0;14;0;4;23;B01
201400051131;0;7;0;0;2;1;1;A01
201400051131;0;7;0;0;0;7;1;C01
201400051132;0;7;0;3;0;1;13;A01
201400051133;0;7;0;13;0;9;21;A01
201400051134;0;7;0;0;9;3;1;B01
201400051134;0;7;0;0;0;0;1;A01
201400051135;0;7;0;0;2;4;23;B01
201400051135;0;10;0;0;0;4;2;C01
201400051135;0;7;0;0;2;1;2;A01
201400051136;0;7;0;0;0;4;23;C01
201400051136;0;7;0;0;2;1;2;A01
201400051136;0;10;0;0;2;4;23;B01
201400051137;0;7;0;4;0;8;13;A01
201400051138;0;7;0;0;0;3;2;C01
201400051138;0;7;0;0;0;4;2;B01
201400051138;2;7;0;0;2;1;2;A01
201400051138;0;7;0;0;0;6;2;D01
201400051139;0;10;0;0;0;4;1;B01
201400051139;0;7;0;0;2;1;2;A01
201400051140;0;34;0;0;2;1;12;A01
201400051140;0;7;0;0;0;4;1;B01
201400051141;0;7;0;0;0;6;1;B01
201400051141;0;30;0;0;2;1;2;A01
201400051142;0;7;0;0;0;4;23;B01
201400051142;0;7;0;0;2;1;2;A01
201400051143;0;7;0;0;2;1;2;A01
201400051143;0;7;0;0;0;4;23;B01
201400051144;0;7;0;4;0;1;13;A01
201400051145;0;32;0;0;2;1;3;A01
201400051145;0;7;0;0;0;6;12;B01
201400051146;0;7;0;4;2;7;17;A01
201400051146;0;17;0;0;0;6;1;B01
201400051146;0;10;0;0;2;1;21;C01
201400051147;0;10;0;0;0;4;23;C01
201400051147;0;7;0;0;2;4;23;B01
201400051147;0;7;0;0;2;1;2;A01
201400051148;0;33;0;0;2;2;3;A01
201400051148;0;7;0;0;0;8;11;B01
201400051149;0;7;0;0;0;8;1;B01
201400051149;0;7;0;0;2;2;14;A01
201400051150;0;7;0;0;0;3;1;B01
201400051150;0;10;0;0;2;2;2;A01
201400051151;0;7;0;0;0;5;23;B01
201400051151;0;34;0;8;2;1;9;A01
201400051152;0;10;0;0;2;4;23;B01
201400051152;0;10;0;0;0;4;23;D01
201400051152;0;7;0;0;2;1;2;A01
201400051152;0;7;0;0;2;4;23;C01
201400051153;0;7;0;0;2;4;1;C01
201400051153;0;7;0;0;2;1;2;A01
201400051153;0;7;0;0;2;4;1;B01
201400051153;0;7;0;0;0;4;1;D01
201400051154;0;7;0;0;0;4;1;B01
201400051154;0;34;0;0;2;1;2;A01
201400051155;0;10;0;0;0;4;1;C01
201400051155;0;7;0;0;0;8;1;B01
201400051155;0;33;0;0;2;7;3;A01
201400051156;0;7;0;0;2;6;2;B01
201400051156;0;7;0;0;2;2;2;A01
201400051157;0;7;0;0;2;1;2;A01
201400051157;0;7;0;0;0;4;1;B01
201400051158;0;7;0;0;0;4;1;C01
201400051158;0;7;0;0;2;4;1;B01
201400051158;0;7;0;0;2;1;2;A01
201400051159;0;33;0;3;2;1;3;A01
201400051159;0;10;0;0;0;6;11;B01
201400051160;0;14;0;0;0;2;17;B01
201400051160;0;7;0;0;2;8;11;A01
201400051161;0;7;0;0;2;1;2;A01
201400051161;0;7;0;0;0;4;23;B01
201400051162;0;7;0;4;0;1;12;A01
201400051163;0;7;0;4;0;1;14;A01
201400051164;0;7;0;0;2;1;2;A01
201400051164;0;7;0;0;0;4;23;B01
201400051165;0;32;0;0;0;4;1;B01
201400051165;0;7;0;0;2;1;2;A01
201400051166;1;7;0;0;2;7;12;A01
201400051166;0;7;0;0;0;4;1;C01
201400051166;0;34;0;14;2;8;21;B01
201400051167;0;33;0;0;0;0;3;A01
201400051168;0;7;0;4;0;3;13;A01
201400051169;0;10;0;0;2;1;2;A01
201400051169;0;7;0;0;0;4;23;B01
201400051170;0;32;0;0;0;0;21;B01
201400051170;0;7;0;0;0;0;12;A01
201400051171;0;7;0;0;2;1;2;A01
201400051171;0;7;0;0;0;4;23;B01
201400051172;0;7;0;0;2;7;12;A01
201400051172;0;34;0;0;0;8;1;B01
201400051173;0;33;0;0;0;0;21;A01
201400051174;0;33;0;0;2;7;12;A01
201400051174;0;32;0;0;0;8;18;B01
201400051175;0;7;0;14;0;1;1;A01
201400051176;0;7;0;0;2;4;2;C01
201400051176;0;99;0;0;2;1;1;A01
201400051176;0;7;0;0;0;4;1;D01
201400051176;0;7;0;0;2;4;1;B01
201400051177;0;7;0;0;2;1;2;A01
201400051177;0;7;0;0;0;4;23;B01
201400051178;1;7;0;0;2;8;11;Z01
201400051178;0;33;0;0;0;7;17;B01
201400051179;0;7;0;0;0;4;23;D01
201400051179;0;7;0;0;0;4;23;C01
201400051179;0;7;0;0;2;4;23;B01
201400051179;0;7;0;0;2;1;2;A01
201400051180;0;7;0;4;0;1;6;A01
201400051181;0;33;0;0;0;0;0;A01
201400051182;0;7;0;13;0;1;0;A01
201400051183;0;7;0;0;2;7;1;A01
201400051183;0;7;0;0;2;2;1;B01
201400051184;0;7;0;0;0;9;0;A01
201400051185;0;7;0;0;0;4;2;A01
201400051185;0;31;0;0;0;1;2;B01
201400051186;0;7;0;0;0;1;2;A01
201400051187;0;7;0;3;6;1;21;A01
201400051188;0;7;0;0;2;4;2;A01
201400051188;0;7;0;0;2;1;2;B01
201400051189;0;7;0;0;0;6;0;A01
201400051189;0;7;0;0;2;6;1;B01
201400051189;0;7;0;0;2;2;0;C01
201400051190;0;7;0;3;0;1;1;A01
201400051190;0;7;0;0;2;1;1;B01
201400051191;0;33;0;3;0;7;1;A01
201400051192;0;10;0;0;2;0;0;B01
201400051192;0;10;0;0;0;2;0;A01
201400051193;0;7;0;11;0;1;0;A01
201400051194;0;10;0;0;0;8;1;E01
201400051194;0;7;0;0;2;4;2;B01
201400051194;0;7;0;0;2;1;2;C01
201400051194;0;7;0;0;2;3;14;D01
201400051194;0;7;0;0;0;4;2;A01
201400051195;0;7;0;6;0;1;0;A01
201400051196;0;7;0;3;0;1;1;A01
201400051197;0;7;0;3;0;1;1;A01
201400051198;0;7;0;16;0;1;1;A01
201400051199;0;7;0;0;2;1;3;B01
201400051199;0;7;0;3;2;7;1;A01
201400051200;0;7;0;0;2;1;2;B01
201400051200;0;7;0;0;0;4;1;A01
201400051201;0;7;0;0;0;9;1;A01
201400051202;0;10;0;0;0;9;1;A01
201400051203;0;7;0;0;2;1;2;B01
201400051203;0;7;0;0;0;4;1;A01
201400051204;0;7;0;0;2;6;11;B01
201400051204;0;7;0;0;2;2;2;A01
201400051205;0;7;0;3;0;0;2;A01
201400051206;0;7;0;0;2;5;12;A01
201400051206;0;14;0;0;2;3;2;C01
201400051206;0;7;0;0;2;4;2;B01
201400051207;0;15;0;0;2;6;1;A01
201400051207;0;7;0;0;2;2;21;B01
201400051208;0;7;0;0;0;9;5;A01
201400051209;0;7;0;0;2;4;1;B01
201400051209;0;7;0;0;0;6;2;A01
201400051209;0;7;0;0;2;1;0;C01
201400051210;0;7;0;0;2;4;2;A01
201400051210;0;7;0;0;2;4;2;B01
201400051210;0;10;0;0;2;1;2;C01
201400051211;0;7;0;0;2;1;2;B01
201400051211;0;7;0;0;2;4;2;A01
201400051212;0;7;0;0;2;4;2;B01
201400051212;0;15;0;0;2;1;2;C01
201400051212;0;7;0;0;0;4;2;A01
201400051213;0;7;0;0;0;8;0;A01
201400051214;0;7;0;0;2;1;2;B01
201400051214;0;7;0;0;0;4;1;A01
201400051215;0;7;0;0;0;6;1;A01
201400051215;0;7;0;0;0;1;2;B01
201400051216;0;7;0;3;0;2;1;A01
201400051217;0;31;0;0;0;4;1;A01
201400051217;1;7;0;0;2;2;0;Z01
201400051218;0;7;0;0;2;0;2;F01
201400051218;0;7;0;0;2;1;2;E02
201400051218;0;7;0;0;2;1;2;C01
201400051218;0;7;0;0;0;4;2;A01
201400051218;0;7;0;0;2;4;1;B01
201400051218;0;31;0;0;2;4;1;D01
201400051219;0;7;0;0;0;4;0;A01
201400051219;0;7;0;0;2;1;2;C01
201400051219;0;7;0;0;2;4;2;B01
201400051220;0;7;0;0;0;9;1;A01
201400051221;0;7;0;0;0;9;1;A01
201400051222;0;10;0;0;0;3;1;A01
201400051223;0;7;0;0;0;3;2;A01
201400051224;0;7;0;0;0;8;2;A01
201400051224;0;7;0;0;0;5;12;B01
201400051225;0;7;0;0;0;4;2;A01
201400051225;0;7;0;1;0;1;2;B01
201400051225;0;7;0;1;0;4;2;C01
201400051225;0;38;0;14;0;1;2;D01
201400051226;0;7;0;0;2;5;2;A01
201400051226;0;7;0;0;2;3;2;B01
201400051227;0;7;0;0;0;4;2;A01
201400051227;0;7;0;0;2;1;2;C01
201400051227;0;7;0;0;2;4;2;B01
201400051228;0;7;0;4;0;1;1;A01
201400051229;0;7;0;9;0;4;1;A01
201400051229;0;7;0;9;2;1;1;B01
201400051229;0;7;0;9;2;1;1;C01
201400051230;0;7;0;0;0;4;2;A01
201400051230;0;7;0;0;2;4;2;B01
201400051230;0;7;0;0;2;1;2;C01
201400051231;0;7;0;14;2;4;14;A01
201400051231;0;15;0;0;2;2;1;B01
201400051232;0;10;0;5;0;2;14;A01
201400051233;0;7;0;0;0;4;2;A01
201400051233;0;7;0;0;0;4;12;B01
201400051233;0;33;0;0;2;1;3;C01
201400051234;0;17;0;0;0;4;2;A01
201400051234;0;14;0;0;2;1;1;B01
201400051235;0;15;0;0;0;4;2;A01
201400051235;0;7;0;0;0;1;2;B01
201400051236;0;7;0;0;0;4;2;A01
201400051236;0;7;0;0;2;1;2;B01
201400051237;0;7;0;4;0;1;0;A01
201400051238;0;7;0;0;0;4;1;A01
201400051238;0;7;0;0;0;4;1;B01
201400051238;0;7;0;0;2;1;1;C01
201400051239;0;7;0;0;2;4;2;A01
201400051239;0;7;0;0;2;1;2;B01
201400051240;0;7;0;0;0;8;0;A01
201400051241;0;33;0;0;0;7;2;A01
201400051241;0;99;0;0;0;3;11;B01
201400051242;0;7;0;3;0;2;1;A01
201400051243;0;7;0;3;0;3;0;A01
201400051244;0;10;0;3;0;2;0;A01
201400051245;0;7;0;3;0;1;6;A01
201400051245;0;7;0;1;2;1;1;B01
201400051246;0;7;0;1;0;1;1;A01
201400051246;0;7;0;0;0;4;0;B01
201400051247;0;7;0;0;2;5;21;A01
201400051247;0;7;0;0;2;1;12;B01
201400051248;0;7;0;0;0;4;1;A01
201400051248;0;7;0;0;2;4;1;B01
201400051248;0;7;0;0;2;1;1;C01
201400051249;0;31;0;0;2;6;1;A01
201400051249;0;7;0;0;2;5;17;B01
201400051250;0;7;0;0;0;6;1;A01
201400051250;0;7;0;0;0;6;1;B01
201400051250;0;7;0;0;2;1;2;C01
201400051251;0;7;0;0;2;4;2;A01
201400051251;0;10;0;0;2;4;1;B01
201400051251;0;7;0;0;2;1;1;C01