num_acc;senc;catv;occutc;obs;obsm;choc;manv;num_veh
201400051252;0;7;0;3;0;1;0;A01
201400051253;0;7;0;0;2;4;1;A01
201400051253;0;7;0;0;2;1;2;B01
201400051254;0;7;0;0;0;6;2;A01
201400051254;0;13;0;0;2;2;13;B01
201400051255;0;7;0;2;0;1;1;A01
201400051256;0;7;0;7;0;1;2;A01
201400051257;0;7;0;7;0;1;0;A01
201400051258;0;7;0;0;0;6;11;A01
201400051258;0;33;0;0;2;1;1;B01
201400051259;0;7;0;0;2;6;1;A01
201400051259;0;10;0;0;2;5;11;B01
201400051259;0;7;0;4;2;1;1;C01
201400051260;0;7;0;0;0;4;1;A01
201400051260;0;7;0;0;2;1;1;B01
201400051261;0;7;0;0;0;4;2;A01
201400051261;0;7;0;0;0;1;2;B01
201400051262;0;7;0;0;0;6;1;A01
201400051262;0;7;0;0;2;2;0;B01
201400051262;0;7;0;0;2;2;1;C01
201400051263;0;7;0;0;2;4;23;A01
201400051263;0;7;0;0;2;1;2;B01
201400051263;0;7;0;0;2;4;2;C01
201400051263;0;7;0;0;2;1;2;D01
201400051264;0;33;0;0;0;1;2;A01
201400051265;0;33;0;0;0;1;1;A01
201400051265;0;7;0;0;0;6;11;B01
201400051265;0;10;0;0;0;8;1;C01
201400051266;0;7;0;0;2;1;1;B01
201400051267;0;7;0;0;0;9;1;A01
201400051268;0;7;0;4;0;1;1;A01
201400051269;0;7;0;0;2;3;2;A01
201400051269;0;7;0;0;2;2;2;B01
201400051269;0;7;0;0;2;2;2;C01
201400051270;0;7;0;4;0;3;1;A01
201400051271;0;7;0;0;0;0;2;A01
201400051271;0;7;0;0;0;1;2;B01
201400051271;0;10;0;0;0;1;11;C01
201400051271;0;10;0;0;0;1;2;D01
201400051271;0;10;0;0;0;3;2;E01
201400051271;0;34;0;0;0;0;2;F02
201400051272;0;7;0;0;0;4;0;A01
201400051272;0;7;0;0;2;1;0;B01
201400051273;0;7;0;0;2;4;2;A01
201400051273;0;7;0;0;2;1;2;B01
201400051274;0;7;0;0;0;1;0;A01
201400051275;0;33;0;3;0;1;2;A01
201400051276;0;33;0;0;0;1;1;A01
201400051277;0;10;0;0;2;4;2;A01
201400051277;0;7;0;0;2;1;2;B01
201400051278;0;7;0;4;0;3;1;A01
201400051279;0;10;0;4;2;2;14;A01
201400051279;0;10;0;0;2;8;1;B01
201400051280;0;13;0;0;0;4;2;A01
201400051280;0;7;0;0;0;1;2;B01
201400051281;0;7;0;0;0;4;1;A01
201400051281;0;7;0;0;0;1;2;B01
201400051281;0;7;0;0;2;8;2;C01
201400051282;0;7;0;0;2;6;12;A01
201400051282;0;7;0;0;2;1;1;B01
201400051283;0;7;0;0;0;3;1;A01
201400051283;0;7;0;0;2;1;1;B01
201400051284;0;7;0;0;0;0;2;A01
201400051284;0;33;0;0;0;9;2;B01
201400051285;0;13;0;0;0;4;1;A01
201400051285;0;7;0;0;2;1;1;B01
201400051286;0;7;0;0;2;4;1;A01
201400051286;0;7;0;0;2;1;2;B01
201400051287;0;7;0;0;0;4;1;A01
201400051287;0;7;0;0;2;1;2;B01
201400051288;0;7;0;0;2;4;14;B01
201400051288;0;7;0;4;2;6;1;A01
201400051289;0;7;0;0;0;4;2;A01
201400051289;0;7;0;0;0;1;2;B01
201400051290;0;10;0;0;0;0;1;A01
201400051290;0;7;0;0;2;7;1;B01
201400051290;0;33;0;14;2;1;1;C01
201400051291;0;7;0;0;0;4;0;A01
201400051291;1;7;0;0;2;1;2;B01
201400051292;0;10;0;0;0;0;0;A01
201400051292;0;7;0;14;0;1;14;B01
201400051293;0;7;0;0;0;4;2;A01
201400051293;0;7;0;0;2;1;2;B01
201400051294;0;33;0;0;2;6;2;A01
201400051294;0;33;0;0;2;1;1;B01
201400051295;0;7;0;0;0;4;2;A01
201400051295;0;7;0;0;0;1;2;B01
201400051296;0;7;0;0;0;6;1;A01
201400051296;0;14;0;0;2;2;12;B01
201400051296;0;33;0;0;0;0;0;C01
201400051297;0;7;0;0;0;4;1;A01
201400051297;0;7;0;0;2;2;17;B01
201400051298;0;7;0;0;0;6;1;A01
201400051298;0;7;0;0;2;1;0;B01
201400051298;0;7;0;0;2;1;1;C01
201400051298;0;7;0;0;2;1;2;D01
201400051299;0;33;0;0;2;2;2;A01
201400051300;0;7;0;0;0;3;0;A01
201400051300;0;10;0;0;0;5;0;B01
201400051300;0;33;0;0;2;2;3;C01
201400051301;1;7;0;1;0;9;2;A01
201400051302;0;7;0;4;0;8;0;A01
201400051303;0;7;0;3;0;2;1;A01
201400051304;0;7;0;0;2;7;14;A01
201400051304;0;7;0;0;2;8;2;B01
201400051305;0;7;0;0;2;2;12;A01
201400051305;0;7;0;0;2;6;2;B01
201400051306;0;7;0;0;2;4;2;A01
201400051306;0;7;0;0;2;1;2;B01
201400051306;1;7;0;0;2;4;2;Z01
201400051307;0;7;0;0;0;1;0;A01
201400051308;0;7;0;0;2;1;1;A01
201400051308;0;7;0;0;2;4;1;B01
201400051308;0;7;0;0;2;4;1;C01
201400051308;0;7;0;0;2;4;1;D01
201400051309;0;7;0;0;0;3;2;A01
201400051309;0;15;0;0;0;5;2;B01
201400051310;0;7;0;0;2;4;1;A01
201400051310;0;7;0;0;2;1;0;B01
201400051311;0;7;0;3;2;7;2;A01
201400051311;0;7;0;0;2;8;11;B01
201400051311;1;33;0;0;2;7;18;Z01
201400051312;0;7;0;0;0;0;12;A01
201400051312;0;7;0;3;2;2;21;B01
201400051312;0;7;0;0;2;3;1;C01
201400051313;1;33;0;0;2;0;1;A01
201400051313;0;7;0;0;0;0;13;B01
201400051314;0;7;0;0;0;6;12;A01
201400051314;0;33;0;0;2;1;0;B01
201400051315;0;7;0;3;0;9;13;A01
201400051316;0;7;0;0;2;7;11;A01
201400051316;0;34;0;0;2;7;1;B01
201400051317;0;7;0;4;0;8;14;A01
201400051317;0;7;0;0;0;0;0;B01
201400051318;0;7;0;0;2;8;2;A01
201400051318;0;33;0;0;2;2;2;B01
201400051319;0;7;0;0;0;2;1;A01
201400051320;0;7;0;0;2;6;2;A01
201400051320;0;7;0;0;2;2;2;B01
201400051321;0;15;0;0;2;2;12;A01
201400051321;0;7;0;0;2;8;1;B01
201400051322;0;7;0;0;0;6;1;A01
201400051322;0;13;0;0;0;2;2;B01
201400051322;0;7;0;0;0;1;2;C01
201400051323;0;7;0;0;2;4;1;A01
201400051323;0;33;0;0;2;1;1;B01
201400051324;0;7;0;0;2;6;2;A01
201400051324;0;32;0;0;2;3;3;B01
201400051324;0;7;0;0;2;0;12;C01
201400051325;0;33;0;0;0;8;1;A01
201400051326;0;7;0;3;0;2;14;A01
201400051327;0;7;0;0;0;4;2;A01
201400051327;0;7;0;0;0;1;2;B01
201400051328;0;7;0;0;0;4;1;A01
201400051328;2;7;0;0;0;1;11;B01
201400051328;0;7;0;0;0;7;2;C01
201400051329;0;7;0;0;0;4;2;A01
201400051329;0;7;0;0;0;4;2;B01
201400051329;0;7;0;0;0;1;2;C01
201400051330;0;7;0;10;0;1;0;A01
201400051331;0;7;0;0;2;0;2;A01
201400051331;0;7;0;0;2;3;2;B01
201400051331;0;7;0;0;2;5;2;C01
201400051331;0;7;0;0;2;1;3;D01
201400051332;0;7;0;0;2;4;2;B01
201400051332;0;7;0;0;2;4;2;C01
201400051332;0;7;0;0;2;1;2;D01
201400051332;0;7;0;0;2;4;2;A01
201400051333;0;7;0;0;2;6;2;A01
201400051333;0;7;0;0;2;4;2;B01
201400051333;0;10;0;0;2;4;2;C01
201400051333;0;7;0;0;2;1;2;D01
201400051334;0;7;0;0;4;6;1;A01
201400051334;0;14;0;0;2;2;12;B01
201400051335;0;7;0;0;2;4;1;A01
201400051335;0;7;0;0;2;1;2;B01
201400051336;0;7;0;0;2;6;2;A01
201400051336;0;7;0;0;2;2;2;B01
201400051337;0;7;0;0;2;4;2;A01
201400051337;0;7;0;0;2;4;2;B01
201400051337;0;7;0;0;2;4;2;C01
201400051338;0;15;0;0;2;2;1;A01
201400051338;0;7;0;3;2;8;3;B01
201400051339;0;7;0;0;0;5;2;A01
201400051339;0;33;0;0;2;1;2;B01
201400051340;0;15;0;0;2;2;1;A01
201400051340;0;7;0;0;2;3;9;B01
201400051340;0;7;0;0;2;1;1;C01
201400051341;0;7;0;0;2;4;1;A01
201400051341;0;7;0;0;2;1;1;B01
201400051341;0;7;0;0;2;4;0;C01
201400051341;0;7;0;0;2;1;0;D01
201400051342;0;37;0;0;2;1;1;A01
201400051342;0;7;0;0;2;4;1;B01
201400051343;0;7;0;0;0;4;1;A01
201400051343;0;7;0;0;2;1;2;B01
201400051344;0;7;0;0;0;4;1;A01
201400051344;0;7;0;0;0;4;2;B01
201400051344;0;7;0;0;0;1;2;C01
201400051345;0;7;0;0;0;0;0;A01
201400051345;0;7;0;0;0;4;1;B01
201400051345;0;7;0;0;2;1;2;C01
201400051346;0;7;0;0;0;9;0;A01
201400051347;0;7;0;0;0;1;2;A01
201400051348;0;7;0;0;2;8;2;A01
201400051348;0;33;0;0;2;1;2;B01
201400051349;0;7;0;0;0;7;1;A01
201400051349;0;33;0;0;2;8;13;B01
201400051350;0;7;0;0;2;8;11;A01
201400051350;0;33;0;0;2;7;2;B01
201400051351;0;7;0;0;2;4;1;A01
201400051351;0;7;0;0;2;4;1;B01
201400051351;0;7;0;0;2;6;2;C01
201400051351;0;7;0;0;2;1;1;D01
201400051352;0;7;0;0;0;4;1;A01
201400051352;0;15;0;0;0;1;2;B01
201400051352;0;7;0;0;0;9;11;C01
201400051353;0;38;13;0;2;6;2;A01
201400051353;0;7;0;0;2;3;2;B01
201400051353;0;7;0;0;2;1;2;C01
201400051353;0;7;0;0;2;4;1;D01
201400051353;0;7;0;0;2;1;2;E01
201400051354;0;7;0;0;0;1;14;A01
201400051355;0;10;0;4;0;3;0;A01
201400051356;0;7;0;0;2;4;2;A01
201400051356;0;7;0;0;2;1;2;B01
201400051357;0;33;0;0;0;8;21;A01
201400051358;0;7;0;13;0;1;0;A01
201400051359;0;7;0;0;0;4;0;A01
201400051359;0;7;0;0;2;1;0;B01
201400051360;0;7;0;3;0;1;1;A01
201400051360;0;7;0;0;2;3;1;B01
201400051361;0;33;0;0;9;1;1;A01
201400051362;1;7;0;0;2;2;0;Z01
201400051362;0;7;0;0;0;5;1;A01
201400051363;0;7;0;0;2;4;2;A01
201400051363;0;7;0;0;2;1;2;B01
201400051363;0;7;0;0;2;1;2;C01
201400051364;0;7;0;0;2;4;2;F01
201400051364;0;7;0;0;2;4;2;G01
201400051364;0;7;0;0;2;4;2;H01
201400051364;0;7;0;0;2;1;2;I01
201400051364;0;7;0;0;2;1;2;J01
201400051364;0;7;0;0;0;4;2;A02
201400051364;0;7;0;0;2;4;2;B02
201400051364;0;10;0;0;2;4;2;C02
201400051364;0;7;0;0;2;4;1;D02
201400051364;0;7;0;0;2;4;2;E02
201400051365;0;7;0;3;0;2;1;A01
201400051366;0;7;0;15;0;4;0;A01
201400051367;0;7;0;0;0;4;1;A01
201400051367;0;7;0;0;2;4;1;B01
201400051367;0;7;0;0;2;1;1;C01
201400051368;0;7;0;0;2;8;2;B01
201400051368;2;7;0;0;2;2;2;A01
201400051368;0;7;0;0;2;5;2;D01
201400051368;0;7;0;0;2;6;2;C01
201400051369;0;7;0;0;2;4;2;A01
201400051369;0;7;0;0;0;1;2;B01
201400051369;0;7;0;0;2;2;2;C01
201400051370;0;7;0;0;0;4;1;A01
201400051370;0;32;0;0;2;1;1;B01
201400051371;0;7;0;0;2;4;1;A01
201400051371;0;7;0;0;2;1;2;B01
201400051372;0;7;0;0;2;6;0;A01
201400051372;0;33;0;0;2;0;0;B01
201400051373;0;7;0;4;0;2;1;A01
201400051374;0;7;0;4;0;3;13;A01
201400051375;0;10;0;0;2;4;2;A01
201400051375;0;7;0;0;2;1;2;B01
201400051376;0;7;0;0;2;4;1;A01
201400051376;0;7;0;0;2;1;1;B01
201400051377;0;10;0;4;0;2;1;A01
201400051378;0;7;0;0;2;4;9;A01
201400051378;0;7;0;0;2;1;9;B01
201400051379;0;7;0;0;2;1;1;A01
201400051379;0;10;0;0;2;3;9;B01
201400051380;0;7;0;0;2;4;1;A01
201400051380;0;7;0;0;2;3;2;B01
201400051380;0;7;0;0;2;4;2;C01
201400051380;0;7;0;0;2;1;1;D01
201400051380;0;10;0;0;2;7;1;E01
201400051381;0;7;0;0;2;3;1;A01
201400051381;0;15;0;0;2;2;1;B01
201400051382;0;7;0;0;0;1;1;A01
201400051382;0;7;0;0;9;1;1;B01
201400051383;0;7;0;0;0;1;9;C01
201400051383;0;7;0;0;0;4;1;A01
201400051383;0;7;0;0;2;1;1;B01
201400051384;0;7;0;0;2;4;2;A01
201400051384;0;7;0;0;2;4;2;B01
201400051384;0;7;0;0;2;1;2;C01
201400051385;0;7;0;0;2;4;2;A01
201400051385;0;14;0;0;2;1;2;B01
201400051386;0;7;0;0;0;4;2;A01
201400051386;0;7;0;0;2;1;0;B01
201400051387;0;7;0;0;0;1;0;A01
201400051388;0;31;0;0;0;7;0;A01
201400051389;0;7;0;0;0;0;6;B01
201400051389;0;7;0;0;0;0;0;A01
201400051390;0;7;0;0;0;7;2;A01
201400051390;0;33;0;0;0;8;2;B01
201400051391;0;33;0;4;0;8;18;A01
201400051392;0;7;0;0;2;4;1;A01
201400051392;0;7;0;0;2;1;1;B01
201400051393;0;7;0;0;2;1;12;B01
201400051393;0;7;0;0;2;4;1;A01
201400051394;0;7;0;0;2;4;23;A01
201400051394;0;10;0;1;0;1;14;B01
201400051395;0;7;0;4;0;2;1;A01
201400051396;0;33;0;0;0;7;0;A01
201400051397;0;7;0;4;0;1;0;A01
201400051397;0;7;0;0;2;1;0;B01
201400051398;0;7;0;0;2;1;1;B01
201400051398;0;7;0;0;0;4;1;A01
201400051399;0;7;0;0;0;4;2;A01
201400051399;0;33;0;0;2;1;2;B01
201400051400;0;7;0;0;0;4;0;A01
201400051400;0;7;0;0;2;1;0;B01
201400051401;0;34;0;0;2;1;1;B01
201400051401;0;7;0;0;0;3;10;A01
201400051402;0;7;0;0;2;6;11;B01
201400051402;0;15;0;0;2;2;1;A01
201400051403;0;7;0;0;2;4;2;B01
201400051403;0;7;0;0;2;4;2;A01
201400051403;0;10;0;0;2;1;2;C01
201400051404;0;7;0;0;0;1;0;A01
201400051405;0;32;0;4;0;7;2;A01
201400051406;0;7;0;0;2;8;0;A01
201400051406;0;7;0;0;2;7;2;B01
201400051407;0;7;0;0;2;2;21;A01
201400051407;0;7;0;0;2;2;10;B01
201400051408;0;33;0;0;2;1;2;B01
201400051408;0;7;0;0;2;4;2;A01
201400051409;0;7;0;6;0;1;2;A01
201400051410;0;7;0;0;0;9;14;A01
201400051411;0;7;0;0;2;8;3;A01
201400051411;0;7;0;3;2;7;17;B01
201400051411;1;15;0;0;2;2;0;Z01
201400051412;0;7;0;0;2;6;10;A01
201400051412;0;32;0;0;0;8;1;B01
201400051413;0;7;0;4;0;3;1;A01
201400051414;0;7;0;3;2;7;14;B01
201400051414;0;7;0;0;2;8;1;A01
201400051415;0;7;0;0;2;6;2;B01
201400051415;0;7;0;0;2;1;2;A01
201400051416;0;7;0;0;2;2;0;A01
201400051416;0;34;0;0;2;8;3;B01
201400051417;1;7;0;0;2;2;0;Z01
201400051417;0;7;0;0;0;3;0;A01
201400051418;0;7;0;0;0;6;1;A01
201400051418;0;7;0;0;2;2;14;B01
201400051419;0;7;0;3;0;1;13;A01
201400051420;0;7;0;0;2;1;2;B01
201400051420;0;34;0;0;2;0;2;D01
201400051420;0;7;0;0;0;1;19;A01
201400051420;0;7;0;0;2;7;2;C01
201400051421;0;7;0;0;0;0;0;A01
201400051422;0;7;0;0;0;4;1;A01
201400051422;0;10;0;0;0;1;2;B01
201400051422;0;7;0;0;0;1;2;C01
201400051422;0;7;0;0;0;1;2;D01
201400051423;0;7;0;8;0;3;1;A01
201400051424;0;7;0;0;2;4;1;A01
201400051424;0;7;0;0;2;1;2;B01
201400051425;0;33;0;0;0;7;2;A01
201400051426;0;7;0;0;2;5;0;A01
201400051426;0;7;0;3;2;1;2;B01
201400051427;0;7;0;0;2;1;2;A01
201400051427;1;14;0;0;2;4;2;Z01
201400051428;0;35;0;0;0;4;0;A01
201400051428;0;36;0;0;2;1;0;B01
201400051429;0;7;0;0;0;4;0;A01
201400051429;0;7;0;0;2;4;0;B01
201400051430;0;10;0;0;0;6;2;A01
201400051430;2;7;0;0;0;2;2;B01
201400051431;0;7;0;0;2;4;2;A01
201400051431;1;7;0;0;2;1;2;Z01
201400051432;0;33;0;0;2;7;2;A01
201400051433;0;7;0;3;0;2;2;A01
201400051434;0;33;0;0;0;8;1;A01
201400051435;0;10;0;0;0;4;1;A01
201400051435;0;7;0;0;2;1;0;B01
201400051436;0;7;0;0;0;4;1;A01
201400051436;0;7;0;0;2;1;1;B01
201400051437;0;7;0;0;2;2;1;D01
201400051437;0;7;0;0;2;4;2;B01
201400051437;0;7;0;0;2;1;2;C01
201400051437;0;7;0;0;2;4;2;A01
201400051438;0;7;0;0;2;4;1;A01
201400051438;0;7;0;0;2;4;2;B01
201400051438;0;7;0;0;2;4;2;C01
201400051438;0;7;0;0;2;1;2;D01
201400051439;0;7;0;0;0;4;2;A01
201400051439;0;7;0;0;2;1;2;B01
201400051440;0;7;0;0;0;1;1;A01
201400051441;0;7;0;0;0;6;0;A01
201400051441;0;7;0;0;0;1;0;B01
201400051441;0;7;0;0;0;1;0;C01
201400051441;0;7;0;0;0;1;0;D01
201400051442;0;7;0;0;0;4;1;A01
201400051442;0;7;0;0;2;4;2;B01
201400051442;0;7;0;0;2;1;2;C01
201400051443;0;34;0;0;0;0;1;A01
201400051444;0;7;0;0;2;1;2;A01
201400051444;0;7;0;0;2;4;2;B01
201400051445;0;10;0;0;2;4;2;A01
201400051445;0;7;0;0;2;1;2;B01
201400051446;0;31;0;0;0;7;2;A01
201400051447;0;10;0;0;2;4;2;A01
201400051447;0;7;0;0;2;4;1;B01
201400051447;0;7;0;0;2;1;1;C01
201400051448;0;7;0;0;0;4;2;A01
201400051448;0;7;0;0;2;1;2;B01
201400051449;0;7;0;0;2;4;1;B01
201400051449;0;7;0;0;2;1;2;C01
201400051449;0;7;0;0;0;4;1;A01
201400051450;0;17;0;1;0;2;1;B01
201400051450;0;17;0;0;2;6;23;A01
201400051450;0;7;0;3;2;1;1;C01
201400051451;0;33;0;0;0;8;21;A01
201400051452;0;7;0;0;2;1;2;A01
201400051452;0;7;0;0;2;6;2;B01
201400051452;0;7;0;0;0;4;2;C01
201400051453;0;7;0;0;0;4;2;A01
201400051453;0;7;0;0;2;1;2;B01
201400051454;0;7;0;11;0;1;2;A01
201400051455;0;7;0;0;0;1;2;A01
201400051456;0;10;0;0;9;4;2;A01
201400051456;0;7;0;0;2;1;2;B01
201400051457;0;7;0;0;0;6;2;A01
201400051457;0;33;0;0;2;1;2;B01
201400051458;0;7;0;0;2;7;1;B01
201400051458;0;7;0;0;2;8;1;A01
201400051459;0;7;0;0;2;6;1;A01
201400051459;0;7;0;0;2;2;13;B01
201400051460;0;7;0;0;0;4;2;A01
201400051460;0;7;0;0;0;1;2;B01
201400051461;0;7;0;0;2;1;0;B01
201400051461;0;7;0;0;0;4;0;A01
201400051462;0;7;0;0;1;2;2;A01
201400051463;0;7;0;0;2;4;1;B01
201400051463;0;7;0;0;0;4;1;A01
201400051463;0;7;0;0;2;4;2;C01
201400051464;0;14;0;0;0;5;1;A01
201400051464;0;7;0;0;2;3;11;B01
201400051465;0;33;0;0;2;8;2;A01
201400051466;0;10;0;0;2;1;2;C01
201400051466;0;7;0;0;2;4;2;B01
201400051466;0;7;0;0;0;4;2;A01
201400051467;0;7;0;15;0;1;0;A01
201400051468;0;7;0;0;2;8;2;B01
201400051468;0;13;0;0;2;2;12;A01
201400051469;0;33;0;0;0;7;2;A01
201400051470;0;7;0;0;2;5;2;C01
201400051470;0;7;0;0;2;1;2;A01
201400051470;0;7;0;0;2;5;2;D01
201400051470;0;7;0;0;2;4;2;B01
201400051471;0;31;0;0;9;7;1;A01
201400051472;0;7;0;0;2;4;2;B01
201400051472;0;7;0;0;2;1;2;A01
201400051472;0;7;0;0;2;4;2;C01
201400051473;0;7;0;3;0;1;1;A01
201400051474;0;7;0;0;2;3;1;A01
201400051474;0;7;0;3;2;8;14;B01
201400051475;2;10;0;0;0;1;0;C01
201400051475;0;7;0;0;0;8;1;B01
201400051475;0;7;0;0;0;8;1;A01
201400051476;1;99;0;0;2;2;0;Z01
201400051476;0;7;0;0;0;2;12;A01
201400051477;0;7;0;4;0;1;1;A01
201400051478;0;33;0;0;2;8;0;B01
201400051478;0;7;0;0;2;5;12;A01
201400051479;0;33;0;0;0;7;1;A01
201400051480;0;7;0;6;0;1;2;A01
201400051481;0;14;0;0;2;8;0;B01
201400051481;0;7;0;0;0;3;3;A01
201400051482;0;10;0;0;2;3;12;C01
201400051482;0;7;0;0;2;4;1;B01
201400051482;0;7;0;0;2;1;11;D01
201400051482;0;7;0;0;0;4;1;A01
201400051483;0;7;0;0;2;1;2;B01
201400051483;0;7;0;0;0;4;1;A01
201400051484;0;7;0;0;2;6;1;B01
201400051484;0;16;0;0;2;2;12;A01
201400051485;0;7;0;0;2;1;2;B01
201400051485;0;7;0;0;0;4;2;A01
201400051486;0;7;0;0;2;6;2;A01
201400051486;0;32;0;0;2;2;2;B01
201400051487;1;99;0;0;1;1;2;Z01
201400051488;0;7;0;3;0;1;0;A01
201400051489;0;7;0;0;2;3;2;A01
201400051489;0;7;0;0;2;7;14;B01
201400051490;0;33;0;0;2;3;2;A01
201400051490;0;7;0;0;9;3;2;B01
201400051491;0;32;0;0;2;7;2;A01
201400051491;0;7;0;0;2;3;9;B01
201400051492;0;7;0;0;2;4;2;A01
201400051492;0;7;0;0;2;1;2;B01
201400051493;0;7;0;0;9;1;2;B01
201400051493;0;7;0;0;0;4;2;A01
201400051494;0;33;0;0;2;1;3;B01
201400051494;0;7;0;0;2;6;3;A01
201400051495;0;33;0;0;0;8;2;A01
201400051496;0;7;0;0;2;3;2;A01
201400051496;0;7;0;0;0;5;21;B01
201400051496;0;7;0;0;2;5;2;C01
201400051496;0;7;0;0;0;7;2;D01
201400051497;0;7;0;0;0;0;0;A01
201400051498;0;7;0;0;0;2;2;B01
201400051498;0;7;0;0;0;6;2;A01
201400051499;0;7;0;4;0;1;1;A01
201400051500;0;7;0;4;0;0;1;A01
201400051501;0;7;0;4;0;3;13;A01
201400051502;0;7;0;4;0;3;1;A01
201400051503;0;7;0;0;2;1;1;E02
201400051503;0;7;0;0;2;2;1;H02
201400051503;0;7;0;0;2;4;1;F01
201400051503;0;7;0;0;0;4;1;A01
201400051503;0;7;0;0;2;1;1;G02
201400051503;0;7;0;0;2;2;1;B01
201400051503;0;7;0;0;2;1;1;C02
201400051503;0;7;0;3;2;0;1;D01
201400051503;0;7;0;0;2;4;1;I01
201400051504;0;7;0;0;0;1;1;C01
201400051504;0;7;0;0;0;4;23;A01
201400051504;0;7;0;0;0;1;1;B01
201400051505;0;14;0;0;2;2;12;A01
201400051505;0;7;0;15;2;8;2;B01
201400051506;0;7;0;0;2;4;2;A01
201400051506;0;7;0;0;2;4;2;B01
201400051506;0;7;0;0;2;1;2;C01
201400051507;0;7;0;0;0;9;0;A01
201400051508;0;7;0;3;0;1;0;A01
201400051509;0;7;0;0;0;1;1;B01
201400051509;0;7;0;0;0;4;1;A01
201400051510;0;7;0;5;0;1;2;A01
201400051511;0;7;0;0;2;1;2;B01
201400051511;0;7;0;0;0;4;0;A01
201400051512;0;7;0;0;2;1;2;B01
201400051512;0;7;0;0;2;4;2;A01
201400051513;0;7;0;3;0;3;1;A01
201400051514;0;7;0;0;0;4;2;A01
201400051514;0;7;0;0;0;4;2;B01
201400051514;0;10;0;0;0;1;2;C01
201400051515;0;7;0;0;2;1;2;B01
201400051515;0;7;0;0;2;4;2;A01
201400051516;0;7;0;0;2;7;2;A01
201400051516;0;7;0;0;2;1;2;B01
201400051517;0;7;0;0;0;6;1;A01
201400051517;0;7;0;4;0;1;1;B01
201400051517;0;7;0;0;2;1;2;C01
201400051518;0;7;0;3;0;3;2;A01
201400051519;0;7;0;0;2;2;1;A01
201400051519;0;7;0;0;2;3;11;B01
201400051520;0;7;0;3;0;1;1;A01
201400051521;0;7;0;13;0;1;0;B01
201400051521;0;7;0;4;2;3;1;A01
201400051522;0;10;0;0;2;4;1;B01
201400051522;0;10;0;0;2;1;2;C01
201400051522;0;7;0;0;2;4;1;A01
201400051523;0;7;0;0;0;3;0;A01
201400051524;0;7;0;0;0;4;1;A01
201400051524;0;7;0;0;0;1;1;B01
201400051525;0;7;0;0;0;7;2;A01
201400051525;0;7;0;0;0;3;2;B01
201400051526;0;7;0;0;2;4;23;B01
201400051526;0;7;0;0;2;4;23;A01
201400051526;0;7;0;0;2;1;1;C01
201400051527;0;7;0;16;0;0;0;A01
201400051528;0;7;0;13;0;7;0;A01
201400051529;0;7;0;0;2;6;1;A01
201400051529;0;15;0;0;2;1;12;B01
201400051530;0;33;0;0;2;8;2;A01
201400051530;0;7;0;0;2;7;2;B01
201400051531;2;7;0;0;2;1;2;B01
201400051531;0;7;0;0;0;4;0;A01
201400051532;0;7;0;13;0;2;12;A01
201400051533;0;7;0;0;2;1;1;B01
201400051533;0;7;0;0;0;4;1;A01
201400051534;0;7;0;3;0;1;0;A01
201400051535;0;7;0;0;0;4;2;A01
201400051535;0;7;0;0;2;1;2;B01
201400051536;0;7;0;0;2;1;2;B01
201400051536;0;7;0;0;0;4;2;A01
201400051537;0;7;0;0;2;4;2;A01
201400051537;0;7;0;0;2;1;2;C01
201400051537;0;7;0;0;2;1;2;B01
201400051538;0;7;0;0;2;1;2;D01
201400051538;0;10;0;0;2;4;2;A01
201400051538;0;7;0;0;2;4;2;C01
201400051538;0;7;0;0;2;4;2;B01
201400051539;0;7;0;0;2;1;2;B01
201400051539;0;7;0;0;0;4;1;A01
201400051540;0;7;0;0;0;4;0;A01
201400051540;0;30;0;0;2;1;1;B01
201400051541;0;7;0;0;1;2;1;A01
201400051542;0;7;0;0;2;8;1;B01
201400051542;0;15;0;0;2;7;12;A01
201400051542;0;7;0;0;2;1;1;C01
201400051543;0;7;0;0;2;1;2;C01
201400051543;0;7;0;0;2;1;2;B01
201400051543;0;7;0;0;0;4;2;A01
201400051544;0;7;0;0;0;0;0;A01
201400051545;0;7;0;0;0;0;0;A01
201400051546;0;7;0;0;0;4;2;A01
201400051546;0;10;0;0;2;1;2;B01
201400051547;0;7;0;0;0;1;1;A01
201400051548;0;7;0;0;0;4;1;A01
201400051548;0;7;0;0;2;6;1;B01
201400051548;0;7;0;0;2;1;1;C01
201400051549;0;7;0;0;0;4;0;A01
201400051549;0;10;0;0;0;1;0;D01
201400051549;0;7;0;0;0;4;0;C01
201400051549;0;7;0;0;0;4;0;B01
201400051549;0;7;0;0;0;1;0;E01
201400051550;0;7;0;0;2;1;1;B01
201400051550;0;7;0;0;0;4;1;A01
201400051551;0;7;0;2;2;2;0;A01
201400051551;0;7;0;0;2;6;2;B01
201400051552;0;7;0;0;2;4;1;B01
201400051552;0;7;0;0;2;4;1;A01
201400051552;0;7;0;0;2;1;1;C01
201400051553;0;15;0;0;0;0;0;A01
201400051553;0;10;0;0;0;0;0;B01
201400051554;0;7;0;0;0;1;11;A01
201400051555;0;33;0;0;2;6;1;B01
201400051555;0;7;0;0;2;2;14;A01
201400051556;0;7;0;0;2;1;2;B01
201400051556;0;7;0;0;2;4;2;A01
201400051557;0;10;0;0;2;4;2;C01
201400051557;0;7;0;0;0;4;2;E01
201400051557;0;7;0;0;2;1;2;B01
201400051557;0;7;0;0;2;4;2;D01
201400051557;0;7;0;0;2;1;2;A01
201400051558;0;7;0;4;0;3;1;A01
201400051559;0;7;0;0;0;0;1;A01
201400051560;0;7;0;0;2;3;11;B01