num_acc;senc;catv;occutc;obs;obsm;choc;manv;num_veh
201400051560;0;7;0;0;0;9;1;A01
201400051561;0;7;0;0;2;4;2;B01
201400051561;0;7;0;0;0;4;2;A01
201400051561;0;7;0;0;2;1;2;C01
201400051562;0;7;0;0;0;1;1;A01
201400051563;0;10;0;0;2;1;2;D01
201400051563;0;10;0;0;2;4;2;C01
201400051563;0;10;0;0;2;9;23;B01
201400051563;0;10;0;0;0;4;23;A01
201400051564;0;7;0;0;2;4;23;A01
201400051564;0;7;0;0;2;4;23;B01
201400051564;0;7;0;0;2;1;2;C01
201400051565;0;30;0;0;2;4;0;B01
201400051565;0;7;0;0;2;1;0;C01
201400051565;0;7;0;0;0;4;0;A01
201400051566;0;7;0;0;0;6;1;A01
201400051566;0;7;0;0;2;1;0;C01
201400051566;0;7;0;0;0;4;1;B01
201400051567;1;7;0;0;2;1;2;Z01
201400051567;0;7;0;0;0;6;1;A01
201400051568;0;7;0;0;0;1;17;A01
201400051569;0;10;0;0;0;4;1;A01
201400051569;0;38;1;0;2;1;1;B01
201400051569;0;7;0;0;0;1;1;C01
201400051570;0;7;0;0;2;1;2;B01
201400051570;0;7;0;0;2;4;0;A01
201400051571;0;7;0;0;0;1;2;A01
201400051572;0;7;0;0;2;4;2;A01
201400051572;0;7;0;0;2;4;2;B01
201400051572;0;7;0;0;2;1;2;C01
201400051573;0;7;0;0;2;4;1;B01
201400051573;0;7;0;0;2;1;1;A01
201400051574;0;7;0;0;0;3;1;A01
201400051574;1;7;0;0;2;2;0;Z01
201400051575;0;7;0;0;0;1;1;A01
201400051576;0;7;0;0;0;4;2;A01
201400051576;0;7;0;0;2;1;2;B01
201400051577;0;7;0;3;0;1;1;A01
201400051578;0;7;0;0;0;4;2;A01
201400051578;0;7;0;0;2;1;2;C01
201400051578;0;7;0;0;2;4;2;B01
201400051579;0;7;0;0;2;1;12;B01
201400051579;0;15;0;0;0;4;1;A01
201400051580;0;7;0;0;0;4;0;A01
201400051580;0;7;0;0;2;1;2;B01
201400051581;1;99;0;0;2;2;0;Z01
201400051581;0;7;0;1;0;1;21;C01
201400051581;0;7;0;0;0;4;23;A01
201400051581;0;7;0;0;0;5;23;B01
201400051582;0;7;0;0;2;4;24;A01
201400051582;0;7;0;0;2;1;2;B01
201400051583;0;7;0;0;0;8;11;A01
201400051583;0;33;0;0;0;2;3;B01
201400051584;0;7;0;13;0;1;0;A01
201400051585;0;7;0;0;0;4;1;A01
201400051585;0;31;0;0;2;1;2;D01
201400051585;0;7;0;0;2;4;2;B01
201400051585;0;7;0;0;2;4;2;C01
201400051586;0;7;0;0;0;1;0;A01
201400051587;0;7;0;0;0;1;1;A01
201400051588;0;7;0;6;0;1;0;A01
201400051589;0;7;0;0;0;2;0;A01
201400051590;0;7;0;0;1;7;2;A01
201400051591;0;10;0;4;0;2;2;A01
201400051592;0;7;0;13;0;1;21;A01
201400051593;0;7;0;0;2;4;1;E02
201400051593;0;7;0;0;2;1;1;F01
201400051593;0;7;0;0;2;4;1;B01
201400051593;0;7;0;0;2;4;1;D01
201400051593;0;7;0;0;2;4;1;C01
201400051593;0;7;0;0;2;4;1;A01
201400051594;0;7;0;0;2;3;1;B01
201400051594;0;7;0;0;2;1;1;C01
201400051594;0;7;0;0;0;4;1;A01
201400051594;0;7;0;0;2;1;1;D01
201400051595;0;7;0;0;2;2;2;B01
201400051595;0;7;0;0;2;6;11;A01
201400051596;0;7;0;0;0;9;21;A01
201400051596;0;7;0;0;2;2;0;C01
201400051596;0;10;0;0;2;8;1;B01
201400051597;0;7;0;0;2;4;1;A01
201400051597;0;7;0;0;2;1;1;C01
201400051597;0;7;0;0;2;4;1;B01
201400051598;0;99;0;0;0;3;12;A01
201400051599;0;7;0;0;2;6;23;B01
201400051599;0;20;0;1;0;2;21;A01
201400051600;2;7;0;0;0;1;14;A01
201400051601;0;99;0;0;0;1;2;B01
201400051601;0;7;0;0;0;4;2;A01
201400051602;0;7;0;0;2;2;12;A01
201400051602;0;7;0;0;2;8;1;B01
201400051603;0;7;0;3;0;1;21;A01
201400051603;0;10;0;0;0;0;11;B01
201400051604;0;7;0;4;0;1;1;A01
201400051605;0;99;0;0;1;2;1;A01
201400051606;0;10;0;0;0;0;15;A01
201400051606;0;7;0;0;0;6;1;B01
201400051606;0;7;0;0;2;4;2;C01
201400051606;0;10;0;0;2;1;2;D01
201400051607;0;7;0;0;0;4;2;A01
201400051607;0;31;0;0;2;1;2;B01
201400051608;0;7;0;0;0;0;0;A01
201400051608;0;7;0;0;0;0;0;B01
201400051608;0;7;0;0;0;0;0;C01
201400051609;0;33;0;0;2;1;21;A01
201400051609;0;7;0;0;2;5;1;B01
201400051610;0;7;0;0;2;4;0;A01
201400051610;0;7;0;0;2;1;2;B01
201400051611;0;7;0;0;2;4;1;A01
201400051611;0;7;0;0;2;0;2;B01
201400051611;1;7;0;0;2;1;2;Z01
201400051612;0;7;0;11;0;1;14;A01
201400051613;0;7;0;0;2;4;1;A01
201400051613;1;7;0;0;2;1;2;B01
201400051614;0;7;0;4;0;3;1;A01
201400051615;0;16;0;0;0;2;12;A01
201400051615;0;7;0;0;0;6;1;B01
201400051616;0;33;0;0;0;1;1;A01
201400051617;0;15;0;3;0;2;2;A01
201400051618;0;7;0;3;0;3;1;A01
201400051619;0;7;0;0;0;4;2;A01
201400051619;0;7;0;0;2;1;2;B01
201400051620;0;7;0;14;0;1;1;A01
201400051620;0;7;0;0;2;8;1;B01
201400051620;0;7;0;1;0;1;1;C01
201400051620;0;7;0;14;0;1;1;D01
201400051620;2;99;0;0;0;0;0;E01
201400051621;0;7;0;0;1;1;2;B01
201400051621;0;14;0;0;1;1;2;A01
201400051622;0;7;0;0;2;4;1;A01
201400051622;0;7;0;0;2;8;1;B02
201400051622;0;7;0;0;2;4;1;D01
201400051622;0;7;0;0;2;4;1;E01
201400051622;0;10;0;0;2;1;1;F01
201400051622;0;7;0;0;2;4;1;C01
201400051623;0;33;0;0;0;7;1;A01
201400051624;0;7;0;3;0;9;2;A01
201400051625;1;7;0;0;0;1;2;B01
201400051625;0;7;0;0;2;4;2;A01
201400051626;0;33;0;0;2;1;2;B01
201400051626;0;7;0;0;2;6;2;A01
201400051627;0;7;0;13;0;2;1;A01
201400051628;0;7;0;13;0;1;2;A01
201400051629;0;7;0;0;2;8;2;A01
201400051629;0;10;0;3;2;1;2;B01
201400051630;0;7;0;0;0;1;2;A01
201400051631;0;7;0;2;0;1;14;A01
201400051632;0;7;0;0;0;4;1;A01
201400051632;0;7;0;0;2;4;2;B01
201400051632;0;7;0;0;2;1;2;C01
201400051633;0;7;0;3;0;3;21;A01
201400051634;0;7;0;5;0;1;1;A01
201400051635;0;7;0;0;2;4;2;A01
201400051635;0;7;0;0;2;1;2;B01
201400051636;0;7;0;9;0;2;14;A01
201400051637;0;33;0;0;2;8;1;A01
201400051637;0;10;0;0;2;2;12;B01
201400051638;0;7;0;0;2;4;1;A01
201400051638;0;7;0;0;2;1;1;B01
201400051639;0;7;0;0;2;4;1;A01
201400051639;0;7;0;0;0;4;1;B01
201400051639;0;10;0;0;2;1;1;C01
201400051640;0;7;0;0;0;4;2;A01
201400051640;0;7;0;0;2;1;2;B01
201400051641;0;7;0;0;2;7;12;A01
201400051641;0;31;0;0;2;8;1;B01
201400051642;0;34;0;0;0;7;1;A01
201400051642;0;10;0;0;2;6;11;B01
201400051643;0;7;0;0;2;3;1;A01
201400051643;1;7;0;0;2;0;12;Z01
201400051644;0;7;0;0;0;2;14;A01
201400051645;0;7;0;0;2;4;1;A01
201400051645;0;7;0;0;2;1;1;B01
201400051646;0;33;0;3;0;0;0;A01
201400051646;0;33;0;0;0;0;0;B01
201400051647;0;7;0;0;2;6;12;B01
201400051647;0;7;0;0;2;6;1;A01
201400051648;0;7;0;0;9;1;2;B01
201400051648;0;7;0;4;0;2;2;A01
201400051649;0;32;0;0;0;8;1;B01
201400051649;0;7;0;0;2;7;12;A01
201400051650;0;7;0;0;2;4;23;A01
201400051650;0;7;0;0;2;2;2;B01
201400051651;0;7;0;0;2;4;1;A01
201400051651;0;7;0;0;2;4;2;B01
201400051651;0;7;0;0;0;1;2;C01
201400051652;0;7;0;0;2;2;1;A01
201400051653;0;7;0;0;2;1;0;B01
201400051653;0;7;0;0;0;4;0;A01
201400051654;0;7;0;0;2;1;1;B01
201400051654;0;7;0;0;2;1;5;C01
201400051654;0;7;0;0;2;8;1;A01
201400051655;0;7;0;0;2;4;2;A01
201400051655;0;7;0;0;2;2;2;C01
201400051655;0;7;0;0;2;4;2;B01
201400051656;0;7;0;3;0;3;21;A01
201400051657;0;7;0;0;2;4;1;B01
201400051658;0;32;0;0;0;8;1;A01
201400051658;1;7;0;0;0;0;0;Z01
201400051659;0;7;0;0;2;6;1;B01
201400051659;1;99;0;0;2;2;0;Z01
201400051659;0;7;0;0;2;7;1;A01
201400051660;0;7;0;0;2;7;2;A01
201400051660;1;7;0;0;2;0;0;Z01
201400051661;0;7;0;0;2;4;2;A01
201400051661;0;7;0;0;2;1;2;B01
201400051662;0;7;0;0;2;4;2;B01
201400051662;0;7;0;0;0;4;2;A01
201400051662;1;99;0;0;2;1;2;Z01
201400051663;0;10;0;0;0;7;0;B01
201400051663;0;7;0;0;2;4;2;C01
201400051663;0;7;0;0;2;3;13;D01
201400051663;0;10;0;0;0;7;0;A01
201400051664;0;7;0;0;0;7;1;B01
201400051664;0;7;0;0;2;3;1;A01
201400051665;0;7;0;3;2;2;1;B01
201400051665;0;7;0;3;0;1;1;D01
201400051665;0;17;0;0;2;1;1;C01
201400051665;0;17;0;3;2;8;1;A01
201400051666;0;30;0;0;1;5;1;A01
201400051667;0;34;0;0;2;3;18;A01
201400051667;0;34;0;0;2;7;23;B01
201400051668;0;32;0;0;0;0;17;B01
201400051668;0;7;0;0;0;3;10;A01
201400051669;0;32;0;0;2;1;15;A01
201400051669;0;1;0;0;2;4;17;B01
201400051670;0;7;0;0;0;6;23;B01
201400051670;0;37;2;0;2;2;1;A01
201400051671;0;7;0;0;1;1;1;A01
201400051672;0;7;0;0;0;1;1;A01
201400051672;0;30;0;0;0;4;23;B01
201400051673;0;34;0;0;2;1;15;A01
201400051673;0;1;0;0;2;3;19;B01
201400051674;0;30;0;0;2;4;1;A01
201400051674;1;37;1;0;2;0;14;Z01
201400051675;0;1;0;0;1;1;1;A01
201400051676;0;7;0;0;0;5;23;B01
201400051676;0;32;0;1;0;8;1;A01
201400051677;0;7;0;0;1;7;1;A01
201400051678;0;13;0;0;0;2;1;A01
201400051678;0;14;0;0;0;1;1;B01
201400051679;0;10;0;0;2;0;2;A01
201400051679;0;10;0;0;2;0;23;B01
201400051680;0;37;15;0;0;0;21;A01
201400051681;0;7;0;0;1;2;15;A01
201400051682;0;30;0;0;2;1;5;A01
201400051682;0;1;0;0;2;7;16;B01
201400051683;0;7;0;0;2;2;14;B01
201400051683;0;1;0;0;2;3;1;C01
201400051683;0;7;0;0;2;2;14;A01
201400051684;0;7;0;0;2;2;17;A01
201400051684;0;1;0;0;2;3;15;B01
201400051685;0;31;0;0;1;0;1;A01
201400051686;0;31;0;8;0;0;16;A01
201400051687;0;31;0;0;2;3;1;A01
201400051687;0;7;0;0;2;3;1;B01
201400051688;0;32;0;0;0;4;23;B01
201400051688;0;7;0;0;2;1;1;A01
201400051689;0;30;0;0;2;1;1;A01
201400051689;0;7;0;0;0;6;15;B01
201400051690;0;7;0;0;1;2;16;A01
201400051691;0;33;0;0;1;1;1;A01
201400051692;0;30;0;0;0;5;1;A01
201400051693;0;32;0;0;1;2;1;A01
201400051694;0;7;0;0;2;2;7;A01
201400051694;0;1;0;0;2;3;7;B01
201400051695;0;32;0;0;0;0;1;A01
201400051696;0;7;0;0;2;3;23;A01
201400051696;0;32;0;0;2;2;1;B01
201400051697;0;31;0;0;2;8;2;A01
201400051697;0;7;0;0;2;7;23;B01
201400051698;0;7;0;0;2;3;11;A01
201400051698;0;31;0;0;2;5;1;B01
201400051699;0;7;0;0;1;3;1;A01
201400051700;0;10;0;0;2;2;16;A01
201400051700;0;7;0;7;0;3;7;B01
201400051701;0;7;0;14;0;1;14;A01
201400051702;0;7;0;0;2;4;23;C01
201400051702;0;7;0;0;2;4;23;B01
201400051702;0;7;0;0;2;1;2;A01
201400051703;0;33;0;0;1;2;1;A01
201400051704;0;1;0;0;1;1;1;A01
201400051705;0;33;0;14;0;8;1;A01
201400051706;0;30;0;0;0;0;1;A01
201400051707;0;33;0;0;2;1;3;C01
201400051707;0;7;0;0;2;5;1;A01
201400051707;0;7;0;0;2;4;1;B01
201400051708;0;7;0;0;1;3;15;A01
201400051709;0;7;0;0;2;6;23;B01
201400051709;0;1;0;0;2;0;13;A01
201400051710;1;30;0;0;1;8;1;Z01
201400051711;0;7;0;0;2;3;1;A01
201400051711;0;37;0;0;2;2;1;B01
201400051712;0;7;0;0;1;0;1;A01
201400051713;0;30;0;0;2;5;23;B01
201400051713;0;7;0;0;2;1;2;A01
201400051714;0;10;0;0;1;1;1;A01
201400051715;0;7;0;0;1;3;1;A01
201400051716;0;34;0;0;2;7;1;B01
201400051716;2;7;0;0;2;0;1;A01
201400051717;0;37;21;0;1;3;7;A01
201400051718;0;7;0;0;2;7;1;A01
201400051718;0;7;0;0;2;1;1;B01
201400051719;0;34;0;0;0;8;1;A01
201400051720;0;10;0;0;2;1;2;A01
201400051720;0;32;0;0;2;4;23;C01
201400051720;0;7;0;0;2;1;23;B01
201400051721;1;33;0;0;1;0;1;Z01
201400051722;0;7;0;0;2;3;1;B01
201400051722;0;7;0;0;2;2;1;A01
201400051723;0;1;0;0;2;7;1;B01
201400051723;0;10;0;0;2;1;9;A01
201400051724;0;7;0;0;1;1;1;A01
201400051725;0;32;0;0;2;2;5;A01
201400051725;0;7;0;0;2;3;15;B01
201400051726;0;34;0;0;2;7;17;B01
201400051726;0;7;0;0;2;8;15;A01
201400051727;0;7;0;0;2;2;16;A01
201400051727;0;33;0;0;2;8;1;B01
201400051728;0;34;0;0;9;0;1;A01
201400051729;0;32;0;0;2;0;12;A01
201400051729;0;2;0;14;2;0;7;B01
201400051730;0;7;0;0;1;4;4;A01
201400051731;0;34;0;0;1;2;1;A01
201400051732;0;7;0;0;2;2;2;A01
201400051732;0;7;0;0;2;6;23;B01
201400051733;0;1;0;0;2;0;2;A01
201400051733;0;1;0;0;2;0;2;B01
201400051734;0;2;0;0;0;0;21;A01
201400051735;0;7;0;0;2;4;2;A01
201400051735;0;33;0;0;2;4;2;B01
201400051736;0;7;0;0;1;1;1;A01
201400051737;0;33;0;12;2;4;13;A01
201400051737;0;7;0;0;2;4;1;B01
201400051738;1;30;0;0;1;0;1;Z01
201400051739;0;1;0;0;1;2;1;A01
201400051740;0;34;0;0;2;7;17;B01
201400051740;0;7;0;0;2;8;13;A01
201400051741;0;38;23;0;1;3;1;A01
201400051742;0;30;0;0;0;0;1;A01
201400051743;0;7;0;0;2;3;10;A01
201400051743;0;33;0;0;2;1;1;B01
201400051744;0;1;0;0;0;0;21;A01
201400051745;1;7;0;0;2;0;2;Z01
201400051745;0;7;0;0;2;5;23;B01
201400051745;0;31;0;0;2;1;2;A01
201400051746;0;7;0;0;2;7;23;B01
201400051746;0;2;0;0;2;8;21;A01
201400051747;0;33;0;0;0;0;21;A01
201400051748;0;10;0;0;1;4;4;A01
201400051749;0;32;0;0;2;1;18;A01
201400051749;0;14;0;0;2;4;16;B01
201400051750;0;2;0;8;0;1;13;A01
201400051751;0;2;0;9;0;0;1;A01
201400051752;0;7;0;0;1;8;1;A01
201400051753;0;10;0;0;1;2;22;A01
201400051754;0;32;0;0;1;1;1;A01
201400051755;0;33;0;0;2;8;16;B01
201400051755;0;7;0;0;2;7;16;A01
201400051756;0;7;0;0;2;3;1;B01
201400051756;0;1;0;0;2;1;5;A01
201400051757;0;7;0;0;2;1;1;A01
201400051757;1;7;0;0;2;4;1;B01
201400051758;0;30;0;0;0;8;1;A01
201400051759;0;34;0;0;0;3;1;A01
201400051760;0;33;0;14;0;2;11;A01
201400051761;0;34;0;12;0;3;21;A01
201400051762;0;7;0;0;2;4;23;C01
201400051762;0;7;0;0;2;1;1;A01
201400051762;0;7;0;0;2;9;23;B01
201400051763;0;7;0;0;2;0;15;A01
201400051763;0;1;0;0;2;0;1;B01
201400051764;0;1;0;0;1;0;1;A01
201400051765;0;32;0;0;1;2;1;A01
201400051766;0;33;0;0;2;2;1;B01
201400051766;0;7;0;0;2;3;16;A01
201400051767;0;7;0;0;2;6;23;B01
201400051767;0;32;0;0;2;4;2;A01
201400051768;0;33;0;1;0;1;13;A01
201400051769;0;7;0;0;2;2;1;A01
201400051769;0;30;0;0;2;1;1;B01
201400051770;0;7;0;0;2;0;2;A01
201400051770;0;31;0;0;2;4;23;B01
201400051771;0;30;0;0;2;2;1;B01
201400051771;0;30;0;0;2;3;1;A01
201400051772;0;1;0;0;1;1;16;A01
201400051773;0;10;0;0;2;2;16;A01
201400051773;0;1;0;0;2;6;7;B01
201400051774;0;10;0;0;2;3;1;B01
201400051774;0;33;0;0;2;0;1;A01
201400051775;0;7;0;0;1;2;15;A01
201400051776;0;1;0;0;2;4;1;B01
201400051776;0;7;0;0;2;4;23;A01
201400051777;0;7;0;0;2;6;11;A01
201400051777;0;33;0;0;2;2;1;B01
201400051778;0;1;0;0;2;1;7;A01
201400051778;0;7;0;0;2;4;16;B01
201400051779;0;7;0;0;2;2;16;A01
201400051779;0;33;0;0;2;1;18;B01
201400051780;0;14;0;0;2;7;16;A01
201400051780;0;30;0;0;2;1;18;B01
201400051781;0;32;0;0;2;2;17;B01
201400051781;0;7;0;0;2;6;15;A01
201400051782;0;7;0;0;2;4;2;B01
201400051782;0;37;8;0;2;1;2;A01
201400051783;1;7;0;0;1;0;1;Z01
201400051784;0;7;0;0;2;7;22;A01
201400051784;0;1;0;0;2;1;1;B01
201400051785;0;7;0;14;2;3;13;A01
201400051785;0;7;0;0;2;6;1;B01
201400051786;0;7;0;0;1;1;1;A01
201400051787;0;33;0;12;0;1;11;A01
201400051788;0;7;0;0;1;1;1;A01
201400051789;0;7;0;0;1;2;1;A01
201400051790;0;7;0;0;2;1;1;A01
201400051790;0;33;0;0;2;8;1;B01
201400051791;0;1;0;0;2;0;1;C01
201400051791;0;7;0;0;2;7;13;A01
201400051791;0;1;0;0;2;8;17;B01
201400051792;0;31;0;14;0;1;14;A01
201400051793;0;30;0;0;2;0;1;B01
201400051793;0;7;0;0;2;0;9;A01
201400051794;2;30;0;1;2;0;15;Z01
201400051794;1;30;0;0;2;0;1;A01
201400051795;0;33;0;0;2;8;3;B01
201400051795;0;10;0;0;2;8;1;C01
201400051795;0;7;0;0;2;7;14;A01
201400051796;0;32;0;0;2;3;3;B01
201400051796;0;7;0;0;2;5;12;A01
201400051797;0;7;0;0;2;2;1;A01
201400051797;0;1;0;0;2;7;15;B01
201400051798;0;2;0;0;1;0;1;A01
201400051799;0;34;0;0;1;3;1;A01
201400051800;0;32;0;0;2;0;3;B01
201400051800;0;10;0;0;2;0;23;C01
201400051800;0;7;0;0;2;3;23;A01
201400051801;0;1;0;0;2;7;15;A01
201400051801;0;7;0;0;2;3;1;B01
201400051802;0;2;0;12;0;2;1;A01
201400051803;0;7;0;0;2;3;15;A01
201400051803;0;34;0;0;2;3;1;B01
201400051804;0;7;0;0;2;5;22;A01
201400051804;0;1;0;0;2;1;18;B01
201400051805;0;30;0;12;0;2;14;A01
201400051806;0;31;0;0;2;1;1;A01
201400051806;1;7;0;0;2;1;15;Z01
201400051807;0;30;0;0;2;0;21;A01
201400051808;0;7;0;0;2;8;13;A01
201400051808;0;1;0;0;2;1;17;B01
201400051809;0;7;0;0;1;1;16;A01
201400051810;0;32;0;0;2;1;11;A01
201400051810;0;7;0;0;2;6;1;B01
201400051811;0;33;0;0;2;2;12;A01
201400051811;0;7;0;0;2;3;1;B01
201400051812;0;33;0;0;1;1;1;A01
201400051813;0;7;0;0;2;5;12;A01
201400051813;0;33;0;0;2;8;1;B01
201400051814;0;7;0;0;2;3;17;B01
201400051814;0;31;0;0;2;1;1;A01
201400051815;2;1;0;0;1;0;5;Z01
201400051816;0;10;0;0;2;8;10;A01
201400051816;0;31;0;0;2;3;5;B01
201400051817;0;7;0;0;1;7;15;A01
201400051818;0;7;0;0;2;3;15;B01
201400051818;0;31;0;0;2;1;17;A01
201400051819;0;7;0;7;0;1;13;A01
201400051820;1;10;0;0;2;0;13;Z01
201400051820;0;2;0;0;2;3;1;A01
201400051821;0;33;0;14;0;7;11;A01
201400051822;0;7;0;0;2;4;23;B01
201400051822;0;1;0;0;1;1;7;A01
201400051823;0;33;0;0;2;0;2;A01
201400051823;0;34;0;0;2;0;23;B01
201400051824;2;7;0;0;2;3;1;A01
201400051824;0;7;0;0;2;6;23;B01
201400051825;0;32;0;0;0;0;1;A01
201400051826;0;1;0;0;0;0;1;A01
201400051827;0;1;0;0;2;1;5;A01
201400051827;0;32;0;0;2;1;1;B01
201400051828;0;34;0;12;0;1;11;A01
201400051829;0;2;0;1;0;7;1;A01
201400051830;0;7;0;0;2;2;10;B01
201400051830;0;2;0;0;2;1;1;A01
201400051831;0;33;0;8;2;7;1;B01
201400051831;0;7;0;0;2;8;11;A01
201400051832;0;2;0;0;1;1;1;A01
201400051833;0;30;0;1;0;3;13;A01
201400051834;0;33;0;0;1;2;1;A01
201400051835;0;10;0;0;1;1;1;A01
201400051836;0;7;0;0;2;1;22;B01
201400051836;0;34;0;0;2;1;18;A01
201400051837;0;30;0;0;2;7;1;A01
201400051837;1;30;0;0;2;0;1;B01
201400051838;0;34;0;0;0;7;1;A01
201400051839;0;7;0;0;2;1;1;B01
201400051839;0;7;0;0;2;4;23;A01
201400051840;0;7;0;0;2;2;22;A01
201400051840;0;2;0;0;2;2;18;B01
201400051841;0;33;0;0;0;2;1;A01
201400051842;0;7;0;0;2;5;1;A01
201400051842;0;7;0;0;2;1;1;B01
201400051843;0;31;0;0;0;8;1;A01
201400051844;0;33;0;0;2;4;2;B01
201400051844;0;32;0;0;2;1;2;A01
201400051845;0;32;0;0;1;1;17;A01
201400051846;0;32;0;0;2;8;1;A01
201400051846;0;33;0;0;2;1;1;B01
201400051847;0;7;0;14;0;3;1;A01
201400051848;0;7;0;0;1;2;1;A01
201400051849;0;32;0;0;2;8;1;B01
201400051849;0;7;0;0;2;2;15;A01
201400051850;0;7;0;0;1;1;15;A01
201400051851;0;7;0;0;1;1;1;A01
201400051852;0;33;0;0;2;7;17;B01
201400051852;0;7;0;0;2;3;10;A01
201400051853;0;7;0;0;2;6;1;B01
201400051853;0;33;0;0;2;1;1;A01
201400051854;0;7;0;0;2;3;15;A01
201400051854;0;30;0;0;2;3;1;B01
201400051855;0;31;0;0;0;2;1;A01
201400051855;0;7;0;0;0;2;1;B01
201400051856;0;7;0;0;1;2;1;A01
201400051857;0;33;0;8;0;0;21;A01
201400051858;0;7;0;0;1;2;1;A01
201400051859;0;34;0;0;1;2;1;A01
201400051860;0;34;0;12;0;2;21;A01
201400051861;0;7;0;0;2;2;1;A01
201400051861;0;33;0;0;2;1;1;B01
201400051862;0;10;0;0;1;1;1;A01
201400051863;0;2;0;14;0;1;21;A01
201400051864;0;7;0;0;2;0;17;A01
201400051864;0;1;0;0;2;0;1;B01
201400051865;0;32;0;0;2;1;1;B01
201400051865;0;10;0;0;2;3;9;A01
201400051866;0;1;0;0;2;2;19;B01
201400051866;1;7;0;0;2;1;1;A01
201400051867;0;7;0;0;2;1;1;A01
201400051867;0;30;0;0;2;8;1;B01
201400051868;0;7;0;0;2;6;15;A01
201400051868;0;31;0;0;2;1;17;B01
201400051869;0;7;0;0;2;2;1;A01
201400051869;0;31;0;0;2;3;18;B01
201400051870;1;7;0;0;1;6;1;Z01
201400051871;0;32;0;0;1;1;1;A01
201400051872;0;2;0;0;2;3;2;B01
201400051872;0;7;0;0;2;2;14;A01
201400051873;0;10;0;0;2;3;11;B01
201400051873;0;1;0;0;2;7;1;A01
201400051874;0;7;0;0;2;8;15;B01
201400051874;0;31;0;0;2;7;17;A01
201400051875;0;1;0;0;2;8;1;A01
201400051875;0;7;0;0;2;8;16;B01
201400051876;0;30;0;14;0;0;14;A01
201400051877;0;7;0;0;2;7;7;B01
201400051877;0;32;0;0;2;1;1;A01
201400051878;0;1;0;0;2;3;1;B01
201400051878;0;7;0;0;2;2;1;A01
201400051879;0;7;0;0;2;8;15;A01
201400051879;0;31;0;0;2;2;5;B01
201400051880;0;7;0;0;2;2;1;A01
201400051880;0;30;0;0;2;3;1;B01
201400051881;0;10;0;0;1;2;1;A01
201400051882;0;32;0;0;2;3;1;A01
201400051882;0;1;0;0;2;4;11;B01
201400051883;1;7;0;0;2;3;10;Z01
201400051883;0;32;0;0;2;2;17;B01
201400051884;0;7;0;0;2;3;1;B01
201400051884;0;30;0;0;2;2;1;A01
201400051885;0;7;0;0;2;0;15;B01
201400051885;0;31;0;0;2;0;17;A01
201400051886;0;7;0;0;2;1;1;A01
201400051886;0;33;0;0;2;6;1;B01
201400051887;0;33;0;0;1;1;1;A01
201400051888;1;2;0;0;1;2;1;Z01
201400051889;0;33;0;0;2;1;1;A01
201400051889;0;31;0;0;2;8;1;B01
201400051890;0;7;0;0;2;2;1;A01
201400051890;0;32;0;0;2;8;1;B01
201400051891;0;33;0;0;2;3;1;B01
201400051891;1;10;0;0;2;0;17;A01
201400051892;0;7;0;0;2;2;22;B01
201400051892;0;34;0;0;2;7;18;A01
201400051893;0;7;0;0;2;4;23;B01
201400051893;0;2;0;0;2;1;2;A01
201400051894;0;7;0;0;2;1;15;A01
201400051894;0;32;0;0;2;1;1;B01
201400051895;0;2;0;8;0;7;1;A01
201400051896;0;37;0;0;1;2;1;A01
201400051897;0;2;0;0;1;1;1;A01
201400051898;0;7;0;0;2;7;22;A01
201400051898;0;34;0;1;2;9;18;B01
201400051899;0;10;0;0;2;2;1;A01
201400051899;0;32;0;0;2;8;1;B01
201400051900;0;31;0;0;2;1;17;A01
201400051900;0;7;0;0;2;3;9;B01
201400051901;0;10;0;0;1;3;15;A01
201400051902;0;7;0;0;2;2;16;A01
201400051902;0;33;0;1;2;3;18;B01
201400051903;0;31;0;0;2;1;2;A01
201400051903;0;7;0;0;2;4;23;B01
201400051904;0;32;0;0;2;7;15;A01
201400051904;0;32;0;0;2;8;1;B01
201400051905;0;14;0;0;2;6;15;A01
201400051905;0;32;0;1;2;1;17;B01
201400051906;0;1;0;0;2;2;15;A01
201400051906;0;32;0;0;2;3;1;B01
201400051907;0;33;0;0;2;7;1;A01
201400051907;0;10;0;0;2;2;1;B01
201400051908;0;33;0;0;2;1;17;B01
201400051908;0;7;0;0;2;3;15;A01
201400051909;0;1;0;0;2;0;1;A01
201400051909;0;7;0;0;2;4;23;B01
201400051910;0;10;0;0;1;6;9;A01
201400051911;0;7;0;0;2;2;14;A01
201400051911;0;30;0;0;2;4;1;B01
201400051912;0;7;0;0;2;1;15;A01
201400051912;0;33;0;0;2;2;1;B01
201400051913;0;34;0;0;2;1;1;B01
201400051913;0;7;0;0;2;5;1;A01
201400051914;0;33;0;0;1;1;0;A01
201400051915;0;38;1;0;2;2;1;B01
201400051915;0;37;1;0;2;0;18;A01
201400051916;0;7;0;0;2;4;2;B01
201400051916;0;10;0;0;2;1;2;A01
201400051917;0;10;0;0;1;1;1;A01
201400051918;0;1;0;0;2;1;1;A01
201400051918;0;7;0;0;2;2;1;B01
201400051919;0;2;0;0;2;1;17;A01
201400051919;0;7;0;0;2;6;15;B01