num_acc;senc;catv;occutc;obs;obsm;choc;manv;num_veh
201400051920;0;33;0;0;0;0;1;A01
201400051921;0;7;0;0;2;1;2;A01
201400051921;0;1;0;0;2;8;7;B01
201400051922;0;7;0;0;2;4;23;B01
201400051922;0;30;0;0;2;1;2;A01
201400051923;0;7;0;0;1;2;17;A01
201400051924;0;1;0;0;1;1;1;A01
201400051925;0;7;0;0;1;0;15;A01
201400051926;0;34;0;0;2;7;1;B01
201400051926;0;7;0;0;2;8;13;A01
201400051927;0;7;0;0;2;3;2;A01
201400051927;0;33;0;0;2;4;23;B01
201400051928;0;7;0;0;2;0;22;A01
201400051928;0;1;0;0;2;0;1;B01
201400051929;0;30;0;0;0;0;1;A01
201400051930;0;2;0;0;2;2;17;A01
201400051930;0;7;0;0;2;3;15;B01
201400051931;0;7;0;0;2;7;16;A01
201400051931;0;34;0;0;2;8;18;B01
201400051932;0;7;0;0;2;2;1;A01
201400051932;0;34;0;0;2;1;1;B01
201400051933;0;1;0;0;2;4;17;A01
201400051933;0;30;0;3;2;1;15;B01
201400051934;0;7;0;0;1;4;20;A01
201400051935;0;7;0;0;1;3;15;A01
201400051936;0;1;0;0;2;1;1;B01
201400051936;0;30;0;0;2;5;16;A01
201400051937;0;7;0;0;2;2;1;A01
201400051937;0;33;0;0;2;1;1;B01
201400051938;0;7;0;0;2;1;1;A01
201400051938;0;30;0;0;2;4;2;B01
201400051939;1;30;0;0;1;1;16;Z01
201400051940;0;33;0;0;2;4;23;B01
201400051940;0;7;0;0;2;2;2;A01
201400051941;0;34;0;11;0;1;12;A01
201400051942;0;7;0;0;2;3;10;A01
201400051942;0;34;0;0;2;2;1;B01
201400051943;0;33;0;0;2;5;1;A01
201400051943;0;10;0;0;2;1;1;B01
201400051944;1;7;0;0;1;1;1;Z01
201400051945;0;32;0;0;2;3;1;A01
201400051945;1;7;0;0;2;0;1;Z01
201400051946;0;7;0;0;2;2;23;B01
201400051946;0;33;0;0;2;3;2;A01
201400051947;0;33;0;0;2;1;17;A01
201400051947;0;33;0;0;2;3;15;B01
201400051948;0;7;0;0;1;0;4;A01
201400051949;0;2;0;0;1;1;1;A01
201400051950;0;31;0;0;2;1;1;B01
201400051950;0;10;0;0;2;6;10;A01
201400051951;0;33;0;0;1;1;1;A01
201400051952;0;10;0;0;2;1;16;A01
201400051952;0;1;0;0;2;4;7;B01
201400051953;0;7;0;0;2;1;1;A01
201400051953;0;7;0;7;2;7;1;B01
201400051954;0;1;0;0;0;0;7;A01
201400051955;0;7;0;0;2;3;11;A01
201400051955;0;33;0;0;2;2;17;B01
201400051956;0;10;0;0;2;2;1;A01
201400051956;0;30;0;0;2;1;1;B01
201400051957;0;7;0;0;2;2;1;A01
201400051957;0;33;0;0;2;3;1;B01
201400051958;0;30;0;0;2;2;17;A01
201400051958;0;7;0;0;2;3;15;B01
201400051959;0;7;0;0;1;2;1;A01
201400051960;0;34;0;0;1;1;18;A01
201400051961;0;33;0;0;2;1;1;B01
201400051961;0;7;0;0;2;5;1;A01
201400051962;1;7;0;0;2;0;1;Z01
201400051962;0;7;0;0;2;5;1;B01
201400051963;1;7;0;0;1;3;1;Z01
201400051964;0;10;0;0;2;2;9;A01
201400051964;0;31;0;0;2;3;1;B01
201400051965;0;34;0;0;2;8;1;B01
201400051965;0;7;0;0;2;2;15;A01
201400051966;0;2;0;0;1;7;1;A01
201400051967;0;34;0;0;2;8;18;A01
201400051967;0;10;0;0;2;2;1;B01
201400051968;0;32;0;0;1;1;1;A01
201400051969;0;7;0;0;2;8;9;A01
201400051969;0;31;0;0;2;0;1;B01
201400051970;0;30;0;0;0;0;15;A01
201400051971;0;2;0;0;0;0;1;A01
201400051972;0;31;0;14;1;1;1;A01
201400051973;0;7;0;0;1;3;15;A01
201400051974;0;7;0;0;2;5;15;A01
201400051974;0;32;0;0;2;1;1;B01
201400051975;0;7;0;0;2;3;15;A01
201400051975;0;2;0;0;2;2;1;B01
201400051976;0;33;0;0;1;8;1;A01
201400051977;0;7;0;0;1;3;15;A01
201400051978;0;31;0;0;1;8;1;A01
201400051979;0;2;0;0;1;1;1;A01
201400051980;0;32;0;1;0;1;21;A01
201400051981;0;10;0;0;1;4;4;A01
201400051982;0;30;0;0;0;0;1;A01
201400051983;0;31;0;0;2;8;1;B01
201400051983;0;7;0;0;2;0;16;A01
201400051984;0;37;3;0;1;2;1;A01
201400051985;0;7;0;0;1;4;4;A01
201400051986;0;7;0;0;1;3;15;A01
201400051987;0;7;0;0;2;4;23;B01
201400051987;0;7;0;0;2;1;1;A01
201400051987;0;7;0;0;2;4;23;C01
201400051988;0;33;0;0;0;0;1;A01
201400051989;0;30;0;0;2;1;7;A01
201400051989;0;7;0;0;0;2;16;B01
201400051990;0;7;0;0;1;3;15;A01
201400051991;0;1;0;0;2;1;5;A01
201400051991;0;7;0;0;0;3;1;B01
201400051992;0;1;0;0;2;1;1;B01
201400051992;0;7;0;0;2;3;22;A01
201400051993;1;7;0;0;2;0;17;Z01
201400051993;0;33;0;0;2;3;1;A01
201400051994;0;1;0;0;2;2;1;A01
201400051994;0;7;0;0;2;3;22;B01
201400051995;1;7;0;0;1;0;5;Z01
201400051996;0;7;0;0;2;2;9;A01
201400051996;0;1;0;0;2;8;1;B01
201400051997;0;2;0;0;2;8;1;A01
201400051997;0;10;0;0;2;2;14;B01
201400051998;0;31;0;0;2;1;2;A01
201400051998;0;10;0;0;2;4;23;B01
201400051999;0;37;1;0;2;2;7;A01
201400051999;0;31;0;0;2;8;15;B01
201400052000;0;32;0;0;2;1;1;A01
201400052000;0;32;0;0;2;6;23;C01
201400052000;0;7;0;0;2;8;23;D01
201400052000;0;32;0;0;2;4;23;B01
201400052001;0;33;0;0;0;3;7;A01
201400052002;0;14;0;0;2;5;16;B01
201400052002;0;7;0;0;2;3;7;A01
201400052003;0;2;0;0;0;2;1;A01
201400052004;0;30;0;0;2;1;2;A01
201400052004;0;7;0;0;2;6;23;B01
201400052005;0;1;0;0;1;7;1;A01
201400052006;0;10;0;0;2;5;16;A01
201400052006;0;1;0;0;2;1;7;B01
201400052007;0;7;0;1;0;2;14;A01
201400052008;0;34;0;0;1;5;1;A01
201400052009;0;7;0;0;2;6;23;B01
201400052009;0;1;0;0;2;1;11;A01
201400052010;0;1;0;0;1;7;1;A01
201400052011;0;7;0;0;2;8;15;A01
201400052011;0;31;0;0;2;2;17;B01
201400052012;0;10;0;0;1;4;4;A01
201400052013;0;2;0;0;0;8;1;A01
201400052014;0;7;0;0;2;6;15;B01
201400052014;0;31;0;0;2;2;17;A01
201400052015;0;32;0;0;2;3;1;B01
201400052015;0;10;0;0;2;2;1;A01
201400052016;0;34;0;0;1;1;1;A01
201400052017;0;1;0;1;2;1;1;B01
201400052017;0;7;0;0;2;8;22;A01
201400052018;0;7;0;0;2;1;1;A01
201400052018;0;34;0;0;2;8;15;B01
201400052019;0;7;0;0;2;7;16;A01
201400052019;0;1;0;0;2;1;7;B01
201400052020;0;2;0;0;2;1;16;B01
201400052020;0;7;0;0;2;5;4;A01
201400052021;0;1;0;0;0;0;1;A01
201400052022;0;32;0;0;0;0;1;A01
201400052023;0;7;0;0;2;3;1;B01
201400052023;0;33;0;0;2;7;1;A01
201400052024;0;32;0;0;2;3;18;A01
201400052024;0;10;0;0;2;7;16;B01
201400052025;0;33;0;0;2;3;2;A01
201400052025;0;7;0;0;2;5;23;B01
201400052026;0;33;0;0;2;8;1;A01
201400052026;0;7;0;0;2;1;7;B01
201400052027;0;7;0;0;2;2;16;A01
201400052027;0;31;0;0;2;1;18;B01
201400052028;0;7;0;0;1;1;1;A01
201400052029;0;7;0;0;1;3;15;A01
201400052030;0;7;0;0;2;3;13;A01
201400052030;0;30;0;0;2;2;1;B01
201400052031;0;7;0;0;2;4;23;B01
201400052031;0;7;0;0;2;4;23;D01
201400052031;0;7;0;0;2;4;23;C01
201400052031;0;7;0;0;2;1;2;A01
201400052032;0;7;0;1;2;1;2;A01
201400052032;0;7;0;0;2;5;2;B01
201400052033;0;7;0;0;2;1;2;A01
201400052033;0;32;0;0;2;4;23;B01
201400052034;0;33;0;0;1;2;1;A01
201400052035;0;31;0;0;2;1;18;B01
201400052035;0;7;0;0;2;7;22;A01
201400052036;0;2;0;0;2;1;2;A01
201400052036;0;7;0;0;2;5;23;B01
201400052037;0;7;0;0;2;3;22;A01
201400052037;0;33;0;1;2;1;1;B01
201400052038;0;7;0;0;2;3;1;C01
201400052038;0;34;0;0;2;1;2;A01
201400052038;0;7;0;0;2;4;2;B01
201400052039;0;7;0;0;2;6;1;A01
201400052039;0;30;0;0;2;7;23;B01
201400052040;0;1;0;0;2;7;19;A01
201400052040;0;7;0;0;2;2;1;B01
201400052041;0;7;0;0;2;4;1;B01
201400052041;0;33;0;0;2;1;1;A01
201400052042;0;31;0;0;2;8;1;A01
201400052042;0;7;0;0;2;1;1;B01
201400052043;0;10;0;0;2;1;1;A01
201400052043;0;32;0;0;2;4;23;B01
201400052044;0;33;0;0;2;1;1;A01
201400052044;0;7;0;0;2;4;23;B01
201400052045;0;2;0;14;0;0;21;A01
201400052046;0;32;0;0;0;0;12;A01
201400052047;0;1;0;0;2;1;2;A01
201400052047;0;7;0;0;2;4;23;B01
201400052048;0;33;0;0;1;2;1;A01
201400052049;0;33;0;0;2;7;1;B01
201400052049;0;7;0;0;2;1;10;A01
201400052050;0;13;0;0;2;7;16;A01
201400052050;0;1;0;0;2;3;7;B01
201400052051;0;7;0;0;2;5;12;A01
201400052051;0;32;0;8;2;7;1;B01
201400052052;0;7;0;0;2;4;11;B01
201400052052;0;7;0;0;2;1;1;A01
201400052053;0;7;0;0;1;3;1;A01
201400052054;0;7;0;12;2;2;7;A01
201400052054;0;2;0;0;2;3;15;B01
201400052055;0;7;0;0;2;1;2;A01
201400052055;0;1;0;0;2;4;15;B01
201400052056;0;7;0;0;1;7;7;A01
201400052057;0;10;0;0;2;8;1;A01
201400052057;0;1;0;0;2;1;5;B01
201400052058;1;37;1;0;2;5;17;Z01
201400052058;0;1;0;12;2;3;7;A01
201400052059;0;33;0;14;0;1;1;A01
201400052060;0;1;0;0;2;1;16;B01
201400052060;0;7;0;0;2;3;10;A01
201400052061;0;33;0;0;2;3;1;B01
201400052061;0;2;0;0;2;3;5;A01
201400052062;0;32;0;0;2;4;1;B01
201400052062;0;14;0;0;2;1;17;A01
201400052063;0;34;0;0;1;1;16;A01
201400052064;0;2;0;14;0;2;14;A01
201400052065;0;30;0;1;0;3;13;A01
201400052066;0;7;0;0;2;3;15;B01
201400052066;0;7;0;0;2;7;1;A01
201400052067;0;1;0;0;2;1;7;B01
201400052067;0;7;0;0;2;2;16;A01
201400052068;0;7;0;0;2;5;23;B01
201400052068;0;2;0;0;2;3;2;A01
201400052069;0;1;0;0;2;8;7;A01
201400052069;1;7;0;0;2;8;17;Z01
201400052070;0;31;0;0;2;1;2;A01
201400052070;0;7;0;0;2;4;23;B01
201400052071;0;7;0;0;2;3;15;B01
201400052071;0;32;0;0;2;5;17;A01
201400052072;0;31;0;0;1;1;15;A01
201400052073;0;7;0;0;1;3;1;A01
201400052074;1;30;0;0;1;1;1;Z01
201400052075;0;7;0;0;1;2;7;A01
201400052076;0;1;0;0;2;8;1;B01
201400052076;0;7;0;0;2;2;14;A01
201400052077;1;7;0;0;2;2;1;Z01
201400052077;0;1;0;0;2;8;1;A01
201400052078;0;32;0;0;0;0;21;A01
201400052079;0;30;0;0;2;1;1;A01
201400052079;0;7;0;0;2;3;15;B01
201400052080;1;7;0;0;1;1;1;Z01
201400052081;0;2;0;0;2;6;13;A01
201400052081;0;7;0;0;2;7;1;B01
201400052082;0;31;0;0;2;7;1;A01
201400052082;0;37;1;0;2;3;1;B01
201400052083;0;32;0;9;2;8;18;B01
201400052083;0;7;0;0;2;2;16;A01
201400052084;1;1;0;0;1;0;1;A01
201400052085;0;2;0;0;1;1;1;A01
201400052086;0;31;0;0;2;3;1;B01
201400052086;0;7;0;0;2;6;10;A01
201400052087;0;10;0;0;2;3;1;B01
201400052087;0;32;0;0;2;1;1;A01
201400052088;0;1;0;1;0;0;7;B01
201400052088;0;7;0;0;0;0;22;A01
201400052089;0;1;0;0;1;0;1;A01
201400052090;1;32;0;0;2;4;15;Z01
201400052090;0;2;0;0;2;1;1;A01
201400052090;0;2;0;0;2;1;1;B01
201400052091;0;7;0;14;2;4;1;A01
201400052091;0;32;0;0;0;4;23;B01
201400052092;0;7;0;3;0;1;1;A01
201400052093;0;31;0;0;1;1;1;A01
201400052094;0;32;0;0;2;1;17;A01
201400052094;0;7;0;0;2;3;15;B01
201400052095;0;37;0;0;0;0;7;A01
201400052096;0;37;1;0;2;1;0;A01
201400052096;0;7;0;0;2;4;0;B01
201400052097;0;7;0;0;2;1;2;A01
201400052097;0;33;0;0;2;4;23;B01
201400052098;0;7;0;0;1;1;15;A01
201400052099;0;13;0;0;0;5;14;B01
201400052099;0;32;0;0;2;8;18;A01
201400052100;0;7;0;0;1;1;1;A01
201400052101;0;33;0;0;2;5;17;A01
201400052101;1;13;0;0;2;0;15;Z01
201400052102;0;1;0;0;2;1;1;B01
201400052102;0;14;0;0;2;8;22;A01
201400052103;0;30;0;0;1;1;18;A01
201400052103;0;10;0;0;2;0;1;B01
201400052104;0;31;0;0;2;1;2;A01
201400052104;0;7;0;0;2;5;23;B01
201400052105;0;7;0;7;0;1;13;A01
201400052106;0;7;0;0;2;2;16;A01
201400052106;0;1;0;0;2;3;1;B01
201400052107;0;33;0;0;1;0;17;A01
201400052108;0;30;0;0;2;1;2;A01
201400052108;0;7;0;0;2;6;2;B01
201400052109;0;7;0;0;2;7;12;A01
201400052109;0;33;0;0;2;8;1;B01
201400052110;0;7;0;0;2;2;12;A01
201400052110;0;30;0;0;2;6;18;B01
201400052111;0;7;0;7;0;1;1;A01
201400052112;0;1;0;0;2;8;11;A01
201400052112;0;37;0;0;2;5;1;B01
201400052113;0;1;0;0;2;3;15;A01
201400052113;0;1;0;0;2;5;1;B01
201400052114;0;37;29;0;2;0;17;A01
201400052114;0;1;0;0;2;0;7;B01
201400052115;0;10;0;0;2;3;15;B01
201400052115;0;31;0;0;2;8;17;A01
201400052116;0;33;0;0;2;6;1;A01
201400052116;1;7;0;0;2;2;14;Z01
201400052116;0;14;0;0;2;5;1;B01
201400052117;0;7;0;0;1;4;4;A01
201400052118;0;7;0;0;2;1;1;A01
201400052118;0;7;0;1;2;8;1;B01
201400052119;0;7;0;0;2;3;15;A01
201400052119;0;33;0;0;2;1;17;B01
201400052120;0;33;0;0;2;1;2;A01
201400052120;0;7;0;0;2;6;2;B01
201400052121;0;7;0;0;1;7;16;A01
201400052122;0;30;0;0;2;7;1;B01
201400052122;0;1;0;0;2;1;1;A01
201400052123;0;32;0;0;0;8;1;A01
201400052124;0;7;0;0;1;1;1;A01
201400052125;0;7;0;0;1;0;1;A01
201400052126;0;7;0;0;2;0;22;A01
201400052126;0;1;0;0;2;1;1;B01
201400052127;1;30;0;0;1;0;1;Z01
201400052128;0;2;0;0;1;1;1;A01
201400052129;0;32;0;0;2;8;18;A01
201400052129;0;10;0;0;2;2;16;B01
201400052130;0;7;0;0;2;4;23;B01
201400052130;0;7;0;0;2;1;1;A01
201400052131;0;7;0;0;2;1;1;B01
201400052131;0;32;0;0;2;7;12;A01
201400052132;0;32;0;0;2;0;1;B01
201400052132;0;7;0;0;2;1;1;A01
201400052133;0;2;0;0;1;2;1;A01
201400052134;0;33;0;0;1;0;1;A01
201400052135;0;31;0;0;1;2;1;A01
201400052136;0;7;0;0;1;1;1;A01
201400052137;0;7;0;0;2;7;14;B01
201400052137;0;10;0;8;2;3;1;A01
201400052138;0;10;0;0;2;1;15;A01
201400052138;0;33;0;0;2;2;17;B01
201400052139;0;32;0;0;2;3;1;B01
201400052139;0;7;0;0;2;7;16;A01
201400052140;0;32;0;0;0;0;21;A01
201400052141;0;33;0;8;0;2;1;A01
201400052142;0;7;0;0;2;2;12;A01
201400052142;0;1;0;0;2;8;7;B01
201400052143;0;7;0;0;2;5;1;C01
201400052143;0;1;0;0;2;0;1;B01
201400052143;0;7;0;0;2;0;22;A01
201400052144;0;7;0;0;2;4;23;C01
201400052144;0;10;0;0;2;1;1;A01
201400052144;0;7;0;0;2;4;23;B01
201400052145;0;1;0;0;1;1;7;A01
201400052146;0;7;0;0;2;1;1;A01
201400052146;0;1;0;0;2;4;1;B01
201400052147;0;32;0;0;1;1;1;A01
201400052148;0;7;0;0;1;1;15;A01
201400052149;0;33;0;0;1;8;1;A01
201400052150;0;10;0;0;2;8;23;B01
201400052150;0;7;0;0;2;8;23;C01
201400052150;0;33;0;0;2;7;2;A01
201400052151;0;7;0;0;2;3;2;A01
201400052151;0;33;0;0;2;4;23;B01
201400052152;0;7;0;0;1;5;4;A01
201400052153;0;7;0;0;2;2;1;A01
201400052153;0;1;0;0;2;4;13;B01
201400052154;0;7;0;0;2;3;15;B01
201400052154;0;34;0;0;2;1;17;A01
201400052155;0;7;0;0;1;1;1;A01
201400052155;0;7;0;0;2;3;1;B01
201400052156;0;32;0;12;0;1;13;A01
201400052157;0;7;0;0;2;0;22;A01
201400052157;0;31;0;0;2;0;1;B01
201400052158;0;7;0;0;2;4;23;B01
201400052158;0;7;0;0;2;1;2;A01
201400052159;0;32;0;0;2;7;17;A01
201400052159;0;7;0;0;2;0;15;B01
201400052160;0;7;0;0;2;3;1;B01
201400052160;0;2;0;0;2;7;15;A01
201400052161;0;7;0;0;2;0;9;A01
201400052161;0;31;0;0;2;0;1;B01
201400052162;0;7;0;0;2;3;10;A01
201400052162;0;33;0;0;2;1;1;B01
201400052163;0;2;0;0;2;4;15;B01
201400052163;0;30;0;0;2;1;2;A01
201400052164;0;7;0;7;0;3;13;A01
201400052165;0;7;0;0;1;6;4;A01
201400052166;0;7;0;0;1;6;4;A01
201400052167;0;33;0;0;2;1;1;B01
201400052167;0;7;0;0;2;6;1;A01
201400052168;0;7;0;0;2;6;23;B01
201400052168;0;32;0;0;2;1;2;A01
201400052169;0;33;0;0;1;2;1;A01
201400052170;1;7;0;0;1;3;1;Z01
201400052171;0;1;0;0;2;3;1;A01
201400052171;0;14;0;0;2;2;16;B01
201400052172;0;33;0;0;2;4;23;B01
201400052172;0;7;0;0;2;6;1;A01
201400052172;1;7;0;0;2;4;15;Z01
201400052173;0;31;0;0;1;1;1;A01
201400052174;0;31;0;0;0;0;1;A01
201400052175;0;10;0;0;2;5;15;A01
201400052175;0;33;0;0;2;1;1;B01
201400052176;0;10;0;0;1;4;4;A01
201400052177;0;2;0;0;2;2;1;B01
201400052177;0;1;0;0;2;1;7;C01
201400052177;0;31;0;0;2;5;1;A01
201400052178;0;7;0;0;2;4;23;B01
201400052178;0;7;0;0;2;1;1;A01
201400052179;0;10;0;0;2;5;23;B01
201400052179;0;32;0;0;2;3;1;A01
201400052180;1;30;0;0;2;1;1;A01
201400052180;0;33;0;0;2;8;1;B01
201400052181;0;37;1;0;1;2;1;A01
201400052182;0;33;0;0;2;1;1;A01
201400052182;0;33;0;0;2;8;1;B01
201400052183;0;7;0;0;2;4;1;B01
201400052183;0;7;0;0;2;1;1;A01
201400052184;0;34;0;0;1;1;1;A01
201400052185;0;7;0;0;1;2;16;A01
201400052186;0;37;0;0;1;0;7;A01
201400052187;0;30;0;0;0;0;23;A01
201400052187;1;7;0;0;0;0;1;Z01
201400052188;0;32;0;0;9;0;21;A01
201400052189;0;30;0;0;0;0;0;A01
201400052190;1;7;0;0;1;3;1;Z01
201400052191;0;33;0;0;0;8;15;A01
201400052192;0;30;0;0;0;8;21;A01
201400052193;0;33;0;0;2;7;3;A01
201400052193;0;7;0;0;2;3;1;B01
201400052194;0;31;0;0;0;0;1;A01
201400052195;0;10;0;0;2;1;1;A01
201400052195;0;15;0;0;2;4;23;B01
201400052196;0;31;0;0;9;7;1;A01
201400052197;0;1;0;0;1;0;1;A01
201400052198;0;7;0;0;2;4;1;A01
201400052198;0;1;0;0;2;0;23;B01
201400052199;0;32;0;0;1;2;17;A01
201400052200;0;37;0;0;1;2;15;A01
201400052201;0;10;0;0;2;1;2;C01
201400052201;0;7;0;0;2;2;2;B01
201400052201;0;30;0;0;2;8;15;A01
201400052202;0;33;0;0;2;4;23;B01
201400052202;0;30;0;0;2;1;2;A01
201400052203;0;33;0;0;1;3;1;A01
201400052204;0;32;0;14;0;0;1;A01
201400052205;0;7;0;14;0;3;1;A01
201400052206;0;7;0;0;2;1;1;A01
201400052206;0;33;0;0;2;4;23;B01
201400052207;0;34;0;8;0;3;2;A01
201400052208;0;7;0;0;2;1;1;A01
201400052208;0;32;0;0;2;4;23;B01
201400052209;0;32;0;0;0;0;1;A01
201400052210;0;10;0;0;1;1;1;A01
201400052211;0;2;0;0;2;0;18;A01
201400052211;0;7;0;0;2;5;22;B01
201400052212;1;13;0;0;2;0;16;Z01
201400052212;0;1;0;0;2;0;1;A01
201400052213;0;1;0;0;2;3;7;B01
201400052213;0;10;0;0;2;2;16;A01
201400052214;0;7;0;0;1;3;1;A01
201400052215;0;7;0;0;2;1;2;A01
201400052215;0;7;0;0;2;4;2;B01
201400052216;0;33;0;0;2;2;8;B01
201400052216;0;7;0;0;2;3;15;A01
201400052217;0;31;0;0;0;0;1;A01
201400052218;0;30;0;0;0;1;1;A01
201400052219;0;7;0;0;2;4;23;B01
201400052219;0;7;0;0;2;1;2;A01
201400052220;0;34;0;0;0;0;1;A01
201400052221;0;7;0;0;2;2;1;B01
201400052221;0;1;0;0;2;3;11;A01
201400052222;0;37;1;0;2;3;1;B01
201400052222;0;7;0;0;2;1;1;A01
201400052223;0;32;0;0;2;6;9;B01
201400052223;0;7;0;0;2;5;4;A01
201400052224;0;31;0;0;2;1;17;B01
201400052224;0;7;0;0;2;8;15;A01
201400052225;0;31;0;0;2;8;10;A01
201400052225;0;2;0;0;2;1;1;B01
201400052226;0;1;0;0;1;8;1;A01
201400052227;0;7;0;0;2;6;15;B01
201400052227;0;33;0;0;2;2;15;A01
201400052228;0;7;0;0;1;7;16;A01
201400052229;0;34;0;0;2;1;17;B01
201400052229;0;7;0;0;2;3;13;A01
201400052230;1;30;0;0;1;1;1;Z01
201400052231;0;31;0;0;2;1;1;B01
201400052231;0;7;0;0;2;7;15;A01
201400052232;0;7;0;0;1;2;1;A01
201400052233;0;7;0;0;2;2;23;B01
201400052233;0;7;0;1;2;9;9;A01
201400052234;1;7;0;0;1;0;1;Z01
201400052235;0;7;0;0;2;5;0;A01
201400052235;0;7;0;0;2;3;0;B01
201400052236;0;7;0;0;2;1;1;A01
201400052236;0;7;0;0;0;4;23;B01
201400052237;0;7;0;0;1;8;1;A01
201400052238;0;7;0;0;2;3;11;A01
201400052238;0;31;0;0;2;7;1;B01
201400052239;1;7;0;0;1;1;1;Z01
201400052240;0;32;0;1;0;1;15;A01
201400052241;0;1;0;0;1;7;1;A01
201400052242;0;7;0;0;1;6;4;A01
201400052243;0;1;0;1;1;1;1;A01
201400052244;0;32;0;0;1;1;1;A01
201400052245;0;7;0;0;0;5;1;B01
201400052245;0;33;0;0;2;5;23;A01
201400052246;0;31;0;0;1;1;1;A01
201400052247;0;7;0;0;2;4;23;B01
201400052247;0;7;0;0;2;2;2;A01
201400052247;0;7;0;0;2;4;23;C01
201400052247;1;10;0;0;2;0;23;Z01
201400052248;0;7;0;0;1;3;15;A01
201400052249;0;7;0;0;2;2;1;A01
201400052249;0;31;0;0;2;8;1;B01
201400052250;0;1;0;0;1;1;1;A01
201400052251;0;31;0;0;1;1;1;A01
201400052252;0;7;0;0;2;7;15;A01
201400052252;0;30;0;0;2;7;17;B01
201400052253;0;7;0;0;2;2;16;B01
201400052253;0;1;0;0;2;4;1;A01
201400052254;0;33;0;0;2;2;17;B01
201400052254;0;7;0;0;2;3;15;A01
201400052255;0;13;0;0;1;7;1;A01
201400052256;0;7;0;0;1;2;15;A01
201400052257;0;7;0;0;2;3;22;A01
201400052257;0;2;0;0;2;2;2;B01
201400052258;0;34;0;0;0;0;9;A01
201400052259;0;7;0;0;2;2;1;B01
201400052259;0;30;0;0;2;8;1;A01
201400052260;0;31;0;0;1;2;1;A01
201400052261;2;2;0;1;1;1;1;Z01
201400052262;0;7;0;0;2;4;23;B01
201400052262;0;7;0;0;2;1;2;A01
201400052263;0;33;0;0;2;4;23;B01
201400052263;0;7;0;0;2;1;2;A01
201400052264;0;10;0;0;1;4;4;A01
201400052265;0;31;0;0;2;8;1;A01
201400052265;1;32;0;0;2;2;14;Z01
201400052266;0;7;0;0;1;2;1;A01
201400052267;0;7;0;0;2;2;14;A01
201400052267;0;7;0;0;2;6;23;B01
201400052268;0;33;0;0;2;0;18;A01
201400052268;0;7;0;0;2;0;16;B01
201400052269;0;7;0;0;2;3;15;A01
201400052269;0;33;0;0;2;9;17;B01
201400052270;0;7;0;0;2;7;16;B01
201400052270;0;34;0;0;2;7;18;A01
201400052271;0;33;0;0;2;5;15;A01
201400052271;0;7;0;0;2;2;1;B01
201400052272;0;7;0;0;2;8;15;A01
201400052272;0;32;0;0;2;2;17;B01
201400052273;0;7;0;0;1;2;1;A01
201400052274;0;32;0;0;1;1;1;A01
201400052275;0;1;0;0;2;8;11;A01
201400052275;0;33;0;0;2;8;1;B01
201400052276;0;7;0;0;2;4;23;B01
201400052276;0;7;0;0;2;4;23;C01
201400052276;0;7;0;0;2;1;2;A01
201400052277;0;7;0;0;2;3;1;B01
201400052277;0;7;0;0;2;2;15;A01
201400052278;0;33;0;0;2;5;1;A01
201400052278;1;7;0;0;2;1;10;Z01
201400052279;0;2;0;0;2;1;2;A01
201400052279;0;10;0;0;2;5;23;B01
201400052280;0;7;0;0;1;4;4;A01
201400052281;0;33;0;0;1;1;1;A01
201400052282;0;7;0;0;2;3;15;A01
201400052282;0;30;0;0;2;1;17;B01
201400052283;0;30;0;0;2;4;1;A01
201400052283;1;7;0;0;2;1;1;Z01
201400052284;0;2;0;0;2;7;1;A01
201400052284;0;7;0;0;2;2;1;B01
201400052285;0;14;0;0;2;2;14;A01
201400052285;0;32;0;0;2;1;1;B01
201400052286;0;7;0;0;2;1;1;A01
201400052286;0;7;0;0;2;4;23;E01
201400052286;0;7;0;0;2;9;23;B01
201400052286;0;7;0;0;2;9;23;C01
201400052286;0;7;0;0;2;9;23;D01
201400052287;0;34;0;0;2;1;18;B01
201400052287;0;10;0;0;2;2;16;A01
201400052288;0;7;0;0;2;6;9;A01
201400052288;0;33;0;0;2;1;1;B01
201400052289;0;7;0;0;2;7;15;A01
201400052289;0;34;0;0;2;1;1;B01
201400052290;0;1;0;0;0;0;7;A01
201400052291;0;7;0;0;2;3;9;A01
201400052291;0;31;0;0;2;3;1;B01
201400052292;0;32;0;0;2;7;1;A01
201400052292;1;7;0;0;2;1;15;Z01
201400052293;0;32;0;0;2;3;1;B01
201400052293;0;7;0;0;2;3;15;A01
201400052294;1;31;0;0;1;8;5;Z01
201400052295;0;31;0;0;1;5;1;A01
201400052296;0;2;0;0;2;3;13;A01
201400052296;0;7;0;0;2;3;1;B01
201400052297;0;1;0;0;0;1;1;A01
201400052298;0;33;0;0;2;3;1;B01
201400052298;0;30;0;0;2;1;15;A01
201400052299;0;1;0;0;1;0;7;A01
201400052300;0;7;0;0;1;2;1;A01
201400052301;0;2;0;0;2;1;1;B01
201400052301;0;7;0;0;2;7;1;A01
201400052302;0;7;0;0;2;3;14;A01
201400052302;0;32;0;0;2;3;1;B01
201400052303;0;33;0;0;2;7;17;B01