num_acc;senc;catv;occutc;obs;obsm;choc;manv;num_veh
201400052303;0;7;0;0;2;7;13;A01
201400052304;0;7;0;0;2;3;15;A01
201400052304;0;32;0;0;2;2;17;B01
201400052305;0;10;0;0;1;2;15;A01
201400052306;0;32;0;0;2;5;17;B01
201400052306;0;7;0;0;2;3;15;A01
201400052307;0;7;0;1;1;2;1;A01
201400052308;0;31;0;0;2;2;17;A01
201400052308;0;7;0;0;2;6;15;B01
201400052309;0;1;0;0;2;7;17;B01
201400052309;0;7;0;0;2;8;22;A01
201400052310;0;7;0;0;2;6;1;B01
201400052310;0;30;0;0;2;1;1;A01
201400052311;0;10;0;0;2;8;15;A01
201400052311;0;33;0;0;2;2;17;B01
201400052312;1;7;0;0;1;1;1;Z01
201400052313;0;7;0;0;2;1;1;B01
201400052313;0;1;0;0;2;1;15;A01
201400052314;0;7;0;0;2;4;23;B01
201400052314;0;7;0;14;2;1;2;A01
201400052315;0;31;0;0;1;3;1;A01
201400052316;0;7;0;0;2;1;1;A01
201400052316;0;7;0;0;2;8;1;B01
201400052317;0;1;0;0;2;1;1;B01
201400052317;0;7;0;0;2;5;1;C01
201400052317;0;7;0;0;2;0;22;A01
201400052318;0;33;0;0;0;0;1;A01
201400052319;0;7;0;1;0;3;21;A01
201400052320;0;31;0;0;2;6;1;B01
201400052320;0;7;0;0;2;2;12;A01
201400052321;0;7;0;0;2;1;2;A01
201400052321;0;7;0;0;2;4;23;B01
201400052322;0;31;0;0;2;2;2;A01
201400052322;0;7;0;0;2;6;23;B01
201400052323;0;7;0;0;2;7;7;B01
201400052323;0;1;0;0;2;4;19;A01
201400052324;0;7;0;0;1;2;16;A01
201400052325;0;1;0;0;1;0;1;A01
201400052326;0;33;0;0;2;2;1;B01
201400052326;0;7;0;0;2;3;10;A01
201400052327;0;2;0;0;2;1;2;A01
201400052327;0;7;0;0;2;6;15;B01
201400052328;0;7;0;0;2;4;23;B01
201400052328;0;33;0;0;2;1;2;A01
201400052329;0;7;0;0;2;2;16;A01
201400052329;0;1;0;0;2;3;7;B01
201400052330;0;30;0;0;0;7;16;A01
201400052331;0;2;0;0;2;7;15;A01
201400052331;0;32;0;0;2;1;1;B01
201400052332;1;7;0;0;2;1;2;Z01
201400052332;0;33;0;0;2;4;2;A01
201400052333;0;7;0;0;2;2;16;A01
201400052333;0;1;0;0;2;1;7;B01
201400052334;0;7;0;0;2;6;13;A01
201400052334;0;30;0;0;2;1;17;B01
201400052335;0;7;0;0;1;1;1;A01
201400052336;0;2;0;12;0;3;16;A01
201400052337;0;7;0;0;2;4;23;B01
201400052337;0;32;0;0;2;1;1;A01
201400052338;0;2;0;0;2;1;17;A01
201400052338;0;7;0;0;2;3;15;B01
201400052339;1;7;0;0;1;0;7;Z01
201400052340;0;10;0;0;1;6;4;A01
201400052341;0;7;0;0;2;1;2;A01
201400052341;0;7;0;0;2;4;23;B01
201400052342;0;33;0;0;1;2;1;A01
201400052343;0;33;0;0;1;1;1;A01
201400052344;0;7;0;0;1;2;16;A01
201400052345;0;10;0;0;1;4;4;A01
201400052346;0;7;0;0;2;2;1;A01
201400052346;0;1;0;0;2;8;19;B01
201400052347;0;7;0;0;2;2;23;B01
201400052347;0;37;1;0;2;1;2;A01
201400052348;0;31;0;0;2;1;1;A01
201400052348;0;14;0;0;2;5;1;B01
201400052349;0;30;0;0;2;1;1;A01
201400052349;0;7;0;0;2;3;16;B01
201400052350;0;1;0;1;2;1;18;B01
201400052350;0;7;0;0;2;7;22;A01
201400052351;1;7;0;0;1;7;5;Z01
201400052352;0;7;0;0;2;2;1;B01
201400052352;0;38;0;0;2;3;10;A01
201400052353;1;7;0;0;2;7;16;Z01
201400052353;0;31;0;0;2;3;1;A01
201400052354;0;7;0;0;2;8;15;A01
201400052354;0;33;0;0;2;2;1;B01
201400052355;0;30;0;0;2;3;18;A01
201400052355;0;7;0;0;2;5;16;B01
201400052356;0;1;0;0;2;0;7;A01
201400052356;0;10;0;0;2;0;16;B01
201400052357;0;7;0;0;2;3;1;B01
201400052357;0;1;0;0;2;7;1;A01
201400052358;0;1;0;0;2;1;1;B01
201400052358;0;7;0;0;2;2;15;A01
201400052359;0;1;0;0;1;1;1;A01
201400052360;0;7;0;0;1;2;1;A01
201400052361;0;33;0;0;1;1;1;A01
201400052362;1;7;0;0;1;2;1;Z01
201400052363;0;7;0;0;1;3;1;A01
201400052364;0;7;0;0;1;1;15;A01
201400052365;0;7;0;0;2;3;15;A01
201400052365;0;33;0;0;2;2;1;B01
201400052366;0;10;0;0;1;2;15;A01
201400052367;0;10;0;8;2;6;1;B01
201400052367;0;7;0;0;2;1;1;A01
201400052368;0;7;0;1;0;3;13;A01
201400052369;0;1;0;0;1;1;7;A01
201400052370;0;10;0;0;1;3;1;A01
201400052371;0;7;0;0;1;3;1;A01
201400052372;0;7;0;0;2;8;15;A01
201400052372;0;2;0;0;2;7;17;B01
201400052373;0;30;0;0;1;2;1;A01
201400052374;0;1;0;0;0;0;0;A01
201400052375;0;34;0;0;2;1;1;A01
201400052375;0;10;0;0;2;4;1;B01
201400052376;0;7;0;0;2;3;15;A01
201400052376;0;32;0;0;2;2;1;B01
201400052377;0;31;0;0;2;2;17;A01
201400052377;0;7;0;0;2;6;15;B01
201400052378;0;7;0;0;1;1;1;A01
201400052379;0;30;0;0;2;8;1;B01
201400052379;0;7;0;0;2;2;16;A01
201400052380;0;7;0;0;1;3;15;A01
201400052381;0;33;0;1;2;3;17;A01
201400052381;0;7;0;0;2;0;13;B01
201400052382;0;10;0;0;1;3;15;A01
201400052383;0;7;0;0;1;2;1;A01
201400052384;0;7;0;0;1;2;1;A01
201400052385;0;33;0;1;0;7;1;A01
201400052386;0;7;0;0;2;0;1;C01
201400052386;0;7;0;0;2;0;1;B01
201400052386;0;33;0;0;2;0;3;A01
201400052386;0;7;0;0;2;6;1;D01
201400052387;0;7;0;0;2;4;23;B01
201400052387;0;7;0;0;2;1;7;A01
201400052388;1;32;0;0;1;8;1;Z01
201400052389;1;7;0;0;1;8;1;Z01
201400052390;0;1;0;0;1;1;1;A01
201400052391;0;1;0;0;1;1;1;A01
201400052392;0;1;0;0;1;1;1;A01
201400052393;0;37;0;0;1;1;1;A01
201400052394;0;33;0;0;2;6;1;B01
201400052394;0;7;0;0;2;2;16;A01
201400052395;0;30;0;0;2;3;17;A01
201400052395;0;7;0;0;2;3;1;C01
201400052395;0;32;0;0;2;3;1;B01
201400052396;0;7;0;0;1;1;1;A01
201400052397;0;7;0;0;1;1;1;A01
201400052398;0;7;0;0;2;3;1;B01
201400052398;0;32;0;0;2;1;1;A01
201400052399;0;33;0;1;0;7;14;A01
201400052400;0;30;0;0;1;1;1;A01
201400052401;0;32;0;0;1;0;1;A01
201400052402;0;7;0;0;1;1;15;A01
201400052403;0;7;0;0;2;7;14;A01
201400052403;0;2;0;0;2;8;13;B01
201400052404;0;32;0;0;2;1;1;B01
201400052404;0;7;0;0;2;1;15;A01
201400052405;0;7;0;0;2;8;15;B01
201400052405;0;33;0;0;2;1;5;A01
201400052406;0;1;0;0;2;8;1;B01
201400052406;0;7;0;0;2;3;15;A01
201400052407;1;7;0;0;1;0;1;Z01
201400052408;0;1;0;0;2;1;15;A01
201400052408;0;7;0;0;2;8;1;B01
201400052409;0;31;0;7;0;0;11;A01
201400052410;0;7;0;14;0;1;15;A01
201400052411;0;1;0;0;0;3;7;A01
201400052412;0;7;0;0;2;0;2;B01
201400052412;0;33;0;0;2;1;2;A01
201400052413;0;37;1;0;1;7;7;A01
201400052414;0;7;0;0;2;8;22;A01
201400052414;0;1;0;0;2;1;1;B01
201400052415;0;1;0;0;2;1;1;B01
201400052415;0;7;0;0;2;2;15;A01
201400052416;0;2;0;1;2;2;17;A01
201400052416;0;13;0;0;2;6;1;B01
201400052417;0;7;0;0;1;2;15;A01
201400052418;0;7;0;0;1;2;17;A01
201400052419;0;7;0;0;2;4;23;B01
201400052419;0;7;0;0;2;1;1;A01
201400052419;0;7;0;0;2;4;23;C01
201400052420;0;10;0;0;2;8;22;A01
201400052420;0;1;0;1;2;1;1;B01
201400052421;0;7;0;0;1;3;1;A01
201400052422;0;32;0;0;1;1;1;A01
201400052423;0;30;0;0;1;1;5;A01
201400052424;0;7;0;0;1;2;1;A01
201400052425;0;1;0;0;2;8;13;A01
201400052425;0;37;1;0;2;7;1;B01
201400052426;0;33;0;0;1;1;5;A01
201400052427;0;32;0;0;0;7;16;A01
201400052428;0;32;0;0;1;1;1;A01
201400052429;0;7;0;0;1;2;1;A01
201400052430;0;7;0;0;2;3;5;A01
201400052430;0;32;0;0;2;1;1;B01
201400052431;0;32;0;0;0;0;1;A01
201400052432;0;32;0;0;0;0;1;A01
201400052433;0;7;0;0;1;1;1;A01
201400052434;0;7;0;0;1;2;5;A01
201400052435;0;7;0;0;2;5;16;B01
201400052435;0;31;0;0;2;1;18;A01
201400052436;0;7;0;0;1;1;1;A01
201400052437;0;7;0;0;2;7;15;A01
201400052437;0;32;0;0;2;1;1;B01
201400052438;1;7;0;0;2;0;9;Z01
201400052438;0;31;0;0;2;0;1;A01
201400052439;0;37;0;0;1;7;7;A01
201400052440;0;34;0;0;2;2;15;A01
201400052440;0;1;0;0;2;0;1;B01
201400052441;0;7;0;0;1;2;16;A01
201400052442;0;1;0;0;1;1;1;A01
201400052443;0;32;0;0;1;1;1;A01
201400052444;0;31;0;0;1;1;1;A01
201400052445;0;30;0;0;2;3;15;A01
201400052445;0;7;0;0;2;9;1;B01
201400052446;0;7;0;0;1;2;7;A01
201400052447;0;1;0;0;1;1;1;A01
201400052448;0;1;0;0;1;1;1;A01
201400052449;0;7;0;0;1;0;1;A01
201400052450;0;1;0;0;1;3;7;A01
201400052451;0;10;0;0;1;7;1;A01
201400052452;0;31;0;0;2;3;15;B01
201400052452;0;33;0;0;2;2;5;A01
201400052453;0;7;0;0;1;1;1;A01
201400052454;0;7;0;0;2;7;14;A01
201400052454;0;33;0;0;2;7;1;B01
201400052455;0;7;0;0;2;5;12;B01
201400052455;0;32;0;0;2;3;7;A01
201400052456;1;7;0;0;1;1;1;A01
201400052457;0;1;0;0;2;0;7;B01
201400052457;0;1;0;0;2;0;7;A01
201400052458;0;1;0;0;1;1;1;A01
201400052459;0;10;0;0;2;4;20;B01
201400052459;0;34;0;0;2;1;1;A01
201400052460;0;2;0;0;1;0;1;A01
201400052461;0;7;0;0;2;6;23;B01
201400052461;0;7;0;0;2;2;1;A01
201400052462;0;1;0;0;2;0;1;B01
201400052462;0;7;0;1;2;1;1;A01
201400052463;0;32;0;0;2;1;1;B01
201400052463;0;7;0;0;2;5;15;A01
201400052464;0;2;0;0;0;0;21;A01
201400052465;0;7;0;0;2;2;16;A01
201400052465;0;32;0;0;2;1;18;B01
201400052466;0;7;0;0;1;3;1;A01
201400052467;0;7;0;0;2;8;15;A01
201400052467;0;31;0;0;2;1;1;B01
201400052468;0;7;0;0;2;1;15;A01
201400052468;0;33;0;0;2;3;1;B01
201400052469;0;7;0;0;2;2;15;A01
201400052469;0;2;0;0;2;1;1;B01
201400052470;0;7;0;0;2;1;2;A01
201400052470;0;7;0;0;2;4;23;B01
201400052471;0;1;0;0;2;7;14;A01
201400052471;0;30;0;0;2;3;1;B01
201400052472;0;1;0;0;1;1;1;A01
201400052473;0;7;0;0;2;3;23;B01
201400052473;0;14;0;0;2;5;17;A01
201400052474;0;1;0;0;2;6;15;B01
201400052474;0;32;0;0;2;8;5;A01
201400052475;0;7;0;0;1;4;4;A01
201400052476;0;7;0;0;1;1;16;A01
201400052477;0;32;0;0;0;0;1;A01
201400052478;0;7;0;0;1;2;16;A01
201400052479;0;7;0;0;2;3;15;B01
201400052479;0;33;0;0;2;5;17;A01
201400052480;0;33;0;0;1;1;9;A01
201400052481;0;33;0;0;2;1;1;B01
201400052481;0;7;0;0;2;7;15;A01
201400052482;0;7;0;0;1;1;1;A01
201400052483;0;31;0;0;1;1;1;A01
201400052484;0;33;0;0;2;8;2;A01
201400052484;0;7;0;0;2;6;2;B01
201400052485;0;31;0;0;2;4;2;B01
201400052485;0;7;0;0;2;2;23;A01
201400052486;0;7;0;0;1;0;1;A01
201400052487;0;7;0;0;2;2;16;A01
201400052487;0;32;0;0;2;8;18;B01
201400052488;1;7;0;0;1;0;1;Z01
201400052489;0;32;0;0;1;1;1;A01
201400052490;0;32;0;0;0;0;1;A01
201400052491;0;7;0;0;1;2;0;A01
201400052492;0;7;0;0;2;2;1;B01
201400052492;0;32;0;0;2;0;14;A01
201400052493;0;7;0;0;2;5;12;A01
201400052493;0;32;0;0;2;8;1;B01
201400052494;0;1;0;0;1;2;1;A01
201400052495;1;7;0;0;1;2;1;Z01
201400052496;0;32;0;0;0;0;21;A01
201400052497;0;7;0;0;1;2;1;A01
201400052498;0;10;0;0;2;7;17;A01
201400052498;0;1;0;0;2;3;1;B01
201400052499;0;30;0;0;0;8;1;A01
201400052500;0;7;0;0;2;8;1;B01
201400052500;0;7;0;0;2;1;1;A01
201400052501;0;10;0;9;2;1;1;A01
201400052501;0;10;0;0;1;1;1;B01
201400052501;0;32;0;0;2;0;1;C01
201400052502;0;10;0;0;1;4;4;A01
201400052503;0;7;0;8;0;1;13;A01
201400052504;0;31;0;0;1;2;1;A01
201400052505;0;30;0;0;0;0;1;A01
201400052506;0;33;0;0;2;2;15;A01
201400052506;0;7;0;0;2;3;1;B01
201400052507;0;1;0;0;2;1;1;B01
201400052507;0;7;0;0;2;3;9;A01
201400052508;0;30;0;0;0;0;1;A01
201400052509;0;31;0;0;2;8;1;A01
201400052509;1;7;0;0;2;0;14;Z01
201400052510;0;10;0;0;2;3;9;A01
201400052510;0;33;0;0;2;1;1;B01
201400052511;0;7;0;0;1;3;1;A01
201400052512;0;7;0;0;2;8;13;A01
201400052512;0;34;0;0;2;7;17;B01
201400052513;0;7;0;0;2;7;17;A01
201400052513;0;1;0;0;2;8;7;B01
201400052514;0;37;40;0;1;2;7;A01
201400052515;0;1;0;0;2;2;1;A01
201400052515;0;7;0;0;2;1;1;B01
201400052516;0;38;0;0;1;2;1;A01
201400052517;0;7;0;0;2;7;15;A01
201400052517;0;1;0;0;2;1;7;B01
201400052518;0;30;0;0;1;8;1;A01
201400052519;0;32;0;0;2;1;1;B01
201400052519;0;7;0;0;2;1;15;A01
201400052520;0;33;0;0;0;0;1;A01
201400052521;0;7;0;0;2;2;1;B01
201400052521;0;7;0;0;2;6;10;A01
201400052522;0;1;0;1;2;1;1;B01
201400052522;0;7;0;0;2;2;22;A01
201400052523;0;30;0;11;0;0;1;A01
201400052524;0;7;0;0;1;3;15;A01
201400052525;1;30;0;0;1;1;1;Z01
201400052526;0;30;0;0;2;0;16;A01
201400052526;0;30;0;0;2;7;1;B01
201400052527;0;7;0;0;1;2;15;A01
201400052528;0;33;0;0;2;1;2;A01
201400052528;0;7;0;0;2;5;23;B01
201400052529;0;34;0;0;1;1;1;A01
201400052530;0;7;0;0;1;2;16;A01
201400052531;0;1;0;0;1;1;1;A01
201400052532;1;30;0;0;1;1;1;Z01
201400052533;0;30;0;0;0;3;1;A01
201400052534;0;7;0;0;1;2;15;A01
201400052535;0;7;0;0;2;6;23;B01
201400052535;0;31;0;0;2;1;2;A01
201400052536;0;7;0;0;2;1;1;A01
201400052536;0;1;0;0;2;7;16;B01
201400052537;0;1;0;0;1;1;1;A01
201400052538;0;7;0;0;1;6;4;A01
201400052539;1;7;0;0;1;0;15;A01
201400052540;0;7;0;0;1;4;4;A01
201400052541;0;7;0;0;1;3;1;A01
201400052542;0;32;0;0;0;0;1;A01
201400052543;0;33;0;0;2;2;17;B01
201400052543;0;10;0;0;0;3;10;A01
201400052544;0;7;0;0;1;1;15;A01
201400052545;0;1;0;0;2;7;14;B01
201400052545;0;32;0;0;2;8;1;A01
201400052546;0;32;0;0;0;0;1;A01
201400052547;0;30;0;0;2;1;1;B01
201400052547;0;7;0;0;0;7;10;A01
201400052548;0;10;0;0;2;1;2;A01
201400052548;0;7;0;0;2;4;2;B01
201400052549;0;32;0;0;0;7;1;A01
201400052550;1;7;0;0;1;2;1;Z01
201400052551;0;10;0;0;2;2;22;A01
201400052551;0;31;0;0;2;3;1;B01
201400052552;0;13;0;0;1;4;4;A01
201400052553;0;7;0;0;2;3;15;A01
201400052553;0;30;0;0;2;3;1;B01
201400052554;0;1;0;0;2;1;9;A01
201400052554;0;32;0;0;9;7;1;B01
201400052555;0;7;0;0;1;5;20;A01
201400052556;0;32;0;0;1;2;1;A01
201400052557;0;32;0;0;2;4;1;A01
201400052557;0;7;0;0;2;4;1;B01
201400052558;0;33;0;0;2;2;7;A01
201400052558;0;7;0;0;2;2;16;B01
201400052559;0;32;0;0;2;7;17;B01
201400052559;0;7;0;0;2;3;13;A01
201400052560;0;7;0;0;2;6;23;B01
201400052560;0;32;0;0;2;2;2;A01
201400052561;0;7;0;11;0;3;15;A01
201400052562;0;7;0;0;2;7;1;A01
201400052562;2;7;0;0;2;1;1;Z01
201400052563;0;31;0;0;2;0;17;A01
201400052563;0;1;0;0;2;8;15;B01
201400052564;0;33;0;0;0;7;17;B01
201400052564;0;7;0;0;2;6;13;A01
201400052565;0;1;0;0;0;0;1;A01
201400052566;0;7;0;0;1;1;16;A01
201400052567;0;10;0;0;2;6;23;B01
201400052567;0;1;0;0;2;1;2;A01
201400052568;0;7;0;0;2;2;16;A01
201400052568;0;33;0;0;2;6;18;B01
201400052569;0;7;0;0;1;3;15;A01
201400052570;0;33;0;0;2;1;18;A01
201400052570;0;7;0;0;2;0;1;C01
201400052570;0;7;0;0;2;0;12;B01
201400052571;0;7;0;1;0;2;14;A01
201400052572;0;2;0;0;0;0;21;A01
201400052573;0;7;0;0;1;1;7;A01
201400052574;0;10;0;0;2;2;2;A01
201400052574;0;31;0;0;2;4;23;B01
201400052575;0;10;0;0;1;2;1;A01
201400052576;0;31;0;0;2;3;1;B01
201400052576;0;10;0;0;2;2;15;A01
201400052577;0;7;0;0;2;4;23;B01
201400052577;0;32;0;0;2;1;1;A01
201400052578;0;32;0;0;2;3;1;B01
201400052578;0;7;0;0;2;2;19;A01
201400052579;0;31;0;0;1;1;1;B01
201400052579;0;33;0;0;2;8;9;A01
201400052580;0;7;0;0;2;2;15;A01
201400052580;0;2;0;0;2;1;1;B01
201400052581;0;30;0;0;0;2;16;A01
201400052582;0;7;0;0;1;6;20;A01
201400052583;0;7;0;0;1;1;1;A01
201400052584;0;7;0;0;2;2;16;A01
201400052584;0;1;0;1;2;1;1;B01
201400052585;0;32;0;0;1;7;1;A01
201400052586;0;32;0;0;2;1;1;B01
201400052586;0;7;0;0;2;2;15;A01
201400052587;0;37;0;0;1;1;16;A01
201400052588;0;7;0;7;0;3;1;A01
201400052589;0;31;0;0;2;1;1;B01
201400052589;0;7;0;0;2;1;15;A01
201400052590;0;1;0;0;1;7;5;A01
201400052591;0;1;0;0;2;7;7;A01
201400052591;0;7;0;0;2;1;16;B01
201400052592;0;1;0;1;2;7;1;B01
201400052592;0;7;0;0;2;3;22;A01
201400052593;0;7;0;0;2;6;1;B01
201400052593;0;7;0;0;2;1;1;A01
201400052594;0;2;0;1;1;1;18;A01
201400052594;0;7;0;0;2;7;16;B01
201400052595;0;31;0;0;0;7;21;A01
201400052596;0;1;0;0;2;5;23;B01
201400052596;0;7;0;0;2;3;2;A01
201400052597;0;30;0;0;2;5;1;A01
201400052597;0;31;0;0;2;1;1;B01
201400052598;0;34;0;0;1;1;1;A01
201400052599;0;30;0;12;0;7;14;A01
201400052600;0;7;0;0;2;3;15;B01
201400052600;0;32;0;0;2;2;5;A01
201400052601;0;30;0;1;0;1;21;A01
201400052602;0;7;0;0;2;8;22;A01
201400052602;0;1;0;0;2;7;1;B01
201400052603;0;1;0;0;2;6;15;A01
201400052603;0;30;0;0;2;2;1;B01
201400052604;1;7;0;0;1;7;7;Z01
201400052605;0;7;0;0;2;1;10;A01
201400052605;0;32;0;0;2;8;1;B01
201400052606;0;33;0;0;2;6;2;B01
201400052606;0;10;0;0;2;6;15;A01
201400052607;0;33;0;0;0;1;21;A01
201400052608;0;30;0;1;2;1;1;A01
201400052608;0;7;0;0;2;2;23;B01
201400052609;0;7;0;0;2;4;20;A01
201400052609;0;1;0;0;2;1;1;B01
201400052610;0;32;0;0;0;7;1;A01
201400052611;1;1;0;0;2;0;14;Z01
201400052611;0;1;0;0;2;0;1;A01
201400052612;0;7;0;0;2;1;1;A01
201400052612;0;7;0;0;2;4;23;B01
201400052613;0;1;0;0;0;0;1;A01
201400052614;0;7;0;0;2;7;17;A01
201400052614;0;1;0;0;2;8;1;B01
201400052615;0;2;0;0;2;1;1;B01
201400052615;0;7;0;0;2;2;15;A01
201400052616;0;7;0;0;1;3;1;A01
201400052617;0;7;0;0;1;7;7;A01
201400052618;0;30;0;0;2;1;1;A01
201400052618;1;7;0;0;2;8;1;Z01
201400052619;0;7;0;0;2;8;14;A01
201400052619;0;31;0;0;2;7;1;B01
201400052620;0;30;0;0;1;1;1;A01
201400052621;0;1;0;0;0;0;7;A01
201400052622;0;7;0;0;2;3;10;A01
201400052622;0;33;0;0;2;1;1;B01
201400052623;0;34;0;0;2;4;23;B01
201400052623;0;7;0;0;2;2;1;A01
201400052624;0;32;0;1;0;3;9;A01
201400052625;0;2;0;0;0;0;21;A01
201400052626;0;32;0;0;0;0;21;A01
201400052627;0;1;0;0;2;1;1;B01
201400052627;0;10;0;0;2;6;4;A01
201400052628;0;7;0;0;2;2;7;A01
201400052628;0;1;0;0;2;3;7;B01
201400052629;0;32;0;0;2;3;17;A01
201400052629;0;7;0;0;2;3;13;B01
201400052630;0;7;0;0;1;8;7;A01
201400052631;0;34;0;0;2;1;17;A01
201400052631;0;7;0;0;2;3;15;B01
201400052632;0;7;0;0;1;5;20;A01
201400052633;0;1;0;0;0;0;1;A01
201400052634;0;33;0;0;2;1;1;B01
201400052634;0;7;0;0;2;2;15;A01
201400052635;0;7;0;0;2;3;15;B01
201400052635;0;33;0;0;2;2;17;A01
201400052636;0;10;0;0;2;5;24;B01
201400052636;0;2;0;1;2;1;1;A01
201400052637;0;7;0;0;2;7;15;A01
201400052637;0;34;0;0;2;1;1;B01
201400052638;0;7;0;0;2;7;1;B01
201400052638;0;7;0;0;2;1;10;A01
201400052639;0;33;0;0;2;1;1;A01
201400052639;1;10;0;0;2;8;9;Z01
201400052640;0;1;0;0;2;2;19;B01
201400052640;0;7;0;0;2;2;16;A01
201400052641;0;2;0;0;0;8;1;A01
201400052642;0;32;0;0;2;4;2;B01
201400052642;0;7;0;0;2;7;2;A01
201400052643;0;30;0;0;0;7;1;A01
201400052644;0;1;0;0;2;1;1;B01
201400052644;0;7;0;0;2;1;22;A01
201400052645;0;33;0;0;1;1;18;A01
201400052646;0;30;0;0;0;0;16;A01
201400052647;0;7;0;0;2;7;16;A01
201400052647;0;30;0;0;2;8;1;B01
201400052648;0;1;0;0;2;1;7;A01
201400052648;0;7;0;0;2;2;1;B01
201400052649;0;32;0;0;2;1;1;B01
201400052649;0;13;0;0;2;1;15;A01
201400052650;0;32;0;0;2;4;23;B01
201400052650;0;7;0;0;2;1;16;A01
201400052651;0;7;0;0;2;2;17;A01
201400052651;0;38;1;0;2;3;15;B01
201400052652;0;7;0;0;2;5;15;A01
201400052652;0;33;0;0;2;1;1;B01
201400052653;0;7;0;0;2;3;10;A01
201400052653;0;33;0;0;2;2;1;B01
201400052654;0;7;0;7;0;1;1;A01
201400052655;0;30;0;0;0;0;1;A01
201400052656;0;31;0;0;0;0;1;A01
201400052657;0;32;0;0;2;5;17;A01
201400052657;0;7;0;0;2;3;15;B01
201400052658;0;1;0;0;2;5;16;B01
201400052658;0;7;0;0;2;2;16;A01
201400052659;0;7;0;0;2;1;1;A01
201400052659;0;7;0;0;2;2;1;B01
201400052660;0;7;0;14;0;1;15;A01
201400052661;0;30;0;0;2;1;1;A01
201400052661;0;30;0;0;2;8;1;B01
201400052662;0;14;0;0;2;6;2;B01
201400052662;0;10;0;0;2;2;2;A01
201400052663;0;34;0;0;0;8;1;A01
201400052664;0;7;0;0;2;3;1;A01
201400052664;0;1;0;0;2;2;1;B01
201400052665;0;33;0;0;2;8;1;B01
201400052665;0;7;0;0;2;1;1;A01
201400052666;0;7;0;0;2;3;7;B01
201400052666;0;34;0;0;2;2;16;A01
201400052667;0;1;0;0;2;0;13;A01
201400052667;0;34;0;0;2;0;1;B01
201400052668;0;7;0;0;2;2;15;A01
201400052668;0;1;0;0;2;1;1;B01
201400052669;0;10;0;0;2;7;16;A01
201400052669;0;30;0;0;2;8;18;B01
201400052670;0;33;0;0;2;5;23;B01
201400052670;0;38;1;0;2;5;15;A01
201400052671;0;7;0;0;2;3;1;B01
201400052671;0;1;0;0;2;1;7;A01
201400052672;0;1;0;0;2;1;2;A01
201400052672;0;7;0;0;2;4;2;B01
201400052673;0;7;0;0;2;3;15;A01
201400052673;0;32;0;0;2;1;17;B01
201400052674;0;1;0;0;2;7;7;A01
201400052674;0;10;0;0;2;2;1;B01
201400052675;0;7;0;0;1;2;1;A01
201400052676;0;30;0;0;0;7;15;A01
201400052677;0;38;0;0;2;1;15;A01
201400052677;0;7;0;0;2;4;15;B01
201400052678;0;33;0;0;2;4;23;B01
201400052678;0;30;0;0;2;4;1;A01
201400052679;0;7;0;0;1;4;4;A01
201400052680;0;7;0;0;2;3;17;A01
201400052680;0;2;0;0;2;1;1;B01
201400052681;0;7;0;0;2;3;15;A01
201400052681;0;32;0;0;2;7;17;B01
201400052682;1;31;0;0;1;0;1;A01
201400052683;0;15;0;0;2;7;16;A01
201400052683;0;1;0;12;2;8;16;B01
201400052684;0;7;0;0;2;4;2;A01
201400052684;0;32;0;0;2;4;15;B01
201400052684;0;7;0;0;2;1;1;C01
201400052685;0;33;0;0;1;2;17;A01
201400052686;0;37;0;0;1;3;7;A01
201400052687;0;33;0;0;2;2;1;B01
201400052687;0;7;0;0;2;3;11;A01
201400052688;0;32;0;0;2;3;18;A01
201400052688;0;7;0;0;2;7;1;B01
201400052689;0;7;0;0;2;2;1;A01
201400052689;0;32;0;0;2;7;1;B01
201400052690;0;32;0;0;2;4;3;A01
201400052690;0;7;0;0;2;1;1;B01
201400052691;0;7;0;0;2;2;16;A01
201400052691;0;34;0;0;2;8;1;B01
201400052692;0;10;0;0;2;2;1;A01
201400052692;0;1;0;0;2;3;13;B01
201400052693;0;33;0;0;1;0;16;A01
201400052694;0;7;0;0;1;6;4;A01
201400052695;0;7;0;0;2;6;1;B01
201400052695;0;7;0;0;2;2;15;A01
201400052696;0;10;0;0;2;3;22;A01
201400052696;0;1;0;0;2;2;1;B01
201400052697;0;31;0;0;2;0;21;A01
201400052698;0;32;0;0;2;1;2;A01
201400052698;0;33;0;0;2;4;23;B01
201400052699;0;37;1;0;2;5;1;C01
201400052699;0;34;0;0;2;7;3;B01
201400052699;0;7;0;0;2;3;13;A01
201400052700;0;10;0;0;1;4;4;A01
201400052701;0;7;0;0;2;8;15;B01
201400052701;0;7;0;15;2;2;17;A01
201400052702;0;30;0;0;2;2;2;A01
201400052702;0;7;0;0;2;6;23;B01
201400052703;0;7;0;12;0;1;14;A01
201400052704;0;7;0;0;2;2;15;A01
201400052704;0;32;0;0;2;3;1;B01
201400052705;0;7;0;0;2;7;17;A01
201400052705;0;10;0;0;2;4;1;C01
201400052705;0;7;0;0;2;8;1;B01
201400052706;0;7;0;0;2;6;1;B01
201400052706;0;31;0;0;2;1;1;A01
201400052707;0;30;0;0;2;7;1;B01