num_acc;senc;catv;occutc;obs;obsm;choc;manv;num_veh
201400052707;0;7;0;0;2;8;10;A01
201400052708;0;33;0;0;2;8;1;B01
201400052708;0;7;0;0;2;1;1;A01
201400052709;0;7;0;0;2;1;1;A01
201400052709;0;7;0;0;2;4;1;B01
201400052710;0;34;0;8;0;7;14;A01
201400052711;0;7;0;0;2;3;15;B01
201400052711;0;30;0;0;2;5;17;A01
201400052712;0;1;0;12;0;0;13;A01
201400052713;0;30;0;0;0;3;1;A01
201400052714;0;7;0;0;2;6;1;B01
201400052714;0;7;0;0;2;1;1;A01
201400052715;0;1;0;0;2;4;2;B01
201400052715;0;7;0;0;2;3;2;A01
201400052716;0;33;0;0;2;4;23;B01
201400052716;0;7;0;0;2;3;2;A01
201400052717;0;7;0;0;2;2;13;A01
201400052717;0;1;0;0;2;4;1;B01
201400052718;0;33;0;0;1;1;15;A01
201400052719;0;7;0;1;1;7;16;A01
201400052720;0;33;0;0;2;7;17;B01
201400052720;0;7;0;0;2;3;15;A01
201400052721;0;7;0;0;2;7;1;A01
201400052721;0;32;0;0;2;1;1;B01
201400052722;0;7;0;0;1;4;4;A01
201400052723;0;7;0;0;2;2;17;A01
201400052723;0;1;0;0;2;1;15;B01
201400052724;0;30;0;0;0;0;17;A01
201400052725;0;33;0;8;2;2;17;A01
201400052725;0;7;0;0;2;3;15;B01
201400052726;0;1;0;0;2;4;15;A01
201400052726;0;30;0;0;2;1;1;B01
201400052727;0;10;0;0;2;2;15;B01
201400052727;0;31;0;0;2;2;5;A01
201400052728;0;33;0;0;0;8;13;A01
201400052729;0;7;0;7;0;1;14;A01
201400052730;0;10;0;0;2;1;15;A01
201400052730;0;31;0;0;2;8;1;B01
201400052731;0;7;0;0;2;7;17;A01
201400052731;0;1;0;0;2;8;1;B01
201400052732;0;1;0;0;2;1;1;B01
201400052732;0;7;0;0;2;5;16;A01
201400052733;1;2;0;0;1;7;5;Z01
201400052734;0;7;0;0;2;5;15;B01
201400052734;0;7;0;0;2;2;7;A01
201400052735;0;7;0;0;2;8;15;B01
201400052735;0;32;0;0;2;1;5;A01
201400052736;0;7;0;1;2;3;11;A01
201400052736;0;34;0;0;2;2;1;B01
201400052736;1;7;0;0;2;0;11;Z01
201400052737;0;10;0;0;1;1;1;A01
201400052738;0;1;0;0;2;8;16;B01
201400052738;0;7;0;0;2;2;16;A01
201400052739;0;30;0;0;0;6;1;A01
201400052740;0;2;0;0;2;1;1;A01
201400052740;0;1;0;0;2;6;1;B01
201400052741;0;7;0;0;2;7;15;B01
201400052741;0;30;0;0;2;1;18;A01
201400052742;0;33;0;1;0;1;1;A01
201400052743;0;7;0;11;0;1;16;A01
201400052744;0;30;0;0;2;7;1;A01
201400052744;0;31;0;0;2;1;1;B01
201400052745;0;7;0;0;2;0;14;A01
201400052745;0;30;0;0;2;0;16;B01
201400052746;0;30;0;0;0;8;1;A01
201400052747;0;1;0;0;0;1;1;A01
201400052748;0;30;0;0;0;0;1;A01
201400052749;1;7;0;0;2;0;1;Z01
201400052749;0;1;0;0;2;7;1;A01
201400052750;0;33;0;0;2;2;1;A01
201400052750;0;10;0;0;2;8;19;B01
201400052751;0;10;0;0;1;7;1;A01
201400052752;0;30;0;0;0;0;21;A01
201400052753;0;7;0;0;2;2;12;A01
201400052753;0;32;0;0;2;8;1;B01
201400052754;0;32;0;0;0;8;21;A01
201400052755;0;32;0;0;1;1;16;A01
201400052756;0;7;0;0;2;7;16;A01
201400052756;0;31;0;0;2;1;1;B01
201400052757;0;7;0;0;0;2;12;A01
201400052757;0;2;0;0;2;3;12;B01
201400052758;1;30;0;0;1;2;1;Z01
201400052759;0;7;0;1;0;2;1;A01
201400052759;0;7;0;0;0;6;24;B01
201400052760;0;7;0;0;0;2;7;A01
201400052760;0;1;0;0;2;3;13;B01
201400052761;0;33;0;0;2;4;23;B01
201400052761;0;7;0;0;2;1;2;A01
201400052762;0;7;0;0;2;1;1;A01
201400052762;0;33;0;0;2;8;1;B01
201400052763;0;1;0;0;2;3;1;B01
201400052763;0;7;0;0;2;2;1;A01
201400052764;0;32;0;0;2;1;17;A01
201400052764;0;7;0;0;2;6;15;B01
201400052765;0;7;0;0;2;3;10;A01
201400052765;0;30;0;0;2;1;17;B01
201400052766;0;7;0;0;2;2;2;A01
201400052766;0;33;0;0;2;4;23;B01
201400052767;0;34;0;0;2;7;1;B01
201400052767;0;7;0;0;2;8;11;A01
201400052768;1;7;0;0;1;0;16;Z01
201400052769;0;33;0;0;2;6;1;B01
201400052769;0;7;0;0;2;2;1;A01
201400052770;0;2;0;0;0;8;1;A01
201400052771;0;7;0;0;1;1;2;A01
201400052772;0;33;0;0;2;7;1;A01
201400052772;0;7;0;0;2;1;1;B01
201400052773;0;7;0;0;2;3;1;B01
201400052773;0;30;0;0;2;1;1;A01
201400052774;0;7;0;0;1;1;15;A01
201400052775;0;30;0;0;2;7;1;A01
201400052775;0;7;0;0;2;3;1;B01
201400052776;0;7;0;0;1;7;15;A01
201400052777;0;34;0;0;0;0;13;A01
201400052778;0;7;0;0;2;2;16;A01
201400052778;0;32;0;0;2;8;1;B01
201400052779;0;7;0;0;2;1;15;A01
201400052779;0;32;0;0;2;8;1;B01
201400052780;0;7;0;0;1;1;1;A01
201400052781;0;7;0;0;2;4;23;B01
201400052781;0;7;0;0;2;4;23;C01
201400052781;0;14;0;0;2;1;2;A01
201400052782;0;1;0;0;9;2;1;B01
201400052782;0;1;0;0;9;1;1;A01
201400052783;0;2;0;0;2;7;1;A01
201400052783;0;7;0;0;2;5;14;B01
201400052784;0;7;0;0;0;2;16;A01
201400052784;0;33;0;0;2;8;18;B01
201400052785;0;32;0;0;1;1;1;A01
201400052786;0;7;0;0;2;3;10;A01
201400052786;0;32;0;0;2;1;1;B01
201400052787;0;32;0;0;1;1;1;A01
201400052788;0;32;0;0;1;1;1;A01
201400052789;0;7;0;0;2;5;15;A01
201400052789;0;34;0;0;2;1;1;B01
201400052790;0;32;0;0;0;8;1;A01
201400052791;1;7;0;0;1;3;16;Z01
201400052792;0;7;0;7;0;3;13;A01
201400052793;0;30;0;0;2;8;13;A01
201400052793;0;7;0;0;2;2;1;B01
201400052794;0;7;0;0;2;4;23;B01
201400052794;0;7;0;0;2;1;11;A01
201400052795;0;7;0;0;2;6;11;A01
201400052795;0;7;0;0;2;2;1;B01
201400052796;0;7;0;0;2;1;1;A01
201400052796;0;7;0;0;2;8;1;B01
201400052797;0;34;0;0;1;2;1;A01
201400052798;0;31;0;0;2;8;1;A01
201400052798;1;7;0;0;2;0;13;Z01
201400052799;0;31;0;0;2;3;1;A01
201400052799;0;32;0;0;2;4;16;B01
201400052800;0;7;0;7;0;1;13;A01
201400052801;0;7;0;8;0;1;14;A01
201400052802;0;7;0;0;1;2;1;A01
201400052803;0;7;0;0;2;4;23;B01
201400052803;0;32;0;0;2;1;2;A01
201400052804;0;30;0;0;1;1;1;A01
201400052805;0;32;0;0;0;0;1;A01
201400052806;0;34;0;0;1;5;1;A01
201400052807;0;7;0;0;2;2;1;A01
201400052807;0;7;0;0;2;4;23;B01
201400052807;0;7;0;0;2;4;23;C01
201400052808;0;7;0;0;2;0;15;B01
201400052808;0;7;0;0;2;0;1;A01
201400052809;1;7;0;0;2;7;16;Z01
201400052809;0;1;0;0;2;8;1;A01
201400052810;0;10;0;0;2;1;1;A01
201400052810;0;2;0;0;2;4;23;B01
201400052811;0;7;0;0;2;1;16;A01
201400052811;0;10;0;0;2;3;17;B01
201400052812;0;7;0;0;2;2;15;A01
201400052812;0;31;0;0;2;1;1;B01
201400052813;0;1;0;0;2;1;1;B01
201400052813;0;10;0;0;2;5;15;A01
201400052814;0;33;0;0;2;1;18;B01
201400052814;0;7;0;0;2;7;16;A01
201400052815;0;7;0;0;2;2;1;A01
201400052815;0;1;0;0;2;3;13;B01
201400052816;0;7;0;0;2;1;2;A01
201400052816;0;7;0;0;2;4;23;B01
201400052817;0;10;0;0;2;2;16;B01
201400052817;0;30;0;0;2;3;7;A01
201400052818;0;31;0;0;1;1;1;A01
201400052819;0;33;0;0;2;8;17;A01
201400052819;0;7;0;0;2;8;15;B01
201400052820;0;30;0;0;2;5;5;A01
201400052820;0;30;0;0;2;1;15;B01
201400052821;0;33;0;0;1;1;1;A01
201400052822;0;7;0;0;2;4;23;B01
201400052822;0;2;0;0;2;1;2;A01
201400052823;0;30;0;0;2;1;1;A01
201400052823;0;7;0;0;2;3;15;B01
201400052824;0;34;0;0;2;1;0;A01
201400052824;0;37;0;0;2;6;2;B01
201400052825;0;1;0;0;2;4;2;B01
201400052825;0;30;0;0;2;1;2;A01
201400052826;0;14;0;0;2;2;16;A01
201400052826;0;34;0;0;2;8;1;B01
201400052827;0;33;0;0;2;2;1;B01
201400052827;0;1;0;0;2;4;13;A01
201400052828;0;32;0;0;2;8;1;B01
201400052828;0;34;0;0;2;1;1;A01
201400052829;0;33;0;0;1;1;1;A01
201400052830;0;7;0;0;2;7;10;A01
201400052830;0;34;0;0;2;1;1;B01
201400052831;0;7;0;0;2;1;1;A01
201400052831;0;1;0;0;2;4;23;B01
201400052831;0;1;0;0;2;7;23;C01
201400052832;0;2;0;14;0;7;1;A01
201400052833;0;33;0;0;2;1;1;A01
201400052833;0;32;0;0;2;6;15;B01
201400052834;0;7;0;0;1;4;20;A01
201400052835;0;7;0;0;2;2;16;B01
201400052835;0;34;0;0;2;8;18;A01
201400052836;0;7;0;0;2;2;1;B01
201400052836;0;34;0;0;2;8;15;A01
201400052837;0;7;0;1;2;1;1;A01
201400052837;0;7;0;0;2;4;23;B01
201400052838;0;7;0;0;1;3;1;A01
201400052839;0;7;0;0;2;4;2;B01
201400052839;0;37;1;0;2;4;2;C01
201400052839;0;37;3;8;2;1;2;A01
201400052840;0;7;0;0;1;3;16;A01
201400052841;0;33;0;0;2;3;1;B01
201400052841;0;7;0;0;2;1;15;A01
201400052842;0;32;0;1;2;5;1;A01
201400052842;0;10;0;0;2;3;16;B01
201400052843;1;7;0;0;2;4;2;B01
201400052843;0;7;0;0;2;1;2;A01
201400052844;0;33;0;0;2;2;17;B01
201400052844;0;10;0;0;2;8;13;A01
201400052845;0;7;0;0;2;7;1;A01
201400052845;0;32;0;0;2;8;1;B01
201400052846;0;7;0;1;1;4;4;A01
201400052847;0;7;0;0;2;1;1;A01
201400052847;0;30;0;0;2;8;1;B01
201400052848;0;7;0;0;2;8;13;A01
201400052848;0;2;0;0;2;7;17;B01
201400052849;0;7;0;0;2;6;1;C01
201400052849;0;30;0;0;2;1;2;A01
201400052849;0;7;0;0;2;4;15;B01
201400052850;0;10;0;0;2;7;15;A01
201400052850;0;33;0;0;2;1;1;B01
201400052851;0;7;0;0;2;2;16;A01
201400052851;0;34;0;0;2;6;1;B01
201400052852;0;7;0;0;2;0;1;C01
201400052852;0;32;0;0;2;1;17;A01
201400052852;0;7;0;0;2;3;15;B01
201400052853;0;30;0;0;0;0;1;A01
201400052854;0;7;0;0;2;7;12;A01
201400052854;0;32;0;0;2;8;1;B01
201400052855;0;7;0;0;2;2;1;A01
201400052855;0;34;0;0;2;6;23;B01
201400052856;0;7;0;0;2;7;22;A01
201400052856;0;1;0;0;2;3;18;B01
201400052857;0;7;0;0;2;2;1;B01
201400052857;0;33;0;0;2;6;15;A01
201400052858;0;32;0;0;2;2;1;A01
201400052858;0;7;0;0;2;6;23;B01
201400052859;0;7;0;0;2;2;1;A01
201400052859;0;33;0;0;2;1;1;B01
201400052860;0;2;0;0;2;3;1;B01
201400052860;0;7;0;0;2;2;13;A01
201400052861;0;10;0;0;1;4;4;A01
201400052862;0;1;0;0;2;1;19;A01
201400052862;0;7;0;0;2;2;1;B01
201400052863;0;7;0;0;2;4;1;B01
201400052863;0;7;0;0;2;1;1;A01
201400052863;0;7;0;0;2;4;1;C01
201400052864;0;30;0;0;0;8;1;A01
201400052865;0;10;0;0;2;1;2;A01
201400052865;0;7;0;0;2;4;2;C01
201400052865;0;7;0;0;2;4;2;B01
201400052866;0;1;0;0;2;0;19;B01
201400052866;0;7;0;0;2;7;16;A01
201400052867;0;33;0;14;0;1;1;A01
201400052868;0;7;0;0;2;5;23;A01
201400052868;0;34;0;0;2;5;2;B01
201400052869;0;7;0;0;2;1;1;A01
201400052869;0;7;0;0;2;3;15;B01
201400052870;0;2;0;0;0;0;15;A01
201400052871;0;7;0;0;2;1;1;A01
201400052871;0;10;0;0;2;4;1;B01
201400052872;0;33;0;0;2;7;17;A01
201400052872;0;7;0;0;2;8;1;B01
201400052873;0;7;0;0;2;1;1;A01
201400052873;0;7;0;0;2;4;23;B01
201400052874;0;7;0;0;1;3;1;A01
201400052875;0;33;0;0;2;2;1;B01
201400052875;0;7;0;0;2;6;22;A01
201400052876;0;32;0;0;2;1;1;B01
201400052876;0;7;0;0;2;5;1;A01
201400052877;0;32;0;0;0;7;1;A01
201400052878;0;7;0;0;2;8;22;A01
201400052878;0;1;0;1;2;1;1;B01
201400052879;0;2;0;0;0;8;1;A01
201400052880;0;33;0;0;2;1;5;B01
201400052880;0;7;0;0;2;6;10;A01
201400052881;0;31;0;0;2;5;2;B01
201400052881;0;30;0;0;2;1;2;A01
201400052882;0;7;0;0;2;5;2;C01
201400052882;0;7;0;0;2;1;2;A01
201400052882;0;34;0;0;2;4;2;B01
201400052883;0;2;0;0;2;1;2;A01
201400052883;0;7;0;0;2;6;23;B01
201400052884;0;33;0;0;0;8;1;A01
201400052885;0;2;0;0;2;0;1;B01
201400052885;0;7;0;0;2;7;16;A01
201400052886;0;33;0;1;2;2;17;A01
201400052886;0;7;0;0;2;8;20;B01
201400052887;0;7;0;0;2;5;2;B01
201400052887;0;34;0;0;2;3;2;A01
201400052888;0;7;0;0;2;4;23;B01
201400052888;0;7;0;0;2;1;1;A01
201400052889;0;7;0;0;1;1;1;A01
201400052890;0;7;0;0;1;1;1;A01
201400052891;0;7;0;0;1;1;16;A01
201400052892;0;30;0;0;2;8;1;B01
201400052892;1;13;0;0;2;1;1;A01
201400052893;0;7;0;7;0;9;13;A01
201400052894;0;7;0;0;1;1;15;A01
201400052895;0;7;0;0;2;2;9;B01
201400052895;0;32;0;0;2;1;1;A01
201400052896;0;33;0;0;2;3;16;B01
201400052896;0;7;0;0;2;5;16;A01
201400052897;0;7;0;1;2;3;1;A01
201400052897;0;10;0;0;2;1;1;B01
201400052898;0;7;0;0;2;3;15;A01
201400052898;0;32;0;0;2;2;17;B01
201400052899;0;7;0;0;2;2;1;A01
201400052899;0;30;0;0;2;1;1;B01
201400052900;0;32;0;0;2;7;17;A01
201400052900;0;7;0;0;2;1;9;B01
201400052901;0;34;0;0;2;8;1;B01
201400052901;0;7;0;0;2;2;10;A01
201400052902;0;7;0;0;2;3;1;A01
201400052902;0;7;0;0;2;4;23;B01
201400052903;0;7;0;0;2;3;1;B01
201400052903;0;7;0;0;2;1;1;A01
201400052904;0;7;0;0;2;7;22;A01
201400052904;0;1;0;0;2;1;18;B01
201400052905;0;7;0;0;2;1;15;A01
201400052905;0;33;0;0;2;1;1;B01
201400052906;0;33;0;8;1;2;1;A01
201400052907;0;14;0;0;2;3;22;A01
201400052907;0;1;0;0;2;1;1;B01
201400052908;0;7;0;0;1;2;15;A01
201400052909;0;7;0;0;2;3;15;B01
201400052909;0;34;0;0;2;7;17;A01
201400052910;0;37;12;0;2;1;1;B01
201400052910;0;10;0;0;2;7;15;A01
201400052911;0;7;0;0;2;6;2;B01
201400052911;0;7;0;0;2;1;2;A01
201400052912;1;7;0;0;2;0;16;Z01
201400052912;0;37;16;0;2;3;1;A01
201400052913;0;30;0;0;2;8;7;A01
201400052913;0;7;0;0;2;5;16;B01
201400052914;0;7;0;0;1;2;11;A01
201400052915;0;7;0;0;2;3;9;A01
201400052915;0;31;0;0;2;5;1;B01
201400052916;0;30;0;0;0;0;1;A01
201400052917;0;30;0;0;0;0;1;A01
201400052918;0;34;0;0;1;1;1;A01
201400052919;0;7;0;0;1;1;1;A01
201400052920;0;7;0;0;2;3;1;A01
201400052920;0;34;0;0;2;8;15;B01
201400052921;0;33;0;0;2;1;17;B01
201400052921;0;7;0;0;2;8;10;A01
201400052922;0;30;0;0;1;1;1;A01
201400052923;0;7;0;0;2;2;15;A01
201400052923;0;34;0;0;2;8;15;B01
201400052924;0;2;0;0;0;7;1;A01
201400052925;0;7;0;0;2;3;13;A01
201400052925;0;33;0;0;2;7;17;B01
201400052926;0;7;0;0;2;2;1;C01
201400052926;0;33;0;0;2;9;3;A01
201400052926;0;7;0;0;2;3;1;B01
201400052927;0;7;0;0;2;3;15;A01
201400052927;0;33;0;0;2;8;1;B01
201400052928;0;30;0;1;2;3;1;B01
201400052928;0;7;0;0;2;5;23;A01
201400052929;0;7;0;0;1;1;1;A01
201400052930;0;7;0;0;1;4;4;A01
201400052931;1;7;0;0;1;0;1;Z01
201400052932;0;32;0;0;2;5;1;B01
201400052932;0;33;0;0;2;1;1;A01
201400052933;0;7;0;0;1;8;15;A01
201400052934;0;30;0;12;0;1;1;A01
201400052935;0;30;0;0;0;0;1;A01
201400052936;0;30;0;0;0;0;1;A01
201400052937;0;7;0;0;2;3;10;A01
201400052937;0;32;0;0;2;1;7;B01
201400052938;0;7;0;0;1;1;1;A01
201400052939;0;2;0;0;2;1;1;A01
201400052939;0;7;0;0;2;4;23;B01
201400052940;0;33;0;0;2;1;1;A01
201400052940;0;33;0;0;2;7;1;B01
201400052941;1;7;0;0;1;0;0;Z01
201400052942;0;2;0;0;0;7;1;A01
201400052943;0;7;0;0;2;8;1;B01
201400052943;0;7;0;0;2;1;15;A01
201400052944;0;7;0;0;2;7;16;A01
201400052944;0;32;0;0;2;3;1;B01
201400052945;0;2;0;0;2;7;1;B01
201400052945;1;7;0;0;2;0;16;Z01
201400052946;0;13;0;0;2;0;16;A01
201400052946;0;1;0;0;2;0;1;B01
201400052947;0;7;0;0;2;4;23;B01
201400052947;0;34;0;0;2;1;2;A01
201400052948;0;7;0;0;2;1;13;A01
201400052948;0;30;0;0;2;5;16;B01
201400052949;0;7;0;0;2;3;2;A01
201400052949;0;33;0;0;2;7;2;B01
201400052950;0;7;0;0;2;3;2;A01
201400052950;0;7;0;0;2;4;23;B01
201400052951;0;7;0;0;1;1;1;A01
201400052952;0;1;0;0;1;7;15;A01
201400052953;0;33;0;0;2;0;1;A01
201400052954;0;1;0;0;2;7;1;B01
201400052954;0;37;1;0;2;6;13;A01
201400052955;0;7;0;0;2;3;1;B01
201400052955;0;31;0;0;2;7;1;A01
201400052956;0;31;0;0;2;2;2;A01
201400052956;0;7;0;0;2;3;23;B01
201400052957;0;31;0;0;0;0;21;A01
201400052958;0;34;0;0;2;1;1;B01
201400052958;0;7;0;0;2;2;15;A01
201400052959;0;31;0;0;2;2;1;A01
201400052959;0;7;0;0;2;1;15;B01
201400052960;0;7;0;0;2;2;1;A01
201400052960;0;7;0;0;2;1;1;B01
201400052961;0;31;0;0;0;3;21;A01
201400052962;0;7;0;0;2;3;15;A01
201400052962;0;7;0;0;2;1;1;B01
201400052963;0;33;0;0;2;2;1;B01
201400052963;0;7;0;0;2;3;15;A01
201400052964;0;7;0;0;2;1;15;B01
201400052964;0;34;0;0;2;5;1;A01
201400052965;0;7;0;0;2;3;10;A01
201400052965;0;1;0;0;2;1;1;B01
201400052966;0;31;0;0;2;1;1;A01
201400052966;0;10;0;0;2;2;16;B01
201400052967;0;14;0;0;1;1;15;A01
201400052968;0;7;0;0;2;2;9;A01
201400052968;0;33;0;0;2;1;1;B01
201400052969;0;7;0;0;2;3;1;B01
201400052969;0;7;0;0;2;6;1;A01
201400052970;0;1;0;0;2;1;1;A01
201400052970;0;33;0;0;2;7;1;B01
201400052971;0;33;0;1;0;0;13;A01
201400052972;0;7;0;0;1;2;1;A01
201400052973;0;7;0;0;1;1;1;A01
201400052974;0;37;0;0;1;8;15;A01
201400052975;0;10;0;0;1;5;4;A01
201400052976;0;7;0;0;2;2;1;B01
201400052976;0;7;0;0;2;3;1;A01
201400052977;0;34;0;0;2;0;1;A01
201400052977;0;7;0;0;2;0;15;B01
201400052978;0;10;0;0;2;4;1;A01
201400052978;0;31;0;0;2;1;1;B01
201400052979;0;31;0;0;0;3;1;A01
201400052980;0;7;0;0;2;4;15;B01
201400052980;0;30;0;0;2;3;17;A01
201400052981;0;7;0;0;2;8;22;A01
201400052981;0;1;0;1;2;7;1;B01
201400052982;0;7;0;0;2;0;15;A01
201400052982;0;30;0;0;2;0;1;B01
201400052983;0;7;0;0;2;1;1;A01
201400052983;0;7;0;0;2;8;1;B01
201400052984;0;7;0;0;1;4;4;A01
201400052985;0;30;0;0;2;6;7;A01
201400052985;0;10;0;1;2;2;14;B01
201400052986;0;30;0;0;1;1;18;A01
201400052987;0;7;0;0;2;7;17;B01
201400052987;0;38;1;0;2;6;15;A01
201400052988;0;10;0;0;2;3;1;B01
201400052988;0;2;0;0;2;1;1;A01
201400052989;0;7;0;0;2;8;1;A01
201400052989;2;31;0;0;2;7;17;Z01
201400052990;0;30;0;0;0;7;1;A01
201400052991;0;7;0;0;2;5;9;A01
201400052991;0;32;0;0;2;1;1;B01
201400052992;0;10;0;0;1;4;4;A01
201400052993;0;34;0;8;2;8;18;A01
201400052993;0;7;0;0;2;2;16;B01
201400052994;0;33;0;0;1;1;1;A01
201400052995;0;1;0;0;2;7;1;A01
201400052995;1;30;0;0;2;0;1;Z01
201400052996;0;10;0;0;1;2;16;A01
201400052997;0;7;0;0;1;2;15;A01
201400052998;0;7;0;0;2;4;2;B01
201400052998;0;10;0;0;2;1;2;A01
201400052999;1;30;0;0;2;0;18;Z01
201400052999;0;7;0;0;2;7;16;A01
201400052999;0;33;0;0;2;6;1;B01
201400053000;0;30;0;0;0;7;16;A01
201400053001;0;7;0;0;1;7;4;A01
201400053002;0;7;0;0;2;7;16;A01
201400053002;0;2;0;0;2;8;1;B01
201400053003;0;7;0;0;2;4;23;B01
201400053003;0;7;0;0;2;1;2;A01
201400053004;0;7;0;0;2;1;23;A01
201400053004;0;7;0;0;2;4;2;B01
201400053005;1;7;0;0;2;1;1;Z01
201400053005;0;31;0;8;2;8;1;A01
201400053006;0;1;0;0;1;1;16;A01
201400053007;0;30;0;0;1;1;1;A01
201400053008;0;33;0;0;2;1;1;A01
201400053008;0;33;0;0;2;3;1;B01
201400053009;0;7;0;0;2;1;2;A01
201400053009;0;7;0;0;2;5;23;B01
201400053010;0;1;0;12;0;0;13;A01
201400053011;0;33;0;0;2;6;15;A01
201400053011;0;7;0;0;2;2;1;B01
201400053012;0;32;0;0;2;1;1;C01
201400053012;0;7;0;0;2;4;23;B01
201400053012;0;38;32;0;2;1;1;A01
201400053013;0;33;0;0;2;4;2;A01
201400053013;1;7;0;0;2;0;2;Z01
201400053014;0;32;0;0;0;0;1;A01
201400053015;0;30;0;0;1;1;1;A01
201400053016;0;34;0;0;2;4;1;B01
201400053016;0;7;0;1;2;1;1;A01
201400053016;0;10;0;0;2;1;1;C01
201400053016;0;7;0;0;2;4;1;D01
201400053017;0;7;0;0;2;8;15;B01
201400053017;0;7;0;0;2;1;1;A01
201400053018;0;33;0;0;0;0;1;A01
201400053019;0;7;0;6;0;1;1;A01
201400053020;1;7;0;0;2;7;17;Z01
201400053020;0;1;0;0;2;3;1;A01
201400053021;0;1;0;0;2;1;1;A01
201400053021;0;7;0;0;2;6;1;B01
201400053022;0;33;0;0;2;6;1;A01
201400053022;0;7;0;0;2;1;15;B01
201400053023;0;1;0;0;0;1;21;A01
201400053024;0;2;0;0;1;7;1;A01
201400053025;0;7;0;0;2;1;1;B01
201400053025;0;33;0;0;2;3;1;A01
201400053026;0;10;0;0;2;3;9;A01
201400053026;0;32;0;0;2;2;1;B01
201400053027;0;32;0;0;2;3;18;B01
201400053027;0;7;0;0;2;7;22;A01
201400053028;0;31;0;0;1;1;1;A01
201400053029;0;1;0;0;2;5;2;B01
201400053029;0;10;0;0;2;2;2;A01
201400053030;0;30;0;0;2;3;3;A01
201400053030;0;7;0;0;2;7;1;B01
201400053031;0;31;0;0;0;8;21;A01
201400053032;0;31;0;0;0;7;21;A01
201400053033;0;7;0;0;2;1;1;B01
201400053033;0;2;0;0;2;7;1;A01
201400053034;0;7;0;0;2;1;2;A01
201400053034;0;33;0;0;2;4;23;B01
201400053035;0;33;0;0;2;7;2;A01
201400053035;0;10;0;0;2;4;23;B01
201400053036;0;30;0;0;2;7;1;A01
201400053036;1;7;0;0;2;8;1;Z01
201400053037;0;31;0;0;1;2;1;A01
201400053038;0;33;0;0;2;2;1;A01
201400053038;0;7;0;0;2;6;23;B01
201400053039;0;34;0;14;2;1;17;A01
201400053039;0;37;1;0;2;0;1;B01
201400053040;0;7;0;0;2;7;22;A01
201400053040;0;1;0;0;2;7;1;B01
201400053041;0;7;0;0;2;8;1;B01
201400053041;0;7;0;0;2;7;22;A01
201400053042;0;7;0;0;1;2;1;A01
201400053043;0;33;0;0;0;0;1;A01
201400053044;0;33;0;0;2;8;1;B01
201400053044;0;7;0;0;2;2;15;A01
201400053045;0;33;0;9;0;1;1;A01
201400053046;1;7;0;0;2;8;22;Z01
201400053046;0;2;0;0;2;7;1;A01
201400053047;0;33;0;0;2;4;23;B01
201400053047;0;7;0;0;2;3;15;A01
201400053048;0;7;0;0;2;2;1;A01
201400053048;0;1;0;0;2;4;1;B01
201400053049;0;32;0;0;2;1;5;A01
201400053049;0;7;0;0;2;3;1;B01
201400053050;0;33;0;0;2;1;1;B01
201400053050;0;7;0;0;2;3;15;A01
201400053051;0;7;0;0;2;4;23;B01
201400053051;0;32;0;0;2;9;1;A01
201400053052;0;31;0;0;2;1;18;A01
201400053052;0;7;0;0;2;1;24;B01
201400053053;0;7;0;0;2;3;23;B01
201400053053;0;31;0;0;2;1;2;A01
201400053054;0;2;0;0;2;2;1;A01
201400053054;1;7;0;0;2;0;1;Z01
201400053055;0;7;0;0;2;2;15;B01
201400053055;0;30;0;0;2;2;1;A01
201400053056;0;1;0;0;2;6;1;B01
201400053056;0;33;0;0;2;1;1;A01
201400053057;0;7;0;0;2;2;1;A01
201400053057;0;7;0;0;2;3;1;B01
201400053058;0;7;0;0;2;3;24;C01
201400053058;0;31;0;0;2;1;18;B01
201400053058;0;7;0;0;2;7;22;A01
201400053059;0;30;0;14;2;1;2;A01
201400053059;0;10;0;0;2;4;23;B01
201400053060;0;34;0;0;2;1;1;A01
201400053060;0;7;0;0;2;3;15;B01
201400053061;0;7;0;0;2;0;15;A01
201400053061;0;30;0;0;2;0;2;B01
201400053062;0;7;0;14;2;7;1;B01
201400053062;0;7;0;0;2;7;1;A01
201400053063;0;31;0;0;2;3;3;B01
201400053063;0;7;0;0;2;2;14;A01
201400053064;0;10;0;0;2;8;1;C01
201400053064;0;7;0;0;2;3;22;A01
201400053064;0;1;0;0;2;1;1;B01
201400053065;0;7;0;0;2;2;9;B01
201400053065;0;1;0;0;2;1;5;A01
201400053066;0;1;0;0;2;7;19;B01
201400053066;0;10;0;0;2;2;1;A01
201400053067;0;31;0;0;1;1;1;A01
201400053068;0;31;0;0;0;0;7;A01
201400053069;0;7;0;14;1;3;1;A01
201400053070;0;7;0;0;2;4;23;B01
201400053070;0;7;0;0;2;1;2;A01
201400053071;0;7;0;0;2;2;2;B01
201400053071;0;7;0;0;2;6;2;C01
201400053071;0;7;0;0;2;2;2;A01
201400053072;0;7;0;0;2;6;22;A01
201400053072;0;30;0;0;2;2;17;B01
201400053073;0;31;0;0;2;1;1;B01
201400053073;0;7;0;0;2;2;15;A01