num_acc;senc;catv;occutc;obs;obsm;choc;manv;num_veh
201400053472;0;7;0;0;2;6;2;B01
201400053473;1;10;0;0;1;4;4;Z01
201400053474;0;7;0;15;1;2;14;A01
201400053475;0;7;0;0;2;2;15;A01
201400053475;0;31;0;0;2;3;1;B01
201400053476;0;33;0;0;1;3;1;A01
201400053477;0;31;0;0;0;0;21;A01
201400053478;0;31;0;0;1;1;17;A01
201400053478;0;7;0;0;2;8;15;B01
201400053479;0;1;0;0;1;2;1;A01
201400053480;0;7;0;0;1;7;1;A01
201400053481;0;1;0;0;2;8;15;A01
201400053481;0;7;0;0;2;3;1;B01
201400053482;0;1;0;1;2;1;5;B01
201400053482;0;34;0;1;2;3;14;A01
201400053483;0;34;0;16;1;1;1;A01
201400053484;0;7;0;0;1;3;1;A01
201400053485;0;1;0;0;1;1;5;A01
201400053486;0;7;0;12;0;3;13;A01
201400053487;0;30;0;0;1;2;18;A01
201400053488;0;7;0;0;1;1;7;A01
201400053489;0;10;0;11;0;2;14;A01
201400053490;0;1;0;0;1;1;1;A01
201400053491;0;7;0;0;2;1;15;A01
201400053491;0;33;0;0;2;1;1;B01
201400053492;0;7;0;0;1;3;1;A01
201400053493;0;7;0;0;2;4;4;A01
201400053493;0;1;0;0;2;1;1;B01
201400053494;0;7;0;0;2;4;23;B01
201400053494;0;7;0;0;2;1;1;A01
201400053495;0;30;0;0;2;1;1;B01
201400053495;0;7;0;0;2;3;1;A01
201400053496;0;7;0;0;2;8;13;A01
201400053496;0;30;0;0;2;7;1;B01
201400053497;0;34;0;0;2;1;1;A01
201400053497;0;7;0;0;2;6;23;B01
201400053498;1;32;0;0;1;1;1;Z01
201400053499;0;7;0;0;1;1;1;A01
201400053500;0;7;0;0;2;7;16;B01
201400053500;0;31;0;0;2;8;7;A01
201400053501;0;7;0;0;2;3;1;C01
201400053501;0;7;0;0;2;8;11;A01
201400053501;0;13;0;0;2;2;1;B01
201400053502;0;10;0;0;2;2;16;A01
201400053502;0;1;0;0;2;1;1;B01
201400053503;0;32;0;0;0;0;21;A01
201400053504;0;10;0;0;2;1;23;B01
201400053504;0;7;0;0;2;1;9;A01
201400053505;0;30;0;12;0;3;21;A01
201400053506;0;7;0;0;2;1;2;A01
201400053506;0;7;0;0;2;4;23;B01
201400053507;0;33;0;0;2;0;17;B01
201400053507;0;7;0;0;2;8;10;A01
201400053508;0;1;0;0;2;1;7;B01
201400053508;0;7;0;0;2;0;15;A01
201400053509;0;10;0;0;1;1;15;A01
201400053510;0;33;0;12;1;1;7;A01
201400053511;0;31;0;0;1;0;1;A01
201400053512;0;7;0;0;2;4;2;B01
201400053512;0;7;0;0;2;1;2;A01
201400053513;0;7;0;0;1;5;1;A01
201400053514;0;7;0;0;1;2;1;A01
201400053515;0;2;0;0;2;0;2;A01
201400053515;0;7;0;0;2;0;23;B01
201400053516;0;7;0;0;2;1;2;A01
201400053516;0;7;0;0;2;4;23;B01
201400053517;0;32;0;0;2;1;1;B01
201400053517;0;7;0;0;2;8;11;A01
201400053518;0;7;0;0;2;5;22;A01
201400053518;0;1;0;0;2;1;1;B01
201400053519;0;10;0;0;1;4;4;A01
201400053520;0;32;0;0;2;1;1;B01
201400053520;0;7;0;0;2;2;1;A01
201400053521;0;7;0;11;0;1;14;A01
201400053522;0;1;0;2;0;1;21;A01
201400053523;0;7;0;0;1;2;1;A01
201400053524;1;7;0;0;1;0;1;Z01
201400053525;0;30;0;0;2;8;15;B01
201400053525;0;7;0;0;2;8;10;A01
201400053526;0;7;0;0;1;7;1;A01
201400053527;0;2;0;0;2;0;1;A01
201400053527;1;7;0;0;2;0;15;Z01
201400053528;0;7;0;0;1;3;1;A01
201400053529;0;1;0;0;1;1;1;A01
201400053530;0;2;0;0;2;7;17;B01
201400053530;0;7;0;0;2;8;15;A01
201400053531;0;33;0;0;2;1;17;B01
201400053531;0;7;0;0;2;3;15;A01
201400053532;0;7;0;0;2;2;1;A01
201400053532;0;2;0;0;2;1;1;B01
201400053533;0;32;0;0;2;2;1;B01
201400053533;0;7;0;0;2;7;16;A01
201400053534;0;1;0;0;1;1;1;A01
201400053535;0;1;0;1;2;1;1;B01
201400053535;0;10;0;0;2;8;22;A01
201400053536;0;32;0;0;0;0;17;A01
201400053537;0;7;0;0;1;6;4;A01
201400053538;0;2;0;0;0;2;1;A01
201400053539;0;37;0;0;1;7;7;A01
201400053540;0;7;0;0;1;1;1;A01
201400053541;0;10;0;0;2;4;2;A01
201400053541;0;33;0;0;2;4;23;B01
201400053542;0;7;0;0;1;2;15;A01
201400053543;0;33;0;0;0;0;1;A01
201400053544;0;7;0;0;2;1;7;A01
201400053544;0;7;0;0;2;4;23;B01
201400053545;0;37;6;0;2;2;7;A01
201400053545;0;10;0;0;2;3;15;B01
201400053546;1;32;0;0;2;0;0;Z01
201400053546;0;32;0;7;0;1;2;A01
201400053547;0;33;0;0;2;8;1;B01
201400053547;0;7;0;0;2;7;15;A01
201400053548;0;7;0;0;1;1;1;A01
201400053549;0;7;0;7;0;3;13;A01
201400053550;0;7;0;0;1;3;16;A01
201400053551;0;31;0;0;1;1;1;A01
201400053552;0;7;0;0;1;1;1;A01
201400053553;0;7;0;0;2;6;13;A01
201400053553;0;32;0;0;2;2;1;B01
201400053554;0;7;0;0;0;6;23;B01
201400053554;0;32;0;0;2;1;1;A01
201400053555;0;7;0;0;1;1;1;A01
201400053556;0;7;0;14;0;1;1;A01
201400053557;0;30;0;0;2;1;1;A01
201400053557;0;7;0;0;2;6;23;B01
201400053558;0;2;0;0;2;8;13;A01
201400053558;0;7;0;0;2;1;1;B01
201400053559;0;1;0;1;2;1;7;B01
201400053559;0;7;0;0;2;3;22;A01
201400053560;0;30;0;0;2;8;18;A01
201400053560;0;7;0;0;2;2;16;B01
201400053561;0;32;0;0;1;1;1;A01
201400053562;1;7;0;0;1;2;1;Z01
201400053563;0;33;0;0;2;2;1;B01
201400053563;0;7;0;0;2;7;1;A01
201400053564;0;1;0;0;2;1;5;A01
201400053564;0;30;0;0;2;1;1;B01
201400053565;0;31;0;0;1;1;17;A01
201400053566;1;7;0;0;2;0;15;Z01
201400053566;0;33;0;0;2;8;1;A01
201400053567;0;7;0;0;2;2;1;B01
201400053567;0;30;0;0;2;1;13;A01
201400053568;0;1;0;0;2;1;5;A01
201400053568;0;1;0;0;2;1;1;B01
201400053569;0;10;0;0;2;1;2;A01
201400053569;0;7;0;0;2;4;23;B01
201400053570;0;2;0;0;2;1;1;B01
201400053570;0;7;0;0;2;2;15;A01
201400053571;0;30;0;0;0;0;21;A01
201400053572;0;7;0;0;2;0;9;A01
201400053572;0;30;0;0;2;8;1;B01
201400053573;0;32;0;0;2;7;1;B01
201400053573;0;7;0;0;2;8;1;A01
201400053574;0;1;0;0;2;7;5;A01
201400053574;0;7;0;0;9;1;15;B01
201400053575;0;1;0;0;1;8;1;A01
201400053576;0;34;0;0;2;3;1;B01
201400053576;0;30;0;0;2;1;1;A01
201400053577;0;7;0;0;2;5;22;A01
201400053577;0;2;0;0;2;1;18;B01
201400053578;1;7;0;0;1;7;1;A01
201400053579;0;7;0;0;2;0;10;A01
201400053579;0;32;0;0;2;0;1;B01
201400053580;0;7;0;0;1;3;1;A01
201400053581;0;7;0;0;2;4;2;B01
201400053581;0;7;0;0;2;2;2;A01
201400053582;0;34;0;0;1;1;1;A01
201400053583;0;7;0;0;2;1;2;A01
201400053583;0;7;0;0;2;4;2;B01
201400053584;0;30;0;0;2;3;1;B01
201400053584;0;33;0;0;2;5;16;A01
201400053585;0;1;0;0;2;1;1;A01
201400053585;0;32;0;0;2;8;1;B01
201400053586;0;7;0;0;0;2;1;A01
201400053586;0;7;0;0;2;1;1;B01
201400053587;0;7;0;0;1;1;1;A01
201400053588;0;7;0;0;2;1;15;A01
201400053588;0;34;0;0;2;3;1;B01
201400053589;0;7;0;0;2;2;15;A01
201400053589;0;30;0;0;2;1;14;B01
201400053590;0;7;0;0;1;1;1;A01
201400053591;0;10;0;0;2;2;16;B01
201400053591;0;30;0;0;2;3;18;A01
201400053592;0;33;0;0;2;8;9;A01
201400053592;0;1;0;0;2;1;1;B01
201400053593;0;30;0;0;2;1;2;A01
201400053593;0;7;0;0;2;6;2;B01
201400053594;0;7;0;0;1;2;1;A01
201400053595;0;30;0;0;0;0;7;A01
201400053596;0;7;0;0;1;2;1;A01
201400053597;0;1;0;0;2;8;1;A01
201400053597;1;7;0;0;0;0;15;Z01
201400053598;0;7;0;0;2;7;14;A01
201400053598;0;34;0;0;2;8;1;B01
201400053599;0;33;0;0;2;1;5;A01
201400053599;0;7;0;0;2;3;1;B01
201400053600;0;30;0;0;0;1;17;B01
201400053600;0;7;0;0;2;8;10;A01
201400053601;0;32;0;0;2;3;1;A01
201400053601;1;10;0;0;0;0;16;Z01
201400053602;0;7;0;0;9;2;1;A01
201400053602;0;1;0;0;2;1;1;B01
201400053603;0;2;0;0;2;1;1;A01
201400053603;0;33;0;0;2;7;1;B01
201400053604;0;10;0;0;2;1;1;A01
201400053604;0;32;0;0;2;6;16;B01
201400053605;0;7;0;0;1;3;1;A01
201400053606;0;7;0;0;0;3;15;A01
201400053606;0;2;0;0;2;7;17;B01
201400053607;0;34;0;14;0;1;17;A01
201400053608;0;32;0;0;2;8;18;B01
201400053608;0;7;0;0;2;5;16;A01
201400053609;0;7;0;0;2;5;16;B01
201400053609;0;30;0;0;2;1;18;A01
201400053610;0;7;0;0;2;1;2;A01
201400053610;0;7;0;0;2;4;23;B01
201400053611;0;33;0;0;2;1;1;B01
201400053611;0;7;0;0;2;1;10;A01
201400053612;0;30;0;0;2;1;1;B01
201400053612;0;7;0;0;2;7;15;A01
201400053613;0;31;0;0;2;2;17;B01
201400053613;0;7;0;0;2;8;13;A01
201400053614;0;33;0;11;0;1;13;A01
201400053615;0;7;0;0;1;3;1;A01
201400053616;0;1;0;0;2;0;1;A01
201400053616;1;7;0;0;2;0;4;Z01
201400053617;0;7;0;1;2;1;23;A01
201400053617;0;7;0;0;2;1;1;B01
201400053617;0;7;0;0;2;4;23;C01
201400053618;0;30;0;0;2;8;1;A01
201400053618;1;7;0;0;2;7;16;Z01
201400053619;0;7;0;0;1;3;15;A01
201400053620;0;31;0;0;0;0;1;A01
201400053621;0;33;0;1;2;1;1;B01
201400053621;0;7;0;0;2;2;9;A01
201400053622;0;33;0;0;1;2;1;A01
201400053623;1;30;0;0;1;0;1;Z01
201400053624;0;30;0;0;2;1;2;A01
201400053624;0;7;0;0;2;6;2;B01
201400053624;0;7;0;0;2;6;1;C01
201400053624;1;7;0;0;2;0;5;Z01
201400053625;0;10;0;0;2;8;22;A01
201400053625;0;1;0;0;2;0;1;B01
201400053626;0;7;0;0;1;5;4;A01
201400053627;0;31;0;0;2;4;2;B01
201400053627;0;7;0;0;2;3;2;A01
201400053628;0;31;0;14;0;0;16;A01
201400053629;0;33;0;0;2;1;7;B01
201400053629;0;34;0;0;2;2;16;A01
201400053630;0;7;0;0;2;0;15;A01
201400053630;0;33;0;14;2;1;1;B01
201400053631;0;31;0;0;2;1;17;B01
201400053631;0;7;0;0;2;8;10;A01
201400053632;0;1;0;1;2;1;21;B01
201400053632;0;10;0;0;2;7;1;A01
201400053632;1;10;0;0;2;8;22;Z01
201400053633;0;30;0;0;2;8;15;A01
201400053633;1;30;0;0;2;1;17;Z01
201400053634;2;32;0;0;2;0;17;A01
201400053634;1;7;0;0;2;0;15;Z01
201400053635;0;32;0;0;2;8;16;B01
201400053635;0;7;0;0;2;5;16;A01
201400053636;0;2;0;0;2;7;17;A01
201400053636;0;7;0;0;2;0;15;B01
201400053637;0;10;0;0;2;2;1;A01
201400053637;0;2;0;0;2;1;1;B01
201400053638;0;37;0;0;1;3;15;A01
201400053639;0;32;0;0;0;0;1;A01
201400053640;0;2;0;0;1;1;1;A01
201400053641;0;2;0;0;0;2;1;A01
201400053642;0;7;0;0;1;2;15;A01
201400053643;0;7;0;0;2;2;1;A01
201400053643;0;34;0;0;2;1;1;B01
201400053644;0;34;0;0;0;0;18;A01
201400053645;0;1;0;0;1;0;1;A01
201400053646;0;32;0;0;2;8;1;A01
201400053646;2;2;0;0;2;1;1;Z01
201400053647;0;1;0;0;0;1;1;A01
201400053648;0;31;0;0;1;1;1;A01
201400053649;1;1;0;0;1;0;1;Z01
201400053650;1;7;0;0;2;1;1;Z01
201400053650;0;7;0;1;2;8;1;A01
201400053651;0;7;0;0;2;3;15;A01
201400053651;0;31;0;0;2;2;17;B01
201400053652;0;7;0;0;2;1;2;A01
201400053652;0;7;0;0;2;4;2;B01
201400053653;0;2;0;0;0;0;1;A01
201400053654;0;33;0;0;0;7;21;A01
201400053655;0;2;0;0;2;5;17;B01
201400053655;0;7;0;0;2;3;15;A01
201400053656;1;7;0;0;2;6;1;Z01
201400053656;0;31;0;0;2;8;1;A01
201400053657;0;7;0;0;1;7;1;A01
201400053658;0;14;0;0;1;0;1;A01
201400053659;0;7;0;0;1;4;16;A01
201400053660;0;7;0;0;1;6;1;A01
201400053661;0;32;0;0;2;1;17;B01
201400053661;0;7;0;0;2;3;10;A01
201400053662;0;7;0;0;1;2;1;A01
201400053663;0;33;0;0;2;8;18;A01
201400053663;0;7;0;0;2;2;16;B01
201400053664;0;10;0;0;1;3;15;A01
201400053665;0;33;0;0;2;1;1;B01
201400053665;0;7;0;0;2;3;10;A01
201400053666;0;33;0;0;1;0;1;A01
201400053667;0;7;0;0;2;7;1;A01
201400053667;0;33;0;0;2;1;1;B01
201400053668;0;7;0;1;0;8;14;A01
201400053669;1;32;0;0;1;2;3;Z01
201400053670;0;10;0;0;2;2;14;A01
201400053670;0;1;0;0;2;4;7;B01
201400053671;0;1;0;0;1;1;1;A01
201400053672;0;7;0;0;1;1;16;A01
201400053673;1;30;0;0;1;0;1;A01
201400053674;0;7;0;0;2;1;1;A01
201400053674;0;7;0;0;2;8;9;B01
201400053675;0;33;0;0;0;2;21;A01
201400053676;0;7;0;0;2;2;1;A01
201400053676;0;33;0;0;2;0;1;B01
201400053677;0;7;0;0;2;2;1;B01
201400053677;0;1;0;0;2;3;15;A01
201400053678;0;32;0;1;2;2;1;B01
201400053678;0;7;0;0;2;3;22;A01
201400053679;0;30;0;0;9;1;1;A01
201400053680;0;32;0;0;0;7;21;A01
201400053681;0;14;0;0;1;2;1;A01
201400053682;0;33;0;1;2;3;18;B01
201400053682;0;7;0;0;2;2;16;A01
201400053683;0;7;0;0;1;3;16;A01
201400053684;0;31;0;0;2;6;1;A01
201400053684;0;7;0;0;2;2;16;B01
201400053685;0;7;0;0;1;1;1;A01
201400053686;0;7;0;0;2;4;23;B01
201400053686;0;7;0;0;2;1;2;A01
201400053687;0;7;0;0;2;1;15;B01
201400053687;0;33;0;9;1;1;1;A01
201400053688;0;32;0;0;0;0;21;A01
201400053689;0;30;0;0;2;3;1;A01
201400053689;0;7;0;0;2;5;9;B01
201400053690;0;1;0;0;2;8;13;B01
201400053690;0;3;0;0;2;2;17;A01
201400053691;0;7;0;0;2;1;1;B01
201400053691;0;2;0;0;2;1;1;A01
201400053692;0;33;0;0;0;0;21;A01
201400053693;0;7;0;0;1;3;1;A01
201400053694;0;7;0;0;2;4;23;B01
201400053694;0;7;0;0;2;1;2;A01
201400053695;0;2;0;1;2;3;18;B01
201400053695;0;7;0;0;2;7;22;A01
201400053696;0;7;0;0;1;3;1;A01
201400053697;0;2;0;0;0;0;1;A01
201400053698;0;32;0;0;2;1;2;A01
201400053698;0;7;0;0;2;4;23;B01
201400053699;0;7;0;0;2;2;16;B01
201400053699;0;30;0;0;2;8;18;A01
201400053700;0;34;0;0;1;1;1;A01
201400053701;1;7;0;0;1;1;16;Z01
201400053702;0;7;0;0;2;6;23;B01
201400053702;0;31;0;0;2;1;17;A01
201400053703;0;7;0;0;2;6;13;A01
201400053703;0;31;0;0;2;7;17;B01
201400053704;1;31;0;0;1;1;1;Z01
201400053705;0;7;0;0;1;2;1;A01
201400053706;0;10;0;0;2;2;9;A01
201400053706;0;1;0;0;2;1;1;B01
201400053707;0;30;0;0;1;1;1;A01
201400053708;0;2;0;0;0;0;1;A01
201400053709;0;7;0;0;2;0;15;A01
201400053709;0;33;0;1;2;0;17;B01
201400053710;0;32;0;0;2;1;1;B01
201400053710;0;7;0;0;2;8;10;A01
201400053711;0;1;0;1;2;1;1;B01
201400053711;0;7;0;0;2;3;22;A01
201400053712;1;34;0;0;2;0;5;Z01
201400053712;0;1;0;0;2;0;1;A01
201400053713;0;7;0;0;2;5;15;A01
201400053713;0;33;0;0;2;1;1;B01
201400053714;0;31;0;0;2;7;1;B01
201400053714;0;7;0;0;2;7;16;A01
201400053715;0;34;0;0;2;7;1;A01
201400053715;1;34;0;0;2;0;15;Z01
201400053716;0;33;0;0;2;8;16;B01
201400053716;0;7;0;0;2;2;1;A01
201400053717;0;7;0;12;2;4;2;B01
201400053717;0;33;0;0;2;1;2;A01
201400053718;0;7;0;0;2;8;15;A01
201400053718;0;31;0;0;2;2;17;B01
201400053719;0;10;0;0;2;8;10;A01
201400053719;0;34;0;0;2;1;5;B01
201400053720;0;7;0;0;2;3;9;A01
201400053720;0;31;0;0;2;2;1;B01
201400053721;0;7;0;0;2;1;1;B01
201400053721;0;7;0;0;2;7;1;A01
201400053722;0;7;0;0;2;2;20;B01
201400053722;0;2;0;0;2;3;18;A01
201400053723;0;7;0;0;2;3;1;B01
201400053723;0;10;0;0;2;1;1;A01
201400053724;0;30;0;0;1;8;1;A01
201400053725;0;7;0;0;2;5;1;B01
201400053725;0;34;0;0;2;3;11;A01
201400053725;0;7;0;0;2;7;1;C01
201400053726;0;10;0;0;2;5;1;B01
201400053726;0;1;0;0;2;1;1;A01
201400053727;0;10;0;0;1;4;4;A01
201400053728;0;10;0;0;1;1;16;A01
201400053729;0;1;0;0;2;7;1;A01
201400053729;0;33;0;0;2;1;1;B01
201400053730;0;7;0;0;2;5;2;A01
201400053730;0;30;0;0;2;1;2;B01
201400053731;0;7;0;0;1;3;1;A01
201400053732;0;1;0;0;1;1;1;A01
201400053733;0;2;0;0;1;2;1;A01
201400053734;0;33;0;0;2;1;1;A01
201400053734;0;33;0;0;2;4;1;B01
201400053735;0;7;0;0;2;2;1;A01
201400053735;0;7;0;0;2;3;1;B01
201400053736;0;7;0;0;2;6;1;B01
201400053736;0;1;0;0;2;0;1;A01
201400053737;0;38;1;0;1;7;15;A01
201400053738;0;7;0;0;2;4;11;A01
201400053738;0;33;0;0;2;1;1;B01
201400053739;0;10;0;0;2;2;16;A01
201400053739;0;1;0;0;2;3;1;B01
201400053740;1;7;0;0;1;3;1;A01
201400053741;0;7;0;0;2;2;9;A01
201400053741;0;1;0;0;2;7;5;B01
201400053742;0;1;0;0;1;1;1;A01
201400053743;0;7;0;0;1;6;1;A01
201400053744;0;10;0;0;2;0;22;A01
201400053744;0;1;0;1;2;2;1;B01
201400053745;0;7;0;0;1;1;15;A01
201400053746;0;7;0;0;2;2;1;B01
201400053746;0;1;0;0;2;1;11;A01
201400053747;0;10;0;0;1;3;1;A01
201400053748;0;30;0;0;2;7;17;A01
201400053748;0;7;0;0;2;8;15;B01
201400053749;0;30;0;0;2;3;1;B01
201400053749;0;7;0;0;2;3;15;A01
201400053750;0;1;0;0;2;1;1;A01
201400053750;0;7;0;0;2;3;1;B01
201400053751;0;10;0;0;1;1;16;A01
201400053752;0;7;0;0;2;3;9;A01
201400053752;0;30;0;0;2;1;17;B01
201400053753;0;34;0;0;1;1;1;A01
201400053754;0;1;0;0;2;3;13;A01
201400053754;0;33;0;0;2;1;1;B01
201400053755;0;33;0;0;2;7;2;A01
201400053755;0;33;0;0;2;6;23;B01
201400053756;0;31;0;0;0;0;1;A01
201400053757;0;7;0;0;2;3;5;A01
201400053757;0;7;0;0;2;1;1;B01
201400053758;0;7;0;0;2;3;13;A01
201400053758;0;32;0;0;2;7;17;B01
201400053759;0;2;0;0;2;0;17;A01
201400053759;0;34;0;0;2;1;1;B01
201400053760;0;7;0;0;1;1;1;A01
201400053761;0;31;0;0;2;0;17;B01
201400053761;0;7;0;0;2;0;10;A01
201400053762;0;30;0;0;2;5;17;A01
201400053762;0;2;0;0;2;3;1;B01
201400053763;0;1;0;0;2;1;1;B01
201400053763;0;7;0;0;2;3;22;A01
201400053764;0;7;0;0;2;4;12;B01
201400053764;0;1;0;0;2;1;2;A01
201400053765;0;10;0;0;1;3;15;A01
201400053766;0;31;0;12;2;1;17;B01
201400053766;0;13;0;0;2;1;13;A01
201400053767;0;1;0;0;1;1;1;A01
201400053768;0;7;0;0;2;2;1;A01
201400053768;0;1;0;0;2;7;1;B01
201400053769;0;7;0;0;2;3;22;A01
201400053769;0;1;0;0;2;1;1;B01
201400053770;0;1;0;0;1;1;1;A01
201400053771;0;7;0;1;2;1;1;B01
201400053771;0;31;0;14;2;1;1;A01
201400053772;0;7;0;0;1;4;4;A01
201400053773;0;30;0;0;2;7;17;A01
201400053773;0;33;0;0;2;8;1;B01
201400053774;1;33;0;0;1;3;1;Z01
201400053775;0;32;0;0;2;1;1;A01
201400053775;0;10;0;0;2;8;1;B01
201400053776;0;7;0;0;2;3;15;A01
201400053776;0;1;0;0;2;8;1;B01
201400053777;0;7;0;0;1;6;4;A01
201400053778;0;1;0;0;2;0;10;A01
201400053778;0;34;0;0;2;1;1;B01
201400053779;0;7;0;0;1;1;15;A01
201400053780;0;30;0;0;2;2;1;A01
201400053780;1;7;0;0;2;1;1;Z01
201400053781;0;7;0;0;2;2;16;B01
201400053781;0;31;0;0;2;1;18;A01
201400053782;0;7;0;0;2;3;10;A01
201400053782;1;30;0;0;2;2;10;Z01
201400053783;0;30;0;1;2;1;1;B01
201400053783;0;7;0;0;2;3;10;A01
201400053784;0;32;0;1;0;2;13;A01
201400053785;0;1;0;0;2;4;1;A01
201400053785;1;7;0;0;2;0;13;Z01
201400053786;0;7;0;0;2;3;2;A01
201400053786;0;7;0;0;2;0;2;B01
201400053787;0;30;0;12;2;4;1;A01
201400053787;1;30;0;0;2;1;13;Z01
201400053788;0;1;0;0;1;1;1;A01
201400053789;0;2;0;0;2;8;1;A01
201400053789;1;7;0;0;2;8;13;Z01
201400053790;0;30;0;0;2;1;1;B01
201400053790;0;7;0;0;2;3;9;A01
201400053791;0;1;0;0;1;1;5;A01
201400053792;2;32;0;8;2;2;5;Z01
201400053792;0;7;0;6;1;1;15;A01
201400053793;1;7;0;0;2;0;13;Z01
201400053793;0;31;0;0;2;7;1;A01
201400053794;0;1;0;0;2;4;23;A01
201400053794;1;7;0;0;2;3;2;Z01
201400053795;0;37;3;0;2;0;17;B01
201400053795;0;1;0;0;2;0;13;A01
201400053796;0;2;0;0;0;0;1;A01
201400053797;0;31;0;0;2;1;18;B01
201400053797;0;10;0;0;2;2;16;A01
201400053798;0;7;0;0;1;2;1;A01
201400053799;0;7;0;0;2;2;1;B01
201400053799;0;7;0;15;2;2;16;A01
201400053799;1;7;0;0;2;3;18;Z01
201400053800;0;2;0;0;2;3;18;B01
201400053800;0;10;0;0;2;2;16;A01
201400053801;0;7;0;0;2;0;4;A01
201400053801;0;30;0;0;2;0;16;B01
201400053802;0;10;0;0;2;3;9;A01
201400053802;0;34;0;0;2;2;1;B01
201400053803;0;7;0;0;2;3;15;A01
201400053803;0;33;0;0;2;2;17;B01
201400053804;0;1;0;0;0;0;1;A01
201400053805;0;31;0;0;1;1;1;A01
201400053806;0;10;0;0;1;3;15;A01
201400053807;0;7;0;0;2;4;23;C01
201400053807;0;7;0;0;2;1;2;A01
201400053807;0;31;0;0;2;4;23;B01
201400053808;0;7;0;0;1;2;1;A01
201400053809;0;33;0;0;1;1;1;A01
201400053810;0;1;0;0;2;4;15;A01
201400053810;1;2;0;0;2;1;17;Z01
201400053811;0;7;0;0;1;1;16;A01
201400053812;0;31;0;0;1;2;1;A01
201400053813;0;30;0;0;1;1;15;A01
201400053814;0;33;0;0;2;1;1;B01
201400053814;0;7;0;0;2;2;1;A01
201400053815;0;30;0;0;1;1;1;A01
201400053816;0;31;0;0;2;1;1;B01
201400053816;0;10;0;0;2;7;15;A01
201400053817;0;7;0;1;0;1;15;A01
201400053818;0;7;0;0;2;2;24;B01
201400053818;1;7;0;0;2;1;2;Z01
201400053818;0;33;0;0;2;4;2;A01
201400053819;0;30;0;0;2;1;15;A01
201400053819;0;31;0;0;2;3;1;B01
201400053820;0;7;0;0;2;6;2;B01
201400053820;0;1;0;0;2;1;2;A01
201400053821;0;7;0;0;1;3;15;A01
201400053822;0;33;0;0;2;1;12;A01
201400053822;0;1;0;0;2;1;18;B01
201400053823;0;7;0;0;2;7;1;B01
201400053823;0;33;0;0;2;1;1;A01
201400053824;0;34;0;0;2;3;1;B01
201400053824;0;32;0;0;2;7;15;A01
201400053825;0;33;0;0;2;3;1;B01
201400053825;0;7;0;8;2;6;1;C01
201400053825;0;33;0;0;2;1;1;A01
201400053826;0;7;0;1;0;2;13;A01
201400053827;0;32;0;1;2;9;1;B01
201400053827;0;7;0;0;2;3;15;A01
201400053828;0;2;0;7;0;1;1;A01
201400053829;1;7;0;0;2;5;14;Z01
201400053829;0;30;0;0;2;3;18;A01
201400053830;0;7;0;0;2;1;15;A01
201400053830;0;30;0;0;2;1;1;B01
201400053831;0;1;0;0;2;8;19;B01
201400053831;0;30;0;0;2;2;1;A01
201400053832;0;33;0;14;2;0;1;C01
201400053832;0;7;0;0;2;8;1;B01
201400053832;0;33;0;0;1;1;1;A01
201400053833;0;1;0;0;2;1;7;B01
201400053833;0;7;0;0;2;5;22;A01
201400053834;0;1;0;0;2;1;1;B01
201400053834;0;7;0;0;2;2;16;A01
201400053835;0;31;0;0;2;3;16;A01
201400053835;0;7;0;0;2;2;16;B01
201400053836;0;7;0;0;2;4;23;C01
201400053836;0;7;0;0;2;4;23;B01
201400053836;0;7;0;0;2;1;1;A01
201400053837;0;1;0;0;0;1;1;A01
201400053837;0;7;0;0;0;4;23;B01
201400053838;0;1;0;0;2;0;1;A01
201400053838;1;7;0;0;2;3;1;Z01
201400053839;0;7;0;0;2;6;15;A01
201400053839;0;32;0;0;2;1;17;B01
201400053840;0;7;0;0;2;8;22;A01
201400053840;0;7;0;0;2;7;1;C01
201400053840;0;32;0;1;2;2;1;B01
201400053841;0;1;0;0;2;1;1;B01
201400053841;0;10;0;0;2;2;16;A01
201400053842;0;30;0;0;2;8;1;B01
201400053842;0;7;0;0;2;2;15;A01
201400053843;0;33;0;0;0;0;21;A01
201400053844;0;30;0;0;0;8;1;A01
201400053845;0;7;0;0;2;7;15;A01
201400053845;0;7;0;0;2;8;1;B01
201400053846;0;33;0;0;2;1;1;B01
201400053846;0;10;0;8;2;7;1;A01
201400053847;0;31;0;14;0;8;13;A01
201400053848;0;10;0;0;1;1;15;A01
201400053849;0;33;0;0;0;0;21;A01
201400053850;0;2;0;0;0;0;21;A01
201400053851;0;7;0;0;2;7;14;A01
201400053851;0;32;0;0;2;8;1;B01
201400053852;0;7;0;0;2;5;10;A01
201400053852;0;32;0;0;2;3;1;B01
201400053853;0;34;0;7;0;3;1;A01
201400053854;0;32;0;0;0;8;17;A01
201400053855;1;7;0;0;2;4;23;Z01
201400053855;0;30;0;0;2;0;1;A01
201400053856;0;31;0;0;0;7;1;A01
201400053857;0;32;0;0;2;3;13;A01
201400053857;0;7;0;0;2;3;23;B01
201400053858;0;1;0;0;1;1;1;A01
201400053859;0;7;0;11;0;2;13;A01
201400053860;0;7;0;0;2;5;16;B01
201400053860;0;30;0;0;2;1;18;A01
201400053861;1;7;0;0;1;7;1;Z01