num_acc;senc;catv;occutc;obs;obsm;choc;manv;num_veh
201400053862;0;7;0;0;2;2;15;A01
201400053862;0;30;0;0;2;2;1;B01
201400053863;0;7;0;0;1;2;1;A01
201400053864;0;34;0;0;2;2;1;B01
201400053864;0;7;0;0;2;8;9;A01
201400053865;0;10;0;0;1;4;4;A01
201400053866;1;7;0;0;1;0;1;Z01
201400053867;0;7;0;0;1;6;4;A01
201400053868;0;10;0;0;2;1;2;A01
201400053868;0;31;0;0;2;4;23;B01
201400053869;0;7;0;0;2;4;23;B01
201400053869;0;31;0;0;2;1;2;A01
201400053870;0;31;0;0;1;1;18;A01
201400053871;0;7;0;0;2;3;9;A01
201400053871;0;30;0;0;2;8;1;B01
201400053872;0;1;0;0;2;1;2;B01
201400053872;0;10;0;0;2;4;2;A01
201400053873;0;7;0;0;2;2;16;A01
201400053873;0;31;0;0;2;1;1;B01
201400053874;0;30;0;0;2;8;1;A01
201400053874;0;31;0;0;2;3;1;B01
201400053875;0;1;0;0;2;1;1;A01
201400053875;0;7;0;0;2;2;1;B01
201400053876;0;7;0;0;2;5;1;A01
201400053876;0;7;0;0;2;1;1;B01
201400053877;0;7;0;0;2;0;13;A01
201400053877;0;31;0;0;2;8;17;B01
201400053878;0;1;0;0;1;1;1;A01
201400053879;0;32;0;0;2;7;1;B01
201400053879;0;7;0;0;2;3;10;A01
201400053880;0;30;0;0;1;7;1;A01
201400053881;0;30;0;0;2;1;1;A01
201400053881;0;13;0;0;2;8;1;B01
201400053882;0;7;0;0;2;1;15;A01
201400053882;0;2;0;0;2;1;1;B01
201400053883;0;32;0;0;1;1;18;A01
201400053884;0;2;0;0;0;7;1;A01
201400053885;0;2;0;0;2;2;1;A01
201400053885;0;7;0;0;2;3;16;B01
201400053886;0;7;0;0;2;8;15;B01
201400053886;0;7;0;0;2;6;1;C01
201400053886;0;33;0;0;2;1;17;A01
201400053887;0;7;0;11;2;7;1;A01
201400053887;0;7;0;0;2;1;1;B01
201400053888;0;30;0;0;2;0;18;A01
201400053888;0;7;0;0;2;7;16;B01
201400053889;0;7;0;0;1;3;1;A01
201400053890;0;32;0;0;1;1;1;A01
201400053891;0;7;0;0;2;6;11;A01
201400053891;0;31;0;0;2;1;1;B01
201400053892;0;7;0;0;2;3;22;A01
201400053892;0;1;0;0;2;3;1;B01
201400053893;0;7;0;0;2;3;22;A01
201400053893;0;1;0;1;2;1;1;B01
201400053894;0;31;0;0;0;0;1;A01
201400053895;0;32;0;0;2;1;17;B01
201400053895;0;7;0;0;2;3;22;A01
201400053896;0;7;0;0;2;1;1;B01
201400053896;0;7;0;8;2;7;1;A01
201400053897;0;32;0;0;2;7;1;B01
201400053897;0;10;0;0;2;6;9;A01
201400053898;0;33;0;0;2;2;17;A01
201400053898;0;7;0;0;2;3;1;B01
201400053899;0;30;0;0;0;0;1;A01
201400053900;0;33;0;0;2;1;15;A01
201400053900;0;7;0;0;2;7;1;B01
201400053901;1;2;0;0;1;1;1;Z01
201400053902;0;1;0;12;0;1;1;A01
201400053903;0;7;0;0;2;3;15;A01
201400053903;0;34;0;0;2;7;17;B01
201400053904;0;1;0;0;2;8;13;A01
201400053904;0;1;0;0;2;7;17;B01
201400053905;0;10;0;0;2;6;1;C01
201400053905;0;7;0;0;2;6;10;A01
201400053905;0;34;0;0;2;2;1;B01
201400053906;0;1;0;0;2;1;1;A01
201400053906;0;7;0;0;2;4;16;B01
201400053907;0;33;0;1;2;8;18;A01
201400053907;0;7;0;0;2;3;24;C01
201400053907;0;7;0;0;2;7;14;B01
201400053908;0;7;0;0;2;3;22;A01
201400053908;0;10;0;0;2;2;1;C01
201400053908;0;1;0;0;2;2;18;B01
201400053909;0;33;0;0;1;1;1;A01
201400053910;0;7;0;0;2;3;1;B01
201400053910;0;7;0;0;2;2;1;A01
201400053911;0;32;0;0;2;1;1;A01
201400053911;0;37;0;0;2;3;1;B01
201400053912;0;32;0;0;2;2;1;B01
201400053912;0;7;0;0;2;3;9;A01
201400053913;0;7;0;0;2;3;15;A01
201400053913;0;31;0;0;2;1;17;B01
201400053914;0;30;0;0;0;8;1;A01
201400053915;0;34;0;0;1;7;1;A01
201400053916;0;7;0;0;2;8;15;A01
201400053916;0;32;0;0;2;1;1;B01
201400053917;0;7;0;0;2;2;1;B01
201400053917;0;1;0;0;2;1;16;A01
201400053918;0;31;0;0;2;7;17;B01
201400053918;0;7;0;0;2;3;1;A01
201400053919;0;7;0;0;1;2;1;A01
201400053920;0;31;0;0;1;8;1;A01
201400053921;0;7;0;0;2;3;10;A01
201400053921;0;33;0;0;2;7;1;B01
201400053922;0;7;0;0;2;3;1;A01
201400053922;0;32;0;0;2;1;1;B01
201400053923;0;33;0;0;1;1;1;A01
201400053924;0;34;0;0;2;2;1;A01
201400053924;0;7;0;0;2;3;15;B01
201400053925;0;1;0;0;0;3;5;A01
201400053925;0;10;0;0;0;2;15;B01
201400053926;0;34;0;0;2;2;1;A01
201400053926;0;1;0;0;2;0;15;B01
201400053927;0;7;0;0;2;6;16;B01
201400053927;0;1;0;0;2;1;1;A01
201400053928;0;10;0;0;2;3;22;A01
201400053928;0;1;0;1;2;2;1;B01
201400053929;0;30;0;0;1;1;1;A01
201400053930;0;30;0;0;1;1;1;A01
201400053931;0;33;0;0;2;4;23;B01
201400053931;0;33;0;0;1;1;1;A01
201400053931;1;32;0;0;2;1;1;Z01
201400053932;0;7;0;0;1;3;1;A01
201400053933;0;32;0;0;2;1;1;A01
201400053933;1;10;0;0;2;8;15;Z01
201400053934;0;7;0;0;2;0;22;A01
201400053934;0;32;0;1;2;3;1;B01
201400053935;1;7;0;1;1;3;1;Z01
201400053936;0;7;0;0;1;2;1;A01
201400053937;0;7;0;0;2;2;9;A01
201400053937;0;30;0;0;2;1;1;B01
201400053938;0;30;0;0;2;7;17;A01
201400053938;0;7;0;0;2;3;11;B01
201400053939;0;32;0;0;2;1;1;B01
201400053939;0;7;0;0;2;2;15;A01
201400053940;0;33;0;0;2;7;17;A01
201400053940;0;7;0;0;2;3;15;B01
201400053941;0;7;0;0;1;1;1;A01
201400053942;0;7;0;0;2;6;2;A01
201400053942;1;10;0;0;2;1;2;Z01
201400053943;0;10;0;0;2;1;23;B01
201400053943;0;7;0;0;2;0;23;D01
201400053943;0;7;0;0;2;1;2;A01
201400053943;0;7;0;0;2;1;23;C01
201400053944;0;7;0;0;2;7;1;A01
201400053944;0;10;0;0;2;3;1;B01
201400053945;0;7;0;0;2;2;10;A01
201400053945;0;7;0;0;2;1;1;B01
201400053946;0;31;0;0;0;0;1;A01
201400053947;0;7;0;0;2;1;1;B01
201400053947;0;1;0;0;2;6;1;A01
201400053948;0;2;0;1;0;1;13;A01
201400053949;0;7;0;0;1;1;1;A01
201400053950;0;7;0;0;1;2;1;A01
201400053951;0;7;0;0;2;8;13;A01
201400053951;0;31;0;0;2;2;1;B01
201400053952;0;33;0;0;2;2;17;A01
201400053952;0;7;0;0;2;6;15;B01
201400053953;0;1;0;0;2;1;1;B01
201400053953;0;7;0;0;2;1;15;A01
201400053954;0;30;0;0;1;1;1;A01
201400053954;0;10;0;0;2;3;23;B01
201400053955;0;31;0;0;1;7;17;A01
201400053956;0;34;0;1;1;1;1;A01
201400053957;0;34;0;0;2;2;15;A01
201400053957;0;10;0;0;2;3;1;B01
201400053958;0;7;0;0;2;6;1;A01
201400053958;0;32;0;0;2;1;1;B01
201400053959;0;13;0;0;0;1;1;A01
201400053959;0;7;0;0;0;6;11;B01
201400053960;0;13;0;6;0;1;1;A01
201400053961;0;10;0;0;1;2;16;A01
201400053962;0;30;0;0;2;1;17;B01
201400053962;0;10;0;0;2;8;9;A01
201400053963;0;10;0;0;2;2;9;B01
201400053963;0;32;0;0;2;7;1;A01
201400053964;0;32;0;0;0;8;1;A01
201400053965;0;7;0;0;2;2;1;A01
201400053965;0;10;0;0;2;3;1;B01
201400053966;0;7;0;0;2;6;2;B01
201400053966;0;33;0;0;2;1;2;A01
201400053967;0;31;0;0;2;1;17;B01
201400053967;0;7;0;0;2;6;15;A01
201400053968;0;1;0;1;0;0;1;B01
201400053968;0;7;0;0;9;8;22;A01
201400053969;0;33;0;0;0;0;16;A01
201400053970;0;30;0;0;0;6;15;A01
201400053971;0;34;0;0;0;0;21;A01
201400053972;0;32;0;0;0;8;15;A01
201400053973;0;7;0;0;1;2;1;A01
201400053974;0;7;0;2;0;9;1;A01
201400053975;0;7;0;0;2;2;15;A01
201400053975;0;30;0;0;2;1;1;B01
201400053976;0;7;0;0;2;3;9;A01
201400053976;0;7;0;0;2;1;1;B01
201400053977;0;1;0;14;0;0;13;A01
201400053978;0;7;0;8;0;9;14;A01
201400053979;0;7;0;0;1;1;1;A01
201400053980;1;7;0;0;1;0;15;Z01
201400053981;0;7;0;0;2;2;10;A01
201400053981;0;34;0;0;2;1;1;B01
201400053982;0;1;0;0;5;1;1;A01
201400053983;0;33;0;0;2;4;23;B01
201400053983;0;7;0;0;2;1;2;A01
201400053984;0;7;0;1;2;3;9;A01
201400053984;0;7;0;1;2;2;1;B01
201400053985;0;7;0;0;2;3;15;A01
201400053985;0;30;0;0;2;1;1;B01
201400053986;0;32;0;0;2;5;1;B01
201400053986;0;7;0;0;2;5;16;A01
201400053987;0;32;0;0;2;1;1;B01
201400053987;0;7;0;0;2;6;15;A01
201400053988;0;31;0;0;1;1;1;A01
201400053989;0;30;0;0;2;1;1;B01
201400053989;0;7;0;0;0;5;15;A01
201400053990;0;34;0;0;2;7;1;B01
201400053990;0;7;0;0;2;3;9;A01
201400053991;0;30;0;0;1;1;16;A01
201400053992;0;32;0;0;1;1;0;A01
201400053993;0;33;0;0;2;1;17;B01
201400053993;0;7;0;0;2;3;10;A01
201400053994;0;7;0;0;1;1;1;A01
201400053995;0;7;0;0;0;0;15;A01
201400053995;0;2;0;0;0;0;17;B01
201400053996;0;34;0;0;2;2;1;B01
201400053996;0;7;0;0;2;3;11;A01
201400053997;0;7;0;0;0;8;10;A01
201400053997;0;33;0;0;2;1;17;B01
201400053998;0;7;0;2;0;9;1;A01
201400053999;0;7;0;12;2;2;1;C01
201400053999;0;7;0;0;2;4;23;B01
201400053999;0;7;0;0;2;4;2;A01
201400054000;0;34;0;0;1;1;1;A01
201400054001;0;1;0;0;2;7;1;B01
201400054001;0;10;0;0;2;1;1;A01
201400054002;0;1;0;0;2;1;2;A01
201400054002;0;1;0;0;2;1;5;B01
201400054002;0;1;0;0;2;1;2;C01
201400054003;0;2;0;0;0;0;21;A01
201400054004;0;7;0;0;9;7;16;A01
201400054004;0;1;0;0;2;1;1;B01
201400054005;0;7;0;0;1;7;1;A01
201400054006;0;7;0;0;2;4;23;C01
201400054006;0;7;0;14;2;4;23;B01
201400054006;0;7;0;14;0;1;2;A01
201400054007;0;33;0;0;2;5;16;A01
201400054007;1;7;0;0;2;1;15;Z01
201400054008;0;10;0;0;2;7;16;A01
201400054008;0;32;0;0;2;1;1;B01
201400054009;0;7;0;0;0;1;1;A01
201400054009;0;7;0;0;0;4;23;B01
201400054010;0;30;0;0;0;8;1;A01
201400054011;0;7;0;0;2;1;2;A01
201400054011;0;7;0;0;2;4;2;B01
201400054012;0;7;0;0;2;1;1;A01
201400054012;0;7;0;0;2;8;1;B01
201400054013;0;7;0;0;1;3;1;A01
201400054014;0;33;0;1;0;3;13;A01
201400054015;0;31;0;0;1;1;1;A01
201400054016;0;7;0;0;2;2;1;A01
201400054016;0;33;0;0;2;1;1;B01
201400054017;0;7;0;0;1;2;18;A01
201400054018;0;7;0;0;2;7;17;A01
201400054018;0;1;0;0;2;8;15;B01
201400054019;0;7;0;0;2;3;22;A01
201400054019;0;7;0;0;2;2;1;C01
201400054019;0;31;0;0;2;7;1;B01
201400054020;0;7;0;0;2;1;9;A01
201400054020;0;33;0;0;2;7;1;B01
201400054021;0;7;0;0;1;1;1;A01
201400054022;0;2;0;14;0;1;14;A01
201400054023;0;10;0;0;2;7;15;A01
201400054023;0;1;0;0;2;8;1;B01
201400054024;0;33;0;0;2;8;1;A01
201400054024;0;7;0;0;2;4;23;B01
201400054025;0;7;0;0;2;3;10;A01
201400054025;0;40;0;0;2;1;1;B01
201400054026;0;33;0;0;2;1;17;B01
201400054026;0;1;0;0;2;8;9;A01
201400054027;0;30;0;0;0;0;1;A01
201400054028;1;7;0;0;1;4;4;Z01
201400054029;0;32;0;0;1;3;1;A01
201400054030;0;7;0;0;1;0;1;A01
201400054031;0;32;0;14;0;2;14;A01
201400054032;0;30;0;0;2;7;1;A01
201400054032;1;7;0;0;2;0;10;Z01
201400054033;0;34;0;0;2;1;1;A01
201400054033;0;7;0;0;2;5;1;B01
201400054034;0;1;0;0;2;1;13;A01
201400054034;0;37;1;0;2;2;7;B01
201400054035;0;7;0;0;2;1;1;A01
201400054035;0;33;0;0;2;8;1;B01
201400054036;0;30;0;0;1;1;1;A01
201400054037;0;7;0;0;2;2;1;A01
201400054037;0;33;0;0;2;8;1;B01
201400054038;0;7;0;0;2;3;16;A01
201400054038;0;1;0;0;2;1;1;B01
201400054039;0;32;0;0;1;1;0;A01
201400054040;0;32;0;0;2;1;1;A01
201400054040;0;7;0;0;2;8;1;B01
201400054041;0;7;0;0;2;3;22;A01
201400054041;0;1;0;0;2;1;1;B01
201400054042;0;33;0;1;1;1;1;A01
201400054043;0;33;0;12;0;2;1;A01
201400054044;0;7;0;0;2;4;23;C01
201400054044;0;7;0;0;2;1;1;A01
201400054044;0;7;0;0;2;1;23;B01
201400054045;0;2;0;0;2;0;1;B01
201400054045;0;1;0;0;2;0;1;A01
201400054046;0;7;0;0;2;7;16;A01
201400054046;0;30;0;0;2;8;18;B01
201400054047;0;33;0;0;2;1;1;B01
201400054047;0;7;0;0;2;6;9;A01
201400054048;0;30;0;0;2;5;1;A01
201400054048;0;7;0;0;2;6;23;B01
201400054049;0;10;0;0;2;1;1;B01
201400054049;0;7;0;0;2;1;13;A01
201400054050;0;7;0;0;1;2;9;A01
201400054051;0;2;0;0;1;2;1;A01
201400054052;0;10;0;0;2;8;10;A01
201400054052;0;34;0;0;2;1;1;B01
201400054053;0;30;0;0;2;7;17;B01
201400054053;0;7;0;0;2;3;15;A01
201400054054;0;7;0;0;2;6;15;B01
201400054054;0;31;0;0;2;1;2;A01
201400054055;0;33;0;1;2;7;17;A01
201400054055;0;32;0;0;2;7;1;C01
201400054055;0;7;0;0;2;8;10;B01
201400054056;0;2;0;0;2;2;17;B01
201400054056;0;7;0;0;2;6;22;A01
201400054057;0;31;0;0;2;7;3;A01
201400054057;0;7;0;0;2;8;13;B01
201400054057;0;7;0;0;2;8;1;C01
201400054058;0;7;0;0;2;3;13;A01
201400054058;0;34;0;0;2;1;1;B01
201400054059;0;7;0;0;2;3;15;B01
201400054059;0;34;0;0;2;7;15;A01
201400054060;0;10;0;0;1;2;15;A01
201400054061;0;1;0;0;1;1;1;A01
201400054062;0;1;0;0;2;1;2;B01
201400054062;0;1;0;0;2;4;2;A01
201400054063;0;2;0;0;2;1;1;A01
201400054063;0;7;0;0;2;5;15;B01
201400054064;0;7;0;0;2;2;1;A01
201400054064;0;33;0;0;2;6;1;B01
201400054065;0;32;0;11;0;7;21;A01
201400054066;0;7;0;0;2;2;19;A01
201400054066;0;1;0;0;2;4;1;B01
201400054067;0;33;0;0;2;2;17;B01
201400054067;0;7;0;0;2;8;10;A01
201400054068;0;7;0;0;2;3;15;A01
201400054068;0;34;0;0;2;7;17;B01
201400054069;0;10;0;0;2;7;1;B01
201400054069;0;7;0;0;2;1;1;A01
201400054070;0;34;0;0;2;1;1;B01
201400054070;0;7;0;0;2;2;15;A01
201400054071;0;10;0;0;2;8;13;A01
201400054071;0;31;0;0;2;2;1;B01
201400054072;0;31;0;0;2;1;1;B01
201400054072;0;1;0;0;2;8;5;A01
201400054073;0;7;0;0;2;3;10;A01
201400054073;0;33;0;0;2;7;17;B01
201400054074;0;7;0;0;2;1;1;B01
201400054074;0;7;0;0;2;6;9;A01
201400054075;0;7;0;0;2;5;23;B01
201400054075;0;1;0;0;2;1;2;A01
201400054076;0;1;0;0;2;7;19;A01
201400054076;1;30;0;0;2;0;1;Z01
201400054077;0;1;0;0;2;8;1;B01
201400054077;0;7;0;0;2;1;15;A01
201400054078;0;7;0;0;2;2;16;A01
201400054078;0;33;0;0;2;8;1;B01
201400054079;0;1;0;0;0;0;21;A01
201400054080;0;2;0;0;1;1;17;A01
201400054081;0;31;0;0;2;6;18;B01
201400054081;0;10;0;0;2;2;16;A01
201400054082;0;33;0;0;2;2;17;B01
201400054082;0;7;0;0;2;3;15;A01
201400054083;0;7;0;0;2;7;1;A01
201400054083;0;37;0;0;2;1;1;B01
201400054084;0;1;0;0;1;1;1;A01
201400054085;0;7;0;0;2;0;23;A01
201400054085;0;1;0;0;2;4;2;B01
201400054086;0;34;0;0;0;8;1;A01
201400054087;0;7;0;0;1;3;15;A01
201400054088;1;7;0;0;2;7;1;Z01
201400054088;0;34;0;0;2;1;16;A01
201400054089;0;7;0;0;2;1;1;A01
201400054089;0;7;0;0;2;4;1;B01
201400054090;0;7;0;0;2;1;1;A01
201400054090;0;7;0;0;2;4;23;B01
201400054090;0;7;0;0;2;4;23;C01
201400054091;0;30;0;0;2;1;17;A01
201400054091;0;7;0;0;2;8;1;B01
201400054092;0;7;0;0;2;2;16;B01
201400054092;0;2;0;0;2;1;18;A01
201400054093;0;2;0;0;1;1;1;A01
201400054094;0;7;0;0;2;3;15;A01
201400054094;0;34;0;0;2;3;1;B01
201400054095;0;7;0;0;1;2;1;A01
201400054096;0;7;0;14;0;9;14;A01
201400054097;0;7;0;0;2;1;1;B01
201400054097;0;7;0;8;2;7;1;A01
201400054098;0;31;0;0;6;2;1;A01
201400054099;0;7;0;0;2;1;2;A01
201400054099;0;7;0;0;1;9;23;B01
201400054100;0;7;0;0;1;2;7;A01
201400054101;0;7;0;0;2;1;1;B01
201400054101;0;31;0;0;2;5;15;A01
201400054102;0;1;0;0;1;7;1;A01
201400054103;0;7;0;0;2;2;15;A01
201400054103;0;33;0;0;2;1;1;B01
201400054104;0;31;0;1;2;1;1;B01
201400054104;0;31;0;0;2;4;13;A01
201400054105;0;7;0;0;2;8;1;B01
201400054105;0;30;0;0;2;7;17;A01
201400054106;0;7;0;0;2;1;1;A01
201400054106;0;30;0;0;2;8;1;B01
201400054107;0;2;0;0;0;0;21;A01
201400054108;0;7;0;0;2;7;15;B01
201400054108;0;30;0;0;2;1;1;A01
201400054109;0;7;0;0;1;2;1;A01
201400054110;0;31;0;0;1;3;1;A01
201400054111;0;7;0;0;2;8;15;B01
201400054111;0;33;0;0;2;1;17;A01
201400054112;0;10;0;0;2;4;1;B01
201400054112;0;10;0;0;2;1;14;A01
201400054113;1;33;0;0;1;0;1;Z01
201400054114;0;33;0;8;0;1;1;A01
201400054115;0;7;0;0;2;8;10;A01
201400054115;0;32;0;0;2;1;1;B01
201400054116;0;33;0;0;2;2;17;B01
201400054116;0;32;0;0;2;3;15;A01
201400054117;0;7;0;0;2;2;16;A01
201400054117;0;33;0;0;2;8;1;B01
201400054118;0;10;0;0;2;3;15;A01
201400054118;0;32;0;0;2;1;1;B01
201400054119;0;7;0;0;1;1;1;A01
201400054120;0;7;0;0;1;1;1;A01
201400054121;0;7;0;0;2;5;9;A01
201400054121;0;30;0;0;2;1;1;B01
201400054122;0;7;0;0;2;1;15;A01
201400054122;0;30;0;0;2;8;1;B01
201400054123;0;7;0;0;1;3;1;A01
201400054124;0;30;0;0;0;0;1;A01
201400054125;0;1;0;0;2;7;19;A01
201400054125;0;10;0;0;2;3;1;B01
201400054126;1;32;0;0;1;1;1;Z01
201400054127;0;1;0;0;2;5;17;B01
201400054127;0;7;0;0;2;3;10;A01
201400054128;0;7;0;0;2;3;9;A01
201400054128;0;1;0;0;2;1;1;B01
201400054129;0;7;0;0;1;6;4;A01
201400054130;0;7;0;0;2;4;2;B01
201400054130;2;7;0;0;2;2;2;Z01
201400054130;0;7;0;0;2;4;2;A01
201400054131;0;32;0;0;2;1;1;A01
201400054131;0;7;0;0;2;2;10;B01
201400054132;0;7;0;0;1;1;1;A01
201400054133;0;30;0;0;1;2;1;A01
201400054134;0;7;0;0;2;3;11;A01
201400054134;0;32;0;0;2;2;1;B01
201400054135;0;1;0;0;1;1;1;A01
201400054136;0;7;0;0;2;4;23;B01
201400054136;0;7;0;0;2;1;1;A01
201400054137;0;34;0;0;2;1;1;B01
201400054137;1;7;0;0;2;1;15;A01
201400054138;0;7;0;12;0;0;13;A01
201400054139;0;7;0;0;2;8;15;A01
201400054139;0;30;0;0;2;8;17;B01
201400054140;0;10;0;0;2;5;12;A01
201400054140;0;33;0;0;2;8;1;B01
201400054141;0;31;0;0;1;2;1;A01
201400054142;0;33;0;0;2;3;13;A01
201400054142;0;30;0;0;2;7;1;B01
201400054143;0;33;0;0;1;1;17;A01
201400054144;0;1;0;0;2;1;2;A01
201400054144;0;7;0;0;2;4;2;B01
201400054145;0;31;0;0;2;8;1;B01
201400054145;0;7;0;0;2;2;15;A01
201400054146;0;7;0;2;2;7;1;B01
201400054146;0;7;0;0;2;3;9;A01
201400054147;0;7;0;0;1;3;1;A01
201400054148;0;10;0;0;2;7;12;A01
201400054148;0;33;0;0;2;8;3;B01
201400054149;0;1;0;0;1;1;1;A01
201400054150;0;34;0;0;2;1;1;B01
201400054150;0;7;0;0;2;7;1;A01
201400054151;0;33;0;0;2;4;1;A01
201400054151;1;7;0;0;2;1;1;Z01
201400054152;0;32;0;0;2;7;1;A01
201400054152;0;7;0;0;2;1;9;B01
201400054153;0;7;0;0;2;8;1;B01
201400054153;0;7;0;0;2;1;1;A01
201400054154;0;30;0;0;0;8;1;A01
201400054155;0;1;0;0;2;1;1;A01
201400054155;0;7;0;0;2;2;9;B01
201400054156;0;7;0;0;1;1;1;A01
201400054157;0;7;0;0;2;3;15;A01
201400054157;0;2;0;5;2;6;1;B01
201400054158;0;10;0;0;1;7;16;A01
201400054159;0;2;0;0;2;7;17;A01
201400054159;1;7;0;0;2;0;13;Z01
201400054160;0;37;3;0;2;4;23;B01
201400054160;0;37;1;0;2;1;1;A01
201400054161;0;7;0;0;1;1;1;A01
201400054162;0;7;0;0;2;3;9;A01
201400054162;0;33;0;0;2;2;17;B01
201400054163;0;7;0;0;2;6;11;A01
201400054163;0;15;0;0;2;2;1;B01
201400054164;0;7;0;0;1;2;9;A01
201400054165;0;7;0;0;2;3;15;A01
201400054165;0;30;0;0;2;8;1;B01
201400054166;0;32;0;0;2;4;23;A01
201400054166;0;32;0;0;2;3;1;B01
201400054167;0;32;0;0;2;1;11;B01
201400054167;0;7;0;0;2;5;1;A01
201400054168;0;30;0;0;0;2;14;A01
201400054169;0;7;0;4;0;2;1;A01
201400054170;1;10;0;0;2;1;1;Z01
201400054170;0;7;0;0;2;4;1;A01
201400054171;0;32;0;0;0;0;1;A01
201400054172;0;10;0;0;1;2;1;A01
201400054173;0;38;1;0;2;7;1;A01
201400054173;0;7;0;0;1;9;23;B01
201400054174;0;31;0;0;2;2;1;A01
201400054174;0;1;0;0;2;6;1;B01
201400054175;0;1;0;0;5;1;1;A01
201400054176;0;7;0;0;2;2;16;A01
201400054176;0;1;0;0;2;1;1;B01
201400054177;0;7;0;0;1;1;15;A01
201400054178;0;32;0;0;2;1;1;A01
201400054178;0;10;0;0;2;6;23;B01
201400054179;0;10;0;0;2;1;1;A01
201400054179;0;10;0;0;2;4;1;B01
201400054180;0;33;0;0;2;8;1;B01
201400054180;0;7;0;0;2;7;14;A01
201400054181;0;31;0;0;1;1;1;A01
201400054182;0;1;0;0;2;1;2;B01
201400054182;0;1;0;0;2;1;2;A01
201400054182;0;1;0;0;2;1;2;C01
201400054182;0;1;0;0;2;0;2;D01
201400054183;0;7;0;2;2;8;2;C01
201400054183;0;7;0;12;2;3;13;A01
201400054183;0;7;0;0;2;2;2;B01
201400054184;0;7;0;0;2;1;2;A01
201400054184;0;7;0;0;2;4;2;B01
201400054185;1;38;1;0;2;7;14;Z01
201400054185;0;1;0;0;2;8;7;A01
201400054186;0;33;0;0;2;7;1;B01
201400054186;0;7;0;0;2;8;11;A01
201400054187;0;33;0;0;2;2;1;B01
201400054187;0;7;0;0;2;3;15;A01
201400054188;0;30;0;0;2;1;17;A01
201400054188;0;7;0;0;2;8;15;B01
201400054189;0;31;0;0;1;1;1;A01
201400054190;0;7;0;0;2;2;15;A01
201400054190;0;37;1;0;2;1;1;B01
201400054191;0;1;0;0;1;1;1;A01
201400054192;0;31;0;0;1;0;1;A01
201400054193;0;7;0;0;2;1;15;A01
201400054193;0;7;0;1;2;3;1;B01
201400054194;0;31;0;0;2;1;1;A01
201400054194;0;7;0;0;2;8;9;B01
201400054195;1;10;0;0;1;2;16;Z01
201400054196;0;7;0;0;2;2;15;A01
201400054196;0;30;0;0;2;1;1;B01
201400054197;0;30;0;0;1;1;1;A01
201400054198;0;7;0;0;1;4;4;A01
201400054199;0;1;0;0;2;3;1;B01
201400054199;0;38;1;0;2;2;16;A01
201400054200;0;33;0;0;2;2;3;A01
201400054200;0;7;0;0;2;6;1;B01
201400054200;0;10;0;0;2;7;1;C01
201400054201;0;7;0;0;1;3;1;A01
201400054202;1;30;0;0;1;1;17;Z01
201400054203;0;1;0;0;1;1;1;A01
201400054204;0;1;0;0;2;1;10;A01
201400054204;0;1;0;0;2;1;1;B01
201400054205;0;33;0;12;0;8;13;A01
201400054206;0;1;0;0;2;1;14;A01
201400054206;0;1;0;0;2;1;1;B01
201400054207;0;10;0;0;2;3;23;A01
201400054207;0;31;0;0;2;8;1;B01
201400054208;0;7;0;0;2;1;1;A01
201400054208;0;31;0;0;2;8;1;B01
201400054209;0;2;0;0;2;5;17;B01
201400054209;0;7;0;0;2;8;13;A01
201400054210;1;10;0;0;2;0;9;Z01
201400054210;0;7;0;0;2;2;1;A01
201400054210;0;7;0;0;2;5;1;C01
201400054210;0;33;0;0;2;7;3;B01
201400054211;0;30;0;14;0;1;15;A01
201400054212;0;7;0;11;0;3;15;A01
201400054213;0;7;0;0;2;3;15;B01
201400054213;0;31;0;0;2;1;5;A01
201400054214;0;33;0;0;2;0;1;A01
201400054214;1;7;0;0;2;0;13;Z01
201400054215;0;7;0;0;1;4;20;A01
201400054216;0;10;0;0;2;2;14;A01
201400054216;0;10;0;0;2;6;24;B01
201400054217;0;7;0;0;1;2;1;A01
201400054218;0;7;0;0;2;7;1;A01
201400054218;0;1;0;0;2;8;15;B01
201400054219;0;30;0;11;0;1;16;A01
201400054220;0;7;0;0;2;2;15;A01
201400054220;0;3;0;0;2;8;1;B01
201400054221;0;7;0;0;2;4;23;B01
201400054221;0;7;0;0;2;1;1;A01
201400054222;0;7;0;0;1;7;15;A01
201400054223;0;1;0;0;2;3;1;B01
201400054223;0;34;0;0;2;1;15;A01
201400054224;0;1;0;0;2;3;1;A01
201400054224;1;33;0;0;2;0;17;Z01
201400054225;0;7;0;2;0;2;14;A01
201400054226;0;7;0;0;1;2;1;A01
201400054227;0;1;0;0;1;1;1;A01
201400054228;0;7;0;0;2;2;15;A01
201400054228;0;1;0;0;2;1;1;B01
201400054229;0;10;0;0;2;6;2;B01
201400054229;0;33;0;0;2;3;2;A01
201400054230;0;10;0;0;2;8;1;A01
201400054230;0;30;0;0;2;7;1;B01
201400054231;0;7;0;0;1;1;1;A01
201400054232;0;10;0;0;1;5;1;A01
201400054233;0;7;0;0;2;2;2;A01
201400054233;0;7;0;0;2;4;23;B01
201400054234;0;30;0;0;0;0;1;A01