num_acc;senc;catv;occutc;obs;obsm;choc;manv;num_veh
201400055027;0;7;0;0;2;3;9;B01
201400055027;0;33;0;0;2;1;1;A01
201400055028;0;7;0;0;2;3;15;A01
201400055028;0;31;0;0;2;2;17;B01
201400055029;0;7;0;0;0;5;16;B01
201400055029;0;34;0;0;0;5;18;A01
201400055030;0;7;0;0;2;5;16;A01
201400055030;0;32;0;0;2;0;1;B01
201400055031;0;30;0;0;2;7;17;B01
201400055031;0;7;0;0;2;3;13;A01
201400055032;0;10;0;0;1;8;15;A01
201400055033;1;7;0;0;1;1;1;Z01
201400055034;0;31;0;0;2;1;1;B01
201400055034;0;7;0;0;2;3;9;A01
201400055035;0;31;0;0;2;0;1;A01
201400055035;0;33;0;0;2;0;15;B01
201400055036;0;7;0;15;0;9;14;A01
201400055037;0;7;0;0;2;2;1;A01
201400055037;0;34;0;0;2;4;1;B01
201400055038;0;7;0;0;1;1;1;A01
201400055039;0;37;1;0;0;8;1;B01
201400055039;0;32;0;0;0;3;14;A01
201400055040;0;30;0;0;2;1;1;B01
201400055040;0;7;0;0;2;5;15;A01
201400055041;0;7;0;0;2;5;22;A01
201400055041;0;31;0;0;2;3;18;B01
201400055042;0;32;0;0;1;8;1;A01
201400055043;0;7;0;0;1;3;15;A01
201400055044;0;34;0;0;0;3;2;A01
201400055045;0;7;0;0;2;7;15;A01
201400055045;0;32;0;0;2;3;17;B01
201400055046;0;32;0;16;0;6;16;A01
201400055047;0;10;0;0;1;1;15;A01
201400055048;0;10;0;0;1;2;15;A01
201400055049;0;7;0;0;2;2;1;A01
201400055049;0;7;0;0;2;3;1;B01
201400055050;0;10;0;0;1;2;15;A01
201400055051;0;7;0;0;1;8;16;A01
201400055052;0;10;0;0;1;7;1;A01
201400055053;0;31;0;0;2;4;23;B01
201400055053;0;7;0;0;2;2;2;A01
201400055054;0;33;0;0;0;5;1;A01
201400055055;0;7;0;0;1;3;16;A01
201400055056;0;7;0;0;2;8;15;A01
201400055056;0;32;0;0;2;7;17;B01
201400055057;0;10;0;0;1;3;1;A01
201400055058;0;7;0;0;1;3;1;A01
201400055059;0;32;0;0;2;8;15;A01
201400055059;1;30;0;0;2;1;1;Z01
201400055060;1;7;0;1;1;4;4;Z01
201400055061;0;7;0;0;2;8;15;A01
201400055061;0;30;0;0;2;2;5;B01
201400055062;0;30;0;1;0;2;17;B01
201400055062;0;7;0;0;2;8;22;A01
201400055063;0;31;0;0;2;1;2;A01
201400055063;0;14;0;0;2;5;23;B01
201400055064;0;7;0;0;1;2;15;A01
201400055065;0;3;0;0;1;3;1;A01
201400055066;0;7;0;0;1;1;1;A01
201400055067;0;32;0;8;0;1;21;A01
201400055068;0;7;0;1;2;3;1;B01
201400055068;0;7;0;1;2;2;15;A01
201400055069;0;32;0;0;0;1;1;B01
201400055069;0;10;0;0;2;1;15;A01
201400055070;0;7;0;1;0;3;1;A01
201400055071;0;33;0;0;0;1;1;A01
201400055072;0;7;0;0;1;1;15;A01
201400055073;0;7;0;0;1;0;4;A01
201400055074;0;30;0;0;0;7;1;A01
201400055075;0;33;0;0;1;1;1;A01
201400055076;0;34;0;0;1;1;1;A01
201400055077;0;7;0;0;2;5;14;A01
201400055077;0;32;0;0;2;3;1;B01
201400055078;0;33;0;0;1;1;17;A01
201400055079;0;7;0;0;1;1;1;A01
201400055080;0;7;0;15;2;5;1;B01
201400055080;0;7;0;0;2;1;1;A01
201400055081;0;10;0;0;1;2;15;A01
201400055082;2;7;0;0;2;1;2;Z01
201400055082;0;7;0;0;2;4;23;A01
201400055082;0;7;0;0;2;6;23;B01
201400055083;0;7;0;0;2;8;11;A01
201400055083;0;31;0;0;2;7;1;B01
201400055084;0;7;0;0;2;6;1;A01
201400055084;0;1;0;0;2;6;1;B01
201400055085;0;32;0;0;2;1;7;A01
201400055085;0;10;0;0;2;2;16;B01
201400055086;0;7;0;0;1;1;15;A01
201400055087;2;31;0;0;2;6;13;Z01
201400055087;0;33;0;0;2;2;1;A01
201400055088;0;32;0;0;2;3;17;A01
201400055088;0;7;0;0;2;2;15;B01
201400055089;0;10;0;0;1;1;1;A01
201400055090;0;1;0;0;1;1;16;A01
201400055091;0;1;0;0;2;8;13;A01
201400055091;0;10;0;0;2;2;17;B01
201400055092;0;2;0;0;0;1;1;A01
201400055093;0;34;0;0;0;0;1;A01
201400055094;1;10;0;0;2;1;1;Z01
201400055094;0;34;0;1;2;6;1;A01
201400055095;1;10;0;0;2;0;15;Z01
201400055095;0;30;0;0;2;8;1;A01
201400055096;0;30;0;0;1;7;1;A01
201400055097;0;32;0;0;2;1;5;A01
201400055097;0;10;0;0;2;6;15;B01
201400055098;0;31;0;0;1;2;17;A01
201400055099;0;37;1;0;1;7;16;A01
201400055100;0;31;0;1;0;1;19;A01
201400055101;0;32;0;0;0;8;15;A01
201400055102;0;7;0;0;1;1;15;A01
201400055103;0;32;0;0;2;1;1;B01
201400055103;0;1;0;0;2;3;13;A01
201400055104;0;7;0;0;1;2;1;A01
201400055105;0;33;0;0;2;2;1;B01
201400055105;0;7;0;0;2;3;10;A01
201400055106;0;10;0;0;1;1;15;A01
201400055107;0;34;0;0;2;3;18;A01
201400055107;0;13;0;0;2;2;16;B01
201400055108;0;2;0;0;1;5;1;A01
201400055109;0;7;0;0;2;2;16;B01
201400055109;0;34;0;0;2;6;7;A01
201400055110;0;10;0;0;2;2;16;A01
201400055110;0;34;0;0;2;1;18;B01
201400055111;0;7;0;0;2;3;1;B01
201400055111;0;7;0;0;2;2;1;A01
201400055112;0;33;0;0;2;1;1;A01
201400055112;0;7;0;1;2;3;1;B01
201400055113;0;7;0;0;1;4;4;A01
201400055114;0;37;0;0;1;2;7;A01
201400055115;0;1;0;0;2;7;1;A01
201400055115;0;7;0;0;2;8;1;B01
201400055116;0;7;0;0;1;3;1;A01
201400055117;0;10;0;0;2;6;1;A01
201400055117;0;7;0;0;2;2;1;B01
201400055118;0;33;0;0;0;0;15;A01
201400055119;0;10;0;0;1;1;1;A01
201400055120;0;30;0;0;1;1;17;A01
201400055121;0;7;0;0;1;3;7;A01
201400055122;0;32;0;0;0;0;1;A01
201400055123;0;30;0;0;1;1;1;A01
201400055124;0;7;0;0;2;3;15;A01
201400055124;0;32;0;0;2;2;1;B01
201400055125;0;33;0;0;0;7;1;A01
201400055126;0;10;0;0;2;6;1;A01
201400055126;0;7;0;0;2;1;1;B01
201400055127;0;7;0;0;1;3;15;A01
201400055128;0;10;0;0;2;7;15;A01
201400055128;0;7;0;0;2;1;1;B01
201400055129;0;33;0;12;0;1;14;A01
201400055130;0;2;0;0;1;1;21;A01
201400055131;0;1;0;0;2;7;17;B01
201400055131;0;33;0;1;2;8;23;A01
201400055132;0;7;0;0;2;7;1;A01
201400055132;0;30;0;0;2;2;1;B01
201400055133;0;7;0;0;2;5;1;B01
201400055133;0;2;0;0;2;3;1;A01
201400055134;0;2;0;0;0;0;1;A01
201400055135;0;32;0;0;0;0;0;A01
201400055136;0;2;0;0;0;8;15;A01
201400055137;0;2;0;0;2;3;2;A01
201400055137;0;1;0;0;2;3;15;B01
201400055138;0;7;0;0;1;3;1;A01
201400055139;0;34;0;0;2;5;17;A01
201400055139;0;7;0;0;2;3;13;B01
201400055140;0;33;0;0;2;1;1;A01
201400055140;0;33;0;0;2;4;23;B01
201400055141;0;7;0;0;1;3;1;A01
201400055142;0;2;0;0;0;8;1;A01
201400055143;0;34;0;0;2;5;1;B01
201400055143;0;32;0;0;2;1;1;A01
201400055144;0;7;0;0;2;3;9;B01
201400055144;0;7;0;0;2;2;1;A01
201400055145;0;7;0;0;2;3;22;A01
201400055145;0;1;0;0;2;2;1;B01
201400055146;0;7;0;0;1;6;4;A01
201400055147;0;30;0;0;0;7;1;A01
201400055148;0;7;0;0;1;2;1;A01
201400055149;0;7;0;1;0;9;13;A01
201400055150;0;31;0;0;2;1;15;A01
201400055150;1;2;0;0;2;7;1;Z01
201400055151;0;7;0;0;2;7;22;A01
201400055151;0;1;0;0;2;8;7;B01
201400055152;1;30;0;0;1;1;1;Z01
201400055153;0;7;0;0;1;2;15;A01
201400055154;0;33;0;0;2;1;1;A01
201400055154;0;7;0;0;2;1;1;B01
201400055155;0;7;0;0;2;3;15;A01
201400055155;0;7;0;0;2;3;1;B01
201400055156;0;37;11;0;2;7;1;B01
201400055156;0;7;0;0;2;7;22;A01
201400055157;0;7;0;0;2;4;2;B01
201400055157;0;33;0;0;2;1;2;A01
201400055158;0;7;0;12;1;2;14;A01
201400055159;0;30;0;0;2;1;5;A01
201400055159;0;7;0;0;2;1;1;B01
201400055160;0;7;0;0;1;7;1;A01
201400055161;0;7;0;1;2;3;9;A01
201400055161;0;7;0;0;2;2;1;B01
201400055162;0;7;0;0;2;4;23;B01
201400055162;0;7;0;0;2;1;1;A01
201400055162;0;7;0;0;2;4;23;C01
201400055163;0;7;0;0;1;1;15;A01
201400055164;0;7;0;0;2;1;2;A01
201400055164;0;33;0;0;2;4;23;B01
201400055165;0;7;0;0;2;3;15;A01
201400055165;0;33;0;0;2;7;17;B01
201400055166;0;2;0;0;1;1;1;A01
201400055167;0;7;0;0;2;1;13;A01
201400055167;0;7;0;0;2;1;1;B01
201400055168;0;2;0;1;0;8;13;A01
201400055169;0;34;0;14;2;1;2;A01
201400055169;0;7;0;0;2;5;23;B01
201400055170;0;7;0;0;2;2;1;A01
201400055170;0;31;0;0;2;1;1;B01
201400055171;0;7;0;0;1;2;1;A01
201400055172;0;33;0;0;1;7;16;A01
201400055173;0;7;0;0;2;6;24;B01
201400055173;0;31;0;0;2;6;2;A01
201400055174;0;7;0;0;2;0;22;A01
201400055174;0;1;0;0;2;0;1;B01
201400055175;0;34;0;1;0;0;1;A01
201400055176;0;7;0;0;2;1;1;B01
201400055176;0;7;0;0;2;8;1;A01
201400055177;0;30;0;0;2;1;1;B01
201400055177;0;7;0;0;2;3;15;A01
201400055178;0;33;0;0;2;3;5;A01
201400055178;0;33;0;0;2;1;1;B01
201400055179;0;7;0;0;1;8;1;A01
201400055180;0;14;0;0;2;3;1;C01
201400055180;0;32;0;0;2;3;13;A01
201400055180;0;7;0;0;2;8;1;B01
201400055181;0;32;0;0;2;3;1;B01
201400055181;0;7;0;0;2;1;9;A01
201400055182;0;7;0;0;2;1;1;A01
201400055182;0;32;0;0;2;4;23;B01
201400055183;0;30;0;0;1;1;1;A01
201400055184;0;2;0;0;1;1;1;A01
201400055185;1;7;0;0;1;1;1;Z01
201400055186;0;7;0;0;1;3;1;A01
201400055187;0;10;0;0;1;3;15;A01
201400055188;0;37;1;0;1;2;1;A01
201400055189;0;32;0;0;2;8;1;B01
201400055189;0;13;0;0;2;6;14;A01
201400055190;0;1;0;0;2;1;1;B01
201400055190;0;7;0;0;2;2;1;A01
201400055191;0;7;0;0;2;3;15;B01
201400055191;0;30;0;0;2;1;17;A01
201400055192;0;1;0;0;2;3;2;B01
201400055192;0;7;0;0;2;2;2;A01
201400055193;0;32;0;0;1;1;1;A01
201400055194;0;7;0;0;2;3;15;B01
201400055194;0;33;0;0;2;2;17;A01
201400055195;0;7;0;0;2;3;22;A01
201400055195;0;1;0;0;2;2;1;B01
201400055196;0;1;0;0;2;6;15;B01
201400055196;1;32;0;0;2;5;17;Z01
201400055197;0;1;0;0;1;1;1;A01
201400055198;0;1;0;1;0;2;21;A01
201400055199;0;2;0;0;0;7;15;A01
201400055200;0;7;0;0;2;3;1;B01
201400055200;0;7;0;0;2;2;10;A01
201400055201;0;7;0;0;1;4;4;A01
201400055202;0;7;0;0;2;3;1;A01
201400055202;0;10;0;0;2;2;1;B01
201400055203;0;15;0;1;1;2;4;A01
201400055204;0;31;0;14;0;1;1;A01
201400055205;1;7;0;0;2;5;1;Z01
201400055205;0;34;0;0;2;1;1;A01
201400055206;0;10;0;0;2;3;2;A01
201400055206;0;7;0;0;2;5;23;B01
201400055207;0;30;0;0;1;2;1;A01
201400055208;0;7;0;0;2;1;2;A01
201400055208;0;7;0;0;2;4;2;B01
201400055209;0;7;0;1;2;3;15;A01
201400055209;0;33;0;8;2;3;1;B01
201400055210;0;7;0;0;2;4;23;A01
201400055210;1;7;0;0;2;1;2;Z01
201400055211;0;30;0;0;2;1;1;B01
201400055211;0;7;0;0;2;8;1;A01
201400055212;1;10;0;0;1;4;4;Z01
201400055213;0;7;0;0;2;4;23;B01
201400055213;0;7;0;0;2;2;16;A01
201400055214;0;30;0;0;2;3;1;B01
201400055214;0;7;0;0;2;2;15;A01
201400055215;0;7;0;0;1;2;1;A01
201400055216;0;31;0;0;1;1;1;A01
201400055217;0;33;0;0;2;4;2;B01
201400055217;0;7;0;0;2;3;2;A01
201400055218;0;7;0;14;0;1;1;A01
201400055219;0;30;0;0;2;0;7;B01
201400055219;0;7;0;0;2;0;16;A01
201400055220;0;1;0;0;0;0;1;A01
201400055221;0;30;0;0;2;7;18;A01
201400055221;0;30;0;0;2;7;16;B01
201400055222;0;30;0;0;2;5;2;A01
201400055222;0;7;0;0;2;5;2;B01
201400055223;0;7;0;0;2;4;9;A01
201400055223;0;7;0;0;2;1;1;B01
201400055224;0;7;0;0;1;3;15;A01
201400055225;0;30;0;0;2;1;1;B01
201400055225;0;10;0;0;2;3;9;A01
201400055226;0;13;0;0;2;5;14;A01
201400055226;0;7;0;0;2;1;1;B01
201400055227;0;7;0;0;1;3;1;A01
201400055228;0;31;0;0;2;1;1;B01
201400055228;0;7;0;0;2;2;15;A01
201400055229;0;7;0;0;2;8;22;A01
201400055229;0;1;0;1;2;1;1;B01
201400055230;0;33;0;0;2;3;3;A01
201400055230;0;7;0;0;2;2;1;B01
201400055231;0;7;0;0;2;4;1;B01
201400055231;0;7;0;0;2;1;1;A01
201400055232;0;7;0;0;2;1;1;B01
201400055232;0;10;0;0;2;1;1;A01
201400055233;0;30;0;1;0;1;13;A01
201400055234;0;7;0;0;2;6;15;B01
201400055234;0;2;0;0;2;0;17;A01
201400055235;0;34;0;0;2;1;1;B01
201400055235;0;7;0;0;2;7;23;A01
201400055236;0;7;0;0;2;4;2;B01
201400055236;0;7;0;0;2;1;2;A01
201400055237;0;2;0;0;1;1;1;A01
201400055238;0;7;0;0;2;1;1;A01
201400055238;0;7;0;8;2;8;1;B01
201400055239;0;33;0;8;2;2;17;A01
201400055239;0;7;0;0;2;3;15;B01
201400055240;0;7;0;0;1;3;15;A01
201400055241;0;7;0;8;0;1;14;A01
201400055242;1;30;0;0;1;0;1;Z01
201400055243;0;7;0;0;2;3;22;A01
201400055243;0;1;0;0;2;2;1;B01
201400055244;0;7;0;0;1;5;4;A01
201400055245;0;33;0;0;0;0;21;A01
201400055246;0;30;0;0;2;6;1;B01
201400055246;0;7;0;0;2;2;1;A01
201400055247;0;1;0;0;1;7;1;A01
201400055248;0;30;0;0;5;1;1;A01
201400055249;1;7;0;0;1;2;15;Z01
201400055250;0;7;0;0;1;1;16;A01
201400055251;0;2;0;0;0;8;16;A01
201400055252;0;30;0;0;1;1;1;A01
201400055253;0;33;0;0;2;8;1;A01
201400055253;0;7;0;0;2;2;1;B01
201400055254;0;7;0;4;0;1;14;A01
201400055255;0;7;0;9;0;1;1;A01
201400055256;0;7;0;0;2;3;15;A01
201400055256;0;2;0;0;2;3;1;B01
201400055257;0;7;0;8;2;1;1;A01
201400055257;0;7;0;0;2;4;1;B01
201400055258;0;30;0;0;2;3;17;B01
201400055258;0;7;0;0;2;3;15;A01
201400055259;0;7;0;0;2;3;1;A01
201400055259;0;30;0;0;2;1;1;B01
201400055260;0;7;0;0;1;2;15;A01
201400055261;0;7;0;0;2;8;15;A01
201400055261;0;32;0;0;2;2;17;B01
201400055262;0;1;0;0;2;8;1;B01
201400055262;0;7;0;0;2;0;1;A01
201400055263;0;1;0;1;1;1;1;A01
201400055264;0;1;0;0;1;3;1;A01
201400055265;0;7;0;0;2;1;1;A01
201400055265;0;7;0;0;2;4;1;B01
201400055266;0;33;0;1;0;0;21;A01
201400055267;0;7;0;0;2;1;2;A01
201400055267;0;7;0;0;2;4;2;B01
201400055268;0;7;0;0;2;1;15;A01
201400055268;0;32;0;0;2;7;1;B01
201400055269;0;34;0;0;2;1;1;A01
201400055269;0;7;0;0;2;6;23;B01
201400055270;0;7;0;0;1;2;1;A01
201400055271;0;34;0;0;2;3;1;B01
201400055271;0;7;0;0;2;2;14;A01
201400055272;0;33;0;0;2;2;17;A01
201400055272;0;34;0;0;2;8;15;B01
201400055273;0;34;0;0;2;1;1;B01
201400055273;0;7;0;0;2;2;15;A01
201400055274;0;7;0;0;1;4;4;A01
201400055275;0;7;0;0;2;4;2;B01
201400055275;0;10;0;0;2;1;2;A01
201400055275;0;7;0;0;2;4;23;C01
201400055276;0;1;0;12;2;4;7;B01
201400055276;0;7;0;0;2;4;14;A01
201400055277;0;1;0;0;2;1;1;B01
201400055277;0;7;0;0;2;8;10;A01
201400055278;0;7;0;0;2;5;14;A01
201400055278;0;30;0;0;2;3;18;B01
201400055279;0;34;0;0;2;1;2;A01
201400055279;0;1;0;0;2;4;13;B01
201400055280;0;33;0;1;2;9;17;A01
201400055280;0;7;0;0;2;8;1;B01
201400055280;0;7;0;0;2;8;23;C01
201400055281;0;7;0;0;2;5;1;A01
201400055281;0;7;0;0;2;3;1;B01
201400055282;0;34;0;0;2;2;17;B01
201400055282;0;7;0;0;2;3;15;A01
201400055283;0;7;0;0;1;1;1;A01
201400055284;0;7;0;0;1;1;15;A01
201400055285;0;30;0;0;0;3;15;A01
201400055286;0;7;0;0;2;8;1;C01
201400055286;0;30;0;0;2;2;17;A01
201400055286;0;7;0;0;2;3;1;B01
201400055287;0;31;0;0;0;0;21;A01
201400055288;0;1;0;0;0;1;1;A01
201400055289;0;1;0;0;2;1;15;A01
201400055289;0;1;0;0;2;7;1;B01
201400055290;0;33;0;0;1;7;18;A01
201400055291;0;7;0;0;1;2;1;A01
201400055292;0;1;0;1;0;0;15;A01
201400055293;0;7;0;0;1;3;16;A01
201400055294;0;2;0;14;0;7;14;A01
201400055295;0;33;0;0;2;1;5;A01
201400055295;0;7;0;0;2;2;15;B01
201400055296;0;10;0;0;1;2;1;A01
201400055297;0;10;0;0;1;1;1;A01
201400055298;0;7;0;0;2;4;13;A01
201400055298;0;31;0;0;2;7;17;B01
201400055299;0;14;0;0;2;5;23;B01
201400055299;0;1;0;0;2;1;2;A01
201400055300;0;7;0;0;2;5;4;A01
201400055300;0;30;0;0;2;7;3;B01
201400055300;0;7;0;0;2;1;1;C01
201400055301;0;1;0;0;2;1;1;B01
201400055301;0;7;0;0;2;2;22;A01
201400055302;0;7;0;0;2;1;1;B01
201400055302;0;7;0;0;2;1;15;A01
201400055303;0;7;0;0;1;2;1;A01
201400055304;0;7;0;0;2;3;10;A01
201400055304;0;31;0;0;2;1;17;B01
201400055305;0;7;0;0;1;1;15;A01
201400055306;0;31;0;0;2;6;2;A01
201400055306;0;10;0;0;2;6;2;B01
201400055307;0;31;0;0;2;8;18;B01
201400055307;0;7;0;0;2;7;16;A01
201400055308;0;31;0;8;2;2;16;A01
201400055308;1;7;0;0;2;0;14;Z01
201400055309;0;10;0;0;2;2;15;A01
201400055309;0;32;0;0;2;1;7;B01
201400055310;0;7;0;0;2;3;1;B01
201400055310;0;1;0;0;2;7;1;A01
201400055311;0;33;0;0;2;1;1;B01
201400055311;0;7;0;0;2;2;9;A01
201400055312;0;2;0;0;2;1;2;A01
201400055312;0;7;0;0;2;4;23;B01
201400055313;0;15;0;0;1;2;16;A01
201400055314;0;30;0;0;2;2;17;B01
201400055314;0;7;0;0;2;3;15;A01
201400055315;1;7;0;0;1;0;1;Z01
201400055316;0;2;0;0;2;1;15;A01
201400055316;0;31;0;0;2;8;1;B01
201400055317;0;33;0;0;2;7;5;B01
201400055317;0;10;0;0;2;0;15;A01
201400055318;0;7;0;0;1;1;1;A01
201400055319;0;32;0;11;0;1;1;A01
201400055320;0;32;0;0;2;2;1;B01
201400055320;0;7;0;0;2;3;15;A01
201400055321;0;33;0;0;2;8;1;A01
201400055321;1;7;0;0;2;2;1;Z01
201400055322;0;31;0;0;1;1;1;A01
201400055323;0;30;0;0;0;0;1;A01
201400055324;0;7;0;0;1;2;1;A01
201400055325;0;7;0;0;1;1;15;A01
201400055326;0;7;0;0;2;5;15;A01
201400055326;0;31;0;0;2;1;1;B01
201400055327;0;32;0;0;1;2;1;A01
201400055328;0;31;0;0;2;6;3;A01
201400055328;0;7;0;0;2;6;11;B01
201400055329;0;32;0;0;2;2;1;B01
201400055329;0;7;0;0;2;3;9;A01
201400055330;0;7;0;0;2;5;17;B01
201400055330;0;31;0;0;2;1;2;A01
201400055331;0;32;0;12;0;1;1;A01
201400055332;0;33;0;0;0;0;21;A01
201400055333;0;7;0;0;2;3;1;B01
201400055333;0;33;0;0;2;3;1;A01
201400055334;0;7;0;0;2;7;12;A01
201400055334;0;34;0;0;2;3;1;B01
201400055335;0;30;0;0;0;8;1;A01
201400055336;0;30;0;0;0;8;1;A01
201400055337;0;7;0;0;2;4;23;B01
201400055337;0;33;0;0;2;1;1;A01
201400055338;0;7;0;0;1;1;1;A01
201400055339;0;30;0;0;2;8;1;A01
201400055339;0;7;0;0;2;7;14;B01
201400055340;0;7;0;14;0;1;21;A01
201400055341;1;7;0;0;2;0;5;Z01
201400055341;0;2;0;1;2;0;1;A01
201400055342;0;7;0;0;2;3;15;A01
201400055342;0;33;0;0;2;8;1;B01
201400055343;0;7;0;0;1;1;1;A01
201400055344;1;30;0;0;1;0;1;Z01
201400055345;0;7;0;0;2;2;15;B01
201400055345;0;30;0;0;2;6;1;A01
201400055346;0;31;0;0;1;1;18;A01
201400055347;0;33;0;0;1;2;2;A01
201400055348;0;32;0;0;2;7;1;B01
201400055348;0;7;0;0;2;0;1;A01
201400055349;0;1;0;0;2;1;5;A01
201400055349;0;7;0;0;2;2;1;B01
201400055350;0;1;0;0;1;3;1;A01
201400055351;0;7;0;0;1;2;1;A01
201400055352;0;7;0;0;2;7;22;A01
201400055352;0;34;0;0;2;3;1;B01
201400055353;0;7;0;0;2;3;10;A01
201400055353;0;2;0;0;2;2;1;B01
201400055354;0;7;0;0;2;3;15;A01
201400055354;0;2;0;0;2;3;1;B01
201400055355;0;7;0;11;0;0;1;A01
201400055356;1;30;0;0;1;0;1;Z01
201400055357;1;7;0;0;2;0;15;Z01
201400055357;0;32;0;0;2;2;1;A01
201400055358;0;1;0;1;0;4;1;A01
201400055358;1;7;0;0;2;1;17;Z01
201400055359;0;7;0;0;2;1;15;A01
201400055359;0;30;0;0;2;3;1;B01
201400055360;0;7;0;0;2;3;1;B01
201400055360;0;7;0;0;2;2;1;A01
201400055361;0;10;0;0;2;1;15;A01
201400055361;0;33;0;1;2;3;1;B01
201400055362;0;7;0;0;2;6;15;A01
201400055362;0;30;0;0;2;1;1;B01
201400055363;0;7;0;0;1;3;1;A01
201400055364;0;7;0;0;1;1;1;A01
201400055365;0;31;0;0;2;7;17;A01
201400055365;0;7;0;0;2;1;15;B01
201400055366;0;7;0;0;2;7;15;A01
201400055366;0;34;0;0;2;1;1;B01
201400055367;0;7;0;0;1;4;23;B01
201400055367;0;7;0;0;2;1;1;A01
201400055368;0;1;0;0;1;1;1;A01
201400055369;0;32;0;0;1;2;1;A01
201400055370;0;7;0;0;1;3;15;A01
201400055371;0;7;0;0;2;2;15;A01
201400055371;0;33;0;0;2;3;1;B01
201400055372;0;7;0;0;1;1;1;A01
201400055373;0;7;0;0;1;1;1;A01
201400055374;0;34;0;0;0;3;1;A01
201400055375;0;30;0;0;2;2;2;A01
201400055375;0;7;0;0;2;6;2;B01
201400055376;0;34;0;0;2;1;1;B01
201400055376;0;7;0;0;2;3;15;A01
201400055377;0;7;0;12;2;4;1;A01
201400055377;1;10;0;0;2;1;1;Z01
201400055378;0;30;0;4;0;7;14;A01
201400055379;0;7;0;0;1;1;13;A01
201400055379;0;10;0;0;2;4;1;B01
201400055380;0;7;0;0;2;3;10;A01
201400055380;0;33;0;0;2;8;1;B01
201400055381;0;2;0;1;0;2;14;A01
201400055382;0;32;0;0;1;1;21;A01
201400055383;0;31;0;0;2;1;2;A01
201400055383;0;7;0;0;2;5;2;B01
201400055384;0;30;0;0;2;1;1;A01
201400055384;0;7;0;0;2;3;9;B01
201400055385;0;34;0;0;0;7;1;A01
201400055386;0;7;0;0;2;5;2;B01
201400055386;0;34;0;0;2;1;2;A01
201400055387;0;7;0;0;1;4;4;A01
201400055388;0;30;0;0;1;1;17;A01
201400055389;0;30;0;8;0;8;17;A01
201400055390;0;7;0;0;2;1;2;A01
201400055390;0;7;0;0;2;4;2;B01
201400055391;0;7;0;0;2;3;1;B01
201400055391;0;30;0;0;2;1;1;A01
201400055392;0;2;0;0;0;8;1;A01
201400055393;0;7;0;0;2;3;13;A01
201400055393;0;33;0;0;2;7;17;B01
201400055394;0;33;0;0;2;1;15;A01
201400055394;1;7;0;0;2;0;15;Z01
201400055395;0;10;0;0;2;0;1;B01
201400055395;0;32;0;0;2;0;1;A01
201400055396;0;32;0;0;2;1;17;A01
201400055396;0;7;0;0;2;8;9;B01
201400055397;0;7;0;1;0;1;14;A01
201400055398;0;33;0;0;2;7;17;B01
201400055398;0;7;0;0;2;1;9;A01
201400055399;0;32;0;0;2;1;1;B01
201400055399;0;7;0;0;2;5;15;A01
201400055400;0;7;0;0;2;1;15;A01
201400055400;0;34;0;0;2;2;17;B01
201400055401;0;2;0;0;2;5;1;A01
201400055401;0;7;0;0;2;3;16;B01
201400055402;0;33;0;0;2;6;3;A01
201400055402;0;7;0;0;2;2;23;B01
201400055403;0;30;0;0;1;2;1;A01
201400055404;0;7;0;0;1;3;1;A01
201400055405;0;2;0;0;2;1;1;B01
201400055405;0;7;0;0;2;1;15;A01
201400055406;0;7;0;0;2;2;1;B01
201400055406;0;34;0;0;2;1;7;A01
201400055407;0;31;0;1;0;1;21;A01
201400055408;0;7;0;0;2;1;1;A01
201400055408;0;31;0;0;2;4;1;B01
201400055409;0;7;0;0;2;3;10;A01
201400055409;0;32;0;0;2;1;1;B01
201400055410;0;30;0;0;2;2;1;B01
201400055410;0;7;0;0;2;3;15;A01
201400055411;0;32;0;0;0;8;1;A01
201400055412;0;7;0;0;2;3;15;A01
201400055412;0;34;0;0;2;6;1;B01
201400055413;0;7;0;0;2;3;9;A01
201400055413;0;34;0;0;2;7;1;B01
201400055414;0;30;0;0;2;2;17;B01
201400055414;0;7;0;0;2;3;11;A01
201400055415;0;33;0;12;0;1;1;A01
201400055416;0;7;0;0;2;1;9;A01
201400055416;0;7;0;0;2;3;1;C01
201400055416;0;33;0;0;2;1;1;B01
201400055417;0;7;0;1;0;1;14;A01
201400055418;0;1;0;0;0;7;16;A01
201400055418;0;33;0;0;9;8;21;B01
201400055419;0;7;0;0;1;0;4;A01
201400055420;0;7;0;0;2;5;16;B01
201400055420;0;32;0;0;2;1;18;A01
201400055421;0;7;0;0;2;1;1;B01
201400055421;0;7;0;0;2;3;5;A01
201400055422;0;7;0;8;0;8;1;A01
201400055422;0;7;0;0;0;7;1;B01
201400055423;0;7;0;0;2;2;9;A01
201400055423;0;33;0;0;2;8;1;B01
201400055424;0;7;0;0;1;1;15;A01
201400055425;0;34;0;0;2;1;1;A01
201400055425;0;7;0;0;2;6;15;B01
201400055426;0;7;0;0;1;2;1;A01
201400055427;0;7;0;0;2;3;1;A01
201400055427;0;33;0;0;2;8;1;B01
201400055428;0;30;0;8;0;0;14;A01
201400055429;0;7;0;0;1;1;16;A01
201400055430;0;32;0;0;0;4;23;B01