num_acc;senc;catv;occutc;obs;obsm;choc;manv;num_veh
201400055430;0;7;0;0;2;1;1;A01
201400055431;0;32;0;0;1;1;21;A01
201400055432;0;32;0;0;1;1;3;A01
201400055433;0;32;0;0;2;8;2;A01
201400055433;0;7;0;0;2;5;16;B01
201400055434;1;7;0;0;1;2;15;Z01
201400055435;0;32;0;12;0;1;13;A01
201400055436;0;30;0;0;2;8;18;A01
201400055436;0;7;0;0;2;7;22;B01
201400055437;0;1;0;0;1;1;2;A01
201400055438;0;7;0;0;2;3;13;A01
201400055438;0;7;0;0;2;8;1;B01
201400055438;0;7;0;0;2;3;1;C01
201400055439;0;7;0;0;2;2;16;B01
201400055439;0;32;0;0;2;2;18;A01
201400055440;0;34;0;1;0;1;21;A01
201400055441;0;7;0;0;1;1;1;A01
201400055442;0;7;0;0;2;4;1;B01
201400055442;0;7;0;0;2;1;1;A01
201400055443;0;31;0;0;2;0;10;B01
201400055443;0;7;0;0;2;7;10;A01
201400055444;0;31;0;0;0;3;1;A01
201400055445;0;1;0;0;2;4;1;B01
201400055445;0;31;0;0;2;1;11;A01
201400055446;0;7;0;0;2;2;1;B01
201400055446;0;33;0;0;2;1;1;A01
201400055447;0;34;0;0;2;2;17;A01
201400055447;0;7;0;0;2;3;15;B01
201400055448;0;10;0;0;2;7;1;A01
201400055448;0;33;0;0;2;8;1;B01
201400055449;0;7;0;0;1;2;16;A01
201400055450;0;1;0;0;2;1;1;B01
201400055450;0;7;0;0;2;8;22;A01
201400055451;1;7;0;0;2;3;9;Z01
201400055451;0;33;0;0;2;7;1;A01
201400055452;0;1;0;0;2;8;21;B01
201400055452;0;1;0;0;2;1;21;A01
201400055453;0;1;0;0;1;1;5;A01
201400055454;0;7;0;0;2;4;2;B01
201400055454;0;33;0;0;2;1;2;C01
201400055454;0;7;0;0;2;0;13;A01
201400055455;0;34;0;0;2;5;19;A01
201400055455;0;7;0;0;2;1;1;B01
201400055456;0;31;0;0;2;3;2;B01
201400055456;0;7;0;0;2;2;16;A01
201400055457;0;33;0;0;2;1;1;B01
201400055457;0;7;0;0;2;3;10;A01
201400055458;0;34;0;0;1;1;1;A01
201400055459;0;7;0;0;2;4;23;B01
201400055459;0;7;0;0;2;4;23;C01
201400055459;0;7;0;0;2;1;2;A01
201400055460;0;7;0;0;1;3;1;A01
201400055461;0;31;0;0;2;4;23;B01
201400055461;0;7;0;0;2;1;2;A01
201400055462;0;14;0;0;2;5;1;B01
201400055462;0;7;0;0;2;1;1;A01
201400055463;0;10;0;0;2;3;9;A01
201400055463;0;32;0;0;2;2;1;B01
201400055464;0;10;0;0;2;2;9;A01
201400055464;0;2;0;0;2;1;1;B01
201400055465;0;2;0;0;0;0;1;A01
201400055466;0;7;0;0;2;3;10;A01
201400055466;0;30;0;0;2;7;17;B01
201400055467;0;7;0;0;2;1;1;A01
201400055467;0;7;0;0;2;4;23;B01
201400055468;0;7;0;2;0;1;14;A01
201400055469;0;7;0;0;2;3;5;A01
201400055469;0;33;0;0;2;1;1;B01
201400055470;0;7;0;0;2;2;2;A01
201400055470;0;30;0;0;2;4;2;B01
201400055471;1;10;0;0;2;0;16;Z01
201400055471;0;30;0;0;2;8;1;A01
201400055472;0;30;0;1;2;2;1;B01
201400055472;0;7;0;0;2;8;22;A01
201400055473;0;7;0;0;2;1;9;A01
201400055473;0;33;0;0;2;7;1;B01
201400055474;0;7;0;0;2;4;23;B01
201400055474;0;7;0;0;2;1;2;A01
201400055475;0;7;0;0;2;0;15;A01
201400055475;0;31;0;0;2;0;1;B01
201400055476;0;30;0;14;0;1;1;A01
201400055477;0;30;0;0;0;7;1;A01
201400055478;0;34;0;0;2;1;1;A01
201400055478;0;33;0;0;2;4;23;B01
201400055479;0;7;0;0;1;2;1;A01
201400055480;0;7;0;0;2;4;23;B01
201400055480;0;1;0;0;2;1;1;A01
201400055481;0;7;0;0;2;2;1;A01
201400055481;0;32;0;0;2;3;9;B01
201400055482;0;10;0;0;2;5;4;A01
201400055482;0;2;0;0;2;7;1;B01
201400055483;0;2;0;0;0;0;1;A01
201400055484;0;34;0;0;2;3;1;B01
201400055484;0;32;0;0;2;1;9;A01
201400055485;0;7;0;0;2;2;16;A01
201400055485;0;33;0;0;2;4;1;B01
201400055486;0;37;110;0;1;3;15;A01
201400055487;0;7;0;0;2;4;9;B01
201400055487;0;1;0;0;2;1;1;A01
201400055488;0;34;0;0;1;1;1;A01
201400055489;0;34;0;0;2;6;2;B01
201400055489;0;34;0;0;2;2;2;A01
201400055490;0;7;0;0;2;3;2;A01
201400055490;0;7;0;0;2;4;23;B01
201400055491;0;7;0;0;2;4;23;B01
201400055491;0;7;0;0;2;1;2;A01
201400055491;0;7;0;0;2;4;23;C01
201400055492;0;7;0;0;1;1;18;A01
201400055493;0;7;0;0;1;7;1;A01
201400055494;0;7;0;0;2;1;1;B01
201400055494;0;1;0;0;2;4;1;A01
201400055495;0;7;0;0;2;2;15;A01
201400055495;0;1;0;0;2;1;1;B01
201400055496;0;7;0;0;2;1;17;A01
201400055496;0;7;0;0;2;1;1;B01
201400055497;0;7;0;0;2;7;1;A01
201400055497;0;30;0;0;2;1;1;B01
201400055498;0;2;0;0;2;0;1;B01
201400055498;0;7;0;0;2;0;15;A01
201400055499;0;10;0;0;1;3;15;A01
201400055500;0;7;0;0;2;3;22;A01
201400055500;0;1;0;1;2;1;1;B01
201400055501;0;7;0;0;1;3;15;A01
201400055502;0;7;0;0;2;8;15;B01
201400055502;0;30;0;0;2;1;17;A01
201400055503;0;7;0;2;0;1;14;A01
201400055504;0;2;0;0;0;0;1;A01
201400055505;0;7;0;0;2;4;2;B01
201400055505;0;30;0;0;2;1;2;A01
201400055506;0;31;0;0;2;9;1;B01
201400055506;0;7;0;0;2;3;13;A01
201400055507;0;7;0;0;2;6;15;A01
201400055507;0;30;0;0;2;1;2;B01
201400055508;0;14;0;0;1;2;16;A01
201400055509;1;10;0;0;2;5;16;A01
201400055509;0;1;0;0;2;8;1;B01
201400055510;1;7;0;0;2;3;10;Z01
201400055510;0;2;0;0;2;1;1;A01
201400055511;0;33;0;0;2;3;1;B01
201400055511;0;7;0;0;2;5;12;A01
201400055512;0;7;0;0;2;7;12;A01
201400055512;0;2;0;0;2;3;1;B01
201400055513;0;33;0;0;2;1;1;B01
201400055513;0;7;0;0;2;7;15;A01
201400055514;0;1;0;0;2;2;23;B01
201400055514;0;7;0;0;2;1;23;C01
201400055514;0;7;0;0;2;1;16;A01
201400055515;0;10;0;0;1;4;4;A01
201400055516;0;7;0;0;2;4;23;B01
201400055516;0;34;0;0;2;1;1;A01
201400055517;0;10;0;2;0;1;23;A01
201400055517;0;1;0;2;0;1;1;B01
201400055518;0;7;0;0;2;3;15;A01
201400055518;0;30;0;0;2;1;1;B01
201400055518;0;10;0;0;2;1;23;C01
201400055519;0;7;0;0;2;1;2;B01
201400055519;0;7;0;0;2;4;2;A01
201400055519;0;7;0;0;2;4;2;C01
201400055520;0;7;0;0;2;4;23;B01
201400055520;0;7;0;0;2;1;2;A01
201400055521;0;7;0;0;1;1;1;A01
201400055522;0;31;0;0;2;8;17;A01
201400055522;0;7;0;0;2;8;17;B01
201400055523;0;7;0;0;2;4;23;B01
201400055523;0;7;0;0;2;4;23;C01
201400055523;0;7;0;14;2;1;1;A01
201400055524;0;33;0;0;2;1;1;A01
201400055524;0;7;0;0;2;4;23;B01
201400055525;0;7;0;0;1;1;16;A01
201400055526;0;7;0;0;2;5;23;B01
201400055526;0;30;0;14;2;1;2;A01
201400055527;0;33;0;0;2;8;1;B01
201400055527;0;33;0;0;2;7;16;A01
201400055528;0;7;0;0;2;7;1;A01
201400055528;0;31;0;0;2;7;1;B01
201400055529;0;2;0;1;0;0;1;A01
201400055530;0;1;0;0;2;1;19;A01
201400055530;0;7;0;0;2;1;16;B01
201400055531;0;1;0;0;2;1;1;C01
201400055531;0;1;0;0;2;0;1;B01
201400055531;0;7;0;0;2;6;10;A01
201400055532;0;31;0;0;0;0;21;A01
201400055533;0;7;0;0;2;2;1;A01
201400055533;0;7;0;0;2;8;23;C01
201400055533;0;32;0;14;2;4;1;B01
201400055534;0;32;0;0;0;0;1;A01
201400055535;0;1;0;0;2;8;1;B01
201400055535;0;7;0;0;2;7;16;A01
201400055536;0;7;0;0;2;1;1;B01
201400055536;0;7;0;9;2;2;14;A01
201400055537;0;7;0;0;1;3;1;A01
201400055538;0;7;0;0;2;5;1;A01
201400055538;0;33;0;0;2;1;1;B01
201400055539;0;1;0;1;0;1;1;A01
201400055540;0;1;0;1;0;1;13;A01
201400055541;0;7;0;0;2;1;2;A01
201400055541;0;7;0;0;2;4;2;B01
201400055542;0;1;0;0;1;1;1;A01
201400055543;0;7;0;0;2;5;16;A01
201400055543;0;32;0;0;2;8;1;B01
201400055544;0;7;0;14;0;2;15;A01
201400055545;0;32;0;0;2;8;18;B01
201400055545;0;7;0;0;2;7;16;A01
201400055546;0;7;0;0;1;4;4;A01
201400055547;0;33;0;0;2;1;1;B01
201400055547;0;7;0;0;2;8;15;A01
201400055548;0;7;0;0;2;6;23;B01
201400055548;0;7;0;1;2;2;2;A01
201400055549;0;7;0;0;2;4;16;A01
201400055549;0;33;0;0;2;1;1;B01
201400055550;0;7;0;7;0;3;13;A01
201400055551;0;31;0;0;0;7;1;A01
201400055552;0;30;0;0;0;0;1;A01
201400055553;0;1;0;0;1;1;1;A01
201400055554;0;7;0;0;2;7;16;B01
201400055554;0;30;0;0;2;1;18;A01
201400055555;0;7;0;0;2;1;1;A01
201400055555;0;7;0;0;2;4;1;B01
201400055556;0;7;0;0;2;3;15;B01
201400055556;0;32;0;0;2;2;17;A01
201400055557;0;33;0;0;2;8;1;B01
201400055557;0;7;0;0;2;2;15;A01
201400055558;0;7;0;0;2;2;1;A01
201400055558;0;7;0;0;2;3;1;B01
201400055559;0;10;0;0;1;1;15;A01
201400055560;0;7;0;0;2;1;15;A01
201400055560;0;32;0;0;2;7;1;B01
201400055561;0;7;0;0;2;3;7;A01
201400055561;0;1;0;0;2;4;7;B01
201400055562;0;10;0;0;1;1;10;A01
201400055563;0;32;0;0;2;1;1;B01
201400055563;0;7;0;0;2;7;1;A01
201400055564;0;33;0;0;2;1;1;B01
201400055564;0;7;0;0;2;0;10;A01
201400055565;0;32;0;0;1;1;1;A01
201400055566;0;7;0;0;1;1;15;A01
201400055567;0;31;0;0;2;1;13;A01
201400055567;0;7;0;0;2;2;1;B01
201400055567;0;7;0;0;2;5;1;C01
201400055568;0;10;0;0;2;7;17;A01
201400055568;0;1;0;0;2;8;1;B01
201400055569;0;7;0;0;2;2;1;A01
201400055569;0;31;0;0;2;2;1;B01
201400055570;0;30;0;0;1;1;13;A01
201400055571;0;33;0;0;2;2;17;B01
201400055571;0;7;0;0;2;3;15;A01
201400055572;0;7;0;0;2;4;23;B01
201400055572;0;2;0;0;2;1;2;A01
201400055573;1;7;0;0;2;0;2;Z01
201400055573;0;30;0;0;2;3;23;A01
201400055574;0;1;0;0;2;3;7;A01
201400055574;0;10;0;0;2;2;16;B01
201400055575;0;10;0;0;1;2;16;A01
201400055576;0;7;0;0;1;3;1;A01
201400055577;0;34;0;0;0;1;1;A01
201400055578;0;31;0;0;0;7;1;A01
201400055579;1;7;0;0;2;0;10;Z01
201400055579;0;2;0;0;2;1;1;A01
201400055580;0;7;0;0;2;2;1;A01
201400055580;0;33;0;0;2;8;1;B01
201400055581;0;7;0;0;1;2;15;A01
201400055582;0;7;0;0;1;1;1;A01
201400055583;0;7;0;0;2;8;2;B01
201400055583;0;32;0;0;2;7;2;A01
201400055584;0;1;0;0;2;0;1;B01
201400055584;0;7;0;0;2;0;1;A01
201400055585;0;1;0;0;2;5;1;B01
201400055585;0;34;0;3;2;3;12;A01
201400055586;0;7;0;0;1;2;1;A01
201400055587;0;7;0;0;2;1;2;A01
201400055587;0;7;0;0;2;4;2;B01
201400055588;0;7;0;0;1;5;4;A01
201400055589;0;7;0;7;0;3;15;A01
201400055590;0;7;0;0;2;1;1;A01
201400055590;0;31;0;0;2;7;1;B01
201400055591;0;30;0;0;1;1;1;A01
201400055592;0;33;0;14;2;1;1;A01
201400055592;0;7;0;0;2;5;23;B01
201400055593;0;7;0;0;2;6;15;B01
201400055593;0;32;0;0;2;1;17;A01
201400055594;0;33;0;0;2;1;1;A01
201400055594;0;7;0;0;2;6;1;B01
201400055595;0;7;0;0;1;1;1;A01
201400055596;0;10;0;0;2;1;1;A01
201400055596;0;7;0;0;1;1;1;B01
201400055597;0;1;0;12;0;1;1;A01
201400055598;0;7;0;0;1;2;15;A01
201400055599;0;1;0;0;1;1;1;A01
201400055600;0;32;0;15;0;0;1;A01
201400055601;1;30;0;0;1;0;15;Z01
201400055602;0;14;0;0;2;2;16;A01
201400055602;0;1;0;0;2;1;7;B01
201400055603;0;7;0;0;2;3;2;A01
201400055603;0;1;0;0;2;7;2;B01
201400055604;0;10;0;0;2;3;1;A01
201400055604;0;30;0;0;2;4;23;B01
201400055605;0;7;0;0;2;4;1;B01
201400055605;0;1;0;0;2;1;15;A01
201400055606;0;7;0;0;1;3;1;A01
201400055607;0;34;0;0;2;7;16;B01
201400055607;0;34;0;0;2;1;7;A01
201400055608;0;7;0;0;1;1;1;A01
201400055609;1;32;0;0;2;8;9;B01
201400055609;0;33;0;0;2;7;1;A01
201400055610;0;7;0;0;2;1;3;A01
201400055610;0;7;0;0;2;4;23;B01
201400055611;0;32;0;0;2;8;18;A01
201400055611;0;7;0;0;2;7;16;B01
201400055612;0;7;0;0;2;4;23;B01
201400055612;0;10;0;0;2;1;1;A01
201400055613;0;7;0;0;1;7;1;A01
201400055614;0;7;0;0;2;2;1;B01
201400055614;0;1;0;0;2;3;15;A01
201400055615;0;30;0;1;0;3;1;A01
201400055616;0;1;0;0;2;1;1;A01
201400055616;1;7;0;0;2;4;1;Z01
201400055617;0;7;0;0;1;3;1;A01
201400055618;0;7;0;0;1;1;1;A01
201400055619;0;7;0;0;2;8;15;A01
201400055619;0;32;0;0;2;1;1;B01
201400055620;0;7;0;0;1;4;4;A01
201400055621;0;34;0;0;2;3;12;A01
201400055621;0;10;0;0;2;5;1;B01
201400055622;0;7;0;0;2;8;15;B01
201400055622;0;32;0;0;2;1;17;A01
201400055623;1;10;0;0;1;4;4;Z01
201400055624;0;34;0;0;2;1;1;A01
201400055624;0;7;0;0;2;2;23;B01
201400055625;0;2;0;0;1;7;17;A01
201400055626;0;7;0;0;1;6;4;A01
201400055627;0;7;0;0;2;8;15;A01
201400055627;0;33;0;0;2;3;17;B01
201400055628;0;2;0;14;0;1;14;A01
201400055629;0;7;0;0;2;0;1;B01
201400055629;0;30;0;0;2;0;1;A01
201400055630;0;7;0;0;2;2;15;B01
201400055630;0;33;0;1;2;2;1;A01
201400055631;0;7;0;0;2;1;2;A01
201400055631;0;7;0;0;2;4;23;C01
201400055631;0;7;0;0;2;0;23;B01
201400055632;0;7;0;0;2;3;2;A01
201400055632;0;30;0;0;2;4;23;B01
201400055633;0;10;0;0;2;3;10;A01
201400055633;0;33;0;0;2;1;1;B01
201400055634;0;1;0;0;2;1;2;A01
201400055634;0;1;0;0;2;6;23;B01
201400055635;0;31;0;0;0;8;16;A01
201400055636;0;7;0;0;1;2;1;A01
201400055637;0;10;0;0;1;4;4;A01
201400055638;0;7;0;0;2;3;2;A01
201400055638;0;7;0;0;2;7;23;B01
201400055639;0;7;0;8;0;1;14;A01
201400055640;0;7;0;0;2;6;2;B01
201400055640;0;30;0;0;2;1;2;A01
201400055641;0;7;0;0;2;2;2;A01
201400055641;0;7;0;12;2;6;23;B01
201400055642;0;32;0;0;2;8;18;A01
201400055642;0;7;0;0;2;7;16;B01
201400055643;0;32;0;0;2;1;1;A01
201400055643;0;7;0;0;2;2;1;B01
201400055644;0;7;0;0;2;3;1;A01
201400055644;0;7;0;0;2;6;1;B01
201400055645;0;31;0;0;1;1;17;A01
201400055646;0;7;0;0;2;8;22;B01
201400055646;0;7;0;0;2;3;23;C01
201400055646;0;33;0;0;2;2;16;A01
201400055647;0;7;0;0;2;3;15;A01
201400055647;0;33;0;0;2;3;1;B01
201400055648;0;7;0;0;2;1;1;B01
201400055648;0;7;0;0;2;1;1;A01
201400055649;0;1;0;0;2;1;18;A01
201400055649;0;7;0;0;2;2;15;B01
201400055650;0;30;0;0;2;1;2;A01
201400055650;0;7;0;0;2;5;2;B01
201400055651;0;31;0;0;2;7;23;B01
201400055651;0;7;0;11;2;1;13;A01
201400055652;0;14;0;2;0;2;14;A01
201400055653;0;32;0;0;2;6;1;B01
201400055653;0;34;0;0;2;1;5;A01
201400055654;0;1;0;0;1;8;17;A01
201400055655;0;32;0;0;2;4;2;B01
201400055655;0;7;0;0;2;4;2;C01
201400055655;0;7;0;0;2;3;2;A01
201400055656;0;31;0;0;2;1;1;B01
201400055656;0;7;0;0;2;7;10;A01
201400055657;0;32;0;0;2;1;17;B01
201400055657;0;1;0;0;2;1;15;A01
201400055658;0;10;0;0;2;1;2;A01
201400055658;0;34;0;0;2;4;23;B01
201400055659;0;30;0;0;2;7;17;A01
201400055659;0;7;0;0;2;3;15;B01
201400055660;0;31;0;14;0;7;13;A01
201400055661;0;10;0;0;1;5;4;A01
201400055662;0;31;0;0;2;2;18;A01
201400055662;0;7;0;0;2;5;16;B01
201400055663;0;1;0;0;2;3;1;A01
201400055663;0;33;0;0;2;2;1;B01
201400055664;0;33;0;0;2;6;18;B01
201400055664;0;10;0;0;2;2;16;A01
201400055665;0;7;0;0;2;3;22;A01
201400055665;0;10;0;0;2;7;1;B01
201400055666;0;33;0;0;1;1;1;A01
201400055667;0;30;0;0;0;0;1;A01
201400055668;0;30;0;0;0;8;1;A01
201400055669;0;7;0;0;2;2;14;A01
201400055669;0;30;0;0;2;8;18;B01
201400055670;0;7;0;0;2;2;1;A01
201400055670;0;30;0;0;2;6;9;B01
201400055671;0;7;0;0;2;5;16;B01
201400055671;0;1;0;0;2;3;9;A01
201400055672;0;7;0;0;2;0;13;A01
201400055672;0;31;0;0;2;7;1;B01
201400055673;0;31;0;0;2;4;23;B01
201400055673;0;7;0;0;2;1;2;A01
201400055674;0;7;0;0;2;4;1;B01
201400055674;0;10;0;0;2;1;1;A01
201400055674;0;7;0;0;2;4;1;C01
201400055675;0;30;0;14;0;1;21;A01
201400055676;0;30;0;9;0;1;1;A01
201400055677;0;7;0;0;1;6;4;A01
201400055678;0;7;0;0;2;2;10;A01
201400055678;0;33;0;0;2;1;1;B01
201400055679;0;33;0;0;2;3;1;B01
201400055679;0;10;0;0;2;2;14;A01
201400055680;0;33;0;0;2;7;1;B01
201400055680;0;7;0;0;2;6;13;A01
201400055681;0;7;0;0;2;3;13;A01
201400055681;0;31;0;1;2;1;17;B01
201400055682;0;7;0;0;2;1;2;A01
201400055682;0;34;0;0;2;4;23;B01
201400055683;0;30;0;0;2;1;1;B01
201400055683;0;1;0;0;2;8;15;A01
201400055684;0;30;0;0;1;1;1;A01
201400055685;0;7;0;0;2;3;9;A01
201400055685;0;1;0;0;2;1;1;B01
201400055686;0;7;0;0;2;1;15;B01
201400055686;0;31;0;8;2;3;1;A01
201400055687;0;7;0;0;2;7;1;B01
201400055687;0;7;0;0;2;2;1;A01
201400055688;0;33;0;0;1;1;1;A01
201400055689;0;7;0;0;2;4;23;B01
201400055689;0;7;0;0;2;4;23;C01
201400055689;0;7;0;0;2;1;1;A01
201400055690;0;7;0;0;2;1;1;B01
201400055690;0;33;0;0;2;7;1;A01
201400055691;0;7;0;0;2;8;18;B01
201400055691;0;13;0;0;2;7;16;A01
201400055692;0;7;0;0;2;4;2;B01
201400055692;0;7;0;0;2;1;2;A01
201400055693;0;7;0;0;1;1;1;A01
201400055694;1;7;0;0;2;0;17;Z01
201400055694;0;2;0;1;2;1;1;A01
201400055695;0;7;0;0;1;4;4;A01
201400055696;0;7;0;0;2;4;23;B01
201400055696;0;34;0;0;2;1;1;A01
201400055697;0;7;0;0;2;3;10;A01
201400055697;0;34;0;8;2;1;17;B01
201400055698;0;33;0;0;2;1;1;B01
201400055698;0;7;0;0;2;1;10;A01
201400055699;0;7;0;0;2;6;10;A01
201400055699;0;33;0;0;2;2;1;B01
201400055700;0;7;0;0;2;8;15;A01
201400055700;0;34;0;0;2;2;17;B01
201400055701;0;7;0;0;2;5;14;A01
201400055701;0;31;0;0;2;8;1;B01
201400055702;0;37;3;0;2;2;2;A01
201400055702;0;7;0;0;2;6;16;B01
201400055703;0;7;0;0;2;8;15;B01
201400055703;0;33;0;0;2;1;5;A01
201400055704;0;7;0;0;1;5;4;A01
201400055705;0;32;0;0;2;2;17;A01
201400055705;0;7;0;0;2;3;15;B01
201400055706;0;7;0;0;1;1;15;A01
201400055707;0;33;0;0;1;1;1;A01
201400055708;0;34;0;0;2;1;1;B01
201400055708;0;7;0;0;2;4;23;A01
201400055709;0;33;0;14;0;3;13;A01
201400055710;0;31;0;0;2;5;2;A01
201400055710;1;7;0;0;2;0;13;Z01
201400055711;0;1;0;0;0;0;1;A01
201400055712;0;30;0;0;0;0;1;A01
201400055713;0;7;0;0;2;7;1;A01
201400055713;0;30;0;0;2;1;1;B01
201400055714;0;10;0;0;1;4;4;A01
201400055715;0;7;0;0;2;8;10;A01
201400055715;0;32;0;0;2;7;1;B01
201400055716;0;32;0;0;2;7;17;A01
201400055716;1;7;0;0;2;8;13;Z01
201400055717;0;7;0;0;2;4;1;B01
201400055717;0;7;0;0;2;1;1;A01
201400055718;0;1;0;0;0;0;1;A01
201400055719;0;7;0;9;0;1;1;A01
201400055720;0;7;0;0;1;1;1;A01
201400055721;0;7;0;0;1;3;11;A01
201400055722;0;33;0;0;2;3;1;B01
201400055722;0;7;0;0;2;2;1;A01
201400055723;0;30;0;0;0;0;21;A01
201400055724;0;1;0;1;0;1;1;A01
201400055725;0;7;0;0;2;4;23;B01
201400055725;0;7;0;0;2;4;23;C01
201400055725;0;7;0;0;2;1;1;A01
201400055726;0;7;0;0;1;3;1;A01
201400055727;0;7;0;0;2;4;1;B01
201400055727;0;2;0;0;2;1;1;A01
201400055728;0;1;0;0;2;1;1;C01
201400055728;0;7;0;0;2;5;15;A01
201400055728;0;1;0;0;2;1;1;B01
201400055729;0;7;0;0;2;2;23;B01
201400055729;0;33;0;0;2;1;2;A01
201400055730;0;7;0;0;2;4;23;D01
201400055730;0;7;0;0;2;4;23;C01
201400055730;0;7;0;0;2;1;2;A01
201400055730;0;7;0;0;2;4;23;B01
201400055731;0;1;0;0;2;8;15;A01
201400055731;0;1;0;0;2;1;1;B01
201400055731;0;1;0;0;2;0;1;C01
201400055732;0;7;0;0;2;3;18;A01
201400055732;0;33;0;0;2;2;16;B01
201400055733;0;31;0;0;2;1;1;B01
201400055733;0;7;0;0;2;3;15;A01
201400055734;0;7;0;0;2;1;1;A01
201400055734;0;7;0;8;2;7;1;B01
201400055735;0;7;0;0;2;3;15;A01
201400055735;0;32;0;0;2;1;1;B01
201400055736;0;33;0;0;2;5;7;B01
201400055736;0;7;0;0;2;3;13;A01
201400055737;0;33;0;0;2;2;1;B01
201400055737;0;10;0;0;2;3;11;A01
201400055738;0;2;0;0;2;4;16;A01
201400055738;1;7;0;0;2;1;16;Z01
201400055739;0;10;0;0;2;8;10;A01
201400055739;0;30;0;0;2;1;17;B01
201400055740;0;7;0;2;0;1;1;A01
201400055741;0;1;0;0;2;1;1;A01
201400055741;0;1;0;0;2;4;1;B01
201400055742;0;33;0;0;2;3;1;B01
201400055742;0;7;0;0;2;7;16;A01
201400055743;0;7;0;0;2;3;9;A01
201400055743;0;34;0;0;2;2;1;B01
201400055744;0;33;0;0;2;3;1;B01
201400055744;0;7;0;0;2;7;16;A01
201400055745;0;7;0;0;1;4;20;A01
201400055746;0;7;0;0;2;6;15;A01
201400055746;0;1;0;0;2;1;1;B01
201400055747;0;7;0;0;1;1;1;A01
201400055748;0;7;0;0;2;2;1;A01
201400055748;0;32;0;0;2;8;9;B01
201400055749;0;7;0;0;1;4;4;A01
201400055750;0;7;0;0;2;6;23;B01
201400055750;0;7;0;0;2;9;1;A01
201400055750;0;7;0;0;2;8;15;C01
201400055751;0;2;0;0;2;8;9;B01
201400055751;0;10;0;0;2;2;1;A01
201400055752;0;33;0;0;2;3;7;B01
201400055752;0;7;0;0;2;2;16;A01
201400055753;0;7;0;0;2;3;1;C01
201400055753;0;7;0;0;2;3;5;A01
201400055753;0;7;0;0;2;8;1;B01
201400055754;0;7;0;0;2;2;1;A01
201400055754;0;7;0;0;2;5;1;B01
201400055755;0;7;0;0;2;6;1;B01
201400055755;0;30;0;0;2;1;1;A01
201400055756;0;30;0;0;0;1;21;A01
201400055757;0;7;0;0;2;6;15;A01
201400055757;0;33;0;0;2;1;1;B01
201400055758;0;32;0;1;2;7;23;B01
201400055758;0;7;0;0;2;2;13;A01
201400055759;0;33;0;0;1;2;1;A01
201400055760;0;33;0;0;2;2;1;B01
201400055760;0;3;0;0;2;6;23;A01
201400055761;0;7;0;0;2;3;15;B01
201400055761;0;1;0;0;2;7;1;A01
201400055762;0;7;0;0;2;4;23;C01
201400055762;0;7;0;14;2;2;2;A01
201400055762;0;32;0;14;2;4;23;B01
201400055763;0;7;0;14;1;1;1;A01
201400055764;0;1;0;0;2;1;2;B01
201400055764;0;7;0;0;2;0;23;A01
201400055765;0;33;0;0;2;1;1;B01
201400055765;0;7;0;0;2;1;15;A01
201400055766;0;30;0;0;2;1;1;B01
201400055766;0;33;0;0;2;8;9;A01
201400055767;0;10;0;0;2;1;1;C01
201400055767;0;7;0;0;2;4;23;A01
201400055767;0;7;0;0;2;9;13;B01
201400055768;0;7;0;0;1;1;1;A01
201400055769;0;34;0;0;2;1;1;B01
201400055769;0;7;0;0;2;3;10;A01
201400055770;0;7;0;7;0;3;15;A01
201400055771;0;7;0;0;2;7;1;A01
201400055771;0;37;4;0;2;1;1;B01
201400055772;0;31;0;0;1;1;17;A01
201400055773;0;2;0;14;2;8;17;A01
201400055773;0;7;0;0;2;8;23;B01
201400055774;0;7;0;0;2;4;2;A01
201400055774;0;30;0;0;2;1;2;B01
201400055775;0;7;0;0;2;6;13;B01
201400055775;0;7;0;0;2;1;2;A01
201400055776;0;7;0;0;2;6;4;A01
201400055776;0;33;0;0;2;1;1;B01
201400055777;0;33;0;0;2;8;18;B01
201400055777;0;7;0;0;2;7;16;A01
201400055778;0;1;0;0;2;1;1;B01
201400055778;0;7;0;0;2;8;10;A01
201400055779;0;7;0;0;2;3;9;A01
201400055779;0;1;0;0;2;1;1;B01
201400055780;0;7;0;15;0;1;14;A01
201400055781;1;1;0;0;1;1;1;Z01
201400055782;0;7;0;0;2;7;1;A01
201400055782;0;32;0;0;2;8;1;B01
201400055783;0;7;0;0;2;1;1;A01
201400055783;0;33;0;0;2;8;1;B01
201400055784;0;32;0;0;0;2;16;A01
201400055785;0;7;0;0;2;3;15;A01
201400055785;0;7;0;0;2;1;1;B01
201400055786;0;7;0;0;1;3;15;A01
201400055787;0;10;0;0;1;5;4;A01
201400055788;0;7;0;0;2;2;2;A01
201400055788;0;30;0;0;2;4;2;B01
201400055789;0;7;0;0;1;6;1;A01
201400055790;0;7;0;0;1;1;16;A01
201400055791;0;7;0;0;1;1;16;A01
201400055792;0;1;0;0;2;8;1;B01
201400055792;0;7;0;0;2;0;16;A01
201400055793;0;7;0;0;2;1;1;A01
201400055793;0;7;0;0;2;3;15;B01
201400055794;0;33;0;0;1;1;1;A01
201400055795;1;14;0;0;2;1;2;Z01