num_acc;senc;catv;occutc;obs;obsm;choc;manv;num_veh
201400055795;0;7;0;0;2;4;23;A01
201400055796;0;7;0;0;1;3;1;A01
201400055797;0;7;0;0;2;4;23;C01
201400055797;0;7;0;0;2;4;1;B01
201400055797;0;7;0;0;2;1;1;A01
201400055798;0;2;0;0;2;0;1;A01
201400055798;0;99;0;0;2;4;1;B01
201400055799;0;7;0;0;1;2;16;A01
201400055800;0;7;0;0;1;2;1;A01
201400055801;0;7;0;0;2;4;23;B01
201400055801;0;10;0;0;2;1;2;A01
201400055801;0;7;0;0;2;4;23;D01
201400055801;0;7;0;0;2;4;23;C01
201400055802;0;7;0;0;2;5;1;A01
201400055802;0;34;0;0;2;1;1;B01
201400055803;0;7;0;15;0;1;1;A01
201400055804;0;2;0;0;0;8;1;A01
201400055805;0;7;0;0;1;7;1;A01
201400055806;0;7;0;0;2;1;1;A01
201400055806;0;7;0;0;2;7;1;B01
201400055807;0;7;0;0;1;4;4;A01
201400055808;0;31;0;0;2;1;21;A01
201400055808;0;7;0;0;2;6;24;B01
201400055809;0;1;0;0;2;7;1;B01
201400055809;0;7;0;0;2;3;1;A01
201400055810;0;7;0;0;1;1;1;A01
201400055810;0;7;0;0;2;6;24;B01
201400055811;0;7;0;1;2;1;1;A01
201400055811;0;7;0;0;2;4;23;B01
201400055812;0;7;0;0;1;3;1;A01
201400055813;0;33;0;0;0;8;1;A01
201400055814;0;7;0;0;1;3;15;A01
201400055815;0;30;0;14;2;1;1;A01
201400055815;1;7;0;0;2;0;15;Z01
201400055816;0;32;0;14;0;1;1;A01
201400055817;2;7;0;12;0;1;13;Z01
201400055818;0;1;0;0;1;3;5;A01
201400055819;0;2;0;0;0;0;1;A01
201400055820;0;7;0;0;2;4;1;B01
201400055820;0;31;0;0;2;2;1;A01
201400055821;1;7;0;0;2;0;1;Z01
201400055821;0;32;0;0;2;4;3;A01
201400055822;0;7;0;0;2;8;9;A01
201400055822;0;30;0;0;2;5;1;B01
201400055823;0;33;0;0;2;7;3;B01
201400055823;0;7;0;0;2;8;11;A01
201400055824;0;32;0;0;1;3;16;A01
201400055825;0;32;0;1;0;8;1;A01
201400055826;0;33;0;0;2;4;23;B01
201400055826;0;7;0;0;2;1;1;A01
201400055827;0;10;0;0;2;5;1;B01
201400055827;0;32;0;0;2;7;1;A01
201400055828;0;7;0;14;2;2;1;A01
201400055828;0;10;0;0;2;6;23;B01
201400055829;0;7;0;0;2;1;1;A01
201400055829;0;7;0;0;2;3;1;B01
201400055830;0;7;0;0;2;8;23;B01
201400055830;0;7;0;1;2;2;1;A01
201400055831;0;1;0;0;1;1;16;A01
201400055832;0;7;0;0;2;1;1;A01
201400055832;0;7;0;0;2;3;15;B01
201400055833;0;14;0;0;2;5;15;A01
201400055833;0;7;0;0;2;3;2;B01
201400055834;0;7;0;0;2;1;2;A01
201400055834;0;7;0;0;2;4;23;B01
201400055835;0;7;0;0;2;5;23;B01
201400055835;0;2;0;0;2;1;2;A01
201400055836;0;7;0;0;2;4;23;B01
201400055836;0;7;0;0;2;1;14;A01
201400055837;0;7;0;0;1;1;1;A01
201400055838;0;34;0;0;2;5;1;B01
201400055838;0;7;0;0;2;3;15;A01
201400055839;0;1;0;0;1;1;5;A01
201400055840;0;7;0;0;1;1;15;A01
201400055841;0;33;0;0;0;0;1;A01
201400055842;0;10;0;0;2;1;2;A01
201400055842;0;7;0;0;2;4;2;C01
201400055842;0;7;0;0;2;4;2;B01
201400055843;0;7;0;0;2;1;2;A01
201400055843;0;32;0;0;2;4;2;B01
201400055844;0;7;0;0;2;1;15;A01
201400055844;0;31;0;1;2;1;18;B01
201400055845;0;1;0;0;2;1;1;B01
201400055845;0;7;0;0;2;2;15;A01
201400055846;0;31;0;0;2;8;2;B01
201400055846;0;7;0;0;2;2;2;A01
201400055847;0;10;0;0;2;6;1;B01
201400055847;0;7;0;1;2;9;9;A01
201400055848;1;7;0;0;2;0;1;Z01
201400055848;0;32;0;0;2;1;1;A01
201400055849;0;7;0;0;1;1;1;A01
201400055850;0;7;0;0;2;3;1;B01
201400055850;0;7;0;0;2;2;9;A01
201400055851;0;7;0;0;1;3;1;A01
201400055852;0;7;0;0;2;7;22;A01
201400055852;0;30;0;0;2;1;18;B01
201400055853;1;10;0;0;2;2;10;Z01
201400055853;0;30;0;0;2;3;1;A01
201400055854;0;7;0;0;1;6;4;A01
201400055855;0;7;0;0;2;8;11;A01
201400055855;0;1;0;0;2;7;1;B01
201400055856;0;14;0;0;1;7;15;A01
201400055857;0;7;0;6;0;2;14;A01
201400055858;0;7;0;0;0;4;15;A01
201400055858;0;33;0;0;2;3;1;B01
201400055859;0;7;0;0;0;1;14;A01
201400055860;0;7;0;0;1;2;1;A01
201400055861;0;7;0;0;2;2;15;A01
201400055861;0;33;0;0;0;6;15;B01
201400055862;0;7;0;0;2;3;1;B01
201400055862;0;7;0;0;2;1;15;A01
201400055863;0;7;0;0;2;4;23;B01
201400055863;0;7;0;0;2;1;1;A01
201400055864;0;2;0;0;1;1;17;A01
201400055865;0;7;0;0;2;6;23;B01
201400055865;0;33;0;0;2;1;1;A01
201400055866;0;33;0;0;2;7;13;B01
201400055866;0;7;0;0;2;3;11;A01
201400055867;0;7;0;0;2;6;1;B01
201400055867;0;7;0;0;2;2;16;A01
201400055868;0;7;0;0;2;1;15;A01
201400055868;0;33;0;0;2;3;1;B01
201400055869;0;7;0;0;2;1;1;A01
201400055869;0;7;0;0;2;4;23;B01
201400055870;0;7;0;0;2;2;15;A01
201400055870;0;30;0;0;2;1;1;B01
201400055871;0;7;0;0;1;2;16;A01
201400055872;0;2;0;0;2;6;1;B01
201400055872;0;7;0;0;2;2;15;A01
201400055873;0;2;0;1;0;1;1;A01
201400055874;0;33;0;0;1;1;3;A01
201400055875;0;30;0;0;2;1;1;A01
201400055875;0;7;0;0;2;3;9;B01
201400055876;0;1;0;0;2;8;23;B01
201400055876;0;32;0;0;2;1;2;A01
201400055877;0;32;0;1;2;1;1;A01
201400055877;1;7;0;0;2;0;22;Z01
201400055878;0;7;0;0;2;5;2;B01
201400055878;0;30;0;0;2;1;2;A01
201400055879;0;30;0;0;1;1;7;A01
201400055880;0;7;0;0;1;3;15;A01
201400055881;0;34;0;0;1;1;1;A01
201400055882;0;34;0;0;0;0;1;A01
201400055883;0;32;0;0;0;8;16;A01
201400055884;0;7;0;4;0;7;1;A01
201400055885;0;10;0;0;2;2;1;B01
201400055885;0;7;0;0;2;3;1;A01
201400055886;0;10;0;0;2;2;16;B01
201400055886;0;30;0;0;2;1;1;A01
201400055887;0;7;0;0;2;2;16;A01
201400055887;0;33;0;0;2;1;18;B01
201400055888;0;31;0;0;2;2;17;A01
201400055888;0;7;0;0;2;3;13;B01
201400055889;0;3;0;0;2;1;1;A01
201400055889;0;7;0;0;2;2;1;B01
201400055890;0;10;0;0;2;7;16;A01
201400055890;0;2;0;0;2;2;7;B01
201400055891;0;33;0;0;0;8;16;A01
201400055892;1;7;0;0;2;3;15;Z01
201400055892;0;2;0;0;2;7;17;A01
201400055893;0;7;0;0;1;1;1;A01
201400055894;0;32;0;0;1;1;1;A01
201400055895;0;30;0;0;0;7;21;A01
201400055896;0;33;0;0;0;0;1;A01
201400055897;0;7;0;0;1;1;1;A01
201400055898;0;7;0;1;0;1;14;A01
201400055899;0;7;0;0;1;2;1;A01
201400055900;0;34;0;0;1;2;1;A01
201400055901;0;34;0;0;2;3;1;B01
201400055901;0;7;0;0;2;7;16;A01
201400055902;0;33;0;0;0;8;21;A01
201400055903;0;7;0;0;1;3;1;A01
201400055904;0;7;0;0;1;3;15;A01
201400055905;0;32;0;0;2;0;1;A01
201400055906;0;32;0;0;2;1;1;A01
201400055906;0;7;0;0;0;5;23;B01
201400055907;0;33;0;0;0;7;1;A01
201400055908;0;7;0;0;1;1;1;A01
201400055909;0;30;0;0;2;1;1;B01
201400055909;0;7;0;0;2;8;10;A01
201400055910;0;30;0;0;2;1;1;B01
201400055910;0;7;0;0;2;3;15;A01
201400055911;0;1;0;0;1;1;1;A01
201400055912;0;32;0;0;2;1;1;B01
201400055912;0;7;0;0;2;2;15;A01
201400055913;0;7;0;0;9;5;23;C01
201400055913;0;7;0;0;9;3;22;A01
201400055913;0;1;0;1;2;1;1;B01
201400055914;0;33;0;0;2;8;23;B01
201400055914;0;38;50;0;2;7;14;A01
201400055915;0;34;0;0;2;1;1;A01
201400055915;0;10;0;0;2;6;15;B01
201400055916;0;7;0;0;2;5;1;B01
201400055916;0;7;0;0;2;0;22;C01
201400055916;0;34;0;0;2;3;3;A01
201400055917;0;7;0;0;2;8;22;A01
201400055917;0;30;0;0;2;2;17;B01
201400055918;0;7;0;0;0;3;15;B01
201400055918;0;32;0;0;2;2;15;A01
201400055919;0;7;0;0;2;8;13;A01
201400055919;0;33;0;0;2;7;17;B01
201400055920;0;7;0;0;1;1;1;A01
201400055921;0;7;0;0;0;8;1;B01
201400055921;0;1;0;0;2;1;1;A01
201400055922;0;32;0;0;0;5;1;A01
201400055923;0;1;0;0;1;8;7;A01
201400055924;0;7;0;0;2;8;23;B01
201400055924;0;32;0;0;2;7;17;A01
201400055925;0;7;0;0;2;8;15;A01
201400055925;0;30;0;0;2;7;17;B01
201400055926;0;7;0;0;2;8;1;B01
201400055926;0;7;0;7;2;9;13;A01
201400055927;0;7;0;1;0;2;1;A01
201400055927;0;30;0;0;0;4;23;C01
201400055927;0;32;0;1;1;1;1;B01
201400055928;0;7;0;0;2;2;1;A01
201400055928;0;7;0;0;2;3;1;B01
201400055929;0;33;0;0;1;1;1;A01
201400055930;1;30;0;0;1;0;1;Z01
201400055931;0;7;0;0;2;4;9;A01
201400055931;0;10;0;0;2;4;23;B01
201400055932;1;7;0;0;1;3;1;Z01
201400055933;2;7;0;0;2;2;16;Z01
201400055933;0;34;0;0;2;8;1;A01
201400055934;0;7;0;0;1;2;1;A01
201400055935;0;7;0;0;2;4;15;B01
201400055935;0;31;0;0;2;1;1;A01
201400055936;0;2;0;0;0;0;1;A01
201400055937;0;7;0;0;1;3;1;A01
201400055938;0;7;0;0;2;5;15;A01
201400055938;0;33;0;0;2;1;1;B01
201400055939;0;32;0;0;2;2;1;A01
201400055939;0;7;0;0;2;2;15;B01
201400055940;0;7;0;0;2;6;15;B01
201400055940;0;33;0;0;2;7;17;A01
201400055941;0;10;0;0;0;5;23;B01
201400055941;0;1;0;0;0;1;1;A01
201400055942;0;7;0;0;1;3;1;A01
201400055943;1;7;0;0;1;1;0;Z01
201400055944;0;32;0;0;0;8;1;A01
201400055945;0;7;0;0;9;6;11;A01
201400055945;0;32;0;0;2;6;12;B01
201400055946;0;31;0;0;2;8;9;A01
201400055946;1;7;0;0;2;5;1;Z01
201400055947;0;3;0;1;0;3;14;A01
201400055948;0;30;0;0;0;0;1;A01
201400055949;0;31;0;0;1;1;1;A01
201400055950;0;13;0;0;1;1;1;A01
201400055951;1;30;0;0;2;1;2;Z01
201400055951;0;1;0;0;2;6;2;A01
201400055952;0;10;0;0;1;8;9;A01
201400055953;0;30;0;0;2;1;17;A01
201400055953;0;7;0;0;2;6;15;B01
201400055954;0;1;0;0;2;1;1;B01
201400055954;0;13;0;0;2;3;22;A01
201400055955;0;7;0;0;2;3;1;A01
201400055955;0;30;0;0;2;7;1;B01
201400055956;0;7;0;0;2;1;15;B01
201400055956;0;7;0;0;2;2;1;A01
201400055957;0;7;0;15;0;1;1;A01
201400055958;0;33;0;8;0;1;1;A01
201400055959;0;32;0;12;0;1;16;A01
201400055960;0;7;0;0;2;1;1;A01
201400055960;0;34;0;0;2;4;23;B01
201400055961;0;1;0;0;2;3;1;A01
201400055961;0;33;0;0;2;1;1;B01
201400055962;1;7;0;0;2;1;1;Z01
201400055962;0;1;0;0;2;8;19;A01
201400055963;0;32;0;0;0;0;1;A01
201400055964;1;7;0;0;1;0;1;Z01
201400055965;0;7;0;0;1;1;1;A01
201400055966;1;2;0;0;1;1;1;Z01
201400055967;0;7;0;0;1;3;16;A01
201400055968;1;7;0;0;2;0;1;Z01
201400055968;0;7;0;1;2;6;1;A01
201400055969;0;33;0;0;0;0;1;A01
201400055970;0;33;0;0;1;1;1;A01
201400055971;0;37;0;0;2;1;15;A01
201400055971;0;1;0;0;2;1;1;B01
201400055972;1;7;0;0;1;0;15;Z01
201400055973;0;30;0;0;0;8;16;A01
201400055974;0;31;0;0;2;1;1;B01
201400055974;0;7;0;0;2;2;14;A01
201400055975;0;32;0;0;2;0;21;A01
201400055975;0;7;0;0;2;8;1;B01
201400055976;0;7;0;0;1;2;1;A01
201400055977;0;33;0;0;2;5;3;A01
201400055977;1;7;0;0;2;1;1;Z01
201400055978;0;10;0;0;1;2;1;A01
201400055979;0;7;0;0;2;8;10;B01
201400055979;0;33;0;0;2;1;1;A01
201400055980;0;33;0;0;2;1;17;B01
201400055980;0;7;0;0;2;1;9;A01
201400055981;0;7;0;0;2;7;15;A01
201400055981;0;32;0;0;2;1;1;B01
201400055982;0;7;0;0;2;3;15;B01
201400055982;0;7;0;0;2;1;1;A01
201400055983;0;34;0;0;2;4;2;A01
201400055983;0;31;0;0;2;4;23;B01
201400055984;0;1;0;0;2;7;19;B01
201400055984;0;2;0;0;2;1;1;A01
201400055985;0;7;0;0;2;4;23;A01
201400055985;2;7;0;0;2;1;2;Z01
201400055986;0;1;0;0;2;0;1;A01
201400055986;1;32;0;0;2;0;17;Z01
201400055987;0;32;0;0;2;1;16;B01
201400055987;0;7;0;0;2;5;15;A01
201400055988;0;7;0;0;2;2;12;A01
201400055988;0;32;0;0;2;8;1;B01
201400055989;0;31;0;0;2;1;17;A01
201400055989;0;7;0;0;2;3;15;B01
201400055990;0;7;0;0;2;2;15;A01
201400055990;0;33;0;0;2;1;1;B01
201400055991;0;7;0;0;2;2;1;A01
201400055991;0;32;0;0;2;1;1;B01
201400055992;0;7;0;0;1;2;16;A01
201400055993;0;31;0;0;2;4;1;A01
201400055993;1;7;0;0;2;0;1;Z01
201400055994;0;7;0;0;1;2;15;A01
201400055995;0;33;0;0;0;0;21;A01
201400055996;0;7;0;0;2;1;1;A01
201400055996;0;7;0;0;2;0;23;B01
201400055996;0;7;0;0;2;0;23;C01
201400055997;0;34;0;1;2;1;1;B01
201400055997;0;7;0;0;2;3;22;A01
201400055998;0;7;0;0;2;8;9;A01
201400055998;0;33;0;0;2;7;1;B01
201400055999;0;34;0;0;0;0;1;A01
201400056000;0;7;0;0;2;7;1;A01
201400056000;1;7;0;0;2;0;1;Z01
201400056001;0;7;0;0;2;1;1;A01
201400056001;0;30;0;0;2;4;23;B01
201400056002;0;7;0;0;2;3;15;B01
201400056002;0;2;0;0;2;1;1;A01
201400056003;0;33;0;0;1;6;17;A01
201400056004;0;32;0;0;1;1;1;A01
201400056005;0;7;0;0;2;7;16;B01
201400056005;0;32;0;0;2;3;18;A01
201400056006;0;34;0;0;1;1;1;A01
201400056007;0;2;0;0;1;1;16;A01
201400056008;1;7;0;0;1;1;1;Z01
201400056009;0;1;0;0;2;1;1;A01
201400056009;0;7;0;0;2;8;1;B01
201400056010;0;30;0;0;2;1;1;B01
201400056010;0;10;0;0;2;2;9;A01
201400056011;0;33;0;0;1;1;1;A01
201400056012;0;7;0;0;2;3;15;B01
201400056012;0;30;0;0;2;2;17;A01
201400056013;0;31;0;0;2;1;2;B01
201400056013;0;30;0;0;1;1;2;A01
201400056014;0;33;0;0;2;1;17;A01
201400056014;0;34;0;0;2;1;1;C01
201400056014;0;10;0;0;2;4;13;B01
201400056015;0;30;0;0;2;1;2;A01
201400056015;0;7;0;0;2;8;15;B01
201400056016;0;34;0;1;2;2;14;A01
201400056016;0;14;0;0;2;5;1;B01
201400056017;0;7;0;0;1;1;1;A01
201400056018;0;7;0;0;2;2;1;A01
201400056018;0;1;0;0;2;0;1;B01
201400056019;0;7;0;0;2;8;23;C01
201400056019;0;7;0;0;2;1;1;A01
201400056019;0;34;0;0;2;8;1;B01
201400056020;0;10;0;0;2;4;23;C01
201400056020;0;10;0;0;2;4;23;B01
201400056020;0;7;0;0;2;1;2;A01
201400056021;0;31;0;0;2;1;1;A01
201400056021;0;31;0;0;2;7;15;B01
201400056022;0;30;0;0;2;8;11;B01
201400056022;0;7;0;0;2;7;17;A01
201400056023;0;7;0;0;1;2;1;A01
201400056024;0;7;0;0;2;1;11;B01
201400056024;0;31;0;0;2;4;3;A01
201400056025;0;7;0;11;0;3;1;A01
201400056026;0;33;0;0;1;1;1;A01
201400056027;0;7;0;0;1;1;16;A01
201400056028;0;10;0;0;1;1;15;A01
201400056029;0;32;0;0;2;7;17;A01
201400056029;0;7;0;0;2;6;16;B01
201400056030;0;7;0;0;2;7;16;B01
201400056030;0;30;0;0;2;3;18;A01
201400056031;0;30;0;0;2;1;1;B01
201400056031;0;7;0;0;2;8;22;A01
201400056032;1;7;0;0;2;2;10;Z01
201400056032;0;33;0;0;2;1;1;A01
201400056033;0;31;0;0;1;1;1;A01
201400056034;0;2;0;0;1;1;1;A01
201400056035;0;33;0;0;0;8;1;A01
201400056036;0;7;0;0;1;2;1;A01
201400056037;0;7;0;0;2;3;1;A01
201400056037;0;34;0;0;2;1;1;B01
201400056038;0;34;0;0;2;1;17;B01
201400056038;0;7;0;0;2;6;15;A01
201400056039;0;33;0;0;1;1;3;A01
201400056040;0;7;0;0;2;7;15;B01
201400056040;0;31;0;0;2;8;17;A01
201400056041;0;32;0;0;2;2;1;A01
201400056041;1;7;0;0;2;2;18;Z01
201400056042;0;7;0;0;1;1;1;A01
201400056043;0;7;0;0;2;1;1;B01
201400056043;0;2;0;0;2;8;9;A01
201400056044;0;31;0;0;2;8;1;B01
201400056044;0;7;0;0;2;8;15;A01
201400056045;0;10;0;0;1;4;4;A01
201400056046;0;7;0;0;2;2;1;A01
201400056046;0;2;0;0;2;1;1;B01
201400056047;0;31;0;0;2;1;1;A01
201400056047;0;7;0;0;2;8;15;B01
201400056048;0;1;0;0;2;4;13;A01
201400056048;0;31;0;0;2;1;1;B01
201400056049;0;7;0;0;1;1;1;A01
201400056050;0;7;0;7;0;3;13;A01
201400056051;0;1;0;0;2;1;7;A01
201400056051;0;7;0;0;2;5;16;B01
201400056052;0;7;0;0;1;5;4;A01
201400056053;0;37;1;0;2;7;1;B01
201400056053;0;7;0;0;2;1;1;A01
201400056054;0;33;0;8;2;2;17;A01
201400056054;0;7;0;0;2;6;15;B01
201400056055;0;10;0;0;2;2;16;B01
201400056055;0;31;0;0;2;1;18;A01
201400056056;0;1;0;0;2;8;19;A01
201400056056;0;33;0;0;2;1;1;B01
201400056057;0;7;0;0;1;2;1;A01
201400056058;0;7;0;0;2;2;15;A01
201400056058;0;33;0;0;2;8;1;B01
201400056059;0;10;0;0;1;1;16;A01
201400056060;0;33;0;0;1;1;1;A01
201400056061;1;7;0;0;2;8;1;Z01
201400056061;0;32;0;0;2;1;1;A01
201400056062;0;30;0;0;1;1;17;A01
201400056063;0;32;0;0;2;2;1;A01
201400056063;0;7;0;0;2;3;1;B01
201400056064;0;2;0;0;0;7;1;A01
201400056065;0;1;0;0;1;1;5;A01
201400056066;0;33;0;0;2;4;23;B01
201400056066;0;34;0;0;2;1;1;A01
201400056067;0;7;0;1;1;2;17;A01
201400056068;0;7;0;0;2;5;22;B01
201400056068;0;34;0;1;2;1;18;A01
201400056069;0;7;0;0;2;1;1;B01
201400056069;0;7;0;0;2;7;1;A01
201400056070;0;7;0;0;2;3;22;B01
201400056070;0;1;0;1;2;1;1;A01
201400056071;0;10;0;0;1;2;1;A01
201400056072;0;32;0;0;1;1;1;A01
201400056073;0;7;0;0;2;2;0;A01
201400056073;0;7;0;0;2;3;0;B01
201400056074;0;30;0;0;2;2;17;A01
201400056074;0;7;0;0;2;8;13;B01
201400056075;0;32;0;0;1;1;17;A01
201400056076;0;7;0;1;0;2;14;A01
201400056077;0;7;0;0;1;2;16;A01
201400056078;0;7;0;0;2;2;1;B01
201400056078;0;32;0;0;2;6;15;A01
201400056079;0;10;0;0;1;3;15;A01
201400056080;0;33;0;0;1;1;17;A01
201400056081;0;7;0;0;1;2;1;A01
201400056082;0;7;0;0;2;2;22;A01
201400056082;0;7;0;0;2;5;1;C01
201400056082;0;30;0;1;2;1;1;B01
201400056083;0;30;0;0;0;0;21;A01
201400056084;0;7;0;0;2;0;22;A01
201400056084;0;1;0;1;2;2;1;B01
201400056085;0;7;0;0;2;2;9;A01
201400056085;0;32;0;0;2;3;1;B01
201400056086;0;10;0;0;2;5;23;B01
201400056086;0;33;0;14;2;1;2;A01
201400056087;0;31;0;0;2;0;18;A01
201400056087;0;7;0;0;2;5;22;B01
201400056088;0;33;0;0;0;8;1;A01
201400056089;0;33;0;0;1;2;17;A01
201400056090;0;33;0;0;2;1;2;A01
201400056090;0;10;0;0;2;5;2;B01
201400056091;0;7;0;0;2;3;18;A01
201400056091;0;14;0;0;2;2;16;B01
201400056092;0;7;0;0;1;2;1;A01
201400056093;0;30;0;0;2;2;1;B01
201400056093;0;7;0;0;2;2;11;A01
201400056094;0;7;0;0;2;5;23;C01
201400056094;0;33;0;0;2;9;23;B01
201400056094;0;7;0;0;2;1;2;A01
201400056095;0;10;0;0;2;2;15;B01
201400056095;0;14;0;0;2;1;1;A01
201400056096;0;2;0;8;0;1;14;A01
201400056097;0;34;0;0;1;3;1;A01
201400056098;1;7;0;0;2;3;5;Z01
201400056098;0;34;0;0;2;3;1;A01
201400056099;0;7;0;0;2;4;1;B01
201400056099;0;7;0;0;2;2;1;C01
201400056099;0;30;0;0;2;1;1;A01
201400056100;0;2;0;0;2;0;16;A01
201400056100;1;7;0;0;2;0;14;Z01
201400056101;0;7;0;0;2;5;17;B01
201400056101;0;38;1;0;2;3;1;A01
201400056102;1;7;0;0;2;0;1;Z01
201400056102;0;30;0;0;2;1;1;A01
201400056103;0;7;0;0;2;3;11;A01
201400056103;0;30;0;0;2;7;1;B01
201400056104;0;7;0;0;2;4;2;B01
201400056104;0;7;0;0;2;1;2;A01
201400056105;0;10;0;0;2;3;10;A01
201400056105;0;30;0;0;2;1;1;B01
201400056106;0;30;0;0;2;1;2;A01
201400056106;0;7;0;0;2;4;23;B01
201400056107;0;7;0;0;1;6;4;A01
201400056108;0;7;0;0;2;2;2;A01
201400056108;0;7;0;0;1;1;23;B01
201400056109;0;30;0;0;2;8;16;A01
201400056109;1;7;0;0;2;7;2;Z01
201400056109;0;37;1;0;2;8;23;B01
201400056110;0;7;0;0;2;8;1;B01
201400056110;0;33;0;0;2;1;1;A01
201400056111;0;7;0;0;2;1;1;A01
201400056111;0;33;0;0;2;1;1;B01
201400056112;0;7;0;0;2;2;15;A01
201400056112;0;33;0;0;2;1;1;B01
201400056113;0;2;0;0;2;1;15;A01
201400056113;0;33;0;0;2;1;1;B01
201400056114;0;30;0;0;0;1;14;A01
201400056115;1;7;0;0;2;1;16;Z01
201400056115;0;1;0;0;2;4;1;A01
201400056116;0;7;0;0;2;1;2;A01
201400056116;0;7;0;0;2;4;23;B01
201400056117;0;33;0;0;2;2;1;A01
201400056117;0;7;0;0;2;2;15;B01
201400056118;0;31;0;0;2;1;1;B01
201400056118;0;7;0;0;2;2;15;A01
201400056119;0;1;0;0;2;8;13;B01
201400056119;0;33;0;0;2;7;1;A01
201400056120;0;10;0;0;2;3;13;B01
201400056120;0;31;0;0;2;2;17;A01
201400056121;0;34;0;0;2;1;1;B01
201400056121;0;7;0;0;2;6;10;A01
201400056122;0;33;0;0;2;2;15;B01
201400056122;0;7;0;0;2;8;15;A01
201400056123;0;7;0;0;1;1;1;A01
201400056124;0;31;0;0;2;8;7;B01
201400056124;0;7;0;0;2;7;16;A01
201400056125;0;7;0;0;2;1;1;A01
201400056125;0;33;0;0;2;6;1;B01
201400056126;0;33;0;0;1;1;1;A01
201400056127;0;7;0;0;2;1;1;B01
201400056127;0;7;0;6;2;2;1;A01
201400056128;0;7;0;0;1;5;4;A01
201400056129;0;1;0;0;2;5;1;B01
201400056129;0;2;0;0;2;1;11;A01
201400056130;0;7;0;0;1;2;1;A01
201400056131;0;7;0;0;2;1;1;A01
201400056131;0;7;0;0;2;5;1;B01
201400056132;0;7;0;0;2;2;1;B01
201400056132;0;2;0;0;2;1;1;A01
201400056133;0;32;0;0;2;3;1;A01
201400056133;0;7;0;0;2;2;15;B01
201400056134;0;37;1;0;1;1;15;A01
201400056135;0;10;0;0;1;3;1;A01
201400056136;0;7;0;0;1;1;1;A01
201400056137;1;10;0;0;1;1;5;Z01
201400056138;0;33;0;1;0;1;14;A01
201400056139;0;33;0;0;2;4;23;B01
201400056139;0;7;0;0;2;1;2;A01
201400056140;0;31;0;0;1;1;18;A01
201400056141;0;7;0;0;2;8;23;C01
201400056141;0;33;0;0;2;2;14;A01
201400056141;0;10;0;0;2;6;23;B01
201400056142;0;7;0;0;2;2;16;A01
201400056142;0;33;0;0;2;3;18;B01
201400056143;0;7;0;7;0;1;13;A01
201400056144;0;2;0;0;0;0;15;A01
201400056145;0;7;0;0;2;4;2;D01
201400056145;0;7;0;0;2;4;2;C01
201400056145;0;7;0;0;2;4;2;B01
201400056145;0;7;0;0;2;1;2;A01
201400056146;0;7;0;0;2;1;15;A01
201400056146;0;31;0;0;2;1;1;B01
201400056147;0;2;0;12;0;7;15;A01
201400056148;0;7;0;0;2;1;1;A01
201400056148;1;10;0;0;2;0;15;Z01
201400056149;0;31;0;0;1;1;1;A01
201400056150;0;7;0;0;1;8;4;A01
201400056151;0;7;0;0;2;3;10;A01
201400056151;0;33;0;0;2;8;1;B01
201400056152;0;33;0;0;2;1;1;B01
201400056152;0;7;0;0;2;2;15;A01
201400056153;0;1;0;0;2;1;13;A01
201400056153;0;7;0;0;2;2;1;B01
201400056154;0;2;0;0;2;1;1;A01
201400056154;0;10;0;0;2;7;1;B01
201400056155;0;7;0;0;2;1;2;A01
201400056155;0;7;0;0;2;4;23;B01
201400056156;0;7;0;0;2;3;10;B01
201400056156;0;30;0;0;2;1;1;A01
201400056157;0;34;0;14;9;1;0;A01
201400056158;0;32;0;0;2;4;23;B01
201400056158;0;7;0;0;2;1;2;A01
201400056159;0;7;0;0;1;1;1;A01
201400056160;0;33;0;0;1;2;1;A01
201400056161;0;33;0;8;2;4;23;B01
201400056161;0;33;0;0;2;1;2;A01
201400056162;0;7;0;0;2;8;22;A01
201400056162;0;1;0;0;2;1;1;B01
201400056163;0;1;0;0;2;1;1;B01
201400056163;0;14;0;0;2;3;15;A01
201400056164;0;33;0;0;2;8;17;B01
201400056164;0;7;0;0;2;8;13;A01
201400056165;0;33;0;0;1;1;1;A01
201400056166;0;7;0;0;2;2;22;B01
201400056166;0;1;0;0;2;3;1;A01
201400056167;0;1;0;0;1;1;5;A01
201400056168;0;30;0;0;2;1;1;A01
201400056168;0;7;0;0;2;4;1;B01
201400056169;0;7;0;0;2;5;15;A01
201400056169;0;2;0;0;2;1;1;B01
201400056170;0;2;0;0;0;0;1;A01
201400056171;0;1;0;0;2;2;7;B01
201400056171;0;14;0;0;2;3;9;A01
201400056172;0;7;0;0;2;8;15;B01
201400056172;0;31;0;0;2;1;17;A01
201400056173;0;33;0;12;0;0;1;A01
201400056174;0;7;0;0;1;1;1;A01
201400056175;0;33;0;0;2;1;1;A01
201400056175;0;7;0;0;2;3;16;B01
201400056176;0;7;0;0;2;4;23;B01
201400056176;0;10;0;0;2;1;2;A01
201400056176;0;10;0;0;2;4;23;C01
201400056177;0;33;0;0;2;1;17;A01
201400056177;0;7;0;0;2;3;15;B01