num_acc;senc;catv;occutc;obs;obsm;choc;manv;num_veh
201400056178;0;30;0;0;2;4;23;B01
201400056178;0;7;0;0;2;1;2;A01
201400056179;0;33;0;0;2;1;2;A01
201400056179;0;7;0;0;2;5;16;B01
201400056180;0;7;0;0;2;6;12;B01
201400056180;0;7;0;0;2;1;1;A01
201400056181;0;7;0;0;1;1;1;A01
201400056182;0;2;0;0;2;3;1;A01
201400056182;0;7;0;0;2;3;9;B01
201400056183;0;7;0;0;2;7;9;B01
201400056183;0;1;0;0;2;1;5;A01
201400056184;0;7;0;0;1;1;1;A01
201400056185;0;33;0;0;2;1;1;A01
201400056185;0;7;0;0;2;2;15;B01
201400056186;0;1;0;0;2;1;1;B01
201400056186;0;7;0;0;2;6;22;A01
201400056187;1;34;0;0;1;0;1;Z01
201400056188;0;7;0;0;1;1;16;A01
201400056189;0;7;0;0;2;7;17;A01
201400056189;0;1;0;0;2;8;7;B01
201400056190;0;7;0;0;1;6;4;A01
201400056191;0;7;0;0;1;3;15;A01
201400056192;0;10;0;0;1;6;4;A01
201400056193;0;30;0;0;2;1;5;A01
201400056193;1;7;0;0;2;0;1;Z01
201400056194;1;30;0;0;1;1;1;Z01
201400056195;0;34;0;0;1;1;1;A01
201400056196;0;32;0;0;2;1;1;A01
201400056196;0;7;0;0;2;3;9;B01
201400056197;0;32;0;0;0;0;1;A01
201400056198;0;30;0;0;0;0;1;A01
201400056199;0;31;0;0;2;4;23;B01
201400056199;0;7;0;0;2;1;7;A01
201400056200;0;7;0;0;1;2;1;A01
201400056201;1;7;0;0;1;0;1;Z01
201400056202;0;37;1;0;2;1;2;A01
201400056202;0;7;0;0;2;4;2;B01
201400056203;0;33;0;0;2;1;1;A01
201400056203;0;10;0;0;2;7;15;B01
201400056204;0;10;0;0;1;1;15;A01
201400056205;0;1;0;0;2;1;1;B01
201400056205;0;7;0;0;2;3;22;A01
201400056206;0;7;0;0;2;2;1;B01
201400056206;0;1;0;0;2;4;13;A01
201400056207;0;30;0;0;2;7;17;B01
201400056207;0;7;0;0;2;8;15;A01
201400056208;0;33;0;0;1;7;15;A01
201400056209;0;2;0;0;2;8;1;B01
201400056209;0;7;0;0;2;1;15;A01
201400056210;0;7;0;0;2;7;16;A01
201400056210;0;31;0;0;2;8;1;B01
201400056211;0;1;0;0;1;1;1;A01
201400056212;0;7;0;0;2;2;16;A01
201400056212;0;30;0;0;2;0;1;B01
201400056213;0;7;0;0;1;1;16;A01
201400056214;0;7;0;0;1;2;1;A01
201400056215;0;31;0;0;2;1;2;A01
201400056215;0;7;0;0;2;4;23;B01
201400056216;0;1;0;0;2;2;15;A01
201400056216;0;7;0;0;2;2;1;B01
201400056217;0;30;0;0;2;5;17;B01
201400056217;0;7;0;0;2;8;13;A01
201400056218;0;10;0;0;2;4;23;B01
201400056218;0;1;0;0;2;1;2;A01
201400056219;0;30;0;0;1;1;1;A01
201400056220;0;7;0;1;2;5;16;A01
201400056220;0;34;0;1;2;1;18;B01
201400056221;0;37;0;7;0;3;13;A01
201400056222;0;31;0;0;2;8;18;A01
201400056222;0;7;0;0;2;4;16;B01
201400056223;1;7;0;0;1;1;1;Z01
201400056224;0;7;0;0;2;2;15;A01
201400056224;0;33;0;0;2;1;1;B01
201400056225;0;30;0;0;0;8;21;A01
201400056226;0;7;0;0;2;3;1;B01
201400056226;0;30;0;0;2;1;13;A01
201400056227;0;34;0;0;2;1;1;A01
201400056227;0;7;0;0;2;3;10;B01
201400056228;0;2;0;0;2;1;7;A01
201400056228;0;7;0;0;2;2;16;B01
201400056229;0;31;0;14;0;1;1;A01
201400056230;0;7;0;0;2;1;15;B01
201400056230;0;10;0;0;2;3;1;A01
201400056231;0;31;0;0;0;0;1;A01
201400056232;0;7;0;4;2;5;17;A01
201400056232;0;14;0;0;2;3;1;B01
201400056233;0;30;0;0;1;1;1;A01
201400056234;0;33;0;0;1;1;1;A01
201400056235;0;34;0;0;2;1;18;A01
201400056235;0;7;0;0;2;7;16;B01
201400056236;0;37;3;0;1;3;15;A01
201400056237;0;32;0;1;2;7;17;A01
201400056237;0;7;0;0;2;8;15;B01
201400056238;0;31;0;0;2;1;1;A01
201400056238;0;2;0;0;2;1;23;B01
201400056239;0;32;0;0;1;1;17;A01
201400056240;1;7;0;0;2;3;9;Z01
201400056240;0;30;0;1;2;9;1;A01
201400056240;0;7;0;0;2;3;24;B01
201400056241;0;34;0;8;0;1;1;A01
201400056242;0;7;0;0;1;0;1;A01
201400056243;0;30;0;1;0;1;1;A01
201400056244;0;7;0;0;2;3;10;A01
201400056244;0;34;0;0;2;1;1;B01
201400056245;0;15;0;0;2;2;1;A01
201400056245;0;7;0;0;2;6;1;B01
201400056246;0;7;0;0;2;3;1;C01
201400056246;0;31;0;0;2;4;2;B01
201400056246;0;38;6;0;2;3;1;A01
201400056247;0;7;0;0;2;3;7;B01
201400056247;0;7;0;0;2;3;15;A01
201400056248;0;7;0;0;2;2;15;B01
201400056248;0;30;0;0;2;7;1;A01
201400056249;0;33;0;0;0;8;1;A01
201400056250;0;1;0;0;2;1;1;B01
201400056250;0;7;0;0;2;8;22;A01
201400056251;0;33;0;0;0;8;1;A01
201400056252;0;30;0;0;2;1;1;A01
201400056252;0;7;0;0;2;3;9;B01
201400056253;0;33;0;0;1;1;1;A01
201400056254;0;7;0;0;1;2;1;A01
201400056255;0;31;0;0;1;1;17;A01
201400056256;0;10;0;0;1;3;15;A01
201400056257;0;32;0;0;2;1;1;B01
201400056257;0;7;0;0;2;3;15;A01
201400056258;0;31;0;0;2;1;1;A01
201400056258;0;10;0;0;2;7;15;B01
201400056259;0;32;0;0;0;8;21;A01
201400056260;0;33;0;0;2;1;1;B01
201400056260;0;7;0;0;2;7;15;A01
201400056261;0;7;0;0;2;4;2;B01
201400056261;0;7;0;0;2;1;2;A01
201400056262;0;7;0;0;2;8;15;B01
201400056262;0;7;0;0;2;1;1;A01
201400056263;0;33;0;0;2;8;1;B01
201400056263;0;7;0;0;2;1;1;A01
201400056264;0;7;0;0;2;2;1;B01
201400056264;0;15;0;0;2;3;10;A01
201400056265;0;7;0;0;2;4;23;B01
201400056265;0;7;0;0;2;4;23;C01
201400056265;0;14;0;0;2;1;0;A01
201400056265;0;7;0;0;2;4;23;D01
201400056266;0;33;0;1;0;1;1;A01
201400056267;0;7;0;0;1;2;1;A01
201400056268;0;33;0;0;2;1;1;A01
201400056268;0;10;0;0;2;3;9;B01
201400056269;0;34;0;0;2;1;17;B01
201400056269;0;7;0;0;2;3;10;A01
201400056270;0;7;0;0;2;8;23;B01
201400056270;0;1;0;0;2;1;1;A01
201400056271;0;7;0;0;2;2;15;B01
201400056271;0;2;0;0;2;1;1;A01
201400056272;0;2;0;0;1;0;1;A01
201400056273;0;7;0;14;0;3;13;A01
201400056274;0;10;0;0;1;4;10;A01
201400056275;0;7;0;0;2;3;9;A01
201400056275;0;32;0;0;2;5;1;B01
201400056276;0;34;0;0;1;1;1;A01
201400056277;0;7;0;0;1;3;15;A01
201400056278;0;7;0;0;2;1;17;A01
201400056278;0;7;0;0;2;8;15;B01
201400056279;0;13;0;0;1;2;1;A01
201400056280;0;33;0;0;0;0;1;A01
201400056281;0;31;0;0;2;2;17;B01
201400056281;0;10;0;0;2;3;15;A01
201400056282;0;30;0;1;0;2;13;A01
201400056283;0;10;0;0;2;3;13;A01
201400056283;0;30;0;0;2;7;17;B01
201400056284;0;2;0;0;2;1;2;A01
201400056284;0;7;0;1;2;5;2;B01
201400056285;0;7;0;0;2;2;14;A01
201400056285;0;1;0;0;2;8;7;B01
201400056286;0;14;0;0;2;3;13;A01
201400056286;0;33;0;0;2;7;17;B01
201400056287;0;32;0;0;0;0;1;A01
201400056288;0;30;0;0;2;8;1;B01
201400056288;0;7;0;0;2;7;9;A01
201400056289;0;37;3;0;1;3;7;A01
201400056290;0;7;0;0;1;4;4;A01
201400056291;0;7;0;0;1;1;15;A01
201400056292;0;1;0;0;2;3;1;A01
201400056292;1;10;0;0;2;1;15;Z01
201400056293;0;7;0;7;0;1;1;A01
201400056294;0;37;10;0;2;7;7;A01
201400056294;0;32;0;0;9;3;11;B01
201400056295;0;34;0;0;1;1;15;A01
201400056296;0;7;0;1;0;1;1;A01
201400056296;0;7;0;0;0;8;1;B01
201400056297;0;31;0;0;2;1;2;A01
201400056297;1;7;0;0;2;4;4;Z01
201400056298;0;7;0;0;2;1;2;A01
201400056298;0;7;0;0;2;4;23;B01
201400056299;0;10;0;0;1;1;16;A01
201400056300;0;30;0;14;0;1;21;A01
201400056301;0;33;0;0;1;3;1;A01
201400056302;0;32;0;0;0;8;18;A01
201400056302;0;7;0;0;0;2;16;B01
201400056303;0;31;0;0;2;2;17;B01
201400056303;0;30;0;0;2;4;11;A01
201400056304;0;2;0;0;1;0;1;A01
201400056305;0;7;0;0;1;6;20;A01
201400056306;0;1;0;0;2;3;15;B01
201400056306;0;33;0;0;2;1;2;A01
201400056307;1;7;0;0;2;0;5;Z01
201400056307;0;32;0;0;2;6;15;A01
201400056308;0;7;0;0;1;2;1;A01
201400056309;0;10;0;0;2;7;15;A01
201400056309;0;2;0;0;2;8;1;B01
201400056310;0;2;0;14;0;8;13;A01
201400056311;0;32;0;0;1;2;1;A01
201400056312;1;34;0;0;1;1;1;Z01
201400056313;0;32;0;0;1;0;1;A01
201400056314;0;7;0;0;2;1;2;A01
201400056314;0;7;0;0;2;4;23;B01
201400056315;0;30;0;0;0;7;1;A01
201400056316;0;7;0;0;2;6;1;A01
201400056316;0;1;0;0;2;1;1;B01
201400056317;0;7;0;0;1;4;4;A01
201400056318;0;10;0;0;0;6;15;A01
201400056318;0;32;0;0;2;2;1;B01
201400056319;0;7;0;0;1;2;1;A01
201400056320;0;7;0;0;2;6;15;B01
201400056320;0;30;0;0;2;1;7;A01
201400056321;1;7;0;0;1;0;1;Z01
201400056322;0;7;0;0;2;1;15;A01
201400056322;0;31;0;0;2;8;1;B01
201400056323;0;7;0;7;0;1;13;A01
201400056324;1;7;0;1;1;2;1;Z01
201400056325;0;7;0;0;1;2;1;A01
201400056326;1;2;0;0;1;0;1;Z01
201400056327;2;7;0;0;2;1;2;Z01
201400056327;0;7;0;0;2;4;23;A01
201400056328;0;7;0;0;1;1;1;A01
201400056329;0;7;0;0;1;2;1;A01
201400056330;0;7;0;0;2;3;22;A01
201400056330;0;33;0;0;2;1;1;B01
201400056331;0;33;0;0;2;1;1;B01
201400056331;0;7;0;0;2;2;15;A01
201400056332;0;99;0;0;1;8;1;A01
201400056333;1;1;0;0;1;0;1;Z01
201400056334;0;2;0;0;2;2;16;A01
201400056334;0;33;0;0;2;8;1;B01
201400056334;0;1;0;0;2;6;1;C01
201400056335;0;7;0;8;0;1;1;A01
201400056336;0;7;0;0;2;2;12;A01
201400056336;0;32;0;0;2;3;1;B01
201400056337;0;30;0;1;2;2;1;B01
201400056337;0;7;0;0;2;3;9;A01
201400056338;0;7;0;14;0;1;21;A01
201400056339;0;2;0;0;2;8;15;A01
201400056339;0;7;0;0;2;3;1;B01
201400056340;0;7;0;0;2;3;10;A01
201400056340;0;33;0;0;2;2;17;B01
201400056341;0;7;0;0;2;1;2;A01
201400056341;0;7;0;0;2;1;2;B01
201400056341;0;7;0;0;2;4;2;C01
201400056342;0;7;0;0;1;1;1;A01
201400056343;0;33;0;1;0;2;2;A01
201400056344;0;7;0;0;2;8;15;A01
201400056344;0;1;0;0;2;7;17;B01
201400056345;0;2;0;0;0;0;1;A01
201400056346;0;10;0;0;2;1;1;A01
201400056346;0;7;0;0;2;3;1;B01
201400056347;0;34;0;0;1;1;1;A01
201400056348;0;2;0;2;0;1;1;A01
201400056349;0;2;0;0;0;2;1;A01
201400056350;0;34;0;0;2;8;1;A01
201400056350;0;10;0;0;2;8;12;B01
201400056351;0;7;0;0;2;1;1;A01
201400056351;0;1;0;0;2;7;19;B01
201400056352;0;7;0;0;1;3;1;A01
201400056353;0;37;1;0;2;2;15;B01
201400056353;0;7;0;0;2;3;15;A01
201400056354;0;34;0;0;1;0;1;A01
201400056355;0;7;0;0;2;2;1;A01
201400056355;0;31;0;0;2;4;23;B01
201400056356;0;7;0;0;2;4;2;C01
201400056356;0;13;0;0;2;1;2;A01
201400056356;0;10;0;0;2;4;2;B01
201400056357;0;7;0;11;0;2;13;A01
201400056358;0;7;0;0;1;3;1;A01
201400056359;0;7;0;0;2;8;15;A01
201400056359;0;30;0;0;2;1;17;B01
201400056360;0;2;0;0;2;1;2;A01
201400056360;0;7;0;0;2;4;2;B01
201400056361;0;32;0;0;2;1;18;A01
201400056361;0;7;0;0;2;7;16;B01
201400056362;0;7;0;11;0;1;13;A01
201400056363;0;7;0;0;2;1;1;A01
201400056363;0;7;0;0;2;4;1;D01
201400056363;0;7;0;0;2;4;1;C01
201400056363;0;7;0;0;2;4;1;B01
201400056364;0;33;0;1;0;1;15;A01
201400056365;0;7;0;0;1;1;15;A01
201400056366;0;33;0;0;0;0;11;A01
201400056367;0;33;0;14;0;1;1;A01
201400056368;0;7;0;0;1;2;16;A01
201400056369;0;33;0;0;2;1;3;A01
201400056369;0;7;0;0;2;5;12;B01
201400056370;0;34;0;0;2;1;1;B01
201400056370;0;7;0;0;2;2;1;A01
201400056371;0;32;0;0;2;1;1;B01
201400056371;0;7;0;0;2;3;15;A01
201400056372;0;37;1;0;1;2;7;A01
201400056373;0;33;0;0;2;7;17;B01
201400056373;0;7;0;0;2;3;15;A01
201400056374;0;7;0;0;1;7;1;A01
201400056375;0;33;0;0;2;1;5;A01
201400056375;0;7;0;0;2;1;1;B01
201400056376;0;2;0;0;2;2;5;A01
201400056376;0;7;0;0;2;3;1;B01
201400056377;0;32;0;1;2;1;17;A01
201400056377;0;7;0;0;2;8;22;B01
201400056378;0;7;0;0;2;5;23;B01
201400056378;0;7;0;6;2;2;13;A01
201400056379;0;34;0;0;1;1;1;A01
201400056380;1;7;0;0;1;2;16;Z01
201400056381;0;7;0;1;0;1;1;A01
201400056382;0;7;0;0;1;5;1;A01
201400056383;0;31;0;0;2;2;1;A01
201400056383;0;10;0;0;2;3;1;B01
201400056384;0;32;0;0;0;8;1;A01
201400056385;1;7;0;0;2;1;10;Z01
201400056385;0;30;0;0;2;8;1;A01
201400056386;0;7;0;0;2;3;1;A01
201400056386;0;30;0;0;2;2;16;B01
201400056387;0;7;0;0;1;4;4;A01
201400056388;0;7;0;0;2;2;1;A01
201400056388;0;2;0;0;2;1;1;B01
201400056389;0;31;0;0;2;8;18;A01
201400056389;0;7;0;0;2;7;16;B01
201400056390;0;7;0;0;1;5;20;A01
201400056391;0;2;0;0;2;0;1;A01
201400056391;1;7;0;0;2;0;13;Z01
201400056392;0;10;0;0;2;1;2;A01
201400056392;0;3;0;0;2;4;23;B01
201400056393;0;30;0;0;1;1;5;A01
201400056394;1;10;0;0;2;7;14;Z01
201400056394;0;37;0;0;2;8;7;A01
201400056395;0;30;0;0;2;5;1;B01
201400056395;0;7;0;0;2;2;1;A01
201400056396;1;7;0;0;1;0;1;Z01
201400056397;0;7;0;0;1;1;16;A01
201400056398;0;7;0;0;1;1;1;A01
201400056399;0;10;0;0;2;8;22;A01
201400056399;0;1;0;0;2;1;1;B01
201400056400;0;2;0;1;2;2;1;B01
201400056400;0;7;0;0;2;8;22;A01
201400056401;0;7;0;0;2;4;2;B01
201400056401;0;32;0;0;2;1;2;A01
201400056402;0;1;0;0;2;1;1;A01
201400056402;0;7;0;0;2;6;23;B01
201400056403;0;33;0;0;0;0;1;A01
201400056404;1;7;0;0;2;0;10;Z01
201400056404;0;31;0;0;2;0;1;A01
201400056405;0;7;0;0;1;1;1;A01
201400056406;0;7;0;0;2;5;15;A01
201400056406;0;7;0;0;2;2;1;B01
201400056407;0;32;0;0;0;0;1;A01
201400056408;0;33;0;0;2;1;1;B01
201400056408;0;32;0;0;2;4;9;A01
201400056409;1;30;0;0;2;7;19;Z01
201400056409;0;1;0;0;2;8;1;A01
201400056410;0;31;0;0;0;0;1;A01
201400056411;0;34;0;0;0;1;1;A01
201400056412;0;2;0;0;1;2;7;A01
201400056413;0;7;0;1;0;9;14;A01
201400056414;0;7;0;0;2;2;15;A01
201400056414;0;31;0;0;2;1;1;B01
201400056415;0;10;0;0;1;3;1;A01
201400056416;0;7;0;0;2;5;16;A01
201400056416;0;34;0;0;2;3;1;B01
201400056417;0;34;0;0;1;2;1;A01
201400056418;1;7;0;0;2;1;2;Z01
201400056418;0;1;0;0;2;4;23;A01
201400056419;1;7;0;0;1;4;4;Z01
201400056420;0;7;0;0;1;2;1;A01
201400056421;0;10;0;0;2;1;2;A01
201400056421;0;31;0;0;2;4;23;B01
201400056422;1;10;0;0;2;1;14;Z01
201400056422;0;33;0;0;2;8;1;A01
201400056423;0;31;0;0;2;6;18;A01
201400056423;0;7;0;0;2;7;1;B01
201400056424;0;30;0;0;0;1;1;A01
201400056425;0;7;0;0;2;6;23;B01
201400056425;0;33;0;0;2;1;2;A01
201400056426;1;2;0;0;1;0;1;Z01
201400056427;0;7;0;0;2;3;9;A01
201400056427;0;31;0;0;2;7;1;B01
201400056428;0;7;0;0;1;3;1;A01
201400056429;0;7;0;0;2;3;15;A01
201400056429;0;33;0;0;2;1;1;B01
201400056430;0;10;0;0;2;2;2;A01
201400056430;0;30;0;0;2;4;2;B01
201400056431;0;7;0;0;1;6;4;A01
201400056432;0;7;0;0;1;7;1;A01
201400056433;0;7;0;0;2;2;1;B01
201400056433;0;32;0;0;2;1;1;A01
201400056434;0;7;0;0;1;2;1;A01
201400056435;0;32;0;14;2;1;1;A01
201400056435;0;37;1;1;1;3;23;B01
201400056436;0;7;0;0;1;1;15;A01
201400056437;0;7;0;0;1;1;15;A01
201400056438;0;2;0;0;2;8;1;B01
201400056438;0;7;0;0;2;2;17;A01
201400056439;0;34;0;1;2;9;1;A01
201400056439;0;7;0;1;2;1;9;B01
201400056440;0;7;0;0;2;6;16;A01
201400056440;0;2;0;0;2;2;7;B01
201400056441;0;10;0;0;2;2;1;B01
201400056441;0;33;0;0;2;1;1;C01
201400056441;0;7;0;0;2;6;15;A01
201400056442;0;7;0;0;2;2;1;A01
201400056442;0;34;0;0;2;1;9;B01
201400056443;0;32;0;0;2;0;17;A01
201400056443;0;7;0;0;2;0;1;B01
201400056444;1;10;0;0;1;0;15;Z01
201400056445;0;30;0;0;2;8;13;A01
201400056445;0;33;0;0;2;7;17;B01
201400056446;0;7;0;0;1;8;1;A01
201400056447;0;7;0;0;1;5;20;A01
201400056448;0;34;0;0;1;1;1;A01
201400056449;0;34;0;7;0;3;1;A01
201400056450;0;7;0;0;1;2;15;A01
201400056451;0;7;0;0;2;8;15;A01
201400056451;0;32;0;0;1;1;17;B01
201400056452;0;34;0;0;2;5;1;B01
201400056452;0;7;0;0;2;3;18;A01
201400056453;0;7;0;0;1;1;1;A01
201400056454;0;31;0;0;2;7;17;B01
201400056454;0;7;0;0;2;8;15;A01
201400056455;0;33;0;0;2;1;2;A01
201400056455;0;7;0;0;2;6;23;B01
201400056456;0;7;0;0;2;4;23;B01
201400056456;0;10;0;0;2;2;2;A01
201400056457;0;7;0;0;2;1;15;A01
201400056457;0;1;0;0;2;8;1;B01
201400056458;0;7;0;0;2;4;23;B01
201400056458;0;10;0;0;2;1;2;A01
201400056458;0;7;0;0;2;4;23;D01
201400056458;0;7;0;0;2;4;23;C01
201400056459;0;30;0;0;1;1;7;A01
201400056459;0;7;0;0;2;1;15;B01
201400056460;0;2;0;0;2;3;18;A01
201400056460;0;7;0;0;2;2;16;B01
201400056461;0;30;0;1;0;7;13;A01
201400056462;0;30;0;0;2;3;18;A01
201400056462;0;2;0;0;2;2;16;B01
201400056463;0;33;0;15;2;8;18;A01
201400056463;0;37;1;0;2;5;1;B01
201400056464;0;7;0;0;2;5;23;A01
201400056464;1;7;0;0;2;3;13;Z01
201400056465;0;7;0;0;1;1;1;A01
201400056466;1;7;0;0;2;0;22;Z01
201400056466;0;1;0;0;2;1;1;A01
201400056467;0;31;0;0;0;0;1;A01
201400056468;0;10;0;0;1;7;1;A01
201400056469;2;7;0;0;2;1;5;Z01
201400056469;0;1;0;0;2;8;15;A01
201400056470;0;1;0;0;1;7;1;A01
201400056471;0;33;0;0;2;1;2;A01
201400056471;0;7;0;0;2;4;23;B01
201400056472;0;7;0;0;2;5;1;C01
201400056472;0;30;0;0;2;2;18;B01
201400056472;0;7;0;0;2;3;22;A01
201400056473;0;30;0;0;2;1;18;B01
201400056473;0;10;0;0;2;5;16;A01
201400056474;0;10;0;0;1;5;4;A01
201400056475;0;7;0;0;1;1;1;A01
201400056476;0;7;0;0;1;7;1;A01
201400056477;0;2;0;0;2;6;2;A01
201400056477;0;7;0;0;2;6;15;B01
201400056478;0;7;0;0;2;8;22;A01
201400056478;0;1;0;0;2;1;1;B01
201400056479;0;2;0;0;1;1;1;A01
201400056480;0;7;0;0;1;4;4;A01
201400056481;0;10;0;0;2;4;4;A01
201400056481;0;30;0;1;2;1;1;B01
201400056482;0;30;0;0;2;1;1;B01
201400056482;0;7;0;0;2;2;15;A01
201400056483;0;32;0;14;0;3;1;A01
201400056484;0;33;0;0;2;1;1;B01
201400056484;0;7;0;0;2;2;15;A01
201400056485;0;7;0;0;2;7;16;B01
201400056485;0;31;0;0;2;1;18;A01
201400056486;0;7;0;0;2;3;22;B01
201400056486;0;30;0;1;2;2;1;A01
201400056487;0;7;0;0;1;3;15;A01
201400056488;1;30;0;0;1;8;1;Z01
201400056489;0;7;0;0;2;2;16;A01
201400056489;0;1;0;0;2;9;7;B01
201400056490;0;30;0;0;2;6;1;A01
201400056490;1;30;0;0;2;1;15;Z01
201400056491;0;2;0;0;2;1;2;A01
201400056491;0;30;0;0;2;4;2;B01
201400056492;0;10;0;0;2;2;9;A01
201400056492;0;1;0;0;2;1;1;B01
201400056493;0;31;0;0;2;3;1;B01
201400056493;0;31;0;0;2;1;1;A01
201400056494;0;7;0;0;1;4;4;A01
201400056495;0;7;0;0;2;0;1;A01
201400056495;0;31;0;0;2;0;1;B01
201400056496;1;30;0;0;1;1;15;Z01
201400056497;0;7;0;14;1;1;7;A01
201400056498;0;7;0;0;2;1;17;A01
201400056498;0;31;0;0;2;1;18;B01
201400056499;0;7;0;0;2;2;10;A01
201400056499;0;34;0;0;2;1;1;B01
201400056500;0;7;0;0;2;3;10;A01
201400056500;0;32;0;0;2;2;17;B01
201400056501;0;7;0;0;2;8;1;A01
201400056501;1;7;0;0;2;0;1;Z01
201400056502;0;2;0;0;2;2;1;B01
201400056502;0;7;0;0;2;3;1;A01
201400056503;0;34;0;0;2;8;1;B01
201400056503;0;10;0;0;2;7;9;A01
201400056504;0;1;0;0;2;7;7;B01
201400056504;0;7;0;0;2;2;17;A01
201400056505;0;7;0;0;2;1;15;A01
201400056505;0;32;0;1;2;8;1;B01
201400056506;0;31;0;0;2;4;23;B01
201400056506;0;7;0;0;2;1;2;A01
201400056507;0;7;0;0;2;8;22;A01
201400056507;0;1;0;0;2;1;1;B01
201400056508;0;30;0;1;2;3;17;A01
201400056508;1;7;0;0;2;0;15;Z01
201400056509;0;30;0;0;2;2;5;B01
201400056509;0;7;0;0;2;3;15;A01
201400056510;0;31;0;0;1;7;17;A01
201400056511;0;30;0;0;1;1;1;A01
201400056512;0;1;0;0;2;1;1;B01
201400056512;0;7;0;0;2;3;22;A01
201400056513;0;7;0;14;0;7;14;A01
201400056514;0;7;0;0;1;4;4;A01
201400056515;0;10;0;0;2;3;22;A01
201400056515;0;1;0;1;2;1;1;B01
201400056516;0;7;0;1;2;4;23;B01
201400056516;0;30;0;0;2;1;1;A01
201400056517;0;1;0;1;2;1;1;A01
201400056517;0;7;0;1;2;3;22;B01
201400056518;0;30;0;0;0;1;1;A01
201400056519;0;31;0;0;1;3;7;A01
201400056520;0;30;0;0;2;3;1;A01
201400056520;0;7;0;0;2;2;12;B01
201400056521;0;32;0;0;2;1;17;B01
201400056521;0;7;0;0;2;8;15;A01
201400056522;0;7;0;0;2;1;1;A01
201400056522;0;1;0;0;2;8;1;B01
201400056523;0;7;0;0;1;1;1;A01
201400056524;0;7;0;11;0;1;1;A01
201400056525;0;10;0;0;2;3;1;A01
201400056525;0;2;0;2;2;5;1;B01
201400056526;0;2;0;0;0;0;1;A01
201400056527;0;7;0;0;1;5;20;A01
201400056528;0;7;0;12;0;2;14;A01
201400056529;0;7;0;0;2;1;15;B01
201400056529;0;7;0;0;2;3;1;A01
201400056530;0;34;0;0;2;3;2;A01
201400056530;0;1;0;0;2;6;15;B01
201400056531;0;1;0;0;2;7;1;A01
201400056531;0;10;0;0;2;1;15;B01
201400056532;0;7;0;0;1;4;4;A01
201400056533;0;31;0;0;1;2;1;A01
201400056534;0;7;0;0;1;5;1;A01
201400056535;0;2;0;0;1;1;1;A01
201400056536;0;2;0;0;2;8;1;B01
201400056536;0;7;0;0;2;7;12;A01
201400056537;0;7;0;0;1;2;1;A01
201400056538;0;32;0;0;0;0;21;A01
201400056539;0;1;0;0;2;1;1;B01
201400056539;0;7;0;0;2;8;22;A01
201400056540;0;10;0;0;2;4;4;A01
201400056540;0;30;0;0;2;1;23;B01
201400056541;0;7;0;11;0;1;1;A01
201400056542;0;31;0;0;1;1;1;A01
201400056543;0;7;0;0;2;3;15;A01
201400056543;0;34;0;0;2;8;7;B01
201400056544;1;7;0;0;1;0;4;Z01
201400056545;0;10;0;0;2;3;1;B01
201400056545;0;7;0;11;2;7;1;A01
201400056546;0;7;0;0;2;4;1;A01
201400056546;0;33;0;0;2;1;9;B01
201400056547;0;7;0;0;1;3;1;A01
201400056548;0;7;0;0;1;5;4;A01
201400056549;0;31;0;0;2;1;2;B01
201400056549;0;7;0;0;2;8;15;A01
201400056550;0;2;0;14;2;1;1;A01
201400056550;0;7;0;0;2;4;23;B01
201400056551;0;10;0;0;1;7;16;A01
201400056552;0;7;0;14;0;1;13;A01
201400056553;0;7;0;0;1;2;1;A01
201400056554;0;31;0;0;2;0;1;A01
201400056554;1;7;0;0;2;0;9;Z01
201400056555;0;33;0;0;2;1;2;A01
201400056555;0;33;0;0;2;4;2;B01
201400056556;0;7;0;0;1;3;1;A01
201400056557;0;7;0;0;2;3;13;A01
201400056557;0;7;0;0;2;3;1;B01
201400056558;0;7;0;0;2;8;1;B01
201400056558;0;2;0;14;2;8;17;A01
201400056559;0;7;0;0;2;4;23;C01
201400056559;0;7;0;0;2;4;23;B01
201400056559;0;31;0;0;2;5;23;D01
201400056559;0;7;0;0;2;1;2;A01
201400056560;0;31;0;0;2;7;1;B01
201400056560;0;7;0;0;2;3;10;A01
201400056561;0;10;0;0;1;8;15;A01
201400056562;0;7;0;0;2;3;15;A01
201400056562;0;2;0;0;2;3;1;B01
201400056563;0;1;0;0;0;0;1;A01
201400056564;0;1;0;0;2;3;18;B01
201400056564;0;7;0;0;2;2;16;A01
201400056565;0;37;0;0;1;2;1;A01
201400056566;0;7;0;0;2;4;2;A01
201400056566;0;7;0;0;2;1;23;B01
201400056567;0;7;0;0;1;3;1;A01
201400056568;0;32;0;0;2;7;5;B01
201400056568;0;7;0;0;2;0;10;A01
201400056569;0;7;0;0;2;7;20;A01
201400056569;0;2;0;0;2;3;18;B01
201400056570;0;7;0;0;2;4;1;B01
201400056570;0;7;0;0;2;1;1;A01
201400056571;0;31;0;0;2;3;1;B01
201400056571;0;14;0;0;2;4;15;A01
201400056572;0;34;0;0;2;6;15;B01
201400056572;0;7;0;0;2;2;1;A01
201400056573;1;34;0;0;1;0;1;Z01
201400056574;0;7;0;11;0;1;13;A01