num_acc;senc;catv;occutc;obs;obsm;choc;manv;num_veh
201400056979;0;7;0;0;2;4;23;A01
201400056979;0;32;0;0;2;1;1;B01
201400056980;0;7;0;0;2;6;10;B01
201400056980;0;33;0;0;2;1;1;A01
201400056981;0;7;0;0;1;7;1;A01
201400056982;0;14;0;0;1;5;16;A01
201400056983;0;31;0;0;2;1;1;B01
201400056983;0;7;0;0;2;7;15;A01
201400056984;0;7;0;0;1;1;15;A01
201400056985;0;32;0;0;2;8;15;A01
201400056985;0;7;0;0;2;1;1;B01
201400056986;0;2;0;0;0;4;23;B01
201400056986;0;7;0;0;0;4;1;A01
201400056987;0;1;0;0;1;1;1;A01
201400056988;0;1;0;0;2;0;21;A01
201400056989;0;7;0;0;2;0;22;A01
201400056989;0;32;0;0;2;0;1;B01
201400056990;0;7;0;0;1;7;4;A01
201400056991;1;7;0;0;0;0;1;Z01
201400056991;0;1;0;0;0;7;1;B01
201400056992;1;1;0;0;1;0;1;A01
201400056993;0;7;0;0;1;2;15;A01
201400056994;0;32;0;0;1;1;1;A01
201400056995;0;10;0;0;0;5;23;A01
201400056995;0;34;0;0;2;4;1;B01
201400056996;0;7;0;0;1;3;1;A01
201400056997;0;7;0;0;1;2;1;A01
201400056998;0;7;0;0;2;0;15;A01
201400056998;0;30;0;0;2;8;1;B01
201400056999;0;7;0;0;2;3;2;A01
201400056999;0;7;0;0;2;6;2;B01
201400057000;0;7;0;0;2;0;23;C01
201400057000;0;10;0;1;2;6;13;A01
201400057000;0;34;0;0;2;5;17;B01
201400057001;0;2;0;0;1;1;1;A01
201400057002;0;32;0;0;2;2;17;B01
201400057002;0;7;0;0;0;3;15;A01
201400057003;0;7;0;0;2;1;15;A01
201400057003;0;7;0;0;2;8;1;B01
201400057004;0;7;0;0;1;2;15;A01
201400057005;0;30;0;0;1;3;1;A01
201400057006;0;31;0;0;0;0;1;A01
201400057007;0;7;0;0;2;8;1;B01
201400057007;0;7;0;0;2;1;1;A01
201400057008;0;7;0;0;2;4;23;C01
201400057008;0;10;0;0;2;1;1;A01
201400057008;0;7;0;0;2;4;23;B01
201400057009;0;10;0;0;2;2;15;A01
201400057009;0;33;0;0;2;3;1;B01
201400057010;0;34;0;0;0;1;1;A01
201400057011;0;7;0;0;2;1;15;A01
201400057011;0;32;0;0;2;1;1;B01
201400057012;1;30;0;0;1;0;5;Z01
201400057013;0;30;0;0;0;1;1;A01
201400057014;0;7;0;0;2;7;14;A01
201400057014;0;1;0;0;2;8;1;B01
201400057015;0;7;0;0;2;7;9;B01
201400057015;0;7;0;0;2;1;1;A01
201400057016;0;7;0;0;2;1;1;B01
201400057016;0;7;0;0;2;2;15;A01
201400057017;0;31;0;0;2;8;1;B01
201400057017;0;7;0;0;2;2;15;A01
201400057018;0;7;0;4;0;1;1;A01
201400057019;0;33;0;0;1;3;1;A01
201400057020;0;30;0;0;1;1;1;A01
201400057021;0;33;0;0;2;1;1;A01
201400057021;0;7;0;0;2;4;1;B01
201400057022;0;32;0;0;2;8;1;B01
201400057022;0;7;0;0;2;5;16;A01
201400057023;0;31;0;0;2;1;1;B01
201400057023;0;30;0;0;2;7;15;A01
201400057024;0;1;0;1;0;1;14;A01
201400057025;0;7;0;0;2;3;1;B01
201400057025;0;30;0;0;2;2;1;A01
201400057026;0;34;0;0;2;3;2;A01
201400057026;0;33;0;0;2;5;16;B01
201400057027;0;7;0;0;2;3;22;A01
201400057027;1;1;0;0;1;1;1;Z01
201400057028;0;32;0;0;2;1;1;B01
201400057028;0;7;0;0;2;6;1;A01
201400057029;0;34;0;0;1;3;15;A01
201400057030;0;1;0;0;2;1;18;A01
201400057030;1;7;0;0;2;7;22;Z01
201400057031;0;7;0;0;2;2;12;A01
201400057031;0;7;0;0;2;3;7;B01
201400057032;0;1;0;0;2;1;1;A01
201400057032;0;33;0;0;2;4;23;B01
201400057033;1;7;0;0;2;1;1;Z01
201400057033;0;7;0;0;2;2;15;A01
201400057034;0;7;0;0;1;2;1;A01
201400057035;0;7;0;0;1;3;15;A01
201400057036;0;33;0;0;1;1;1;A01
201400057037;0;7;0;0;2;1;15;A01
201400057037;0;10;0;0;2;3;1;B01
201400057038;0;2;0;0;0;8;1;A01
201400057039;0;7;0;0;1;2;1;A01
201400057040;0;2;0;0;1;1;1;A01
201400057041;0;7;0;0;1;1;1;A01
201400057042;0;7;0;0;2;3;15;A01
201400057042;0;32;0;0;2;7;17;B01
201400057043;0;30;0;0;2;8;18;B01
201400057043;0;7;0;0;2;1;15;A01
201400057044;0;7;0;0;1;3;1;A01
201400057045;0;30;0;6;0;1;13;A01
201400057046;0;30;0;12;0;8;16;A01
201400057047;0;31;0;0;1;1;1;A01
201400057048;0;30;0;0;2;3;1;B01
201400057048;0;7;0;0;2;2;15;A01
201400057049;0;7;0;0;2;1;2;A01
201400057049;0;7;0;0;2;4;2;B01
201400057050;0;7;0;0;1;2;17;A01
201400057051;0;2;0;0;2;1;2;A01
201400057051;0;7;0;0;2;3;2;B01
201400057052;0;33;0;0;1;8;1;A01
201400057053;0;10;0;0;1;1;1;A01
201400057054;0;1;0;0;2;7;1;B01
201400057054;0;7;0;0;2;8;22;A01
201400057055;0;30;0;0;0;0;1;A01
201400057056;0;3;0;0;1;1;1;A01
201400057057;0;7;0;0;1;8;1;A01
201400057058;0;32;0;0;2;5;23;B01
201400057058;0;7;0;0;2;4;23;C01
201400057058;0;7;0;0;2;3;1;A01
201400057059;0;32;0;0;2;4;11;A01
201400057059;0;7;0;0;2;2;1;B01
201400057060;0;10;0;0;1;3;15;A01
201400057061;0;33;0;0;2;1;13;A01
201400057061;0;33;0;0;2;1;1;B01
201400057062;0;1;0;0;2;8;1;B01
201400057062;0;7;0;0;2;8;10;A01
201400057063;0;1;0;0;1;1;7;A01
201400057064;1;30;0;0;2;1;13;Z01
201400057064;0;1;0;0;2;1;1;A01
201400057065;0;31;0;0;1;1;1;A01
201400057066;0;7;0;0;2;6;23;B01
201400057066;0;30;0;0;2;1;1;A01
201400057067;0;37;1;0;1;2;1;A01
201400057068;0;33;0;0;0;0;1;A01
201400057069;0;7;0;0;1;1;1;A01
201400057070;0;32;0;0;1;1;17;A01
201400057071;0;33;0;0;2;1;1;A01
201400057071;1;7;0;0;2;0;1;Z01
201400057072;1;30;0;0;2;2;17;B01
201400057072;0;7;0;0;2;3;13;A01
201400057073;0;7;0;0;1;3;1;A01
201400057074;0;10;0;0;1;1;16;A01
201400057075;0;7;0;0;1;4;4;A01
201400057076;0;37;0;0;1;2;9;A01
201400057077;0;7;0;0;2;1;1;B01
201400057077;0;2;0;0;2;1;15;A01
201400057078;0;7;0;0;1;3;1;A01
201400057079;0;7;0;0;1;1;16;A01
201400057080;0;10;0;0;2;2;15;A01
201400057080;0;2;0;0;2;1;1;B01
201400057081;0;34;0;0;2;1;1;B01
201400057081;0;1;0;0;2;1;1;A01
201400057082;0;30;0;0;2;1;17;A01
201400057082;0;10;0;0;2;3;15;B01
201400057083;0;7;0;0;2;2;15;A01
201400057083;0;33;0;0;2;8;1;B01
201400057084;0;7;0;0;2;5;23;C01
201400057084;0;34;0;0;2;9;23;B01
201400057084;0;34;0;0;2;1;2;A01
201400057085;1;7;0;0;2;2;1;Z01
201400057085;0;32;0;0;2;3;23;B01
201400057086;0;7;0;0;2;3;22;B01
201400057086;0;37;1;0;2;5;1;A01
201400057087;0;7;0;8;1;2;14;A01
201400057088;0;32;0;0;1;1;1;A01
201400057089;0;1;0;0;2;8;1;B01
201400057089;0;10;0;0;2;1;1;A01
201400057090;0;7;0;0;1;5;1;A01
201400057091;0;7;0;0;2;2;15;A01
201400057091;0;30;0;0;2;1;1;B01
201400057092;0;33;0;0;2;1;1;B01
201400057092;0;7;0;0;2;3;9;A01
201400057093;0;30;0;0;0;7;1;A01
201400057094;0;32;0;0;1;1;1;A01
201400057095;0;7;0;0;1;7;1;A01
201400057096;0;37;1;0;2;7;1;A01
201400057096;0;7;0;0;2;0;22;B01
201400057097;0;32;0;12;0;3;13;A01
201400057098;0;33;0;0;2;2;1;B01
201400057098;0;7;0;0;2;3;1;A01
201400057099;0;32;0;9;0;2;14;A01
201400057100;0;7;0;1;0;1;13;A01
201400057101;0;7;0;0;2;3;15;A01
201400057101;0;30;0;0;2;1;1;B01
201400057102;0;30;0;0;1;1;17;A01
201400057103;0;7;0;0;2;4;2;B01
201400057103;0;30;0;0;2;1;1;A01
201400057104;0;7;0;0;2;3;1;A01
201400057104;0;30;0;0;2;1;17;B01
201400057105;0;7;0;0;1;1;1;A01
201400057106;0;7;0;0;2;7;22;B01
201400057106;0;32;0;0;2;1;3;A01
201400057107;0;30;0;8;2;3;7;B01
201400057107;0;7;0;0;2;2;16;A01
201400057108;0;32;0;0;2;1;1;A01
201400057108;0;7;0;0;2;3;1;B01
201400057109;0;1;0;0;1;1;1;A01
201400057110;0;1;0;1;1;1;1;A01
201400057111;1;30;0;0;1;0;1;Z01
201400057112;0;2;0;0;0;7;16;A01
201400057113;0;1;0;1;2;1;18;A01
201400057113;0;13;0;0;2;0;1;B01
201400057114;1;7;0;0;2;6;14;Z01
201400057114;0;1;0;0;2;1;1;A01
201400057115;0;10;0;0;2;1;1;A01
201400057115;0;1;0;0;2;2;19;B01
201400057116;0;33;0;0;2;0;17;B01
201400057116;0;10;0;0;2;0;13;A01
201400057117;0;7;0;0;2;1;1;A01
201400057117;0;1;0;0;2;0;19;B01
201400057118;1;7;0;0;2;8;9;Z01
201400057118;0;30;0;0;2;6;1;A01
201400057119;0;30;0;0;2;0;1;A01
201400057119;0;1;0;0;2;0;1;B01
201400057120;0;7;0;0;1;1;15;A01
201400057121;0;2;0;0;2;1;1;A01
201400057121;0;7;0;0;2;2;1;B01
201400057122;0;7;0;0;1;2;1;A01
201400057123;0;31;0;0;1;1;17;A01
201400057124;0;10;0;0;2;1;2;A01
201400057124;0;7;0;0;2;1;2;B01
201400057124;0;7;0;0;2;4;2;C01
201400057125;0;31;0;0;1;2;1;A01
201400057126;0;2;0;0;1;1;17;A01
201400057127;0;1;0;0;0;0;1;A01
201400057128;0;33;0;0;2;2;2;A01
201400057128;0;7;0;0;2;6;12;B01
201400057129;1;7;0;0;2;1;15;Z01
201400057129;0;30;0;0;2;8;1;A01
201400057130;0;7;0;15;0;2;14;A01
201400057131;0;7;0;0;2;3;1;B01
201400057131;0;1;0;0;2;8;15;A01
201400057132;0;7;0;0;2;8;1;B01
201400057132;0;10;0;0;2;1;1;A01
201400057133;0;1;0;0;0;0;1;A01
201400057134;0;3;0;0;2;1;2;A01
201400057134;0;7;0;0;2;4;23;B01
201400057135;0;7;0;0;1;6;4;A01
201400057136;0;33;0;0;1;3;1;A01
201400057137;0;31;0;0;0;7;1;A01
201400057138;0;31;0;0;0;8;1;A01
201400057139;0;31;0;0;1;1;17;A01
201400057140;0;33;0;0;2;1;17;B01
201400057140;0;7;0;0;2;3;13;A01
201400057141;0;1;0;0;1;1;1;A01
201400057142;0;7;0;0;2;3;1;A01
201400057142;0;1;0;0;2;3;1;B01
201400057143;0;33;0;0;2;7;1;A01
201400057143;2;33;0;0;2;0;1;Z01
201400057144;0;7;0;0;1;2;15;A01
201400057145;0;30;0;0;1;1;18;A01
201400057146;0;1;0;0;2;1;15;B01
201400057146;0;7;0;0;2;4;4;A01
201400057147;0;1;0;0;2;0;1;B01
201400057147;0;7;0;0;2;2;1;A01
201400057148;1;10;0;0;2;2;22;Z01
201400057148;0;1;0;0;2;1;1;A01
201400057149;0;37;0;1;0;1;1;A01
201400057150;0;10;0;0;0;7;1;A01
201400057151;0;7;0;0;2;7;15;A01
201400057151;0;30;0;0;2;3;1;B01
201400057152;0;1;0;0;2;1;1;B01
201400057152;0;7;0;0;2;8;22;A01
201400057153;0;30;0;6;0;3;1;A01
201400057154;0;7;0;0;2;3;15;B01
201400057154;0;30;0;0;2;2;17;A01
201400057155;0;7;0;0;1;2;1;A01
201400057156;0;7;0;0;2;5;23;B01
201400057156;0;7;0;0;2;4;23;C01
201400057156;0;33;0;0;1;1;18;A01
201400057157;0;32;0;0;0;8;1;A01
201400057158;0;10;0;0;1;4;4;A01
201400057159;0;33;0;0;2;4;23;B01
201400057159;0;7;0;0;2;1;1;A01
201400057160;0;7;0;0;1;3;1;A01
201400057161;0;32;0;0;0;7;1;A01
201400057162;1;7;0;0;1;2;1;Z01
201400057163;0;10;0;0;1;4;4;A01
201400057164;0;1;0;0;2;7;1;B01
201400057164;0;7;0;0;2;0;9;A01
201400057165;0;33;0;0;1;1;1;A01
201400057166;0;1;0;0;2;8;15;B01
201400057166;0;31;0;0;2;7;17;A01
201400057167;0;15;0;0;2;2;1;B01
201400057167;0;7;0;0;2;6;11;A01
201400057168;0;37;42;0;2;0;7;A01
201400057168;1;10;0;0;2;0;16;Z01
201400057169;1;7;0;0;2;0;14;Z01
201400057169;0;1;0;0;2;0;1;A01
201400057170;1;7;0;0;1;0;1;Z01
201400057171;0;32;0;0;0;0;1;A01
201400057172;0;31;0;0;1;1;1;A01
201400057173;0;10;0;0;1;7;1;A01
201400057174;0;10;0;0;2;8;13;C01
201400057174;0;33;0;0;2;8;3;A01
201400057174;0;7;0;0;2;7;14;B01
201400057175;0;7;0;0;2;2;1;A01
201400057175;0;2;0;0;2;8;1;B01
201400057176;0;7;0;1;0;0;4;A01
201400057177;0;2;0;0;2;2;1;A01
201400057177;0;7;0;0;2;3;1;B01
201400057178;0;32;0;0;2;3;1;B01
201400057178;0;7;0;0;2;1;15;A01
201400057179;0;10;0;0;2;1;1;A01
201400057179;0;7;0;0;2;4;1;B01
201400057180;0;30;0;7;0;1;1;A01
201400057181;0;2;0;0;0;0;1;A01
201400057182;0;32;0;0;2;4;23;B01
201400057182;0;7;0;0;2;1;1;A01
201400057183;0;3;0;0;2;3;1;A01
201400057183;0;7;0;0;2;2;23;B01
201400057184;0;10;0;0;2;3;1;A01
201400057184;0;1;0;0;2;4;1;B01
201400057185;0;32;0;0;2;8;18;B01
201400057185;0;10;0;0;2;7;14;A01
201400057186;0;7;0;0;2;4;1;B01
201400057186;0;34;0;0;2;1;1;A01
201400057187;0;7;0;0;1;0;1;A01
201400057188;0;7;0;0;1;2;1;A01
201400057189;0;33;0;0;2;1;1;A01
201400057189;0;7;0;0;2;4;23;B01
201400057190;0;7;0;0;2;7;15;B01
201400057190;0;10;0;0;2;1;1;A01
201400057191;0;7;0;15;1;1;1;A01
201400057192;0;7;0;0;2;1;15;A01
201400057192;0;32;0;0;2;2;1;B01
201400057193;2;7;0;0;2;0;1;Z01
201400057193;0;34;0;0;2;3;1;B01
201400057193;0;7;0;0;2;3;1;C01
201400057194;0;7;0;0;1;4;4;A01
201400057195;0;7;0;0;1;7;1;A01
201400057196;0;7;0;0;1;2;1;A01
201400057197;1;7;0;0;2;0;2;Z01
201400057197;0;7;0;0;2;4;23;A01
201400057198;0;31;0;0;2;8;1;A01
201400057198;0;7;0;0;2;1;15;B01
201400057199;0;33;0;1;2;1;1;A01
201400057199;0;7;0;0;2;3;16;B01
201400057200;0;7;0;0;1;2;1;A01
201400057201;1;7;0;0;1;0;15;Z01
201400057202;0;32;0;0;2;7;17;A01
201400057202;0;7;0;0;2;3;9;B01
201400057203;0;7;0;0;2;8;1;D01
201400057203;0;7;0;0;2;8;1;C01
201400057203;0;30;0;0;2;3;17;B01
201400057203;0;33;0;0;2;3;17;A01
201400057204;0;2;0;0;1;1;17;A01
201400057205;0;7;0;0;2;2;1;A01
201400057205;0;1;0;0;2;1;1;B01
201400057206;0;1;0;0;2;4;23;B01
201400057206;0;7;0;0;2;2;2;A01
201400057207;1;2;0;0;1;7;1;Z01
201400057208;0;30;0;14;0;1;13;A01
201400057209;0;7;0;0;2;1;1;A01
201400057209;0;33;0;0;2;4;23;B01
201400057210;0;2;0;0;1;1;1;A01
201400057211;0;7;0;0;2;1;1;A01
201400057211;0;7;0;0;2;4;1;B01
201400057212;0;7;0;0;2;2;23;B01
201400057212;0;7;0;0;2;4;2;A01
201400057213;0;7;0;0;1;2;15;A01
201400057214;0;7;0;7;0;1;1;A01
201400057215;0;7;0;0;2;3;1;C01
201400057215;0;7;0;0;2;2;1;B01
201400057215;0;30;0;0;2;1;13;A01
201400057216;0;30;0;0;2;1;2;A01
201400057216;0;7;0;0;2;5;23;B01
201400057217;0;31;0;0;2;1;1;A01
201400057217;1;7;0;0;2;3;13;Z01
201400057218;0;7;0;0;1;1;1;A01
201400057219;0;7;0;0;2;8;22;A01
201400057219;0;2;0;0;2;1;1;B01
201400057220;0;31;0;0;0;0;21;A01
201400057221;0;32;0;0;1;1;17;A01
201400057222;0;30;0;0;2;1;1;B01
201400057222;0;7;0;0;2;7;15;A01
201400057223;1;7;0;0;2;0;1;Z01
201400057223;0;1;0;0;2;0;19;A01
201400057224;0;38;1;0;1;0;16;A01
201400057225;0;31;0;0;2;3;15;A01
201400057225;1;10;0;0;2;2;1;Z01
201400057226;0;32;0;0;2;0;18;A01
201400057226;0;7;0;0;2;0;12;B01
201400057227;0;10;0;0;1;6;4;A01
201400057228;0;31;0;0;0;0;1;A01
201400057229;0;33;0;0;1;1;1;A01
201400057230;0;7;0;0;1;1;15;A01
201400057231;0;7;0;0;2;3;1;B01
201400057231;0;7;0;0;2;2;15;A01
201400057232;0;31;0;0;0;0;1;A01
201400057233;0;2;0;0;2;2;1;B01
201400057233;0;7;0;0;2;3;9;A01
201400057234;0;7;0;0;2;8;15;A01
201400057234;0;30;0;0;2;1;17;B01
201400057235;0;30;0;0;2;2;17;A01
201400057235;0;7;0;0;2;3;15;B01
201400057236;0;32;0;0;2;1;1;A01
201400057236;1;7;0;0;2;4;16;Z01
201400057237;0;34;0;0;1;1;1;A01
201400057238;0;32;0;0;2;4;1;A01
201400057238;0;32;0;0;2;1;23;B01
201400057239;0;7;0;0;1;1;1;A01
201400057240;0;7;0;0;2;4;23;C01
201400057240;0;7;0;0;2;4;23;B01
201400057240;2;7;0;0;2;1;1;A01
201400057241;0;1;0;0;2;1;1;A01
201400057241;0;7;0;0;2;5;23;B01
201400057242;0;30;0;0;2;2;17;B01
201400057242;0;7;0;0;2;3;15;A01
201400057243;0;1;0;0;1;1;1;A01
201400057244;0;7;0;0;2;4;23;B01
201400057244;0;10;0;0;2;3;2;A01
201400057245;0;10;0;0;1;1;15;A01
201400057246;0;7;0;14;9;1;21;A01
201400057247;0;10;0;0;2;2;15;A01
201400057247;0;31;0;0;2;1;1;B01
201400057248;1;7;0;0;2;4;2;Z01
201400057248;0;1;0;0;2;4;2;A01
201400057249;0;33;0;0;1;1;1;A01
201400057250;0;7;0;0;1;0;1;A01
201400057251;0;7;0;0;2;3;22;A01
201400057251;0;1;0;1;2;1;1;B01
201400057252;0;2;0;0;2;5;5;A01
201400057252;0;7;0;0;2;2;1;B01
201400057253;0;7;0;0;2;2;1;A01
201400057253;0;13;0;0;2;6;23;B01
201400057254;0;7;0;0;2;3;9;A01
201400057254;0;33;0;0;2;2;1;B01
201400057255;0;31;0;0;0;8;1;A01
201400057256;0;7;0;0;2;2;9;A01
201400057256;0;33;0;0;2;3;1;B01
201400057257;1;30;0;0;1;1;1;Z01
201400057258;0;10;0;0;1;6;1;A01
201400057259;0;31;0;0;1;1;1;A01
201400057260;0;7;0;0;2;0;15;B01
201400057260;0;32;0;0;2;0;17;A01
201400057261;0;7;0;0;1;3;1;A01
201400057262;0;33;0;0;2;2;5;B01
201400057262;0;10;0;0;2;3;10;A01
201400057263;0;7;0;0;1;2;15;A01
201400057264;0;7;0;0;2;3;15;A01
201400057264;0;30;0;0;2;7;17;B01
201400057265;0;7;0;0;1;1;1;A01
201400057266;0;32;0;0;2;8;1;A01
201400057266;1;13;0;0;2;0;14;Z01
201400057267;0;10;0;0;2;2;13;A01
201400057267;0;7;0;0;2;7;1;B01
201400057268;0;7;0;0;1;1;15;A01
201400057269;0;33;0;0;2;2;3;A01
201400057269;0;7;0;0;2;4;12;B01
201400057270;0;7;0;0;2;7;1;A01
201400057270;0;30;0;0;2;1;1;B01
201400057271;0;7;0;0;2;1;15;A01
201400057271;0;33;0;0;2;1;1;B01
201400057272;0;7;0;0;1;2;16;A01
201400057273;0;7;0;0;1;3;15;A01
201400057274;1;7;0;0;2;0;2;Z01
201400057274;0;30;0;0;2;4;2;A01
201400057275;0;7;0;0;1;7;1;A01
201400057276;0;7;0;0;2;1;1;B01
201400057276;0;7;0;0;2;1;5;A01
201400057277;1;10;0;0;2;1;13;Z01
201400057277;0;31;0;0;2;2;1;A01
201400057278;0;2;0;0;2;1;1;B01
201400057278;0;7;0;0;2;3;15;A01
201400057279;0;33;0;0;1;3;0;A01
201400057280;0;10;0;0;1;3;1;A01
201400057281;0;7;0;0;2;2;15;A01
201400057281;0;1;0;0;2;1;1;B01
201400057282;0;7;0;1;0;3;1;A01
201400057283;0;7;0;0;2;4;2;B01
201400057283;0;7;0;0;2;4;13;A01
201400057283;0;7;0;0;2;1;2;C01
201400057283;0;32;0;0;2;1;3;D01
201400057284;0;33;0;0;2;6;15;A01
201400057284;0;33;0;1;2;2;1;B01
201400057285;0;7;0;0;1;3;1;A01
201400057286;0;7;0;0;1;8;1;A01
201400057287;0;33;0;0;2;1;2;A01
201400057287;0;7;0;0;2;4;2;B01
201400057288;0;14;0;0;2;2;16;A01
201400057288;0;1;0;0;2;4;1;B01
201400057289;0;7;0;0;1;8;1;A01
201400057290;0;34;0;0;2;3;2;A01
201400057290;0;7;0;0;2;5;23;B01
201400057291;0;10;0;0;1;1;7;A01
201400057292;0;7;0;1;2;3;1;B01
201400057292;0;30;0;0;2;2;1;A01
201400057293;0;7;0;1;1;2;4;A01
201400057294;0;7;0;0;2;1;1;A01
201400057294;0;10;0;3;2;8;1;D01
201400057294;0;33;0;0;2;3;2;C01
201400057294;0;33;0;0;2;6;2;B01
201400057295;0;7;0;0;2;3;1;B01
201400057295;0;7;0;0;2;1;7;A01
201400057296;0;14;0;0;1;7;1;A01
201400057297;0;34;0;0;0;8;1;A01
201400057298;0;7;0;4;0;7;1;A01
201400057299;0;10;0;0;2;1;13;A01
201400057299;0;10;0;0;2;2;1;B01
201400057300;0;7;0;0;2;3;15;A01
201400057300;0;33;0;0;2;2;5;B01
201400057301;0;7;0;0;2;7;10;A01
201400057301;0;2;0;0;2;1;16;B01
201400057302;0;32;0;1;2;3;1;A01
201400057302;0;7;0;0;2;1;7;B01
201400057303;0;37;10;0;1;1;1;A01
201400057304;0;7;0;0;1;1;1;A01
201400057305;0;10;0;0;2;3;15;A01
201400057305;0;10;0;0;2;2;5;B01
201400057306;0;7;0;0;2;7;1;A01
201400057306;0;31;0;0;2;3;1;B01
201400057307;0;2;0;0;2;7;1;B01
201400057307;0;7;0;0;2;3;11;A01
201400057308;0;2;0;0;0;0;1;A01
201400057309;0;33;0;1;2;3;3;A01
201400057309;0;7;0;0;2;7;1;B01
201400057310;0;7;0;0;1;2;7;A01
201400057311;0;37;0;0;1;1;1;A01
201400057312;0;2;0;0;1;1;17;A01
201400057313;0;33;0;14;0;3;1;A01
201400057314;0;1;0;1;0;0;1;A01
201400057315;0;37;25;0;1;2;8;A01
201400057316;0;7;0;0;2;8;1;B01
201400057316;0;7;0;0;2;2;1;A01
201400057317;0;10;0;0;1;4;4;A01
201400057318;0;33;0;0;2;1;1;A01
201400057318;0;13;0;0;2;8;15;B01
201400057319;0;7;0;0;2;2;1;A01
201400057319;0;1;0;0;2;4;1;B01
201400057320;0;7;0;8;2;8;15;A01
201400057320;0;30;0;0;2;2;17;B01
201400057321;0;33;0;0;0;1;5;A01
201400057321;0;7;0;0;2;1;23;B01
201400057322;0;10;0;0;2;1;1;A01
201400057322;0;7;0;1;2;8;10;B01
201400057323;0;10;0;0;2;3;15;A01
201400057323;0;33;0;0;2;1;1;B01
201400057324;0;10;0;1;0;1;14;A01
201400057325;0;33;0;0;2;4;3;B01
201400057325;0;7;0;0;2;4;1;D01
201400057325;0;31;0;0;2;4;1;E01
201400057325;0;7;0;0;2;4;1;C01
201400057325;0;33;0;0;2;1;3;A01
201400057326;0;7;0;6;2;1;13;A01
201400057326;0;7;0;0;2;3;1;B01
201400057327;0;7;0;0;2;3;1;A01
201400057327;0;7;0;0;2;5;1;B01
201400057328;0;7;0;3;0;2;1;A01
201400057329;0;7;0;0;1;2;1;A01
201400057330;0;30;0;0;2;1;1;B01
201400057330;0;7;0;0;2;3;10;A01
201400057331;0;7;0;0;1;2;1;A01
201400057332;0;33;0;1;0;1;14;A01
201400057333;0;7;0;0;2;2;15;A01
201400057333;0;2;0;0;2;1;1;B01
201400057334;0;7;0;0;1;2;16;A01
201400057335;0;7;0;0;1;3;1;A01
201400057336;0;7;0;0;2;3;15;A01
201400057336;0;33;0;1;2;1;1;B01
201400057337;1;30;0;0;1;1;1;A01
201400057338;0;7;0;3;0;2;14;A01
201400057339;0;32;0;0;2;1;1;B01
201400057339;0;7;0;0;2;3;1;A01
201400057340;0;7;0;0;2;2;15;A01
201400057340;0;31;0;0;2;1;1;B01
201400057341;0;31;0;11;0;8;1;A01
201400057342;0;31;0;0;1;0;7;A01
201400057343;0;14;0;0;2;2;16;A01
201400057343;0;30;0;0;2;8;1;B01
201400057344;0;33;0;0;2;1;1;B01
201400057344;0;7;0;0;2;1;15;A01
201400057345;0;7;0;11;0;3;13;A01
201400057346;0;7;0;0;1;1;1;A01
201400057347;0;7;0;12;2;7;14;A01
201400057347;0;7;0;6;2;5;1;B01
201400057348;0;7;0;0;2;1;5;A01
201400057348;0;7;0;7;2;2;1;B01
201400057349;0;1;0;0;2;7;19;B01
201400057349;0;1;0;0;2;1;1;A01
201400057350;0;10;0;0;1;2;17;A01
201400057351;0;7;0;0;1;2;15;A01
201400057352;0;40;0;0;2;7;1;B01
201400057352;0;1;0;0;2;1;19;A01
201400057353;0;7;0;12;0;3;1;A01
201400057354;0;10;0;0;2;8;23;B01
201400057354;0;30;0;0;2;3;13;A01
201400057355;0;7;0;0;1;1;15;A01
201400057356;0;1;0;8;0;1;14;A01
201400057357;0;7;0;0;1;2;1;A01
201400057358;0;1;0;12;2;8;1;B01
201400057358;0;10;0;0;2;3;1;A01
201400057359;0;31;0;0;2;7;1;A01
201400057359;0;10;0;0;2;8;9;B01
201400057360;0;33;0;6;0;1;3;A01
201400057361;0;7;0;0;2;8;13;A01
201400057361;0;32;0;0;2;2;1;B01
201400057362;0;10;0;0;1;0;15;A01
201400057362;0;33;0;15;2;1;1;B01
201400057363;0;10;0;0;2;8;1;B01
201400057363;0;31;0;0;2;1;1;A01
201400057364;0;31;0;0;2;7;15;B01
201400057364;0;32;0;0;2;1;1;A01
201400057365;0;7;0;1;0;1;1;A01
201400057366;0;7;0;0;2;5;1;B01
201400057366;0;7;0;0;2;3;1;A01
201400057367;0;33;0;0;2;2;1;A01
201400057367;0;32;0;0;2;5;23;B01
201400057368;0;7;0;9;2;1;15;A01
201400057368;0;34;0;0;2;1;1;B01
201400057369;0;10;0;0;2;2;1;A01
201400057369;0;7;0;0;2;7;1;B01
201400057370;0;10;0;0;1;8;1;A01
201400057371;0;2;0;0;2;7;1;A01
201400057371;0;10;0;0;2;8;9;B01
201400057372;1;7;0;0;1;1;1;Z01
201400057373;2;7;0;4;0;1;1;A01
201400057374;0;33;0;0;2;2;5;A01
201400057374;0;30;0;0;2;8;15;B01
201400057375;0;7;0;0;2;3;11;A01
201400057375;0;7;0;0;2;8;1;B01
201400057375;0;7;0;0;2;4;1;C01
201400057376;0;7;0;0;2;3;23;B01
201400057376;0;31;0;0;2;2;17;A01
201400057377;0;7;0;4;2;4;1;B01