num_acc;senc;catv;occutc;obs;obsm;choc;manv;num_veh
201400057377;0;33;0;4;2;9;1;C01
201400057377;0;7;0;0;2;1;12;A01
201400057378;0;33;0;0;2;1;1;B01
201400057378;0;7;0;0;2;1;15;A01
201400057379;0;10;0;0;1;3;1;A01
201400057380;0;7;0;0;2;7;16;A01
201400057380;0;34;0;0;2;8;7;B01
201400057381;0;7;0;0;2;3;1;C01
201400057381;0;7;0;0;2;7;23;B01
201400057381;0;7;0;0;2;3;1;A01
201400057382;0;33;0;0;2;2;3;A01
201400057382;0;17;0;0;2;6;1;B01
201400057383;0;10;0;0;2;5;16;B01
201400057383;0;31;0;0;2;1;16;A01
201400057384;0;31;0;0;1;1;1;A01
201400057385;0;1;0;0;2;1;1;B01
201400057385;0;7;0;0;2;8;22;A01
201400057386;0;7;0;0;2;7;1;C01
201400057386;0;7;0;4;2;6;1;A01
201400057386;0;7;0;0;2;4;1;D01
201400057386;0;7;0;0;2;2;1;B01
201400057387;0;34;0;0;2;7;1;A01
201400057387;0;10;0;0;2;1;1;B01
201400057388;1;31;0;0;2;8;18;Z01
201400057388;0;1;0;0;2;7;1;A01
201400057389;0;30;0;0;1;0;1;A01
201400057390;0;33;0;0;1;2;17;A01
201400057391;0;32;0;0;2;2;1;B01
201400057391;0;7;0;0;2;3;14;A01
201400057392;0;34;0;0;1;1;1;A01
201400057393;0;7;0;0;2;4;23;B01
201400057393;0;31;0;0;2;4;1;A01
201400057394;0;2;0;8;0;2;1;A01
201400057395;0;2;0;0;1;3;1;A01
201400057396;0;31;0;0;2;1;3;A01
201400057396;0;7;0;0;2;8;1;B01
201400057396;1;7;0;0;2;2;1;Z01
201400057397;0;32;0;0;2;1;1;B01
201400057397;0;7;0;0;2;2;15;A01
201400057398;0;2;0;15;0;8;1;A01
201400057399;0;7;0;0;2;2;1;B01
201400057399;0;30;0;0;2;8;9;A01
201400057400;1;17;0;0;2;5;15;Z01
201400057400;0;7;0;0;2;8;1;A01
201400057401;0;7;0;0;1;1;1;A01
201400057402;0;10;0;0;2;3;1;B01
201400057402;0;1;0;0;2;6;19;A01
201400057403;0;7;0;0;1;2;1;A01
201400057404;0;2;0;8;0;0;1;A01
201400057405;0;10;0;0;1;1;1;A01
201400057406;0;31;0;0;1;1;5;A01
201400057407;0;31;0;0;1;3;1;A01
201400057408;0;7;0;0;1;1;1;A01
201400057409;0;34;0;0;2;1;1;B01
201400057409;0;7;0;0;2;2;15;A01
201400057410;0;14;0;0;1;2;16;A01
201400057411;0;7;0;0;1;2;1;A01
201400057412;0;7;0;0;1;3;1;A01
201400057413;0;3;0;0;2;3;1;B01
201400057413;0;7;0;0;2;1;1;A01
201400057414;0;7;0;0;2;4;2;B01
201400057414;0;30;0;0;2;1;2;A01
201400057415;0;33;0;0;2;1;1;A01
201400057415;0;1;0;0;2;8;19;B01
201400057416;0;7;0;0;2;7;16;B01
201400057416;0;33;0;0;2;1;18;A01
201400057417;0;7;0;0;2;3;1;A01
201400057417;0;7;0;0;2;5;1;B01
201400057418;0;10;0;0;2;8;22;A01
201400057418;0;1;0;0;2;1;1;B01
201400057419;0;34;0;0;0;7;1;A01
201400057420;0;30;0;1;0;7;1;A01
201400057421;0;7;0;0;2;7;1;A01
201400057421;0;1;0;0;2;4;19;B01
201400057422;0;7;0;2;0;1;13;A01
201400057423;0;33;0;0;2;2;3;A01
201400057423;0;7;0;0;2;5;13;B01
201400057424;0;7;0;0;1;2;5;A01
201400057425;0;7;0;0;2;6;9;A01
201400057425;0;32;0;0;2;1;1;B01
201400057426;0;1;0;0;1;8;1;A01
201400057427;0;10;0;0;2;3;9;A01
201400057427;0;31;0;0;2;2;17;B01
201400057428;0;31;0;0;1;1;1;A01
201400057429;0;1;0;0;1;1;7;A01
201400057430;0;7;0;0;2;5;15;A01
201400057430;0;31;0;0;2;7;1;B01
201400057431;0;7;0;0;2;1;1;C01
201400057431;0;33;0;1;2;1;18;A01
201400057431;0;7;0;0;2;6;24;B01
201400057432;0;33;0;4;0;2;14;A01
201400057433;0;1;0;0;2;1;5;A01
201400057433;0;7;0;0;2;3;1;B01
201400057434;2;7;0;0;2;8;15;Z01
201400057434;0;30;0;0;2;2;1;A01
201400057435;0;2;0;0;2;8;23;A01
201400057435;1;10;0;0;2;8;1;Z01
201400057436;0;10;0;15;1;1;1;A01
201400057437;0;33;0;0;2;1;1;A01
201400057437;0;32;0;0;2;4;1;B01
201400057438;0;10;0;0;2;3;15;A01
201400057438;0;33;0;2;2;8;1;B01
201400057439;0;14;0;0;1;4;4;A01
201400057440;0;10;0;0;2;5;23;A01
201400057440;0;31;0;0;2;1;1;B01
201400057441;0;7;0;0;2;6;1;C01
201400057441;0;31;0;0;2;1;1;A01
201400057441;0;7;0;0;2;5;1;B01
201400057442;0;7;0;0;2;2;16;A01
201400057442;0;32;0;0;2;1;1;B01
201400057443;0;7;0;0;2;8;15;B01
201400057443;0;31;0;0;2;0;1;A01
201400057444;0;2;0;0;0;1;2;A01
201400057445;0;7;0;0;2;2;1;A01
201400057445;0;7;0;0;2;3;1;B01
201400057446;0;7;0;2;0;1;14;A01
201400057447;0;1;0;0;2;0;1;A01
201400057447;0;31;0;0;2;5;1;B01
201400057448;0;10;0;9;2;1;2;A01
201400057448;0;2;0;0;2;4;23;B01
201400057449;0;7;0;0;1;2;1;A01
201400057450;0;7;0;0;2;4;23;B01
201400057450;0;31;0;14;0;7;1;A01
201400057451;0;7;0;0;2;3;23;C01
201400057451;0;7;0;9;1;3;1;A01
201400057451;0;32;0;0;2;6;23;B01
201400057452;0;7;0;12;2;2;1;A01
201400057452;0;10;0;0;2;3;1;B01
201400057453;0;30;0;1;0;1;14;A01
201400057454;0;33;0;0;1;2;1;A01
201400057455;0;7;0;0;2;1;1;B01
201400057455;0;7;0;0;2;2;1;A01
201400057456;0;7;0;0;2;3;1;A01
201400057456;0;7;0;0;2;8;1;B01
201400057457;0;7;0;0;2;2;1;A01
201400057457;0;30;0;0;2;1;1;B01
201400057458;0;7;0;0;1;2;1;A01
201400057459;0;7;0;0;2;0;14;A01
201400057459;0;33;0;0;2;2;1;B01
201400057460;1;10;0;0;1;0;1;Z01
201400057461;0;14;0;0;2;0;14;A01
201400057461;0;7;0;0;2;3;1;C01
201400057461;0;32;0;12;2;0;1;B01
201400057462;0;34;0;0;1;1;1;A01
201400057463;0;31;0;0;2;4;1;A01
201400057463;0;32;0;0;2;1;1;B01
201400057464;0;33;0;15;0;1;1;A01
201400057465;0;7;0;0;1;0;1;A01
201400057466;0;33;0;2;0;2;1;A01
201400057467;0;7;0;0;1;3;15;A01
201400057468;0;7;0;12;0;2;1;A01
201400057469;0;10;0;3;0;1;14;A01
201400057470;0;10;0;0;2;4;4;A01
201400057470;0;7;0;0;2;2;23;B01
201400057471;0;7;0;0;2;1;23;C01
201400057471;0;7;0;0;2;1;1;B01
201400057471;0;7;0;0;2;1;10;A01
201400057472;0;37;1;0;1;5;1;A01
201400057473;0;33;0;0;1;3;7;A01
201400057474;0;7;0;0;1;3;17;A01
201400057475;0;2;0;4;0;3;1;A01
201400057476;0;7;0;0;2;3;15;A01
201400057476;0;33;0;0;2;8;1;B01
201400057477;0;10;0;0;2;1;10;A01
201400057477;0;33;0;0;2;8;1;B01
201400057478;0;7;0;0;2;2;15;B01
201400057478;0;2;0;0;2;3;1;A01
201400057479;0;2;0;15;0;9;1;A01
201400057480;0;7;0;0;2;1;1;D01
201400057480;0;7;0;0;2;1;1;B01
201400057480;0;31;0;0;2;3;3;A01
201400057480;0;34;0;0;2;3;1;C01
201400057481;0;32;0;0;2;5;1;A01
201400057481;1;7;0;0;2;0;1;Z01
201400057482;0;7;0;0;2;3;10;A01
201400057482;0;32;0;0;2;1;17;B01
201400057483;0;10;0;0;2;3;15;A01
201400057483;0;2;0;0;2;8;1;B01
201400057484;0;33;0;0;1;1;1;A01
201400057485;0;31;0;3;0;2;1;A01
201400057486;0;7;0;0;1;1;1;A01
201400057487;0;2;0;0;1;1;5;A01
201400057488;0;7;0;0;1;2;1;A01
201400057489;0;33;0;0;2;1;17;B01
201400057489;0;7;0;0;2;3;10;A01
201400057490;0;10;0;0;2;2;1;A01
201400057490;0;33;0;0;2;1;3;B01
201400057491;0;7;0;0;2;5;1;B01
201400057491;0;7;0;9;1;1;1;A01
201400057492;0;10;0;0;2;6;15;B01
201400057492;0;32;0;0;2;7;17;A01
201400057493;1;7;0;0;1;1;1;Z01
201400057494;0;7;0;8;0;1;1;A01
201400057495;0;7;0;0;2;6;12;A01
201400057495;0;33;0;0;2;1;1;B01
201400057496;0;14;0;0;2;1;1;A01
201400057496;0;7;0;0;2;4;1;B01
201400057497;0;1;0;0;2;1;1;B01
201400057497;2;7;0;0;2;7;1;Z01
201400057498;1;7;0;0;1;1;1;Z01
201400057499;0;32;0;14;2;8;17;A01
201400057499;0;38;0;0;2;0;1;B01
201400057500;0;33;0;0;1;1;1;A01
201400057501;0;7;0;0;2;3;10;A01
201400057501;0;33;0;0;2;1;1;B01
201400057502;0;7;0;0;2;3;2;A01
201400057502;0;2;0;0;2;4;23;B01
201400057503;0;7;0;0;2;2;14;A01
201400057503;0;15;0;0;2;6;24;B01
201400057504;0;33;0;7;0;3;13;A01
201400057505;0;2;0;0;2;2;15;A01
201400057505;0;33;0;0;2;1;1;B01
201400057506;0;10;0;0;1;7;1;A01
201400057507;0;7;0;0;2;3;15;A01
201400057507;0;31;0;0;2;1;1;B01
201400057508;0;7;0;0;2;2;1;A01
201400057508;0;33;0;0;2;2;1;B01
201400057509;0;7;0;7;0;1;13;A01
201400057510;0;31;0;0;2;4;2;A01
201400057510;1;7;0;0;2;0;2;Z01
201400057511;0;10;0;0;2;7;15;A01
201400057511;0;33;0;0;2;1;1;B01
201400057512;0;30;0;0;2;1;2;A01
201400057512;0;31;0;0;2;4;23;B01
201400057513;0;7;0;1;0;1;14;A01
201400057514;0;7;0;0;2;5;17;A01
201400057514;0;33;0;0;2;8;15;B01
201400057515;0;7;0;14;2;9;23;C01
201400057515;0;10;0;0;1;1;23;B01
201400057515;2;10;0;0;2;4;23;A01
201400057515;0;7;0;0;2;1;1;D01
201400057516;0;7;0;0;2;3;23;B01
201400057516;0;7;0;14;1;1;1;A01
201400057517;0;7;0;0;2;3;16;B01
201400057517;0;30;0;0;2;1;1;A01
201400057518;0;30;0;0;2;1;1;B01
201400057518;0;7;0;0;2;7;15;A01
201400057519;0;33;0;0;1;3;1;A01
201400057520;0;7;0;0;2;1;15;A01
201400057520;0;33;0;0;2;1;1;B01
201400057521;0;7;0;0;1;1;1;A01
201400057522;0;7;0;1;0;2;14;A01
201400057523;0;33;0;0;2;1;3;A01
201400057523;0;10;0;0;2;5;1;B01
201400057524;0;7;0;0;1;2;1;A01
201400057525;0;7;0;0;1;2;1;A01
201400057526;0;31;0;12;0;1;1;A01
201400057527;0;2;0;12;0;7;9;A01
201400057528;0;7;0;0;1;2;15;A01
201400057529;0;7;0;0;1;3;1;A01
201400057530;2;7;0;7;2;7;1;B01
201400057530;0;7;0;0;2;1;1;A01
201400057531;0;33;0;0;2;1;1;B01
201400057531;0;7;0;0;2;8;10;A01
201400057532;0;31;0;0;2;1;2;A01
201400057532;0;7;0;0;2;6;2;B01
201400057533;0;7;0;0;1;3;1;A01
201400057534;0;7;0;4;0;4;13;A01
201400057535;0;33;0;0;1;1;1;A01
201400057536;0;33;0;4;0;8;13;A01
201400057537;0;33;0;0;2;1;17;B01
201400057537;0;10;0;0;2;3;15;A01
201400057538;0;34;0;0;2;1;2;A01
201400057538;0;33;0;0;2;4;23;B01
201400057539;0;7;0;0;1;2;16;A01
201400057540;0;7;0;0;1;7;1;A01
201400057541;0;34;0;0;1;1;1;A01
201400057542;0;7;0;0;2;8;1;B01
201400057542;0;33;0;0;2;1;9;A01
201400057543;0;34;0;0;2;1;17;A01
201400057543;0;7;0;0;2;3;1;B01
201400057544;0;32;0;0;2;6;1;B01
201400057544;0;33;0;0;2;1;17;A01
201400057545;0;7;0;4;0;7;13;A01
201400057546;0;10;0;2;0;1;13;A01
201400057547;0;37;20;0;1;2;16;A01
201400057548;1;10;0;0;1;0;1;Z01
201400057549;0;7;0;0;2;1;1;A01
201400057549;0;7;0;0;2;7;1;B01
201400057550;0;1;0;0;2;3;1;B01
201400057550;0;13;0;0;2;2;16;A01
201400057551;0;7;0;0;2;1;15;A01
201400057551;0;30;0;0;2;1;1;B01
201400057552;0;31;0;4;0;3;13;A01
201400057553;0;33;0;8;2;9;18;A01
201400057553;0;7;0;0;2;5;1;C01
201400057553;0;33;0;0;2;1;1;B01
201400057553;0;7;0;0;2;5;1;D01
201400057554;0;7;0;0;1;6;4;A01
201400057555;0;7;0;0;1;2;16;A01
201400057556;0;7;0;0;2;0;7;A01
201400057556;0;33;0;1;2;0;16;B01
201400057557;0;33;0;0;2;1;5;B01
201400057557;0;33;0;0;2;8;10;A01
201400057558;0;14;0;0;1;3;1;A01
201400057559;0;30;0;7;2;4;16;B01
201400057559;0;7;0;15;2;1;16;A01
201400057560;0;10;0;0;1;3;1;A01
201400057561;0;10;0;0;2;3;15;A01
201400057561;0;32;0;0;2;1;17;B01
201400057562;0;32;0;0;2;1;1;B01
201400057562;0;7;0;0;2;2;1;A01
201400057563;0;14;0;0;1;2;16;A01
201400057564;0;34;0;0;2;8;16;B01
201400057564;0;7;0;0;2;1;1;A01
201400057565;0;33;0;0;1;1;1;A01
201400057566;0;32;0;0;1;1;1;A01
201400057567;0;32;0;9;0;1;1;A01
201400057568;0;7;0;0;2;3;1;B01
201400057568;0;33;0;0;2;3;1;A01
201400057569;1;7;0;0;2;6;11;Z01
201400057569;0;34;0;0;2;2;1;A01
201400057570;0;34;0;0;2;2;1;B01
201400057570;0;33;0;0;2;1;1;A01
201400057571;0;10;0;0;2;3;11;B01
201400057571;0;7;0;0;2;6;11;C01
201400057571;0;2;0;0;2;1;17;A01
201400057572;0;33;0;0;2;6;1;B01
201400057572;0;7;0;0;2;5;14;A01
201400057573;0;1;0;0;2;1;0;B01
201400057573;0;7;0;0;2;8;0;A01
201400057574;0;31;0;0;0;0;1;A01
201400057575;0;33;0;0;0;2;1;A01
201400057576;0;7;0;0;2;2;1;A01
201400057576;1;33;0;0;2;1;1;Z01
201400057577;0;31;0;0;2;2;17;B01
201400057577;0;10;0;0;2;3;10;A01
201400057578;0;10;0;7;0;3;13;A01
201400057579;0;7;0;0;2;2;1;A01
201400057579;0;7;0;0;2;3;1;B01
201400057580;0;7;0;0;1;3;1;A01
201400057581;0;33;0;7;0;1;1;A01
201400057582;0;31;0;8;0;8;13;A01
201400057583;0;7;0;11;0;3;7;A01
201400057584;0;7;0;0;2;5;15;A01
201400057584;0;7;0;0;2;1;1;B01
201400057585;0;7;0;6;2;8;17;A01
201400057585;0;7;0;0;2;4;1;B01
201400057586;0;31;0;0;2;1;15;A01
201400057586;0;7;0;0;2;5;1;B01
201400057587;0;14;0;0;1;8;15;A01
201400057588;0;7;0;0;2;2;15;A01
201400057588;0;2;0;0;2;1;1;B01
201400057589;0;14;0;0;2;3;9;A01
201400057589;0;30;0;0;2;1;1;B01
201400057590;0;7;0;0;2;3;11;A01
201400057590;0;33;0;0;2;7;1;B01
201400057591;0;33;0;0;1;1;1;A01
201400057592;0;7;0;0;2;5;23;C01
201400057592;0;33;0;0;2;3;13;A01
201400057592;0;7;0;0;2;7;1;B01
201400057593;0;33;0;0;2;0;1;B01
201400057593;0;2;0;0;2;0;10;A01
201400057594;0;7;0;0;2;2;1;B01
201400057594;0;33;0;0;2;1;5;A01
201400057595;0;2;0;0;1;2;1;A01
201400057596;0;7;0;0;1;1;1;A01
201400057596;0;7;0;0;2;6;1;B01
201400057597;0;31;0;0;2;5;1;B01
201400057597;0;10;0;0;2;1;1;A01
201400057598;0;7;0;0;2;3;1;C01
201400057598;0;7;0;0;2;1;5;A01
201400057598;0;7;0;0;2;1;1;B01
201400057599;0;33;0;0;2;1;3;A01
201400057599;0;7;0;0;2;0;11;C01
201400057599;0;7;0;0;2;6;1;B01
201400057600;0;7;0;0;2;3;1;B01
201400057600;0;2;0;1;2;1;1;A01
201400057601;0;38;0;0;1;2;1;A01
201400057602;0;7;0;11;0;3;15;A01
201400057603;0;7;0;0;2;3;2;A01
201400057603;0;33;0;0;2;1;23;C01
201400057603;0;7;0;0;2;3;2;B01
201400057604;0;10;0;0;1;4;4;A01
201400057605;0;10;0;0;2;7;15;A01
201400057605;0;31;0;0;2;1;1;B01
201400057606;0;1;0;0;1;2;1;A01
201400057607;0;31;0;12;0;1;14;A01
201400057608;0;7;0;2;2;3;1;B01
201400057608;0;7;0;0;2;3;13;A01
201400057609;0;33;0;0;1;1;1;A01
201400057610;0;10;0;1;1;4;4;A01
201400057611;0;7;0;0;2;5;15;A01
201400057611;0;2;0;0;2;1;1;B01
201400057612;0;7;0;0;2;6;23;A01
201400057612;0;33;0;1;2;1;18;B01
201400057613;0;1;0;0;0;0;1;A01
201400057614;0;7;0;0;2;8;10;A01
201400057614;0;2;0;0;2;1;17;B01
201400057615;0;30;0;0;1;1;1;A01
201400057616;0;7;0;4;2;7;1;A01
201400057616;0;7;0;0;2;4;1;B01
201400057617;0;31;0;0;1;8;1;A01
201400057618;0;33;0;4;0;8;14;A01
201400057619;0;7;0;0;2;8;11;A01
201400057619;0;32;0;0;2;7;1;B01
201400057620;0;7;0;0;1;1;1;A01
201400057621;0;32;0;0;2;1;17;A01
201400057621;0;1;0;0;2;8;15;B01
201400057622;0;32;0;8;0;1;1;A01
201400057623;0;7;0;15;2;8;1;B01
201400057623;0;7;0;0;2;2;1;A01
201400057624;0;31;0;0;2;1;1;B01
201400057624;0;7;0;0;2;2;1;A01
201400057625;0;7;0;0;1;1;1;A01
201400057626;0;33;0;9;0;1;1;A01
201400057627;0;33;0;0;2;7;16;A01
201400057627;0;7;0;0;2;1;1;B01
201400057628;0;1;0;0;2;1;1;A01
201400057628;0;7;0;0;2;3;1;B01
201400057629;0;33;0;0;2;2;1;A01
201400057629;0;30;0;0;2;3;1;B01
201400057630;0;7;0;0;1;4;4;A01
201400057631;0;37;1;0;2;3;15;B01
201400057631;0;2;0;0;2;1;5;A01
201400057632;0;31;0;0;2;4;1;B01
201400057632;0;17;0;0;2;3;1;A01
201400057633;0;7;0;0;2;3;15;A01
201400057633;0;33;0;0;2;1;17;B01
201400057634;0;7;0;0;2;6;23;B01
201400057634;0;10;0;0;1;2;1;A01
201400057635;0;14;0;0;2;8;1;A01
201400057635;0;32;0;0;2;7;1;B01
201400057636;0;7;0;0;2;8;1;B01
201400057636;0;33;0;6;2;1;3;A01
201400057637;0;31;0;0;2;1;2;A01
201400057637;0;7;0;0;2;6;23;B01
201400057638;0;7;0;0;1;1;1;A01
201400057639;0;7;0;7;0;7;13;A01
201400057640;0;10;0;0;1;1;1;A01
201400057641;0;33;0;0;2;8;1;B01
201400057641;0;7;0;0;2;1;15;A01
201400057642;0;7;0;0;2;5;1;B01
201400057642;0;37;35;0;2;8;7;C01
201400057642;0;33;0;0;2;1;1;A01
201400057643;0;33;0;0;2;1;17;B01
201400057643;0;7;0;0;2;8;9;A01
201400057644;0;33;0;14;2;9;17;A01
201400057644;0;14;0;0;2;8;9;B01
201400057645;0;10;0;0;1;3;15;A01
201400057646;0;31;0;1;2;2;1;A01
201400057646;2;7;0;0;2;1;13;Z01
201400057647;0;7;0;0;2;3;13;A01
201400057647;0;34;0;0;2;1;13;B01
201400057648;0;7;0;0;2;4;23;A01
201400057648;0;1;0;0;2;1;1;B01
201400057649;0;7;0;6;0;3;1;A01
201400057650;0;1;0;0;1;0;1;A01
201400057651;0;30;0;0;2;1;5;A01
201400057651;0;30;0;0;2;1;15;B01
201400057652;0;30;0;4;0;3;13;A01
201400057653;0;10;0;0;2;3;16;A01
201400057653;0;33;0;1;2;7;1;B01
201400057654;0;37;1;0;1;2;7;A01
201400057655;0;2;0;0;2;1;1;B01
201400057655;0;7;0;0;2;8;10;A01
201400057656;0;7;0;12;0;3;13;A01
201400057657;0;7;0;0;2;3;1;B01
201400057657;0;7;0;0;2;9;15;A01
201400057658;0;10;0;0;2;2;1;A01
201400057658;0;7;0;1;2;1;1;B01
201400057659;1;7;0;0;2;1;2;Z01
201400057659;0;7;0;0;2;4;2;A01
201400057660;0;7;0;0;2;4;2;A01
201400057660;2;7;0;0;2;1;2;Z01
201400057661;0;7;0;4;0;3;14;A01
201400057662;0;10;0;0;2;8;1;C01
201400057662;0;7;0;0;2;2;12;A01
201400057662;0;31;0;0;2;8;1;B01
201400057663;0;14;0;0;2;2;2;A01
201400057663;0;7;0;0;2;6;23;B01
201400057663;0;7;0;0;2;4;23;C01
201400057664;0;7;0;4;2;6;1;A01
201400057664;2;7;0;0;2;2;14;Z01
201400057665;0;7;0;4;0;9;14;A01
201400057666;0;7;0;0;2;1;2;A01
201400057666;0;7;0;0;2;4;23;B01
201400057666;0;7;0;0;2;4;23;C01
201400057666;0;7;0;0;2;4;23;D01
201400057667;0;33;0;0;0;8;1;A01
201400057668;0;14;0;0;2;1;2;A01
201400057668;0;10;0;0;2;4;2;C01
201400057668;0;7;0;0;2;4;2;B01
201400057669;0;32;0;0;2;3;13;A01
201400057669;0;10;0;0;2;5;1;B01
201400057670;0;7;0;0;2;4;2;B01
201400057670;0;7;0;4;2;1;2;A01
201400057671;0;33;0;5;0;8;13;A01
201400057672;0;7;0;0;2;1;2;A01
201400057672;0;7;0;0;2;4;2;B01
201400057673;0;10;0;0;2;5;2;B01
201400057673;0;32;0;0;2;1;2;A01
201400057674;0;16;0;0;2;7;1;B01
201400057674;0;7;0;4;2;8;11;A01
201400057675;0;10;0;0;2;1;2;A01
201400057675;0;7;0;0;2;4;2;B01
201400057675;0;7;0;0;2;4;2;C01
201400057676;0;7;0;0;2;4;2;C01
201400057676;0;13;0;0;2;1;2;A01
201400057676;0;7;0;0;2;4;2;B01
201400057677;0;7;0;0;2;2;14;A01
201400057677;0;7;0;0;2;6;1;B01
201400057678;0;7;0;0;2;1;23;B01
201400057678;0;7;0;0;2;4;22;A01
201400057678;0;7;0;0;2;7;23;D01
201400057678;0;31;0;0;2;2;3;C01
201400057679;0;33;0;0;0;7;1;A01
201400057680;0;7;0;0;0;0;1;B01
201400057680;0;33;0;0;0;0;1;A01
201400057681;0;31;0;0;2;3;11;A01
201400057681;0;7;0;0;2;6;1;B01
201400057682;0;31;0;0;0;0;1;A01
201400057683;0;33;0;0;2;2;1;B01
201400057683;0;7;0;0;2;3;11;A01
201400057684;0;33;0;0;2;6;3;A01
201400057684;0;33;0;0;2;7;3;B01
201400057685;0;7;0;0;2;1;1;A01
201400057685;0;7;0;0;0;4;1;B01
201400057686;0;32;0;0;0;8;1;B01
201400057686;0;7;0;0;2;2;12;A01
201400057687;0;10;0;0;2;1;1;A01
201400057687;0;7;0;0;2;4;1;B01
201400057687;0;10;0;0;0;4;1;C01
201400057688;0;33;0;0;0;1;1;A01
201400057688;1;7;0;0;2;6;11;Z01
201400057689;0;10;0;0;2;4;2;C01
201400057689;0;7;0;3;2;1;2;A01
201400057689;0;7;0;0;2;4;2;B01
201400057690;1;10;0;0;2;8;11;Z01
201400057690;0;33;0;0;2;7;1;A01
201400057691;0;17;0;0;2;2;12;A01
201400057691;0;7;0;0;2;3;1;B01
201400057692;0;7;0;0;2;1;13;A01
201400057692;0;7;0;0;2;4;1;B01
201400057693;0;7;0;0;2;1;12;A01
201400057693;0;7;0;4;2;5;2;B01
201400057693;0;7;0;0;2;5;2;D01
201400057693;0;7;0;0;2;4;2;E01
201400057693;0;7;0;0;2;3;2;C01
201400057694;0;7;0;0;2;8;12;A01
201400057694;0;33;0;0;2;3;1;B01
201400057695;0;7;0;0;0;4;23;C01
201400057695;0;7;0;0;2;1;1;A01
201400057695;0;7;0;0;2;4;23;B01
201400057696;0;7;0;0;2;1;1;A01
201400057696;0;10;0;0;0;4;1;B01
201400057697;0;34;0;0;0;7;1;B01
201400057697;0;7;0;0;2;8;11;A01
201400057698;0;7;0;4;0;1;1;A01
201400057699;0;34;0;0;2;8;2;A01
201400057699;0;10;0;0;2;6;2;B01
201400057700;1;7;0;0;2;2;12;Z01
201400057700;0;33;0;0;0;3;3;A01
201400057701;0;33;0;0;2;8;3;A01
201400057701;0;7;0;0;0;2;14;B01
201400057702;0;33;0;4;0;2;1;B01
201400057702;0;7;0;0;2;3;11;A01
201400057703;0;7;0;4;2;2;1;C01
201400057703;0;7;0;4;2;6;1;B01
201400057703;0;17;0;0;2;2;14;A01
201400057704;0;7;0;0;2;4;2;B01
201400057704;0;7;0;0;2;1;2;A01
201400057704;0;7;0;0;2;1;2;D01
201400057704;0;7;0;0;2;4;2;C01
201400057705;0;7;0;4;0;3;14;A01
201400057706;0;7;0;0;2;1;2;A01
201400057706;0;7;0;0;2;4;23;C01
201400057706;0;7;0;0;2;4;23;B01
201400057707;0;7;0;0;2;1;2;A01
201400057707;0;7;0;0;2;4;2;B01
201400057708;0;31;0;0;2;1;2;A01
201400057708;0;10;0;0;2;5;2;B01
201400057709;0;7;0;4;2;6;2;B01
201400057709;0;13;0;0;2;2;2;A01
201400057710;0;10;0;0;2;7;12;A01
201400057710;0;32;0;0;2;8;1;B01
201400057711;0;31;0;0;0;8;3;A01
201400057712;0;33;0;0;0;7;3;A01
201400057713;0;7;0;0;2;1;1;A01
201400057713;0;7;0;0;0;4;23;C01
201400057713;0;32;0;2;2;0;23;B01
201400057714;0;10;0;0;2;1;1;A01
201400057714;0;33;0;0;0;4;1;B01
201400057715;0;31;0;0;2;2;1;A01
201400057715;1;7;0;0;2;3;11;Z01
201400057716;0;33;0;0;2;3;1;B01
201400057716;0;7;0;0;2;2;12;A01
201400057717;0;7;0;0;2;6;11;A01
201400057717;0;7;0;0;0;4;23;C01
201400057717;0;32;0;0;2;2;3;B01
201400057718;0;7;0;0;2;4;23;B01
201400057718;0;7;0;0;2;1;1;A01
201400057719;0;7;0;0;2;1;2;A01
201400057719;0;7;0;0;2;4;2;B01
201400057720;0;31;0;0;2;1;1;A01
201400057720;0;7;0;1;0;4;1;B01
201400057721;0;34;0;0;2;1;1;A01
201400057721;0;7;0;0;0;4;1;B01
201400057722;0;17;0;0;0;4;1;C01
201400057722;0;7;0;0;2;4;1;B01
201400057722;0;10;0;0;2;2;1;A01
201400057723;0;10;0;0;2;3;14;A01
201400057723;0;7;0;4;2;4;1;B01
201400057724;0;33;0;0;0;8;1;A01
201400057725;0;17;0;0;2;2;12;A01
201400057725;0;7;0;0;2;6;1;B01
201400057726;0;10;0;0;2;4;2;C01
201400057726;0;7;0;0;2;1;2;A01
201400057726;0;7;0;0;2;4;2;B01
201400057727;0;7;0;0;2;3;11;A01
201400057727;0;31;0;0;2;7;3;B01
201400057728;0;32;0;0;2;4;1;B01
201400057728;0;7;0;0;2;1;1;A01
201400057729;0;33;0;0;0;0;3;A01
201400057730;0;32;0;0;2;3;2;A01
201400057730;0;7;0;0;2;5;23;B01
201400057731;0;10;0;0;0;4;23;C01
201400057731;0;7;0;0;2;1;1;A01
201400057731;0;7;0;0;2;4;1;B01
201400057732;0;34;0;4;0;2;1;A01
201400057733;0;7;0;0;2;1;1;A01
201400057733;0;14;0;0;0;6;9;C01
201400057733;0;7;0;0;2;4;23;B01
201400057734;0;7;0;0;2;2;12;A01
201400057734;0;33;0;0;2;8;3;B01
201400057735;0;10;0;14;0;3;14;A01
201400057736;0;7;0;0;2;5;2;B01