num_acc;senc;catv;occutc;obs;obsm;choc;manv;num_veh
201400057736;0;10;0;0;2;8;2;C01
201400057736;0;7;0;0;2;3;2;A01
201400057737;0;7;0;0;2;8;1;B01
201400057737;0;17;0;0;2;2;12;A01
201400057738;0;7;0;0;2;4;11;B01
201400057738;0;38;1;0;2;1;1;A01
201400057739;0;10;0;0;2;2;12;A01
201400057739;0;33;0;0;2;1;3;B01
201400057740;0;7;0;0;0;5;1;E01
201400057740;0;7;0;0;0;8;1;B01
201400057740;0;7;0;0;0;6;1;A01
201400057740;0;7;0;0;0;6;1;D01
201400057740;2;7;0;0;2;5;3;Z02
201400057740;0;7;0;0;0;3;1;C01
201400057741;0;32;0;0;2;2;3;B01
201400057741;0;7;0;0;2;8;22;A01
201400057741;0;7;0;0;2;7;23;C01
201400057742;0;7;0;0;2;5;1;C01
201400057742;0;33;0;0;2;8;3;A01
201400057742;0;7;0;0;2;0;1;B01
201400057743;0;33;0;0;0;0;3;A01
201400057744;0;32;0;6;2;8;1;A01
201400057744;0;10;0;0;0;5;1;B01
201400057745;0;33;0;0;2;8;1;A01
201400057745;0;7;0;0;2;1;1;C01
201400057745;0;7;0;0;2;5;1;B01
201400057746;0;33;0;0;0;8;1;A01
201400057747;0;7;0;0;0;8;23;C01
201400057747;0;7;0;0;2;5;12;A01
201400057747;0;31;0;0;0;1;3;B01
201400057748;0;30;0;12;0;1;13;A01
201400057749;0;33;0;0;2;1;14;A01
201400057749;0;7;0;0;2;6;1;B01
201400057750;0;34;0;0;0;0;3;A01
201400057751;0;32;0;0;0;8;1;A01
201400057752;0;34;0;0;9;1;1;A01
201400057753;0;31;0;0;0;0;3;A01
201400057754;0;33;0;0;2;7;12;A01
201400057754;0;7;0;0;2;8;1;B01
201400057755;0;33;0;0;2;3;3;B01
201400057755;0;7;0;0;2;4;1;C01
201400057755;0;7;0;0;2;7;12;A01
201400057755;0;10;0;0;2;8;1;D01
201400057756;0;33;0;0;2;3;1;B01
201400057756;0;7;0;0;2;5;12;A01
201400057757;0;33;0;0;0;7;1;A01
201400057758;0;31;0;0;0;2;3;A01
201400057759;0;7;0;0;2;1;3;A01
201400057759;0;7;0;0;2;4;2;C01
201400057759;0;7;0;0;2;4;2;B01
201400057760;0;7;0;0;2;4;2;C01
201400057760;0;7;0;0;2;5;2;B01
201400057760;0;7;0;0;2;1;2;A01
201400057761;0;31;0;0;2;8;3;B01
201400057761;0;7;0;0;2;5;11;A01
201400057762;0;34;0;0;2;3;2;A01
201400057762;0;7;0;0;2;5;2;B01
201400057763;0;31;0;0;2;6;3;B01
201400057763;0;7;0;0;2;2;12;A01
201400057764;0;34;0;0;2;4;3;B01
201400057764;1;34;0;0;2;1;3;A01
201400057765;0;7;0;0;2;8;11;A01
201400057765;0;31;0;0;0;2;1;B01
201400057766;0;7;0;0;2;4;1;B01
201400057766;0;34;0;0;2;3;1;A01
201400057767;0;7;0;0;2;5;1;C01
201400057767;0;33;0;0;2;2;3;A01
201400057767;0;7;0;0;2;8;1;B01
201400057768;0;7;0;0;2;8;11;A01
201400057768;0;32;0;0;2;2;3;B01
201400057769;0;7;0;0;2;1;1;A01
201400057769;0;33;0;0;2;4;1;B01
201400057769;0;7;0;0;2;4;1;C01
201400057770;0;33;0;0;2;3;1;A01
201400057770;1;7;0;0;2;5;12;Z01
201400057771;1;7;0;0;2;0;11;Z01
201400057771;0;33;0;0;2;8;12;A01
201400057771;0;7;0;0;2;6;1;B01
201400057772;0;7;0;0;2;1;2;A01
201400057772;0;7;0;0;2;4;2;B01
201400057773;0;10;0;0;2;8;13;A01
201400057773;0;33;0;4;2;7;1;B01
201400057774;0;33;0;0;2;7;3;A01
201400057774;0;10;0;0;2;2;12;B01
201400057775;0;7;0;0;2;1;2;A01
201400057775;0;7;0;0;2;4;2;C01
201400057775;0;10;0;0;2;4;2;B01
201400057776;0;13;0;0;2;8;11;B01
201400057776;0;17;0;0;2;2;12;A01
201400057777;0;7;0;0;2;5;23;B01
201400057777;0;33;0;0;2;3;1;A01
201400057778;0;33;0;0;0;0;1;A01
201400057779;0;7;0;0;0;1;1;A01
201400057780;0;34;0;0;2;1;1;A01
201400057780;0;7;0;0;2;4;23;B01
201400057781;0;7;0;0;2;1;1;A01
201400057781;0;7;0;0;2;4;1;C01
201400057781;0;7;0;0;2;9;1;B01
201400057782;0;7;0;0;2;7;13;A01
201400057782;0;34;0;0;2;1;1;B01
201400057783;0;15;0;0;2;2;1;B01
201400057783;0;7;0;0;2;8;11;A01
201400057784;0;10;0;0;2;1;1;A01
201400057784;0;10;0;0;2;4;1;B01
201400057785;0;7;0;3;0;1;1;A01
201400057786;0;33;0;0;0;3;3;A01
201400057787;0;31;0;0;0;8;1;A01
201400057788;0;7;0;4;0;6;1;A01
201400057789;0;32;0;0;2;2;3;A01
201400057789;0;10;0;0;2;3;13;B01
201400057790;0;31;0;0;2;2;1;A01
201400057790;0;10;0;0;2;6;1;B01
201400057791;0;7;0;0;2;2;23;E01
201400057791;0;7;0;0;2;9;23;B01
201400057791;0;7;0;0;2;1;1;A01
201400057791;0;38;26;0;2;3;23;D01
201400057791;0;7;0;0;2;2;23;C01
201400057792;0;7;0;0;2;6;1;B01
201400057792;0;33;0;0;2;1;1;A01
201400057793;0;7;0;0;2;2;1;A01
201400057793;0;7;0;0;2;2;23;C01
201400057793;0;7;0;0;2;6;23;B01
201400057794;0;31;0;0;2;1;3;A01
201400057794;0;7;0;0;2;5;23;B01
201400057795;0;7;0;0;2;1;2;A01
201400057795;0;7;0;0;2;4;23;B01
201400057796;0;7;0;0;2;4;2;B01
201400057796;0;7;0;0;2;1;2;C01
201400057796;0;7;0;0;2;1;2;A01
201400057797;0;31;0;0;2;1;3;B01
201400057797;0;7;0;0;2;5;12;A01
201400057798;0;7;0;0;2;4;23;C01
201400057798;0;7;0;0;2;1;2;A01
201400057798;0;7;0;0;2;4;23;B01
201400057798;0;7;0;0;2;4;23;D01
201400057799;0;7;0;0;2;1;2;A01
201400057799;0;7;0;0;2;4;23;D01
201400057799;0;7;0;0;2;6;23;C01
201400057799;0;7;0;0;2;4;2;B01
201400057800;0;7;0;0;2;6;23;B01
201400057800;0;7;0;0;2;2;2;A01
201400057801;0;32;0;0;9;0;1;A01
201400057802;0;15;0;0;2;2;14;A01
201400057802;0;7;0;0;2;6;1;B01
201400057803;0;32;0;0;2;1;3;A01
201400057803;0;7;0;0;2;5;1;B01
201400057804;0;31;0;0;2;2;3;A01
201400057804;0;7;0;0;2;6;11;B01
201400057805;0;7;0;0;2;5;1;B01
201400057805;0;31;0;0;2;3;13;A01
201400057806;0;32;0;0;2;1;2;A01
201400057806;0;7;0;0;2;6;2;B01
201400057807;0;33;0;0;0;7;1;A01
201400057808;0;31;0;0;9;1;1;A01
201400057809;0;15;0;0;2;7;1;A01
201400057809;0;7;0;0;2;6;9;B01
201400057810;0;7;0;0;2;3;11;A01
201400057810;0;32;0;0;2;2;1;B01
201400057811;0;7;0;0;2;6;11;A01
201400057811;0;17;0;0;2;2;1;B01
201400057812;0;7;0;0;2;5;1;B01
201400057812;0;30;0;0;2;1;3;A01
201400057813;0;34;0;0;2;7;1;C01
201400057813;0;7;0;0;2;4;1;B01
201400057813;0;17;0;0;2;1;1;A01
201400057814;1;7;0;0;2;2;12;Z01
201400057814;0;7;0;4;2;8;1;A01
201400057815;0;31;0;0;2;8;3;B01
201400057815;0;7;0;0;2;2;12;A01
201400057816;0;32;0;0;2;3;1;A01
201400057816;0;7;0;0;2;5;1;B01
201400057817;0;7;0;0;2;3;13;A01
201400057817;0;15;0;0;2;2;1;B01
201400057818;0;7;0;0;2;2;12;A01
201400057818;0;33;0;0;2;3;1;B01
201400057819;0;7;0;0;2;1;1;C01
201400057819;0;7;0;0;2;2;1;A01
201400057819;0;7;0;0;2;4;1;B01
201400057820;0;7;0;4;2;9;2;A01
201400057820;0;7;0;0;2;4;2;B01
201400057821;0;7;0;0;2;8;1;B01
201400057821;0;7;0;4;2;2;14;A01
201400057822;0;32;0;0;2;2;3;A01
201400057822;1;7;0;0;2;6;11;Z01
201400057823;0;13;0;0;2;7;12;A01
201400057823;0;31;0;4;2;8;1;B01
201400057824;0;7;0;4;2;8;1;C01
201400057824;0;7;0;0;2;4;1;B01
201400057824;0;7;0;4;2;1;1;A01
201400057825;0;7;0;0;2;3;1;A01
201400057825;0;33;0;0;2;6;11;C01
201400057825;0;7;0;0;2;6;1;B01
201400057826;0;34;0;4;0;8;3;A01
201400057827;0;33;0;0;2;4;1;B01
201400057827;0;7;0;0;2;4;1;A01
201400057827;0;7;0;0;2;1;1;C01
201400057828;1;7;0;0;2;1;9;Z01
201400057828;0;33;0;0;2;7;1;A01
201400057829;0;7;0;4;0;1;1;A01
201400057830;0;7;0;0;2;4;1;C01
201400057830;0;7;0;0;2;1;1;A01
201400057830;0;7;0;0;2;4;1;B01
201400057831;0;33;0;0;2;2;3;A01
201400057831;0;7;0;0;2;6;11;B01
201400057832;0;7;0;0;2;2;12;A01
201400057832;0;32;0;0;2;8;1;B01
201400057833;0;31;0;0;2;2;3;A01
201400057833;0;7;0;0;2;6;11;B01
201400057834;0;7;0;4;0;1;13;A01
201400057835;0;7;0;4;2;6;1;A01
201400057835;1;15;0;0;2;2;12;Z01
201400057836;0;7;0;0;2;5;12;A01
201400057836;0;31;0;0;2;1;3;B01
201400057837;0;7;0;0;2;6;11;A01
201400057837;0;33;0;0;2;1;3;B01
201400057838;0;34;0;0;2;1;2;A01
201400057838;0;7;0;0;2;4;23;B01
201400057839;0;7;0;0;2;5;12;B01
201400057839;0;33;0;4;2;1;3;A01
201400057840;0;7;0;0;2;4;2;B01
201400057840;0;7;0;0;2;1;2;C01
201400057840;0;7;0;0;2;1;2;A01
201400057841;0;7;0;0;2;1;2;B01
201400057841;0;7;0;0;2;4;2;C01
201400057841;0;7;0;0;2;3;23;A01
201400057842;0;31;0;0;0;0;1;A01
201400057843;0;10;0;4;0;5;14;A01
201400057844;0;10;0;0;2;4;2;C01
201400057844;0;7;0;4;2;1;2;A01
201400057844;0;7;0;0;2;4;2;B01
201400057845;0;31;0;0;2;4;2;A01
201400057845;0;7;0;0;2;4;2;B01
201400057846;0;7;0;0;2;6;13;A01
201400057846;0;33;0;0;2;2;1;B01
201400057847;0;7;0;0;2;3;1;B01
201400057847;0;10;0;0;2;2;12;A01
201400057848;0;10;0;0;2;8;11;A01
201400057848;0;33;0;0;2;2;1;B01
201400057849;0;32;0;0;2;1;3;A01
201400057849;0;10;0;0;2;5;12;B01
201400057850;0;10;0;0;2;4;2;B01
201400057850;0;7;0;0;2;1;2;A01
201400057851;0;33;0;0;2;2;1;B01
201400057851;0;7;0;0;2;8;11;A01
201400057852;0;14;0;0;2;8;1;C01
201400057852;0;31;0;0;2;3;1;B01
201400057852;0;7;0;0;2;7;12;A01
201400057853;0;33;0;0;2;2;3;A01
201400057853;0;7;0;0;2;6;1;B01
201400057854;0;2;0;0;2;4;3;A01
201400057854;1;7;0;0;2;5;12;Z01
201400057855;0;7;0;0;2;7;12;A01
201400057855;0;30;0;0;2;8;1;B01
201400057856;0;15;0;0;2;2;1;B01
201400057856;0;7;0;0;2;3;1;C01
201400057856;0;7;0;0;2;6;13;A01
201400057857;0;7;0;3;2;5;14;B01
201400057857;0;32;0;0;2;3;3;A01
201400057858;0;31;0;0;2;8;11;A01
201400057858;0;17;0;0;2;2;1;B01
201400057859;0;32;0;0;2;2;2;A01
201400057859;0;7;0;0;2;6;2;B01
201400057860;1;7;0;0;2;0;12;Z01
201400057860;0;33;0;0;2;0;3;A01
201400057861;0;7;0;0;2;5;1;C01
201400057861;0;34;0;0;2;7;1;B01
201400057861;0;10;0;0;2;8;13;A01
201400057862;0;17;0;0;2;1;1;B01
201400057862;0;7;0;0;2;4;1;A01
201400057863;0;7;0;0;2;4;23;C01
201400057863;0;15;0;0;2;1;2;A01
201400057863;0;10;0;0;2;4;2;B01
201400057864;0;7;0;0;2;6;1;B01
201400057864;0;33;0;0;2;3;12;A01
201400057865;0;7;0;0;2;5;17;A01
201400057865;0;7;0;0;2;3;1;B01
201400057866;0;33;0;0;0;0;1;A01
201400057867;0;33;0;0;2;2;3;A01
201400057867;0;7;0;0;2;5;1;C01
201400057867;0;7;0;0;2;8;1;D01
201400057867;0;31;0;0;2;8;11;B01
201400057868;0;33;0;4;2;8;3;A01
201400057868;1;7;0;0;2;7;12;Z01
201400057869;0;7;0;0;2;6;12;B01
201400057869;0;33;0;0;2;2;3;A01
201400057870;0;7;0;0;2;2;1;B01
201400057870;0;31;0;0;2;3;11;A01
201400057871;0;10;0;0;2;1;1;A01
201400057871;0;7;0;0;2;4;1;B01
201400057872;0;10;0;0;2;1;1;A01
201400057872;0;34;0;0;2;1;1;D01
201400057872;0;10;0;0;2;4;1;B01
201400057872;0;38;3;0;2;1;1;C01
201400057873;0;14;0;0;2;2;12;A01
201400057873;0;7;0;0;2;6;1;B01
201400057874;0;32;0;0;9;1;1;A01
201400057875;0;33;0;0;2;1;3;B01
201400057875;0;7;0;0;2;6;11;A01
201400057876;0;33;0;0;2;1;2;A01
201400057876;0;7;0;0;2;4;2;B01
201400057877;0;7;0;0;2;7;1;D01
201400057877;0;7;0;0;2;8;2;B01
201400057877;0;34;0;0;2;1;3;A01
201400057877;0;7;0;0;2;8;2;C01
201400057878;0;10;0;0;2;1;2;A01
201400057878;0;7;0;0;2;4;23;B01
201400057879;0;7;0;0;2;8;1;B01
201400057879;0;15;0;0;2;7;12;A01
201400057880;0;7;0;0;2;2;12;A01
201400057880;0;33;0;0;2;3;3;B01
201400057881;0;33;0;0;2;1;2;A01
201400057881;0;17;0;0;2;8;1;C01
201400057881;0;31;0;0;2;4;2;B01
201400057882;0;7;0;0;2;1;13;A01
201400057882;0;7;0;4;2;5;1;B01
201400057883;0;7;0;0;2;7;14;A01
201400057883;0;31;0;0;2;8;1;B01
201400057884;1;14;0;0;2;7;1;Z01
201400057884;0;33;0;4;2;8;1;A01
201400057885;0;31;0;0;0;8;13;A01
201400057886;0;7;0;0;2;5;1;B01
201400057886;0;34;0;0;2;1;3;A01
201400057887;0;31;0;0;0;0;1;A01
201400057888;0;33;0;0;2;6;3;B01
201400057888;0;34;0;0;2;2;3;A01
201400057889;0;7;0;0;2;4;1;A01
201400057889;1;7;0;0;2;1;1;Z01
201400057890;0;7;0;0;2;7;12;A01
201400057890;0;33;0;0;2;8;3;B01
201400057891;0;32;0;0;2;7;1;B01
201400057891;0;7;0;0;2;8;11;A01
201400057892;0;33;0;0;2;2;3;A01
201400057892;0;7;0;0;2;6;1;B01
201400057893;0;31;0;0;2;3;1;A01
201400057893;0;7;0;0;2;5;23;B01
201400057894;0;7;0;0;2;6;11;A01
201400057894;0;33;0;0;2;1;3;B01
201400057895;0;32;0;0;0;0;1;A01
201400057896;0;7;0;0;2;8;11;A01
201400057896;0;33;0;0;2;7;3;B01
201400057897;0;7;0;0;2;1;1;A01
201400057897;0;7;0;1;2;4;1;B01
201400057897;0;10;0;0;2;1;1;E01
201400057897;0;7;0;0;2;4;1;C01
201400057897;0;10;0;0;2;1;1;D01
201400057898;0;34;0;0;2;7;1;B01
201400057898;0;7;0;0;2;3;21;A01
201400057899;0;7;0;0;2;1;1;A01
201400057899;0;7;0;0;2;4;23;B01
201400057900;1;7;0;0;2;0;12;Z01
201400057900;0;33;0;0;2;2;1;A01
201400057901;0;33;0;0;2;2;1;A01
201400057901;0;7;0;0;2;6;23;B01
201400057902;0;32;0;4;0;8;1;A01
201400057903;0;7;0;0;2;7;12;B01
201400057903;0;33;0;0;2;3;3;A01
201400057904;0;32;0;0;2;8;1;A01
201400057904;0;7;0;0;2;4;23;B01
201400057905;0;7;0;0;2;8;11;A01
201400057905;0;34;0;0;2;2;1;B01
201400057906;0;7;0;0;2;1;1;A01
201400057906;0;7;0;0;2;4;1;B01
201400057907;0;7;0;0;2;5;1;B01
201400057907;0;7;0;0;2;3;1;A01
201400057908;0;33;0;0;2;3;3;A01
201400057908;1;10;0;0;2;0;14;Z01
201400057909;0;7;0;0;2;4;2;C01
201400057909;0;7;0;0;2;1;2;A01
201400057909;0;7;0;0;2;4;23;B01
201400057910;0;7;0;0;2;1;1;A01
201400057910;0;7;0;0;2;4;23;B01
201400057911;0;7;0;0;2;2;12;A01
201400057911;0;7;0;4;2;3;1;B01
201400057912;0;32;0;0;2;2;3;B01
201400057912;0;7;0;0;2;2;12;A01
201400057913;0;15;0;0;2;2;1;B01
201400057913;0;7;0;0;2;1;1;C01
201400057913;0;7;0;4;2;8;11;A01
201400057914;0;33;0;0;2;3;1;A01
201400057914;1;7;0;0;2;5;12;Z01
201400057915;0;7;0;0;2;9;23;B01
201400057915;0;7;0;0;2;4;23;C01
201400057915;0;7;0;0;2;1;1;A01
201400057916;0;32;0;0;2;2;3;B01
201400057916;0;7;0;0;2;6;11;A01
201400057917;0;7;0;0;2;7;12;A01
201400057917;0;34;0;0;2;3;3;B01
201400057917;0;10;0;0;2;5;1;C01
201400057918;0;7;0;0;2;2;12;A01
201400057918;0;34;0;0;2;4;3;C01
201400057918;0;33;0;0;2;8;3;B01
201400057919;0;33;0;0;0;0;11;A01
201400057920;0;7;0;0;2;8;11;A01
201400057920;0;17;0;0;2;2;1;B01
201400057921;0;33;0;0;2;2;3;B01
201400057921;0;7;0;0;2;8;11;A01
201400057922;1;10;0;0;2;8;11;Z01
201400057922;0;33;0;4;2;7;1;A01
201400057923;0;33;0;0;2;3;3;B01
201400057923;0;10;0;0;2;5;12;A01
201400057924;0;33;0;0;2;3;3;B01
201400057924;0;7;0;0;2;2;12;A01
201400057925;0;7;0;0;2;8;2;B01
201400057925;0;17;0;0;2;2;13;A01
201400057926;0;7;0;0;2;1;2;A01
201400057926;0;7;0;0;2;4;2;C01
201400057926;0;7;0;0;2;4;2;B01
201400057927;0;7;0;0;2;6;11;A01
201400057927;0;32;0;0;2;2;1;B01
201400057928;0;31;0;0;2;3;3;A01
201400057928;1;7;0;0;2;5;14;Z01
201400057929;0;7;0;0;2;5;12;B01
201400057929;0;34;0;0;2;1;3;A01
201400057930;0;7;0;4;2;3;1;A01
201400057930;1;7;0;0;2;0;14;Z01
201400057931;0;7;0;0;2;1;2;A01
201400057931;0;7;0;0;2;4;2;B01
201400057932;0;32;0;0;2;8;3;A01
201400057932;1;7;0;0;2;7;14;Z01
201400057932;0;7;0;0;2;0;1;B01
201400057933;0;7;0;0;2;7;12;A01
201400057933;0;34;0;0;2;3;1;B01
201400057934;0;7;0;0;1;1;1;A01
201400057935;0;33;0;0;2;7;1;B01
201400057935;0;10;0;0;2;3;11;A01
201400057936;0;33;0;0;2;7;1;A01
201400057936;1;7;0;0;2;0;11;Z01
201400057937;0;7;0;4;0;2;14;A01
201400057938;0;31;0;4;2;2;1;B01
201400057938;0;7;0;0;2;3;11;A01
201400057939;0;33;0;0;2;1;3;B01
201400057939;0;7;0;0;2;3;11;A01
201400057940;0;31;0;12;0;1;14;A01
201400057941;0;7;0;4;2;8;1;B01
201400057941;0;15;0;0;2;2;12;A01
201400057942;0;33;0;0;0;0;3;A01
201400057943;0;7;0;0;2;1;2;A01
201400057943;0;7;0;0;2;4;2;C01
201400057943;0;31;0;0;2;1;2;B01
201400057944;0;33;0;0;2;1;2;A01
201400057944;0;7;0;0;2;5;2;B01
201400057945;0;7;0;0;2;3;11;A01
201400057945;0;31;0;4;2;7;3;B01
201400057946;0;34;0;0;0;1;1;A01
201400057947;0;7;0;0;2;4;2;B01
201400057947;0;10;0;0;2;1;2;A01
201400057948;0;7;0;4;2;6;1;A01
201400057948;1;17;0;0;2;2;14;Z01
201400057949;0;32;0;0;2;1;2;A01
201400057949;0;7;0;0;2;2;2;B01
201400057950;0;7;0;4;2;2;11;A01
201400057950;0;7;0;0;2;6;1;B01
201400057951;0;33;0;0;2;3;2;A01
201400057951;0;7;0;0;2;5;2;B01
201400057952;1;7;0;0;2;8;11;Z01
201400057952;0;33;0;4;2;7;1;A01
201400057953;2;7;0;0;2;2;12;Z01
201400057953;0;34;0;0;2;3;1;A01
201400057954;0;34;0;0;2;8;18;A01
201400057954;1;7;0;0;2;7;14;Z01
201400057955;0;7;0;0;2;4;2;B01
201400057955;0;7;0;0;2;1;2;A01
201400057955;0;7;0;0;2;3;1;C01
201400057956;0;33;0;0;2;2;1;B01
201400057956;0;7;0;0;2;6;12;A01
201400057957;0;31;0;0;2;1;3;A01
201400057957;0;7;0;0;2;7;1;B01
201400057958;0;10;0;0;2;0;12;A01
201400057958;0;7;0;0;2;6;1;C01
201400057958;0;33;0;0;2;1;3;B01
201400057958;0;7;0;0;2;4;23;D01
201400057959;0;33;0;0;2;1;1;B01
201400057959;0;7;0;0;2;3;11;A01
201400057960;0;34;0;0;1;1;1;A01
201400057961;0;7;0;0;2;3;11;B01
201400057961;0;10;0;0;2;5;1;C01
201400057961;0;33;0;0;2;2;3;A01
201400057962;0;33;0;0;2;1;3;B01
201400057962;0;7;0;0;2;5;12;A01
201400057963;0;7;0;4;2;1;13;A01
201400057963;0;7;0;0;2;3;1;B01
201400057964;0;15;0;0;2;4;2;B01
201400057964;0;7;0;0;2;1;2;A01
201400057965;0;7;0;0;2;4;2;A01
201400057965;1;7;0;0;2;1;2;Z01
201400057965;0;7;0;0;2;4;2;B01
201400057966;0;10;0;0;2;4;2;B01
201400057966;0;15;0;0;2;1;2;A01
201400057967;0;7;0;0;2;4;2;C01
201400057967;0;7;0;0;2;4;2;B01
201400057967;0;7;0;0;2;1;2;A01
201400057968;0;31;0;0;0;0;1;A01
201400057969;0;30;0;0;0;0;1;A01
201400057970;0;7;0;0;2;1;2;A01
201400057970;0;17;0;0;2;4;2;B01
201400057971;0;31;0;0;0;7;1;A01
201400057972;0;33;0;0;2;1;2;A01
201400057972;0;7;0;0;2;4;2;B01
201400057973;0;7;0;0;2;3;13;A01
201400057973;0;7;0;0;2;2;1;B01
201400057974;0;7;0;0;2;3;11;A01
201400057974;0;10;0;0;2;5;23;C01
201400057974;0;33;0;0;2;2;3;B01
201400057975;0;7;0;0;2;1;2;B01
201400057975;0;7;0;0;2;4;2;C01
201400057975;1;7;0;0;2;0;1;A01
201400057976;0;31;0;0;2;1;12;A01
201400057976;0;7;0;0;2;4;1;B01
201400057977;0;7;0;0;2;4;23;C01
201400057977;0;10;0;0;2;4;23;B01
201400057977;0;7;0;0;2;1;2;A01
201400057978;0;7;0;0;2;4;23;B01
201400057978;0;7;0;0;2;1;1;A01
201400057978;0;7;0;0;2;4;23;C01
201400057979;0;33;0;4;2;7;3;B01
201400057979;0;7;0;0;2;8;11;A01
201400057980;0;33;0;14;2;2;11;A01
201400057980;0;17;0;0;2;6;11;B01
201400057981;0;33;0;0;2;1;1;A01
201400057981;0;10;0;0;2;6;11;B01
201400057982;0;7;0;0;2;4;2;C01
201400057982;0;7;0;0;2;1;2;A01
201400057982;0;7;0;0;2;4;2;B01
201400057983;0;7;0;0;2;8;1;B01
201400057983;0;7;0;0;2;5;1;A01
201400057984;0;7;0;0;2;1;16;A01
201400057984;0;7;0;0;2;4;1;B01
201400057985;0;7;0;0;2;1;2;A01
201400057985;0;7;0;0;2;4;2;B01
201400057985;0;7;0;0;2;4;2;C01
201400057985;0;7;0;0;2;4;2;D01
201400057986;0;7;0;0;2;4;23;B01
201400057986;0;7;0;0;2;1;2;A01
201400057987;0;10;0;0;2;6;11;B01
201400057987;0;33;0;0;2;1;11;A01
201400057988;0;31;0;0;2;2;3;A01
201400057988;0;7;0;0;2;8;1;B01
201400057989;0;7;0;0;2;1;2;A01
201400057989;0;7;0;0;2;4;2;B01
201400057989;0;7;0;0;2;1;2;C01
201400057989;0;7;0;0;2;4;2;D01
201400057990;0;7;0;0;2;3;11;A01
201400057990;0;32;0;0;2;2;3;B01
201400057991;0;7;0;0;2;1;2;A01
201400057991;0;31;0;0;2;4;2;B01
201400057992;1;7;0;0;2;1;12;Z01
201400057992;0;7;0;0;2;2;1;A01
201400057992;0;10;0;0;2;7;1;B01
201400057993;0;32;0;0;0;0;1;A01
201400057994;0;10;0;0;2;4;2;B01
201400057994;0;31;0;0;2;1;2;A01
201400057995;0;33;0;0;2;1;2;A01
201400057995;0;7;0;0;2;0;2;B01
201400057996;0;7;0;0;2;1;2;A01
201400057996;0;7;0;0;2;4;2;B01
201400057997;0;10;0;0;2;2;1;C01
201400057997;0;7;0;0;2;3;1;B01
201400057997;0;14;0;0;2;2;12;A01
201400057998;0;7;0;0;2;4;23;B01
201400057998;0;31;0;0;2;1;11;A01
201400057999;0;33;0;0;0;1;1;A01
201400058000;0;33;0;14;0;8;1;A01
201400058001;0;33;0;0;2;4;1;A01
201400058001;0;7;0;0;2;3;1;B01
201400058002;0;7;0;0;2;4;2;B01
201400058002;0;7;0;0;2;1;2;A01
201400058003;0;7;0;0;2;7;12;A01
201400058003;0;32;0;0;2;8;3;B01
201400058004;0;7;0;0;2;7;1;B01
201400058004;0;31;0;0;2;8;3;A01
201400058005;0;33;0;0;2;1;1;A01
201400058005;0;7;0;0;2;5;1;B01
201400058005;0;7;0;0;2;5;1;C01
201400058006;0;33;0;0;2;1;2;A01
201400058006;0;7;0;0;2;4;2;B01
201400058007;0;33;0;0;0;0;1;A01
201400058008;0;7;0;0;2;1;2;A01
201400058008;0;7;0;0;2;4;2;B01
201400058009;0;31;0;0;2;8;3;A01
201400058009;1;7;0;0;2;7;12;Z01
201400058010;0;31;0;0;0;8;1;A01
201400058011;0;7;0;0;2;8;13;A01
201400058011;0;33;0;0;2;2;1;B01
201400058012;0;7;0;0;2;6;11;A01
201400058012;0;31;0;0;2;1;3;B01
201400058013;0;14;0;0;2;6;2;B01
201400058013;0;33;0;0;2;1;2;A01
201400058014;0;33;0;12;2;3;1;B01
201400058014;0;10;0;0;2;5;12;A01
201400058015;0;31;0;0;2;1;3;A01
201400058015;0;10;0;0;2;6;1;B01
201400058016;0;7;0;0;2;1;2;A01
201400058016;0;7;0;0;2;4;2;B01
201400058017;0;7;0;0;2;1;2;A01
201400058017;0;7;0;0;2;4;2;B01
201400058018;0;7;0;0;2;6;11;A01
201400058018;0;33;0;0;2;2;3;B01
201400058019;0;31;0;0;2;4;23;C01
201400058019;0;7;0;0;2;1;1;A01
201400058019;0;7;0;0;2;4;23;B01
201400058020;0;7;0;3;0;1;1;A01
201400058021;0;7;0;0;2;6;23;A01
201400058021;1;7;0;0;2;2;18;Z01
201400058022;0;7;0;0;2;1;1;A01
201400058022;0;7;0;0;2;4;1;B01
201400058023;0;31;0;0;0;2;14;A01
201400058024;0;7;0;0;2;2;1;D01
201400058024;0;33;0;0;2;7;3;C01
201400058024;0;7;0;0;2;0;14;A01
201400058024;0;7;0;0;2;8;14;B01
201400058025;0;33;0;3;0;7;1;A01
201400058026;0;10;0;0;2;1;2;A01
201400058026;0;7;0;0;2;4;2;B01
201400058027;0;10;0;0;2;2;12;A01
201400058027;0;10;0;0;2;3;1;B01
201400058028;0;10;0;0;2;5;2;B01
201400058028;0;34;0;0;2;1;2;A01
201400058029;0;33;0;0;0;7;1;A01
201400058030;0;7;0;0;2;0;11;A01
201400058030;0;7;0;0;2;2;23;C01
201400058030;0;33;0;0;2;8;3;B01
201400058031;0;7;0;0;2;1;1;A01
201400058031;0;33;0;0;2;4;23;B01
201400058032;0;7;0;0;2;6;1;B01
201400058032;0;7;0;0;2;4;1;C01
201400058032;0;7;0;0;2;1;1;E01
201400058032;0;7;0;0;2;1;1;A01
201400058032;0;7;0;0;2;1;1;D01
201400058033;0;33;0;0;0;7;3;A01
201400058034;1;10;0;0;2;6;11;Z01