num_acc;senc;catv;occutc;obs;obsm;choc;manv;num_veh
201400058034;0;33;0;0;2;2;3;A01
201400058035;0;10;0;0;2;9;23;C01
201400058035;0;10;0;0;2;4;23;D01
201400058035;0;7;0;0;2;9;23;B01
201400058035;0;7;0;0;2;1;2;A01
201400058036;0;10;0;0;2;4;2;B01
201400058036;0;7;0;0;2;4;2;C01
201400058036;1;10;0;0;2;1;2;Z01
201400058036;0;7;0;0;2;1;2;A01
201400058037;0;7;0;0;2;4;2;A01
201400058037;1;7;0;0;2;1;2;Z01
201400058038;0;34;0;0;2;8;1;A01
201400058038;0;7;0;1;2;5;12;B01
201400058039;0;10;0;0;2;3;13;A01
201400058039;0;32;0;0;2;8;14;B01
201400058040;0;7;0;0;2;4;23;C01
201400058040;0;7;0;0;2;1;1;A01
201400058040;0;7;0;0;2;4;23;B01
201400058041;0;7;0;0;2;2;12;A01
201400058041;0;32;0;0;2;8;1;B01
201400058042;0;31;0;15;0;1;1;A01
201400058043;0;10;0;0;2;2;1;A01
201400058043;0;10;0;0;2;6;1;B01
201400058044;0;7;0;0;2;4;1;B01
201400058044;0;7;0;0;2;1;1;A01
201400058045;0;7;0;0;2;5;12;A01
201400058045;0;31;0;0;2;1;3;B01
201400058046;0;7;0;0;2;5;12;A01
201400058046;0;33;0;0;2;3;1;B01
201400058047;0;7;0;0;2;4;23;C01
201400058047;0;7;0;0;2;1;1;A01
201400058047;0;7;0;0;2;4;23;B01
201400058048;0;7;0;0;2;6;1;B01
201400058048;0;33;0;0;2;1;1;A01
201400058049;0;33;0;2;2;2;11;B01
201400058049;0;7;0;2;2;6;11;A01
201400058050;0;7;0;0;2;4;1;B01
201400058050;0;33;0;0;2;1;11;A01
201400058051;0;33;0;0;2;3;3;B01
201400058051;0;7;0;0;2;2;12;A01
201400058052;0;7;0;0;2;7;12;A01
201400058052;0;7;0;0;2;5;1;C01
201400058052;0;33;0;0;2;3;3;B01
201400058053;0;7;0;0;2;3;11;A01
201400058053;0;33;0;0;2;7;1;B01
201400058054;0;33;0;0;2;4;3;B01
201400058054;0;2;0;0;2;1;3;A01
201400058055;0;33;0;0;0;4;1;A01
201400058056;0;10;0;0;2;8;12;A01
201400058056;0;34;0;0;2;7;1;B01
201400058057;0;7;0;0;2;1;2;A01
201400058057;0;7;0;0;2;4;23;B01
201400058057;0;7;0;0;2;4;23;C01
201400058058;0;7;0;0;2;4;2;C01
201400058058;0;32;0;4;2;1;11;A01
201400058058;0;10;0;0;2;1;2;B01
201400058059;1;7;0;0;2;0;11;Z01
201400058059;0;33;0;0;2;7;3;A01
201400058060;0;32;0;0;2;7;3;B01
201400058060;0;7;0;0;2;3;11;A01
201400058061;0;7;0;0;2;4;23;B01
201400058061;0;7;0;0;2;1;2;A01
201400058061;0;7;0;0;2;4;23;C01
201400058062;1;7;0;0;2;1;2;Z01
201400058062;0;7;0;0;2;4;23;A01
201400058062;0;7;0;0;2;4;23;B01
201400058063;0;7;0;4;0;8;13;A01
201400058064;0;33;0;0;0;0;1;A01
201400058065;0;7;0;0;2;4;23;B01
201400058065;0;7;0;0;2;4;23;C01
201400058065;0;7;0;0;2;1;2;A01
201400058066;0;7;0;0;2;4;1;B01
201400058066;0;10;0;0;2;1;1;A01
201400058067;0;10;0;0;2;1;2;A01
201400058067;0;33;0;0;2;1;3;C01
201400058067;0;34;0;0;2;4;2;B01
201400058068;0;7;0;0;2;3;2;A01
201400058068;0;7;0;0;2;5;23;B01
201400058069;0;7;0;0;2;4;23;C01
201400058069;0;31;0;0;2;1;3;A01
201400058069;0;10;0;0;2;5;23;B01
201400058070;0;7;0;0;2;4;12;A01
201400058070;0;31;0;0;2;7;3;B01
201400058071;1;10;0;0;2;5;14;Z01
201400058071;1;33;0;0;2;6;3;A01
201400058072;0;7;0;0;2;2;2;A01
201400058072;0;33;0;0;2;4;2;B01
201400058073;0;33;0;0;2;2;1;B01
201400058073;0;38;1;0;2;3;13;A01
201400058074;0;33;0;0;2;1;3;A01
201400058074;0;33;0;0;2;4;3;B01
201400058075;0;7;0;0;2;2;12;A01
201400058075;0;34;0;0;2;8;3;B01
201400058076;0;33;0;0;0;0;3;A01
201400058077;0;33;0;0;2;2;3;A01
201400058077;1;7;0;0;2;8;11;Z01
201400058078;0;7;0;0;2;9;1;B01
201400058078;0;7;0;0;2;1;1;C01
201400058078;0;15;0;0;2;2;12;A01
201400058079;0;10;0;0;2;3;11;A01
201400058079;0;33;0;0;2;2;1;B01
201400058080;0;7;0;0;2;6;1;B01
201400058080;0;33;0;0;2;1;11;A01
201400058081;0;7;0;0;2;6;1;C01
201400058081;0;7;0;0;2;2;12;B01
201400058081;0;31;0;0;2;1;3;A01
201400058082;0;32;0;0;2;1;2;A01
201400058082;0;7;0;0;2;5;23;B01
201400058083;0;34;0;4;2;3;2;A01
201400058083;0;7;0;0;2;5;2;B01
201400058084;0;7;0;0;2;4;1;C01
201400058084;0;7;0;0;2;8;11;A01
201400058084;0;33;0;0;2;7;3;B01
201400058085;0;31;0;0;0;8;1;A01
201400058086;0;7;0;0;2;5;2;B01
201400058086;0;7;0;0;2;3;2;A01
201400058087;0;31;0;0;0;8;3;A01
201400058088;0;33;0;0;2;2;3;B01
201400058088;0;7;0;0;2;3;1;C01
201400058088;0;7;0;0;2;3;11;A01
201400058089;1;7;0;0;2;0;2;Z01
201400058089;0;7;0;4;2;4;2;A01
201400058090;0;7;0;0;2;2;14;A01
201400058090;0;7;0;4;2;6;1;B01
201400058090;0;7;0;0;2;0;1;C01
201400058091;0;10;0;0;2;4;2;B01
201400058091;0;7;0;0;2;4;2;C01
201400058091;0;7;0;0;2;1;2;A01
201400058091;0;7;0;0;2;1;2;D01
201400058092;0;7;0;0;2;8;13;A01
201400058092;0;33;0;8;2;7;1;B01
201400058093;0;7;0;0;2;3;11;A01
201400058093;0;33;0;0;2;7;1;B01
201400058094;0;7;0;0;2;6;2;B01
201400058094;0;33;0;0;2;2;2;A01
201400058095;0;33;0;0;2;2;3;A01
201400058095;1;7;0;0;2;0;11;Z01
201400058096;0;33;0;0;2;7;1;B01
201400058096;0;7;0;0;2;8;11;A01
201400058097;0;33;0;0;2;7;3;B01
201400058097;0;7;0;0;2;8;13;A01
201400058098;0;10;0;0;2;3;1;B01
201400058098;0;7;0;0;2;7;12;A01
201400058098;0;7;0;3;2;8;1;C01
201400058099;0;7;0;0;2;6;11;A01
201400058099;0;33;0;0;2;2;3;B01
201400058100;0;7;0;0;2;4;2;C01
201400058100;0;7;0;0;2;4;2;B01
201400058100;0;10;0;0;2;4;2;D01
201400058100;0;7;0;0;2;1;2;A01
201400058101;0;10;0;0;2;3;11;A01
201400058101;0;7;0;4;2;2;1;B01
201400058102;0;7;0;0;2;7;12;A01
201400058102;0;33;0;0;2;8;3;B01
201400058103;0;7;0;0;2;4;2;B01
201400058103;0;7;0;0;2;4;2;D01
201400058103;0;7;0;0;2;4;2;C01
201400058103;0;7;0;0;2;1;2;A01
201400058104;0;7;0;0;2;8;11;A01
201400058104;0;33;0;0;2;2;1;B01
201400058105;0;7;0;0;2;7;12;A01
201400058105;0;31;0;0;2;8;3;B01
201400058106;0;33;0;0;2;1;2;A01
201400058106;0;10;0;0;2;4;2;B01
201400058107;0;7;0;0;2;6;1;C01
201400058107;0;31;0;0;2;1;3;A01
201400058107;0;33;0;0;2;4;3;B01
201400058108;0;33;0;0;2;3;12;A01
201400058108;0;7;0;0;2;5;1;B01
201400058109;0;33;0;0;2;1;12;A01
201400058109;0;7;0;0;2;6;1;B01
201400058110;0;7;0;0;2;6;11;A01
201400058110;0;33;0;0;2;7;3;B01
201400058111;1;7;0;0;2;3;11;Z01
201400058111;0;33;0;0;2;2;1;A01
201400058112;0;7;0;4;2;4;13;A01
201400058112;0;7;0;0;2;8;1;B01
201400058113;0;7;0;0;2;1;2;A01
201400058113;0;7;0;0;2;4;23;B01
201400058114;1;7;0;0;2;0;14;Z01
201400058114;0;7;0;12;2;0;1;A01
201400058115;0;31;0;0;0;0;3;A01
201400058116;0;10;0;0;2;5;2;B01
201400058116;0;33;0;0;2;1;2;A01
201400058117;0;33;0;0;2;0;3;A01
201400058117;0;10;0;0;2;7;1;B01
201400058118;0;33;0;0;2;3;3;A01
201400058118;1;7;0;0;2;5;12;Z01
201400058119;0;7;0;0;2;4;2;C01
201400058119;0;33;0;0;2;7;2;B01
201400058119;0;7;0;0;2;8;11;A01
201400058120;1;15;0;0;2;0;12;Z01
201400058120;0;7;0;0;2;4;1;B01
201400058120;0;7;0;0;2;5;1;A01
201400058120;0;7;0;4;2;2;1;C01
201400058121;0;7;0;0;2;5;12;A01
201400058121;0;33;0;0;2;8;3;B01
201400058122;0;7;0;0;2;2;12;A01
201400058122;0;33;0;0;2;3;1;B01
201400058123;0;7;0;0;2;3;1;A01
201400058123;1;7;0;0;2;5;1;B01
201400058124;0;31;0;12;0;0;13;A01
201400058125;2;7;0;0;2;7;12;Z01
201400058125;0;33;0;0;2;3;3;A01
201400058126;0;15;0;0;2;2;1;A01
201400058126;0;7;0;0;2;1;1;B01
201400058126;1;7;0;0;2;6;11;Z01
201400058127;0;7;0;0;2;1;1;A01
201400058127;0;7;0;0;2;4;23;C01
201400058127;0;7;0;0;2;4;23;B01
201400058128;0;32;0;0;2;2;1;A01
201400058128;1;7;0;0;2;6;11;Z01
201400058129;0;32;0;0;2;1;3;A01
201400058129;0;7;0;0;2;1;1;B01
201400058129;0;7;0;0;2;0;1;C01
201400058130;0;10;0;0;2;2;1;A01
201400058130;0;34;0;0;2;4;23;B01
201400058131;0;30;0;0;0;0;1;A01
201400058132;0;31;0;0;2;1;3;B01
201400058132;0;7;0;0;2;4;12;A01
201400058133;0;7;0;0;2;4;11;B01
201400058133;0;31;0;0;2;1;3;A01
201400058134;0;7;0;0;2;5;12;B01
201400058134;0;31;0;0;2;8;3;A01
201400058135;0;33;0;0;2;2;3;A01
201400058135;0;10;0;0;2;6;1;B01
201400058136;0;7;0;0;2;7;12;A01
201400058136;0;33;0;0;2;8;3;B01
201400058137;0;10;0;0;2;1;2;A01
201400058137;0;7;0;0;2;4;2;C01
201400058137;0;33;0;0;2;1;2;D01
201400058137;0;7;0;0;2;4;2;B01
201400058138;0;7;0;0;2;6;1;B01
201400058138;0;33;0;0;2;1;12;A01
201400058139;1;14;0;0;2;0;1;C01
201400058139;0;14;0;0;2;7;1;A01
201400058139;0;7;0;12;2;4;1;B01
201400058140;0;31;0;0;2;1;3;C01
201400058140;0;34;0;0;2;1;3;B01
201400058140;0;10;0;0;2;2;12;A01
201400058140;0;7;0;0;2;8;1;D01
201400058141;0;34;0;4;0;8;1;A01
201400058142;0;10;0;0;2;6;1;B01
201400058142;0;33;0;0;2;0;3;A01
201400058143;0;7;0;0;2;2;12;A01
201400058143;0;34;0;0;2;1;3;B01
201400058144;0;32;0;0;2;1;1;A01
201400058144;0;10;0;0;2;4;1;B01
201400058145;0;33;0;0;0;8;3;A01
201400058146;0;33;0;0;2;1;1;A01
201400058146;0;7;0;0;2;4;1;B01
201400058147;0;34;0;0;0;8;1;A01
201400058148;0;33;0;0;0;8;1;A01
201400058149;0;7;0;0;2;4;23;B01
201400058149;0;7;0;0;2;1;1;A01
201400058150;0;7;0;0;2;2;1;B01
201400058150;0;7;0;0;2;6;1;C01
201400058150;0;33;0;0;2;8;3;A01
201400058151;0;7;0;0;2;8;1;B01
201400058151;0;15;0;0;2;2;12;A01
201400058152;0;31;0;0;2;1;2;A01
201400058152;0;7;0;0;2;4;2;B01
201400058153;0;33;0;0;2;7;3;A01
201400058153;0;7;0;0;2;6;11;B01
201400058154;0;10;0;0;2;2;11;A01
201400058154;0;33;0;0;2;3;1;B01
201400058155;0;7;0;0;2;6;1;B01
201400058155;0;7;0;0;2;2;11;A01
201400058156;0;7;0;3;2;5;2;C01
201400058156;0;7;0;0;2;6;11;A01
201400058156;0;38;53;0;2;2;2;B01
201400058157;0;7;0;0;2;1;2;C01
201400058157;0;7;0;0;2;1;2;A01
201400058157;0;7;0;0;2;4;2;B01
201400058158;0;31;0;0;2;0;3;A01
201400058158;0;10;0;0;2;5;1;B01
201400058159;0;33;0;0;0;0;1;A01
201400058160;0;7;0;0;2;1;2;A01
201400058160;0;7;0;0;2;4;2;B01
201400058161;0;7;0;0;2;2;12;A01
201400058161;0;31;0;0;2;3;1;B01
201400058162;0;14;0;0;2;1;22;A01
201400058162;0;10;0;0;2;7;1;B01
201400058163;0;7;0;4;0;1;13;A01
201400058164;0;10;0;0;2;4;2;C01
201400058164;0;7;0;0;2;1;2;A01
201400058164;0;7;0;0;2;4;2;B01
201400058165;0;34;0;0;2;4;3;A01
201400058165;0;10;0;0;2;5;1;B01
201400058166;0;7;0;0;2;4;1;C01
201400058166;0;10;0;0;2;8;11;A01
201400058166;0;33;0;0;2;2;3;B01
201400058167;0;32;0;0;0;7;3;A01
201400058168;0;7;0;0;2;5;2;B01
201400058168;0;31;0;0;2;1;2;A01
201400058169;0;31;0;0;0;0;3;A01
201400058170;0;31;0;0;2;2;3;B01
201400058170;0;7;0;0;2;8;11;A01
201400058171;0;7;0;4;0;1;1;A01
201400058172;0;7;0;0;2;2;12;A01
201400058172;0;33;0;0;2;6;1;B01
201400058173;0;7;0;0;2;5;1;D01
201400058173;0;33;0;0;2;3;3;B01
201400058173;0;7;0;0;2;7;12;A01
201400058173;0;7;0;0;2;6;1;C01
201400058174;0;33;0;0;2;1;1;A01
201400058174;0;7;0;0;0;4;1;B01
201400058175;0;7;0;0;2;2;12;A01
201400058175;0;33;0;0;2;3;3;B01
201400058176;0;14;0;0;2;1;1;A01
201400058176;0;7;0;0;2;4;1;C01
201400058176;0;7;0;0;2;4;1;B01
201400058177;0;7;0;4;0;1;13;A01
201400058178;0;7;0;0;2;7;12;A01
201400058178;0;32;0;0;2;8;3;B01
201400058179;0;7;0;0;2;5;2;B01
201400058179;0;10;0;0;2;3;2;A01
201400058180;0;33;0;0;2;2;3;C01
201400058180;0;10;0;0;2;0;12;A01
201400058180;0;7;0;0;2;6;13;B01
201400058181;0;10;0;0;2;3;11;C01
201400058181;0;7;0;0;2;3;1;A01
201400058181;0;7;0;0;2;5;1;B01
201400058182;0;7;0;4;0;3;13;A01
201400058183;0;15;0;0;2;2;1;A01
201400058183;0;7;0;0;2;8;1;B01
201400058184;0;7;0;0;2;6;11;A01
201400058184;0;33;0;0;2;1;1;B01
201400058185;0;7;0;4;0;8;1;A01
201400058186;0;7;0;0;2;1;1;A01
201400058186;0;7;0;0;2;4;23;C01
201400058186;0;7;0;0;2;4;23;B01
201400058187;0;33;0;0;2;1;3;B01
201400058187;0;7;0;0;2;8;11;A01
201400058187;0;7;0;0;2;2;1;C01
201400058188;1;7;0;0;2;1;1;Z01
201400058188;0;7;0;4;2;6;1;A01
201400058189;0;10;0;0;2;2;12;A01
201400058189;0;31;0;0;2;3;3;B01
201400058190;0;17;0;0;2;1;2;A01
201400058190;0;10;0;14;2;8;2;B01
201400058191;0;7;0;0;2;7;12;A01
201400058191;0;31;0;0;2;3;3;B01
201400058192;0;7;0;0;1;0;1;A01
201400058193;0;7;0;0;2;8;13;A01
201400058193;0;31;0;0;2;1;1;B02
201400058194;0;7;0;0;0;3;15;A01
201400058194;0;31;0;0;0;1;1;B02
201400058195;0;33;0;13;0;1;14;A01
201400058196;0;31;0;0;2;1;17;A01
201400058196;0;10;0;0;2;8;15;B02
201400058197;0;33;0;0;2;1;1;A01
201400058197;0;7;0;0;2;2;15;B02
201400058198;0;7;0;0;0;6;1;A01
201400058198;0;33;0;0;2;1;1;B02
201400058199;0;7;0;3;0;1;1;A01
201400058200;0;33;0;0;0;7;1;A01
201400058201;0;7;0;0;2;1;17;A01
201400058201;0;7;0;0;2;8;15;B02
201400058202;0;7;0;0;2;1;1;A01
201400058202;0;31;0;0;2;7;19;B02
201400058203;0;7;0;0;1;1;13;A01
201400058203;0;7;0;0;1;1;1;B02
201400058204;0;7;0;0;2;3;1;A01
201400058204;0;7;0;0;2;3;1;B02
201400058205;0;31;0;0;1;1;21;A01
201400058206;0;7;0;0;2;1;13;A01
201400058206;0;7;0;0;2;1;1;B02
201400058207;0;7;0;0;2;1;1;A01
201400058207;0;33;0;0;2;1;5;B02
201400058208;0;7;0;0;0;9;1;A01
201400058209;0;7;0;0;1;3;16;A01
201400058210;0;7;0;0;2;3;1;A01
201400058210;0;1;0;0;2;1;5;B02
201400058211;0;30;0;0;0;0;0;A01
201400058212;0;7;0;10;0;1;1;A01
201400058213;0;34;0;4;0;0;1;A01
201400058214;0;7;0;4;0;1;0;A01
201400058215;0;33;0;0;0;0;0;A01
201400058216;0;30;0;0;1;1;1;A01
201400058217;0;7;0;0;1;2;1;A01
201400058218;0;7;0;0;2;3;13;A01
201400058218;0;7;0;0;2;3;1;B02
201400058219;0;32;0;16;0;1;0;A01
201400058220;0;10;0;0;2;6;19;A01
201400058220;0;33;0;0;2;1;1;B02
201400058221;0;7;0;0;2;3;1;B02
201400058221;0;33;0;0;2;1;13;A01
201400058222;0;10;0;0;2;1;1;A01
201400058222;0;7;0;0;2;2;19;B02
201400058223;0;30;0;0;1;0;1;A01
201400058224;0;33;0;0;2;7;13;A01
201400058224;0;10;0;0;2;3;1;B02
201400058225;0;7;0;0;2;3;15;B02
201400058225;0;30;0;0;2;2;1;A01
201400058226;0;10;0;0;2;1;1;C03
201400058226;0;7;0;0;2;1;13;A01
201400058226;0;10;0;0;2;1;1;B02
201400058227;0;33;0;8;0;0;0;A01
201400058228;0;31;0;0;2;8;18;A01
201400058228;0;10;0;0;2;1;15;B02
201400058229;0;7;0;0;1;1;1;A01
201400058230;0;7;0;0;2;7;15;A01
201400058230;0;7;0;0;2;1;1;B02
201400058231;0;33;0;0;0;1;1;A01
201400058232;0;7;0;16;0;1;1;A01
201400058233;0;7;0;0;2;2;1;B02
201400058233;0;30;0;0;2;1;15;A01
201400058234;0;7;0;0;2;1;1;B02
201400058234;0;7;0;0;2;1;13;A01
201400058235;0;7;0;0;2;3;1;A01
201400058235;0;7;0;0;2;3;1;B02
201400058236;0;7;0;0;2;3;5;A01
201400058236;0;7;0;0;2;1;2;B02
201400058236;0;7;0;0;2;3;21;C03
201400058237;0;7;0;0;2;1;5;A01
201400058237;0;7;0;0;2;3;0;B02
201400058238;0;33;0;0;2;1;17;A01
201400058238;0;7;0;0;2;2;1;B02
201400058239;0;7;0;0;2;3;1;C03
201400058239;0;7;0;0;2;3;1;B02
201400058239;0;7;0;0;2;1;13;A01
201400058240;0;7;0;0;2;3;15;A01
201400058240;0;1;0;0;2;1;1;B02
201400058241;0;7;0;0;1;1;1;A01
201400058242;0;7;0;0;2;3;1;A01
201400058242;0;30;0;0;2;1;1;B02
201400058243;0;7;0;0;2;1;1;A01
201400058243;0;7;0;0;2;3;1;B02
201400058244;0;7;0;0;2;1;1;A01
201400058244;0;7;0;0;2;7;6;B02
201400058245;0;30;0;0;2;7;15;A01
201400058245;0;7;0;0;2;2;1;C03
201400058245;0;7;0;0;2;0;0;B02
201400058246;0;7;0;0;0;3;1;C03
201400058246;0;7;0;0;2;1;1;B02
201400058246;0;7;0;9;2;1;5;A01
201400058247;0;7;0;6;1;1;21;A01
201400058248;0;7;0;0;2;3;1;A01
201400058248;0;30;0;0;2;8;1;B02
201400058249;0;7;0;2;0;3;19;A01
201400058250;0;33;0;0;0;0;1;A01
201400058251;0;7;0;0;1;3;17;A01
201400058252;0;33;0;0;0;0;1;A01
201400058253;0;7;0;0;2;8;1;B02
201400058253;0;7;0;0;2;3;13;A01
201400058254;0;33;0;0;2;1;17;B02
201400058254;0;7;0;0;2;1;17;A01
201400058255;0;7;0;0;1;1;1;A01
201400058256;0;7;0;1;1;5;4;A01
201400058257;0;7;0;0;1;2;21;A01
201400058258;0;7;0;8;0;9;1;A01
201400058259;0;7;0;8;0;3;13;A01
201400058260;0;7;0;0;0;1;1;A01
201400058261;0;34;0;12;0;1;1;A01
201400058261;0;34;0;12;0;1;1;B02
201400058262;0;7;0;0;1;7;1;A01
201400058263;0;13;0;0;1;6;24;A01
201400058263;0;14;0;1;0;2;1;B02
201400058264;0;2;0;0;2;1;1;A01
201400058264;0;7;0;0;2;3;1;B02
201400058265;0;2;0;0;2;7;17;B02
201400058265;0;7;0;0;2;3;1;A01
201400058266;0;31;0;0;2;1;1;A01
201400058266;0;7;0;0;2;7;15;B02
201400058267;0;7;0;0;1;3;1;A01
201400058268;0;33;0;0;2;1;2;A01
201400058268;0;33;0;4;0;4;2;B02
201400058269;0;7;0;0;0;5;2;A01
201400058269;0;30;0;0;2;1;2;B02
201400058270;0;7;0;0;2;1;13;A01
201400058270;0;7;0;0;2;1;1;B02
201400058271;0;7;0;6;0;1;19;A01
201400058272;0;10;0;0;2;1;1;B02
201400058272;0;7;0;0;2;7;13;A01
201400058273;0;7;0;0;2;1;1;B02
201400058273;0;7;0;0;2;7;1;A01
201400058274;0;7;0;13;0;3;19;A01
201400058275;0;7;0;0;2;7;13;A01
201400058275;0;7;0;0;2;1;1;B02
201400058276;0;30;0;6;0;1;1;A01
201400058277;0;33;0;6;0;1;1;A01
201400058278;0;7;0;0;2;2;1;A01
201400058278;0;10;0;0;2;2;0;B02
201400058279;0;7;0;0;0;7;15;A01
201400058279;0;10;0;0;2;1;1;B02
201400058280;0;7;0;0;2;1;18;A01
201400058280;0;2;0;0;2;7;0;B02
201400058281;0;7;0;16;0;0;1;A01
201400058282;0;10;0;0;2;8;19;A01
201400058282;0;10;0;0;2;1;1;B02
201400058283;0;7;0;0;2;8;15;B02
201400058283;0;33;0;0;2;7;17;A01
201400058284;0;10;0;0;2;8;10;A01
201400058284;0;32;0;0;2;1;1;B02
201400058285;0;36;0;8;0;3;16;A01
201400058286;0;7;0;0;2;6;1;C03
201400058286;0;33;0;0;0;9;21;A01
201400058286;0;7;0;0;2;3;1;B02
201400058287;0;7;0;2;0;1;0;A01
201400058288;0;7;0;0;2;3;1;B02
201400058288;0;7;0;0;2;3;13;A01
201400058289;0;7;0;0;2;8;2;C03
201400058289;0;7;0;0;2;3;13;A01
201400058289;0;7;0;0;2;3;1;B02
201400058290;0;32;0;3;0;1;0;A01
201400058291;0;7;0;1;2;3;1;A01
201400058291;0;7;0;12;0;1;0;B02
201400058292;0;30;0;0;2;1;13;B02
201400058292;0;14;0;0;2;3;1;A01
201400058293;0;1;0;0;2;1;13;B02
201400058293;0;7;0;0;9;3;1;A01
201400058294;0;7;0;2;0;1;21;A01
201400058295;0;7;0;0;1;3;1;A01
201400058296;0;30;0;0;2;4;2;A01
201400058297;0;7;0;0;2;1;1;A01
201400058297;0;7;0;0;2;7;13;B02
201400058298;0;7;0;0;0;1;17;A01
201400058298;0;7;0;0;0;3;1;B02
201400058299;0;99;0;0;0;9;1;A01
201400058300;0;7;0;0;2;1;1;B02
201400058300;0;7;0;0;2;5;13;A01
201400058301;0;31;0;0;2;1;1;B02
201400058301;0;7;0;0;2;3;19;A01
201400058301;0;33;0;0;2;1;1;C03
201400058302;0;7;0;0;1;8;1;A01
201400058303;0;7;0;0;2;3;0;B02
201400058303;0;7;0;0;2;1;5;A01
201400058304;0;30;0;0;1;1;1;A01
201400058305;0;7;0;0;2;3;15;B02
201400058305;0;33;0;0;2;1;17;A01
201400058306;0;7;0;0;2;3;1;A01
201400058306;0;30;0;0;2;5;2;B02
201400058307;0;1;0;0;2;3;19;B02
201400058307;0;7;0;0;2;1;1;A01
201400058308;0;7;0;6;0;3;0;A01
201400058309;0;31;0;13;0;1;1;A01
201400058310;0;7;0;0;2;6;2;B02
201400058310;0;7;0;0;2;4;2;A01
201400058310;0;7;0;0;2;3;0;E05
201400058310;0;7;0;0;2;3;0;D04
201400058310;0;7;0;0;2;8;2;C03
201400058311;0;31;0;0;2;1;1;A01
201400058311;0;7;0;0;2;2;1;B02
201400058312;0;7;0;0;2;1;21;A01
201400058312;0;32;0;0;2;1;1;B02
201400058313;0;7;0;0;1;2;0;A01
201400058314;0;7;0;0;2;1;1;A01
201400058314;0;7;0;0;2;1;1;B02
201400058315;0;2;0;0;2;4;2;B02
201400058315;0;7;0;0;2;2;2;A01
201400058316;0;7;0;0;2;5;13;A01
201400058316;0;14;0;0;2;2;1;B02
201400058317;0;33;0;0;2;1;17;A01
201400058317;0;7;0;0;2;6;15;B02
201400058318;0;7;0;0;1;1;1;A01
201400058319;0;7;0;0;2;1;1;B02
201400058319;0;30;0;0;2;1;5;A01
201400058320;0;7;0;0;2;2;13;A01
201400058320;0;7;0;0;2;3;1;B02
201400058321;0;7;0;0;1;2;1;A01
201400058322;0;7;0;0;1;1;15;A01
201400058323;0;7;0;0;1;2;1;A01
201400058324;0;7;0;0;1;2;1;A01
201400058325;0;14;0;0;2;1;23;A01
201400058325;0;7;0;14;0;1;1;B02
201400058326;0;31;0;0;2;8;0;A01
201400058326;0;7;0;0;2;1;0;B02
201400058327;0;10;0;0;1;3;15;A01
201400058328;0;10;0;0;1;2;1;A01
201400058329;0;7;0;0;1;2;1;A01
201400058330;0;7;0;0;2;5;15;B02
201400058330;0;31;0;0;2;1;3;A01
201400058331;0;7;0;0;1;2;1;A01
201400058332;0;7;0;4;2;1;1;A01
201400058332;0;7;0;0;2;1;1;B02
201400058333;0;7;0;0;2;6;15;A01
201400058333;0;33;0;0;2;1;0;B02
201400058334;0;7;0;0;2;2;2;A01
201400058334;0;10;0;0;2;8;15;B02
201400058335;0;7;0;0;0;1;15;A01
201400058335;0;2;0;0;0;1;1;B02
201400058336;1;7;0;0;1;1;21;A01
201400058337;0;33;0;0;2;1;13;B02
201400058337;0;7;0;0;2;1;2;A01
201400058338;0;10;0;2;0;1;1;A01
201400058339;0;7;0;0;0;9;1;A01
201400058340;0;10;0;0;0;3;15;B02
201400058340;0;33;0;9;2;2;17;A01
201400058341;0;7;0;0;0;9;21;A01
201400058342;0;7;0;0;2;2;1;B02
201400058342;0;33;0;0;2;7;1;A01
201400058343;0;30;0;0;2;1;1;B02
201400058343;0;7;0;0;2;3;1;A01
201400058344;0;7;0;0;2;2;13;A01
201400058344;0;7;0;0;2;1;1;B02
201400058345;0;7;0;0;2;3;15;A01
201400058345;0;33;0;0;2;7;17;B02
201400058346;0;30;0;0;2;1;1;A01
201400058346;0;7;0;0;2;3;1;B02
201400058347;0;10;0;0;0;0;1;A01
201400058348;0;7;0;0;2;3;15;A01
201400058348;0;33;0;0;2;1;0;B02
201400058349;0;1;0;0;2;1;1;B02
201400058349;0;30;0;0;9;1;13;A01
201400058350;0;7;0;0;2;3;15;B02
201400058350;0;7;0;0;2;2;17;A01
201400058351;0;7;0;8;0;6;1;A01
201400058352;0;33;0;0;2;1;1;A01
201400058352;0;7;0;0;2;3;9;B02
201400058353;0;2;0;0;2;7;15;A01
201400058353;0;34;0;0;2;1;1;B02
201400058354;0;7;0;2;0;1;13;A01
201400058355;0;7;0;13;0;1;0;A01
201400058356;0;10;0;13;9;1;1;A01
201400058357;0;7;0;2;0;1;1;A01
201400058358;0;1;0;0;2;1;0;B02
201400058358;0;7;0;0;2;3;17;A01
201400058359;0;7;0;0;0;2;1;A01
201400058360;0;7;0;6;1;2;21;A01
201400058361;0;10;0;0;2;1;2;B02
201400058361;0;30;0;0;2;4;2;A01
201400058362;0;30;0;0;2;5;14;A01
201400058362;0;7;0;0;2;3;2;B02
201400058363;0;7;0;8;0;8;1;A01
201400058364;0;14;0;0;1;3;1;A01
201400058365;0;7;0;0;0;9;1;A01
201400058366;0;7;0;0;0;4;1;A01
201400058366;0;33;0;0;2;1;1;B02