num_acc;senc;catv;occutc;obs;obsm;choc;manv;num_veh
201400058367;0;10;0;0;2;2;1;A01
201400058367;0;7;0;0;2;3;9;B02
201400058368;0;7;0;15;0;8;15;A01
201400058369;0;32;0;0;2;1;17;B02
201400058369;0;7;0;0;2;8;10;A01
201400058370;0;10;0;0;1;2;1;A01
201400058371;0;7;0;0;1;8;1;A01
201400058372;0;33;0;0;2;1;1;A01
201400058372;0;7;0;0;2;2;15;B02
201400058373;0;7;0;0;0;1;21;B02
201400058373;0;1;0;0;0;1;1;A01
201400058374;0;10;0;0;0;3;15;A01
201400058374;0;33;0;0;0;1;17;B02
201400058375;0;1;0;0;2;4;3;B02
201400058375;0;7;0;0;2;3;2;A01
201400058376;0;34;0;0;2;1;1;B02
201400058376;0;7;0;0;2;2;15;A01
201400058377;1;30;0;0;2;1;1;B02
201400058377;0;7;0;0;2;8;19;A01
201400058378;0;14;0;2;0;7;1;A01
201400058379;0;37;0;0;0;0;1;A01
201400058379;0;2;0;0;2;0;13;B02
201400058379;0;7;0;0;2;5;17;C03
201400058380;0;7;0;0;2;2;15;B02
201400058380;0;33;0;0;2;1;1;A01
201400058381;0;7;0;0;2;8;15;B02
201400058381;0;7;0;8;2;7;17;A01
201400058382;0;31;0;0;2;1;1;A01
201400058382;0;7;0;0;2;7;15;B02
201400058383;0;30;0;0;5;1;1;A01
201400058384;0;7;0;0;2;2;1;B02
201400058384;0;32;0;0;2;1;15;A01
201400058385;0;7;0;1;0;1;13;A01
201400058385;0;38;0;0;2;1;24;B02
201400058386;0;7;0;0;2;1;15;B02
201400058386;0;33;0;0;2;1;1;A01
201400058387;0;7;0;0;2;5;17;B02
201400058387;0;2;0;0;2;8;15;A01
201400058388;0;7;0;0;2;1;5;B02
201400058388;0;7;0;0;2;1;1;A01
201400058389;0;7;0;0;0;9;13;A01
201400058390;0;7;0;0;2;3;1;B02
201400058390;0;7;0;0;2;3;13;A01
201400058391;0;7;0;0;1;2;1;A01
201400058392;0;7;0;0;2;3;11;A01
201400058392;0;30;0;0;2;1;1;B02
201400058393;0;7;0;0;0;6;9;A01
201400058393;0;33;0;0;0;1;0;B02
201400058394;0;10;0;0;2;8;1;A01
201400058394;0;33;0;0;2;8;1;B02
201400058395;0;7;0;0;1;1;1;A01
201400058396;0;10;0;0;2;1;1;B02
201400058396;0;7;0;0;2;1;13;A01
201400058397;0;7;0;0;2;2;15;A01
201400058397;0;2;0;0;2;1;1;B02
201400058398;0;1;0;0;2;4;2;B02
201400058398;0;10;0;0;2;2;2;A01
201400058399;0;10;0;0;2;1;1;A01
201400058399;0;7;0;0;2;4;23;B02
201400058399;0;7;0;0;2;3;1;C03
201400058400;0;7;0;9;0;1;14;A01
201400058401;0;14;0;0;2;3;17;A01
201400058401;0;30;0;0;2;1;1;B02
201400058402;0;7;0;6;0;3;1;A01
201400058403;0;7;0;0;2;3;10;A01
201400058403;0;33;0;0;2;1;0;B02
201400058404;0;10;0;0;2;3;1;A01
201400058404;0;10;0;0;2;3;13;B02
201400058405;0;2;0;0;2;1;17;C03
201400058405;0;7;0;0;2;3;1;A01
201400058405;0;7;0;0;2;1;1;B02
201400058406;0;7;0;0;2;1;1;B02
201400058406;0;7;0;0;2;1;13;A01
201400058407;0;2;0;0;2;1;1;A01
201400058407;0;7;0;0;2;3;15;B02
201400058408;0;33;0;8;0;1;1;B02
201400058408;0;7;0;0;0;0;15;A01
201400058409;0;7;0;0;2;2;1;A01
201400058409;0;32;0;0;2;1;16;B02
201400058410;0;7;0;0;2;3;13;A01
201400058410;0;7;0;0;2;1;1;B02
201400058411;0;7;0;0;2;3;1;B02
201400058411;0;7;0;0;2;3;13;A01
201400058412;0;1;0;0;2;6;2;A01
201400058412;0;10;0;0;9;2;2;B02
201400058413;0;7;0;0;2;7;15;A01
201400058413;0;33;0;0;2;1;1;B02
201400058414;0;7;0;0;2;0;21;A01
201400058414;0;7;0;0;0;0;15;B02
201400058415;0;7;0;0;2;6;15;A01
201400058415;0;33;0;0;2;1;1;B02
201400058416;0;7;0;0;2;3;10;A01
201400058416;0;2;0;0;2;1;1;B02
201400058417;0;7;0;0;2;2;13;A01
201400058417;0;7;0;0;2;2;1;B02
201400058418;0;7;0;0;2;1;21;B02
201400058418;0;7;0;0;2;1;13;A01
201400058419;0;2;0;0;2;3;1;A01
201400058419;0;7;0;0;2;1;15;B02
201400058420;0;7;0;0;2;4;1;B02
201400058420;0;30;0;0;2;1;2;A01
201400058421;0;7;0;0;2;4;2;B02
201400058421;0;14;0;0;2;2;2;A01
201400058422;0;7;0;0;0;6;24;B02
201400058422;0;10;0;1;1;2;1;A01
201400058423;0;7;0;0;1;3;1;A01
201400058424;0;7;0;0;2;1;13;A01
201400058424;0;10;0;0;2;3;14;B02
201400058425;0;7;0;0;2;3;1;A01
201400058425;0;1;0;0;2;5;1;B02
201400058426;0;1;0;0;2;6;16;B02
201400058426;0;7;0;0;9;6;15;A01
201400058427;0;15;0;0;2;3;1;A01
201400058427;0;10;0;0;2;3;13;B02
201400058428;1;99;0;0;1;0;0;A01
201400058429;0;30;0;0;0;1;1;A01
201400058430;0;7;0;13;0;1;21;A01
201400058431;0;10;0;0;9;2;1;B02
201400058431;0;1;0;0;0;0;1;A01
201400058432;0;10;0;0;0;0;1;A01
201400058433;0;7;0;2;0;1;13;A01
201400058434;0;10;0;0;0;2;21;A01
201400058434;0;30;0;0;2;1;16;B02
201400058435;0;7;0;13;0;0;1;A01
201400058436;0;30;0;0;2;3;1;B02
201400058436;0;10;0;0;2;7;17;A01
201400058437;0;7;0;0;0;1;24;B02
201400058437;0;7;0;1;2;1;2;A01
201400058438;0;7;0;0;0;0;1;A01
201400058439;0;33;0;0;0;4;15;A01
201400058439;0;7;0;0;0;1;2;B02
201400058440;0;30;0;0;2;1;9;A01
201400058440;0;7;0;0;9;3;1;B02
201400058441;1;30;0;0;1;8;0;A01
201400058442;0;10;0;0;0;0;2;B02
201400058442;0;31;0;0;0;0;2;A01
201400058443;0;32;0;0;2;3;1;A01
201400058443;0;7;0;0;2;2;15;B02
201400058444;1;7;0;0;1;0;0;A01
201400058445;0;30;0;0;2;1;1;B02
201400058445;0;7;0;0;0;7;15;A01
201400058446;0;32;0;0;1;1;0;A01
201400058447;0;7;0;2;0;9;1;A01
201400058448;0;2;0;0;2;1;1;B02
201400058448;0;10;0;0;2;7;16;A01
201400058449;0;7;0;0;2;3;15;A01
201400058449;0;30;0;0;2;3;1;B02
201400058450;0;30;0;0;2;4;15;A01
201400058451;0;31;0;1;0;3;1;A01
201400058452;0;7;0;0;2;4;2;A01
201400058452;0;2;0;0;2;1;2;B02
201400058453;0;7;0;0;0;7;16;A01
201400058453;0;30;0;0;2;3;1;B02
201400058454;0;7;0;0;0;2;19;A01
201400058454;0;32;0;0;2;1;1;B02
201400058455;0;7;0;0;0;1;1;A01
201400058456;0;7;0;0;2;3;13;A01
201400058456;0;7;0;0;2;3;0;B02
201400058457;0;30;0;0;2;2;17;A01
201400058457;0;7;0;0;0;3;15;B02
201400058458;0;7;0;0;0;4;2;A01
201400058458;0;30;0;0;0;1;2;B02
201400058459;0;7;0;2;0;8;1;A01
201400058460;0;14;0;0;0;9;13;A01
201400058461;0;7;0;0;2;1;11;B02
201400058461;0;7;0;0;2;3;14;A01
201400058462;0;7;0;0;2;9;1;A01
201400058463;0;7;0;0;2;2;1;A01
201400058463;0;2;0;0;2;4;1;B02
201400058464;0;7;0;0;2;5;17;A01
201400058464;0;33;0;0;2;8;18;B02
201400058465;0;1;0;6;0;0;1;A01
201400058466;0;33;0;0;0;7;17;B02
201400058466;0;14;0;0;0;4;15;A01
201400058467;0;1;0;0;2;4;2;B02
201400058467;0;10;0;0;2;2;2;A01
201400058468;0;7;0;0;1;2;1;A01
201400058469;0;2;0;0;2;1;1;A01
201400058469;1;10;0;0;2;3;1;B02
201400058470;0;7;0;0;0;1;0;A01
201400058470;0;33;0;0;0;1;0;B02
201400058471;0;30;0;0;2;1;13;A01
201400058471;0;1;0;0;2;1;14;B02
201400058472;0;7;0;0;1;1;1;A01
201400058473;0;7;0;0;9;1;13;A01
201400058473;0;1;0;0;2;1;1;B02
201400058473;0;1;0;0;2;1;1;C03
201400058474;0;10;0;0;0;3;1;B02
201400058474;0;34;0;0;2;3;1;A01
201400058475;0;10;0;0;2;1;1;C04
201400058475;0;7;0;0;2;3;0;A01
201400058475;0;14;0;0;2;3;0;B03
201400058476;0;7;0;0;0;3;9;B02
201400058476;0;33;0;0;2;1;1;A01
201400058477;0;7;0;0;1;1;1;A01
201400058478;0;31;0;0;1;1;14;A01
201400058479;0;33;0;0;2;8;2;B02
201400058479;0;33;0;0;2;8;2;A01
201400058480;0;7;0;0;2;1;1;A01
201400058480;0;30;0;0;2;1;13;B02
201400058481;0;7;0;6;0;1;1;A01
201400058482;0;7;0;2;0;2;14;A01
201400058483;0;7;0;0;1;3;1;A01
201400058484;0;1;0;0;2;8;19;A01
201400058484;0;10;0;0;2;2;1;B02
201400058485;0;33;0;8;0;8;0;A01
201400058486;0;7;0;0;2;4;15;A01
201400058486;0;31;0;0;2;1;1;B02
201400058487;0;33;0;0;2;1;13;B02
201400058487;0;14;0;0;2;2;1;A01
201400058488;0;30;0;3;0;2;1;A01
201400058489;0;7;0;0;2;3;15;B02
201400058489;0;33;0;0;2;2;1;A01
201400058490;0;7;0;0;0;0;0;A01
201400058491;0;7;0;0;2;3;5;A01
201400058491;0;1;0;0;2;3;21;B02
201400058492;0;30;0;0;1;1;1;A01
201400058493;0;7;0;0;2;3;13;A01
201400058493;0;30;0;0;2;1;13;B02
201400058494;0;10;0;10;0;1;1;A01
201400058495;0;7;0;2;0;3;0;A01
201400058496;0;2;0;0;0;8;15;A01
201400058497;0;7;0;0;1;7;1;A01
201400058498;0;7;0;0;1;2;1;A01
201400058499;0;33;0;16;2;9;8;B02
201400058499;0;7;0;0;0;6;1;A01
201400058499;0;7;0;0;2;2;1;C03
201400058500;0;7;0;0;1;2;1;A01
201400058501;0;7;0;0;2;0;15;A01
201400058501;0;32;0;0;0;0;0;B02
201400058502;0;7;0;0;0;8;23;B02
201400058502;0;31;0;0;2;1;1;C03
201400058502;0;7;0;0;2;2;11;A01
201400058503;0;30;0;3;0;7;1;A01
201400058504;0;7;0;0;2;1;1;B02
201400058504;0;30;0;0;2;2;10;A01
201400058505;0;33;0;0;2;7;1;B02
201400058505;0;7;0;0;2;2;1;A01
201400058506;0;30;0;0;0;0;2;A01
201400058507;0;7;0;0;2;3;17;A01
201400058507;0;1;0;0;2;1;1;B02
201400058508;0;30;0;0;2;1;7;A01
201400058508;0;30;0;0;2;1;7;B02
201400058508;0;7;0;0;2;8;1;C03
201400058509;0;31;0;0;2;0;3;A01
201400058509;0;7;0;0;2;1;19;B02
201400058510;0;14;0;0;1;0;16;A01
201400058511;0;33;0;0;2;7;17;A01
201400058511;0;7;0;0;2;8;15;B02
201400058512;0;7;0;0;2;3;13;B02
201400058512;0;33;0;0;2;1;17;A01
201400058513;0;2;0;3;0;2;1;A01
201400058514;0;7;0;8;0;1;1;A01
201400058515;0;7;0;0;2;8;6;A01
201400058515;0;7;0;0;2;2;1;B02
201400058516;0;7;0;0;2;2;2;A01
201400058516;0;30;0;0;2;8;15;B02
201400058517;0;3;0;0;2;8;13;A01
201400058517;0;7;0;0;2;8;1;B02
201400058518;0;7;0;0;2;3;15;A01
201400058518;0;30;0;0;2;1;1;B02
201400058519;0;7;0;0;2;3;1;B02
201400058519;0;2;0;0;2;1;13;A01
201400058520;0;7;0;0;2;1;1;B02
201400058520;0;7;0;0;2;7;5;A01
201400058521;0;7;0;0;1;1;1;A01
201400058522;1;7;0;0;1;1;1;A01
201400058523;0;7;0;0;2;1;1;C03
201400058523;0;7;0;0;2;1;1;B02
201400058523;0;7;0;0;2;1;13;A01
201400058524;0;7;0;0;2;7;13;B02
201400058524;0;7;0;0;2;3;1;A01
201400058525;0;30;0;10;0;1;1;A01
201400058526;0;7;0;0;1;1;1;A01
201400058527;0;2;0;0;2;3;0;B02
201400058527;0;7;0;0;2;3;1;A01
201400058528;0;1;0;3;0;0;14;A01
201400058529;0;10;0;0;2;3;13;A01
201400058529;0;38;0;2;2;3;1;B02
201400058530;0;30;0;16;1;1;15;A01
201400058531;0;7;0;4;0;2;1;A01
201400058532;0;33;0;0;2;1;1;B02
201400058532;0;7;0;0;2;7;19;A01
201400058533;0;1;0;0;2;1;1;A01
201400058533;0;7;0;0;9;6;19;B02
201400058534;0;33;0;0;2;7;17;B02
201400058534;0;7;0;0;2;8;15;A01
201400058535;0;7;0;1;1;1;0;A01
201400058536;0;30;0;0;1;1;5;A01
201400058537;0;7;0;2;0;5;1;A01
201400058538;0;30;0;1;0;4;24;B02
201400058538;1;30;0;0;2;1;17;A01
201400058539;0;7;0;0;1;3;1;A01
201400058540;0;10;0;0;2;1;1;A01
201400058540;0;30;0;0;2;7;19;B02
201400058541;0;7;0;0;2;3;1;A01
201400058541;0;30;0;0;2;1;13;B02
201400058542;0;33;0;13;0;1;1;A01
201400058543;0;7;0;6;0;1;1;A01
201400058544;0;7;0;0;2;1;1;A01
201400058544;0;33;0;3;2;9;1;B02
201400058545;0;31;0;0;2;1;1;A01
201400058545;0;7;0;0;2;3;15;B02
201400058546;0;33;0;13;0;1;1;A01
201400058547;0;14;0;0;2;1;1;B02
201400058547;0;7;0;0;2;7;14;A01
201400058548;0;2;0;0;2;1;1;B02
201400058548;0;7;0;0;2;3;15;A01
201400058549;0;7;0;0;1;1;1;A01
201400058550;0;7;0;0;1;3;1;A01
201400058551;0;7;0;0;0;9;1;A01
201400058552;0;7;0;0;1;1;1;A01
201400058553;0;7;0;0;2;1;2;A01
201400058553;0;31;0;0;2;4;23;B02
201400058554;0;33;0;12;0;1;1;A01
201400058555;0;32;0;13;0;1;17;A01
201400058555;0;7;0;0;9;1;1;B02
201400058556;0;33;0;0;2;6;1;A01
201400058556;0;7;0;0;2;2;15;B02
201400058557;0;7;0;0;1;2;1;A01
201400058558;0;2;0;0;2;1;1;B02
201400058558;0;7;0;0;2;5;15;A01
201400058559;0;7;0;0;2;3;1;A01
201400058559;0;7;0;0;2;2;1;B02
201400058560;0;30;0;0;2;3;13;A01
201400058560;0;33;0;0;2;3;1;B02
201400058561;0;7;0;0;2;3;1;A01
201400058561;0;30;0;0;2;1;1;B02
201400058562;0;33;0;0;2;1;1;B02
201400058562;0;7;0;0;2;3;15;A01
201400058563;0;30;0;0;2;1;1;B02
201400058563;0;10;0;0;2;7;11;A01
201400058564;0;7;0;0;2;8;1;B02
201400058564;0;7;0;0;2;8;1;A01
201400058565;0;30;0;0;2;1;1;B02
201400058565;0;7;0;0;2;3;13;A01
201400058566;0;7;0;0;1;2;1;A01
201400058567;0;31;0;0;2;1;13;A01
201400058567;0;7;0;0;2;1;1;B02
201400058568;0;30;0;0;2;3;1;B02
201400058568;0;7;0;0;2;7;13;A01
201400058569;0;7;0;0;1;2;1;A01
201400058570;0;7;0;0;1;2;1;A01
201400058571;0;32;0;6;0;2;1;A01
201400058572;0;7;0;0;2;3;10;A01
201400058572;0;2;0;0;2;1;17;B02
201400058573;0;33;0;0;0;1;0;B02
201400058573;0;7;0;0;0;3;16;A01
201400058573;0;33;0;0;0;0;0;C03
201400058574;0;1;0;0;1;1;1;A01
201400058575;0;7;0;0;2;1;1;A01
201400058575;0;7;0;0;2;1;5;B02
201400058576;0;30;0;0;2;2;3;A01
201400058576;0;7;0;0;0;8;23;B02
201400058577;0;7;0;0;0;9;1;A01
201400058578;1;7;0;0;1;3;1;A01
201400058579;0;10;0;0;2;4;1;B02
201400058579;0;30;0;0;2;1;3;A01
201400058580;0;33;0;0;2;1;2;A01
201400058580;0;7;0;0;9;3;2;C03
201400058580;0;7;0;0;2;4;2;B02
201400058581;0;10;0;0;2;4;1;C03
201400058581;0;7;0;1;0;2;1;D04
201400058581;0;7;0;0;2;2;1;A01
201400058581;0;14;0;0;2;6;1;B02
201400058582;0;7;0;0;2;1;5;A01
201400058582;0;7;0;0;2;1;1;B02
201400058583;0;7;0;0;1;1;1;A01
201400058584;0;10;0;0;2;2;15;A01
201400058584;0;2;0;0;2;1;1;B02
201400058585;0;33;0;0;0;0;1;A01
201400058586;0;7;0;0;1;3;1;A01
201400058587;0;7;0;4;0;2;1;A01
201400058588;0;7;0;0;1;2;1;A01
201400058589;0;33;0;0;2;3;2;A01
201400058589;0;7;0;0;2;2;2;B02
201400058589;0;13;0;0;0;6;2;C03
201400058590;0;30;0;0;2;1;11;B02
201400058590;0;7;0;0;2;3;1;A01
201400058591;0;7;0;0;2;3;1;B02
201400058591;0;99;0;0;2;7;1;A01
201400058592;0;7;0;0;1;5;4;A01
201400058593;0;7;0;0;2;3;1;A01
201400058593;0;2;0;0;2;8;19;B02
201400058594;0;7;0;0;2;3;13;A01
201400058594;0;10;0;0;2;3;1;B02
201400058595;0;7;0;13;0;1;13;A01
201400058596;0;33;0;0;2;3;13;A01
201400058596;0;10;0;0;2;3;0;B02
201400058597;0;10;0;0;1;1;1;A01
201400058598;0;7;0;0;1;1;1;A01
201400058598;0;7;0;0;2;1;1;B02
201400058599;0;33;0;0;2;3;1;A01
201400058599;0;7;0;0;2;3;1;B02
201400058600;0;32;0;0;0;1;19;A01
201400058601;2;7;0;0;2;1;17;B02
201400058601;0;30;0;0;2;1;1;A01
201400058602;0;7;0;0;2;3;17;A01
201400058602;0;30;0;0;2;1;1;B02
201400058603;0;7;0;0;1;8;1;A01
201400058604;0;30;0;4;0;7;1;A01
201400058605;0;10;0;0;2;4;2;A01
201400058605;0;10;0;0;2;1;2;B02
201400058605;0;10;0;0;2;3;1;C03
201400058606;0;31;0;0;2;1;1;A01
201400058606;0;7;0;0;2;4;1;B02
201400058606;0;7;0;0;2;1;1;C03
201400058607;0;30;0;0;1;1;1;A01
201400058608;0;7;0;0;2;1;1;C03
201400058608;0;7;0;0;2;8;1;B02
201400058608;0;7;0;0;2;8;1;A01
201400058609;0;7;0;0;1;2;17;A01
201400058610;0;13;0;0;0;4;15;A01
201400058610;0;31;0;0;2;1;2;B02
201400058611;0;7;0;0;2;1;2;A01
201400058611;0;7;0;0;2;4;2;B02
201400058611;0;7;0;0;2;4;2;C03
201400058612;0;10;0;0;2;1;1;A01
201400058612;0;2;0;0;2;7;15;B02
201400058613;0;30;0;0;1;1;19;A01
201400058614;0;1;0;0;0;8;0;B02
201400058614;0;7;0;0;0;7;1;A01
201400058615;0;10;0;0;2;3;15;A01
201400058615;0;33;0;0;2;7;21;B02
201400058616;0;7;0;0;2;7;19;A01
201400058616;0;7;0;0;2;1;1;B02
201400058617;0;7;0;0;2;1;17;A01
201400058617;0;2;0;0;2;8;15;B02
201400058618;0;7;0;0;0;1;21;A01
201400058618;0;1;0;0;0;7;19;B02
201400058619;0;2;0;0;1;1;2;A01
201400058620;0;30;0;0;2;1;14;A01
201400058620;0;7;0;0;2;2;15;B02
201400058621;0;33;0;0;2;1;2;A01
201400058622;0;30;0;0;2;8;5;A01
201400058623;0;99;0;0;2;8;1;B02
201400058623;0;32;0;0;2;7;1;A01
201400058624;0;33;0;16;0;8;1;A01
201400058625;0;30;0;0;2;1;17;A01
201400058625;0;10;0;0;2;3;1;B02
201400058626;0;7;0;0;2;2;19;A01
201400058626;0;30;0;0;2;3;1;B02
201400058627;0;7;0;0;2;1;1;A01
201400058627;0;1;0;0;2;8;15;B02
201400058628;0;7;0;0;2;3;15;A01
201400058628;0;30;0;0;2;1;0;B02
201400058629;0;2;0;0;2;1;1;B02
201400058629;0;7;0;0;2;7;15;A01
201400058630;0;1;0;0;2;1;1;B02
201400058630;0;1;0;0;2;1;1;C03
201400058630;0;7;0;0;2;3;13;A01
201400058631;0;10;0;6;0;3;0;A01
201400058632;0;30;0;0;2;1;1;B02
201400058632;0;7;0;0;2;1;15;A01
201400058633;0;33;0;0;2;1;17;B02
201400058633;0;7;0;0;2;8;15;A01
201400058634;0;32;0;0;2;1;1;B02
201400058634;0;7;0;0;2;2;15;A01
201400058635;0;10;0;0;1;1;1;A01
201400058636;0;7;0;14;0;1;1;D04
201400058636;0;7;0;0;0;4;23;A01
201400058636;0;7;0;0;0;4;23;B02
201400058636;0;7;0;14;0;2;1;C03
201400058637;0;7;0;0;2;2;19;A01
201400058637;0;33;0;0;2;8;1;B02
201400058637;0;7;0;0;2;1;23;C03
201400058638;0;10;0;0;1;0;1;A01
201400058639;0;7;0;0;2;2;15;A01
201400058639;0;30;0;0;2;1;1;B02
201400058640;0;30;0;0;0;1;1;B02
201400058640;0;7;0;0;2;1;1;A01
201400058641;0;7;0;0;2;3;1;A01
201400058641;0;7;0;0;2;3;1;B02
201400058642;0;10;0;0;2;4;20;A01
201400058642;0;1;0;0;2;7;24;B02
201400058643;0;30;0;0;2;8;1;A01
201400058643;0;7;0;0;2;2;17;B02
201400058644;0;7;0;0;2;3;1;A01
201400058644;0;7;0;0;2;3;1;B02
201400058645;0;7;0;0;2;3;1;B02
201400058645;0;7;0;0;2;3;11;A01
201400058646;0;30;0;0;2;1;1;B02
201400058646;0;7;0;0;2;5;15;A01
201400058647;0;30;0;0;2;1;5;B02
201400058647;0;99;0;0;2;1;1;A01
201400058648;0;7;0;0;2;1;15;A01
201400058648;0;30;0;0;2;1;1;B02
201400058649;0;7;0;0;2;8;15;B02
201400058649;0;31;0;0;2;1;1;A01
201400058649;0;7;0;0;2;6;15;C03
201400058650;0;7;0;0;2;4;2;B02
201400058650;0;30;0;0;2;1;2;A01
201400058651;0;7;0;0;0;0;1;A01
201400058652;0;7;0;0;2;3;1;B02
201400058652;0;7;0;0;2;3;13;A01
201400058653;0;2;0;0;2;1;1;B02
201400058653;0;7;0;0;2;8;1;A01
201400058654;0;7;0;13;0;3;1;A01
201400058655;0;1;0;0;2;1;5;B02
201400058655;0;30;0;0;9;1;1;A01
201400058656;0;7;0;0;2;8;1;C03
201400058656;0;7;0;0;2;1;13;B02
201400058656;0;7;0;0;2;1;1;D04
201400058656;0;7;0;0;2;6;20;A01
201400058657;0;10;0;0;2;3;1;B02
201400058657;0;2;0;0;2;1;0;A01
201400058658;0;7;0;8;0;7;1;A01
201400058659;0;34;0;11;0;1;1;A01
201400058660;0;7;0;0;9;2;0;A01
201400058660;0;1;0;0;2;4;1;B02
201400058661;0;7;0;0;2;3;1;B02
201400058661;0;2;0;0;2;1;19;A01
201400058662;0;7;0;0;1;3;1;A01
201400058663;0;34;0;0;2;1;1;B02
201400058663;0;7;0;0;2;5;15;A01
201400058664;0;7;0;0;2;2;0;B02
201400058664;0;30;0;0;2;1;14;A01
201400058665;0;30;0;0;2;1;2;A01
201400058665;0;7;0;0;2;4;15;B02
201400058666;0;7;0;0;2;1;15;B02
201400058666;0;30;0;0;2;7;1;A01
201400058667;0;30;0;0;2;1;1;A01
201400058667;0;7;0;0;9;3;19;B02
201400058668;0;30;0;0;2;8;15;B02
201400058668;0;32;0;0;2;7;17;A01
201400058669;0;30;0;6;0;1;2;A01
201400058670;0;10;0;0;2;6;24;A01
201400058670;0;31;0;1;0;2;14;B02
201400058671;0;10;0;0;0;4;23;B02
201400058671;0;7;0;14;0;1;21;A01
201400058671;0;10;0;0;0;4;23;C03
201400058672;0;7;0;0;2;1;0;B02
201400058672;0;7;0;0;2;1;1;A01
201400058673;0;38;0;0;1;0;1;A01
201400058674;0;30;0;0;2;1;13;A01
201400058674;0;7;0;0;2;1;1;B02
201400058675;0;7;0;0;0;0;16;A01
201400058676;0;35;0;0;2;8;13;A01
201400058676;0;7;0;0;2;7;17;B02
201400058677;0;7;0;0;2;5;15;B02
201400058677;0;31;0;0;2;2;1;A01
201400058678;0;2;0;3;0;9;1;A01
201400058679;0;2;0;0;2;3;13;A01
201400058679;0;10;0;0;2;3;1;B02
201400058680;0;7;0;0;0;2;14;A01
201400058680;0;1;0;0;2;6;1;B02
201400058681;0;30;0;0;2;1;1;B02
201400058681;0;7;0;0;2;1;1;A01
201400058682;0;10;0;0;0;8;15;A01
201400058682;0;10;0;0;2;1;1;B02
201400058683;0;7;0;0;2;1;1;A01
201400058683;0;7;0;0;0;7;19;B02
201400058684;0;10;0;0;1;3;1;A01
201400058685;0;2;0;0;2;8;13;B02
201400058685;0;10;0;0;2;3;1;A01
201400058686;0;7;0;7;0;1;1;A01
201400058687;0;2;0;0;2;1;1;B02
201400058687;0;7;0;0;2;7;15;A01
201400058688;0;7;0;0;2;3;5;A01
201400058688;0;7;0;0;2;1;21;B02
201400058689;0;7;0;0;9;6;1;A01
201400058689;0;10;0;0;9;3;15;B02
201400058689;0;33;0;0;2;1;21;C03
201400058690;0;33;0;13;0;9;14;A01
201400058691;0;2;0;0;2;1;3;B02
201400058691;0;7;0;0;2;3;3;A01
201400058692;0;33;0;0;2;1;17;A01
201400058692;0;37;0;0;2;5;1;B02
201400058693;0;7;0;0;2;1;1;B02
201400058693;0;7;0;0;2;1;9;A01
201400058694;0;7;0;0;2;1;1;A01
201400058694;0;7;0;0;2;1;1;B02
201400058695;0;7;0;0;2;7;1;B02
201400058695;0;30;0;0;2;7;5;A01
201400058696;0;33;0;0;2;1;1;B02
201400058696;0;7;0;0;2;8;19;A01
201400058697;0;7;0;0;2;3;1;A01
201400058697;2;7;0;0;2;3;1;B02
201400058698;0;33;0;16;0;0;0;A01
201400058699;0;7;0;8;0;2;1;A01
201400058700;0;7;0;2;0;1;14;A01
201400058701;0;30;0;0;2;1;1;A01
201400058701;0;7;0;0;0;4;2;B02
201400058701;0;7;0;0;2;1;1;C03
201400058702;0;32;0;0;2;1;5;A01
201400058702;0;7;0;0;2;1;1;B02
201400058703;0;7;0;0;2;1;13;A01
201400058703;0;7;0;0;2;1;1;B02
201400058704;0;7;0;0;2;3;15;A01
201400058704;0;33;0;6;2;1;3;B02
201400058705;0;10;0;1;1;0;1;A01
201400058706;0;7;0;0;2;1;1;B02
201400058706;0;31;0;0;2;1;17;A01
201400058707;0;7;0;0;2;2;1;A01
201400058707;0;34;0;0;2;0;1;B02
201400058708;0;7;0;0;2;1;1;B02
201400058708;0;7;0;0;2;7;19;A01
201400058709;0;7;0;0;2;1;1;B02
201400058709;0;32;0;0;2;1;5;A01
201400058710;0;7;0;0;2;3;13;A01
201400058710;0;7;0;0;2;3;1;B02
201400058711;0;7;0;6;2;7;1;A01
201400058711;0;7;0;0;2;1;1;B02
201400058712;0;7;0;0;1;2;1;A01
201400058713;0;7;0;13;0;3;1;A01
201400058714;0;30;0;0;1;1;1;A01
201400058715;0;7;0;0;2;1;1;B02
201400058715;0;1;0;11;2;7;6;A01
201400058716;0;7;0;0;0;3;13;A01
201400058716;0;7;0;0;0;3;1;B02
201400058717;0;10;0;0;2;1;1;B02
201400058717;0;10;0;0;2;1;13;A01
201400058718;0;34;0;0;2;1;17;A01
201400058718;0;7;0;0;2;7;1;B02
201400058718;0;7;0;0;2;3;1;C03
201400058719;0;10;0;0;1;2;1;A01
201400058720;0;31;0;15;0;8;1;A01
201400058721;0;7;0;0;2;2;15;A01
201400058721;0;2;0;0;2;1;1;B02
201400058722;0;7;0;0;0;9;21;A01
201400058723;0;7;0;0;2;3;5;A01
201400058723;0;7;0;0;2;3;1;B02
201400058724;0;7;0;0;0;1;0;A01
201400058725;0;10;0;0;2;3;13;A01
201400058725;0;7;0;0;2;3;1;B02
201400058726;0;7;0;13;0;8;1;A01
201400058727;0;7;0;0;2;1;0;B02
201400058727;0;10;0;0;2;7;13;A01
201400058728;0;7;0;4;0;1;1;B02