num_acc;senc;catv;occutc;obs;obsm;choc;manv;num_veh
201400059099;0;7;0;0;2;3;1;C01
201400059100;0;33;0;0;2;1;0;A01
201400059100;0;7;0;0;2;4;1;B01
201400059101;0;7;0;4;0;1;1;A01
201400059102;0;7;0;1;0;7;14;A01
201400059102;0;7;0;0;0;6;24;B01
201400059103;0;7;0;0;2;1;1;A01
201400059103;0;2;0;0;2;4;2;B01
201400059104;0;7;0;0;1;1;1;A01
201400059105;0;7;0;0;1;1;0;A01
201400059106;0;7;0;0;1;1;1;A01
201400059107;0;7;0;0;2;1;1;B01
201400059107;0;7;0;0;2;7;15;A01
201400059108;0;7;0;0;1;1;1;A01
201400059109;1;99;0;0;1;2;0;Z01
201400059110;0;2;0;0;2;7;3;A01
201400059110;0;7;0;0;2;1;0;B01
201400059111;0;31;0;0;2;7;1;B01
201400059111;0;7;0;0;2;8;1;A01
201400059112;0;7;0;0;2;4;0;A01
201400059112;0;7;0;0;2;1;1;B01
201400059113;0;7;0;10;0;9;21;A01
201400059114;0;7;0;16;0;9;4;A01
201400059115;0;34;0;7;0;1;21;A01
201400059116;0;15;0;0;2;5;2;A01
201400059116;0;7;0;0;2;1;2;B01
201400059117;0;7;0;0;9;1;5;A01
201400059117;0;1;0;0;2;1;5;B01
201400059118;0;33;0;0;2;1;5;A01
201400059118;1;33;0;0;2;1;5;B01
201400059119;0;7;0;0;0;9;2;A01
201400059120;0;7;0;0;2;2;1;A01
201400059120;0;30;0;0;2;1;5;B01
201400059121;0;30;0;0;2;1;5;A01
201400059121;0;7;0;0;2;1;9;B01
201400059122;0;7;0;0;2;4;2;B01
201400059122;0;33;0;0;2;1;2;A01
201400059123;0;7;0;0;2;2;12;A01
201400059123;0;33;0;0;2;8;1;B01
201400059124;0;7;0;0;2;1;17;A01
201400059124;0;7;0;0;2;8;15;B01
201400059125;0;7;0;0;2;1;2;A01
201400059125;0;7;0;0;2;4;2;D01
201400059125;0;7;0;0;2;4;2;C01
201400059125;0;7;0;0;2;4;2;B01
201400059126;0;7;0;0;2;2;21;A01
201400059126;0;31;0;0;2;8;18;B01
201400059127;0;33;0;6;0;9;0;A01
201400059128;0;33;0;0;2;1;17;B01
201400059128;0;7;0;0;2;6;1;A01
201400059129;0;30;0;0;2;1;0;A01
201400059129;0;7;0;0;2;3;1;B01
201400059130;0;7;0;0;2;7;1;B01
201400059130;0;7;0;0;2;1;1;A01
201400059131;0;32;0;0;2;1;2;A01
201400059131;0;7;0;0;2;6;1;B01
201400059132;0;33;0;0;2;0;1;B01
201400059132;0;7;0;0;2;0;1;A01
201400059133;0;7;0;0;2;1;1;A01
201400059133;0;7;0;0;2;4;0;B01
201400059133;0;7;0;0;2;4;0;C01
201400059133;0;33;0;0;2;1;0;D01
201400059133;0;7;0;0;2;3;0;E01
201400059134;0;7;0;0;2;3;1;A01
201400059134;0;7;0;0;2;3;1;B01
201400059135;0;33;0;0;2;1;0;A01
201400059135;0;7;0;0;2;3;1;B01
201400059136;0;7;0;0;2;4;23;B01
201400059136;0;7;0;0;2;1;1;A01
201400059136;0;7;0;1;2;4;23;C01
201400059137;0;33;0;0;2;6;5;A01
201400059137;0;7;0;0;2;1;1;B01
201400059137;0;7;0;0;2;5;1;C01
201400059138;0;7;0;0;1;1;1;A01
201400059139;0;33;0;0;2;0;1;A01
201400059139;0;7;0;0;2;8;1;B01
201400059139;0;7;0;0;2;7;1;C01
201400059140;0;33;0;0;2;1;1;B01
201400059140;0;7;0;0;2;6;13;A01
201400059141;0;7;0;0;2;1;2;A01
201400059141;0;14;0;0;2;4;2;B01
201400059142;0;34;0;4;0;1;1;A01
201400059143;0;7;0;4;0;8;1;A01
201400059144;0;7;0;0;2;3;0;A01
201400059144;0;32;0;0;2;1;1;B01
201400059145;0;7;0;0;2;1;1;A01
201400059145;0;7;0;0;2;4;0;B01
201400059146;0;7;0;0;1;1;1;A01
201400059147;0;31;0;0;2;1;17;A01
201400059147;0;10;0;0;2;6;1;B01
201400059148;0;7;0;0;2;1;2;A01
201400059148;0;7;0;0;2;4;2;B01
201400059148;0;7;0;0;2;4;2;C01
201400059149;0;7;0;0;1;2;1;A01
201400059150;0;7;0;0;2;4;1;A01
201400059150;0;30;0;0;2;1;2;B01
201400059151;0;37;1;0;2;3;13;A01
201400059151;0;7;0;0;2;3;15;B01
201400059152;0;7;0;0;1;1;1;A01
201400059153;0;7;0;0;2;4;2;B01
201400059153;0;33;0;0;2;1;2;A01
201400059154;0;7;0;0;1;1;0;A01
201400059155;0;7;0;0;2;8;0;B01
201400059155;0;37;2;0;2;1;1;A01
201400059156;0;7;0;0;0;2;15;A01
201400059156;0;33;0;0;2;1;1;B01
201400059157;0;7;0;0;2;3;1;B01
201400059157;0;7;0;0;2;3;13;A01
201400059158;0;7;0;0;2;4;2;B01
201400059158;0;7;0;0;2;1;2;A01
201400059159;0;7;0;0;2;1;0;B01
201400059159;0;7;0;0;2;1;0;A01
201400059160;0;2;0;0;2;1;1;B01
201400059160;0;7;0;0;2;1;5;A01
201400059161;0;7;0;4;0;9;1;A01
201400059162;0;30;0;0;2;1;5;B01
201400059162;0;7;0;0;2;3;1;A01
201400059163;0;33;0;0;2;1;2;A01
201400059163;0;7;0;0;2;4;2;B01
201400059164;0;2;0;0;2;1;2;A01
201400059164;0;7;0;0;9;4;2;B01
201400059165;0;7;0;0;2;1;2;A01
201400059165;0;1;0;0;2;7;2;B01
201400059166;0;7;0;0;2;4;2;A01
201400059166;0;2;0;0;2;4;2;B01
201400059167;0;2;0;0;2;1;1;B01
201400059167;0;7;0;0;2;2;15;A01
201400059168;0;7;0;0;2;7;16;B01
201400059168;0;1;0;0;2;1;1;A01
201400059169;0;30;0;0;2;1;13;A01
201400059169;0;7;0;0;0;3;0;B01
201400059170;0;2;0;0;2;8;1;B01
201400059170;0;7;0;0;9;1;15;A01
201400059171;0;7;0;0;2;1;15;A01
201400059171;0;7;0;0;2;8;1;C01
201400059171;0;7;0;0;2;1;1;B01
201400059172;0;10;0;0;2;5;2;B01
201400059172;0;2;0;0;2;1;18;A01
201400059173;0;7;0;0;9;1;16;A01
201400059173;0;1;0;0;2;1;1;B01
201400059174;0;7;0;0;0;7;2;A01
201400059174;0;1;0;0;2;8;2;Y01
201400059175;0;2;0;0;2;1;1;B01
201400059175;0;7;0;0;2;8;1;A01
201400059176;0;7;0;0;2;8;9;A01
201400059176;0;2;0;0;2;1;0;B01
201400059177;0;2;0;0;2;0;1;B01
201400059177;0;1;0;0;2;0;5;A01
201400059178;0;2;0;0;2;7;1;B01
201400059178;0;7;0;0;9;1;0;A01
201400059179;0;7;0;0;9;3;1;A01
201400059179;0;1;0;0;2;1;1;B01
201400059180;0;2;0;0;1;1;0;A01
201400059181;0;2;0;0;2;1;1;B01
201400059181;0;7;0;0;9;7;16;A01
201400059182;0;7;0;0;9;1;19;A01
201400059182;0;30;0;12;2;8;1;B01
201400059183;0;2;0;0;2;0;17;B01
201400059183;0;99;0;0;2;8;1;A01
201400059184;0;1;0;0;2;1;1;A01
201400059184;0;7;0;0;2;3;1;B01
201400059185;0;7;0;0;1;1;1;A01
201400059186;0;7;0;0;0;1;0;C01
201400059186;0;7;0;0;0;1;0;B01
201400059186;0;7;0;0;0;1;0;A01
201400059187;0;2;0;0;2;1;1;A01
201400059187;0;7;0;0;0;4;1;B01
201400059188;0;2;0;0;2;8;0;B01
201400059188;0;7;0;0;2;8;0;A01
201400059189;0;2;0;0;2;1;15;A01
201400059189;0;7;0;0;9;8;15;B01
201400059190;0;7;0;0;2;1;1;A01
201400059190;0;7;0;0;2;1;1;B01
201400059191;0;33;0;0;2;2;1;B01
201400059191;0;1;0;0;2;8;19;A01
201400059192;0;2;0;0;2;8;15;B01
201400059192;1;37;0;0;2;0;16;A01
201400059193;0;30;0;0;2;1;2;B01
201400059193;0;7;0;0;2;3;19;A01
201400059194;0;2;0;0;2;1;10;B01
201400059194;0;7;0;0;2;1;1;A01
201400059195;0;1;0;0;2;1;5;B01
201400059195;0;7;0;1;2;0;15;A01
201400059196;0;7;0;0;9;1;15;A01
201400059196;0;2;0;0;2;6;17;B01
201400059197;0;7;0;0;2;8;15;A01
201400059197;0;2;0;0;2;1;17;B01
201400059198;0;30;0;0;1;1;0;A01
201400059199;1;30;0;0;2;1;17;Z01
201400059199;0;7;0;0;0;0;1;T01
201400059199;0;7;0;0;2;8;19;A01
201400059200;0;2;0;0;0;0;0;B01
201400059200;0;7;0;0;2;3;0;A01
201400059201;0;2;0;0;2;8;1;B01
201400059201;0;7;0;0;9;1;19;A01
201400059202;0;1;0;0;0;4;0;B01
201400059202;0;7;0;0;0;3;9;A01
201400059203;0;7;0;0;1;1;0;A01
201400059204;0;7;0;0;2;8;15;B01
201400059204;0;7;0;0;2;1;19;A01
201400059205;0;7;0;0;1;1;1;A01
201400059206;0;7;0;0;1;1;1;A01
201400059207;0;7;0;0;2;8;15;B01
201400059207;0;34;0;0;2;9;1;A01
201400059208;0;2;0;0;2;3;0;A01
201400059208;0;31;0;0;2;3;0;B01
201400059209;0;7;0;0;9;1;15;A01
201400059209;0;2;0;0;2;1;1;B01
201400059210;0;32;0;0;2;0;0;A01
201400059210;0;7;0;0;2;0;0;B01
201400059211;0;33;0;0;2;1;1;B01
201400059211;0;7;0;0;9;6;10;A01
201400059212;0;7;0;0;9;1;15;A01
201400059212;0;31;0;0;2;1;0;B01
201400059213;0;7;0;0;9;1;15;A01
201400059213;0;2;0;0;2;1;18;B01
201400059214;0;7;0;0;1;1;1;A01
201400059215;0;7;0;0;1;1;0;A01
201400059216;0;2;0;0;2;0;1;B01
201400059216;0;13;0;0;9;0;14;A01
201400059217;0;7;0;0;1;1;0;A01
201400059218;0;30;0;0;1;1;1;A01
201400059219;0;7;0;0;9;8;15;A01
201400059219;0;33;0;0;2;2;17;B01
201400059220;0;2;0;0;1;1;2;A01
201400059221;0;7;0;0;9;1;0;A01
201400059221;0;1;0;0;2;1;1;B01
201400059222;1;7;0;0;0;0;0;Z01
201400059222;0;2;0;0;2;4;0;B01
201400059223;0;2;0;0;2;2;17;A01
201400059223;0;7;0;0;9;7;15;B01
201400059224;0;7;0;0;9;7;15;A01
201400059224;0;1;0;0;2;1;1;B01
201400059225;0;7;0;0;1;2;1;A01
201400059226;0;2;0;0;2;1;1;B01
201400059226;0;13;0;0;0;2;15;A01
201400059227;0;7;0;0;2;3;22;B01
201400059227;0;2;0;1;0;1;0;A01
201400059228;0;1;0;0;2;7;1;B01
201400059228;1;10;0;0;9;1;0;Z01
201400059229;0;7;0;0;2;3;15;A01
201400059229;0;33;0;0;2;2;17;B01
201400059230;0;1;0;0;2;1;5;A01
201400059230;0;2;0;0;9;1;1;B01
201400059231;0;2;0;6;2;1;19;B01
201400059231;0;7;0;6;2;1;1;A01
201400059232;0;7;0;0;1;1;1;A01
201400059233;0;7;0;0;2;1;0;A01
201400059233;0;7;0;0;2;3;0;B01
201400059234;0;7;0;6;0;1;0;A01
201400059235;0;10;0;0;2;1;0;A01
201400059235;0;2;0;0;2;8;0;B01
201400059236;0;1;0;1;2;1;2;B01
201400059236;0;7;0;0;2;1;2;A01
201400059237;0;7;0;0;2;7;1;A01
201400059237;0;2;0;0;2;9;15;B01
201400059238;1;7;0;8;1;6;7;A01
201400059239;0;2;0;0;2;8;19;B01
201400059239;0;2;0;0;2;1;1;A01
201400059240;0;7;0;0;2;7;15;A01
201400059240;0;2;0;0;2;1;1;B01
201400059241;0;7;0;0;9;2;11;A01
201400059241;0;2;0;0;0;2;11;B01
201400059242;0;2;0;12;0;1;0;A01
201400059243;0;2;0;0;2;1;1;B01
201400059243;0;7;0;0;9;2;15;A01
201400059244;0;33;0;0;0;2;2;B01
201400059244;0;7;0;0;2;6;10;A01
201400059245;0;2;0;0;0;0;1;B01
201400059245;0;34;0;0;0;7;15;A01
201400059246;0;2;0;1;2;4;1;B01
201400059246;0;7;0;0;2;4;1;A01
201400059247;0;30;0;0;0;1;0;A01
201400059248;0;2;0;1;0;8;0;A01
201400059248;0;7;0;0;0;3;24;B01
201400059249;0;7;0;15;0;9;0;A01
201400059250;0;2;0;0;2;1;1;B01
201400059250;0;7;0;1;2;3;0;A01
201400059251;0;2;0;0;2;1;1;B01
201400059251;0;7;0;0;2;3;16;A01
201400059252;0;1;0;0;0;1;10;A01
201400059252;0;30;0;0;0;1;0;B01
201400059253;0;2;0;0;2;1;1;A01
201400059253;0;7;0;0;9;4;2;B01
201400059254;0;2;0;0;1;1;18;A01
201400059255;0;7;0;0;9;3;0;B01
201400059255;0;1;0;0;2;8;0;A01
201400059256;0;7;0;0;2;1;15;A01
201400059256;0;7;0;0;2;3;1;B01
201400059257;0;7;0;8;0;9;0;A01
201400059258;0;32;0;3;0;0;0;A01
201400059259;0;37;1;0;1;1;1;A01
201400059260;0;7;0;0;2;2;1;A01
201400059260;0;2;0;0;2;7;15;B01
201400059261;0;7;0;0;2;1;1;B01
201400059261;0;2;0;0;2;1;18;A01
201400059262;0;2;0;0;2;1;12;A01
201400059262;0;7;0;0;9;1;1;B01
201400059263;0;14;0;0;1;1;16;A01
201400059264;0;7;0;0;0;9;0;A01
201400059265;0;30;0;0;1;1;1;A01
201400059266;0;30;0;0;2;1;0;A01
201400059266;0;7;0;0;2;3;0;B01
201400059267;0;30;0;0;2;1;18;A01
201400059267;0;7;0;0;2;2;15;B01
201400059268;0;7;0;0;1;0;1;A01
201400059269;0;1;0;12;2;8;1;B01
201400059269;0;7;0;0;2;3;9;A01
201400059270;0;3;0;0;2;3;1;A01
201400059270;0;30;0;0;2;3;2;B01
201400059271;0;31;0;6;2;7;1;B01
201400059271;0;7;0;0;2;1;16;A01
201400059272;0;30;0;0;0;7;12;A01
201400059272;0;7;0;0;2;3;0;B01
201400059273;0;7;0;0;0;0;0;A01
201400059273;0;32;0;0;2;8;0;B01
201400059274;1;7;0;0;1;1;0;Z01
201400059275;0;7;0;0;2;3;2;A01
201400059275;0;30;0;0;2;4;2;B01
201400059276;0;7;0;0;2;2;1;A01
201400059276;0;33;0;0;2;1;1;B01
201400059277;0;7;0;0;1;1;0;A01
201400059278;0;7;0;0;1;0;16;A01
201400059279;0;1;0;0;2;1;13;B01
201400059279;0;7;0;0;2;3;23;A01
201400059280;0;7;0;0;0;3;21;B01
201400059280;0;30;0;0;2;1;9;A01
201400059281;0;7;0;0;2;7;1;A01
201400059281;0;2;0;0;2;8;1;B01
201400059282;2;1;0;0;2;6;0;Z01
201400059282;0;30;0;0;9;8;0;B01
201400059283;0;7;0;0;9;3;15;A01
201400059283;0;33;0;0;2;1;1;B01
201400059284;0;33;0;0;9;1;1;B01
201400059284;0;99;0;0;9;1;23;D01
201400059284;0;30;0;0;9;1;5;A01
201400059284;0;7;0;0;9;6;23;C01
201400059285;0;2;0;0;2;1;1;A01
201400059285;0;2;0;0;2;4;1;B01
201400059286;0;2;0;0;2;1;1;B01
201400059286;0;7;0;0;9;3;15;A01
201400059287;0;7;0;0;1;1;20;A01
201400059288;0;7;0;0;2;7;16;A01
201400059288;0;2;0;0;2;3;2;B01
201400059289;1;7;0;0;0;0;0;Z01
201400059289;0;30;0;0;2;0;0;B01
201400059290;0;7;0;0;2;1;15;B01
201400059290;0;33;0;0;2;3;1;A01
201400059291;0;7;0;0;1;1;1;A01
201400059292;0;2;0;0;2;7;17;B01
201400059292;0;7;0;0;9;3;15;A01
201400059293;0;2;0;0;2;1;1;B01
201400059293;0;10;0;0;2;3;15;A01
201400059294;0;2;0;0;2;1;1;A01
201400059294;1;7;0;0;2;1;0;Z01
201400059295;0;2;0;0;2;1;13;A01
201400059295;0;7;0;0;0;1;0;B01
201400059296;0;10;0;0;2;1;16;A01
201400059296;0;30;0;0;2;1;1;B01
201400059297;0;7;0;0;0;3;1;A01
201400059297;0;30;0;0;0;6;1;B01
201400059298;0;7;0;0;0;1;0;A01
201400059298;0;30;0;0;0;1;1;B01
201400059299;0;2;0;0;2;1;13;B01
201400059299;0;7;0;0;2;1;23;C01
201400059299;0;7;0;0;2;1;15;A01
201400059300;0;7;0;0;2;1;1;B01
201400059300;0;7;0;0;2;7;9;A01
201400059301;0;7;0;0;1;1;0;A01
201400059302;0;10;0;0;1;4;4;A01
201400059303;0;7;0;0;2;2;15;A01
201400059303;0;2;0;0;2;1;1;B01
201400059304;0;7;0;0;2;1;16;B01
201400059304;0;7;0;7;2;1;1;A01
201400059305;0;32;0;0;2;1;1;A01
201400059305;0;7;0;0;0;1;1;B01
201400059306;0;7;0;0;0;7;15;A01
201400059306;0;30;0;0;0;1;1;B01
201400059307;0;2;0;0;1;1;1;A01
201400059308;0;7;0;0;0;0;0;A01
201400059308;0;2;0;0;0;0;0;B01
201400059309;0;30;0;0;2;1;17;B01
201400059309;0;7;0;0;0;8;19;A01
201400059310;0;7;0;0;0;1;19;A01
201400059310;0;1;0;0;0;8;1;B01
201400059311;0;7;0;0;0;1;2;A01
201400059311;0;1;0;0;0;4;2;B01
201400059312;0;7;0;0;2;1;2;A01
201400059312;0;7;0;0;2;4;2;B01
201400059313;0;2;0;0;1;1;17;A01
201400059314;0;7;0;0;2;1;13;A01
201400059314;0;7;0;0;2;1;2;B01
201400059315;0;7;0;0;2;4;2;B01
201400059315;0;2;0;0;0;0;0;A01
201400059316;0;10;0;0;2;7;0;A01
201400059316;0;2;0;0;2;3;0;B01
201400059317;0;30;0;0;0;1;0;B01
201400059317;0;7;0;0;0;8;0;A01
201400059318;0;7;0;0;2;0;2;C01
201400059318;0;7;0;0;2;3;0;B01
201400059318;0;7;0;0;2;2;3;A01
201400059319;0;2;0;0;2;2;13;B01
201400059319;0;7;0;0;0;5;9;A01
201400059320;0;30;0;0;5;0;1;A01
201400059321;0;7;0;0;9;6;0;A01
201400059321;0;1;0;0;2;8;0;B01
201400059322;0;7;0;0;2;1;1;C01
201400059322;0;7;0;0;2;9;1;B01
201400059322;0;7;0;0;2;2;9;A01
201400059323;0;7;0;0;2;1;2;B01
201400059323;0;7;0;0;2;1;2;A01
201400059323;0;7;0;0;0;0;0;C01
201400059324;0;2;0;0;9;0;0;A01
201400059324;0;1;0;0;9;0;0;B01
201400059325;0;7;0;0;9;4;2;B01
201400059325;0;2;0;0;2;1;1;A01
201400059326;0;31;0;0;2;1;17;A01
201400059326;0;7;0;0;2;0;15;B01
201400059327;0;33;0;0;2;3;1;B01
201400059327;0;7;0;0;2;1;1;A01
201400059328;0;2;0;14;0;1;1;A01
201400059329;0;7;0;1;1;1;2;A01
201400059330;0;7;0;0;1;2;1;A01
201400059331;1;2;0;0;2;1;1;B01
201400059331;0;7;0;0;2;1;1;A01
201400059332;0;7;0;0;1;2;2;A01
201400059333;0;7;0;0;1;1;2;A01
201400059334;0;7;0;0;1;1;2;A01
201400059334;0;7;0;0;2;1;2;B01
201400059335;0;7;0;6;0;1;2;A01
201400059336;0;7;0;0;1;1;1;A01
201400059337;0;7;0;0;2;4;1;B01
201400059337;1;31;0;0;2;1;2;A01
201400059338;0;34;0;0;2;1;0;B01
201400059338;0;7;0;0;9;7;1;A01
201400059339;0;33;0;0;2;1;1;A01
201400059339;0;7;0;0;2;4;1;B01
201400059340;0;7;0;0;0;0;9;A01
201400059340;0;33;0;0;0;0;2;Y01
201400059341;1;7;0;0;1;8;17;Z01
201400059342;0;7;0;0;1;3;9;A01
201400059343;0;7;0;0;2;8;15;A01
201400059343;0;30;0;0;2;2;13;Z01
201400059344;0;7;0;0;2;1;1;B01
201400059344;0;7;0;0;2;1;1;A01
201400059345;0;32;0;0;0;7;10;A01
201400059346;0;10;0;0;1;1;1;A01
201400059347;0;7;0;0;2;2;1;A01
201400059347;0;7;0;0;2;3;1;B01
201400059348;0;30;0;0;2;1;1;A01
201400059348;0;7;0;0;2;1;1;B01
201400059349;0;2;0;0;2;1;17;A01
201400059349;0;7;0;0;2;1;1;B01
201400059350;0;7;0;0;1;2;1;A01
201400059351;0;7;0;0;2;4;2;A01
201400059351;0;31;0;0;2;2;2;B01
201400059352;0;10;0;0;9;4;21;A01
201400059352;0;1;0;0;2;4;1;B01
201400059353;0;10;0;0;2;1;17;A01
201400059353;0;10;0;0;2;1;1;B01
201400059354;0;10;0;0;0;9;1;A01
201400059355;0;2;0;0;2;8;1;B01
201400059355;0;7;0;0;2;1;9;A01
201400059356;0;7;0;0;1;1;1;A01
201400059357;0;7;0;0;2;0;0;B01
201400059357;0;7;0;0;2;1;0;A01
201400059358;0;7;0;0;0;4;1;B01
201400059358;0;32;0;0;2;1;2;A01
201400059359;0;1;0;0;2;1;5;A01
201400059359;0;10;0;0;2;1;1;B01
201400059360;0;7;0;0;2;4;2;B01
201400059360;0;7;0;0;2;1;2;A01
201400059361;0;7;0;0;2;1;5;A01
201400059361;0;38;0;0;2;1;1;B01
201400059362;0;7;0;1;0;1;1;A01
201400059363;0;7;0;0;2;4;2;B01
201400059363;0;30;0;0;2;1;2;A01
201400059364;0;33;0;0;2;1;1;A01
201400059364;0;7;0;0;2;1;2;B01
201400059365;0;7;0;0;2;1;1;A01
201400059365;0;7;0;0;2;7;1;B01
201400059366;0;7;0;0;1;0;1;A01
201400059367;0;7;0;0;0;0;0;A01
201400059367;0;7;0;0;0;3;5;B01
201400059368;0;30;0;0;1;1;1;A01
201400059369;0;7;0;0;1;1;1;A01
201400059370;0;33;0;0;2;1;2;A01
201400059370;0;7;0;0;0;4;2;B01
201400059371;0;7;0;0;2;1;1;B01
201400059371;0;2;0;0;2;1;11;A01
201400059372;0;17;0;0;2;3;1;B01
201400059372;0;7;0;0;2;5;12;A01
201400059373;0;7;0;0;2;1;2;A01
201400059373;0;33;0;0;0;4;2;B01
201400059374;0;7;0;0;2;1;2;A01
201400059374;0;7;0;0;2;1;2;B01
201400059374;0;7;0;0;2;5;2;C01
201400059375;0;7;0;0;9;4;2;A01
201400059375;0;7;0;0;2;4;24;C01
201400059375;0;2;0;0;2;0;2;B01
201400059376;0;7;0;0;2;2;11;A01
201400059376;0;2;0;0;2;1;1;B01
201400059377;0;7;0;0;9;8;0;A01
201400059377;0;1;0;0;2;0;1;B01
201400059378;0;7;0;2;0;1;1;A01
201400059379;0;7;0;2;0;1;1;A01
201400059380;0;10;0;0;2;1;1;C01
201400059380;0;7;0;1;0;1;1;A01
201400059381;0;7;0;0;2;3;1;A01
201400059381;0;1;0;0;2;1;1;B01
201400059382;0;33;0;0;2;1;1;B01
201400059382;1;7;0;0;2;7;15;A01
201400059383;1;30;0;0;2;0;0;A01
201400059383;0;7;0;0;2;0;0;B01
201400059384;0;33;0;0;0;0;1;A01
201400059385;0;7;0;14;1;1;17;A01
201400059386;0;7;0;0;2;1;1;A01
201400059386;0;1;0;0;2;4;2;B01
201400059387;0;1;0;0;2;4;5;A01
201400059387;0;2;0;0;2;1;1;B01
201400059388;0;10;0;0;2;2;0;A01
201400059388;0;1;0;0;2;1;2;B01
201400059389;0;7;0;0;2;1;1;A01
201400059389;0;1;0;0;2;1;1;B01
201400059390;0;7;0;0;2;2;2;B01
201400059390;0;31;0;0;2;3;2;A01
201400059391;0;7;0;0;2;1;2;A01
201400059391;0;1;0;0;2;4;2;B01
201400059392;0;7;0;0;2;4;2;B01
201400059392;1;2;0;1;0;1;1;A01
201400059393;0;7;0;0;2;4;23;A01
201400059393;0;7;0;0;2;1;2;B01
201400059394;0;1;0;0;2;3;2;A01
201400059394;0;37;1;0;2;2;2;B01
201400059395;0;31;0;0;2;1;1;B01
201400059395;0;7;0;0;2;2;1;A01
201400059396;0;31;0;0;2;1;1;B01
201400059396;0;7;0;0;2;1;1;A01
201400059397;0;33;0;0;2;1;1;B01
201400059397;0;7;0;0;2;1;10;A01
201400059398;0;7;0;0;2;3;1;A01
201400059398;0;1;0;0;2;3;1;B01
201400059399;0;13;0;8;0;1;1;A01
201400059400;1;99;0;0;1;0;0;A01
201400059401;0;7;0;0;2;1;2;A01
201400059401;0;7;0;0;2;4;2;B01
201400059402;0;30;0;0;0;0;1;A01
201400059403;0;7;0;0;2;1;1;A01
201400059403;0;7;0;0;2;1;1;B01
201400059404;0;7;0;0;2;2;15;A01
201400059404;0;31;0;0;2;1;1;B01
201400059405;0;33;0;0;2;1;2;A01
201400059405;0;7;0;0;2;4;15;B01
201400059406;0;7;0;0;9;4;2;A01
201400059406;0;33;0;0;2;1;2;C01
201400059406;0;33;0;0;2;1;2;B01
201400059406;1;99;0;0;2;2;0;Z01
201400059407;0;7;0;0;1;1;1;A01
201400059408;0;7;0;0;2;4;2;B01
201400059408;0;7;0;1;0;1;2;A01
201400059409;0;7;0;0;0;9;0;A01
201400059410;0;33;0;3;0;1;1;A01
201400059411;0;7;0;0;2;3;2;A01
201400059411;0;33;0;0;2;2;2;B01
201400059412;0;7;0;0;2;6;1;B01
201400059412;0;33;0;0;2;6;1;A01
201400059413;0;1;0;0;2;3;1;B01
201400059413;0;7;0;0;0;3;11;A01
201400059414;0;33;0;0;2;3;1;B01
201400059414;0;7;0;0;2;2;12;A01
201400059415;0;7;0;8;0;1;1;A01
201400059416;0;7;0;0;2;1;1;B01
201400059416;0;7;0;0;2;7;19;A01
201400059417;0;2;0;0;0;0;1;A01
201400059418;0;33;0;0;0;7;1;A01
201400059419;0;7;0;0;1;0;0;A01
201400059420;0;7;0;0;2;1;19;B01
201400059420;0;7;0;0;2;6;1;A01
201400059421;0;7;0;0;2;1;1;B01
201400059421;0;7;0;0;2;4;23;A01
201400059421;0;7;0;0;2;1;1;C01
201400059422;0;33;0;0;2;1;17;A01
201400059422;0;7;0;0;2;4;11;B01
201400059423;0;7;0;0;2;2;15;A01
201400059423;0;2;0;0;2;1;1;B01
201400059424;0;30;0;0;0;1;1;A01
201400059425;1;30;0;0;1;1;1;A01
201400059426;1;2;0;0;2;1;2;Z01
201400059426;0;1;0;0;2;4;2;B01
201400059427;0;7;0;0;2;8;15;B01
201400059427;0;7;0;0;2;1;17;A01
201400059428;0;7;0;0;1;1;0;A01
201400059429;0;7;0;0;2;3;1;B01
201400059429;0;7;0;0;2;6;13;A01
201400059430;0;1;0;0;2;7;0;B01
201400059430;0;7;0;0;9;1;0;A01
201400059431;0;7;0;0;0;1;17;A01
201400059432;0;1;0;0;2;1;1;A01
201400059432;0;7;0;0;9;1;15;B01
201400059433;1;7;0;0;9;1;2;B01
201400059433;0;1;0;0;2;4;2;A01
201400059434;0;7;0;0;1;3;1;A01
201400059435;0;7;0;0;0;4;0;B01
201400059435;0;30;0;0;2;1;0;A01
201400059436;0;7;0;0;9;9;2;B01
201400059436;0;35;0;0;2;3;2;A01
201400059437;0;7;0;0;2;1;0;A01
201400059437;0;7;0;0;2;4;0;B01
201400059438;0;1;0;0;2;4;0;B01
201400059438;0;7;0;0;9;1;0;A01
201400059439;0;10;0;0;0;9;0;A01
201400059440;0;7;0;0;9;5;12;A01
201400059440;0;1;0;0;2;3;0;B01
201400059441;0;30;0;0;0;0;0;A01
201400059442;0;7;0;0;1;2;0;A01
201400059443;0;30;0;0;9;1;0;A01
201400059444;0;7;0;0;5;2;0;A01
201400059445;0;7;0;0;2;0;17;A01
201400059446;1;7;0;0;1;1;0;A01
201400059447;0;7;0;0;2;0;0;B01
201400059447;0;7;0;0;2;1;0;A01
201400059448;0;7;0;0;9;5;0;A01
201400059448;0;1;0;0;2;3;0;B01
201400059449;0;7;0;0;0;1;0;A01
201400059450;0;7;0;0;9;8;0;B01
201400059450;0;30;0;0;2;1;0;A01
201400059451;0;7;0;0;0;1;0;A01
201400059452;0;7;0;0;0;9;0;A01
201400059453;0;7;0;6;0;3;1;A01
201400059454;0;2;0;0;2;2;0;A01
201400059454;0;7;0;0;9;2;0;B01
201400059455;0;7;0;0;1;1;0;A01
201400059456;0;7;0;8;0;1;1;A01
201400059457;0;7;0;0;2;3;0;A01
201400059457;0;7;0;0;2;1;0;B01