num_acc;senc;catv;occutc;obs;obsm;choc;manv;num_veh
201400059458;0;7;0;0;2;1;0;A01
201400059458;0;7;0;0;2;2;2;B01
201400059459;0;7;0;0;2;1;1;A01
201400059459;0;1;0;0;2;1;1;B01
201400059460;0;7;0;0;2;2;1;B01
201400059460;0;7;0;0;2;2;17;A01
201400059460;0;7;0;0;2;3;1;D01
201400059460;0;7;0;0;2;1;14;C01
201400059461;0;7;0;0;1;1;1;A01
201400059462;0;7;0;0;2;1;2;A01
201400059462;0;7;0;0;2;4;2;B01
201400059463;0;30;0;0;0;0;0;A01
201400059464;0;30;0;0;2;1;1;B01
201400059464;0;7;0;0;9;3;15;A01
201400059465;0;2;0;0;2;1;9;A01
201400059465;0;7;0;0;2;2;1;B01
201400059466;0;7;0;0;2;2;1;B01
201400059466;0;2;0;0;2;1;1;A01
201400059467;0;7;0;0;2;4;1;B01
201400059467;0;33;0;0;2;2;18;A01
201400059468;0;7;0;0;2;1;13;A01
201400059468;0;7;0;0;2;1;23;B01
201400059469;0;7;0;0;2;8;1;B01
201400059469;0;7;0;0;2;8;9;A01
201400059470;0;33;0;0;2;1;1;B01
201400059470;0;7;0;0;2;5;15;A01
201400059471;0;30;0;0;0;0;0;A01
201400059472;0;30;0;0;2;1;2;A01
201400059472;0;7;0;0;2;4;2;B01
201400059473;0;7;0;0;2;1;0;A01
201400059473;0;7;0;0;0;4;0;B01
201400059474;0;7;0;0;1;1;0;A01
201400059475;0;7;0;14;0;0;0;A01
201400059476;0;7;0;0;0;5;0;A01
201400059477;0;7;0;0;2;1;13;A01
201400059477;0;30;0;0;2;1;0;B01
201400059478;0;7;0;0;2;0;1;A01
201400059478;0;1;0;0;2;0;0;B01
201400059479;0;7;0;0;0;6;0;A01
201400059479;0;2;0;0;2;1;0;B01
201400059480;0;7;0;0;0;0;1;A01
201400059481;0;7;0;13;0;0;1;A01
201400059482;0;30;0;0;2;0;1;B01
201400059482;1;99;0;0;9;0;0;A01
201400059483;0;7;0;0;1;0;0;A01
201400059484;0;7;0;0;1;1;1;A01
201400059485;0;30;0;0;2;0;14;B01
201400059485;0;7;0;0;0;3;1;A01
201400059486;0;7;0;0;0;0;0;A01
201400059487;0;7;0;0;2;1;1;B01
201400059487;0;7;0;0;2;3;0;A01
201400059488;0;7;0;0;1;1;1;A01
201400059489;0;33;0;0;2;1;1;B01
201400059489;0;7;0;0;2;3;15;A01
201400059490;0;30;0;0;2;7;1;B01
201400059490;0;7;0;0;2;8;20;A01
201400059491;0;7;0;0;2;1;1;B01
201400059491;0;7;0;0;2;1;1;A01
201400059492;0;7;0;0;0;0;0;A01
201400059493;0;7;0;0;2;3;1;B01
201400059493;0;7;0;0;2;3;15;A01
201400059494;0;7;0;0;0;9;0;A01
201400059495;0;7;0;0;2;8;12;B01
201400059495;0;7;0;0;2;7;1;A01
201400059496;0;7;0;0;0;9;0;A01
201400059497;0;7;0;0;0;0;0;A01
201400059498;0;7;0;0;0;0;0;A01
201400059499;0;7;0;0;2;0;5;A01
201400059499;0;7;0;0;2;0;9;B01
201400059500;0;1;0;0;2;0;0;B01
201400059500;0;7;0;0;9;0;0;A01
201400059501;0;7;0;0;1;1;17;A01
201400059502;0;1;0;0;2;0;13;B01
201400059502;0;13;0;0;0;0;0;A01
201400059503;0;1;0;0;2;1;0;B01
201400059503;0;7;0;0;9;2;1;A01
201400059504;0;1;0;0;2;0;1;B01
201400059504;0;7;0;0;0;0;9;A01
201400059505;0;7;0;0;0;6;15;A01
201400059505;0;30;0;0;2;1;17;B01
201400059506;0;1;0;0;2;1;0;B01
201400059506;0;7;0;0;9;3;9;A01
201400059507;0;10;0;0;0;4;1;B01
201400059507;0;7;0;0;2;1;1;A01
201400059508;0;7;0;0;0;0;15;B01
201400059508;0;2;0;0;2;0;17;A01
201400059509;0;30;0;0;0;0;0;A01
201400059510;0;7;0;0;1;0;1;A01
201400059511;0;7;0;0;2;4;23;B01
201400059511;0;7;0;0;0;4;10;C01
201400059511;0;7;0;0;2;1;1;A01
201400059512;0;2;0;0;2;0;1;B01
201400059512;0;7;0;0;9;0;15;A01
201400059513;0;7;0;0;0;0;0;A01
201400059514;0;7;0;1;0;1;0;A01
201400059515;0;7;0;0;2;1;1;A01
201400059515;0;7;0;0;0;4;0;B01
201400059516;0;7;0;0;9;3;9;A01
201400059516;0;1;0;0;2;4;1;B01
201400059517;0;7;0;0;0;0;0;A01
201400059517;0;7;0;0;0;0;0;B01
201400059517;0;7;0;0;2;0;0;C01
201400059518;0;7;0;0;2;1;1;B01
201400059518;0;7;0;0;2;1;0;A01
201400059519;0;7;0;0;0;0;0;A01
201400059520;1;7;0;0;1;0;0;A01
201400059521;0;7;0;0;2;7;0;A01
201400059521;0;7;0;0;2;1;1;B01
201400059522;0;2;0;0;0;0;0;A01
201400059523;0;2;0;0;2;1;0;A01
201400059523;0;7;0;0;9;1;0;B01
201400059524;0;30;0;0;9;4;0;B01
201400059524;0;30;0;0;9;1;0;A01
201400059525;0;30;0;0;2;1;17;A01
201400059525;0;7;0;0;2;3;15;B01
201400059526;0;17;0;0;0;2;16;B01
201400059526;0;7;0;0;2;1;18;A01
201400059527;0;7;0;16;0;0;0;A01
201400059528;0;7;0;0;1;1;1;A01
201400059529;0;32;0;0;2;0;0;B01
201400059529;0;32;0;0;2;0;0;A01
201400059530;0;7;0;1;1;2;0;A01
201400059531;0;7;0;0;1;6;0;A01
201400059532;0;7;0;0;2;1;0;A01
201400059532;0;7;0;0;2;5;0;B01
201400059533;0;30;0;0;2;1;0;A01
201400059533;0;7;0;0;2;3;0;B01
201400059534;0;7;0;0;1;0;4;A01
201400059535;0;7;0;0;1;8;0;A01
201400059536;0;7;0;0;1;1;0;A01
201400059537;0;7;0;0;2;0;0;A01
201400059537;0;7;0;0;2;0;0;B01
201400059538;0;7;0;8;0;2;1;A01
201400059539;0;7;0;0;2;4;0;B01
201400059539;0;1;0;0;2;1;2;A01
201400059540;0;33;0;14;1;0;0;A01
201400059540;0;37;0;0;2;2;23;B01
201400059541;0;7;0;0;2;2;0;B01
201400059541;0;2;0;0;2;1;0;A01
201400059542;0;7;0;0;1;7;1;A01
201400059543;0;7;0;0;2;7;0;A01
201400059543;0;7;0;0;2;1;0;B01
201400059544;0;7;0;0;1;1;0;A01
201400059545;0;33;0;0;0;0;0;B01
201400059545;0;7;0;0;2;1;9;A01
201400059546;0;7;0;0;2;1;1;A01
201400059546;0;2;0;0;2;4;1;B01
201400059546;0;2;0;0;2;4;1;C01
201400059547;0;7;0;0;2;1;1;A01
201400059547;0;7;0;0;2;4;1;C01
201400059547;0;7;0;0;2;9;1;B01
201400059548;0;7;0;0;1;1;5;A01
201400059549;0;30;0;0;2;1;1;A01
201400059549;0;7;0;0;2;1;15;B01
201400059550;0;7;0;0;9;6;0;B01
201400059550;0;33;0;0;2;1;1;A01
201400059551;0;30;0;0;2;7;1;B01
201400059551;0;7;0;0;2;1;15;A01
201400059552;0;37;1;1;1;2;15;A01
201400059553;0;30;0;0;2;7;1;A01
201400059553;0;7;0;0;2;1;1;B01
201400059554;0;7;0;0;1;3;2;A01
201400059555;0;33;0;2;2;1;2;A01
201400059555;0;31;0;0;0;6;2;B01
201400059556;0;33;0;0;2;1;1;B01
201400059556;1;7;0;0;2;1;1;A01
201400059557;0;7;0;0;0;1;0;A01
201400059557;0;7;0;0;0;1;0;B01
201400059558;0;7;0;0;2;2;1;B01
201400059558;0;7;0;0;2;3;1;A01
201400059559;0;2;0;0;0;9;1;A01
201400059560;1;7;0;0;1;0;0;A01
201400059561;0;7;0;0;1;7;0;A01
201400059562;0;33;0;0;2;1;0;A01
201400059562;0;10;0;0;2;2;1;B01
201400059563;0;7;0;0;2;4;1;B01
201400059563;0;7;0;0;2;1;1;A01
201400059564;0;1;0;0;2;1;1;B01
201400059564;0;30;0;0;2;1;1;A01
201400059565;0;30;0;0;1;1;1;A01
201400059566;1;10;0;0;1;0;0;A01
201400059567;0;7;0;0;1;8;1;A01
201400059568;0;2;0;0;2;1;1;A01
201400059568;0;38;1;0;2;3;15;B01
201400059569;0;1;0;0;2;1;1;B01
201400059569;0;7;0;0;9;3;0;A01
201400059570;0;32;0;0;2;1;1;B01
201400059570;0;7;0;0;0;1;1;A01
201400059571;0;7;0;0;1;0;15;A01
201400059572;0;7;0;0;0;5;2;B01
201400059572;0;30;0;0;2;1;2;A01
201400059573;0;32;0;0;2;1;1;B01
201400059573;0;7;0;0;2;6;10;A01
201400059574;0;7;0;0;1;0;0;A01
201400059575;0;7;0;0;2;7;0;B01
201400059575;0;30;0;0;2;1;0;A01
201400059576;0;7;0;0;1;0;0;A01
201400059577;0;7;0;0;2;6;1;B01
201400059577;0;7;0;0;2;1;1;A01
201400059578;0;7;0;0;0;6;1;B01
201400059578;0;2;0;0;2;1;7;A01
201400059579;0;7;0;1;1;1;2;A01
201400059579;0;7;0;0;0;4;24;B01
201400059580;0;7;0;0;0;6;15;A01
201400059580;0;1;0;0;2;1;1;Y01
201400059581;0;7;0;0;2;2;1;A01
201400059581;0;1;0;0;2;8;1;B01
201400059582;0;33;0;0;2;7;2;B01
201400059582;0;7;0;0;2;8;2;A01
201400059583;0;30;0;0;2;1;2;A01
201400059583;0;7;0;0;0;4;2;B01
201400059584;0;10;0;0;1;1;1;A01
201400059585;0;7;0;0;1;3;1;A01
201400059586;0;7;0;0;1;0;0;A01
201400059587;0;7;0;0;1;1;16;A01
201400059588;0;7;0;0;0;6;1;B01
201400059588;0;33;0;0;2;7;11;A01
201400059589;0;7;0;0;0;4;2;A01
201400059589;0;33;0;0;2;1;2;B01
201400059590;0;1;0;0;2;5;3;A01
201400059590;0;7;0;0;9;2;0;B01
201400059591;0;7;0;0;0;6;2;B01
201400059591;0;33;0;0;2;1;17;A01
201400059591;0;7;0;0;2;1;0;C01
201400059592;1;7;0;0;1;1;1;A01
201400059593;0;30;0;0;0;0;0;B01
201400059593;0;7;0;0;0;0;0;A01
201400059594;0;7;0;0;2;6;0;B01
201400059594;0;99;0;0;2;8;17;A01
201400059595;0;7;0;0;1;1;2;A01
201400059596;0;30;0;0;2;8;19;A01
201400059596;0;10;0;0;2;1;7;B01
201400059597;0;33;0;0;2;1;15;B01
201400059597;0;7;0;0;2;3;15;A01
201400059598;0;7;0;0;2;1;1;B01
201400059598;0;33;0;0;2;1;1;A01
201400059599;0;7;0;0;1;1;1;A01
201400059600;0;2;0;0;1;1;2;A01
201400059601;0;7;0;0;2;4;2;C01
201400059601;0;7;0;0;2;1;2;A01
201400059601;0;7;0;0;2;4;2;B01
201400059602;0;7;0;2;1;1;0;A01
201400059603;0;7;0;0;0;1;1;A01
201400059603;0;33;0;0;2;7;1;B01
201400059604;0;33;0;0;2;1;2;B01
201400059604;0;3;0;0;2;8;15;A01
201400059605;1;7;0;0;0;4;23;B01
201400059605;0;31;0;0;2;1;17;A01
201400059606;0;33;0;12;0;3;1;A01
201400059607;0;7;0;0;0;7;14;A01
201400059608;0;7;0;0;0;7;14;A01
201400059609;0;1;0;0;2;4;16;B01
201400059609;0;7;0;0;2;2;1;A01
201400059610;0;7;0;0;0;9;1;A01
201400059611;0;7;0;0;2;1;1;A01
201400059611;0;7;0;0;2;4;2;B01
201400059611;0;10;0;0;2;4;2;C01
201400059612;0;7;0;0;2;4;2;B01
201400059612;0;10;0;0;2;2;1;A01
201400059613;0;33;0;0;2;3;1;A01
201400059613;0;7;0;0;2;5;1;B01
201400059614;0;7;0;0;2;1;2;E01
201400059614;0;7;0;0;2;1;1;A01
201400059614;0;7;0;0;2;1;2;C01
201400059614;0;7;0;0;2;1;2;F02
201400059614;0;10;0;0;2;4;2;B01
201400059614;0;7;0;0;2;1;2;D01
201400059615;0;2;0;0;2;8;1;B01
201400059615;0;7;0;0;2;3;15;A01
201400059616;0;13;0;0;2;3;1;B01
201400059616;0;7;0;0;2;3;13;A01
201400059617;0;7;0;0;2;8;24;A01
201400059617;0;30;0;1;0;1;21;B01
201400059618;0;7;0;0;2;8;21;B01
201400059618;0;10;0;0;2;1;21;A01
201400059619;0;7;0;0;2;1;1;B01
201400059619;0;30;0;0;2;1;5;A01
201400059620;0;7;0;0;1;3;21;A01
201400059621;0;7;0;0;1;1;21;A01
201400059622;0;33;0;0;2;1;2;A01
201400059622;0;7;0;0;2;4;1;B01
201400059623;0;33;0;0;0;3;14;A01
201400059624;0;7;0;0;2;2;14;A01
201400059624;0;7;0;0;2;3;1;B01
201400059625;0;10;0;0;2;6;2;B01
201400059625;0;2;0;0;2;2;17;A01
201400059626;0;2;0;0;0;1;1;A01
201400059627;0;33;0;0;2;1;2;A01
201400059627;0;7;0;0;2;4;2;B01
201400059628;0;34;0;0;0;8;14;A01
201400059629;0;7;0;0;2;1;15;A01
201400059629;0;33;0;0;2;1;5;B01
201400059630;0;7;0;6;0;1;14;A01
201400059631;0;7;0;0;2;7;14;A01
201400059631;0;1;0;0;2;8;1;B01
201400059632;0;1;0;0;2;1;1;B01
201400059632;0;10;0;0;2;2;15;A01
201400059633;0;2;0;0;0;1;14;A01
201400059634;0;7;0;4;0;9;0;A01
201400059635;0;7;0;0;2;2;19;A01
201400059635;0;7;0;0;2;1;2;C01
201400059635;0;2;0;0;2;1;1;B01
201400059636;0;2;0;0;2;1;2;A01
201400059636;0;7;0;0;2;4;2;B01
201400059637;0;32;0;0;1;4;2;B01
201400059637;0;7;0;0;2;2;2;A01
201400059638;0;7;0;0;2;2;16;B01
201400059638;0;33;0;0;2;1;18;A01
201400059639;0;7;0;0;0;0;14;A01
201400059640;0;7;0;0;1;1;1;A01
201400059641;0;7;0;0;2;1;2;A01
201400059641;0;10;0;0;2;4;2;B01
201400059642;0;30;0;0;2;3;18;A01
201400059642;0;7;0;0;2;2;16;B01
201400059643;0;7;0;0;2;7;22;A01
201400059643;0;1;0;0;2;1;18;B01
201400059644;0;7;0;0;2;1;1;B01
201400059644;0;7;0;0;2;8;15;A01
201400059645;0;1;0;0;2;4;1;B01
201400059645;0;21;0;0;2;2;14;A01
201400059646;0;7;0;0;1;1;1;A01
201400059647;0;2;0;0;0;1;14;A01
201400059648;0;7;0;0;1;1;1;A01
201400059649;0;13;0;0;2;1;2;A01
201400059649;0;7;0;0;2;4;2;B01
201400059650;0;35;0;0;2;1;13;A01
201400059650;0;10;0;0;2;3;23;B01
201400059651;0;2;0;0;0;1;14;A01
201400059652;0;10;0;0;2;4;2;C01
201400059652;0;33;0;0;2;4;2;B01
201400059652;0;7;0;0;2;1;2;A01
201400059653;0;33;0;0;2;1;1;A01
201400059653;0;7;0;0;2;4;2;B01
201400059654;0;10;0;0;2;1;2;A01
201400059654;0;7;0;0;2;4;2;B01
201400059655;0;7;0;0;2;2;15;A01
201400059655;0;1;0;0;2;1;1;B01
201400059656;0;7;0;0;2;7;15;A01
201400059656;0;2;0;0;2;1;1;B01
201400059657;0;7;0;0;0;1;14;A01
201400059658;0;7;0;0;1;1;1;A01
201400059659;0;7;0;0;2;1;1;A01
201400059659;0;32;0;0;2;1;5;B01
201400059660;0;7;0;0;1;4;4;A01
201400059661;0;7;0;0;2;7;15;A01
201400059661;0;2;0;0;2;1;1;B01
201400059662;0;1;0;0;2;1;2;B01
201400059662;0;7;0;0;2;4;2;A01
201400059663;0;10;0;0;1;1;16;A01
201400059664;0;2;0;0;1;1;1;A01
201400059665;0;7;0;3;0;2;14;A01
201400059666;0;7;0;0;2;1;2;A01
201400059666;0;7;0;0;2;6;2;B01
201400059667;0;7;0;0;2;4;2;B01
201400059667;0;2;0;0;2;1;2;A01
201400059668;0;10;0;0;2;3;9;A01
201400059668;0;31;0;0;2;7;1;B01
201400059669;0;7;0;0;0;9;13;A01
201400059670;0;7;0;4;0;1;13;A01
201400059671;0;2;0;0;2;1;2;A01
201400059671;0;7;0;0;2;4;2;B01
201400059672;0;7;0;3;0;2;14;A01
201400059673;0;7;0;0;1;1;1;A01
201400059674;0;2;0;13;0;0;14;A01
201400059675;0;33;0;0;0;8;13;A01
201400059676;0;7;0;0;1;1;1;A01
201400059677;0;2;0;0;1;1;1;A01
201400059678;0;7;0;0;0;9;14;A01
201400059679;0;7;0;0;1;1;1;A01
201400059680;1;99;0;0;1;2;0;A01
201400059681;0;7;0;0;1;1;1;A01
201400059682;0;10;0;0;2;8;15;B01
201400059682;0;33;0;0;2;2;17;A01
201400059683;0;30;0;0;1;1;1;A01
201400059684;0;7;0;3;0;1;14;A01
201400059685;0;7;0;3;0;1;13;A01
201400059686;0;10;0;0;2;4;2;B01
201400059686;0;7;0;0;2;1;2;A01
201400059687;1;2;0;16;0;0;0;A01
201400059688;0;7;0;6;0;7;14;A01
201400059689;0;7;0;0;1;7;4;A01
201400059690;0;1;0;0;1;1;1;A01
201400059691;0;7;0;0;2;8;15;A01
201400059691;0;32;0;0;2;8;17;B01
201400059692;0;7;0;0;2;4;2;B01
201400059692;0;32;0;0;2;1;2;A01
201400059693;0;7;0;0;0;9;1;A01
201400059694;0;2;0;0;2;1;16;A01
201400059694;0;7;0;0;2;2;1;B01
201400059695;0;33;0;0;0;1;1;A01
201400059696;0;7;0;3;0;1;14;A01
201400059697;0;1;0;0;2;1;17;B01
201400059697;0;13;0;0;2;8;15;A01
201400059698;0;7;0;0;2;1;2;A01
201400059698;0;7;0;0;2;4;2;C01
201400059698;0;7;0;0;2;4;2;B01
201400059699;0;2;0;2;0;1;14;A01
201400059700;0;7;0;0;2;2;15;A01
201400059700;0;30;0;0;2;1;1;B01
201400059701;0;33;0;0;0;0;1;A01
201400059702;0;7;0;0;1;1;1;A01
201400059703;0;7;0;0;2;7;1;B01
201400059703;0;2;0;0;2;1;16;A01
201400059704;0;7;0;0;0;1;14;A01
201400059705;0;33;0;0;0;0;21;A01
201400059706;0;2;0;0;0;0;1;A01
201400059707;1;2;0;0;0;0;14;A01
201400059708;0;2;0;0;0;0;14;A01
201400059709;0;10;0;0;2;1;2;A01
201400059709;0;7;0;0;2;4;2;B01
201400059710;0;7;0;0;2;1;16;A01
201400059710;0;10;0;0;2;2;1;B01
201400059711;0;10;0;0;2;2;1;B01
201400059711;0;1;0;0;2;4;19;A01
201400059712;0;33;0;0;0;7;14;A01
201400059713;0;7;0;0;5;9;21;A01
201400059714;0;1;0;0;0;0;14;A01
201400059715;0;7;0;0;0;9;13;A01
201400059716;0;1;0;0;0;0;1;A01
201400059717;0;33;0;0;2;1;1;B01
201400059717;0;7;0;0;2;2;15;A01
201400059718;1;7;0;0;1;4;4;A01
201400059718;0;7;0;0;2;1;24;B01
201400059719;1;10;0;0;2;3;13;A01
201400059719;0;33;0;0;2;8;1;B01
201400059720;0;7;0;0;1;1;1;A01
201400059721;0;2;0;0;2;4;15;B01
201400059721;0;33;0;0;2;8;2;A01
201400059722;0;7;0;0;0;9;14;A01
201400059723;0;7;0;0;1;1;1;A01
201400059724;0;1;0;0;1;1;1;A01
201400059725;0;7;0;0;2;3;1;B01
201400059725;0;7;0;0;2;3;15;A01
201400059726;0;7;0;0;2;3;13;A01
201400059726;0;7;0;0;2;3;21;B01
201400059727;0;7;0;0;2;8;15;A01
201400059727;0;1;0;0;2;1;17;B01
201400059728;0;7;0;0;0;7;14;A01
201400059729;0;7;0;0;1;1;1;A01
201400059730;0;10;0;0;2;3;1;B01
201400059730;0;7;0;0;2;3;17;A01
201400059731;0;30;0;0;2;1;1;B01
201400059731;0;7;0;0;2;1;15;A01
201400059732;1;7;0;0;1;1;1;A01
201400059733;0;7;0;3;0;9;13;A01
201400059734;0;7;0;0;1;1;1;A01
201400059735;0;2;0;0;0;7;14;A01
201400059736;0;2;0;0;0;7;14;A01
201400059737;0;7;0;0;0;0;14;A01
201400059738;0;7;0;0;2;1;2;A01
201400059738;0;7;0;0;2;4;2;B01
201400059739;0;7;0;0;2;8;1;C01
201400059739;0;7;0;0;2;6;18;A01
201400059739;0;7;0;0;2;2;1;B01
201400059740;0;2;0;0;2;3;21;B01
201400059740;0;7;0;0;2;3;21;A01
201400059741;0;7;0;4;0;2;14;A01
201400059742;0;2;0;13;0;8;14;A01
201400059743;0;7;0;0;1;1;1;A01
201400059744;0;2;0;0;2;1;2;B01
201400059744;0;7;0;0;2;4;15;A01
201400059745;0;7;0;13;0;8;14;A01
201400059746;0;7;0;0;2;1;2;C01
201400059746;0;7;0;0;2;4;1;A01
201400059746;0;7;0;0;2;4;2;B01
201400059747;0;15;0;0;2;3;5;B01
201400059747;0;7;0;0;2;3;13;A01
201400059748;0;7;0;0;0;9;14;A01
201400059749;0;7;0;0;2;4;1;A01
201400059749;1;7;0;0;2;1;2;B01
201400059750;0;7;0;0;1;2;1;A01
201400059751;0;7;0;0;2;7;23;B01
201400059751;0;32;0;0;2;2;16;A01
201400059752;0;33;0;0;2;1;21;B01
201400059752;0;7;0;0;2;7;15;A01
201400059753;0;10;0;0;0;2;1;B01
201400059753;0;1;0;0;2;1;16;A01
201400059754;1;7;0;0;2;5;17;B01
201400059754;0;30;0;0;2;1;1;A01
201400059755;0;30;0;0;2;1;17;A01
201400059755;0;10;0;0;2;8;15;B01
201400059756;0;30;0;15;0;1;14;A01
201400059757;0;7;0;0;1;1;1;A01
201400059758;0;7;0;0;2;9;21;A01
201400059759;0;7;0;0;2;4;1;B01
201400059759;0;7;0;0;2;1;2;A01
201400059760;0;7;0;0;2;4;2;B01
201400059760;0;7;0;0;2;1;2;D01
201400059760;0;7;0;0;2;4;2;C01
201400059760;0;7;0;0;2;4;15;A01
201400059761;0;7;0;0;2;1;1;A01
201400059761;1;1;0;0;2;1;13;B01
201400059762;0;7;0;0;1;1;1;A01
201400059763;0;1;0;0;2;7;1;B01
201400059763;0;7;0;0;2;1;9;A01
201400059764;1;7;0;0;1;1;1;A01
201400059765;0;7;0;4;2;1;2;B01
201400059765;0;7;0;0;0;1;13;A01
201400059765;0;7;0;4;2;1;2;C01
201400059766;0;7;0;0;2;1;2;A01
201400059766;0;7;0;4;2;4;2;B01
201400059767;1;7;0;0;2;4;9;B01
201400059767;0;1;0;0;2;1;21;A01
201400059768;0;10;0;0;1;1;1;A01
201400059769;0;33;0;0;0;7;14;A01
201400059770;0;2;0;0;0;0;14;A01
201400059771;0;30;0;0;0;0;14;A01
201400059772;0;2;0;0;1;1;1;A01
201400059773;0;7;0;0;0;1;13;A01
201400059774;1;21;0;0;2;0;1;B01
201400059774;0;33;0;0;2;0;17;A01
201400059775;0;7;0;0;1;1;1;A01
201400059776;0;2;0;0;2;1;17;A01
201400059776;0;7;0;0;2;3;15;B01
201400059777;0;7;0;0;1;1;1;A01
201400059778;0;7;0;0;1;1;1;A01
201400059779;0;32;0;0;1;1;1;A01
201400059780;0;33;0;0;0;0;14;A01
201400059781;0;7;0;0;2;4;2;B01
201400059781;0;7;0;0;0;9;13;A01
201400059782;0;7;0;0;1;3;1;A01
201400059783;0;2;0;8;0;1;6;A01
201400059784;0;33;0;0;2;1;13;A01
201400059784;0;10;0;0;2;3;21;B01
201400059785;1;99;0;0;2;0;14;B01
201400059785;0;33;0;0;2;7;21;A01
201400059786;0;7;0;0;1;2;1;A01
201400059787;0;2;0;0;0;0;14;A01
201400059788;0;2;0;0;2;1;2;A01
201400059788;0;10;0;0;2;4;2;B01
201400059789;0;2;0;0;0;0;14;A01
201400059790;0;7;0;0;2;1;2;C01
201400059790;0;7;0;0;2;1;2;B01
201400059790;0;7;0;0;2;4;2;A01
201400059791;0;7;0;0;1;1;1;A01
201400059792;0;7;0;6;0;1;1;A01
201400059793;0;10;0;0;2;4;24;C01
201400059793;0;2;0;0;2;3;17;A01
201400059793;0;7;0;0;2;3;1;B01
201400059794;0;2;0;0;1;1;21;A01
201400059795;0;7;0;0;2;1;2;A01
201400059795;0;7;0;0;2;6;2;B01
201400059796;0;7;0;0;0;0;14;A01
201400059797;0;33;0;0;0;0;14;A01
201400059798;0;7;0;0;2;8;15;B01
201400059798;0;7;0;0;2;1;2;A01
201400059799;0;7;0;0;2;5;1;B01
201400059799;0;33;0;0;2;1;9;A01
201400059800;0;33;0;0;2;1;2;A01
201400059800;0;7;0;0;2;0;15;B01
201400059801;0;33;0;0;2;1;17;A01
201400059801;0;7;0;0;2;8;15;B01
201400059802;0;2;0;0;0;0;14;A01
201400059803;0;30;0;0;2;4;2;B01
201400059803;1;7;0;0;2;1;2;A01
201400059804;0;33;0;0;2;3;17;A01
201400059804;0;7;0;0;2;8;5;B01
201400059805;0;7;0;0;0;0;14;A01
201400059806;0;30;0;0;0;0;14;A01
201400059807;0;32;0;0;0;7;14;A01
201400059808;0;7;0;4;0;3;13;A01
201400059809;0;2;0;0;2;8;17;B01
201400059809;0;7;0;0;2;8;11;A01
201400059810;0;7;0;0;0;9;14;A01
201400059811;0;7;0;0;2;1;15;A01
201400059811;0;1;0;0;2;1;17;B01
201400059812;0;33;0;0;0;7;1;A01
201400059813;0;7;0;0;1;1;16;A01
201400059814;0;21;0;0;2;8;15;B01
201400059814;0;33;0;0;2;1;17;A01
201400059815;0;33;0;0;0;0;5;B01
201400059815;0;7;0;0;2;1;5;A01
201400059816;0;2;0;0;1;1;21;A01
201400059817;0;7;0;0;2;3;11;A01
201400059817;0;7;0;4;2;5;13;B01
201400059818;0;7;0;0;2;4;2;B01
201400059818;0;10;0;0;2;1;2;A01
201400059818;0;7;0;0;2;4;2;C01
201400059819;0;31;0;0;2;7;1;B01
201400059819;0;7;0;0;2;1;1;A01
201400059820;0;7;0;14;0;1;1;A01
201400059821;0;7;0;0;0;9;14;A01
201400059822;0;16;0;0;0;7;14;A01
201400059823;1;2;0;16;0;0;14;A01
201400059824;0;7;0;4;0;9;21;A01
201400059825;0;7;0;0;2;1;21;B01
201400059825;0;7;0;0;2;1;21;A01
201400059826;1;7;0;0;2;4;15;B01
201400059826;0;33;0;0;2;1;2;A01
201400059827;0;7;0;0;1;1;1;A01
201400059828;0;7;0;16;0;0;14;A01
201400059829;0;7;0;0;2;7;1;B01
201400059829;0;7;0;0;2;1;9;A01
201400059830;0;10;0;0;0;7;21;A01
201400059831;0;2;0;0;2;1;17;B01
201400059831;0;7;0;0;2;8;15;A01
201400059832;0;7;0;0;2;1;2;B01
201400059832;0;7;0;0;2;4;1;A01
201400059833;0;2;0;8;2;1;21;A01
201400059834;0;2;0;0;2;1;9;A01
201400059834;0;7;0;0;2;1;1;B01
201400059835;0;7;0;3;5;1;21;A01
201400059836;0;33;0;14;0;1;21;A01
201400059837;0;7;0;3;0;3;13;A01
201400059838;0;10;0;0;2;1;5;A01
201400059838;0;7;0;0;2;1;21;B01
201400059839;0;7;0;0;2;0;10;A01
201400059839;0;7;0;0;2;0;1;B01
201400059840;0;7;0;0;2;1;2;A01
201400059840;0;7;0;0;2;4;2;B01
201400059841;0;7;0;0;1;1;1;A01
201400059842;0;7;0;0;2;1;21;B01
201400059842;0;7;0;0;2;1;1;A01
201400059843;0;10;0;0;2;4;9;A01
201400059843;0;2;0;0;2;1;21;B01
201400059844;0;7;0;0;2;2;21;B01
201400059844;0;7;0;0;2;2;1;A01
201400059845;0;7;0;0;2;1;0;A01
201400059845;0;1;0;0;2;4;2;B01
201400059846;0;2;0;0;0;1;14;A01
201400059847;0;10;0;0;2;4;2;B01
201400059847;0;7;0;0;2;1;2;A01
201400059848;0;2;0;0;0;1;14;A01
201400059849;0;33;0;0;2;1;1;A01
201400059849;0;1;0;0;2;0;19;B01
201400059850;0;7;0;0;0;9;14;A01
201400059851;0;2;0;0;0;0;14;A01
201400059852;0;33;0;0;0;0;14;A01
201400059853;0;7;0;0;0;9;13;A01
201400059854;0;7;0;0;2;1;2;A01
201400059854;0;7;0;0;2;4;2;B01
201400059854;0;7;0;0;2;3;14;C01